115.3055648803711,466.818115234375,3090.904541015625,-45.29618453979492,478.4796142578125,3072.414306640625,-173.6502685546875,484.4783935546875,3055.696044921875,-369.23980712890625,506.6517639160156,3068.236328125,-337.0609436035156,488.8160705566406,3093.323486328125,-372.2513122558594,429.22515869140625,3203.2216796875,-399.735107421875,231.0931396484375,3354.941162109375,-430.1471252441406,22.67843437194824,3361.228271484375,-419.9541320800781,-24.423898696899418,3288.216552734375,-354.2889099121094,-2.7581379413604736,3218.533935546875,-405.0439758300781,71.44345092773438,3240.1416015625,-336.53717041015625,518.7586669921875,3040.020751953125,-395.0975036621094,568.4400024414062,2948.4921875,-531.463623046875,605.0300903320312,2735.177001953125,-657.4287719726562,599.4322509765625,2563.032470703125,-739.956298828125,597.6063232421875,2517.662109375,-809.8588256835938,580.530029296875,2453.37451171875,-737.9376220703125,613.17822265625,2492.32080078125,104.13919830322266,425.4016418457031,3161.77294921875,332.8515930175781,176.6544952392578,3027.243408203125,518.7254028320312,464.4236450195313,3086.063232421875,675.1126708984375,484.23876953125,3021.8916015625,125.37476348876952,504.1651611328125,3026.999267578125,317.0692443847656,196.76052856445312,3054.453369140625,495.1461486816406,499.5207824707031,3054.413818359375,649.4292602539062,523.3153686523438,3042.10546875,-443.4064636230469,504.3560791015625,3066.962890625,-529.83203125,399.9931945800781,3121.287841796875,-522.7438354492188,441.4381408691406,3149.886962890625,-439.2570495605469,520.0277709960938,3160.770751953125,-550.940673828125,440.8734436035156,3111.66552734375,-530.7449340820312,535.2097778320312,3041.939208984375
110.261962890625,475.43170166015625,3105.775146484375,-53.43522262573242,484.8113098144531,3084.02197265625,-184.1175079345703,486.9725646972656,3063.958740234375,-382.545166015625,518.119140625,3077.015625,-350.0832824707031,500.64898681640625,3103.5869140625,-381.9447021484375,446.2919616699219,3220.185302734375,-410.6694030761719,241.28192138671875,3371.131103515625,-442.5468444824219,28.722644805908203,3364.73291015625,-420.9464111328125,-19.72222900390625,3292.924560546875,-353.2186584472656,-4.117233753204346,3220.777587890625,-405.3596801757813,71.11407470703125,3240.955810546875,-349.1083679199219,526.9904174804688,3047.037109375,-396.2090148925781,570.9256591796875,2943.514404296875,-532.695068359375,616.9760131835938,2725.805908203125,-673.4039306640625,603.62744140625,2560.157470703125,-752.5353393554688,610.0386352539062,2505.964599609375,-819.60009765625,597.6686401367188,2434.93310546875,-750.2950439453125,618.093017578125,2484.427978515625,98.1771469116211,437.6309814453125,3180.416748046875,316.10137939453125,174.0270538330078,3036.26806640625,504.6294250488281,470.0174865722656,3087.906494140625,666.786376953125,466.3566284179687,3025.79296875,121.15937042236328,509.5182800292969,3038.46728515625,310.2786560058594,192.844482421875,3076.04638671875,492.2091064453125,501.2798767089844,3060.2451171875,649.8588256835938,518.9054565429688,3040.9677734375,-458.2759704589844,518.583740234375,3076.65771484375,-539.5458984375,435.8275146484375,3170.14990234375,-533.7655029296875,486.0358276367187,3181.920654296875,-452.5208129882813,568.0989990234375,3160.041748046875,-563.4189453125,470.34967041015625,3146.931396484375,-549.490234375,535.2922973632812,3045.227294921875
100.23645782470705,479.92633056640625,3109.083251953125,-64.04423522949219,488.8546447753906,3088.66259765625,-195.08680725097656,489.3619079589844,3068.81884765625,-395.2274169921875,508.9631652832031,3084.9931640625,-361.424072265625,492.6003112792969,3110.7646484375,-381.5146789550781,433.47454833984375,3228.012451171875,-406.85833740234375,233.83901977539065,3387.532958984375,-439.633544921875,21.356821060180664,3372.362060546875,-423.57867431640625,-20.52959632873535,3294.93701171875,-355.49774169921875,-3.925340175628662,3223.02294921875,-407.5057678222656,68.68199157714844,3247.699951171875,-362.6493835449219,520.5368041992188,3054.828857421875,-406.0980529785156,561.5933227539062,2948.239501953125,-532.7081909179688,625.6148071289062,2728.391357421875,-676.6213989257812,610.1475219726562,2565.03173828125,-760.7278442382812,613.3782348632812,2518.145751953125,-840.2553100585938,602.8331298828125,2460.654052734375,-755.58203125,626.7755737304688,2489.040771484375,88.88236999511719,440.17584228515625,3183.0458984375,315.10906982421875,170.8979034423828,3061.77392578125,503.7705383300781,471.4588928222656,3083.531494140625,666.4246215820312,465.1701354980469,3021.802978515625,110.47494506835938,515.7711181640625,3042.3876953125,298.6869201660156,197.46104431152344,3079.174072265625,496.79547119140625,497.13909912109375,3074.392333984375,649.6385498046875,504.37945556640625,3027.055908203125,-471.0390625,505.1618347167969,3085.498046875,-565.343994140625,434.5040283203125,3177.210693359375,-553.924560546875,483.9835815429687,3188.467041015625,-462.36419677734375,555.3634643554688,3168.48095703125,-584.0269775390625,471.2773132324219,3152.510009765625,-558.5389404296875,532.1973266601562,3050.221923828125
97.12267303466795,478.854248046875,3115.937255859375,-66.38838958740234,486.6694030761719,3089.34130859375,-196.7088623046875,486.7528381347656,3064.9453125,-397.1184997558594,501.3009948730469,3083.791259765625,-362.5545654296875,485.8475341796875,3109.140380859375,-389.7815551757813,428.3018798828125,3225.785888671875,-411.073486328125,232.56509399414065,3390.782470703125,-436.39459228515625,18.64396095275879,3381.7001953125,-426.14404296875,-19.42021369934082,3301.334716796875,-359.1839904785156,-5.238930702209473,3227.818115234375,-409.5664367675781,65.77286529541016,3255.184326171875,-365.24224853515625,513.6431274414062,3053.160888671875,-416.8293762207031,561.0543823242188,2952.97998046875,-536.375244140625,634.7898559570312,2732.112548828125,-676.7644653320312,610.7846069335938,2566.62890625,-761.41943359375,615.775390625,2520.8271484375,-844.9888305664062,611.477783203125,2468.427734375,-753.9566650390625,635.3366088867188,2489.6630859375,83.21400451660156,440.2468872070313,3190.10302734375,291.9503479003906,159.76571655273438,3062.614990234375,509.9837036132813,414.2355651855469,3181.77587890625,679.8468627929688,376.4474182128906,3174.9716796875,109.66474151611328,513.6681518554688,3049.058349609375,291.4969177246094,195.34474182128903,3110.72802734375,493.55267333984375,489.0384521484375,3065.060546875,651.9365234375,481.7913208007813,3041.945556640625,-472.8220825195313,495.57415771484375,3085.324951171875,-580.404052734375,456.209716796875,3181.186767578125,-558.9866943359375,503.19866943359375,3187.556640625,-454.3967590332031,551.5654296875,3162.87353515625,-590.8576049804688,493.18115234375,3152.257080078125,-552.5662231445312,536.151611328125,3044.918212890625
92.98282623291016,489.7746887207031,3114.407958984375,-73.77098846435547,495.9635009765625,3092.164306640625,-206.127685546875,489.9124755859375,3068.54736328125,-409.9537963867187,505.0911865234375,3082.4345703125,-375.66656494140625,488.4718627929687,3108.6513671875,-400.0394287109375,425.3387756347656,3225.337646484375,-420.8670043945313,232.41476440429688,3399.525634765625,-444.9054260253906,15.826180458068848,3379.282958984375,-427.89984130859375,-18.600387573242188,3296.932373046875,-355.8852844238281,-5.931155681610107,3225.87353515625,-409.4591674804687,66.32744598388672,3253.746826171875,-376.6886596679687,518.3858642578125,3052.646484375,-428.4020690917969,563.9593505859375,2949.456787109375,-541.6569213867188,650.6923217773438,2725.3076171875,-685.9295654296875,609.8209838867188,2562.10986328125,-769.912109375,607.5918579101562,2511.976806640625,-868.4306640625,624.1001586914062,2503.868896484375,-761.0740356445312,629.886962890625,2478.71337890625,81.47882843017578,449.04052734375,3189.316162109375,293.397705078125,151.826171875,3092.07666015625,499.62347412109375,447.9544067382813,3102.79296875,658.9789428710938,456.2510681152344,3026.7265625,103.35649871826172,526.5064086914062,3046.85986328125,273.9277038574219,196.94293212890625,3115.328125,495.790771484375,484.5531311035156,3081.4228515625,657.7107543945312,478.4026184082031,3067.4091796875,-486.83502197265625,499.6080627441406,3081.673828125,-596.8898315429688,445.9811401367187,3171.1328125,-577.0198974609375,493.40625,3183.19677734375,-472.08349609375,548.3338623046875,3166.436767578125,-608.1077880859375,486.0519714355469,3145.60107421875,-568.1693725585938,542.2545166015625,3042.97998046875
97.76399230957033,501.11138916015625,3108.77978515625,-75.65985107421875,497.66217041015625,3092.523193359375,-214.0122985839844,491.1324768066406,3077.87353515625,-425.9681091308594,487.4259033203125,3080.876953125,-390.5404357910156,470.9828796386719,3108.545166015625,-402.7114562988281,392.4395446777344,3223.306396484375,-405.2704772949219,206.59950256347656,3418.95751953125,-429.8053894042969,-13.631254196166992,3372.102783203125,-426.0037536621094,-37.04726028442383,3281.111572265625,-353.6744079589844,4.8891119956970215,3216.73828125,-409.1472473144531,66.12138366699219,3253.727294921875,-391.3641357421875,506.7546997070313,3053.4228515625,-446.1227111816406,563.98486328125,2952.33447265625,-535.59912109375,674.8782348632812,2717.173828125,-689.5504760742188,607.8317260742188,2560.93798828125,-778.1348266601562,611.667236328125,2512.059814453125,-877.5439453125,624.9732055664062,2485.638916015625,-772.4248046875,631.1520385742188,2480.240478515625,90.87835693359376,465.02825927734375,3189.890869140625,468.4130554199219,480.4775085449219,3089.581787109375,719.7733154296875,701.87060546875,2924.07470703125,866.8131713867188,772.3284912109375,2841.1123046875,103.97306823730467,533.649169921875,3035.63818359375,251.18145751953125,187.9473876953125,3142.0537109375,488.2566528320313,475.80718994140625,3083.114501953125,654.1976928710938,495.1759643554687,3062.650634765625,-504.5447998046875,475.0671997070313,3074.863525390625,-625.1188354492188,449.58837890625,3172.001953125,-586.2703857421875,484.06884765625,3189.0146484375,-465.38763427734375,498.3886413574219,3166.479248046875,-621.1931762695312,496.6112060546875,3153.945556640625,-567.0507202148438,554.22900390625,3053.352783203125
74.78106689453125,497.9367980957031,3117.853759765625,-90.08937072753906,501.7410583496094,3088.728271484375,-221.62350463867188,500.5628967285156,3063.796630859375,-425.19573974609375,491.314697265625,3065.906005859375,-390.8892517089844,478.3393249511719,3093.68359375,-415.5343322753906,413.5277099609375,3208.567138671875,-418.3758239746094,225.28958129882812,3387.020751953125,-420.8385314941406,7.982850074768066,3373.923583984375,-421.2168884277344,-33.49599075317383,3293.61474609375,-359.8171691894531,2.907927989959717,3221.5546875,-408.65277099609375,67.86136627197266,3250.83935546875,-392.2940673828125,509.0168151855469,3038.47998046875,-447.19970703125,565.3346557617188,2943.333984375,-542.9888916015625,670.5093994140625,2720.578125,-689.8348388671875,616.7803344726562,2565.153076171875,-774.2645874023438,606.0673217773438,2517.944580078125,-871.0215454101562,618.0855712890625,2538.760498046875,-771.0242919921875,629.355224609375,2487.731201171875,60.23162460327149,466.4497985839844,3196.10107421875,387.7158203125,313.6332092285156,3093.05859375,612.7432861328125,584.31640625,3164.282470703125,784.588623046875,554.430908203125,3141.921630859375,87.90093994140625,526.3300170898438,3047.29443359375,253.32778930664065,208.11146545410156,3158.126708984375,484.0867004394531,477.6149597167969,3081.80029296875,636.2583618164062,448.503173828125,3035.181640625,-500.3160095214844,476.8916320800781,3060.570556640625,-614.83544921875,430.8734130859375,3147.28369140625,-580.550537109375,464.4302673339844,3168.706787109375,-465.65435791015625,490.2825622558594,3151.64208984375,-614.621337890625,478.1455383300781,3136.15380859375,-566.255615234375,549.9796752929688,3048.823974609375
69.38396453857422,502.3794860839844,3123.308349609375,-94.19725799560548,506.9046630859375,3091.7822265625,-224.59169006347656,504.8769226074219,3064.51220703125,-426.9577941894531,492.2658996582031,3068.755126953125,-392.34661865234375,480.54742431640625,3096.34326171875,-412.3600158691406,418.9780578613281,3213.135009765625,-417.7057800292969,229.3835296630859,3388.236328125,-417.6268005371094,12.904167175292969,3379.45751953125,-419.06878662109375,-30.152456283569336,3300.495849609375,-361.9356384277344,2.1299962997436523,3223.80322265625,-409.0286254882813,66.42230987548828,3253.594482421875,-394.7781677246094,509.8353576660156,3040.7724609375,-445.8707885742187,564.9183959960938,2943.577880859375,-548.4140014648438,665.4017333984375,2723.195556640625,-693.1511840820312,618.1766967773438,2565.217041015625,-782.09326171875,605.7542724609375,2528.954345703125,-876.9322509765625,623.9556274414062,2551.704833984375,-778.41845703125,628.6951293945312,2491.27099609375,53.48575210571289,472.6737976074219,3201.536376953125,341.1092224121094,244.9451904296875,3129.00927734375,559.430908203125,503.8395385742187,3243.19677734375,726.1725463867188,454.08831787109375,3261.80615234375,83.72007751464844,529.1663818359375,3052.766845703125,245.9670867919922,213.27328491210935,3168.673828125,481.36663818359375,474.87835693359375,3087.552001953125,629.9557495117188,438.2528991699219,3037.520751953125,-501.4997863769531,476.5262145996094,3064.47705078125,-614.2830810546875,445.4381408691406,3158.522216796875,-578.5724487304688,480.015869140625,3174.734619140625,-464.0398864746094,499.6281127929687,3151.907470703125,-612.9612426757812,490.7469177246094,3141.7568359375,-565.1919555664062,549.4553833007812,3045.576416015625
71.20621490478516,516.5367431640625,3126.817626953125,-91.4713897705078,516.9859619140625,3096.84814453125,-220.88002014160156,509.8654479980469,3070.56884765625,-421.72314453125,498.0809631347656,3063.9462890625,-388.9928588867187,487.0732116699219,3093.490966796875,-420.89886474609375,431.6005859375,3209.56298828125,-438.451171875,238.4713134765625,3377.02197265625,-436.7931518554687,23.42888641357422,3377.253173828125,-419.5593872070313,-25.28960609436035,3304.447021484375,-360.118408203125,-0.1938901841640472,3227.802490234375,-408.58984375,67.04783630371094,3252.342529296875,-388.2130432128906,514.6802368164062,3037.53955078125,-443.0569152832031,563.4053344726562,2940.142578125,-556.4691162109375,653.0756225585938,2722.76318359375,-700.6154174804688,622.198486328125,2562.4736328125,-791.904296875,605.9130859375,2537.12841796875,-885.4006958007812,624.5883178710938,2561.77294921875,-783.7818603515625,635.977294921875,2484.46875,56.55176544189453,490.7179565429687,3205.9765625,228.4685516357422,166.30807495117188,3151.367919921875,453.0872802734375,436.8938293457031,3104.78564453125,599.3265991210938,389.9855346679687,3023.63818359375,84.42076873779297,539.8187866210938,3055.4365234375,240.95925903320312,228.3550567626953,3181.804931640625,483.3829345703125,473.9832153320313,3084.855712890625,627.2919311523438,425.1417541503906,3035.413330078125,-495.4327392578125,482.5784606933594,3056.00927734375,-607.4002685546875,429.09368896484375,3138.473876953125,-572.5556640625,459.1155700683594,3162.51171875,-459.0573120117187,484.8793640136719,3146.069580078125,-606.6700439453125,476.73583984375,3132.9189453125,-559.6229858398438,556.5064086914062,3054.300048828125
80.42940521240234,521.1219482421875,3125.676513671875,-85.81150817871094,521.5241088867188,3100.467529296875,-217.43557739257812,507.6236267089844,3076.994873046875,-421.6286010742187,496.5498352050781,3069.930908203125,-388.5123596191406,486.001220703125,3100.361572265625,-423.21728515625,433.8773193359375,3219.652587890625,-456.3218994140625,240.1007537841797,3390.491455078125,-453.120849609375,21.822824478149418,3379.20361328125,-422.7422790527344,-21.304962158203125,3305.357177734375,-356.97039794921875,-1.6453545093536377,3230.134033203125,-409.9677429199219,65.73606872558594,3255.389404296875,-387.393310546875,512.5092163085938,3042.75244140625,-443.3412170410156,559.3424072265625,2942.55908203125,-560.6204223632812,660.8518676757812,2727.2373046875,-703.302978515625,617.2536010742188,2563.709716796875,-796.2024536132812,603.2608032226562,2536.8349609375,-889.1178588867188,621.0397338867188,2569.555419921875,-793.9432983398438,631.3828125,2493.809814453125,67.8648681640625,500.7325439453125,3208.2080078125,231.58050537109375,162.6690673828125,3172.59619140625,454.9231567382813,436.3665466308594,3100.278564453125,609.8353271484375,389.8174133300781,3029.501953125,91.75940704345705,539.5079345703125,3051.25439453125,228.88449096679688,222.5536346435547,3202.213134765625,475.955078125,460.9757690429687,3080.216796875,618.4205932617188,403.0104064941406,3027.947021484375,-496.611572265625,480.976806640625,3062.05029296875,-612.3650512695312,429.8087158203125,3145.2275390625,-577.8827514648438,461.8000183105469,3169.1083984375,-462.2800598144531,488.1428527832031,3154.37060546875,-611.818359375,477.9039611816406,3137.2158203125,-562.3346557617188,555.3724365234375,3054.76513671875
133.09202575683594,518.700927734375,3102.275634765625,-44.16087341308594,521.247802734375,3096.032470703125,-185.7914276123047,517.2056274414062,3090.216064453125,-400.4117126464844,495.402587890625,3082.62744140625,-365.0673522949219,486.4120178222656,3114.952392578125,-404.67669677734375,424.5296325683594,3236.619873046875,-444.33056640625,231.11248779296875,3427.690185546875,-441.6032104492187,1.9825994968414309,3401.796875,-427.49371337890625,-29.972896575927734,3312.656982421875,-360.10504150390625,-2.4610328674316406,3233.638427734375,-413.398193359375,59.77055740356445,3269.408935546875,-365.0534973144531,513.452392578125,3053.74951171875,-433.8659362792969,555.0982666015625,2950.66015625,-547.6347045898438,671.3859252929688,2722.827392578125,-706.4749145507812,614.16259765625,2561.49365234375,-804.615234375,602.3410034179688,2532.2490234375,-896.92431640625,632.6216430664062,2573.64404296875,-809.2613525390625,612.7689819335938,2503.602294921875,129.7545166015625,506.474609375,3192.04345703125,492.4317626953125,499.79443359375,3028.174072265625,746.0870971679688,753.6669921875,2902.033447265625,925.36474609375,799.9238891601562,2881.69091796875,136.10162353515625,529.7259521484375,3021.32763671875,222.4466552734375,200.0431365966797,3226.134033203125,488.294921875,430.4715270996094,3071.24169921875,637.7084350585938,365.48388671875,3018.133056640625,-478.6471862792969,475.1851501464844,3074.45458984375,-597.1748657226562,421.1766052246094,3166.97216796875,-561.4917602539062,457.2009887695313,3189.906005859375,-440.8660278320313,488.28173828125,3170.659423828125,-598.47900390625,471.47760009765625,3156.284912109375,-550.7359619140625,550.9138793945312,3064.740478515625
138.8936767578125,514.6976928710938,3095.24658203125,-39.707332611083984,515.9268188476562,3097.385986328125,-182.4938201904297,515.9597778320312,3099.0732421875,-398.6985168457031,496.4916076660156,3087.959716796875,-363.80224609375,487.583740234375,3121.292724609375,-405.7345275878906,426.9212036132813,3243.9541015625,-447.1013793945313,231.05967712402344,3434.93603515625,-436.9918212890625,0.2420097589492797,3411.618896484375,-426.02197265625,-32.666168212890625,3321.668212890625,-363.4711608886719,-4.104394435882568,3238.150634765625,-414.8806457519531,56.62384033203125,3276.455078125,-362.3635864257813,513.7190551757812,3059.20849609375,-430.2346496582031,554.456298828125,2953.993408203125,-549.5491943359375,673.67333984375,2728.11279296875,-707.3964233398438,616.03955078125,2563.615966796875,-804.6470947265625,602.576904296875,2529.906494140625,-895.3643798828125,632.0337524414062,2576.9189453125,-809.4047241210938,612.0375366210938,2504.093994140625,139.97157287597656,512.492431640625,3186.50390625,504.38226318359375,552.630859375,3024.5048828125,763.4729614257812,811.3231811523438,2911.902587890625,949.9255981445312,806.319091796875,2892.155517578125,137.9217071533203,516.6862182617188,3012.95556640625,220.8070526123047,202.41439819335935,3246.766845703125,487.791015625,413.8997192382813,3062.84912109375,639.6547241210938,350.8315734863281,3010.5126953125,-477.5689697265625,476.946533203125,3078.68115234375,-600.05029296875,427.6986389160156,3170.635009765625,-564.121337890625,464.2143249511719,3193.352294921875,-441.7243957519531,492.9581604003906,3175.969482421875,-600.2819213867188,477.95404052734375,3158.08544921875,-548.6600341796875,553.9070434570312,3064.41748046875
107.55389404296876,514.2382202148438,3140.187255859375,-60.5909309387207,518.1929321289062,3108.384033203125,-194.8386688232422,513.8780517578125,3082.21044921875,-402.4680786132813,500.511474609375,3072.15478515625,-369.1327819824219,490.7507934570313,3103.857421875,-408.7432556152344,438.1542663574219,3224.175537109375,-447.1726379394531,247.697021484375,3404.58349609375,-445.2297058105469,25.24678421020508,3410.29345703125,-425.7895202636719,-23.98683738708496,3334.572021484375,-368.2803039550781,-7.239654541015625,3249.95361328125,-414.8556518554687,56.57843399047851,3276.414794921875,-367.3487243652344,516.4903564453125,3044.6689453125,-428.5566101074219,559.765380859375,2943.171142578125,-555.9346313476562,652.96923828125,2723.9208984375,-708.5921630859375,616.8663330078125,2562.1357421875,-803.2139892578125,600.0997314453125,2536.422607421875,-888.754150390625,628.9667358398438,2583.68701171875,-808.8659057617188,609.5931396484375,2508.746826171875,91.17736053466795,505.2943115234375,3225.658935546875,447.1327209472656,368.0152893066406,3181.106689453125,658.9489135742188,667.7459716796875,3174.3525390625,835.6376953125,634.9143676757812,3171.083740234375,122.32132720947266,522.3033447265625,3063.114013671875,239.51123046875,202.10072326660156,3239.051513671875,495.76123046875,397.08697509765625,3054.887451171875,635.99755859375,325.83099365234375,3003.85302734375,-478.5256652832031,483.7776489257813,3063.33349609375,-594.31640625,426.6335144042969,3147.57421875,-558.7528686523438,457.9228210449219,3172.876220703125,-441.49566650390625,485.9547119140625,3156.777099609375,-594.056884765625,475.9751892089844,3142.149169921875,-545.7587890625,559.5694580078125,3061.63916015625
132.51937866210938,505.35882568359375,3078.1494140625,-46.26914978027344,511.072509765625,3104.155029296875,-189.1678009033203,516.5678100585938,3124.955078125,-407.2555847167969,495.6742858886719,3105.251708984375,-373.49810791015625,489.0157165527344,3141.062255859375,-420.3057861328125,436.6841735839844,3267.74609375,-462.3633728027344,225.7842254638672,3447.040771484375,-447.2395629882813,-7.807746410369873,3426.306396484375,-432.3522338867187,-41.81560897827149,3336.08154296875,-366.0492858886719,-11.238129615783691,3254.50390625,-418.8747253417969,50.08415222167969,3291.14501953125,-369.20172119140625,511.2028198242187,3076.731689453125,-423.7833557128906,548.4337158203125,2961.019775390625,-553.9132690429688,651.2825317382812,2728.90625,-703.5924682617188,614.4968872070312,2547.5947265625,-808.0400390625,604.82861328125,2541.894287109375,-894.7095336914062,629.3471069335938,2600.780517578125,-819.3343505859375,608.21240234375,2526.21240234375,145.7702178955078,503.9056396484375,3169.56787109375,493.3115234375,558.5778198242188,2967.6953125,755.5186157226562,842.2994384765625,2935.771240234375,943.05712890625,840.9254150390625,2906.515380859375,120.5705108642578,506.6691589355469,2995.713134765625,228.2484588623047,181.9766387939453,3212.8603515625,515.4514770507812,385.7840270996094,3041.323974609375,654.2506103515625,293.56158447265625,2989.09619140625,-486.585693359375,475.1343688964844,3093.637451171875,-616.5451049804688,438.3135681152344,3184.531982421875,-581.1395874023438,477.7048645019531,3204.802734375,-456.0661315917969,503.6127624511719,3191.255615234375,-615.3397216796875,487.1267395019531,3165.460693359375,-556.4899291992188,550.9258422851562,3065.016845703125
95.53411102294922,508.7559814453125,3144.25048828125,-67.68083953857422,516.7943115234375,3109.270751953125,-198.29150390625,517.6705322265625,3081.1806640625,-400.9273681640625,506.1387939453125,3068.41162109375,-369.0762023925781,498.4838562011719,3100.581298828125,-411.1036071777344,454.7921752929687,3219.97705078125,-454.333251953125,263.2464904785156,3388.6376953125,-455.5223693847656,48.36098861694336,3420.633056640625,-428.4347229003906,-15.768885612487791,3363.27978515625,-379.64263916015625,-11.776890754699709,3274.690673828125,-418.7178649902344,50.13008499145508,3290.847900390625,-365.9649963378906,519.422119140625,3041.2041015625,-423.8558349609375,554.9891967773438,2938.448486328125,-564.2429809570312,616.4451293945312,2723.788818359375,-699.9671630859375,619.586669921875,2550.6630859375,-794.21630859375,601.7350463867188,2535.482177734375,-871.3677978515625,622.4388427734375,2594.785888671875,-803.0582275390625,614.6747436523438,2508.734375,77.56878662109375,507.2820129394531,3227.737548828125,435.7998962402344,397.9170837402344,3209.471923828125,643.5125732421875,688.4257202148438,3179.497314453125,817.1470947265625,663.0704345703125,3181.0322265625,111.7342300415039,510.0851135253906,3068.966064453125,258.25164794921875,208.52398681640625,3236.043701171875,508.7581176757813,372.24798583984375,3032.093505859375,642.3728637695312,300.8760681152344,2976.23388671875,-475.203125,490.0310668945313,3059.55078125,-585.8106689453125,421.7739562988281,3135.465087890625,-550.8821411132812,449.04547119140625,3163.485595703125,-437.0759582519531,479.89605712890625,3149.42724609375,-586.1873168945312,470.2128601074219,3136.9521484375,-541.64794921875,562.6318359375,3069.59228515625
146.66961669921875,508.4467468261719,3084.715576171875,-34.97600555419922,520.186279296875,3098.12841796875,-180.0258331298828,532.376708984375,3108.2734375,-401.1053161621094,512.3383178710938,3100.855224609375,-365.49163818359375,509.7866516113281,3136.063720703125,-408.396728515625,474.447021484375,3271.336181640625,-451.18206787109375,267.0242919921875,3458.60986328125,-442.7828369140625,29.944599151611328,3453.5322265625,-428.0299377441406,-18.525232315063477,3369.047119140625,-379.8023681640625,-10.5886812210083,3269.89404296875,-422.3565979003906,48.54339218139648,3305.83984375,-363.86614990234375,523.5850219726562,3068.632568359375,-422.8558654785156,547.3710327148438,2950.07470703125,-547.9544067382812,590.4595947265625,2694.1982421875,-686.5117797851562,499.07855224609375,2520.4482421875,-780.7075805664062,546.2669677734375,2508.14599609375,-859.5170288085938,581.5109252929688,2574.1279296875,-778.9026489257812,597.7269897460938,2517.483642578125,154.58106994628906,526.7425537109375,3175.8447265625,519.0106811523438,568.1695556640625,2993.58984375,767.788330078125,865.7059326171875,2940.786865234375,955.3049926757812,861.4610595703125,2901.39013671875,139.53550720214844,491.9486389160156,3002.540283203125,271.6069641113281,209.79315185546875,3267.731689453125,534.3428955078125,357.677490234375,3011.710693359375,681.9447631835938,278.98663330078125,2955.895263671875,-481.8553161621094,491.51654052734375,3095.39453125,-594.94921875,410.550537109375,3183.026611328125,-556.3841552734375,441.2392272949219,3212.179931640625,-434.5234680175781,480.2038879394531,3190.912841796875,-597.3408203125,463.3525390625,3185.824462890625,-556.7652587890625,567.5932006835938,3111.9697265625
90.22268676757812,505.0973815917969,3149.19140625,-68.46632385253906,516.57861328125,3108.614990234375,-196.11285400390625,517.5103149414062,3078.011962890625,-395.30712890625,506.41888427734375,3066.869140625,-363.8878173828125,500.0895385742187,3098.614501953125,-403.9331970214844,465.1927795410156,3218.982177734375,-453.7149658203125,288.9885559082031,3395.501708984375,-451.1925048828125,80.30776977539062,3440.36474609375,-424.1957092285156,13.94355297088623,3388.200439453125,-391.6294860839844,-5.407545566558838,3296.249755859375,-425.481201171875,50.15799331665039,3314.367919921875,-361.0377807617187,518.2283935546875,3039.462158203125,-422.7029113769531,548.495361328125,2939.80712890625,-560.4380493164062,604.957763671875,2727.682373046875,-683.4821166992188,622.5943603515625,2550.82958984375,-771.1923828125,635.9130249023438,2515.6865234375,-845.3224487304688,599.5531005859375,2568.011962890625,-770.361083984375,597.2650756835938,2515.11376953125,71.32596588134766,524.569091796875,3228.603271484375,436.471435546875,510.5373840332031,3275.798583984375,635.5432739257812,765.2623901367188,3136.2373046875,806.873779296875,752.9695434570312,3151.165283203125,107.2626953125,487.5389099121094,3077.58203125,299.6542053222656,219.27761840820312,3240.32373046875,534.3418579101562,350.00543212890625,3006.987060546875,670.8687133789062,285.6031799316406,2958.227783203125,-468.3825988769531,490.5207214355469,3059.162109375,-574.2162475585938,414.8163757324219,3129.44580078125,-539.3861694335938,439.0904541015625,3158.62353515625,-428.3104248046875,472.0669250488281,3144.91943359375,-575.0090942382812,462.0024719238281,3135.786865234375,-534.05126953125,559.6406860351562,3078.0791015625
94.34538269042967,505.41656494140625,3163.82177734375,-62.66621398925781,519.09521484375,3119.342041015625,-189.0987091064453,522.5165405273438,3085.530517578125,-386.7270812988281,510.0958862304687,3063.090576171875,-357.2511291503906,504.4630126953125,3096.6123046875,-408.0370178222656,473.9464111328125,3213.693603515625,-477.0983276367187,300.19793701171875,3385.11669921875,-478.5173645019531,92.64642333984376,3432.515380859375,-432.2425231933594,27.863204956054688,3394.11669921875,-392.158935546875,0.5314387083053589,3307.606201171875,-429.1583557128906,51.51751708984375,3320.132080078125,-351.0784912109375,521.6525268554688,3037.60107421875,-411.6985473632813,548.213623046875,2936.644775390625,-552.2448120117188,606.8433227539062,2727.812744140625,-681.2344360351562,617.7562866210938,2555.406982421875,-765.6253662109375,636.2999877929688,2515.51025390625,-833.2150268554688,587.7367553710938,2566.285400390625,-763.246337890625,595.7904663085938,2509.8896484375,73.91949462890625,526.142578125,3242.298095703125,409.9217529296875,436.7975769042969,3361.28955078125,611.7368774414062,701.45458984375,3249.197021484375,779.979248046875,696.7862548828125,3284.46630859375,112.76429748535156,486.7269592285156,3093.055908203125,322.0704040527344,229.8821258544922,3251.07568359375,550.1802978515625,337.3976745605469,3001.371337890625,681.5423583984375,272.36566162109375,2941.81689453125,-458.9586791992187,493.6869201660156,3051.442138671875,-562.85888671875,401.9208068847656,3101.8408203125,-529.34375,420.4364929199219,3136.098876953125,-419.55035400390625,458.7679748535156,3131.93603515625,-565.308349609375,446.5265197753906,3117.956787109375,-526.9705810546875,555.0704956054688,3083.134521484375
77.89974975585938,495.633056640625,3181.903076171875,-71.9560317993164,510.3184509277344,3127.955078125,-191.73306274414065,522.1884155273438,3084.79150390625,-384.4870300292969,514.2401123046875,3058.944580078125,-356.5705261230469,509.1482543945313,3092.496826171875,-414.7167053222656,484.18902587890625,3203.947998046875,-498.23883056640625,320.98626708984375,3370.587646484375,-501.6294250488281,119.13435363769533,3420.41357421875,-445.2535095214844,57.03049087524414,3399.976806640625,-402.2487487792969,12.846842765808104,3325.25732421875,-439.27191162109375,57.48249435424805,3331.1220703125,-348.85174560546875,523.7593383789062,3034.47021484375,-410.7090148925781,546.5293579101562,2936.713623046875,-551.353515625,606.7810668945312,2735.932373046875,-680.4899291992188,615.646240234375,2569.8447265625,-760.8661499023438,629.5913696289062,2525.28662109375,-833.9134521484375,594.379638671875,2575.198974609375,-764.3606567382812,606.9765625,2520.487060546875,53.662635803222656,520.3534545898438,3255.957763671875,365.2023620605469,435.9359130859375,3412.91357421875,595.073974609375,670.3309936523438,3313.546630859375,755.241455078125,659.6515502929688,3362.95654296875,99.7554168701172,473.3416442871094,3115.124755859375,348.95703125,240.56784057617188,3225.832275390625,579.68359375,329.82708740234375,2983.052001953125,713.2501831054688,278.3795166015625,2924.811767578125,-455.1692504882813,499.6358642578125,3046.53125,-556.3237915039062,404.071044921875,3083.803466796875,-523.2846069335938,417.3724670410156,3119.153076171875,-416.0467834472656,455.0214538574219,3119.362548828125,-558.5327758789062,445.05126953125,3105.419189453125,-521.2620239257812,554.7447509765625,3086.025146484375
89.2306137084961,495.7927856445313,3181.362060546875,-61.067237854003906,510.5872192382813,3127.30126953125,-181.24514770507812,522.3005981445312,3084.112548828125,-374.5636291503906,512.9348754882812,3058.7177734375,-346.43035888671875,507.9209899902344,3092.267578125,-406.2901916503906,481.9671630859375,3203.008544921875,-500.5661315917969,325.6352844238281,3371.55419921875,-517.5426635742188,125.4192123413086,3427.35693359375,-460.64166259765625,63.49055480957031,3406.78857421875,-410.6769104003906,19.536767959594727,3336.003662109375,-449.6442565917969,63.592674255371094,3341.1640625,-338.9712219238281,522.8464965820312,3034.10546875,-402.1719665527344,545.5904541015625,2936.79150390625,-543.8932495117188,605.361328125,2735.705322265625,-673.4002685546875,615.1434326171875,2569.185546875,-751.9072265625,630.4011840820312,2521.28857421875,-828.4916381835938,595.8546142578125,2566.685302734375,-754.6763916015625,608.3699951171875,2515.45654296875,64.90116882324219,520.3156127929688,3255.712890625,376.5704650878906,395.7545776367187,3385.755126953125,607.3030395507812,641.4901733398438,3317.100830078125,765.4917602539062,621.7514038085938,3371.497314453125,111.16954803466795,473.6794738769531,3114.31689453125,363.4674377441406,240.96743774414065,3221.4443359375,588.9878540039062,338.0467529296875,2975.363525390625,722.6593627929688,288.36834716796875,2914.692138671875,-445.3711853027344,497.7882995605469,3046.418701171875,-545.7901000976562,400.9542846679687,3084.0146484375,-512.6337890625,414.5238952636719,3119.359130859375,-405.4334716796875,453.2574462890625,3119.20947265625,-548.2903442382812,441.9877014160156,3105.785400390625,-511.9924011230469,552.3721923828125,3086.408203125
122.59527587890624,507.9993591308594,3140.98974609375,-38.27334213256836,519.2010498046875,3112.310546875,-167.22091674804688,524.366943359375,3090.143798828125,-364.8013000488281,514.026611328125,3066.0087890625,-335.7238464355469,508.7525939941406,3099.94384765625,-396.88909912109375,480.8224792480469,3212.650146484375,-494.7997741699219,329.2914733886719,3391.020751953125,-525.745361328125,125.5591049194336,3444.650634765625,-468.9693908691406,66.60498809814453,3411.242919921875,-411.6234130859375,25.069690704345703,3341.765380859375,-458.2340087890625,68.19808197021484,3349.79052734375,-328.75189208984375,524.552734375,3040.6240234375,-397.39251708984375,546.111572265625,2943.66650390625,-544.1145629882812,602.8568115234375,2738.5439453125,-673.6517944335938,609.6848754882812,2566.296142578125,-753.9620971679688,632.9955444335938,2520.82958984375,-826.08984375,589.1104125976562,2569.610107421875,-756.4296264648438,601.586669921875,2513.88134765625,109.400634765625,525.4069213867188,3221.80078125,388.70166015625,288.08837890625,3194.365966796875,623.5980834960938,383.1906433105469,2951.146484375,760.97607421875,302.3282165527344,2886.577880859375,134.4934539794922,492.3022155761719,3068.118896484375,372.4179992675781,255.9002685546875,3217.441650390625,596.109375,371.9305419921875,2967.4716796875,722.09912109375,296.6216735839844,2908.353271484375,-437.13916015625,498.3038024902344,3054.00244140625,-539.0838623046875,398.592041015625,3091.791748046875,-505.0563354492187,412.1235656738281,3127.84130859375,-395.7411804199219,452.0685424804687,3127.507568359375,-541.6483154296875,440.2029113769531,3114.552978515625,-505.1083679199219,553.2825927734375,3095.9365234375
121.5866241455078,507.1536865234375,3141.56591796875,-40.450870513916016,517.9371337890625,3114.10009765625,-170.3214569091797,523.0611572265625,3093.011962890625,-368.6305847167969,513.17724609375,3065.668701171875,-339.924072265625,507.6433410644531,3100.20654296875,-401.8316650390625,479.2005004882813,3213.2333984375,-504.7037658691406,326.29840087890625,3389.649169921875,-537.0875244140625,121.19496154785156,3441.915283203125,-474.7119445800781,64.0997314453125,3414.492431640625,-412.72406005859375,28.18158721923828,3345.077880859375,-459.7955322265625,68.69530487060547,3351.062255859375,-331.97564697265625,523.820068359375,3040.751220703125,-399.0734558105469,546.3726196289062,2942.11328125,-545.5850219726562,608.4878540039062,2736.574462890625,-681.0792846679688,611.7391357421875,2567.321044921875,-754.3333740234375,640.8305053710938,2513.014404296875,-828.7968139648438,595.091064453125,2557.481201171875,-756.6885375976562,605.52685546875,2505.224365234375,109.34284210205078,528.32666015625,3222.1123046875,391.9151306152344,290.59075927734375,3207.02978515625,628.1755981445312,393.4758605957031,2965.4677734375,768.982421875,313.66156005859375,2904.520263671875,132.6273651123047,488.06109619140625,3068.93359375,382.4742736816406,267.21002197265625,3227.364501953125,610.1741943359375,374.0851135253906,2974.13427734375,749.053955078125,343.5265808105469,2902.73046875,-441.2094421386719,497.5712890625,3052.40966796875,-544.8160400390625,397.5364685058594,3087.9814453125,-511.12103271484375,410.6932373046875,3124.8818359375,-401.0080261230469,450.3056335449219,3126.62451171875,-547.5569458007812,439.2160949707031,3111.147216796875,-509.9551086425781,552.8786010742188,3093.8974609375
128.41624450683594,511.5440979003906,3137.2001953125,-33.9342041015625,523.8849487304688,3107.37109375,-164.35792541503906,526.83642578125,3085.173583984375,-364.2100830078125,517.648193359375,3061.7060546875,-334.7454528808594,512.7770385742188,3096.0029296875,-396.7164916992187,487.42230224609375,3210.495361328125,-503.71002197265625,333.6568298339844,3385.560302734375,-541.815185546875,128.58078002929688,3438.484619140625,-479.4271545410156,68.60572052001953,3416.284912109375,-415.67437744140625,30.631929397583008,3348.87060546875,-461.8338317871094,69.61419677734375,3352.666015625,-327.7804260253906,527.42333984375,3035.70654296875,-397.0584716796875,547.9607543945312,2937.384521484375,-542.9776611328125,611.0361328125,2730.070556640625,-683.966796875,610.7359619140625,2563.905029296875,-764.90625,637.9686889648438,2519.62109375,-836.8375244140625,601.184326171875,2576.0458984375,-770.26708984375,607.5474243164062,2514.23974609375,115.09819793701172,532.0806274414062,3218.182373046875,407.3504333496094,302.94305419921875,3210.978759765625,643.376220703125,412.82025146484375,2969.66845703125,797.2490234375,365.5101318359375,2904.1142578125,140.42568969726562,493.0254211425781,3064.1748046875,410.1760864257813,283.8699951171875,3209.63720703125,644.0733032226562,400.7239074707031,2964.04736328125,787.9998779296875,386.3616027832031,2895.830078125,-437.49749755859375,502.1563720703125,3050.164306640625,-541.5196533203125,403.3246765136719,3090.657958984375,-506.87158203125,417.34375,3126.712646484375,-395.9561462402344,456.4654235839844,3125.256591796875,-543.575927734375,445.85650634765625,3112.819091796875,-505.4409484863281,559.3191528320312,3091.611083984375
116.25630950927734,514.1594848632812,3143.22314453125,-48.253910064697266,521.1339111328125,3112.0712890625,-180.06228637695312,522.665771484375,3088.14453125,-382.3371276855469,513.78125,3063.78515625,-352.6060791015625,508.5694274902344,3098.550048828125,-414.2593688964844,482.0093688964844,3214.841796875,-515.0462036132812,335.1914367675781,3403.691650390625,-546.6980590820312,123.31035614013672,3443.290283203125,-482.1820373535156,66.37769317626953,3415.407958984375,-413.236083984375,32.13700866699219,3349.259033203125,-463.3605346679687,70.234375,3353.82470703125,-345.3742980957031,523.816162109375,3037.6318359375,-410.39166259765625,546.7457275390625,2935.13037109375,-539.7256469726562,628.4745483398438,2719.388916015625,-689.3627319335938,608.6156005859375,2558.494140625,-763.8497314453125,643.7368774414062,2506.506591796875,-831.307373046875,599.896484375,2565.50244140625,-788.5584106445312,607.9772338867188,2513.063720703125,101.65200805664062,534.9803466796875,3225.008544921875,428.8592834472656,355.9936218261719,3176.993896484375,687.6114501953125,464.2791748046875,2952.32861328125,843.4310913085938,392.4404602050781,2913.27783203125,129.42564392089844,495.3844299316406,3069.473388671875,420.01910400390625,312.56097412109375,3221.897705078125,655.8352661132812,444.9183349609375,2979.499755859375,812.9404296875,433.3597106933594,2942.12939453125,-456.5200500488281,498.2717590332031,3051.793701171875,-562.118896484375,398.0950622558594,3091.7392578125,-527.0809936523438,411.9024963378906,3128.42529296875,-414.7059020996094,451.28118896484375,3127.49853515625,-564.15234375,440.9658203125,3114.536376953125,-525.2622680664062,555.9298706054688,3094.115234375
99.35499572753906,500.4690246582031,3093.010498046875,-62.50202560424805,515.3021240234375,3085.597412109375,-192.15386962890625,523.5880737304688,3079.192626953125,-388.6803894042969,508.3611755371094,3060.521484375,-358.4090576171875,500.3977355957031,3092.433837890625,-401.08892822265625,449.6691589355469,3204.691162109375,-484.9668273925781,303.03143310546875,3391.7119140625,-538.5253295898438,101.90257263183594,3429.407958984375,-474.9866638183594,42.58026885986328,3416.9287109375,-411.3808898925781,28.78046417236328,3342.936279296875,-450.0085754394531,68.5339126586914,3343.5703125,-354.2160949707031,523.0926513671875,3035.56494140625,-410.7028503417969,559.2352294921875,2936.128173828125,-546.4839477539062,623.2063598632812,2727.772705078125,-678.0911865234375,614.2310791015625,2559.0087890625,-757.801025390625,642.4104614257812,2516.66455078125,-813.2024536132812,580.4102172851562,2566.353759765625,-765.998779296875,591.5162353515625,2515.00439453125,94.60488891601562,489.7819519042969,3175.3408203125,439.5455932617187,370.1893005371094,3178.90966796875,704.6072387695312,490.9912414550781,2986.822509765625,858.9351196289062,471.8203125,2916.072265625,103.6383819580078,510.10601806640625,3018.76953125,410.5666198730469,313.1329345703125,3021.791015625,720.4857788085938,481.033203125,3012.689453125,876.7393798828125,474.4299621582031,3028.5205078125,-460.32366943359375,491.383544921875,3049.167724609375,-565.55517578125,408.4062194824219,3108.47265625,-532.5869140625,430.5938720703125,3140.51171875,-422.95941162109375,466.6559143066406,3133.576416015625,-567.67236328125,454.4165344238281,3118.71533203125,-527.6029052734375,556.5963745117188,3071.47607421875
85.73373413085938,502.58160400390625,3091.513671875,-77.31840515136719,513.6492919921875,3083.202880859375,-207.8086700439453,519.0128173828125,3075.608642578125,-406.3302917480469,511.59619140625,3061.867431640625,-375.4563903808594,502.9157409667969,3093.373779296875,-419.0444641113281,449.8287048339844,3205.06201171875,-476.615478515625,296.2455749511719,3398.308349609375,-520.2532348632812,88.37205505371094,3410.223388671875,-467.4176635742187,18.6092472076416,3422.156494140625,-413.455322265625,26.008319854736328,3339.3544921875,-432.6617736816406,72.17486572265625,3329.679931640625,-371.71881103515625,524.4951171875,3035.66357421875,-423.8524169921875,560.6217041015625,2933.060791015625,-544.0064086914062,639.5838012695312,2718.51904296875,-689.9733276367188,608.4901123046875,2563.15625,-754.5367431640625,651.121337890625,2507.8583984375,-832.492919921875,610.6842651367188,2550.026123046875,-784.1229858398438,593.5607299804688,2519.657470703125,80.15137481689453,480.83795166015625,3172.0791015625,436.6453857421875,393.61724853515625,3160.287109375,730.1846923828125,523.4087524414062,3018.3740234375,873.8878173828125,433.451416015625,2990.3828125,90.7676010131836,522.1887817382812,3018.864501953125,429.771728515625,385.9535217285156,2986.2978515625,748.5216064453125,537.0214233398438,3022.79638671875,890.7907104492188,469.5253601074219,3036.85986328125,-479.2868957519531,497.3283996582031,3052.5087890625,-583.995361328125,409.5998229980469,3107.8544921875,-548.809326171875,427.59710693359375,3140.622802734375,-438.2157897949219,462.48779296875,3132.11328125,-584.557861328125,454.4656982421875,3123.30517578125,-544.2584838867188,561.1732177734375,3085.466796875
52.25407791137695,497.9082336425781,3099.5673828125,-99.90878295898438,509.4854736328125,3078.92041015625,-221.37808227539065,514.664794921875,3059.569580078125,-408.4109191894531,503.9208679199219,3054.9912109375,-377.6837158203125,493.0964660644531,3081.984619140625,-411.4624938964844,430.6187438964844,3182.885009765625,-444.61126708984375,268.00994873046875,3354.218994140625,-478.4874267578125,83.5960922241211,3424.38671875,-466.1983642578125,1.894444227218628,3415.322509765625,-419.56597900390625,24.722606658935547,3337.841552734375,-429.4071044921875,69.76556396484375,3323.724609375,-377.4427795410156,519.8572387695312,3030.428466796875,-420.7778015136719,558.412109375,2932.8515625,-553.07470703125,608.3356323242188,2735.179931640625,-675.9688720703125,616.62060546875,2574.154541015625,-748.6326904296875,633.9625854492188,2524.877197265625,-829.6814575195312,597.3794555664062,2547.179443359375,-755.0374145507812,604.9791870117188,2521.58740234375,40.21929931640625,453.0465087890625,3163.10498046875,364.3507385253906,353.11614990234375,3097.0712890625,681.2622680664062,424.255859375,3156.7939453125,807.0130615234375,343.6342468261719,3094.865478515625,63.10636520385742,538.3619995117188,3042.272705078125,393.3355407714844,445.4265441894531,3004.0302734375,706.289306640625,517.611083984375,3094.675048828125,830.71533203125,448.0910034179687,3052.02001953125,-477.1091918945313,489.67919921875,3047.97314453125,-575.9192504882812,415.6984252929687,3111.2294921875,-542.52734375,436.420654296875,3139.331298828125,-438.2775573730469,467.08734130859375,3126.47412109375,-576.0844116210938,459.5064392089844,3119.89892578125,-537.6747436523438,553.8705444335938,3070.80712890625
71.689208984375,500.6392517089844,3098.373046875,-87.71034240722656,510.5217590332031,3078.2421875,-215.1273193359375,516.3933715820312,3061.188720703125,-410.796142578125,507.5721740722656,3058.455810546875,-378.5359497070313,496.0842590332031,3086.43994140625,-401.8410949707031,428.8326416015625,3194.0048828125,-426.6429443359375,259.1028747558594,3374.95849609375,-447.2580261230469,58.85201644897461,3432.123779296875,-478.2191467285156,-16.604154586791992,3402.186767578125,-422.3121948242187,26.997730255126953,3335.2666015625,-429.5973205566406,67.90330505371094,3314.45849609375,-378.482177734375,523.6165161132812,3032.3212890625,-423.2529296875,567.2410278320312,2931.464599609375,-562.2914428710938,615.0878295898438,2724.29052734375,-685.4102783203125,619.14599609375,2551.854248046875,-771.250244140625,635.1937866210938,2518.31201171875,-848.83056640625,599.4984741210938,2561.7919921875,-771.8214111328125,601.6880493164062,2513.795166015625,60.228641510009766,465.7233581542969,3171.979736328125,417.45562744140625,413.3061828613281,3161.348388671875,721.7509765625,552.208984375,3076.048095703125,884.3880004882812,571.3145141601562,3034.15283203125,82.02371215820312,532.1244506835938,3031.99853515625,434.406982421875,465.69732666015625,2991.943115234375,756.8176879882812,557.7694091796875,3088.1728515625,909.9771728515624,540.8264770507812,3109.157958984375,-482.8567810058594,493.5265502929687,3051.96240234375,-586.1416625976562,420.7987976074219,3123.119873046875,-550.8021850585938,443.745361328125,3150.958740234375,-441.7079772949219,474.1064758300781,3134.837890625,-585.8722534179688,467.01910400390625,3129.65625,-545.4174194335938,562.3589477539062,3072.6591796875
105.4425048828125,501.8204956054687,3088.1376953125,-65.1956558227539,505.396240234375,3084.232666015625,-201.5885772705078,505.94036865234375,3079.31689453125,-409.1022033691406,496.4905700683594,3076.1552734375,-374.8446960449219,482.9069519042969,3105.169677734375,-408.769287109375,413.59326171875,3218.118408203125,-422.7298278808594,228.49497985839844,3406.45654296875,-438.3248596191406,14.48856258392334,3463.18115234375,-478.6833801269531,-40.773040771484375,3401.472412109375,-421.1827392578125,19.526098251342773,3340.241943359375,-435.5960693359375,57.951019287109375,3337.348876953125,-374.8775329589844,514.8863525390625,3049.273681640625,-422.39111328125,562.6709594726562,2942.990478515625,-562.3795166015625,625.4111328125,2721.483642578125,-691.0010986328125,620.36376953125,2537.240234375,-785.5504760742188,636.0172729492188,2511.572509765625,-853.2489624023438,596.209228515625,2576.08544921875,-787.2388916015625,601.4529418945312,2508.357666015625,102.74534606933594,448.3778991699219,3157.056884765625,422.2561645507813,518.8307495117188,2957.79150390625,714.060791015625,736.0064086914062,2916.256103515625,873.1710815429688,787.4010620117188,2851.6044921875,107.87464141845705,550.0120239257812,3025.989990234375,478.5781555175781,494.3104248046875,2949.061279296875,793.5784912109375,631.3980102539062,3086.38232421875,957.0258178710938,644.7945556640625,3068.7861328125,-485.5176086425781,481.8585205078125,3068.616943359375,-601.44140625,432.0819091796875,3156.527099609375,-564.7015380859375,463.2569274902344,3179.916748046875,-447.2129821777344,486.92864990234375,3161.144775390625,-599.7933349609375,480.9833068847656,3148.9736328125,-550.308349609375,559.3097534179688,3064.50146484375
105.44829559326172,501.7872924804687,3088.15478515625,-65.2002944946289,505.4134216308594,3084.262451171875,-201.60275268554688,506.01171875,3079.36865234375,-409.1357116699219,496.6603393554687,3076.288818359375,-374.8713684082031,483.0667114257813,3105.29541015625,-408.7680358886719,413.7882690429687,3218.28515625,-422.6322326660156,228.7630157470703,3406.726318359375,-438.2032470703125,14.818817138671877,3463.74853515625,-478.6051940917969,-40.526493072509766,3402.134033203125,-421.1385192871094,19.68792152404785,3340.77685546875,-435.5522766113281,58.11158752441406,3337.845947265625,-374.9103088378906,515.0340576171875,3049.3876953125,-422.4696960449219,562.8216552734375,2943.11669921875,-562.6665649414062,625.618408203125,2721.736083984375,-691.5184326171875,620.6139526367188,2537.634521484375,-786.1024780273438,636.4605712890625,2512.189208984375,-853.8418579101562,596.8346557617188,2576.781494140625,-787.876953125,601.9053955078125,2508.98291015625,102.74059295654295,448.3619384765625,3157.09423828125,422.363525390625,518.4081420898438,2957.817138671875,714.4041137695312,735.2667236328125,2916.0732421875,873.7815551757812,786.1237182617188,2851.6220703125,107.88996124267578,549.9633178710938,3025.989013671875,478.5301818847656,493.42828369140625,2949.23876953125,794.1546020507812,630.6700439453125,3085.029541015625,957.65966796875,643.177734375,3067.215576171875,-485.5660095214844,482.0621948242187,3068.782958984375,-601.5593872070312,432.7306518554687,3156.869873046875,-564.7927856445312,463.9644470214844,3180.14697265625,-447.2713623046875,487.4565734863281,3161.303955078125,-599.8648681640625,481.6040344238281,3149.12646484375,-550.2890014648438,559.5615234375,3064.3544921875
94.76194763183594,518.4867553710938,3073.466796875,-73.14104461669922,510.752685546875,3076.86279296875,-207.064453125,499.62017822265625,3074.87451171875,-411.4897766113281,491.5999755859375,3075.075927734375,-377.3552551269531,477.3483581542969,3102.7353515625,-408.23443603515625,405.3138732910156,3212.295654296875,-408.2846374511719,211.70985412597656,3386.44287109375,-421.9875793457031,1.782432198524475,3445.692626953125,-482.29345703125,-48.4912109375,3400.202880859375,-428.6736450195313,18.488914489746097,3345.37353515625,-435.2330322265625,60.1498908996582,3335.43115234375,-378.1324157714844,510.14007568359375,3048.46240234375,-423.8183288574219,560.277587890625,2944.7490234375,-558.1234741210938,624.8472290039062,2725.220947265625,-691.9317016601562,620.9984130859375,2548.967041015625,-782.758056640625,637.627197265625,2517.0390625,-858.4912719726562,600.4320678710938,2570.87060546875,-788.7459716796875,603.4474487304688,2517.599853515625,98.74040985107422,459.49072265625,3135.807373046875,414.80462646484375,504.0074462890625,2934.7236328125,726.5260009765625,680.9966430664062,2896.180419921875,875.3988647460938,697.3761596679688,2802.7314453125,91.17439270019533,571.68603515625,3017.251708984375,461.80767822265625,543.8275756835938,2955.109130859375,793.1537475585938,665.247802734375,3045.64599609375,948.3946533203124,643.8538818359375,3002.95166015625,-486.9450378417969,477.8171691894531,3068.615966796875,-599.5531005859375,429.5314331054687,3157.588134765625,-562.728515625,460.0439758300781,3179.833251953125,-447.3110046386719,482.6758117675781,3158.92333984375,-597.810791015625,477.6698913574219,3150.0693359375,-550.3819580078125,554.4465942382812,3065.81298828125
37.45741271972656,515.3065185546875,3073.849853515625,-116.45672607421876,515.7574462890625,3062.43212890625,-239.2933349609375,514.0283203125,3050.93603515625,-426.6274108886719,501.7078552246094,3056.33935546875,-394.2453918457031,489.1460876464844,3080.661865234375,-415.039306640625,416.1719055175781,3178.314208984375,-401.0473937988281,234.8944854736328,3333.534912109375,-402.04052734375,45.78376007080078,3400.582275390625,-453.3282775878906,-19.169139862060547,3410.068359375,-423.8976745605469,25.812219619750977,3333.5927734375,-466.2965087890625,60.37995910644531,3306.507080078125,-397.1702575683594,519.8302612304688,3031.27294921875,-435.4260864257813,558.2357177734375,2931.24853515625,-561.0718994140625,610.4236450195312,2729.201171875,-684.7930908203125,614.8447875976562,2568.0849609375,-762.6985473632812,629.4779052734375,2526.114501953125,-844.1072998046875,600.897216796875,2557.705810546875,-766.2816162109375,609.2044067382812,2520.576904296875,33.432098388671875,456.0604553222656,3125.77197265625,350.87274169921875,441.3650207519531,2988.0830078125,666.6348266601562,537.2694091796875,3013.498291015625,789.3487548828125,508.2764587402344,2911.684326171875,41.08721923828125,568.7313232421875,3027.029541015625,384.8976745605469,563.5280151367188,2988.92431640625,696.7347412109375,646.6444091796875,3076.76220703125,824.520751953125,611.533447265625,3008.413818359375,-495.6870422363281,487.3025817871094,3052.20849609375,-593.8843994140625,428.0160217285156,3130.7353515625,-559.935302734375,453.8634338378906,3153.626220703125,-455.59674072265625,480.8027038574219,3133.250732421875,-593.81494140625,472.7724304199219,3130.379150390625,-555.8778076171875,555.2581787109375,3062.52587890625
36.61466598510742,513.6847534179688,3069.37744140625,-113.32510375976562,519.7108764648438,3055.974609375,-233.0218811035156,522.095458984375,3042.794189453125,-415.5260925292969,504.8327331542969,3045.500244140625,-383.9776611328125,494.2083740234375,3070.0986328125,-409.6676635742187,423.84320068359375,3164.765625,-400.9020080566406,252.17193603515625,3322.595703125,-398.3000793457031,67.90949249267578,3388.950927734375,-437.0886840820313,0.4941746592521667,3412.677978515625,-422.35205078125,27.7564754486084,3326.85302734375,-469.611328125,59.94365310668945,3302.89697265625,-386.88909912109375,522.6420288085938,3020.979736328125,-433.2301635742187,558.382568359375,2926.59375,-563.3211059570312,601.0301513671875,2732.1826171875,-677.0220336914062,616.2659301757812,2570.380615234375,-753.0927734375,624.4739990234375,2527.816162109375,-837.2349243164062,610.1590576171875,2555.37890625,-758.5692138671875,615.0133056640625,2522.851806640625,29.61901473999023,458.8584899902344,3122.989013671875,338.81671142578125,381.3927917480469,3010.349365234375,647.8531494140625,454.9165344238281,3069.330322265625,769.262451171875,400.0155944824219,2984.044677734375,42.92295455932617,563.1240234375,3021.033447265625,377.5793151855469,534.6137084960938,2985.844970703125,674.1143188476562,622.2648315429688,3090.630615234375,799.3048706054688,578.353271484375,3030.75439453125,-482.42486572265625,488.6743469238281,3040.810546875,-572.8375854492188,409.8048706054687,3104.20458984375,-539.7494506835938,430.4267272949219,3130.9267578125,-439.8426208496094,465.339111328125,3114.786376953125,-574.3873901367188,452.2597351074219,3114.40576171875,-543.1077270507812,547.9116821289062,3068.425537109375
74.64337921142578,532.0585327148438,3063.0712890625,-83.6587905883789,515.9407958984375,3058.98291015625,-210.40066528320312,504.6357421875,3057.739013671875,-403.7157897949219,496.9234619140625,3048.26416015625,-372.4978332519531,480.1222534179687,3073.867919921875,-410.4005737304687,397.6942443847656,3163.51123046875,-400.6777648925781,204.5324249267578,3316.422607421875,-395.2622375488281,6.6456499099731445,3376.69580078125,-470.7961730957031,-26.7525691986084,3400.3623046875,-428.4981384277344,32.899166107177734,3337.539794921875,-475.8424987792969,57.772613525390625,3309.430908203125,-371.1669616699219,517.671875,3027.03564453125,-420.84124755859375,566.5986938476562,2932.66552734375,-561.5112915039062,601.558837890625,2727.484130859375,-679.2335815429688,625.5560302734375,2555.792724609375,-766.0006103515625,616.078369140625,2525.156982421875,-850.1281127929688,607.7868041992188,2567.974853515625,-773.0010986328125,614.2835693359375,2517.919677734375,79.83809661865234,468.2916870117187,3113.320556640625,382.52447509765625,516.348388671875,2929.8876953125,686.6234130859375,658.3078002929688,2867.498046875,819.9378051757812,675.9747314453125,2768.240478515625,69.95907592773438,589.5599365234375,3017.75927734375,422.1802673339844,581.4560546875,2961.4013671875,746.0263671875,669.48193359375,3041.1552734375,884.1344604492188,648.3578491210938,2976.90234375,-474.72747802734375,484.7348937988281,3037.29150390625,-579.0455322265625,399.9390563964844,3087.104248046875,-544.7771606445312,415.5421447753906,3119.90771484375,-436.38177490234375,447.2763366699219,3113.886474609375,-578.770263671875,443.03460693359375,3103.640869140625,-536.8504638671875,547.1192016601562,3070.86962890625
46.55606460571289,520.9728393554688,3070.60693359375,-105.47370147705078,520.6668090820312,3055.1298828125,-226.99400329589844,520.2662353515625,3042.564453125,-412.2580871582031,504.9343566894531,3047.559814453125,-379.9890747070313,492.336181640625,3071.28076171875,-404.0862731933594,415.7241516113281,3163.71142578125,-391.6574096679687,227.0620880126953,3306.1240234375,-388.6313171386719,37.32377243041992,3364.9404296875,-443.0237731933594,-15.36379051208496,3397.629638671875,-426.36566162109375,42.31785202026367,3327.189208984375,-483.0105895996094,58.368221282958984,3306.032958984375,-383.39459228515625,524.0425415039062,3023.260498046875,-426.45904541015625,564.5399780273438,2927.37109375,-560.9761352539062,604.1498413085938,2731.14306640625,-678.8052368164062,616.2384033203125,2568.524169921875,-760.6947631835938,610.4417724609375,2534.648681640625,-843.40234375,614.2367553710938,2572.353515625,-766.9347534179688,613.1649169921875,2524.103759765625,41.706581115722656,460.2146301269531,3119.443603515625,346.5244445800781,439.1129760742187,2963.784423828125,661.443115234375,526.6043701171875,2987.6796875,776.7733764648438,494.5179748535156,2880.818359375,50.929054260253906,575.7611694335938,3026.56884765625,390.5014953613281,567.229736328125,2982.366943359375,698.87353515625,646.0107421875,3073.861083984375,822.5074462890625,615.5828857421875,2999.121337890625,-480.39996337890625,489.6933898925781,3043.064208984375,-571.3663940429688,403.0066833496094,3099.2373046875,-536.7507934570312,419.88916015625,3127.791748046875,-435.4272766113281,456.06353759765625,3113.08251953125,-572.0294799804688,444.3824462890625,3115.09765625,-540.2666625976562,546.287841796875,3080.434814453125
39.63356018066406,521.9057006835938,3071.357666015625,-109.58634185791016,521.6845092773438,3053.227783203125,-228.55471801757812,519.651611328125,3036.388427734375,-411.0960998535156,508.634521484375,3040.687255859375,-379.7012023925781,495.1824340820313,3063.902099609375,-404.1445617675781,418.72216796875,3153.699462890625,-390.0589904785156,234.81402587890625,3295.796142578125,-386.1952819824219,47.47438430786133,3351.27587890625,-429.8723449707031,-6.6659746170043945,3393.032470703125,-425.8907470703125,47.4971923828125,3319.962646484375,-487.5276184082031,57.7335319519043,3305.9921875,-382.2272033691406,527.1329956054688,3017.1279296875,-424.603271484375,567.8306884765625,2923.18212890625,-558.8153686523438,603.3673706054688,2730.81005859375,-675.029541015625,616.2708740234375,2571.15478515625,-753.1761474609375,604.7342529296875,2533.85546875,-838.21142578125,611.3479614257812,2560.937744140625,-757.1817016601562,613.28955078125,2516.3955078125,34.00524139404297,461.4433288574219,3118.42041015625,337.7806396484375,395.0525512695313,2987.69873046875,649.4638061523438,457.7331237792969,3041.0,766.4774780273438,410.3038940429687,2946.2734375,44.708866119384766,576.4273071289062,3028.91943359375,378.2594909667969,556.6586303710938,2985.516845703125,676.6176147460938,629.3826293945312,3094.18017578125,798.7774658203125,595.4795532226562,3023.34326171875,-478.4348754882813,495.2330627441406,3035.89990234375,-571.9591064453125,419.4373779296875,3097.857177734375,-538.0860595703125,438.1036682128906,3124.84326171875,-436.9928283691406,468.867431640625,3109.263671875,-571.6719360351562,461.6417846679687,3108.76416015625,-536.3673095703125,556.4152221679688,3064.5126953125
111.51055908203124,538.9933471679688,3060.056640625,-55.24003601074219,523.5474243164062,3066.471923828125,-188.23187255859375,507.3267822265625,3066.114501953125,-391.8070068359375,495.14447021484375,3065.556884765625,-357.3669738769531,477.8960266113281,3090.781982421875,-385.36712646484375,388.4264831542969,3186.92431640625,-374.813232421875,175.49671936035156,3335.025390625,-379.8717956542969,-41.40216064453125,3354.962890625,-454.8977966308594,-76.0494155883789,3391.73974609375,-434.5324096679687,-0.4094541072845459,3327.19140625,-469.8521423339844,37.02811813354492,3323.279541015625,-359.0638122558594,517.8770141601562,3041.844482421875,-404.5810546875,570.6139526367188,2939.824462890625,-555.9547119140625,605.9326171875,2725.822509765625,-682.2113647460938,635.4806518554688,2547.318115234375,-772.5572509765625,600.3438110351562,2537.91162109375,-855.1005249023438,605.23779296875,2593.738525390625,-784.7627563476562,610.7476196289062,2509.770263671875,119.84407806396484,469.5773010253906,3109.537353515625,436.01910400390625,502.77191162109375,2908.659912109375,734.9954833984375,700.852294921875,2885.3583984375,865.987060546875,695.7832641601562,2767.952392578125,103.99585723876952,601.5888671875,3015.437744140625,468.7550964355469,589.550537109375,2926.43310546875,788.924560546875,708.8795776367188,3049.5166015625,932.1232299804688,684.3222045898438,2978.0615234375,-466.7599792480469,480.89019775390625,3057.3779296875,-580.1062622070312,429.438720703125,3142.7578125,-544.2079467773438,459.7784118652344,3166.322265625,-429.0575256347656,484.1640930175781,3148.243896484375,-578.8137817382812,477.6003723144531,3136.373291015625,-530.8641357421875,556.5691528320312,3055.056396484375
108.24784088134766,546.1077270507812,3061.8193359375,-59.98053359985352,528.4179077148438,3064.32861328125,-194.31564331054688,512.7487182617188,3063.827880859375,-399.8135986328125,501.62786865234375,3069.311279296875,-364.4014892578125,483.6506958007813,3093.458740234375,-387.4270935058594,388.9743957519531,3187.70068359375,-369.64056396484375,164.8206787109375,3322.258056640625,-372.5900268554687,-54.75288772583008,3334.521240234375,-441.5257263183594,-91.22684478759766,3382.009521484375,-436.7154846191406,-11.568337440490724,3317.74365234375,-464.4202575683594,30.42142105102539,3326.21142578125,-367.3583984375,524.7330322265625,3044.716552734375,-411.1288757324219,576.6370849609375,2940.1142578125,-558.2847900390625,607.6237182617188,2719.490966796875,-682.5010986328125,623.9478149414062,2535.35009765625,-779.1990356445312,606.2034301757812,2536.150634765625,-858.1428833007812,621.4249877929688,2596.810546875,-791.1436767578125,609.2691040039062,2521.3056640625,116.62511444091795,472.8451232910156,3106.96826171875,440.4434509277344,507.1755676269531,2911.840087890625,739.2628173828125,710.9276123046875,2883.273193359375,867.6828002929688,709.447998046875,2760.537109375,100.69367980957033,612.1718139648438,3021.106689453125,470.6136474609375,642.4765625,2943.372314453125,799.8422241210938,760.9398193359375,3052.838134765625,941.43212890625,744.2306518554688,2972.92041015625,-475.7778625488281,487.7900085449219,3063.14404296875,-588.09619140625,439.2674560546875,3153.96337890625,-551.02099609375,470.3314208984375,3175.815673828125,-435.17584228515625,493.5606689453125,3153.64990234375,-586.6629638671875,487.6605224609375,3146.02685546875,-540.0450439453125,564.5422973632812,3060.283203125
55.02750778198242,526.0939331054688,3053.941162109375,-99.73519134521484,526.4964599609375,3053.078857421875,-223.32940673828125,522.5917358398438,3048.866943359375,-411.272705078125,510.4911804199219,3050.2080078125,-379.4130554199219,498.8157348632813,3075.832275390625,-400.6343994140625,426.2605895996094,3174.1376953125,-386.9002990722656,220.30401611328125,3296.044677734375,-380.8289489746094,22.1091365814209,3330.171875,-399.325439453125,-47.56196975708008,3372.38134765625,-440.6609802246094,-3.02811336517334,3301.0048828125,-494.9980773925781,33.66627502441406,3325.75244140625,-381.1155395507813,527.697021484375,3025.126220703125,-417.03314208984375,567.6256713867188,2924.47412109375,-555.4786376953125,602.3831176757812,2726.262451171875,-673.2058715820312,624.0676879882812,2561.385986328125,-757.094970703125,606.6495361328125,2534.021484375,-841.6126708984375,619.4224853515625,2568.41259765625,-763.3245239257812,610.6723022460938,2517.00830078125,54.5572509765625,475.4448547363281,3114.696533203125,378.78118896484375,454.5644836425781,2992.011474609375,686.1061401367188,579.3712158203125,3003.510009765625,815.1118774414062,542.6625366210938,2911.74267578125,55.45155715942383,571.7664794921875,2999.155517578125,399.8665161132813,590.1196899414062,2961.86181640625,701.4979248046875,718.722900390625,3032.339599609375,837.318359375,681.380859375,2982.18603515625,-480.4199523925781,495.9152221679687,3044.941650390625,-576.4115600585938,417.9861755371094,3109.31640625,-541.971923828125,438.0603637695313,3137.039306640625,-438.0965270996094,470.5559692382813,3121.286865234375,-576.6661376953125,461.6306457519531,3119.77978515625,-540.9683227539062,558.7757568359375,3072.80078125
97.34625244140624,541.8280639648438,3060.591064453125,-68.3917465209961,525.2418212890625,3062.864990234375,-200.6093292236328,509.39990234375,3061.19580078125,-403.1109924316406,500.4799499511719,3058.4912109375,-369.4012451171875,482.4511413574219,3083.654296875,-398.1679382324219,391.9581298828125,3177.4619140625,-378.9298095703125,170.5172882080078,3308.503173828125,-372.9916687011719,-45.35423278808594,3324.76220703125,-441.69879150390625,-83.42893981933594,3368.507080078125,-440.4552612304687,-5.745589733123779,3304.14013671875,-482.5704345703125,24.511110305786133,3328.43408203125,-369.9822998046875,522.888671875,3035.56201171875,-415.2566528320313,576.5056762695312,2934.795654296875,-558.830078125,611.583984375,2717.362548828125,-679.4959106445312,635.0774536132812,2535.7509765625,-772.1512451171875,607.0276489257812,2535.3662109375,-855.250732421875,615.4246826171875,2588.834228515625,-784.3661499023438,609.9910278320312,2516.148193359375,104.83592224121094,473.9601135253906,3111.44775390625,424.98681640625,521.7547607421875,2924.5068359375,723.4478149414062,710.4098510742188,2870.19189453125,858.6737060546875,728.6812744140625,2760.747314453125,90.59249114990234,603.0275268554688,3014.731201171875,455.1406555175781,626.5990600585938,2937.4248046875,780.1976318359375,754.2705078125,3028.841552734375,928.374267578125,740.87548828125,2967.479736328125,-477.7406005859375,487.5981750488281,3049.43359375,-589.6863403320312,423.5758361816406,3126.121337890625,-553.5341796875,449.2894287109375,3153.747314453125,-439.1519470214844,475.6939392089844,3138.551513671875,-588.179443359375,471.8326416015625,3127.771240234375,-541.0118408203125,562.4306030273438,3060.439208984375
78.37284088134766,541.3187866210938,3066.900390625,-82.43388366699219,532.1763916015625,3063.8603515625,-210.3861541748047,520.183349609375,3055.455078125,-406.064208984375,509.3929748535156,3050.433837890625,-373.7335815429687,494.4647216796875,3076.7158203125,-409.1131286621094,411.4122924804687,3168.97998046875,-393.851806640625,193.50747680664065,3289.600341796875,-388.398681640625,-14.786645889282228,3310.7080078125,-429.0062255859375,-75.28375244140625,3358.15673828125,-441.8710632324219,6.4339118003845215,3306.420654296875,-497.8812561035156,30.037179946899418,3328.893310546875,-373.8426513671875,529.37841796875,3026.97998046875,-420.2264404296875,572.5994262695312,2926.5703125,-558.424072265625,612.1276245117188,2716.851806640625,-680.7998046875,623.7577514648438,2544.02783203125,-770.3363647460938,597.8291015625,2535.3271484375,-852.7381591796875,617.0119018554688,2580.490234375,-779.923583984375,601.1231079101562,2511.662841796875,81.0842056274414,476.6904296875,3117.83984375,398.3750915527344,471.4983215332031,2944.706787109375,719.4560546875,597.2876586914062,2965.590087890625,840.2186889648438,576.5298461914062,2848.965576171875,75.92789459228516,599.5969848632812,3020.96630859375,429.6528625488281,617.7850952148438,2950.664794921875,744.9633178710938,735.4761962890625,3043.4248046875,873.7088623046875,710.1343994140625,2959.726318359375,-477.966796875,495.4967651367187,3041.62548828125,-580.714599609375,413.5411987304687,3103.102783203125,-545.8355102539062,433.5658874511719,3133.711181640625,-437.0006408691406,467.0679626464844,3122.037841796875,-581.13134765625,458.7184753417969,3114.9921875,-541.6550903320312,560.6620483398438,3069.760009765625
35.357933044433594,533.7317504882812,3069.834228515625,-117.0616455078125,531.6171264648438,3056.46826171875,-238.13079833984375,525.6924438476562,3039.972412109375,-424.0519714355469,515.4229125976562,3038.328857421875,-392.9854736328125,502.238525390625,3063.397216796875,-414.17779541015625,428.9087219238281,3159.350341796875,-379.6555786132813,220.53509521484375,3266.900390625,-357.0089111328125,23.47390365600586,3282.007568359375,-388.55224609375,-42.81647109985352,3319.84716796875,-454.0003662109375,14.997560501098633,3288.808349609375,-471.4373168945313,26.24747085571289,3322.5048828125,-393.768310546875,533.461669921875,3014.85693359375,-425.8473510742187,568.873291015625,2912.68017578125,-559.2618408203125,611.596923828125,2715.95849609375,-682.9398803710938,623.816162109375,2557.412353515625,-767.1707153320312,601.724609375,2539.380126953125,-848.757568359375,621.25146484375,2574.8896484375,-773.6720581054688,606.32763671875,2515.348388671875,32.2254638671875,470.3761901855469,3115.5791015625,344.107421875,417.64556884765625,2981.970947265625,665.7347412109375,471.0940551757813,3019.178955078125,782.5803833007812,433.4888916015625,2915.489501953125,38.182621002197266,590.8623046875,3028.583984375,374.7674560546875,616.1262817382812,2967.585693359375,671.0270385742188,710.4398193359375,3082.903076171875,796.7946166992188,695.4523315429688,3006.658935546875,-492.4685974121094,501.9558715820313,3031.4990234375,-588.7059936523438,422.2203063964844,3089.601806640625,-554.8978881835938,440.2998962402344,3118.49560546875,-451.7936401367187,472.5026550292969,3106.03466796875,-588.8209228515625,464.74371337890625,3102.28759765625,-552.2987670898438,562.9330444335938,3061.622802734375
1.7640224695205688,520.9622192382812,3077.30615234375,-143.59933471679688,527.9706420898438,3055.322265625,-259.0260009765625,530.0997924804688,3032.575439453125,-437.50439453125,515.9506225585938,3037.646484375,-406.4359130859375,503.7449035644531,3060.47021484375,-410.8113098144531,430.320556640625,3152.65625,-355.32916259765625,230.0882568359375,3246.48486328125,-322.2688903808594,42.07612609863281,3259.588134765625,-366.1943054199219,-15.697293281555176,3291.89404296875,-450.93212890625,10.877396583557127,3284.151611328125,-432.0683898925781,31.05022430419922,3307.7197265625,-409.6733703613281,534.22412109375,3014.17822265625,-432.8014221191406,570.0442504882812,2914.41259765625,-556.8222045898438,606.5603637695312,2721.4208984375,-674.9597778320312,613.2701416015625,2567.978515625,-753.6171875,600.6288452148438,2536.8408203125,-836.1806030273438,616.9027099609375,2561.25732421875,-756.4467163085938,609.5357666015625,2514.19970703125,-7.4054059982299805,458.3467102050781,3117.974853515625,287.37908935546875,371.8195495605469,2996.749267578125,598.1759033203125,388.0192565917969,3049.390869140625,704.9633178710938,338.1563415527344,2949.406494140625,10.032500267028809,577.4254150390625,3040.6337890625,337.83575439453125,595.5183715820312,3008.022216796875,617.8162231445312,669.5044555664062,3141.709716796875,740.5267944335938,650.0458984375,3072.546630859375,-503.1901550292969,501.4894714355469,3033.42626953125,-591.1709594726562,420.57171630859375,3090.748046875,-557.93408203125,437.9866333007813,3117.6611328125,-460.2311706542969,472.0485229492187,3102.42578125,-591.822021484375,461.05767822265625,3104.250244140625,-560.9357299804688,557.6024780273438,3066.71533203125
0.0911349207162857,519.6207275390625,3078.42578125,-143.48355102539062,526.8721313476562,3057.5185546875,-257.55987548828125,529.324462890625,3035.8798828125,-433.83843994140625,518.2733764648438,3043.334716796875,-403.1279602050781,507.30419921875,3066.344482421875,-416.5061645507813,460.1251220703125,3171.911865234375,-414.81011962890625,324.44287109375,3351.4111328125,-440.28753662109375,142.34637451171875,3394.53076171875,-513.58837890625,116.96589660644533,3383.099853515625,-495.3208312988281,170.23280334472656,3315.49560546875,-481.6507568359375,234.15005493164065,3354.166259765625,-406.3463439941406,534.3339233398438,3018.7861328125,-428.6263732910156,563.5802612304688,2918.210693359375,-536.7041015625,566.5018920898438,2716.029541015625,-649.4122924804688,520.4135131835938,2568.55419921875,-723.9302978515625,536.3186645507812,2532.202392578125,-790.9796752929688,588.3192138671875,2548.927734375,-719.3909301757812,576.9044189453125,2506.444580078125,-8.918978691101074,458.0645751953125,3118.949951171875,277.3439636230469,360.8551940917969,2997.02001953125,584.4017333984375,371.8450927734375,3048.494873046875,688.1580200195312,317.27471923828125,2950.891357421875,8.215949058532715,575.1286010742188,3041.883544921875,332.5987548828125,593.5344848632812,3020.17041015625,598.3263549804688,668.6635131835938,3171.33935546875,723.3843994140625,653.3709716796875,3109.49755859375,-498.8992004394531,504.6953430175781,3040.691162109375,-586.3547973632812,428.6787414550781,3101.46240234375,-552.9945678710938,446.4305419921875,3126.941162109375,-456.216064453125,477.8286437988281,3109.5126953125,-586.22314453125,469.1658325195313,3113.10546875,-554.6528930664062,562.3181762695312,3071.77880859375
41.37113952636719,516.1485595703125,3085.48828125,-116.16181182861328,516.7300415039062,3070.644775390625,-241.7449188232422,515.0751342773438,3055.543701171875,-434.2076416015625,511.6866760253906,3060.45703125,-401.7454833984375,496.543701171875,3085.089111328125,-425.3312377929687,424.6968688964844,3186.857666015625,-387.1772766113281,259.4025573730469,3363.75634765625,-379.708984375,55.524261474609375,3390.105224609375,-454.8258361816406,14.905303955078123,3388.907470703125,-467.00537109375,77.83116912841797,3317.657958984375,-444.5213623046875,151.28260803222656,3371.83837890625,-403.0660400390625,529.44873046875,3035.309326171875,-425.5887756347656,570.887939453125,2928.630859375,-550.4903564453125,621.9454345703125,2718.4921875,-675.4805908203125,588.8475341796875,2555.162841796875,-766.30810546875,600.0638427734375,2546.18798828125,-851.9779052734375,622.6271362304688,2514.168212890625,-773.3989868164062,592.9445190429688,2539.70947265625,36.98233413696289,448.38720703125,3129.411865234375,334.8131408691406,542.39013671875,2960.498291015625,639.4546508789062,634.792724609375,2843.01513671875,769.4180908203125,678.2400512695312,2749.05078125,45.32872009277344,577.251953125,3045.880615234375,398.5507507324219,602.9090576171875,3026.48193359375,725.5499267578125,647.4564208984375,3119.591796875,876.3721923828125,654.6674194335938,3095.711181640625,-505.63323974609375,500.5081176757813,3055.722900390625,-606.9907836914062,429.70013427734375,3126.60595703125,-570.5965576171875,450.0919189453125,3153.514404296875,-463.0409851074219,477.08392333984375,3134.93408203125,-604.997802734375,474.8285217285156,3134.673583984375,-564.1118774414062,569.2785034179688,3080.7177734375
-17.859819412231445,512.1799926757812,3079.53515625,-154.83546447753906,521.8223876953125,3058.027099609375,-263.9797668457031,527.4761962890625,3037.975341796875,-432.7548828125,517.244140625,3042.216796875,-403.797607421875,507.162109375,3064.975830078125,-416.88726806640625,455.1398010253906,3162.5732421875,-415.6225891113281,406.3317565917969,3372.251220703125,-457.8471984863281,302.68572998046875,3514.11181640625,-529.147705078125,306.1010437011719,3537.18310546875,-545.5716552734375,305.9958190917969,3454.619873046875,-507.977783203125,333.9860534667969,3429.55859375,-406.0012817382813,532.1023559570312,3018.912353515625,-438.2556457519531,564.4876098632812,2927.21826171875,-557.445068359375,595.595703125,2745.710205078125,-667.4728393554688,583.2314453125,2600.030029296875,-735.630615234375,570.349609375,2558.642333984375,-815.0923461914062,561.6956787109375,2537.251708984375,-735.6552124023438,561.5782470703125,2531.965576171875,-28.226274490356445,454.5144653320313,3119.7021484375,247.93844604492188,437.0051574707031,2975.8310546875,541.141845703125,487.8443298339844,2992.876220703125,647.4041137695312,470.6564025878906,2894.317138671875,-8.511932373046875,564.1795043945312,3043.315185546875,302.9441223144531,565.4823608398438,3050.841552734375,580.9249877929688,620.213134765625,3153.084716796875,698.705810546875,605.8477172851562,3090.215576171875,-494.9653625488281,504.2767639160156,3038.805908203125,-578.5573120117188,426.9608459472656,3090.828125,-546.6443481445312,441.9205017089844,3116.50341796875,-454.0815734863281,473.30426025390625,3102.314697265625,-578.4592895507812,464.6558532714844,3105.1005859375,-548.3428955078125,556.7432250976562,3072.977783203125
-20.715164184570312,512.1038818359375,3078.196044921875,-155.43531799316406,522.7523193359375,3056.7294921875,-262.7939453125,529.2324829101562,3036.757568359375,-429.1224365234375,521.7509765625,3039.3369140625,-400.9802856445313,511.1583557128906,3061.900146484375,-414.7264709472656,457.4464111328125,3156.491455078125,-413.8377990722656,403.69482421875,3361.51123046875,-449.2731323242187,299.55596923828125,3501.314697265625,-515.8297729492188,292.6528625488281,3532.574462890625,-528.0819702148438,287.0511474609375,3450.800537109375,-515.511962890625,298.9130859375,3425.95556640625,-402.3473205566406,536.1817016601562,3016.77685546875,-429.1295776367187,567.9214477539062,2924.856201171875,-525.3993530273438,580.39990234375,2731.943359375,-613.274658203125,520.69091796875,2586.462646484375,-685.5152587890625,533.38232421875,2555.739990234375,-763.8861083984375,553.3366088867188,2545.949462890625,-690.457763671875,538.8350830078125,2545.6044921875,-31.503189086914062,455.4949645996094,3117.819091796875,241.6320343017578,395.6536254882813,2990.9462890625,530.6072998046875,423.3582763671875,3033.800537109375,639.896240234375,390.437255859375,2946.51953125,-10.987128257751465,563.1505737304688,3042.466064453125,295.4323425292969,556.421630859375,3054.278564453125,564.0115966796875,606.8538208007812,3169.403564453125,680.2691040039062,588.5125732421875,3109.200927734375,-490.5287780761719,509.989013671875,3035.302001953125,-574.65625,433.9796752929687,3083.621826171875,-543.1841430664062,447.372802734375,3109.566162109375,-451.3824462890625,476.94091796875,3097.22607421875,-573.9884033203125,470.6582946777344,3098.750732421875,-542.3917846679688,561.6240234375,3070.021728515625
-27.552440643310547,511.3905029296875,3077.612060546875,-161.81346130371094,522.4759521484375,3057.0166015625,-268.910400390625,529.7609252929688,3038.37109375,-434.546875,523.7394409179688,3044.1181640625,-406.179443359375,512.6774291992188,3065.9091796875,-417.9095153808594,458.9087829589844,3160.228271484375,-410.7992858886719,409.8959655761719,3365.4326171875,-446.4659423828125,305.4796447753906,3504.054931640625,-508.400390625,293.7391357421875,3541.963134765625,-522.5159912109375,281.6736755371094,3461.536865234375,-518.100341796875,282.44952392578125,3439.59326171875,-408.196533203125,538.1417236328125,3021.296875,-438.0296325683594,571.9331665039062,2931.517333984375,-547.3104858398438,592.4737548828125,2747.399169921875,-647.2286987304688,539.0779418945312,2608.273193359375,-721.6529541015625,544.1882934570312,2581.67041015625,-795.6441040039062,552.5652465820312,2549.455810546875,-724.1896362304688,555.2998657226562,2576.5224609375,-38.27163314819336,455.07818603515625,3117.179931640625,231.67076110839844,367.4382629394531,3003.283447265625,516.3541870117188,384.6619567871094,3067.132568359375,628.278564453125,344.7530517578125,2987.38330078125,-17.886474609375,562.1697998046875,3041.93212890625,287.1433410644531,547.9512939453125,3050.62109375,548.1342163085938,598.3414306640625,3179.342529296875,665.36962890625,576.969482421875,3123.350830078125,-495.8761901855469,512.6126708984375,3041.16943359375,-578.6239624023438,432.8525085449219,3084.280517578125,-546.47265625,443.58245849609375,3110.34423828125,-455.28460693359375,473.8533935546875,3098.241943359375,-577.3316650390625,467.77191162109375,3102.745361328125,-546.2362060546875,560.617919921875,3082.010009765625
-52.92150115966797,506.4068908691406,3071.743896484375,-179.99325561523438,520.4841918945312,3054.0654296875,-281.3473205566406,529.1710205078125,3036.792724609375,-438.0906066894531,519.3016967773438,3038.447021484375,-411.4735107421875,509.7203979492187,3059.82666015625,-423.7212829589844,455.9069213867187,3147.28662109375,-415.0548095703125,411.7507629394531,3342.073486328125,-453.9700927734375,304.5433044433594,3465.143798828125,-503.7546081542969,289.30499267578125,3511.426513671875,-517.124755859375,252.47592163085935,3443.78369140625,-525.698486328125,281.4333801269531,3405.623291015625,-412.9821166992187,533.42919921875,3017.331298828125,-433.9671630859375,564.1029663085938,2929.7509765625,-510.2850646972656,574.3406372070312,2741.16650390625,-574.2953491210938,476.8581848144531,2617.589599609375,-631.8009643554688,519.2146606445312,2594.6767578125,-689.1463623046875,568.8958740234375,2582.546142578125,-649.6862182617188,515.9307250976562,2595.74267578125,-64.1943588256836,455.6845703125,3112.38232421875,190.33607482910156,353.0193176269531,3019.90185546875,457.5758972167969,365.1683349609375,3090.93310546875,565.8944091796875,320.20318603515625,3023.0126953125,-42.75626754760742,552.1455078125,3035.0986328125,245.6260681152344,529.4315185546875,3039.319580078125,490.1060485839844,579.2863159179688,3165.70947265625,602.51904296875,551.0218505859375,3119.744140625,-495.7837829589844,507.1852722167969,3034.32763671875,-574.5111694335938,434.8031311035156,3079.8974609375,-545.2833251953125,448.16790771484375,3104.52978515625,-459.0105895996094,477.2507019042969,3093.4736328125,-574.5602416992188,469.5647888183594,3093.773681640625,-545.78369140625,555.5001220703125,3066.00048828125
-57.63035202026367,503.5948791503906,3071.166748046875,-182.55140686035156,517.0335693359375,3054.674560546875,-282.2771301269531,525.9511108398438,3039.240966796875,-436.1106872558594,516.6171875,3044.539794921875,-409.4892578125,506.7662048339844,3064.697265625,-419.8548278808594,454.0227661132813,3150.83984375,-416.3108215332031,412.2141418457031,3342.58544921875,-455.3405456542969,304.431396484375,3460.905029296875,-505.64837646484375,287.7837829589844,3504.14794921875,-511.24566650390625,244.24058532714844,3441.194091796875,-518.6581420898438,270.8974304199219,3399.600830078125,-411.9432067871094,530.7996215820312,3023.451416015625,-435.5759887695313,564.8983154296875,2939.759765625,-534.6209106445312,588.1121826171875,2767.568603515625,-608.8828125,476.6159057617187,2668.144775390625,-642.76171875,521.9072265625,2620.98291015625,-676.5009155273438,574.5634765625,2578.791015625,-647.5488891601562,515.0771484375,2596.3076171875,-68.2637939453125,453.6700744628906,3111.029052734375,179.16709899902344,345.1958312988281,3022.32568359375,438.21051025390625,357.4549865722656,3103.54541015625,547.1480102539062,311.6129455566406,3042.410888671875,-48.041717529296875,548.6142578125,3035.22119140625,234.45053100585935,519.3043823242188,3030.521240234375,470.8516540527344,568.7929077148438,3161.202880859375,582.3310546875,540.531982421875,3119.227294921875,-492.8733215332031,504.9375305175781,3041.69970703125,-568.6109008789062,430.6277770996094,3083.757080078125,-539.1242065429688,442.0502624511719,3107.853759765625,-454.8375854492187,471.53759765625,3096.264404296875,-568.211669921875,463.68756103515625,3099.79931640625,-540.9080200195312,549.8805541992188,3077.7548828125
-85.39828491210938,505.14019775390625,3064.3369140625,-203.76809692382812,520.4487915039062,3046.64111328125,-298.296630859375,530.9503173828125,3030.547607421875,-444.2329406738281,517.5375366210938,3039.64990234375,-418.1092834472656,509.3890380859375,3058.360595703125,-415.1788024902344,457.7465515136719,3140.04248046875,-400.6587829589844,424.0003967285156,3323.293701171875,-444.640625,310.2611389160156,3421.962158203125,-477.8887023925781,283.749755859375,3471.2880859375,-516.851318359375,241.77719116210935,3425.890869140625,-511.6178283691406,266.4302978515625,3383.156494140625,-422.19329833984375,531.3204345703125,3018.688232421875,-443.7796020507813,562.1005859375,2938.080322265625,-525.7277221679688,586.9827880859375,2767.991455078125,-582.1878051757812,472.4060363769531,2673.557373046875,-622.3038330078125,509.6296691894531,2629.71484375,-661.9844360351562,557.32568359375,2593.51416015625,-638.22509765625,499.7478942871094,2612.8701171875,-97.24982452392578,459.67864990234375,3104.284423828125,136.47621154785156,342.0920104980469,3034.6083984375,381.072509765625,350.21435546875,3118.65234375,485.9537048339844,301.0259704589844,3067.33056640625,-74.71123504638672,546.1348266601562,3028.314697265625,192.80615234375,506.3208312988281,3029.21923828125,418.45654296875,551.8712768554688,3153.234619140625,525.6030883789062,519.4494018554688,3120.713623046875,-497.9461975097656,504.6522521972656,3038.61083984375,-567.0361938476562,435.8840637207031,3086.656982421875,-539.1154174804688,449.9970703125,3107.970947265625,-460.0426330566406,479.5603332519531,3092.9814453125,-567.6148681640625,468.7462158203125,3098.6630859375,-544.8053588867188,549.1088256835938,3069.1025390625
-64.37635803222656,503.62841796875,3065.230224609375,-188.7670135498047,518.543212890625,3049.035400390625,-288.149169921875,528.6005249023438,3034.169189453125,-441.5860595703125,520.1378784179688,3038.3173828125,-415.2951965332031,511.235107421875,3059.151123046875,-411.8953247070313,461.80511474609375,3147.416015625,-400.0860900878906,421.7268981933594,3338.573486328125,-449.7160339355469,301.75244140625,3439.140625,-495.5275573730469,280.19146728515625,3484.80517578125,-510.2903137207031,230.83348083496097,3428.239501953125,-516.598876953125,276.406005859375,3378.33154296875,-417.2219848632813,533.1196899414062,3016.8671875,-432.5182189941406,558.7200927734375,2928.65283203125,-473.99310302734375,530.136962890625,2735.74853515625,-523.0662231445312,403.5854187011719,2639.65283203125,-581.6190185546875,436.4736633300781,2609.997314453125,-627.6094970703125,486.200439453125,2577.319580078125,-602.443359375,450.244384765625,2640.63134765625,-75.60964965820312,457.8668823242187,3109.36767578125,152.11859130859375,310.1644592285156,3027.656005859375,404.9714050292969,340.5733947753906,3120.0185546875,507.896240234375,279.4859619140625,3062.82861328125,-54.24679946899414,544.8936157226562,3025.429443359375,226.0066375732422,511.17230224609375,3003.04736328125,441.8770446777344,592.9246215820312,3150.216552734375,554.0339965820312,562.8185424804688,3112.676025390625,-498.188232421875,508.5770568847656,3035.48388671875,-574.0531616210938,436.16119384765625,3079.599365234375,-544.8518676757812,448.4596252441406,3103.40576171875,-460.7273254394531,477.3894348144531,3091.421142578125,-573.7749633789062,469.7063598632813,3094.319580078125,-546.3499755859375,554.7247924804688,3069.290771484375
-86.57220458984375,504.6184692382813,3059.057373046875,-205.04010009765625,520.2091064453125,3043.586181640625,-299.6890563964844,531.2395629882812,3029.51171875,-446.0031433105469,526.3516235351562,3037.666259765625,-420.5529174804687,516.1688232421875,3056.22314453125,-417.1719665527344,461.8483581542969,3135.963134765625,-398.5979919433594,416.6409912109375,3316.07861328125,-447.5040893554687,290.148193359375,3394.45947265625,-494.2510681152344,292.3315734863281,3439.615478515625,-520.6251220703125,233.40049743652344,3405.602783203125,-514.4287109375,269.75689697265625,3339.1865234375,-423.0975341796875,539.3309936523438,3017.2021484375,-442.6668701171875,568.7819213867188,2935.728271484375,-543.723876953125,577.1990356445312,2774.8642578125,-612.73974609375,454.41351318359375,2701.916259765625,-661.9390869140625,483.88519287109375,2661.744140625,-713.8739624023438,526.569580078125,2636.725830078125,-620.0243530273438,467.1047973632813,2624.637939453125,-97.7562484741211,458.06341552734375,3097.78271484375,126.1070785522461,326.19732666015625,3022.982177734375,367.9541320800781,340.6851501464844,3112.783935546875,468.8574523925781,286.5285949707031,3058.998291015625,-76.487060546875,546.5991821289062,3024.13720703125,192.345947265625,525.5038452148438,3009.133056640625,396.2802429199219,598.2778930664062,3155.0478515625,505.9367370605469,576.2835693359375,3122.770751953125,-500.3052978515625,516.7503662109375,3036.07080078125,-576.7294311523438,446.8702697753906,3068.522216796875,-553.0975952148438,460.0462036132813,3094.919921875,-472.7433166503906,489.5941467285156,3095.322998046875,-579.4464111328125,479.251220703125,3081.3662109375,-551.79150390625,560.3378295898438,3059.234130859375
-84.73027801513672,503.0757751464844,3059.56689453125,-203.47412109375,517.7424926757812,3044.428955078125,-298.3367919921875,528.0439453125,3030.623779296875,-444.61761474609375,520.6866455078125,3039.92041015625,-418.8319091796875,510.9005126953125,3058.2822265625,-415.3492126464844,457.46038818359375,3138.719482421875,-395.9221801757813,416.69146728515625,3319.982421875,-454.4022521972656,291.7552795410156,3394.500732421875,-498.99957275390625,296.7138671875,3441.655517578125,-516.7625732421875,244.83482360839844,3393.402099609375,-521.291015625,297.6182861328125,3337.658447265625,-422.0721435546875,534.0852661132812,3019.276123046875,-441.1662902832031,564.0453491210938,2937.7841796875,-539.530517578125,572.5812377929688,2775.056884765625,-603.6881103515625,442.49945068359375,2710.475341796875,-653.7536010742188,471.6605529785156,2671.0390625,-705.786376953125,514.54833984375,2646.38134765625,-619.116455078125,459.5385437011719,2635.91748046875,-95.43956756591795,456.2980651855469,3098.250244140625,127.64547729492188,325.3286437988281,3018.77587890625,368.6492004394531,343.9193115234375,3110.76220703125,469.9944763183594,291.06671142578125,3056.2353515625,-75.07323455810547,545.2572631835938,3024.6845703125,194.41888427734375,528.5885620117188,3011.469970703125,391.84368896484375,607.077392578125,3163.6787109375,502.7760314941406,587.3277587890625,3134.02099609375,-498.81298828125,510.1682434082031,3038.73388671875,-574.0647583007812,439.1357727050781,3071.759765625,-550.9385375976562,453.2843933105469,3098.15283203125,-471.17431640625,484.6080017089844,3098.73583984375,-577.5997314453125,471.6944274902344,3084.031982421875,-551.4845581054688,553.0520629882812,3060.72265625
-84.62651062011719,503.6652221679687,3059.31884765625,-203.28286743164065,518.8104858398438,3044.40625,-298.0964660644531,529.68994140625,3031.02099609375,-444.2958984375,523.6273803710938,3041.41064453125,-418.4723510742187,513.6463012695312,3059.586181640625,-412.2563781738281,458.96234130859375,3138.962890625,-384.9280090332031,394.453857421875,3312.0400390625,-423.76019287109375,248.3508453369141,3353.33740234375,-443.4996337890625,251.86538696289065,3415.234130859375,-487.8265380859375,203.60560607910156,3383.0380859375,-502.1598815917969,275.7270812988281,3329.608642578125,-421.79888916015625,536.7938232421875,3020.58984375,-441.14996337890625,567.0249633789062,2939.30322265625,-541.25439453125,576.6004028320312,2777.801025390625,-604.701904296875,442.6712036132813,2721.033203125,-654.0056762695312,468.8285217285156,2678.69384765625,-705.5504760742188,509.7317810058594,2650.055908203125,-618.8948364257812,454.5025329589844,2645.315185546875,-95.45293426513672,457.0467834472656,3098.11669921875,127.01827239990234,325.6503601074219,3018.0498046875,367.7526550292969,345.06951904296875,3110.237548828125,468.9167175292969,292.1408996582031,3055.58251953125,-74.86385345458984,545.703125,3024.333251953125,194.47711181640625,528.0277709960938,3011.89111328125,390.3182678222656,607.5040283203125,3165.422607421875,501.35498046875,587.1114501953125,3136.818359375,-498.56353759765625,513.586181640625,3040.64306640625,-574.1707153320312,444.3602600097656,3076.415771484375,-551.1285400390625,459.586181640625,3102.252197265625,-471.2989501953125,490.6375427246094,3101.82177734375,-577.6502685546875,477.4275512695313,3087.20947265625,-551.1661376953125,557.5504150390625,3060.44873046875
-77.46704864501953,504.67913818359375,3055.690673828125,-199.1791076660156,520.3036499023438,3038.899169921875,-296.48089599609375,532.762451171875,3025.437255859375,-446.2227783203125,527.9452514648438,3041.896240234375,-419.0670776367187,518.2412719726562,3059.95947265625,-413.95501708984375,467.0362854003906,3144.817138671875,-384.3074951171875,449.6694030761719,3333.56005859375,-475.2792053222656,332.15911865234375,3395.54345703125,-524.1139526367188,353.5065612792969,3435.8955078125,-536.3265380859375,299.0992736816406,3385.717041015625,-525.3511962890625,356.6259460449219,3326.52978515625,-423.85064697265625,540.4857177734375,3019.155029296875,-447.4023132324219,569.004150390625,2935.68408203125,-554.6153564453125,579.4676513671875,2772.570068359375,-652.4495239257812,452.9879760742187,2740.657958984375,-705.5531005859375,471.2756958007813,2695.642578125,-751.69921875,507.1326599121094,2650.6806640625,-732.5967407226562,431.2598876953125,2694.568603515625,-89.10775756835938,457.1302490234375,3095.8232421875,135.5050506591797,318.92449951171875,3008.130126953125,379.0296325683594,345.424072265625,3110.8046875,481.6012878417969,290.2019958496094,3052.9755859375,-66.97010040283203,547.5560913085938,3019.50146484375,210.35769653320312,535.4659423828125,3015.167724609375,403.9638671875,625.6217041015625,3177.738525390625,518.0132446289062,604.0086669921875,3148.6904296875,-502.02386474609375,517.9755859375,3043.5712890625,-570.4852294921875,437.2853698730469,3078.879150390625,-558.0471801757812,462.82421875,3105.392578125,-486.8359375,513.7161254882812,3114.585693359375,-583.5657348632812,470.6810302734375,3080.80517578125,-567.4511108398438,550.9819946289062,3041.238037109375
-70.85594177246094,501.1755676269531,3059.3212890625,-193.7689208984375,516.716796875,3042.547607421875,-292.0423583984375,529.5059204101562,3029.564453125,-442.7986755371094,529.9216918945312,3050.043701171875,-415.2586975097656,519.5947875976562,3067.783935546875,-407.12152099609375,463.4843444824219,3150.37255859375,-363.00140380859375,375.0833435058594,3316.9267578125,-402.14349365234375,218.08987426757812,3332.37158203125,-459.2760314941406,227.2996826171875,3367.077880859375,-513.0020751953125,249.10752868652344,3415.77783203125,-473.2659606933594,279.67486572265625,3329.94970703125,-420.4150390625,541.3802490234375,3026.27685546875,-444.1036071777344,568.6693115234375,2941.498046875,-547.4965209960938,581.8182373046875,2773.953857421875,-653.8836059570312,465.8594665527344,2725.725341796875,-720.8096313476562,475.28662109375,2699.060546875,-787.99951171875,467.6013793945313,2667.97705078125,-725.8766479492188,430.5373229980469,2687.4091796875,-82.46244049072266,453.2820434570313,3099.99609375,147.79478454589844,315.6881103515625,3017.810302734375,399.3139953613281,336.3348083496094,3108.345947265625,499.28656005859375,277.3592834472656,3047.007568359375,-60.389862060546875,544.3633422851562,3022.643310546875,219.760498046875,537.6971435546875,3025.292236328125,420.4951477050781,625.650634765625,3184.58740234375,534.8948974609375,601.1719970703125,3154.53955078125,-499.3590087890625,521.7424926757812,3053.346435546875,-557.792724609375,431.80364990234375,3087.650390625,-551.48974609375,460.1526794433594,3114.01513671875,-489.27777099609375,522.413330078125,3126.07861328125,-576.111083984375,463.0859375,3087.041259765625,-569.3267822265625,544.2342529296875,3044.625244140625
-62.37044143676758,499.2452697753906,3062.914306640625,-189.3350524902344,508.3975830078125,3044.313720703125,-290.7965087890625,515.3228149414062,3028.986083984375,-444.86871337890625,528.8560180664062,3053.21435546875,-417.364990234375,514.670166015625,3070.287841796875,-414.95501708984375,455.22406005859375,3154.466552734375,-364.8479614257813,325.5426330566406,3297.22265625,-382.76666259765625,159.33023071289062,3302.087646484375,-437.841064453125,158.05615234375,3344.354248046875,-488.1004028320313,170.80227661132812,3402.513427734375,-454.905517578125,218.65072631835935,3312.563232421875,-421.21734619140625,539.8157348632812,3028.963623046875,-449.2098083496094,570.4696655273438,2943.70166015625,-556.3884887695312,573.2031860351562,2771.280517578125,-666.9381103515625,474.66656494140625,2689.102294921875,-738.9732666015625,459.3687744140625,2702.000732421875,-791.1649780273438,403.62548828125,2707.85205078125,-735.4149169921875,412.99603271484375,2695.4658203125,-72.08462524414062,449.4256896972656,3104.7080078125,178.20986938476562,321.0855712890625,3039.781982421875,441.8805236816406,338.3710021972656,3119.102294921875,542.163818359375,274.8955078125,3054.58251953125,-53.6107292175293,544.1697387695312,3025.22705078125,234.622314453125,547.34228515625,3033.36865234375,455.3891906738281,629.2754516601562,3182.604736328125,571.0407104492188,605.4395141601562,3143.8232421875,-503.5400390625,525.6563720703125,3057.34228515625,-552.3567504882812,425.65045166015625,3089.61865234375,-550.90869140625,455.1426086425781,3117.13427734375,-496.4718933105469,526.9417114257812,3132.559814453125,-575.2431640625,455.0851440429687,3088.338623046875,-577.5224609375,539.21923828125,3045.417236328125
-36.597381591796875,500.2867431640625,3069.310791015625,-167.3567352294922,505.7825927734375,3051.246337890625,-271.93096923828125,510.5301818847656,3037.20068359375,-430.8951416015625,522.7930908203125,3057.895751953125,-403.09967041015625,507.68743896484375,3075.6923828125,-419.6790161132813,445.30084228515625,3159.594970703125,-377.4660339355469,276.60894775390625,3267.47998046875,-374.8622741699219,104.98609924316406,3261.208984375,-418.9419250488281,93.68293762207033,3316.109619140625,-455.9803771972656,96.2779769897461,3386.991943359375,-450.7256164550781,157.6109161376953,3287.565673828125,-405.9445495605469,535.0936889648438,3034.166748046875,-436.5691833496094,572.3534545898438,2949.56005859375,-554.2129516601562,561.3579711914062,2777.756103515625,-667.35302734375,460.771240234375,2692.119140625,-724.9498291015625,424.1253967285156,2727.2578125,-784.963134765625,373.2897644042969,2726.6708984375,-738.1331176757812,398.0567932128906,2704.412109375,-44.8220329284668,449.914794921875,3113.519775390625,220.43240356445312,331.15130615234375,3054.995361328125,492.8499145507813,351.3088684082031,3130.20263671875,591.2171630859375,279.2203369140625,3064.0703125,-29.180850982666016,545.7093505859375,3029.44580078125,266.79248046875,554.704833984375,3033.86865234375,502.4334106445313,635.6903686523438,3174.88720703125,617.5615844726562,603.6331787109375,3130.056640625,-491.2289733886719,519.0903930664062,3060.220703125,-538.1525268554688,413.35247802734375,3088.10791015625,-538.763671875,442.62640380859375,3117.44580078125,-486.4072265625,517.8826293945312,3137.658935546875,-562.8108520507812,442.6590576171875,3087.100830078125,-567.296630859375,530.4502563476562,3046.033203125
-17.83061408996582,494.3668823242187,3070.887939453125,-151.95033264160156,495.2573547363281,3060.43896484375,-259.10504150390625,495.2300109863281,3051.232666015625,-421.1357116699219,506.222412109375,3071.884521484375,-392.841552734375,490.4079284667969,3089.64453125,-403.8553771972656,426.3479614257813,3175.637451171875,-361.66412353515625,244.60787963867188,3268.440673828125,-363.4107666015625,72.51370239257812,3237.317138671875,-407.0017395019531,54.067344665527344,3292.3798828125,-442.639892578125,47.168941497802734,3365.3271484375,-438.5700988769531,124.81246185302734,3270.800048828125,-395.6775207519531,519.6451416015625,3048.2646484375,-430.11419677734375,563.052490234375,2966.020751953125,-558.4862060546875,558.2667236328125,2796.969970703125,-676.5518798828125,456.7527160644531,2712.57275390625,-729.547607421875,402.608642578125,2731.866455078125,-785.9685668945312,345.7939758300781,2733.611083984375,-734.64404296875,380.7655029296875,2717.193359375,-21.665449142456055,442.3401489257813,3115.6767578125,257.21722412109375,340.7267150878906,3060.63720703125,534.3240356445312,377.2092590332031,3132.15087890625,636.96923828125,310.35308837890625,3061.793212890625,-14.372573852539062,541.2816772460938,3030.500244140625,286.5710144042969,555.5847778320312,3017.752685546875,530.3006591796875,646.3453369140625,3149.480224609375,644.9940185546875,617.7523193359375,3095.438720703125,-482.5621643066406,502.07037353515625,3073.822021484375,-515.0667114257812,392.7444152832031,3032.9150390625,-522.44775390625,401.0273742675781,3073.63720703125,-483.2443237304687,458.1506042480469,3139.50244140625,-544.3428955078125,415.8385314941406,3044.38720703125,-559.6246337890625,512.6610717773438,3056.752685546875
8.849180221557617,497.1795043945313,3085.511474609375,-131.35560607910156,498.58306884765625,3065.0341796875,-243.62030029296875,501.1566162109375,3050.109375,-415.4498596191406,508.3106689453125,3062.669921875,-386.1692504882813,493.6197509765625,3083.703125,-411.32318115234375,429.65911865234375,3174.078369140625,-357.7196960449219,245.2467498779297,3280.345703125,-351.5232849121094,72.6225814819336,3216.329345703125,-395.3121643066406,41.07111358642578,3270.517578125,-430.95159912109375,18.6156005859375,3345.291015625,-432.4640502929687,115.27556610107422,3263.374755859375,-387.8204956054687,522.0017700195312,3038.440185546875,-430.2373962402344,564.43212890625,2952.936767578125,-546.7950439453125,572.7883911132812,2762.258056640625,-667.3600463867188,439.61920166015625,2711.95654296875,-730.1387939453125,396.6937255859375,2743.5400390625,-772.3605346679688,328.8621826171875,2770.603759765625,-720.4617919921875,362.2258911132813,2745.575439453125,0.9575374126434326,445.89019775390625,3136.02880859375,293.3222351074219,333.1723327636719,3081.98486328125,581.6553955078125,380.0232238769531,3165.717529296875,688.5475463867188,302.3691711425781,3097.279541015625,15.965420722961426,543.4293212890625,3039.957763671875,333.2723693847656,539.5585327148438,3026.28271484375,586.3436279296875,645.9223022460938,3163.894287109375,707.1104125976562,605.9483032226562,3113.309814453125,-480.0107421875,501.9548645019531,3061.71044921875,-508.0343933105469,400.8368225097656,2989.055908203125,-515.4686279296875,397.099365234375,3032.726318359375,-476.5361633300781,438.7347106933594,3115.7265625,-540.0460205078125,418.9555358886719,3007.37451171875,-562.0507202148438,512.3506469726562,3047.65380859375
-3.752803087234497,493.9078063964844,3082.719970703125,-141.54898071289062,497.2571105957031,3063.603759765625,-251.81898498535156,500.94134521484375,3049.349365234375,-419.7517700195313,513.8611450195312,3066.907470703125,-390.8866882324219,498.4671936035156,3086.693603515625,-406.7986755371094,433.3377685546875,3175.787841796875,-350.5398864746094,249.4084014892578,3273.077392578125,-348.638427734375,83.64192962646484,3200.646240234375,-387.1478576660156,49.39105224609375,3255.28271484375,-417.98785400390625,20.66311264038086,3328.26953125,-429.0063171386719,112.37992095947266,3259.594482421875,-392.9212036132813,526.3213500976562,3042.248779296875,-429.3541564941406,563.5746459960938,2953.89111328125,-548.5101318359375,570.2459106445312,2769.521240234375,-664.20654296875,436.92279052734375,2720.51513671875,-729.2503051757812,396.2809448242187,2746.1591796875,-763.643310546875,323.3367919921875,2765.115966796875,-720.8131713867188,361.7662048339844,2760.203369140625,-11.78899097442627,442.9966735839844,3131.72802734375,282.1462707519531,343.2545166015625,3097.6650390625,568.0576782226562,376.0008850097656,3176.656982421875,677.900146484375,304.69580078125,3111.830322265625,3.493781328201294,539.8165893554688,3038.527587890625,315.3819274902344,544.5016479492188,3039.438232421875,572.19287109375,635.6804809570312,3168.572021484375,692.1712036132812,597.175048828125,3121.698486328125,-483.3313598632813,509.83203125,3067.951416015625,-529.2978515625,398.1022338867187,3101.312255859375,-532.0362548828125,430.3160400390625,3130.651611328125,-480.6217956542969,512.6292724609375,3149.59130859375,-556.3914184570312,427.83013916015625,3098.03662109375,-563.37548828125,517.8854370117188,3050.2314453125
-4.280462741851807,495.1786193847656,3087.01318359375,-142.5457763671875,497.3397216796875,3067.178955078125,-253.22645568847656,500.2872314453125,3052.556884765625,-422.0030822753906,508.0304260253906,3071.388671875,-392.4898986816406,492.8579406738281,3090.67138671875,-405.69244384765625,425.1645202636719,3178.836181640625,-341.4139099121094,239.94973754882812,3270.412109375,-338.89361572265625,77.69562530517578,3188.859619140625,-379.5997009277344,40.859615325927734,3240.544677734375,-411.2913818359375,10.729547500610352,3312.978759765625,-419.3357238769531,104.78534698486328,3248.2353515625,-395.5730895996094,521.964111328125,3046.851806640625,-431.4882507324219,561.6614990234375,2958.88330078125,-545.69384765625,573.810791015625,2770.680419921875,-661.07177734375,438.5868835449219,2723.496337890625,-725.55712890625,397.5579833984375,2750.86962890625,-752.6345825195312,321.2699279785156,2769.936279296875,-713.6088256835938,358.8617248535156,2758.15185546875,-12.164403915405272,444.2447509765625,3136.4228515625,283.5820007324219,344.9726257324219,3105.668212890625,568.6879272460938,381.45989990234375,3190.13623046875,678.7877197265625,308.05950927734375,3126.818359375,2.8288331031799316,541.10791015625,3042.45849609375,315.9478454589844,543.56103515625,3044.869140625,573.6209716796875,633.9613037109375,3175.567626953125,693.5309448242188,592.3673706054688,3129.6650390625,-485.6849060058594,502.1678161621094,3072.6484375,-523.5023193359375,386.89788818359375,3039.263427734375,-527.9217529296875,397.9404602050781,3081.446533203125,-481.7141723632813,460.44488525390625,3143.18701171875,-552.7202758789062,411.8974609375,3052.013671875,-566.7056884765625,513.1961059570312,3060.287109375
0.8373469114303589,494.680419921875,3089.655517578125,-139.6699981689453,494.062744140625,3071.398193359375,-252.2019805908203,495.1788635253906,3058.50048828125,-423.1770629882813,497.6315612792969,3080.679931640625,-392.48681640625,482.5574645996094,3099.287353515625,-403.5171813964844,411.742919921875,3187.34033203125,-328.239990234375,223.54791259765625,3271.504638671875,-325.6878967285156,64.92372131347656,3177.8935546875,-370.86578369140625,25.450593948364254,3225.321533203125,-407.900634765625,-8.94564437866211,3294.674560546875,-405.8017883300781,95.71125030517578,3235.492431640625,-397.2154846191406,513.2103271484375,3055.76025390625,-432.95404052734375,556.1184692382812,2967.49609375,-539.142578125,575.9711303710938,2771.697021484375,-655.4508666992188,438.5836181640625,2722.781982421875,-719.72265625,400.8806457519531,2757.8251953125,-741.517333984375,321.0333557128906,2774.094970703125,-709.7205810546875,359.8142395019531,2760.82177734375,-5.3305864334106445,441.9508056640625,3138.9072265625,296.7345886230469,348.32171630859375,3106.0419921875,584.2227783203125,391.91851806640625,3194.24560546875,696.6005859375,319.08636474609375,3129.40966796875,6.3992438316345215,542.22900390625,3045.2431640625,323.9229736328125,549.2720947265625,3046.467041015625,584.4290161132812,641.2813720703125,3180.45849609375,705.67236328125,599.3690185546875,3132.685791015625,-487.543701171875,489.8204650878906,3082.869140625,-512.8552856445312,406.178955078125,2989.863037109375,-528.7149658203125,396.8915100097656,3030.3388671875,-501.5119323730469,419.2271423339844,3124.66845703125,-545.4396362304688,425.694091796875,3005.541015625,-563.7533569335938,513.9747924804688,3057.49267578125
-6.066769599914551,487.3349914550781,3093.55078125,-144.58401489257812,491.7912292480469,3070.832275390625,-255.52330017089844,497.5977478027344,3054.57861328125,-424.0856628417969,521.107666015625,3070.123291015625,-396.0555114746094,504.7261657714844,3090.971923828125,-416.5311584472656,440.5534057617187,3181.114501953125,-348.2961120605469,253.16163635253903,3267.999267578125,-345.6123352050781,98.20182800292967,3171.486083984375,-371.0800476074219,49.482521057128906,3223.673828125,-395.33343505859375,-4.55108642578125,3284.724365234375,-421.2157897949219,89.767578125,3241.469970703125,-396.1393127441406,531.0907592773438,3045.0234375,-426.7200622558594,568.3846435546875,2953.420654296875,-523.6124877929688,578.6563720703125,2754.336669921875,-644.7783203125,440.4330139160156,2734.412841796875,-694.106689453125,389.6148681640625,2774.976318359375,-733.2423095703125,316.0348205566406,2781.65185546875,-686.0336303710938,352.4603271484375,2771.6083984375,-16.363941192626953,440.7787780761719,3147.201904296875,284.86822509765625,348.72216796875,3137.34912109375,572.1400756835938,387.1448364257813,3219.2333984375,683.3448486328125,307.733154296875,3163.78125,3.218641996383667,529.3167724609375,3045.171142578125,317.5527648925781,532.9769287109375,3061.883544921875,579.4297485351562,627.2762451171875,3184.98095703125,699.9896240234375,577.8643188476562,3147.12451171875,-488.3851318359375,520.8016967773438,3070.7138671875,-526.7685546875,401.53717041015625,3088.12060546875,-532.2286376953125,429.5031433105469,3121.727783203125,-486.770263671875,512.7344970703125,3152.788330078125,-556.195556640625,429.6925964355469,3088.26953125,-569.3436889648438,525.4956665039062,3052.40380859375
-16.18960189819336,487.7738037109375,3096.340087890625,-155.63597106933594,486.9533081054687,3077.694580078125,-267.50433349609375,491.01953125,3066.763916015625,-437.6603088378906,501.3260192871094,3082.667236328125,-408.503662109375,485.754150390625,3102.703857421875,-425.4159851074219,417.0209045410156,3190.442626953125,-347.6375427246094,229.8134002685547,3270.404541015625,-343.1518249511719,83.13429260253906,3161.23046875,-373.5916748046875,34.04140853881836,3210.521484375,-392.7743225097656,-10.908306121826172,3280.32470703125,-417.3433532714844,87.97586059570312,3235.322509765625,-410.4151611328125,514.8251342773438,3058.345703125,-443.368408203125,556.0307006835938,2969.061767578125,-529.466796875,577.4610595703125,2765.513916015625,-648.4024658203125,438.944091796875,2734.3125,-695.246826171875,385.26995849609375,2774.433837890625,-731.4312133789062,310.1619873046875,2782.4765625,-683.9027099609375,350.273193359375,2775.9599609375,-23.19843482971191,441.3482666015625,3150.80078125,282.1938781738281,361.3438415527344,3149.163330078125,568.2584228515625,409.2850341796875,3232.229248046875,680.4351196289062,329.23638916015625,3178.99267578125,-9.869426727294922,529.6377563476562,3047.230712890625,305.29229736328125,532.7721557617188,3058.03369140625,572.0659790039062,626.1618041992188,3172.343505859375,690.7479858398438,572.7486572265625,3133.14111328125,-501.8840942382813,496.33160400390625,3082.836181640625,-552.7236938476562,383.3623352050781,3109.49853515625,-554.8628540039062,414.3076477050781,3140.90087890625,-500.3935546875,494.4667663574219,3165.435546875,-579.0178833007812,414.4943542480469,3107.4873046875,-582.1835327148438,508.2806396484375,3064.24755859375
-21.188520431518555,488.721923828125,3085.944091796875,-155.65240478515625,490.3727111816406,3065.122802734375,-263.5430908203125,496.1383056640625,3052.439697265625,-427.95709228515625,509.0375671386719,3067.37353515625,-400.02587890625,493.9022216796875,3087.08251953125,-417.1937255859375,428.0144653320313,3172.245361328125,-353.4075012207031,244.1413421630859,3253.168701171875,-349.9708251953125,96.53113555908205,3155.725341796875,-370.6447448730469,47.05487060546875,3205.9150390625,-386.9142150878906,-3.4155025482177734,3269.007080078125,-415.3312377929687,87.05943298339844,3230.998291015625,-401.3701477050781,521.2145385742188,3043.6435546875,-433.24212646484375,558.937255859375,2956.33447265625,-535.8297729492188,573.3331298828125,2768.206787109375,-647.2943725585938,435.8227233886719,2740.64404296875,-690.815185546875,386.24603271484375,2784.254638671875,-721.5950317382812,311.3609313964844,2786.9931640625,-683.8032836914062,350.1846008300781,2778.261962890625,-29.67877769470215,442.3761291503906,3137.099609375,266.3483581542969,367.8409729003906,3144.244384765625,541.27587890625,408.8577880859375,3233.078857421875,653.2305297851562,336.16131591796875,3182.098388671875,-13.53248119354248,530.5139770507812,3039.815185546875,290.9474182128906,535.964111328125,3057.143798828125,546.7031860351562,622.5745239257812,3175.6669921875,662.92236328125,574.1011352539062,3137.8935546875,-490.14459228515625,505.2071228027344,3067.533935546875,-549.8016357421875,399.5702819824219,3084.960205078125,-548.0518188476562,426.60589599609375,3117.95458984375,-487.06634521484375,495.8553771972656,3146.84912109375,-572.0045166015625,432.1546325683594,3086.55712890625,-566.5810546875,526.1982421875,3053.191650390625
-14.303959846496582,487.0402221679687,3091.64111328125,-149.86256408691406,491.6709899902344,3070.96826171875,-258.427490234375,497.7189636230469,3056.52783203125,-423.8266906738281,517.8505859375,3067.276611328125,-396.81402587890625,501.7720947265625,3088.078857421875,-421.5730285644531,437.02484130859375,3173.4091796875,-366.2462463378906,246.3804931640625,3249.3017578125,-363.0607604980469,100.13489532470705,3147.2294921875,-374.883544921875,49.817378997802734,3200.26220703125,-381.3672180175781,-2.592451810836792,3264.42431640625,-416.44866943359375,86.49917602539062,3231.935546875,-395.9613342285156,528.5980834960938,3043.827392578125,-426.4601440429687,566.2167358398438,2955.03662109375,-532.0656127929688,570.68896484375,2766.04296875,-647.74658203125,434.4088134765625,2740.10205078125,-687.9784545898438,384.7826843261719,2787.81494140625,-710.989013671875,306.5832214355469,2793.035888671875,-683.7166748046875,350.52667236328125,2778.60205078125,-23.754709243774418,440.42724609375,3143.1708984375,272.9378662109375,358.248291015625,3146.3994140625,548.6093139648438,402.8481750488281,3239.0947265625,661.1854248046875,329.2026062011719,3187.515625,-5.781803131103516,529.0731811523438,3045.174560546875,301.5266418457031,529.091796875,3057.3359375,555.3717651367188,619.6369018554688,3182.9208984375,672.5038452148438,570.774169921875,3144.6640625,-486.6221008300781,516.5986938476562,3065.950927734375,-526.7796630859375,404.277099609375,3098.246337890625,-532.4473266601562,436.0754699707031,3126.701416015625,-487.2958068847656,520.19677734375,3146.4541015625,-554.990478515625,431.9591674804687,3093.661376953125,-565.1181030273438,519.7945556640625,3045.33447265625
-22.84637451171875,486.8087768554687,3085.004150390625,-154.70155334472656,491.22412109375,3064.303466796875,-260.3482971191406,497.6513977050781,3050.3232421875,-420.4904479980469,521.6132202148438,3064.1162109375,-393.8107299804687,507.3668212890625,3084.88525390625,-419.4371643066406,470.5278625488281,3182.02587890625,-416.0968627929687,382.01751708984375,3368.95556640625,-471.3485412597656,300.33441162109375,3226.069091796875,-535.9057006835938,280.8616638183594,3251.535400390625,-602.1846923828125,254.0789794921875,3289.37451171875,-549.7645874023438,291.7753601074219,3284.03466796875,-393.98138427734375,529.2996215820312,3039.536865234375,-428.1080932617187,559.3909301757812,2952.2421875,-524.8690185546875,560.8253784179688,2765.005615234375,-635.5164184570312,425.6119689941406,2745.411865234375,-676.4968872070312,380.1511535644531,2793.130126953125,-701.8059692382812,305.34051513671875,2802.264404296875,-672.9725341796875,344.9952087402344,2783.215576171875,-32.244022369384766,441.5328369140625,3135.206298828125,255.15281677246097,357.6015319824219,3122.633544921875,517.2246704101562,414.173095703125,3223.311279296875,633.3325805664062,352.3587951660156,3174.705810546875,-14.372102737426758,527.6360473632812,3039.734619140625,284.0636291503906,536.982666015625,3061.06689453125,517.7701416015625,642.1869506835938,3195.476806640625,636.9720458984375,606.9437255859375,3160.911865234375,-481.6306762695313,521.5996704101562,3064.934326171875,-516.1677856445312,410.1167297363281,3094.02783203125,-521.6886596679688,439.9698486328125,3122.9013671875,-479.6858215332031,522.5700073242188,3143.340087890625,-544.5930786132812,436.2857360839844,3091.38232421875,-558.7403564453125,522.87451171875,3047.555908203125
-15.552373886108398,488.1446228027344,3082.339111328125,-146.25892639160156,493.1471252441406,3062.460205078125,-250.947509765625,499.6380004882813,3048.835693359375,-410.2134704589844,519.2711181640625,3061.912353515625,-383.5040893554687,505.8294982910156,3082.580810546875,-407.3582763671875,464.9345703125,3177.434326171875,-406.6522521972656,407.9913940429687,3374.29638671875,-483.6733093261719,291.2564392089844,3274.169189453125,-534.4677734375,272.2545166015625,3320.6259765625,-578.449951171875,249.8163299560547,3383.7392578125,-541.3968505859375,285.4814147949219,3351.883056640625,-384.0636596679687,527.5764770507812,3037.6650390625,-424.788330078125,558.9410400390625,2954.783935546875,-533.27392578125,566.4379272460938,2776.524658203125,-626.3935546875,420.79205322265625,2755.205078125,-671.0792846679688,373.2689208984375,2795.906494140625,-701.4260864257812,300.9380187988281,2803.060546875,-668.994873046875,346.26446533203125,2793.8642578125,-24.772789001464844,442.6609191894531,3131.518798828125,257.26629638671875,351.7460632324219,3113.37353515625,511.6193237304687,417.700439453125,3220.41357421875,630.8856811523438,362.9495544433594,3174.8154296875,-7.237918853759766,529.1593017578125,3037.991455078125,288.5217590332031,540.6795654296875,3056.55712890625,506.1689758300781,659.0235595703125,3200.88330078125,627.7490844726562,634.1107788085938,3170.28759765625,-470.7685546875,517.69580078125,3062.4931640625,-509.1924743652344,414.84326171875,3108.811767578125,-513.6929931640625,448.9248962402344,3132.074462890625,-469.1661682128906,531.4378662109375,3138.9599609375,-536.3603515625,440.9695129394531,3101.6396484375,-546.9829711914062,518.8263549804688,3044.48779296875
-21.1593017578125,488.30035400390625,3086.560791015625,-149.9766845703125,490.1707458496094,3064.2265625,-253.25152587890625,494.30316162109375,3048.61181640625,-409.3434753417969,520.1203002929688,3065.53662109375,-382.7945556640625,506.733642578125,3085.696044921875,-404.0481262207031,468.8464050292969,3181.034423828125,-414.5069274902344,411.1413269042969,3374.887451171875,-496.60797119140625,317.6208190917969,3490.681396484375,-520.8152465820312,305.6759033203125,3555.887451171875,-565.9868774414062,271.09130859375,3610.97705078125,-535.61181640625,300.44525146484375,3580.224853515625,-384.012939453125,526.3317260742188,3040.451904296875,-426.32171630859375,555.3494262695312,2958.857177734375,-531.7620239257812,558.4807739257812,2781.494384765625,-622.4893188476562,413.8418884277344,2759.603515625,-654.72900390625,362.0890197753906,2804.949462890625,-689.2159423828125,293.3181457519531,2816.799560546875,-657.7468872070312,340.02850341796875,2800.4560546875,-30.445802688598633,444.8587341308594,3136.484619140625,250.48377990722656,360.80999755859375,3126.48779296875,507.0578002929687,416.0004577636719,3225.228271484375,627.189208984375,369.87506103515625,3177.35205078125,-12.785256385803224,527.4735717773438,3041.5419921875,277.42840576171875,547.0360717773438,3077.510009765625,509.2043762207031,645.48291015625,3207.42138671875,625.8033447265625,613.0385131835938,3171.233642578125,-469.15533447265625,520.8327026367188,3068.02734375,-513.8687744140625,412.7002258300781,3081.346435546875,-515.8021240234375,437.8517150878906,3113.6953125,-466.1514587402344,510.28472900390625,3144.036865234375,-538.8870849609375,441.12738037109375,3083.287109375,-544.3224487304688,532.2606811523438,3053.522705078125
-22.10395622253418,487.3292236328125,3086.947998046875,-151.8428192138672,488.3725891113281,3067.07763671875,-255.805908203125,491.59332275390625,3053.215576171875,-412.8487854003906,515.787109375,3069.498046875,-386.14117431640625,502.65283203125,3089.859375,-404.748779296875,464.1300964355469,3185.9375,-402.9108581542969,412.8306884765625,3382.65966796875,-483.6690979003906,324.6227722167969,3504.377685546875,-517.392578125,297.19390869140625,3560.317626953125,-573.6448364257812,241.5386657714844,3567.932861328125,-540.0301513671875,283.2175598144531,3576.97119140625,-387.3795776367187,522.2914428710938,3044.426513671875,-426.1236267089844,550.7982788085938,2960.47607421875,-527.8617553710938,553.4890747070312,2780.04443359375,-622.903076171875,410.3636169433594,2761.55517578125,-654.3948974609375,361.2745971679687,2810.718994140625,-685.8889770507812,291.7915954589844,2827.6357421875,-656.35546875,337.81793212890625,2807.242919921875,-30.171953201293945,443.7882690429687,3137.33984375,253.4375762939453,364.90374755859375,3127.72900390625,511.6366271972656,421.47064208984375,3224.505615234375,632.9359130859375,377.1091613769531,3176.389404296875,-14.828689575195312,526.592041015625,3041.50732421875,276.5461120605469,547.4029541015625,3076.585693359375,511.5600891113281,643.92919921875,3204.48876953125,628.09033203125,610.7903442382812,3167.031005859375,-472.9055786132813,515.8408813476562,3071.7314453125,-526.2918701171875,412.1761169433594,3091.220703125,-526.049072265625,439.2872314453125,3122.215576171875,-470.3927612304687,509.3580017089844,3148.509765625,-549.0267944335938,442.7029113769531,3091.556396484375,-547.265625,532.5013427734375,3056.556396484375
-24.02277946472168,478.0289001464844,3077.579833984375,-164.87159729003906,484.5762634277344,3074.223876953125,-277.4770202636719,483.419677734375,3068.528076171875,-443.18072509765625,513.4158325195312,3101.712158203125,-412.42919921875,500.5296020507813,3121.455322265625,-409.39312744140625,466.0738830566406,3229.044921875,-382.7459716796875,427.5328369140625,3442.427001953125,-466.9439697265625,321.7406311035156,3566.280517578125,-524.1546020507812,275.57666015625,3586.052734375,-537.7670288085938,237.201416015625,3510.957763671875,-531.5578002929688,248.5767364501953,3513.3232421875,-418.7853393554687,517.9014892578125,3071.57275390625,-446.4302978515625,547.6255493164062,2975.857421875,-518.943115234375,552.7708740234375,2765.463134765625,-616.2096557617188,395.6500244140625,2783.625244140625,-627.1439208984375,338.70733642578125,2841.559814453125,-651.8156127929688,261.0115661621094,2861.68310546875,-633.9011840820312,316.3123779296875,2837.236328125,-27.00257873535156,447.32025146484375,3142.728271484375,272.5780334472656,345.29022216796875,3140.048095703125,542.76416015625,457.65289306640625,3216.599365234375,668.7094116210938,384.3674621582031,3190.111083984375,-21.335765838623047,505.7201843261719,3018.83251953125,294.7247009277344,513.1976318359375,3018.342041015625,537.1064453125,661.2738647460938,3131.238037109375,664.5597534179688,619.6337280273438,3106.962646484375,-507.0881958007813,514.7081298828125,3110.908203125,-501.2378234863281,388.154541015625,3120.278564453125,-532.5757446289062,408.6977233886719,3143.814208984375,-543.1222534179688,499.8952331542969,3184.0146484375,-535.165283203125,403.0425109863281,3102.951416015625,-563.9083251953125,490.16839599609375,3054.870361328125
-27.003562927246097,480.4878234863281,3075.203125,-171.32073974609375,480.6111450195313,3080.092529296875,-286.70355224609375,479.957763671875,3083.691650390625,-452.8674926757813,520.0855102539062,3124.4091796875,-420.9651489257813,506.5237426757813,3143.701904296875,-414.9949340820313,479.29107666015625,3255.9970703125,-368.8363952636719,449.2445068359375,3472.779296875,-454.85394287109375,314.9250183105469,3571.778564453125,-510.7556457519531,269.3951416015625,3542.17333984375,-532.5972900390625,227.0885467529297,3468.81103515625,-520.9049072265625,264.1445007324219,3491.0439453125,-429.3655090332031,521.94287109375,3092.140380859375,-462.6749877929687,549.1500854492188,2994.77294921875,-502.0335388183594,547.1519775390625,2770.305419921875,-608.283203125,391.7669677734375,2796.87548828125,-619.474853515625,335.7760925292969,2858.37353515625,-632.0755004882812,253.61085510253903,2880.286865234375,-617.9695434570312,310.10479736328125,2855.293701171875,-24.716794967651367,452.3982543945313,3143.412109375,289.0440673828125,371.9946594238281,3134.27978515625,568.961669921875,492.8452453613281,3188.47509765625,697.6243896484375,417.8378601074219,3159.985107421875,-29.06564140319824,505.8174133300781,3013.6962890625,293.6546936035156,519.8564453125,2993.1376953125,553.3092041015625,674.6795654296875,3073.967041015625,681.0674438476562,629.8510131835938,3040.340087890625,-517.5974731445312,524.8760986328125,3136.998779296875,-510.169921875,395.1507568359375,3142.64306640625,-550.649169921875,413.88433837890625,3150.572509765625,-583.358642578125,504.2830200195313,3186.441650390625,-533.95361328125,410.5880126953125,3111.8271484375,-542.5169677734375,501.8707580566406,3058.533935546875
-33.97393035888672,482.802001953125,3083.039794921875,-187.24688720703125,483.0108337402344,3090.488525390625,-309.7298889160156,484.9516296386719,3097.142822265625,-489.4730529785156,511.255859375,3140.417724609375,-454.4608459472656,499.6665954589844,3160.84521484375,-431.1427001953125,469.498046875,3277.7431640625,-365.9045715332031,462.257568359375,3506.19384765625,-456.3917541503906,289.4706726074219,3548.10107421875,-493.80474853515625,249.1496429443359,3486.177734375,-539.23046875,198.1249237060547,3423.160400390625,-503.532958984375,245.9521942138672,3447.19970703125,-464.712158203125,515.8402099609375,3106.219482421875,-486.7932434082031,541.68701171875,2998.3310546875,-492.689697265625,554.469482421875,2756.55029296875,-585.3543701171875,381.0033264160156,2802.76953125,-611.9962158203125,326.6676940917969,2868.274169921875,-599.7566528320312,243.29823303222656,2903.5673828125,-594.0646362304688,302.451904296875,2878.685302734375,-30.472917556762695,453.9627990722656,3155.89013671875,300.6966857910156,363.8146667480469,3128.084716796875,588.5180053710938,513.885986328125,3182.267578125,727.8772583007812,440.2454223632813,3148.7783203125,-37.130950927734375,508.8075866699219,3017.347412109375,304.545166015625,508.4248046875,2977.65673828125,573.680908203125,689.9541625976562,3049.7802734375,710.0350952148438,643.1564331054688,3015.18017578125,-558.4649047851562,510.06884765625,3153.665283203125,-475.0357971191406,400.273681640625,3163.049072265625,-522.37158203125,391.7519836425781,3160.91796875,-612.3111572265625,446.8182678222656,3188.642578125,-497.998291015625,403.7857360839844,3125.091552734375,-549.0733642578125,485.5352783203125,3066.7060546875
-20.41844940185547,491.0538330078125,3092.5,-170.6029510498047,481.29248046875,3095.056396484375,-290.7896728515625,479.629638671875,3100.81103515625,-467.9381103515625,494.9927978515625,3144.80224609375,-433.0581970214844,484.0153198242187,3164.11767578125,-419.0685424804687,454.739990234375,3280.281982421875,-357.94683837890625,453.3566589355469,3505.277099609375,-435.22119140625,273.6327819824219,3509.933349609375,-480.0513000488281,241.498046875,3450.283203125,-534.362060546875,187.7656707763672,3400.538330078125,-502.9611511230469,243.7430877685547,3419.4619140625,-443.9820556640625,502.53021240234375,3111.56591796875,-482.4999694824219,534.418212890625,3012.515380859375,-484.20257568359375,556.1913452148438,2775.956787109375,-563.5254516601562,378.7546081542969,2814.60107421875,-573.755615234375,332.03118896484375,2887.84326171875,-607.233154296875,261.05145263671875,2931.101318359375,-562.505859375,303.44940185546875,2892.40869140625,-16.718746185302734,451.3623046875,3158.297607421875,310.192138671875,380.9254150390625,3110.8115234375,596.1656494140625,515.6404418945312,3176.171142578125,731.6823120117188,452.2998962402344,3125.119140625,-23.754634857177734,526.8453979492188,3033.16748046875,310.7224426269531,546.2366943359375,2993.284912109375,574.8106689453125,717.5138549804688,3078.87841796875,706.384765625,681.9572143554688,3028.1630859375,-535.4512329101562,490.0452880859375,3157.744873046875,-450.1866760253906,387.6504821777344,3132.72607421875,-496.1509704589844,377.189697265625,3135.5546875,-580.7388916015625,419.4046630859375,3185.584716796875,-478.1535339355469,397.1849365234375,3100.59521484375,-538.5347900390625,484.1826171875,3068.8857421875
-20.291240692138672,481.6989135742187,3079.40869140625,-169.6314697265625,478.3753662109375,3094.271240234375,-288.9176025390625,478.9987487792969,3107.412841796875,-466.5369567871094,492.58251953125,3147.8837890625,-431.7930908203125,483.68072509765625,3168.244384765625,-419.8069152832031,459.1188354492187,3285.3818359375,-346.9399108886719,436.86614990234375,3505.066162109375,-429.8738098144531,263.01165771484375,3473.71728515625,-472.7492980957031,236.57667541503903,3410.253662109375,-519.9942016601562,185.45343017578125,3351.76708984375,-488.2262878417969,234.43118286132812,3380.0439453125,-442.3381652832031,498.6687622070313,3114.6669921875,-479.1195373535156,525.7538452148438,3013.878662109375,-471.41748046875,539.5494995117188,2777.486083984375,-550.36181640625,367.128662109375,2833.122314453125,-571.154052734375,323.78143310546875,2905.91943359375,-597.8907470703125,253.24996948242188,2953.84716796875,-559.0012817382812,301.0416259765625,2916.661865234375,-12.593507766723633,454.1230163574219,3150.589111328125,316.5096740722656,393.36871337890625,3112.26318359375,596.0243530273438,548.8035888671875,3148.976318359375,732.8286743164062,483.026611328125,3106.483154296875,-27.23262405395508,506.5652770996094,3015.22216796875,305.715576171875,529.6014404296875,2972.331787109375,565.4174194335938,716.8491821289062,3029.963623046875,698.9252319335938,675.2859497070312,2991.4716796875,-533.9160766601562,486.7786865234375,3160.157470703125,-450.2001647949219,382.2563781738281,3141.5068359375,-496.4073791503906,373.2107238769531,3140.442626953125,-583.3152465820312,417.58685302734375,3183.524169921875,-475.0408020019531,392.78759765625,3107.343017578125,-529.8055419921875,481.5179748535156,3071.544677734375
-19.592792510986328,484.6539306640625,3081.955810546875,-170.42840576171875,481.4833068847656,3094.019287109375,-290.9827880859375,480.66552734375,3104.330810546875,-471.8138427734375,486.8781127929687,3138.74365234375,-437.2049560546875,479.1831359863281,3160.470703125,-426.1960754394531,454.5592346191406,3278.706787109375,-346.8436584472656,427.8422546386719,3497.679931640625,-426.3335876464844,256.9971618652344,3441.031005859375,-460.4034118652344,224.98187255859375,3374.0419921875,-495.8153381347656,167.6642303466797,3311.883544921875,-480.2312316894531,227.6884307861328,3340.967529296875,-446.5038757324219,494.2123718261719,3106.18408203125,-480.169189453125,520.5159301757812,3003.12109375,-465.12298583984375,541.9883422851562,2765.694091796875,-532.3379516601562,363.7857666015625,2824.244873046875,-558.1258544921875,333.773193359375,2902.798828125,-588.7389526367188,311.2105712890625,2984.483642578125,-555.7734375,303.9960021972656,2910.78857421875,-13.259889602661133,456.6182861328125,3153.772216796875,318.5425720214844,395.9162292480469,3114.1865234375,597.3512573242188,557.8370361328125,3151.562255859375,736.109619140625,493.7357177734375,3108.0234375,-25.303447723388672,509.9349060058594,3017.1962890625,310.4622497558594,524.1124877929688,2970.75390625,570.6895751953125,716.4439086914062,3024.307861328125,705.0283203125,673.6549682617188,2985.5341796875,-539.8538818359375,478.2175598144531,3148.638671875,-481.6627807617187,359.65234375,3114.8837890625,-526.8284301757812,358.2215576171875,3129.4697265625,-588.3595581054688,418.80462646484375,3193.578369140625,-514.8699951171875,372.4692077636719,3089.20361328125,-565.9209594726562,467.8134765625,3063.552734375
-22.973609924316406,495.4968566894531,3107.6591796875,-176.34388732910156,480.491943359375,3103.116455078125,-299.3936462402344,484.0888671875,3109.16845703125,-483.6609497070313,494.83837890625,3142.756591796875,-448.7228698730469,486.7682495117187,3165.30126953125,-419.5337219238281,467.6753845214844,3283.8076171875,-341.4911193847656,408.06146240234375,3501.48095703125,-399.6388854980469,247.55081176757812,3396.473388671875,-441.3961486816406,220.1120452880859,3329.93310546875,-487.0121765136719,167.10067749023438,3268.06298828125,-464.068603515625,221.7758331298828,3299.92138671875,-457.5107421875,501.0876770019531,3109.62646484375,-466.9892883300781,518.1246948242188,2997.666259765625,-434.4280700683594,556.3110961914062,2759.578369140625,-471.4716796875,374.4578247070313,2841.74951171875,-503.9652099609375,350.5473327636719,2921.748291015625,-504.9831237792969,297.8882751464844,2996.913818359375,-506.1995239257813,320.52801513671875,2911.040771484375,-20.894775390625,453.98345947265625,3174.598876953125,308.6656188964844,376.68109130859375,3103.215087890625,624.5587768554688,471.6568603515625,3125.612548828125,752.958984375,405.6682739257813,3052.352783203125,-24.84818649291992,532.9313354492188,3047.296630859375,318.4325256347656,563.344970703125,3021.65966796875,614.1510009765625,700.9223022460938,3094.0849609375,750.812744140625,653.49169921875,3058.60302734375,-553.1984252929688,487.618896484375,3152.521240234375,-508.91644287109375,370.5722351074219,3092.344970703125,-554.8150024414062,371.5380554199219,3107.572998046875,-609.7708740234375,425.1822509765625,3185.697021484375,-540.8051147460938,392.7878112792969,3070.24365234375,-580.5152587890625,498.7386474609375,3066.154296875
-30.18588638305664,491.20611572265625,3104.74755859375,-183.1026611328125,477.94573974609375,3102.44140625,-305.4462585449219,481.6421813964844,3111.335205078125,-487.8737487792969,500.1794738769531,3147.018798828125,-453.30853271484375,489.8361511230469,3168.858154296875,-425.444091796875,466.0114135742187,3286.27001953125,-339.57904052734375,398.3689880371094,3497.432373046875,-392.4673156738281,246.4561767578125,3379.310546875,-435.7546997070313,232.91880798339844,3309.97216796875,-482.6767578125,193.46353149414065,3240.072998046875,-429.9164733886719,227.2301025390625,3277.396728515625,-461.8716735839844,506.0940246582031,3113.9462890625,-465.9401245117187,532.7152099609375,3004.040283203125,-428.6041870117187,560.3090209960938,2766.254638671875,-486.0119323730469,378.8480529785156,2834.213623046875,-503.1546325683594,352.8141174316406,2917.802001953125,-500.1866149902344,295.6121520996094,2989.01220703125,-505.2071228027344,322.7292785644531,2914.115234375,-27.05023765563965,444.1419982910156,3167.442138671875,301.3184509277344,371.71539306640625,3092.70947265625,623.8538818359375,436.8941345214844,3102.563720703125,741.4603271484375,358.2999572753906,3025.262939453125,-33.01343536376953,533.6459350585938,3048.212890625,308.5751953125,574.23291015625,3039.7744140625,609.2780151367188,695.1073608398438,3114.832763671875,742.2322998046875,641.261962890625,3077.16357421875,-557.2864990234375,496.0486145019531,3157.26904296875,-515.3392944335938,383.1877746582031,3089.300048828125,-562.537109375,387.3424377441406,3097.93603515625,-623.3771362304688,436.9535217285156,3173.670166015625,-541.2434692382812,411.0476989746094,3066.17919921875,-569.9876708984375,519.9711303710938,3070.52685546875
-43.21480178833008,490.5810546875,3100.88427734375,-193.02749633789065,481.9549560546875,3106.460693359375,-312.4523620605469,484.5611267089844,3118.40673828125,-484.3374328613281,528.9053955078125,3161.791748046875,-451.6749877929687,512.9946899414062,3181.33837890625,-423.367431640625,482.5877075195313,3294.26220703125,-321.66552734375,378.0074157714844,3475.428955078125,-386.5467529296875,244.30116271972656,3348.84130859375,-422.8577270507813,211.0295257568359,3284.470458984375,-460.5520629882813,177.71380615234375,3208.700927734375,-460.3650817871094,239.6332244873047,3273.0927734375,-459.6453552246094,531.740966796875,3128.484130859375,-463.1289978027344,557.3270263671875,3020.845703125,-406.10308837890625,543.9857177734375,2791.197509765625,-457.5007629394531,356.5888977050781,2827.57177734375,-496.9385070800781,353.2333984375,2905.34814453125,-504.6557922363281,299.12152099609375,2976.0888671875,-500.5735778808594,324.4703674316406,2910.8037109375,-38.243125915527344,443.0693359375,3160.952392578125,288.1991271972656,389.30230712890625,3097.010498046875,607.8479614257812,427.7545776367187,3089.8720703125,710.9453125,341.106201171875,3007.852783203125,-47.69797897338867,533.4244995117188,3046.718017578125,284.884521484375,585.0228881835938,3051.835205078125,591.3954467773438,679.57080078125,3106.69873046875,712.3182983398438,615.1915893554688,3058.945068359375,-551.5751953125,535.080810546875,3174.7666015625,-592.5390625,446.0049743652344,3081.5966796875,-625.4466552734375,463.79595947265625,3110.234130859375,-626.3161010742188,503.447998046875,3209.293212890625,-607.8319091796875,486.5087890625,3076.909912109375,-578.8933715820312,588.0343017578125,3108.799560546875
-45.57240295410156,481.6879577636719,3080.33203125,-193.20506286621097,487.37939453125,3099.0625,-309.0592346191406,505.001708984375,3120.08935546875,-480.1097412109375,545.772705078125,3163.94775390625,-447.1700744628906,531.139404296875,3183.310546875,-415.2010803222656,492.7805480957031,3291.690673828125,-320.1787109375,360.01788330078125,3454.654296875,-393.6667175292969,244.79833984375,3317.50927734375,-397.2452392578125,210.9098968505859,3244.708984375,-447.7930603027344,172.741943359375,3180.490966796875,-435.7617492675781,225.248291015625,3220.04248046875,-456.0072937011719,548.52197265625,3130.627685546875,-456.3609619140625,570.568115234375,3023.0859375,-377.4348449707031,553.6802368164062,2802.336669921875,-427.61419677734375,367.2091979980469,2836.254638671875,-485.975341796875,357.7917785644531,2899.467041015625,-508.3144836425781,299.4682922363281,2962.394287109375,-488.1461181640625,329.42340087890625,2905.7080078125,-38.17703628540039,448.8511657714844,3148.599609375,284.8052062988281,382.9797973632813,3093.63916015625,601.1512451171875,419.4368286132813,3069.22607421875,709.6153564453125,322.29437255859375,3012.179931640625,-52.24113082885742,511.2983703613281,3018.772216796875,279.6466369628906,531.287109375,2988.974609375,586.5814208984375,627.5504150390625,3015.082275390625,708.6632690429688,557.0799560546875,2986.250244140625,-546.7951049804688,550.571044921875,3177.353271484375,-549.41943359375,451.7102355957031,3086.732666015625,-583.7794189453125,452.509765625,3118.383544921875,-594.0524291992188,488.7361450195313,3217.28076171875,-582.01904296875,479.9493103027344,3084.489990234375,-601.1978759765625,582.9163208007812,3115.983642578125
-45.02328872680664,482.8815612792969,3081.8232421875,-192.2423858642578,489.4821472167969,3100.90087890625,-307.5739440917969,508.20648193359375,3122.35986328125,-477.5362548828125,551.3006591796875,3166.577880859375,-444.9082946777344,535.98193359375,3185.746826171875,-413.693115234375,494.1857604980469,3292.778076171875,-319.07122802734375,347.2469177246094,3442.556884765625,-395.2559814453125,246.23736572265625,3296.56787109375,-397.9103393554687,214.69888305664065,3222.873046875,-440.5738220214844,177.70980834960938,3152.789794921875,-431.3759765625,222.95382690429688,3196.302001953125,-453.4564208984375,553.950439453125,3133.345458984375,-451.9213562011719,571.2384033203125,3025.192138671875,-365.8920593261719,547.9892578125,2808.2587890625,-414.8772583007813,360.4670104980469,2834.83837890625,-479.7423400878906,355.6322326660156,2891.642333984375,-508.2790222167969,302.2742004394531,2956.175048828125,-482.8569030761719,331.53741455078125,2902.437255859375,-37.662567138671875,450.139892578125,3149.953369140625,283.5592041015625,381.0274658203125,3093.1591796875,599.6748046875,410.9652099609375,3066.224365234375,702.5819702148438,309.0508728027344,3008.16162109375,-51.66077423095703,512.40625,3020.387451171875,279.0137023925781,521.608642578125,2981.451171875,592.1527709960938,595.9601440429688,2992.145751953125,705.0765991210938,515.0286254882812,2955.97216796875,-543.9817504882812,557.0648193359375,3180.0302734375,-569.6487426757812,466.2109680175781,3085.161865234375,-600.5646362304688,470.0370788574219,3119.846435546875,-596.5896606445312,500.6275634765625,3220.830078125,-597.4619140625,499.04241943359375,3087.51220703125,-597.607421875,601.155517578125,3126.01025390625
-58.83519744873047,474.29486083984375,3083.89794921875,-204.36187744140625,475.8306884765625,3109.158447265625,-319.5654296875,486.451416015625,3132.8232421875,-488.2935791015625,528.8103637695312,3178.0703125,-455.4475402832031,514.3892211914062,3197.04541015625,-421.1278991699219,485.9002685546875,3306.67626953125,-316.9065856933594,326.70782470703125,3433.73486328125,-387.457275390625,241.51632690429688,3276.760009765625,-396.2901611328125,214.6506500244141,3202.218994140625,-432.278564453125,182.03334045410156,3127.088134765625,-419.0537414550781,220.3819122314453,3175.570556640625,-464.8507385253906,530.8148193359375,3144.640380859375,-463.1070556640625,554.2564697265625,3038.32421875,-366.1318664550781,538.6062622070312,2826.90380859375,-405.63482666015625,348.2684631347656,2832.065185546875,-472.192138671875,352.3164367675781,2886.12646484375,-508.4503784179687,302.8531799316406,2949.14697265625,-477.93310546875,331.9151306152344,2900.621826171875,-47.061866760253906,447.2013244628906,3153.372314453125,269.08905029296875,373.0448303222656,3086.941162109375,580.3984985351562,420.0718078613281,3052.03564453125,686.5343017578125,318.02130126953125,3003.25927734375,-69.45172882080078,498.7263488769531,3021.250244140625,256.2658386230469,490.2765502929687,2962.39501953125,567.0602416992188,566.467041015625,2954.17236328125,676.9545288085938,482.4103698730469,2919.2021484375,-554.2017822265625,534.2587280273438,3192.233642578125,-598.1471557617188,455.7377624511719,3094.236083984375,-629.930419921875,473.6863098144531,3122.7890625,-630.57421875,506.3902587890625,3222.5224609375,-610.2389526367188,496.765869140625,3091.910888671875,-575.6717529296875,592.1480712890625,3130.31591796875
-65.61202239990234,481.1105651855469,3074.77490234375,-209.45855712890625,486.79449462890625,3107.97998046875,-322.88323974609375,500.813232421875,3137.783447265625,-494.9317626953125,530.1680908203125,3180.91796875,-461.4255981445313,517.7928466796875,3200.197509765625,-428.30279541015625,482.8636474609375,3308.34814453125,-315.9576416015625,315.24951171875,3416.292724609375,-379.3552551269531,236.89224243164065,3252.796630859375,-386.1050109863281,209.722900390625,3178.1318359375,-429.67913818359375,180.04444885253906,3105.832275390625,-409.7821960449219,212.50184631347656,3149.9697265625,-471.1744689941406,534.4490356445312,3147.917236328125,-468.0764770507813,555.7203979492188,3041.1552734375,-363.0791320800781,536.2274780273438,2833.878173828125,-390.5813598632813,343.70440673828125,2836.774658203125,-462.90081787109375,343.6247253417969,2883.051513671875,-511.018798828125,299.2032165527344,2941.763916015625,-469.7105712890625,332.4617004394531,2898.5302734375,-50.67707061767578,454.8377380371094,3143.9716796875,255.6018524169922,352.6510925292969,3068.76318359375,563.6544189453125,415.1590881347656,3029.04150390625,677.215576171875,319.95184326171875,2983.141845703125,-79.07952880859375,504.8019409179687,3012.377197265625,237.7230529785156,458.9269409179687,2927.5224609375,549.358154296875,530.1297607421875,2909.68359375,659.3941650390625,446.5479736328125,2873.919677734375,-561.284912109375,530.6283569335938,3194.06884765625,-589.2288818359375,451.9913940429687,3090.423828125,-623.608154296875,460.5875549316406,3120.2998046875,-629.4625244140625,484.9405822753906,3222.24853515625,-609.809326171875,489.5600891113281,3091.235107421875,-595.6480102539062,587.0321044921875,3136.740478515625
-53.50975799560547,485.6838073730469,3070.574951171875,-202.16168212890625,487.9855346679687,3102.06298828125,-320.8910217285156,491.7283020019531,3127.54541015625,-495.3549499511719,534.6715698242188,3171.342529296875,-461.4231567382813,521.3014526367188,3191.666259765625,-427.027587890625,487.3978271484375,3303.447509765625,-315.06591796875,310.510986328125,3411.079345703125,-385.7674255371094,239.62213134765625,3240.760986328125,-384.7832336425781,214.34832763671875,3162.73486328125,-422.7146606445313,176.62220764160156,3087.83740234375,-404.3668212890625,204.6245574951172,3132.76708984375,-471.1150512695313,535.5079345703125,3136.98291015625,-471.0470886230469,555.1019287109375,3026.687744140625,-382.7591857910156,534.5914306640625,2804.62939453125,-383.418212890625,352.53900146484375,2887.594482421875,-416.0461730957031,325.0958557128906,2964.938232421875,-397.1451416015625,248.9940490722656,2919.813232421875,-395.4728698730469,292.51739501953125,2983.628662109375,-37.83901596069336,472.5908508300781,3145.51220703125,280.7057800292969,373.9933166503906,3074.132080078125,595.1221923828125,435.411865234375,3014.29296875,703.5953369140625,324.7524108886719,2976.174560546875,-67.64075469970703,497.4902648925781,3003.0009765625,254.6916961669922,424.812255859375,2920.1943359375,572.5962524414062,503.402099609375,2885.30517578125,679.513916015625,406.1423950195313,2859.515380859375,-563.3079833984375,539.8734741210938,3185.376220703125,-604.0787963867188,456.2622375488281,3084.966552734375,-637.9288330078125,474.481201171875,3113.16943359375,-641.9699096679688,509.9345397949219,3215.089111328125,-617.4188232421875,498.1206970214844,3081.484375,-585.1304321289062,597.748291015625,3120.052001953125
-43.699764251708984,492.42718505859375,3063.318603515625,-192.6783905029297,497.1509094238281,3095.635986328125,-311.5657653808594,503.8165893554687,3121.8701171875,-487.9275207519531,539.9567260742188,3167.01416015625,-453.2835998535156,527.6910400390625,3187.142333984375,-422.3136901855469,491.27593994140625,3299.613037109375,-316.817138671875,307.1906433105469,3403.503173828125,-384.18695068359375,237.1822204589844,3230.659423828125,-378.5048828125,208.07923889160156,3153.865966796875,-420.013671875,170.094482421875,3080.604736328125,-400.2608337402344,199.6405334472656,3122.497802734375,-463.83154296875,541.9581909179688,3132.41552734375,-469.9256896972656,561.4137573242188,3021.85302734375,-387.3108825683594,528.0054931640625,2798.2451171875,-381.978271484375,348.80029296875,2888.65283203125,-410.0968627929687,311.0599060058594,2963.7607421875,-439.4532775878906,258.319091796875,3031.590576171875,-404.6694641113281,285.9056701660156,2972.54931640625,-27.708099365234375,480.859130859375,3138.728515625,285.907958984375,363.4263000488281,3068.13330078125,599.8001098632812,430.1755676269531,3004.921875,714.7377319335938,325.6019287109375,2966.153564453125,-58.12015151977539,502.8585815429687,2995.31787109375,254.1429443359375,397.6170043945313,2904.2509765625,573.251220703125,474.8351135253906,2866.181396484375,683.9666137695312,381.09234619140625,2840.3671875,-556.19921875,542.4971923828125,3181.4775390625,-613.4625244140625,460.0481262207031,3087.7021484375,-642.1726684570312,477.6994323730469,3121.669189453125,-628.8735961914062,511.5782470703125,3223.750732421875,-627.3358154296875,502.0433044433594,3087.244873046875,-589.0336303710938,601.5403442382812,3121.583251953125
-29.500459671020508,500.49609375,3068.6611328125,-178.10516357421875,504.3869018554687,3099.2099609375,-296.5146179199219,511.8015441894531,3124.593505859375,-475.3468017578125,541.5589599609375,3159.82177734375,-441.8494873046875,529.418212890625,3181.47802734375,-420.6035461425781,487.6766357421875,3293.699462890625,-325.4119567871094,301.0675354003906,3400.351806640625,-380.329345703125,236.42677307128903,3222.216064453125,-377.7118225097656,206.22344970703125,3146.12060546875,-412.1053771972656,170.8413543701172,3068.57080078125,-399.906982421875,197.4987030029297,3115.412841796875,-449.3640747070313,545.5280151367188,3127.061767578125,-446.2869567871094,569.3430786132812,3017.799072265625,-346.79681396484375,524.39208984375,2804.60693359375,-381.94732666015625,332.7242126464844,2848.723876953125,-411.2188415527344,310.71527099609375,2928.95751953125,-434.2839050292969,271.7001953125,3007.11572265625,-393.4928283691406,294.8821105957031,2950.82373046875,-14.751781463623049,482.6209716796875,3142.68310546875,291.01519775390625,351.86505126953125,3069.31884765625,602.7991943359375,431.8865661621094,3021.249267578125,721.06396484375,332.1100158691406,2983.116455078125,-42.79999542236328,516.6148681640625,3001.91259765625,258.6120910644531,397.2122192382813,2898.873046875,580.5601806640625,456.3908996582031,2867.0791015625,684.8341674804688,358.1553039550781,2835.8642578125,-544.0799560546875,541.8185424804688,3170.030029296875,-602.3269653320312,460.688232421875,3076.70458984375,-629.8475952148438,475.8821411132813,3112.46435546875,-612.90576171875,506.6422729492187,3214.42578125,-617.8010864257812,501.8529968261719,3078.427978515625,-582.0245971679688,601.1451416015625,3114.248291015625
-12.198162078857422,502.6279602050781,3082.4091796875,-165.2343292236328,503.0498046875,3096.04296875,-287.2032165527344,507.5345764160156,3109.8515625,-470.3099060058594,534.35107421875,3136.514892578125,-437.74798583984375,520.3128051757812,3159.416259765625,-423.6746826171875,477.9143371582031,3274.13525390625,-335.8839416503906,294.9002990722656,3398.376708984375,-373.99664306640625,223.83287048339844,3215.635498046875,-369.2843017578125,194.5097198486328,3138.208984375,-402.6090393066406,170.28384399414062,3054.77001953125,-396.9609375,187.5517578125,3104.78857421875,-442.01995849609375,541.1591796875,3105.50830078125,-438.7482299804687,569.8660888671875,2995.9990234375,-359.8616943359375,485.9802856445313,2782.5966796875,-366.45068359375,323.8671875,2903.385498046875,-382.7362365722656,282.234375,2980.677734375,-395.2597961425781,215.381591796875,3041.835693359375,-402.452392578125,260.16143798828125,2964.59228515625,-6.631402492523193,457.3112182617187,3146.297119140625,278.5699768066406,310.740478515625,3019.638671875,601.6913452148438,374.6064453125,3028.509765625,716.7049560546875,291.585693359375,2951.640869140625,-17.217954635620117,543.4920654296875,3024.79833984375,292.9797668457031,449.0509948730469,2908.747802734375,622.6702880859375,488.9244689941406,2932.736083984375,726.5192260742188,406.81451416015625,2865.60107421875,-540.4031372070312,533.6632080078125,3142.465576171875,-615.34130859375,436.8575439453125,3077.94091796875,-637.728515625,463.2225646972656,3111.515625,-606.70751953125,516.9461669921875,3201.353271484375,-627.8170776367188,478.9826354980469,3070.51806640625,-580.8755493164062,581.4166259765625,3076.481201171875
-26.793466567993164,496.1337890625,3061.65283203125,-175.51223754882812,502.7356872558594,3086.50439453125,-294.25811767578125,509.4981689453125,3106.800048828125,-470.9835205078125,543.3994750976562,3143.559814453125,-437.60107421875,531.2130737304688,3164.92431640625,-413.9125061035156,490.8341979980469,3276.4287109375,-339.0595703125,298.8340759277344,3386.81201171875,-373.9170837402344,223.49676513671875,3209.02587890625,-374.4309692382813,193.54896545410156,3133.271728515625,-396.59625244140625,164.55145263671875,3049.4638671875,-399.5195007324219,187.25437927246097,3102.264892578125,-445.5450439453125,546.04052734375,3110.53564453125,-445.3917236328125,561.80810546875,3000.4052734375,-366.6422424316406,479.12298583984375,2791.3583984375,-356.8288269042969,317.20965576171875,2906.107177734375,-375.792236328125,269.1221008300781,2976.966796875,-395.1169128417969,207.35299682617188,3039.29052734375,-396.5982666015625,254.29335021972656,2959.740966796875,-15.574895858764648,473.9620971679687,3134.677978515625,279.45965576171875,327.5308532714844,3055.87353515625,596.2152709960938,377.8428649902344,3012.363037109375,704.935791015625,273.3976745605469,2963.49755859375,-36.90974426269531,516.1270141601562,2995.80322265625,274.0941162109375,416.6198120117187,2907.33984375,594.2214965820312,482.5146179199219,2895.071533203125,702.3036499023438,390.31005859375,2862.2412109375,-539.1670532226562,545.2373046875,3154.652587890625,-616.30517578125,452.2236328125,3092.38525390625,-637.6117553710938,480.2353515625,3124.0625,-606.3294067382812,534.0241088867188,3211.410400390625,-626.1889038085938,493.9446716308594,3083.591796875,-574.9530639648438,592.1510620117188,3087.56494140625
-32.7600212097168,499.69830322265625,3072.578125,-176.96206665039062,505.2112426757813,3081.450927734375,-292.2044677734375,510.1075134277344,3088.867919921875,-465.1053466796875,532.4808349609375,3112.53857421875,-434.3352355957031,520.3109741210938,3134.513671875,-415.86279296875,475.0885009765625,3239.55908203125,-340.0425720214844,303.9152526855469,3362.455810546875,-371.7322387695313,223.09991455078125,3195.740234375,-370.4360656738281,190.5384979248047,3124.834228515625,-394.7599487304687,163.3080596923828,3045.2421875,-399.3042907714844,184.1092834472656,3094.092529296875,-438.4499816894531,538.8117065429688,3083.375732421875,-432.84417724609375,557.902099609375,2978.67333984375,-355.5772705078125,465.0077209472656,2785.10498046875,-356.6070861816406,315.7351379394531,2903.198974609375,-374.3746032714844,275.4706726074219,2974.7734375,-389.1460876464844,213.57437133789065,3032.731689453125,-390.541015625,255.33119201660156,2961.951904296875,-30.53895378112793,458.804443359375,3134.084716796875,241.4695587158203,314.0394592285156,3032.545654296875,549.5333862304688,348.8372497558594,3027.996826171875,647.729736328125,258.3481140136719,2955.758544921875,-34.76285171508789,536.5740966796875,3017.115234375,265.86175537109375,457.3610534667969,2925.575927734375,573.9473876953125,504.9315185546875,2957.014892578125,674.909912109375,426.6147766113281,2900.5869140625,-531.0693969726562,530.6610107421875,3117.805908203125,-615.774169921875,445.0091857910156,3068.341796875,-629.5977172851562,469.6095581054687,3103.855712890625,-583.3023071289062,515.7982177734375,3183.089599609375,-626.5593872070312,485.356689453125,3064.637451171875,-577.2965698242188,579.416259765625,3064.785400390625
-41.30532455444336,494.3818664550781,3080.91357421875,-184.01199340820312,499.3812561035156,3084.94091796875,-298.10894775390625,503.2132873535156,3088.005615234375,-466.0598754882813,538.0370483398438,3116.2802734375,-436.30517578125,522.7078857421875,3136.7734375,-417.3651123046875,476.6322326660156,3239.827392578125,-342.1268615722656,309.0465087890625,3363.174560546875,-371.57763671875,230.6534881591797,3197.41357421875,-376.28863525390625,199.9045562744141,3126.865234375,-383.250244140625,171.16432189941406,3045.5556640625,-404.0726013183594,196.34877014160156,3095.503173828125,-439.8913269042969,543.3388671875,3087.123779296875,-434.1051635742187,562.9803466796875,2983.832275390625,-366.8816833496094,472.7433471679687,2788.46435546875,-364.0118713378906,315.5398864746094,2891.649169921875,-381.8743896484375,285.03228759765625,2966.763671875,-391.3937377929687,213.8269805908203,3012.2783203125,-390.98291015625,257.0039978027344,2962.052734375,-41.556854248046875,444.3606872558594,3134.09521484375,230.01400756835935,318.2602844238281,3019.6337890625,535.9992065429688,332.48101806640625,3015.130615234375,621.015869140625,246.89712524414065,2925.974365234375,-41.07851028442383,539.4882202148438,3032.957275390625,269.94512939453125,496.8231506347656,2969.898681640625,573.2032470703125,535.41943359375,3018.67529296875,670.4815063476562,464.4088134765625,2951.28369140625,-531.0454711914062,541.2877807617188,3122.9462890625,-595.3458251953125,444.8313903808594,3067.1220703125,-614.4981079101562,464.2801513671875,3102.668212890625,-580.8214111328125,513.785888671875,3184.636474609375,-613.3564453125,482.06494140625,3064.786865234375,-583.5037231445312,582.4493408203125,3070.9375
-69.02400207519531,487.5793151855469,3060.767333984375,-206.353759765625,500.4119873046875,3076.229248046875,-316.49603271484375,508.0594482421875,3087.262939453125,-479.6524353027344,538.041748046875,3119.00830078125,-449.3582763671875,526.030029296875,3138.80712890625,-421.4879455566406,479.3242492675781,3235.810546875,-339.5750427246094,321.72564697265625,3356.93212890625,-372.28509521484375,235.9654083251953,3201.585205078125,-375.21484375,212.729248046875,3130.428466796875,-367.60943603515625,176.46957397460938,3054.971435546875,-405.7293395996094,197.8526611328125,3104.12353515625,-455.6522216796875,541.6505126953125,3089.23583984375,-447.21234130859375,551.1721801757812,2987.720458984375,-373.9931640625,469.2849426269531,2798.204833984375,-368.7889404296875,314.0257568359375,2894.404541015625,-376.6727600097656,277.48370361328125,2965.877685546875,-380.8670654296875,220.2638702392578,3025.337890625,-387.5937194824219,259.79119873046875,2961.638916015625,-64.98007202148438,455.05572509765625,3123.677734375,207.76788330078125,327.3966979980469,3044.25,503.6529846191406,339.3206787109375,3014.22216796875,586.3267822265625,235.70465087890625,2953.646240234375,-72.67059326171875,516.9072875976562,3004.038330078125,227.57469177246097,465.6129455566406,2940.713623046875,520.3407592773438,530.1529541015625,2964.9658203125,619.8757934570312,448.7281799316406,2926.97998046875,-542.5465087890625,539.3924560546875,3128.0068359375,-605.2460327148438,446.1291809082031,3073.252685546875,-626.4244995117188,469.2241516113281,3103.488037109375,-600.1219482421875,521.5001220703125,3182.872802734375,-619.258056640625,483.1472778320313,3065.948486328125,-583.247802734375,578.474365234375,3068.286865234375
-70.89705657958984,493.66802978515625,3056.01025390625,-204.1768798828125,504.4212341308594,3069.884033203125,-310.9836730957031,510.4513244628906,3080.17578125,-470.2664489746094,538.2367553710938,3105.05712890625,-441.3359375,527.90283203125,3125.55859375,-420.4559020996094,487.1116333007813,3223.04150390625,-351.5997009277344,334.6369323730469,3347.0126953125,-368.3030700683594,238.36068725585935,3202.114990234375,-358.5710754394531,205.92355346679688,3137.9453125,-347.06109619140625,179.96920776367188,3061.635986328125,-402.3696594238281,203.9521026611328,3103.416015625,-446.2311401367187,540.8720092773438,3076.78125,-437.51214599609375,551.627197265625,2978.65869140625,-364.4112854003906,465.2889404296875,2799.1689453125,-366.2474060058594,313.409912109375,2890.004150390625,-372.2817077636719,272.0148620605469,2955.985107421875,-381.8516540527344,227.50357055664065,3021.8037109375,-381.1165161132813,265.84344482421875,2957.957275390625,-65.78494262695312,472.8207092285156,3121.27783203125,175.4477996826172,318.1244201660156,3027.08203125,425.65423583984375,461.33154296875,3027.548095703125,546.9639282226562,405.2742309570313,2982.0693359375,-75.50687408447266,512.4669799804688,2997.15576171875,193.00892639160156,403.5244140625,2914.49951171875,472.2296142578125,484.9012756347656,2931.327392578125,569.9169921875,404.9125061035156,2900.88232421875,-531.4282836914062,538.9378662109375,3111.94189453125,-601.2020874023438,449.60589599609375,3069.373779296875,-616.4243774414062,472.22119140625,3101.5546875,-578.2109985351562,522.3335571289062,3173.341552734375,-615.1989135742188,485.6695556640625,3064.545166015625,-579.0430297851562,577.4734497070312,3061.141357421875
-86.55208587646484,495.8513488769531,3048.298583984375,-215.0465545654297,506.34967041015625,3065.250732421875,-318.2120361328125,510.2041320800781,3077.439697265625,-472.3001708984375,536.31591796875,3102.229736328125,-444.16748046875,526.4927368164062,3121.935791015625,-420.9435424804687,485.07470703125,3214.67822265625,-354.1445007324219,343.1641540527344,3341.0390625,-375.57623291015625,242.7318115234375,3206.757568359375,-378.4626159667969,211.7345428466797,3143.855712890625,-380.5008239746094,180.14048767089844,3071.7431640625,-410.0658264160156,194.3604431152344,3121.173095703125,-449.1997375488281,538.947265625,3074.76123046875,-439.0563354492187,547.4931640625,2979.830810546875,-359.6385192871094,467.6235046386719,2808.2763671875,-363.1279602050781,316.23333740234375,2888.116455078125,-374.8222351074219,281.0576477050781,2953.96826171875,-381.0711975097656,224.09825134277344,3006.018310546875,-377.8258361816406,267.8426818847656,2957.159912109375,-79.82483673095703,476.2350158691406,3111.438720703125,143.7898712158203,307.810302734375,3029.162353515625,367.5526428222656,473.8514099121094,3018.085205078125,473.5540466308594,413.98980712890625,2956.2431640625,-92.61833953857422,513.540283203125,2991.3623046875,153.87538146972656,384.5774536132813,2904.37890625,426.472900390625,455.8228759765625,2909.0126953125,504.3681335449219,365.51849365234375,2869.5205078125,-531.4300537109375,536.697021484375,3109.1796875,-598.8070068359375,447.7601013183594,3073.5771484375,-612.2118530273438,469.73773193359375,3105.224853515625,-572.457763671875,520.3837280273438,3171.498046875,-613.6083984375,482.16949462890625,3069.2294921875,-581.4807739257812,571.8416137695312,3062.435302734375
-126.9641342163086,494.11328125,3058.56591796875,-245.78070068359375,500.5915832519531,3071.42822265625,-341.1894226074219,501.35784912109375,3078.631591796875,-483.4974365234375,524.68505859375,3099.06982421875,-458.3234252929687,513.51171875,3117.032958984375,-435.5032653808594,468.8374328613281,3198.76806640625,-364.11859130859375,348.6024169921875,3320.491943359375,-390.86383056640625,245.16290283203125,3207.37353515625,-389.6809692382813,218.46141052246097,3148.5625,-386.4433288574219,191.0633850097656,3081.52783203125,-413.3761901855469,199.39300537109375,3126.831787109375,-461.3580627441406,529.4212646484375,3074.891357421875,-447.29107666015625,540.6849975585938,2988.525634765625,-379.8351440429687,468.5508117675781,2827.50390625,-369.8556213378906,319.2713928222656,2876.937744140625,-378.8532104492187,283.4175109863281,2935.857177734375,-384.2935791015625,234.56558227539065,2987.44091796875,-365.3777160644531,268.3396301269531,2944.931640625,-123.47731018066406,458.93939208984375,3108.490966796875,113.37971496582033,362.1964721679687,3026.8212890625,367.1573486328125,400.5716552734375,3024.758056640625,443.88812255859375,326.0068054199219,2958.8203125,-130.1083526611328,525.8311767578125,3013.546142578125,122.21726989746094,472.1390380859375,2939.8974609375,379.8819274902344,499.2087707519531,2952.12451171875,449.53375244140625,426.63909912109375,2895.090087890625,-538.10498046875,525.0537109375,3103.655029296875,-613.2262573242188,451.8934020996094,3078.64794921875,-620.1198120117188,474.1229553222656,3108.114990234375,-572.3665771484375,516.3450927734375,3164.41650390625,-622.7536010742188,485.05706787109375,3074.8916015625,-582.9880981445312,562.650146484375,3063.756591796875
-121.99398803710938,492.4053649902344,3044.9580078125,-241.1089782714844,504.4168701171875,3062.7744140625,-336.83551025390625,510.6993408203125,3075.429931640625,-481.53765869140625,526.8572387695312,3097.687255859375,-455.0990905761719,518.396728515625,3115.996337890625,-432.08538818359375,476.8100280761719,3200.535888671875,-371.3243103027344,348.1759033203125,3322.645263671875,-387.6360168457031,250.4962615966797,3200.362060546875,-380.2713012695313,228.2176971435547,3139.392333984375,-380.6668395996094,212.42333984375,3067.806640625,-400.4764404296875,213.9217834472656,3112.42724609375,-459.9390563964844,531.3135986328125,3072.4736328125,-449.12060546875,539.034912109375,2984.247314453125,-383.7946166992187,470.3136901855469,2818.410400390625,-369.0236511230469,320.0521545410156,2869.348876953125,-371.2083435058594,283.40716552734375,2929.3505859375,-375.7908020019531,242.77784729003903,2988.684326171875,-365.4465026855469,270.8713073730469,2935.32275390625,-116.47748565673828,465.1485900878906,3100.21630859375,109.01818084716795,333.509033203125,3025.443115234375,365.4422302246094,368.467041015625,3005.426513671875,447.0377807617187,284.1748962402344,2956.528564453125,-126.9684600830078,516.9840087890625,2995.12939453125,118.3395538330078,436.2842712402344,2911.93603515625,376.0631713867187,484.138671875,2921.394287109375,458.6855163574219,409.96868896484375,2884.69775390625,-536.5842895507812,524.1889038085938,3103.525634765625,-616.5184936523438,456.2942810058594,3073.76416015625,-622.6865844726562,477.9491882324219,3104.34228515625,-573.0118408203125,515.1333618164062,3163.898681640625,-623.935546875,490.505859375,3071.19140625,-578.620849609375,566.6358032226562,3063.965087890625
-104.91946411132812,502.93212890625,3063.365478515625,-224.94595336914065,506.6470031738281,3073.74072265625,-321.0763244628906,507.573486328125,3080.308837890625,-466.9054260253906,517.3140869140625,3092.682373046875,-441.6891479492187,508.2225341796875,3112.126220703125,-425.4054870605469,468.8428955078125,3198.795654296875,-371.6331176757813,345.99951171875,3328.69580078125,-392.38671875,251.027099609375,3205.799560546875,-383.5672607421875,234.2526397705078,3143.5654296875,-377.3318176269531,218.2863006591797,3072.6044921875,-399.7828063964844,205.8381500244141,3120.630615234375,-443.7957763671875,524.4808349609375,3069.71875,-431.8369140625,538.777099609375,2982.846923828125,-378.4948120117187,470.2777099609375,2813.58447265625,-368.1772155761719,320.6995849609375,2865.54052734375,-369.7269287109375,282.176513671875,2924.0224609375,-375.9132995605469,243.1305389404297,2983.906005859375,-365.3723449707031,267.7807922363281,2926.91552734375,-102.1000747680664,463.0748596191406,3110.251953125,102.37100982666016,325.4695739746094,2998.856201171875,359.028564453125,356.10137939453125,3000.35205078125,437.53948974609375,282.2311096191406,2934.03173828125,-107.46182250976562,538.8731689453125,3021.085693359375,135.49778747558594,468.3883056640625,2926.229248046875,391.172119140625,507.7982482910156,2962.34375,472.6141052246094,445.1427917480469,2907.556396484375,-521.864501953125,512.4928588867188,3094.08203125,-617.2691040039062,466.1626892089844,3070.9052734375,-614.3828735351562,483.9954223632813,3104.126220703125,-550.3787841796875,502.1831970214844,3158.0537109375,-617.6099243164062,501.02935791015625,3073.350341796875,-559.0241088867188,567.0880126953125,3067.072265625
-98.81610107421876,502.3741149902344,3062.924072265625,-221.02423095703125,508.3655090332031,3063.986572265625,-318.80078125,509.7971496582031,3061.427978515625,-467.2739562988281,519.7766723632812,3066.701416015625,-442.7263488769531,509.97174072265625,3087.470703125,-429.9032897949219,467.8568420410156,3175.074951171875,-373.7516784667969,361.2321166992187,3321.36083984375,-392.3283386230469,244.9783935546875,3214.38232421875,-387.0372314453125,230.6775360107422,3150.124267578125,-377.8134460449219,218.6717987060547,3077.578125,-405.4635314941406,207.64256286621097,3125.3837890625,-442.6474609375,527.5819702148438,3044.80712890625,-426.8327026367187,548.5508422851562,2958.519287109375,-364.9425659179687,463.9903869628906,2796.307861328125,-362.60894775390625,319.2232971191406,2866.92041015625,-368.5613098144531,282.5224914550781,2927.535400390625,-378.1898193359375,244.12680053710935,2988.685546875,-365.1585083007813,269.6429443359375,2933.296875,-100.61639404296876,457.8688049316406,3106.82080078125,103.3742446899414,320.04022216796875,2985.249267578125,364.379150390625,344.0443115234375,2997.741455078125,443.1699523925781,272.91229248046875,2925.346435546875,-97.19270324707033,542.5065307617188,3023.340576171875,152.7706298828125,474.7795104980469,2933.02001953125,404.81109619140625,522.4402465820312,3000.22265625,494.38177490234375,467.6280822753906,2945.933349609375,-523.0740356445312,515.004638671875,3065.1591796875,-615.891845703125,457.7857971191406,3081.183349609375,-601.8740234375,477.16363525390625,3111.211181640625,-522.947265625,503.7827453613281,3136.144775390625,-618.9366455078125,493.0303649902344,3083.953857421875,-574.1038818359375,565.4667358398438,3055.35400390625
-116.81888580322266,498.652587890625,3045.4716796875,-235.1994476318359,507.26373291015625,3055.751953125,-330.2333984375,509.9188537597656,3061.50341796875,-474.69976806640625,516.6734008789062,3071.66796875,-449.7538146972656,510.0290832519531,3091.790771484375,-431.50579833984375,471.9996948242187,3177.428466796875,-368.1068115234375,351.2650451660156,3301.760009765625,-384.8092346191406,261.76507568359375,3176.45947265625,-380.7983703613281,233.7357940673828,3118.7255859375,-366.7936401367187,205.71437072753903,3053.722412109375,-393.3871765136719,206.59947204589844,3100.517578125,-451.8110046386719,522.4111328125,3048.63916015625,-437.8363342285156,529.9883422851562,2962.268310546875,-369.96728515625,455.2291259765625,2803.648681640625,-357.7353820800781,311.7093200683594,2865.7216796875,-360.1907043457031,280.50616455078125,2927.480224609375,-366.6898498535156,248.72085571289065,2990.551513671875,-358.6997375488281,264.3204345703125,2930.191650390625,-114.50497436523438,467.8310852050781,3097.934326171875,93.2091064453125,321.15118408203125,3015.407470703125,346.9005432128906,350.28411865234375,3007.073974609375,426.297119140625,267.9122009277344,2956.45849609375,-118.90544128417967,526.4456787109375,2998.163818359375,123.36930847167967,446.1343994140625,2919.614013671875,371.0138854980469,508.5254211425781,2957.531005859375,459.5022888183594,443.4246520996094,2923.1787109375,-528.8922119140625,510.5838623046875,3073.00146484375,-622.0005493164062,457.3307495117187,3076.111083984375,-611.0454711914062,474.34759521484375,3107.53564453125,-536.5465698242188,496.47271728515625,3141.109619140625,-624.2418823242188,491.5669860839844,3080.17919921875,-575.8108520507812,561.7760009765625,3060.674072265625
-99.44158172607422,498.9720764160156,3043.939697265625,-220.0295867919922,509.4669494628906,3054.052734375,-316.9866027832031,511.6694641113281,3058.955078125,-464.3261413574219,519.9036254882812,3067.4501953125,-439.2172546386719,512.9087524414062,3088.289306640625,-425.0153503417969,474.9422302246094,3176.773681640625,-372.4488525390625,346.63604736328125,3303.94580078125,-378.1180419921875,261.593505859375,3171.010986328125,-375.8854675292969,236.3131866455078,3110.562255859375,-365.6973571777344,207.12367248535156,3043.806396484375,-390.4661254882813,225.42068481445312,3084.4423828125,-440.642578125,525.5281982421875,3044.26611328125,-427.5341796875,538.3326416015625,2956.623779296875,-364.471923828125,457.65240478515625,2794.560791015625,-357.0658264160156,315.8394775390625,2868.083740234375,-360.3280334472656,283.9239196777344,2930.9619140625,-366.91253662109375,249.61817932128903,2994.277099609375,-358.2771911621094,266.68084716796875,2934.033447265625,-97.3039321899414,470.4421997070313,3099.034423828125,100.55284881591795,301.8924865722656,3016.968994140625,357.8564453125,342.1571350097656,3011.768310546875,443.2969665527344,258.658447265625,2967.087890625,-101.3691864013672,524.69873046875,2994.258056640625,127.0607681274414,407.4081115722656,2903.738037109375,379.6047973632813,472.8483276367187,2938.775634765625,469.8742065429687,404.5105895996094,2907.911865234375,-519.64453125,514.19970703125,3068.11279296875,-608.7421264648438,450.8407287597656,3072.158935546875,-597.3209838867188,466.862060546875,3104.794921875,-521.86669921875,494.2001037597656,3136.558349609375,-614.0108032226562,484.9722595214844,3079.0927734375,-572.8008422851562,562.2540283203125,3062.1611328125
-100.75389862060548,501.57421875,3045.736328125,-223.15220642089844,512.646240234375,3057.888671875,-321.60113525390625,515.6030883789062,3064.723876953125,-471.0438232421875,526.4415893554688,3076.360107421875,-445.2431640625,518.6145629882812,3096.9580078125,-429.6145629882813,479.7046203613281,3186.59033203125,-375.419189453125,352.0579833984375,3318.3544921875,-381.24468994140625,253.74380493164065,3191.556884765625,-380.3444519042969,222.5889892578125,3132.635986328125,-358.26904296875,189.1485137939453,3069.475830078125,-410.4676208496094,211.28379821777344,3108.921875,-447.3223571777344,532.052001953125,3052.402099609375,-434.57122802734375,545.4581298828125,2963.266845703125,-366.6697692871094,461.3264465332031,2801.08935546875,-356.1720886230469,312.40692138671875,2865.484619140625,-359.1516418457031,280.30108642578125,2929.6044921875,-366.7221374511719,248.60108947753903,2995.5078125,-359.0980529785156,263.7413635253906,2931.983154296875,-97.66858673095705,473.6462707519531,3102.256103515625,105.68923950195312,303.1556091308594,3022.407470703125,367.3794250488281,343.0040283203125,3013.873291015625,452.9402160644531,256.2455749511719,2969.4931640625,-103.53605651855467,526.758056640625,2994.77001953125,124.12291717529295,400.4852294921875,2900.64990234375,384.753173828125,455.9087219238281,2925.671630859375,471.3933410644531,381.524169921875,2891.0859375,-527.3572998046875,521.6040649414062,3078.04638671875,-622.4267578125,464.2801818847656,3071.071044921875,-613.4132690429688,479.4066467285156,3105.58447265625,-538.9259643554688,501.0289001464844,3146.6337890625,-625.9119262695312,499.2420043945313,3078.01220703125,-576.5513916015625,574.4949951171875,3066.771240234375
-110.8981704711914,502.5397644042969,3045.598876953125,-232.1129913330078,514.6968994140625,3058.58203125,-329.6247253417969,519.0447387695312,3066.668701171875,-478.11627197265625,525.1394653320312,3078.516845703125,-452.1971740722656,519.0299682617188,3099.103515625,-433.2926330566406,483.7058715820313,3188.72216796875,-371.61724853515625,357.7589111328125,3316.569580078125,-384.36328125,265.7008972167969,3187.22216796875,-378.0367126464844,234.18331909179688,3129.436767578125,-368.9585266113281,206.59417724609375,3061.1552734375,-394.633544921875,222.67349243164065,3102.24609375,-454.8736877441406,530.610107421875,3054.444580078125,-442.2935485839844,540.1904296875,2965.5302734375,-369.1233520507813,464.8601989746094,2803.177490234375,-356.51275634765625,314.9937438964844,2861.44580078125,-361.27337646484375,287.0531921386719,2926.759521484375,-366.674072265625,251.45709228515625,2990.189208984375,-357.4895324707031,266.5873718261719,2929.623779296875,-107.25252532958984,477.6526184082031,3102.9404296875,93.8127212524414,304.9805908203125,3029.9013671875,353.17767333984375,345.1321105957031,3017.8125,438.6124572753906,257.8035583496094,2977.50341796875,-114.18560028076172,524.9815673828125,2993.8916015625,109.6845245361328,395.3272705078125,2901.767333984375,369.0395812988281,448.9930725097656,2920.296630859375,454.3254699707031,373.7569580078125,2887.501708984375,-533.7763061523438,518.4962768554688,3080.63818359375,-626.5758056640625,459.0767822265625,3086.464111328125,-616.6904907226562,479.237548828125,3117.660400390625,-541.86083984375,508.23431396484375,3151.399658203125,-630.7693481445312,494.3106994628906,3088.272216796875,-584.5180053710938,567.5635375976562,3063.981689453125
-112.59485626220705,502.2467346191406,3049.022216796875,-232.61163330078125,513.9325561523438,3060.501220703125,-329.1427917480469,517.6480712890625,3067.236328125,-476.1470642089844,523.255615234375,3076.53466796875,-450.84320068359375,517.2587280273438,3097.301025390625,-433.25146484375,482.0731506347656,3186.030029296875,-368.29351806640625,357.21942138671875,3310.105712890625,-387.331298828125,264.6854553222656,3184.11669921875,-380.7463684082031,231.8507080078125,3127.9658203125,-370.8919982910156,202.63233947753903,3061.396484375,-404.053466796875,218.3012237548828,3102.661376953125,-452.79248046875,528.7587890625,3053.12353515625,-439.3088684082031,537.9637451171875,2965.3388671875,-371.3139953613281,464.35736083984375,2802.53173828125,-357.5362548828125,316.2774963378906,2860.08642578125,-364.2566528320313,285.2435302734375,2922.912353515625,-373.90032958984375,250.81285095214844,2985.53564453125,-358.33599853515625,265.4265441894531,2927.00244140625,-109.6026611328125,477.3677673339844,3105.632568359375,88.97374725341797,306.45220947265625,3033.27392578125,345.6965026855469,345.0765686035156,3024.3291015625,429.5029296875,258.2839050292969,2984.054443359375,-115.29305267333984,524.6812133789062,2997.97412109375,104.7884521484375,395.5838623046875,2905.132568359375,361.1297912597656,447.7878112792969,2926.79931640625,444.7513122558594,373.1264953613281,2893.210693359375,-531.1873168945312,516.5336303710938,3077.715576171875,-625.6241455078125,461.9017333984375,3077.76611328125,-615.8756713867188,479.6778564453125,3109.9091796875,-541.689697265625,503.0404968261719,3146.775146484375,-628.24658203125,496.74749755859375,3081.3486328125,-578.6105346679688,568.14453125,3062.5830078125
-160.79151916503906,523.904541015625,3056.620361328125,-267.06756591796875,530.0175170898438,3058.402587890625,-352.063720703125,525.5325317382812,3058.117919921875,-481.3817443847656,523.8204956054688,3065.865478515625,-458.9597473144531,519.7843627929688,3084.2109375,-440.94195556640625,490.12298583984375,3162.141845703125,-364.0947570800781,354.10516357421875,3214.958740234375,-376.2206115722656,270.5059509277344,3105.3134765625,-354.6148681640625,234.08042907714844,3066.4736328125,-315.4691162109375,196.56890869140625,3031.5654296875,-370.8108215332031,226.36769104003903,3035.800537109375,-461.0625,529.620849609375,3045.330810546875,-445.7170715332031,533.0026245117188,2968.43896484375,-374.7649230957031,459.8278503417969,2834.85009765625,-357.517333984375,322.64935302734375,2857.884521484375,-360.41851806640625,286.34613037109375,2907.90380859375,-367.869873046875,250.5897216796875,2959.704833984375,-356.5399169921875,272.5730895996094,2909.7646484375,-160.45547485351562,514.1399536132812,3110.150390625,-2.6909260749816895,371.12115478515625,3001.834228515625,187.77322387695312,484.6274719238281,3056.333984375,290.53790283203125,442.1768798828125,3068.001220703125,-161.0945281982422,532.7097778320312,3008.35009765625,15.85717487335205,397.91412353515625,2921.910400390625,236.9175720214844,454.98394775390625,2955.203125,312.980224609375,388.4546813964844,2936.0078125,-529.3931274414062,515.427490234375,3066.779296875,-612.768798828125,468.05902099609375,3066.1708984375,-601.2718505859375,478.26861572265625,3095.823974609375,-532.9295043945312,492.64990234375,3124.908447265625,-614.2682495117188,497.5900573730469,3075.056396484375,-571.4287109375,562.382080078125,3066.095947265625
-138.4151153564453,511.1554260253906,3032.53857421875,-249.11830139160156,520.4508056640625,3043.6259765625,-338.083251953125,519.5448608398438,3050.751953125,-473.0793762207031,523.9356689453125,3065.42822265625,-448.923095703125,517.9027099609375,3083.342529296875,-424.2195129394531,479.0172729492187,3160.026611328125,-340.9735412597656,334.4864196777344,3205.705810546875,-375.7434387207031,258.73309326171875,3086.881591796875,-373.7701416015625,220.8608856201172,3040.052490234375,-370.6075439453125,165.744873046875,3001.006103515625,-385.72662353515625,219.62062072753903,3007.741943359375,-452.5372924804687,529.7578735351562,3043.093994140625,-441.36126708984375,536.83447265625,2961.865966796875,-365.8544921875,464.3103942871094,2820.137451171875,-356.4716796875,323.61962890625,2861.628662109375,-361.8879699707031,286.4512939453125,2914.533447265625,-370.0296325683594,246.56954956054688,2967.07666015625,-361.7154846191406,269.24072265625,2912.365234375,-133.8386688232422,499.3047790527344,3088.16748046875,72.89498901367188,361.4132690429687,3056.380126953125,301.6318054199219,430.8049926757813,3042.636474609375,388.0016479492187,354.8224182128906,3020.03125,-142.54190063476562,521.8416748046875,2982.3759765625,55.52002716064453,387.7010803222656,2908.849853515625,290.50909423828125,444.6825256347656,2917.233154296875,365.7439270019531,370.7511291503906,2894.6904296875,-523.69775390625,517.5189208984375,3068.5517578125,-602.982666015625,455.82818603515625,3073.026611328125,-594.439453125,473.0028991699219,3102.333984375,-527.5849609375,503.2923889160156,3132.44580078125,-609.4931640625,487.288818359375,3077.03955078125,-574.21044921875,558.849609375,3058.1494140625
-138.39691162109375,511.0895080566406,3032.574462890625,-249.11654663085935,520.3831176757812,3043.654541015625,-338.0942077636719,519.4715576171875,3050.775390625,-473.1150207519531,523.8836669921875,3065.39111328125,-448.9639892578125,517.8571166992188,3083.32177734375,-424.4481201171875,479.01556396484375,3160.1025390625,-341.9262390136719,334.2437744140625,3206.41845703125,-376.1570434570313,258.43450927734375,3087.448974609375,-374.1069641113281,220.2805938720703,3040.841552734375,-371.12005615234375,164.90585327148438,3002.1328125,-385.6993408203125,219.10292053222656,3008.335205078125,-452.5596618652344,529.6928100585938,3043.0595703125,-441.3220825195313,536.7188720703125,2961.82421875,-365.7288818359375,464.1073913574219,2820.156494140625,-356.3309631347656,323.3834228515625,2861.603515625,-361.7359313964844,286.10302734375,2914.441650390625,-369.833740234375,246.05467224121097,2966.87646484375,-361.6125793457031,268.57513427734375,2911.890869140625,-133.8228302001953,499.2493896484375,3088.213623046875,72.84394073486328,361.1791076660156,3056.494873046875,301.8419189453125,429.7936706542969,3042.623291015625,387.9579772949219,353.4918212890625,3020.04150390625,-142.52157592773438,521.7662353515625,2982.402099609375,55.54174041748047,387.6028747558594,2908.803955078125,290.62945556640625,444.3404541015625,2917.037109375,365.78662109375,370.3296203613281,2894.4248046875,-523.7423095703125,517.4724731445312,3068.495849609375,-603.1803588867188,455.9303588867187,3072.596923828125,-594.6497802734375,472.9764099121094,3101.989013671875,-527.7728881835938,503.008056640625,3132.3369140625,-609.6300048828125,487.3939208984375,3076.719482421875,-574.1532592773438,558.9588012695312,3058.162353515625
-156.45318603515625,521.7498779296875,3022.9375,-262.5845031738281,531.3117065429688,3029.86181640625,-347.37628173828125,523.1860961914062,3035.553466796875,-476.910888671875,523.6329345703125,3045.923828125,-454.1041870117187,520.501953125,3064.111083984375,-430.2491760253906,484.9313659667969,3138.185791015625,-358.15228271484375,342.6697998046875,3182.037841796875,-380.0421752929687,254.7169647216797,3076.880126953125,-381.5112609863281,214.2803955078125,3035.834716796875,-373.1925964355469,160.1835479736328,3001.376220703125,-386.831298828125,213.4745178222656,3006.19775390625,-456.8834533691406,527.8396606445312,3024.601806640625,-442.9734802246094,527.9450073242188,2947.1240234375,-366.3821716308594,452.3733520507813,2817.405029296875,-355.6437683105469,317.2718811035156,2854.77197265625,-361.4954528808594,285.2889404296875,2907.63134765625,-368.555419921875,248.61341857910156,2959.076171875,-360.4427185058594,269.32501220703125,2907.424560546875,-152.85069274902344,522.3008422851562,3077.393310546875,21.84976577758789,358.3280029296875,3073.933349609375,189.24124145507812,505.862060546875,3022.3828125,288.8579406738281,454.3916320800781,3021.31005859375,-159.70172119140625,521.2529907226562,2973.832275390625,5.012348175048828,353.5116882324219,2928.80029296875,225.93077087402344,422.3545227050781,2925.874755859375,290.9555358886719,343.11456298828125,2914.19140625,-525.131591796875,515.9073486328125,3048.317138671875,-604.4550170898438,466.6500854492187,3071.39111328125,-587.138427734375,480.3815002441406,3096.570556640625,-514.6087646484375,499.5595703125,3107.947998046875,-605.3662109375,497.0284118652344,3077.33544921875,-568.6040649414062,561.6260986328125,3052.31689453125
-146.82736206054688,515.0630493164062,3028.932861328125,-256.33502197265625,527.9096069335938,3040.6689453125,-344.6979064941406,528.209716796875,3047.72119140625,-479.2159118652344,525.398193359375,3057.9248046875,-455.5304870605469,520.5219116210938,3076.45166015625,-429.3006286621094,476.0870971679687,3148.779052734375,-340.34088134765625,336.562255859375,3194.791748046875,-369.4002075195313,262.61376953125,3074.513427734375,-373.9399108886719,216.6719207763672,3036.428955078125,-374.1780395507813,162.88343811035156,2996.218994140625,-378.9890747070313,219.8521270751953,3001.5849609375,-458.4406127929687,532.4345092773438,3036.463623046875,-444.7659606933594,535.6892700195312,2955.946044921875,-371.2485046386719,460.0836486816406,2816.28955078125,-357.3918151855469,321.72967529296875,2860.7333984375,-360.5553588867187,281.1795349121094,2910.7138671875,-368.3992919921875,241.35086059570312,2962.767822265625,-361.9710083007813,265.73870849609375,2907.641845703125,-142.4872589111328,501.8660888671875,3083.87451171875,54.008975982666016,352.5157470703125,3052.380615234375,280.4256286621094,423.83013916015625,3038.476806640625,366.2260437011719,349.5941162109375,3012.321044921875,-150.7410125732422,526.9633178710938,2979.3896484375,30.351682662963867,377.8498229980469,2897.25830078125,265.8397521972656,424.9176330566406,2905.591796875,336.8869934082031,348.8987121582031,2880.112548828125,-529.1559448242188,516.3676147460938,3059.33349609375,-612.7946166992188,464.4070739746094,3076.030029296875,-594.9635009765625,475.1431579589844,3103.904052734375,-519.4945068359375,492.0389404296875,3118.967041015625,-613.263916015625,495.02203369140625,3085.8525390625,-573.4865112304688,563.9104614257812,3068.4404296875
-148.9742431640625,515.3700561523438,3028.569580078125,-258.9267272949219,527.1796875,3043.126953125,-347.595458984375,528.1089477539062,3052.5224609375,-482.6075439453125,523.11181640625,3065.57763671875,-458.3247375488281,518.447265625,3083.6787109375,-431.4617004394531,476.5235900878906,3157.8974609375,-341.3140563964844,336.482177734375,3203.841552734375,-374.15966796875,265.7965087890625,3081.56494140625,-375.8331909179687,220.619140625,3041.809326171875,-374.8517150878906,159.64273071289062,3012.74658203125,-379.931640625,219.44154357910156,3007.203857421875,-462.2760314941406,530.662841796875,3043.61181640625,-451.1728515625,535.6036987304688,2962.294921875,-381.4144287109375,459.5591735839844,2819.676025390625,-362.8583068847656,318.8779296875,2857.45166015625,-368.38177490234375,286.3042297363281,2913.220947265625,-370.9402770996094,240.8392791748047,2961.5498046875,-362.0536193847656,270.9091491699219,2917.73095703125,-143.33163452148438,500.4436340332031,3083.297607421875,51.4699821472168,348.3993225097656,3043.556396484375,283.9240417480469,401.3922119140625,3024.244873046875,365.7593688964844,322.1869812011719,2996.90283203125,-154.06243896484375,528.8298950195312,2979.21923828125,30.157983779907227,386.1126403808594,2888.641357421875,267.29351806640625,432.8655090332031,2891.30859375,340.1397399902344,358.8122863769531,2862.64111328125,-532.6575927734375,513.2402954101562,3067.973388671875,-616.230712890625,457.55816650390625,3065.188232421875,-607.0753784179688,471.05084228515625,3096.15087890625,-538.8922729492188,493.113525390625,3130.00439453125,-620.505126953125,488.83599853515625,3072.23828125,-579.7470703125,559.0110473632812,3061.09521484375
-138.89178466796875,513.2163696289062,3031.079833984375,-249.35841369628903,524.117919921875,3037.74267578125,-338.2277526855469,523.11767578125,3039.911376953125,-473.0020751953125,527.1187133789062,3051.432373046875,-449.3554382324219,520.9129638671875,3069.755615234375,-425.4848327636719,477.48492431640625,3143.808349609375,-336.8317565917969,339.46185302734375,3196.34228515625,-368.5392761230469,261.3780517578125,3078.877685546875,-376.1871643066406,215.0774688720703,3041.45751953125,-385.28363037109375,155.9839630126953,3010.449462890625,-381.7078247070313,214.7567443847656,3004.405517578125,-452.0361328125,533.2322387695312,3029.747802734375,-439.4558410644531,538.3563842773438,2948.908447265625,-368.9843444824219,456.4288330078125,2810.617431640625,-359.9222717285156,317.5950012207031,2856.1796875,-362.672607421875,281.0731506347656,2909.425048828125,-368.41754150390625,242.3419952392578,2962.80712890625,-360.6731262207031,263.72833251953125,2908.3447265625,-137.375244140625,495.57611083984375,3085.086669921875,64.10989379882812,354.2054443359375,3044.028076171875,299.80767822265625,389.1511840820313,3034.162109375,371.3487854003906,302.22613525390625,3003.154541015625,-140.25930786132812,529.1233520507812,2982.37939453125,59.251861572265625,406.3668823242187,2897.17431640625,295.2041015625,452.7356567382813,2913.02587890625,365.37744140625,378.0055541992187,2880.876953125,-523.4684448242188,520.6189575195312,3053.279541015625,-601.498046875,459.9017333984375,3069.3046875,-585.4954223632812,472.990478515625,3097.40771484375,-512.4473876953125,498.3495788574219,3113.68310546875,-605.526123046875,490.5172119140625,3078.6025390625,-573.0498046875,563.2808227539062,3060.705078125
-191.34735107421875,520.2191772460938,3035.162109375,-288.56689453125,529.8738403320312,3041.962890625,-366.7804870605469,528.93701171875,3045.374755859375,-485.3903503417969,531.751953125,3056.65087890625,-464.3735656738281,526.5491943359375,3072.625,-438.930908203125,484.4252014160156,3133.7490234375,-370.600341796875,349.42645263671875,3122.895263671875,-387.55950927734375,267.5323486328125,3026.895263671875,-379.031005859375,215.3751983642578,3025.90673828125,-388.12603759765625,159.41903686523438,3008.456787109375,-388.6954040527344,213.7194976806641,2983.84326171875,-467.1487121582031,537.1109008789062,3037.333984375,-450.8431701660156,535.542724609375,2967.025634765625,-376.7019958496094,439.4947509765625,2871.27392578125,-358.9313049316406,311.8042297363281,2869.6767578125,-362.4832153320313,277.4222412109375,2914.89306640625,-369.41888427734375,241.68338012695312,2960.43310546875,-361.14642333984375,264.4825134277344,2912.730224609375,-189.086669921875,508.7084045410156,3083.82177734375,3.4951419830322266,406.6851806640625,3055.571533203125,200.39456176757812,479.76214599609375,3055.762939453125,278.7159118652344,413.6195373535156,3047.60205078125,-193.38587951660156,530.598876953125,2991.283935546875,-6.2603654861450195,439.95758056640625,2920.864501953125,203.0348358154297,473.9104614257813,2930.099365234375,262.5185241699219,405.482177734375,2903.052490234375,-529.7777709960938,525.7459716796875,3058.754638671875,-599.3172607421875,473.3473205566406,3072.87646484375,-586.06005859375,485.9821166992187,3097.547607421875,-522.1474609375,508.66644287109375,3113.149169921875,-602.9827880859375,500.68902587890625,3079.62939453125,-573.4033813476562,563.7993774414062,3061.880615234375
-164.6363983154297,507.4638671875,3026.06494140625,-268.8421325683594,518.9848022460938,3040.28271484375,-352.7957763671875,522.7439575195312,3049.864013671875,-480.8639221191406,523.194580078125,3063.093505859375,-457.9402160644531,517.1139526367188,3079.899658203125,-431.61529541015625,470.5740356445313,3145.686279296875,-343.8414306640625,333.04913330078125,3161.15478515625,-375.4563293457031,274.0107116699219,3041.013916015625,-381.131103515625,217.83509826660156,3032.466796875,-378.6233215332031,164.7591552734375,2996.649658203125,-395.2093811035156,207.25816345214844,2989.419921875,-461.4132385253906,530.2799682617188,3042.385009765625,-449.089111328125,532.9371948242188,2965.4208984375,-379.0835266113281,459.822265625,2832.620849609375,-366.7013549804687,322.7627868652344,2854.120849609375,-363.3611450195313,284.84295654296875,2902.40576171875,-366.0506896972656,248.83250427246097,2954.0126953125,-363.3609313964844,269.93878173828125,2898.911376953125,-159.59190368652344,490.1710205078125,3077.050048828125,40.865211486816406,368.1534423828125,3041.092529296875,261.69580078125,418.5362854003906,3027.844970703125,339.8905029296875,345.3426818847656,2998.33056640625,-169.18527221679688,523.0575561523438,2980.08935546875,25.058940887451172,417.9014892578125,2893.75048828125,250.4241485595703,459.4446105957031,2901.06884765625,320.0904235839844,390.9107971191406,2871.104736328125,-528.6923217773438,515.8553466796875,3065.396484375,-611.1364135742188,468.5295715332031,3072.040283203125,-598.7857055664062,481.4126892089844,3100.02734375,-530.033447265625,498.6442260742187,3125.091552734375,-612.5577392578125,498.5592041015625,3078.171142578125,-570.837646484375,562.0509033203125,3061.8779296875
-173.3150634765625,521.923095703125,3018.3984375,-275.4355163574219,534.7017822265625,3033.0966796875,-357.2123107910156,527.2299194335938,3045.9150390625,-482.9003601074219,529.4727783203125,3060.156982421875,-460.2163391113281,524.9530639648438,3076.914306640625,-432.4086608886719,481.91558837890625,3142.593017578125,-356.9809875488281,340.10614013671875,3131.114990234375,-366.8702392578125,260.7218933105469,3022.178466796875,-382.4118957519531,212.5841827392578,3046.4638671875,-392.9145202636719,169.9530029296875,3001.3310546875,-396.072265625,190.12335205078125,2991.005126953125,-463.9881286621094,534.4225463867188,3039.047119140625,-449.2388916015625,537.7769165039062,2963.92041015625,-369.6268310546875,460.7586059570313,2842.876708984375,-355.6097717285156,325.1662902832031,2855.142822265625,-356.2248840332031,289.830810546875,2904.1455078125,-362.0651550292969,254.89503479003903,2954.89892578125,-359.1705017089844,274.0266418457031,2896.5263671875,-165.37799072265625,525.0279541015625,3070.844482421875,7.622912406921387,368.7820434570313,3079.76513671875,168.552001953125,505.7770080566406,3008.77197265625,257.9871520996094,451.6166076660156,3040.163330078125,-180.47227478027344,519.1232299804688,2971.105712890625,-36.31110382080078,340.0412902832031,2933.00341796875,181.52650451660156,395.4101257324219,2917.571533203125,232.8238525390625,309.3927307128906,2909.98046875,-529.8958129882812,522.7244873046875,3063.58203125,-601.6409301757812,462.70550537109375,3067.859619140625,-591.1600341796875,475.3819885253906,3096.024658203125,-526.8778686523438,501.9406127929687,3120.91748046875,-607.8828735351562,491.0666198730469,3075.960693359375,-578.4920654296875,560.4839477539062,3063.853515625
