119.74058532714844,-138.6062774658203,5011.67626953125,120.36760711669922,-301.6280212402344,4981.89013671875,122.30335235595705,-434.0338745117187,4977.69384765625,130.54196166992188,-635.4766845703125,4982.556640625,160.48312377929688,-601.1777954101562,4982.22802734375,285.3306579589844,-556.02783203125,4984.966796875,348.61944580078125,-322.22198486328125,5069.9482421875,369.64007568359375,-111.89612579345705,5028.25341796875,384.7602844238281,-59.91057205200195,4957.05224609375,327.02142333984375,6.0876312255859375,4908.21533203125,331.0457458496094,-7.328726291656494,4993.5,98.01025390625,-603.1536865234375,4983.2265625,-20.440773010253903,-575.0075073242188,4993.244140625,-104.685302734375,-340.901123046875,5073.90625,-138.3303985595703,-127.36212921142578,5044.42822265625,-116.71208953857422,-39.14726638793945,5076.4638671875,-115.99650573730467,58.195919036865234,5092.50732421875,-98.99042510986328,-21.926679611206055,5056.7568359375,204.2130889892578,-137.18032836914062,5005.64990234375,202.30880737304688,225.16775512695312,5089.25341796875,200.3308563232422,567.29638671875,5185.4306640625,201.2668914794922,713.0350952148438,5090.33935546875,43.56800842285156,-139.89212036132812,5017.1103515625,10.7510347366333,229.33413696289065,5041.33544921875,23.188419342041016,569.2169799804688,5156.6708984375,6.191490173339844,693.6738891601562,5057.3935546875,133.41073608398438,-710.55078125,4971.912109375,174.72262573242188,-745.3492431640625,4832.76318359375,185.93568420410156,-779.73291015625,4870.1162109375,206.0664520263672,-773.7744750976562,4985.98876953125,141.19313049316406,-773.7745971679688,4852.19140625,58.72603225708008,-766.361328125,4941.39111328125
119.89347076416016,-138.66738891601562,5011.525390625,120.5477294921875,-301.6831359863281,4981.6455078125,122.49413299560548,-434.0914916992187,4977.25830078125,130.81619262695312,-635.5511474609375,4981.83056640625,160.74513244628906,-601.237060546875,4981.5576171875,285.5319519042969,-555.885986328125,4984.16845703125,348.40338134765625,-321.9559631347656,5069.169921875,370.4986267089844,-110.81439208984376,5032.3662109375,378.51654052734375,-55.574554443359375,4962.4658203125,323.8454284667969,15.089627265930176,4916.71044921875,332.20947265625,-3.7979483604431152,5001.55859375,98.2686996459961,-603.2405395507812,4982.5400390625,-20.19129753112793,-575.046875,4992.4169921875,-104.16175842285156,-340.6344299316406,5072.53076171875,-137.09194946289062,-127.156494140625,5041.72509765625,-112.31446075439452,-38.47940826416016,5069.99462890625,-108.1922836303711,59.17465591430664,5083.47021484375,-93.4100570678711,-22.25476455688477,5045.89990234375,204.37240600585935,-137.22634887695312,5005.51318359375,202.41600036621097,225.1034698486328,5089.30517578125,200.37591552734375,567.1232299804688,5185.95556640625,201.41949462890625,713.0347290039062,5091.10986328125,43.71510314941406,-139.9668426513672,5016.94677734375,10.892059326171877,229.2550506591797,5041.607421875,23.37661361694336,569.0250244140625,5157.3447265625,6.392028331756592,693.6278076171875,5058.2314453125,133.71875,-710.6134643554688,4971.07666015625,176.10040283203125,-743.516357421875,4831.77783203125,187.74493408203125,-778.0375366210938,4868.876953125,207.36000061035156,-772.7584838867188,4984.87841796875,142.9719696044922,-772.6593627929688,4850.8359375,60.06867599487305,-767.3801879882812,4939.79345703125
121.07779693603516,-139.7454376220703,5012.45947265625,121.87743377685548,-303.3746337890625,4982.1806640625,123.95472717285156,-436.3306884765625,4978.064453125,132.43133544921875,-638.5534057617188,4984.615234375,162.460693359375,-604.0836181640625,4984.07373046875,287.6006164550781,-558.0482177734375,4984.5556640625,351.3415832519531,-321.0717468261719,5063.41943359375,376.4794616699219,-108.45020294189452,5032.38330078125,369.8532104492187,-45.45310974121094,4968.70703125,326.9198913574219,33.29974365234375,4922.73974609375,329.3783874511719,-5.767993450164795,5042.2587890625,99.7287368774414,-606.1272583007812,4984.9482421875,-19.224740982055664,-577.2979736328125,4993.083984375,-102.60726928710938,-339.8773498535156,5068.294921875,-133.71617126464844,-125.94798278808594,5032.7705078125,-111.80621337890624,-34.85659408569336,5056.74755859375,-79.06206512451172,48.03200912475586,5100.01171875,-90.41433715820312,-19.182607650756836,5032.7919921875,205.90919494628903,-138.23704528808594,5006.5478515625,205.36419677734375,225.31898498535156,5091.7861328125,204.90426635742188,567.8765869140625,5191.8359375,204.59161376953125,703.2202758789062,5081.30712890625,44.581600189208984,-141.1056365966797,5017.7900390625,10.26954460144043,229.2786102294922,5045.6650390625,22.691486358642575,569.8215942382812,5163.671875,6.016461372375488,698.57568359375,5068.8466796875,135.41688537597656,-714.020263671875,4974.54736328125,174.52281188964844,-741.1234130859375,4832.416015625,191.595458984375,-774.656494140625,4868.60693359375,216.1476898193359,-768.2813720703125,4984.10107421875,145.508056640625,-773.9334716796875,4852.67724609375,66.52940368652344,-778.3191528320312,4945.8359375
121.87374114990234,-140.12071228027344,5012.1689453125,122.64488220214844,-303.7801208496094,4982.30322265625,124.60887145996094,-436.6924133300781,4977.89501953125,131.70912170410156,-638.9673461914062,4982.47998046875,161.96841430664062,-604.7164916992188,4981.89208984375,286.8807678222656,-558.2238159179688,4979.6123046875,352.93463134765625,-323.23687744140625,5062.208984375,387.0618896484375,-109.66535186767578,5062.732421875,382.05181884765625,-38.63004684448242,5008.03515625,340.41864013671875,48.30867004394531,4978.68994140625,392.6493225097656,1.020543336868286,5050.74658203125,99.25542449951172,-606.3241577148438,4983.50634765625,-19.255361557006836,-576.5113525390625,4993.77685546875,-100.51201629638672,-338.5740661621094,5069.4326171875,-125.7346420288086,-126.32979583740234,5021.62353515625,-105.15567779541016,-32.60224151611328,5033.419921875,-84.23062896728516,62.41283416748047,5051.953125,-83.93858337402344,-17.50341796875,5014.17041015625,206.69647216796875,-138.6776885986328,5006.45166015625,205.48876953125,224.9854736328125,5090.77783203125,204.22914123535156,566.3464965820312,5194.49853515625,201.6940460205078,704.7471923828125,5087.92919921875,45.38536834716797,-141.4219512939453,5017.32421875,11.080946922302246,228.9078063964844,5044.57373046875,20.40161895751953,571.3378295898438,5156.9736328125,3.771085262298584,693.9478149414062,5054.388671875,134.0305938720703,-714.3363037109375,4971.68603515625,170.89617919921875,-736.6828002929688,4828.177734375,188.22512817382812,-771.5791015625,4862.90771484375,214.4579315185547,-769.4489135742188,4978.15625,141.93507385253906,-769.9733276367188,4847.68701171875,64.28005981445312,-777.0831909179688,4941.7431640625
121.08395385742188,-139.4180908203125,5008.7548828125,123.81846618652344,-303.44384765625,4981.00390625,126.8367156982422,-436.3966064453125,4978.42041015625,136.1522216796875,-638.5877075195312,4983.5283203125,166.02281188964844,-603.9869384765625,4983.63232421875,289.4739074707031,-554.3020629882812,4975.6103515625,349.2557067871094,-318.89910888671875,5061.79638671875,375.0146179199219,-104.26689910888672,5069.26806640625,373.2268676757813,-31.38642692565918,5016.83203125,346.1246032714844,43.522186279296875,4955.1162109375,339.95086669921875,-0.367186963558197,5037.42529296875,103.30601501464844,-606.3175048828125,4983.693359375,-15.843868255615234,-577.306640625,4985.57373046875,-103.51271057128906,-342.9606018066406,5065.2568359375,-130.8262939453125,-128.5441131591797,5029.7900390625,-112.02340698242188,-34.33479309082031,5040.7568359375,-116.83118438720705,64.59668731689453,5040.08447265625,-86.25343322753906,-18.582448959350582,5025.8076171875,206.0269775390625,-137.42327880859375,5005.33447265625,202.83447265625,225.58721923828125,5092.5244140625,198.40817260742188,567.225830078125,5195.353515625,203.3993377685547,703.9628295898438,5086.71728515625,44.48710250854492,-141.2169189453125,5011.83935546875,11.702589988708496,228.5244903564453,5047.970703125,17.359777450561523,572.2788696289062,5156.6162109375,6.781332015991211,695.9691162109375,5054.5029296875,139.60964965820312,-713.9470825195312,4972.92333984375,182.30902099609375,-729.2337036132812,4830.09375,200.1210021972656,-764.541259765625,4864.1650390625,222.33816528320312,-765.4391479492188,4980.28125,154.34031677246094,-764.5442504882812,4847.38427734375,73.99483489990234,-778.7496337890625,4938.34033203125
122.0870590209961,-139.68190002441406,5008.09765625,123.41978454589844,-303.61749267578125,4980.37255859375,124.79283905029295,-436.4969177246094,4977.2216796875,131.48207092285156,-638.6939697265625,4980.58984375,161.7889404296875,-604.5150756835938,4980.552734375,285.61761474609375,-555.5018920898438,4976.8486328125,353.9894714355469,-322.3465576171875,5062.24365234375,385.9782104492187,-108.59693908691406,5058.763671875,386.4542541503906,-26.290603637695312,5022.99951171875,356.2901916503906,61.34274673461914,4983.607421875,349.7082214355469,5.4955854415893555,5019.72412109375,99.09515380859376,-606.0172729492188,4981.46875,-20.25369644165039,-579.2818603515625,4989.40478515625,-102.91858673095705,-342.878173828125,5067.7734375,-134.70205688476562,-128.95742797851562,5033.97314453125,-110.8455047607422,-36.120548248291016,5046.1796875,-100.74494171142578,61.47003936767578,5033.06298828125,-75.74722290039062,-33.075950622558594,5015.1748046875,207.05130004882812,-138.77342224121094,5006.81005859375,203.9308624267578,224.07627868652344,5093.611328125,199.4384307861328,566.5641479492188,5192.7236328125,210.6849670410156,697.474609375,5077.74853515625,45.471073150634766,-140.50111389160156,5009.2587890625,17.969154357910156,228.67127990722656,5052.38623046875,22.89398193359375,571.8076171875,5162.22119140625,8.93984603881836,689.2503662109375,5053.517578125,133.7876434326172,-713.9537353515625,4969.3466796875,184.72894287109375,-739.8655395507812,4830.92333984375,197.1466522216797,-774.6744995117188,4867.7373046875,211.1824951171875,-771.4151611328125,4985.0029296875,152.81423950195312,-771.8755493164062,4847.70947265625,65.57112884521484,-774.94287109375,4933.0888671875
122.25299835205078,-139.2646484375,5006.1865234375,123.4398422241211,-303.3028869628906,4979.01025390625,124.71905517578124,-436.20849609375,4976.7158203125,131.3042755126953,-638.38232421875,4981.8974609375,161.62850952148438,-604.2161254882812,4981.6630859375,285.5911865234375,-555.5819702148438,4977.23828125,354.1646423339844,-318.1485290527344,5049.75732421875,378.4241943359375,-106.5848617553711,5012.5830078125,387.846435546875,-33.677459716796875,4961.1015625,360.6337585449219,42.19368743896485,4900.724609375,348.3534240722656,-0.1673027873039245,4990.98388671875,98.92760467529295,-605.6834716796875,4982.37353515625,-20.45300674438477,-578.8209838867188,4989.4677734375,-102.60530853271484,-341.7925109863281,5066.52734375,-134.15280151367188,-127.819091796875,5032.75830078125,-107.95095825195312,-36.20075607299805,5048.802734375,-94.21088409423828,61.521278381347656,5041.0087890625,-74.6521224975586,-31.84828186035156,5020.45703125,207.22157287597656,-138.42320251464844,5004.818359375,206.0391540527344,225.02210998535156,5089.2353515625,203.2709045410156,566.6263427734375,5191.48486328125,211.71449279785156,703.3897705078125,5083.26611328125,45.633113861083984,-140.0233917236328,5007.419921875,18.86598014831543,229.4368896484375,5048.6904296875,23.61436653137207,572.64111328125,5158.388671875,10.372305870056152,691.9592895507812,5051.642578125,133.61473083496094,-713.743896484375,4971.328125,187.8908538818359,-734.1080322265625,4833.23681640625,202.21031188964844,-768.5236206054688,4869.73291015625,214.56378173828125,-766.0215454101562,4987.212890625,158.0346221923828,-768.4616088867188,4849.16357421875,70.16788482666016,-778.71044921875,4933.34423828125
124.91554260253906,-140.39051818847656,5005.31298828125,126.86170959472656,-303.56805419921875,4978.45947265625,128.6655731201172,-435.7468566894531,4975.876953125,137.18701171875,-636.8223266601562,4976.91845703125,167.01779174804688,-602.5494384765625,4977.1162109375,290.93115234375,-555.5863037109375,4976.10205078125,363.6130676269531,-320.86627197265625,5048.54443359375,383.17437744140625,-113.66647338867188,4994.56494140625,390.0701904296875,-33.572235107421875,4955.76416015625,344.11871337890625,48.57772445678711,4921.509765625,365.4284362792969,-3.5642311573028564,5000.5908203125,104.6795425415039,-604.6312255859375,4978.3203125,-13.58062744140625,-576.1085815429688,4986.2822265625,-98.27725219726562,-342.8480529785156,5067.193359375,-130.57154846191406,-129.5489959716797,5037.75634765625,-107.78690338134766,-36.82073974609375,5048.71142578125,-90.2350845336914,58.64346694946289,5032.2041015625,-72.20471954345703,-35.29952621459961,5028.546875,209.42794799804688,-139.2175750732422,5004.31005859375,207.04254150390625,222.35186767578125,5087.9033203125,198.9776611328125,560.1658325195312,5195.64501953125,212.6483154296875,708.7394409179688,5106.77099609375,48.70698547363281,-141.4481964111328,5006.216796875,20.77598762512207,225.8202667236328,5048.2099609375,16.887065887451172,567.4935302734375,5156.359375,8.600593566894531,696.8803100585938,5062.97607421875,140.11248779296875,-711.5262451171875,4964.87744140625,191.2034912109375,-735.7696533203125,4827.0693359375,205.78721618652344,-769.244873046875,4863.93310546875,220.36624145507812,-763.9976196289062,4980.42578125,161.46334838867188,-769.2068481445312,4844.3251953125,75.60920715332031,-776.3614501953125,4929.93994140625
123.8257827758789,-140.7259979248047,5002.97607421875,127.62203979492188,-304.5707702636719,4977.8984375,131.09725952148438,-437.06744384765625,4976.8974609375,138.65164184570312,-638.411865234375,4987.41650390625,168.72142028808594,-604.2174682617188,4986.22900390625,293.6707763671875,-559.39013671875,4981.03759765625,360.2450256347656,-322.7791748046875,5055.4345703125,375.8174743652344,-113.0459442138672,5008.22802734375,375.5418701171875,-42.11031723022461,4953.67529296875,340.8147888183594,40.10757064819336,4907.65478515625,333.9786376953125,-4.60490608215332,5001.30419921875,106.21131896972656,-605.962890625,4987.07470703125,-12.04975700378418,-575.2070922851562,4989.31640625,-100.08707427978516,-341.05230712890625,5066.07421875,-125.90289306640624,-128.4308624267578,5024.0224609375,-113.02909088134766,-41.496925354003906,5063.5263671875,-100.74364471435548,42.1345100402832,5114.4892578125,-71.76734161376953,-27.3176212310791,5026.0302734375,208.51486206054688,-138.4912567138672,5001.1953125,207.15963745117188,222.60952758789065,5090.7392578125,202.3619842529297,562.30615234375,5195.63330078125,211.7380218505859,703.2100219726562,5093.80810546875,47.45791244506836,-142.7411651611328,5004.58154296875,21.69764518737793,225.3049468994141,5049.24072265625,15.65786838531494,566.5703125,5161.46728515625,8.03087329864502,699.5702514648438,5072.52734375,141.3057861328125,-713.796875,4978.87841796875,189.8407287597656,-740.3970947265625,4840.181640625,209.1711273193359,-770.1853637695312,4878.1904296875,227.2932281494141,-756.9803466796875,4993.8486328125,164.30438232421875,-775.7671508789062,4860.39599609375,82.54627990722656,-786.8893432617188,4949.9365234375
123.7632293701172,-137.82456970214844,5005.4931640625,127.08489227294922,-302.660400390625,4981.130859375,130.0990753173828,-435.85650634765625,4979.86767578125,136.07566833496094,-638.3707275390625,4989.06591796875,166.57327270507812,-604.2283325195312,4988.22119140625,292.2262878417969,-559.1123046875,4985.23486328125,361.330810546875,-318.4849548339844,5048.1904296875,378.1577453613281,-113.03040313720705,4981.48681640625,390.8341979980469,-45.78548812866211,4923.1005859375,363.2940673828125,38.50580596923828,4874.8779296875,341.26226806640625,-3.1157732009887695,4977.62451171875,103.72318267822266,-605.4971313476562,4988.82861328125,-15.13244915008545,-574.61669921875,4992.3388671875,-100.0807876586914,-340.88909912109375,5078.01806640625,-123.1542739868164,-126.23560333251952,5038.88232421875,-94.11524963378906,-35.8521728515625,5058.07421875,-83.9264144897461,62.83974075317383,5057.646484375,-70.15481567382812,-27.50012969970703,5021.3349609375,208.9059295654297,-135.8833465576172,5003.9677734375,211.25437927246097,229.0952911376953,5085.47900390625,210.80712890625,573.1205444335938,5182.3603515625,213.7645568847656,711.908203125,5075.7958984375,46.986297607421875,-139.57504272460938,5006.86865234375,22.083961486816406,230.8167724609375,5048.67578125,17.74807357788086,575.7535400390625,5155.638671875,7.8301897048950195,698.3128051757812,5051.685546875,138.18475341796875,-714.105712890625,4979.96826171875,185.74282836914065,-747.617919921875,4841.591796875,202.16261291503903,-778.3902587890625,4880.54541015625,220.40069580078125,-764.5169067382812,4996.73291015625,156.91050720214844,-780.4285278320312,4862.28125,73.2523193359375,-782.7493896484375,4951.591796875
124.0890121459961,-137.45835876464844,5004.7255859375,127.70149230957033,-302.3374328613281,4979.6689453125,130.8791961669922,-435.6113586425781,4976.17919921875,137.4000244140625,-638.448974609375,4980.83251953125,167.82977294921875,-604.1799926757812,4980.93994140625,293.437255859375,-558.508056640625,4979.39892578125,360.8828125,-318.3833923339844,5046.87451171875,376.6663208007813,-111.6185073852539,4983.40234375,382.2605285644531,-41.97088623046875,4926.62060546875,348.7860107421875,43.53136444091797,4884.474609375,331.92572021484375,-9.706817626953123,5001.0615234375,104.92396545410156,-605.6389770507812,4981.1494140625,-14.14517307281494,-575.0679931640625,4983.98095703125,-101.1750259399414,-342.9014892578125,5072.50390625,-124.96697998046876,-127.42344665527344,5037.41943359375,-100.08390045166016,-36.75531005859375,5061.04052734375,-93.07669830322266,62.24476623535156,5064.490234375,-73.7723159790039,-25.831207275390625,5028.5927734375,209.3099365234375,-135.39208984375,5003.41552734375,210.28985595703125,229.3879852294922,5087.369140625,208.22882080078125,573.0135498046875,5186.81494140625,212.2165374755859,711.8604125976562,5080.099609375,47.24156188964844,-139.32159423828125,5005.90673828125,22.019123077392575,231.2053680419922,5049.33251953125,17.272371292114258,575.9678955078125,5157.9375,8.188716888427734,698.4451904296875,5053.5849609375,139.7855682373047,-714.0210571289062,4970.02587890625,188.7758026123047,-741.512939453125,4830.677734375,205.26321411132812,-773.6605834960938,4868.54052734375,222.50491333007812,-764.21484375,4985.43115234375,160.13133239746094,-775.4605712890625,4849.8408203125,75.77117156982422,-782.2404174804688,4938.41357421875
124.10681915283205,-141.2571563720703,5006.6005859375,127.09878540039062,-305.1463928222656,4983.5888671875,128.95326232910156,-437.456787109375,4982.44189453125,134.88992309570312,-638.7785034179688,4985.2783203125,165.16021728515625,-604.8510131835938,4986.10498046875,290.13287353515625,-560.4667358398438,4984.451171875,361.8746948242187,-320.5254821777344,5039.37548828125,383.75732421875,-121.30062103271484,4961.03515625,376.7123718261719,-51.12336730957031,4906.19775390625,351.2131652832031,43.14703369140625,4883.5390625,333.8720397949219,-10.151497840881348,4990.8212890625,102.7394790649414,-606.1466674804688,4985.462890625,-15.53744125366211,-576.279541015625,4982.986328125,-101.65055847167967,-346.3125305175781,5072.1259765625,-124.49081420898438,-132.4893035888672,5036.8515625,-100.56881713867188,-39.87018203735352,5046.9892578125,-92.8831024169922,57.63030624389648,5034.94873046875,-71.95587158203125,-33.47188186645508,5017.72412109375,208.65318298339844,-140.09571838378906,5009.3212890625,210.52587890625,224.32757568359375,5081.09619140625,208.05889892578125,567.3803100585938,5172.2744140625,213.1984710693359,702.3292846679688,5062.85302734375,47.86764907836914,-142.30445861816406,5004.146484375,22.312002182006836,225.29946899414065,5047.47021484375,16.139074325561523,568.7894897460938,5150.650390625,7.991415500640869,696.406494140625,5054.62548828125,137.22515869140625,-713.6707153320312,4973.89208984375,188.12692260742188,-737.4520263671875,4835.79736328125,206.8870086669922,-767.8351440429688,4873.50341796875,222.9634552001953,-756.7669677734375,4989.49072265625,162.4235382080078,-773.2235107421875,4854.87353515625,79.332275390625,-786.2838745117188,4942.63671875
126.7488784790039,-138.82882690429688,5006.869140625,130.45494079589844,-303.1591796875,4983.2314453125,132.93817138671875,-435.8921203613281,4982.31103515625,139.78150939941406,-637.8173828125,4986.53662109375,170.0170440673828,-603.6509399414062,4986.6484375,294.926025390625,-558.3173828125,4979.701171875,360.6791076660156,-317.17236328125,5040.4453125,373.092041015625,-114.3123779296875,4967.62744140625,380.8224792480469,-40.93006134033203,4916.7451171875,341.1988830566406,50.94865798950195,4926.9619140625,320.4386291503906,2.0123720169067383,4981.24072265625,107.39647674560548,-605.210205078125,4986.9814453125,-11.002436637878418,-574.1769409179688,4985.1396484375,-94.79959869384766,-340.2912902832031,5068.6083984375,-115.06951141357422,-126.85103607177734,5025.8466796875,-98.1973876953125,-32.631629943847656,5038.1650390625,-90.59215545654295,64.90618896484375,5023.94189453125,-68.07500457763672,-23.52242851257324,5022.9228515625,211.5745849609375,-137.2583770751953,5009.2509765625,213.211669921875,227.74151611328125,5084.29833984375,210.86672973632812,571.0904541015625,5178.81201171875,212.0467071533203,707.20361328125,5069.81787109375,50.25779342651367,-140.24496459960938,5004.7216796875,23.00792694091797,228.1501922607422,5050.5849609375,14.090646743774414,572.62109375,5154.36083984375,8.372586250305176,697.1380004882812,5053.3515625,142.2620086669922,-713.0253295898438,4975.62646484375,186.07289123535156,-740.094970703125,4835.19970703125,202.4038848876953,-773.192138671875,4871.97314453125,223.18768310546875,-766.0673217773438,4987.9111328125,156.9287567138672,-773.1392211914062,4854.64013671875,75.29736328125,-778.202392578125,4945.10595703125
125.40753173828124,-140.61830139160156,5003.70263671875,129.73483276367188,-305.4367370605469,4979.966796875,132.52760314941406,-438.57574462890625,4979.68505859375,139.7821044921875,-640.9740600585938,4988.22509765625,170.05027770996094,-606.659423828125,4987.36328125,295.4934997558594,-561.1509399414062,4984.54443359375,361.10992431640625,-318.11767578125,5041.13134765625,377.6960754394531,-117.96937561035156,4960.125,378.13671875,-50.72880554199219,4900.44384765625,345.22198486328125,35.38563919067383,4941.42578125,335.8919677734375,-6.656855583190918,4998.61474609375,107.24402618408205,-608.3162231445312,4988.22119140625,-12.019209861755373,-579.5447387695312,4993.29638671875,-103.91382598876952,-345.19927978515625,5069.1455078125,-136.646728515625,-135.86460876464844,5012.5869140625,-105.07542419433594,-49.69561767578125,5043.39892578125,-89.00244903564453,47.64971160888672,5053.38134765625,-90.783203125,-37.03351211547851,5029.76611328125,210.4654235839844,-138.84078979492188,5006.86669921875,208.28900146484375,226.96595764160156,5083.6640625,199.75241088867188,570.6491088867188,5180.71533203125,210.25303649902344,714.6780395507812,5082.01904296875,48.70708465576172,-142.2211456298828,5000.84912109375,24.52284240722656,226.890380859375,5051.724609375,11.601505279541016,571.6382446289062,5157.9833984375,8.454566955566406,699.0790405273438,5059.75927734375,142.3182373046875,-716.6278076171875,4978.8876953125,188.43357849121097,-742.1873168945312,4838.423828125,206.46258544921875,-774.1749267578125,4875.61083984375,226.2849578857422,-765.114501953125,4991.9521484375,161.00514221191406,-776.7938842773438,4858.00927734375,79.07498168945312,-785.8685913085938,4948.3994140625
134.3184051513672,-139.51199340820312,5006.05029296875,135.7013397216797,-304.4296569824219,4981.4765625,137.0131072998047,-437.7109375,4979.40771484375,140.20709228515625,-640.5452880859375,4984.1123046875,171.19412231445312,-606.8159790039062,4983.22509765625,295.7184753417969,-558.8059692382812,4976.9091796875,360.2993469238281,-318.04974365234375,5044.53955078125,376.3317565917969,-113.22721862792967,4975.38427734375,381.1272583007813,-46.859092712402344,4914.78662109375,361.4862976074219,37.10481643676758,4967.3564453125,336.0159912109375,-3.0689611434936523,5021.10986328125,108.33522033691406,-607.197265625,4985.40185546875,-8.892133712768555,-572.1861572265625,4997.228515625,-99.73435974121094,-336.3284912109375,5070.5419921875,-128.68975830078125,-125.04157257080078,5018.49951171875,-110.91802215576172,-32.362022399902344,5040.5205078125,-98.8240203857422,66.04299926757812,5035.59375,-78.5768814086914,-24.72981071472168,5023.79541015625,219.53079223632812,-138.65887451171875,5005.1201171875,209.063232421875,225.5649871826172,5090.1630859375,196.99624633789065,568.0624389648438,5192.23779296875,200.07223510742188,699.9288940429688,5077.087890625,57.47865295410156,-140.28128051757812,5006.88818359375,18.918663024902344,229.72796630859375,5043.02734375,16.21999168395996,570.2627563476562,5163.8681640625,-2.0042788982391357,687.2379760742188,5054.6142578125,140.9609375,-716.124755859375,4973.33740234375,189.1570587158203,-737.7381591796875,4832.74658203125,210.458984375,-767.5256958007812,4870.10498046875,229.54913330078125,-755.76953125,4986.44970703125,165.41746520996094,-774.87451171875,4852.6357421875,84.968994140625,-791.7070922851562,4943.412109375
132.54669189453125,-140.29876708984375,5001.6640625,133.944580078125,-304.89630126953125,4979.69873046875,134.8673553466797,-437.6444396972656,4981.1171875,139.49337768554688,-639.6759033203125,4981.427734375,170.11276245117188,-605.8532104492188,4981.33203125,294.0730285644531,-557.6232299804688,4977.69140625,361.59808349609375,-319.9360656738281,5049.16845703125,378.82373046875,-115.5597152709961,4981.7744140625,380.3948364257813,-40.62055206298828,4932.6279296875,355.81549072265625,47.569610595703125,4974.27392578125,341.8435363769531,7.468521595001221,5007.3857421875,107.51143646240234,-606.7278442382812,4983.37060546875,-8.801280975341797,-569.7118530273438,4992.634765625,-99.91236114501952,-338.491455078125,5075.86279296875,-138.751220703125,-125.3023452758789,5046.91748046875,-112.03902435302734,-33.2592658996582,5058.2392578125,-97.03241729736328,63.48602294921875,5044.49755859375,-82.05059051513672,-29.502286911010746,5032.27685546875,217.41311645507812,-139.69912719726562,5002.572265625,211.31166076660156,224.3364715576172,5081.9423828125,201.97457885742188,564.9285888671875,5185.55712890625,202.2605438232422,708.6181640625,5086.759765625,56.0189094543457,-140.83949279785156,5000.845703125,20.31595993041992,227.19308471679688,5043.7109375,16.265750885009766,566.7123413085938,5162.953125,-1.6956795454025269,691.5906372070312,5063.84326171875,140.8046112060547,-714.6886596679688,4969.068359375,190.6414031982422,-740.5968627929688,4830.44384765625,210.22547912597656,-770.13525390625,4868.6318359375,227.48452758789065,-756.6320190429688,4984.580078125,165.4833221435547,-776.4063720703125,4850.5419921875,83.23957061767578,-788.7822875976562,4939.7392578125
132.71942138671875,-139.72479248046875,5001.88916015625,133.96231079101562,-304.31890869140625,4979.80419921875,134.76124572753906,-437.0786437988281,4981.0458984375,138.8106689453125,-639.136474609375,4981.0185546875,169.52854919433594,-605.3989868164062,4980.953125,293.61737060546875,-557.4848022460938,4977.19287109375,362.0632934570313,-319.9140319824219,5048.2431640625,380.9340515136719,-114.877685546875,4983.291015625,385.61822509765625,-40.40635299682617,4933.62353515625,361.0604248046875,49.8201904296875,4970.68408203125,341.8409423828125,7.910341262817383,5007.5341796875,106.92239379882812,-606.09814453125,4983.04248046875,-9.205751419067385,-568.5225219726562,4992.47802734375,-98.56758880615234,-336.8164978027344,5076.3056640625,-136.02000427246094,-123.30377197265624,5047.81005859375,-108.59600067138672,-31.608245849609375,5060.25146484375,-92.64713287353516,65.14852905273438,5047.650390625,-78.00859069824219,-28.02284812927246,5034.28759765625,217.59217834472656,-139.20558166503906,5002.79638671875,212.1477813720703,224.80258178710935,5082.45849609375,203.66458129882812,565.6734619140625,5185.31005859375,204.4484405517578,708.2916870117188,5084.9541015625,56.18593215942383,-140.1929931640625,5001.0712890625,21.035491943359375,227.85157775878903,5044.50634765625,17.911474227905273,566.9886474609375,5164.93212890625,0.4328060746192932,693.2297973632812,5067.4580078125,139.89755249023438,-714.13720703125,4968.53369140625,187.7433929443359,-739.7498168945312,4829.14404296875,206.59884643554688,-770.4862670898438,4866.75341796875,225.21038818359375,-759.2415771484375,4982.7421875,161.52593994140625,-774.9641723632812,4848.94580078125,79.59400177001953,-785.7958374023438,4938.640625
131.06605529785156,-140.79710388183594,5002.9892578125,136.44195556640625,-307.01434326171875,4978.33154296875,139.91729736328125,-441.37261962890625,4977.5537109375,142.73428344726562,-645.9290771484375,4980.04296875,174.02378845214844,-611.9599609375,4980.77978515625,301.21539306640625,-567.72265625,4977.201171875,369.0672302246094,-325.8094787597656,5045.68017578125,387.2694091796875,-119.70694732666016,4975.23779296875,377.8857421875,-40.22984313964844,5018.01123046875,325.99200439453125,18.145601272583008,5083.34033203125,310.5973815917969,-10.422490119934082,5011.89599609375,110.60780334472656,-612.2745361328125,4980.4619140625,-8.163422584533691,-577.3251342773438,4985.9921875,-99.85034942626952,-343.02978515625,5070.28173828125,-114.22081756591795,-128.75701904296875,5016.7138671875,-90.24650573730467,-42.215354919433594,5055.20947265625,-78.82780456542969,55.96830749511719,5070.93310546875,-66.76676940917969,-28.650976181030273,5036.01953125,216.87548828125,-138.60012817382812,5006.8876953125,212.46859741210935,229.4979553222656,5089.404296875,204.05709838867188,575.2147827148438,5191.3876953125,204.34588623046875,715.8335571289062,5084.650390625,53.68790817260742,-142.77821350097656,4999.47412109375,26.389461517333984,230.0881195068359,5046.84375,11.716766357421877,572.9953002929688,5169.07373046875,8.341334342956543,691.5354614257812,5058.08154296875,143.8441925048828,-722.00341796875,4968.33251953125,189.7384796142578,-744.7708129882812,4825.83544921875,206.7018585205078,-778.8946533203125,4862.30322265625,226.7762756347656,-774.322509765625,4979.98046875,160.7942657470703,-779.3242797851562,4844.41943359375,77.64160919189453,-788.5316162109375,4935.2236328125
131.061767578125,-140.7891082763672,5003.0009765625,136.43663024902344,-307.00567626953125,4978.3427734375,139.91073608398438,-441.3635559082031,4977.578125,142.73056030273438,-645.9185791015625,4980.11279296875,174.01953125,-611.948974609375,4980.8408203125,301.2076110839844,-567.7066040039062,4977.220703125,369.0500183105469,-325.7209167480469,5045.4482421875,387.194091796875,-119.7097625732422,4974.7265625,377.9356689453125,-40.1465950012207,5017.3662109375,326.32196044921875,18.533416748046875,5082.6435546875,310.5960388183594,-10.131418228149414,5010.72509765625,110.60379791259766,-612.2645263671875,4980.5263671875,-8.167960166931152,-577.3184814453125,4986.0556640625,-99.87320709228516,-343.008544921875,5070.28125,-114.2694320678711,-128.75027465820312,5016.666015625,-90.35758209228516,-42.16033935546875,5055.09033203125,-79.01178741455078,56.043704986572266,5070.736328125,-66.85685729980469,-28.59639358520508,5035.85791015625,216.87091064453125,-138.59251403808594,5006.8984375,212.46603393554688,229.50265502929688,5089.4208984375,204.05154418945312,575.2141723632812,5191.4169921875,204.37203979492188,715.8416748046875,5084.6923828125,53.68388366699219,-142.76986694335938,4999.48583984375,26.384431838989254,230.0932159423828,5046.8681640625,11.722862243652344,572.9920654296875,5169.11865234375,8.330842018127441,691.5502319335938,5058.1474609375,143.8406982421875,-721.9952392578125,4968.41943359375,189.7158203125,-744.7512817382812,4825.91552734375,206.6921844482422,-778.8720092773438,4862.3798828125,226.7851104736328,-774.2973022460938,4980.052734375,160.78189086914062,-779.3108520507812,4844.50341796875,77.64652252197266,-788.5363159179688,4935.32080078125
132.88229370117188,-142.76434326171875,5003.49755859375,138.61009216308594,-307.4515686035156,4982.6416015625,143.03846740722656,-440.14459228515625,4985.11572265625,149.92779541015625,-642.1151123046875,4989.32666015625,180.16851806640625,-607.9393920898438,4989.18212890625,305.23394775390625,-562.6868286132812,4984.21826171875,366.5345764160156,-319.6580505371094,5042.3046875,387.468505859375,-109.87033081054688,4995.6025390625,385.3325500488281,-20.250089645385746,4994.5625,369.6471252441406,48.025146484375,5066.76513671875,319.8689880371094,-7.618673324584961,4960.74951171875,117.53849029541016,-609.5018920898438,4990.03173828125,-0.576704740524292,-577.4771118164062,4993.8876953125,-91.32467651367188,-345.0434875488281,5074.27734375,-119.25243377685548,-130.40451049804688,5043.1591796875,-90.83732604980467,-39.93260955810547,5061.19873046875,-50.12742614746094,37.99718475341797,5106.45263671875,-68.29817962646484,-29.470041275024418,5032.1787109375,217.72378540039065,-139.91761779785156,5004.3193359375,213.31838989257812,224.4064178466797,5082.8828125,205.3410186767578,566.3138427734375,5182.48681640625,202.00698852539065,710.7824096679688,5084.81591796875,56.37699508666992,-145.3313751220703,5002.7568359375,28.12049674987793,223.3035125732422,5046.74169921875,13.076658248901367,566.1600952148438,5155.33251953125,6.4493818283081055,690.6185913085938,5054.248046875,152.3224334716797,-717.3424682617188,4978.4091796875,184.2692108154297,-743.5620727539062,4834.625,202.797119140625,-777.4242553710938,4869.634765625,232.88514709472656,-772.1146850585938,4983.64013671875,156.0872344970703,-776.2713623046875,4855.98291015625,81.806640625,-780.8367919921875,4952.6357421875
133.72979736328125,-138.31961059570312,5000.4423828125,137.61180114746094,-303.83941650390625,4978.609375,140.88204956054688,-437.2958068847656,4980.314453125,148.32736206054688,-640.33984375,4984.51025390625,178.64695739746094,-605.9205932617188,4983.458984375,303.29534912109375,-557.28515625,4981.7060546875,368.8617248535156,-315.2713928222656,5045.28515625,384.3094177246094,-105.86097717285156,4990.11279296875,393.9172058105469,-25.42763900756836,5029.6435546875,367.8963928222656,49.68522644042969,5092.1845703125,320.697509765625,11.312275886535645,4967.28125,115.73275756835938,-607.6131591796875,4986.13427734375,-2.7857794761657715,-577.0403442382812,4999.27685546875,-91.0461883544922,-338.0570068359375,5066.83935546875,-128.1669464111328,-125.91053771972656,5022.6552734375,-121.88738250732422,-37.36820983886719,5061.89599609375,-104.82723236083984,46.03710174560547,5113.24462890625,-76.21327209472656,-9.14462661743164,5022.08251953125,219.0539703369141,-136.2367401123047,4999.8232421875,217.46896362304688,230.1631774902344,5078.4189453125,211.8666534423828,572.90771484375,5182.1240234375,212.0270843505859,713.1886596679688,5076.89697265625,56.789249420166016,-140.1978302001953,5001.00146484375,31.08281135559082,230.31752014160156,5047.73681640625,21.334733963012695,575.7764282226562,5155.14111328125,8.71445083618164,698.8796997070312,5051.6171875,150.56546020507812,-715.9783325195312,4973.53076171875,194.2634735107422,-739.0711059570312,4831.46826171875,208.50732421875,-774.883056640625,4866.9599609375,228.7711181640625,-774.2669067382812,4983.8818359375,162.99977111816406,-771.4884033203125,4849.27587890625,79.97545623779297,-776.1998901367188,4939.421875
134.8432159423828,-138.19647216796875,5001.30615234375,138.01522827148438,-302.717529296875,4976.1865234375,141.00201416015625,-435.7181091308594,4972.888671875,149.7091064453125,-638.0736083984375,4975.94091796875,179.7136688232422,-603.5636596679688,4975.44921875,303.5867614746094,-554.1161499023438,4974.87744140625,370.2864074707031,-316.1105651855469,5048.2509765625,388.1580505371094,-107.9658432006836,4991.7978515625,409.7057800292969,-30.13677978515625,5031.171875,377.5634460449219,48.74266052246094,5085.1083984375,339.989990234375,15.34225082397461,4959.90283203125,116.98908996582033,-605.676025390625,4977.37841796875,-1.7339661121368408,-576.0087280273438,4986.365234375,-89.44976806640625,-344.18402099609375,5073.43798828125,-111.36821746826172,-131.4757537841797,5025.49560546875,-63.42203903198242,-50.40085983276367,5047.54296875,-40.326229095458984,43.60750198364258,5068.7392578125,-15.576213836669922,-64.35102081298828,4958.2841796875,219.8697967529297,-136.23464965820312,4999.1943359375,218.29769897460935,228.3932342529297,5080.216796875,212.58859252929688,569.7252197265625,5184.57470703125,211.88710021972656,710.4924926757812,5080.95654296875,58.17100524902344,-139.96551513671875,5003.21044921875,32.07319259643555,229.8382110595703,5045.45556640625,22.772689819335938,573.2511596679688,5155.486328125,8.772384643554688,693.178955078125,5049.26025390625,152.56333923339844,-713.3829956054688,4964.5703125,197.88186645507812,-738.6644897460938,4823.91015625,213.00082397460935,-772.9202880859375,4860.314453125,232.324951171875,-768.5559692382812,4976.92529296875,167.68182373046875,-771.5191040039062,4842.31640625,84.48089599609375,-776.6011962890625,4931.73681640625
133.22145080566406,-137.9989776611328,5006.42724609375,137.65609741210938,-302.33740234375,4981.96533203125,141.52464294433594,-435.141357421875,4979.9619140625,151.12124633789062,-637.1631469726562,4982.19482421875,180.9247283935547,-602.5739135742188,4981.4716796875,304.9522399902344,-554.1106567382812,4979.21484375,370.2210693359375,-315.1130065917969,5049.21533203125,388.6376953125,-106.70072174072266,4995.2216796875,400.95941162109375,-28.589040756225582,5037.58349609375,377.0712585449219,57.18780899047851,5084.5458984375,335.5527038574219,13.606607437133787,4958.06396484375,118.3310317993164,-604.9612426757812,4984.1298828125,-0.1260563731193542,-577.4509887695312,4999.03173828125,-92.5614013671875,-343.3536376953125,5072.9619140625,-117.75205993652344,-131.43804931640625,5024.61962890625,-82.12483215332031,-44.6415901184082,5047.57763671875,-69.56847381591797,52.89208221435547,5058.548828125,-34.76799392700195,-55.74614715576172,4968.8056640625,218.12176513671875,-135.5053253173828,5005.06591796875,218.45179748535156,228.97767639160156,5084.1513671875,214.4344482421875,570.865966796875,5184.873046875,212.22613525390625,714.37158203125,5085.56396484375,56.66310501098633,-140.2476348876953,5007.6552734375,30.876678466796875,228.74362182617188,5052.19482421875,21.825719833374023,572.0140991210938,5160.9111328125,8.435431480407715,703.0048217773438,5069.001953125,154.15948486328125,-712.306640625,4970.5439453125,180.5658264160156,-739.2432250976562,4825.67138671875,205.7001953125,-768.9906616210938,4860.34814453125,241.7155914306641,-755.4544677734375,4972.009765625,158.49832153320312,-774.6845703125,4849.7587890625,91.56544494628906,-785.7225952148438,4951.23583984375
132.61865234375,-138.77357482910156,5004.38134765625,135.374267578125,-303.3454895019531,4980.75439453125,138.15916442871094,-436.250732421875,4980.798828125,148.3892364501953,-638.2752075195312,4986.06201171875,178.09974670410156,-603.5811767578125,4985.25830078125,299.62945556640625,-549.1299438476562,4981.02001953125,372.0242309570313,-311.1741027832031,5047.91455078125,398.0560607910156,-98.82940673828124,5016.86962890625,398.6335144042969,-27.503944396972656,5071.34228515625,372.5660400390625,43.65815353393555,5137.6689453125,357.2528381347656,9.732827186584473,4963.884765625,115.4553451538086,-606.1487426757812,4987.07861328125,-3.861747741699219,-578.9150390625,4993.865234375,-93.55949401855467,-345.5527648925781,5073.67138671875,-125.72888946533205,-131.20364379882812,5042.98095703125,-116.61736297607422,-36.08100128173828,5057.3671875,-93.3020248413086,44.864864349365234,5109.36474609375,-90.66329956054688,-25.525718688964844,5023.89697265625,217.5492706298828,-136.99478149414062,5001.896484375,218.01219177246097,226.51931762695312,5086.0595703125,214.3614501953125,568.0420532226562,5188.58056640625,211.867919921875,700.75390625,5075.13671875,56.0329704284668,-140.37759399414062,5006.6220703125,31.320371627807617,229.25550842285156,5047.69873046875,27.41117477416992,571.5062866210938,5160.3935546875,8.221294403076172,697.7814331054688,5062.95458984375,151.83746337890625,-713.599853515625,4975.52783203125,190.4454803466797,-737.6627807617188,4832.8349609375,214.1433868408203,-766.7177734375,4869.10888671875,240.87673950195312,-752.955322265625,4983.3759765625,168.16787719726562,-774.3238525390625,4854.857421875,94.17278289794922,-789.4523315429688,4950.818359375
134.40940856933594,-135.63734436035156,5001.3115234375,139.97862243652344,-299.9311218261719,4979.49072265625,145.0767822265625,-432.39898681640625,4980.86279296875,153.74996948242188,-633.9974975585938,4983.453125,183.64117431640625,-599.6153564453125,4983.1640625,305.1313781738281,-545.8978271484375,4979.9169921875,385.2215881347656,-312.13671875,5050.05908203125,405.2420959472656,-102.84514617919922,5002.37060546875,403.89697265625,-26.9908390045166,5049.86328125,369.3287353515625,44.73175811767578,5111.08935546875,363.2395935058594,21.47901153564453,4980.61572265625,121.14624786376952,-601.7271118164062,4984.8349609375,2.6766433715820312,-572.8462524414062,4993.412109375,-81.22858428955078,-338.652099609375,5074.724609375,-123.94110870361328,-124.62930297851562,5069.06982421875,-108.11931610107422,-29.569812774658203,5068.09130859375,-108.46249389648438,66.72445678710938,5046.328125,-88.94942474365234,-19.98221969604492,5047.85888671875,219.05892944335935,-132.40760803222656,4998.5986328125,215.1964569091797,229.46771240234375,5085.20947265625,206.0919952392578,568.5358276367188,5192.07861328125,209.70274353027344,703.366455078125,5081.94091796875,58.07721710205078,-138.5497283935547,5003.75732421875,33.081016540527344,229.4810333251953,5049.591796875,24.857351303100582,572.1924438476562,5157.42138671875,8.684783935546875,693.6747436523438,5054.23046875,156.6420440673828,-708.9953002929688,4971.95654296875,202.4468688964844,-723.7632446289062,4830.560546875,230.04161071777344,-748.4215087890625,4867.1298828125,250.87535095214844,-731.5423583984375,4981.87451171875,186.7119903564453,-764.0335693359375,4851.6181640625,114.50968933105467,-793.5135498046875,4945.15673828125
134.23915100097656,-140.04534912109375,5002.97216796875,140.62802124023438,-305.1241149902344,4980.4638671875,145.23016357421875,-438.3360290527344,4980.42626953125,155.45443725585938,-640.9594116210938,4982.802734375,185.2404632568359,-606.1614990234375,4983.1943359375,306.61737060546875,-550.3720092773438,4981.45654296875,379.41741943359375,-313.101806640625,5052.86181640625,394.1925964355469,-104.24396514892578,4996.7978515625,401.01324462890625,-27.12498664855957,5042.671875,369.9694213867187,45.58147430419922,5105.5,352.0872497558594,22.70446014404297,4979.763671875,122.40390014648438,-608.7689819335938,4983.5869140625,3.426194190979004,-578.2658081054688,4987.9404296875,-92.2070083618164,-346.0199890136719,5066.42138671875,-122.00341796875,-133.77682495117188,5019.03955078125,-104.6951141357422,-50.50294876098633,5065.455078125,-88.4155502319336,31.88331413269043,5118.3671875,-81.60369873046875,-26.366182327270508,5030.0869140625,219.3625335693359,-137.10528564453125,5005.5712890625,215.79800415039065,228.6332244873047,5084.29541015625,203.41079711914065,570.8281860351562,5187.2255859375,211.9318389892578,715.0169677734375,5088.2861328125,57.47964859008789,-142.69651794433594,5000.62841796875,33.099246978759766,226.9235992431641,5050.22998046875,21.856964111328125,572.119140625,5156.357421875,8.883979797363281,693.8057861328125,5051.615234375,159.17745971679688,-716.3140258789062,4971.1552734375,191.87466430664065,-743.1808471679688,4827.06982421875,217.1857147216797,-771.5902709960938,4862.96533203125,248.76394653320312,-755.5606689453125,4976.02294921875,170.53775024414062,-779.5200805664062,4850.77734375,100.47613525390624,-792.87060546875,4950.30615234375
135.52468872070312,-139.9017333984375,5004.31591796875,141.72903442382812,-304.98187255859375,4981.904296875,145.82089233398438,-438.18060302734375,4983.900390625,150.56680297851562,-640.9677734375,4980.423828125,181.26463317871097,-607.0242309570312,4982.23291015625,304.2667541503906,-554.9663696289062,4980.1552734375,381.8924865722656,-319.57904052734375,5052.59716796875,398.8363037109375,-109.39654541015624,5002.509765625,402.5020751953125,-31.805932998657227,5047.92626953125,367.5323181152344,44.47829055786133,5104.0771484375,348.75439453125,14.924630165100098,4976.8564453125,118.38833618164062,-607.9291381835938,4981.72607421875,1.4211684465408323,-570.2420043945312,4981.43994140625,-88.07747650146484,-340.7586669921875,5073.93359375,-100.26956176757812,-129.3665008544922,5016.193359375,-55.213134765625,-44.82239532470703,5001.7490234375,-30.805667877197266,49.44295501708984,4982.55615234375,-47.39168930053711,-40.16816711425781,5027.32177734375,220.59893798828125,-137.23020935058594,5008.189453125,218.60365295410156,228.0309906005859,5088.9599609375,210.1769256591797,570.7056274414062,5190.54736328125,212.8485107421875,713.6867065429688,5089.57958984375,58.80949783325195,-142.31076049804688,5000.8232421875,33.06694412231445,227.39453125,5048.7587890625,23.04618453979492,572.0067138671875,5156.75048828125,8.122533798217773,694.6795654296875,5053.45654296875,152.42645263671875,-716.0154418945312,4966.60595703125,191.97862243652344,-738.8119506835938,4823.55908203125,211.0952606201172,-772.01416015625,4859.16455078125,236.1370849609375,-766.1450805664062,4974.80029296875,164.8392333984375,-773.4932861328125,4843.50830078125,86.72455596923828,-783.5467529296875,4937.2451171875
135.07846069335938,-139.16668701171875,5005.14013671875,139.33786010742188,-303.64178466796875,4981.7470703125,143.07481384277344,-436.4264221191406,4979.46435546875,151.72694396972656,-638.3682250976562,4986.029296875,181.68927001953125,-603.9352416992188,4984.91943359375,304.84283447265625,-553.7749633789062,4977.93505859375,380.8948974609375,-320.0018615722656,5054.27392578125,400.5120239257813,-106.25994110107422,5029.642578125,400.5633544921875,-29.582962036132812,5076.1845703125,369.3190002441406,49.49602508544922,5130.04833984375,357.4366455078125,13.408310890197754,4985.89794921875,119.0682601928711,-605.9964599609375,4986.91943359375,-0.5576387047767639,-580.968505859375,4995.28662109375,-88.20415496826172,-345.12860107421875,5069.380859375,-116.17741394042967,-133.78866577148438,5020.1943359375,-82.30292510986328,-45.53607940673828,5039.97802734375,-58.63707733154297,50.37664031982422,5034.6123046875,-55.17771911621094,-40.409385681152344,5018.568359375,219.9663848876953,-136.75148010253906,5003.615234375,215.92481994628903,228.09844970703125,5080.63330078125,203.68927001953125,569.6334838867188,5181.71337890625,211.6507110595703,713.775634765625,5083.671875,58.53128433227539,-141.34457397460938,5006.51513671875,32.89055633544922,227.52687072753903,5051.6904296875,18.59592628479004,572.7317504882812,5153.32080078125,9.036930084228516,698.0061645507812,5053.3564453125,154.55386352539062,-713.7413330078125,4975.98828125,199.12872314453125,-740.5931396484375,4835.64306640625,218.6217498779297,-771.24072265625,4873.04833984375,239.90936279296875,-759.3792724609375,4988.5947265625,173.10240173339844,-775.52001953125,4856.267578125,93.06818389892578,-785.214111328125,4947.89599609375
136.31410217285156,-138.29861450195312,5007.72607421875,142.39990234375,-302.5889892578125,4983.0859375,147.29608154296875,-435.3518981933594,4979.5478515625,151.4585418701172,-637.4486694335938,4987.5966796875,182.12942504882812,-603.6119995117188,4988.18310546875,306.3448486328125,-555.6844482421875,4984.09375,379.7443542480469,-320.2242431640625,5058.09228515625,400.8911437988281,-113.81375885009766,4997.6337890625,411.2385864257813,-35.97734069824219,5041.05322265625,381.43206787109375,38.8929328918457,5101.41552734375,353.5724792480469,10.06282901763916,4972.5869140625,119.45538330078124,-604.4208984375,4986.30712890625,0.7542967796325684,-574.0892944335938,4983.73486328125,-86.025390625,-342.411865234375,5071.09716796875,-108.06721496582033,-127.44334411621094,5036.45068359375,-65.2652816772461,-41.12982177734375,5043.625,-40.226776123046875,53.78699493408203,5031.03955078125,-46.740989685058594,-36.99418258666992,5013.49658203125,221.2201690673828,-135.17034912109375,5007.8388671875,217.86737060546875,229.6626739501953,5085.55712890625,205.8449249267578,572.30419921875,5183.2734375,211.45269775390625,713.3613891601562,5080.58984375,59.750587463378906,-141.1195068359375,5007.62451171875,33.11127853393555,228.5661468505859,5046.0703125,22.251163482666016,570.4590454101562,5159.09912109375,10.151080131530762,698.7041015625,5063.17431640625,153.3834686279297,-712.9462890625,4978.10498046875,186.18832397460935,-743.9937744140625,4835.34912109375,210.96597290039065,-771.6270141601562,4871.9912109375,242.22914123535156,-752.9561767578125,4984.36474609375,164.4103240966797,-779.3250122070312,4859.8759765625,94.0481185913086,-789.1361083984375,4959.1630859375
140.48114013671875,-138.9373321533203,5003.99365234375,146.1093292236328,-303.74932861328125,4977.03564453125,150.61590576171875,-437.2312316894531,4974.3017578125,159.78836059570312,-640.364990234375,4973.2490234375,189.8253631591797,-605.659912109375,4974.185546875,313.57391357421875,-554.5966796875,4976.5615234375,382.3248291015625,-319.6601867675781,5060.638671875,401.5676879882813,-109.86054229736328,5007.67919921875,413.49603271484375,-29.707305908203125,5047.267578125,378.0529479980469,48.68491744995117,5100.56787109375,359.0277404785156,20.720779418945312,4994.759765625,126.8375244140625,-607.94677734375,4974.62548828125,9.00295352935791,-573.1707153320312,4983.4326171875,-77.97599792480469,-341.8871765136719,5075.5849609375,-98.77814483642578,-128.01300048828125,5028.486328125,-64.63463592529297,-37.19978713989258,5032.63818359375,-43.97871398925781,57.927860260009766,5012.146484375,-46.5130729675293,-31.600818634033203,5012.77734375,225.83445739746097,-136.06039428710938,5004.224609375,218.417236328125,230.41680908203125,5083.17822265625,207.5399932861328,573.543212890625,5185.92529296875,212.24835205078125,711.6514892578125,5077.7978515625,63.51430130004883,-141.5316162109375,5003.78515625,34.202552795410156,229.2943878173828,5047.60986328125,23.559112548828125,574.431884765625,5156.66796875,10.150883674621582,693.2802124023438,5048.23876953125,163.10301208496094,-715.6973876953125,4960.2998046875,192.45957946777344,-748.9166870117188,4816.47412109375,216.6527557373047,-777.63720703125,4853.0546875,250.6007537841797,-759.8553466796875,4965.43603515625,169.3773956298828,-783.3150024414062,4841.6162109375,99.80728912353516,-789.6009521484375,4942.5107421875
141.22999572753906,-137.31568908691406,5006.27099609375,146.11473083496094,-301.7227783203125,4977.55517578125,150.20010375976562,-435.0592346191406,4972.83935546875,158.7250213623047,-638.036376953125,4976.3203125,188.8449859619141,-603.4388427734375,4976.60107421875,312.87176513671875,-553.27880859375,4977.19775390625,383.6854553222656,-320.1766052246094,5064.00634765625,401.5251770019531,-108.85894012451172,5017.69921875,410.5593566894531,-27.510896682739254,5055.41357421875,373.32659912109375,52.10271453857422,5105.43359375,346.8206481933594,17.533414840698242,5003.57421875,125.89784240722656,-605.5191040039062,4976.85400390625,5.716689109802246,-581.5906372070312,4988.357421875,-75.26197052001953,-343.7529602050781,5067.83984375,-104.84296417236328,-128.64280700683594,5033.62255859375,-70.30728912353516,-37.98177719116211,5035.4423828125,-42.229190826416016,53.87075424194336,5009.8447265625,-43.660308837890625,-36.69175338745117,5018.79736328125,226.52337646484375,-134.6822509765625,5005.70263671875,217.38668823242188,230.62692260742188,5088.4189453125,203.87001037597656,573.9108276367188,5189.34228515625,211.03858947753903,710.5394287109375,5079.701171875,64.31722259521484,-139.6903839111328,5006.78369140625,36.13308334350586,231.12710571289065,5048.90625,22.04200553894043,576.5219116210938,5155.806640625,10.297499656677246,697.9886474609375,5050.3115234375,161.84605407714844,-713.5886840820312,4965.0654296875,202.4404296875,-733.2749633789062,4821.60546875,220.0641632080078,-768.2216796875,4856.421875,243.91004943847656,-766.743408203125,4972.6357421875,173.9073486328125,-767.7009887695312,4840.1865234375,94.24984741210938,-778.093994140625,4932.82861328125
142.7852020263672,-140.72369384765625,5007.37451171875,148.98793029785156,-306.6852722167969,4982.32861328125,153.4849090576172,-440.8767700195313,4981.1328125,163.1531982421875,-644.9739990234375,4986.1650390625,193.21437072753903,-609.9840087890625,4987.29443359375,317.2619323730469,-558.5802001953125,4978.27734375,383.1802673339844,-319.11505126953125,5055.68505859375,401.5677490234375,-106.16690063476562,5011.05419921875,412.1181640625,-31.250282287597656,5060.99462890625,378.9742126464844,37.17156600952149,5128.5810546875,344.31658935546875,13.73487663269043,4986.017578125,129.93824768066406,-612.4666748046875,4985.3505859375,9.723894119262695,-583.427734375,4979.5673828125,-81.23218536376953,-348.8544921875,5063.04345703125,-104.88557434082033,-131.4563751220703,5030.3291015625,-69.18865966796875,-40.63020706176758,5032.20703125,-40.417449951171875,51.56252670288086,5006.3134765625,-40.009891510009766,-40.93671417236328,5013.86474609375,228.54685974121097,-137.87046813964844,5009.70703125,218.4010467529297,230.2746124267578,5089.7607421875,200.9312286376953,575.7128295898438,5190.2646484375,211.5854949951172,715.62255859375,5083.41650390625,65.45016479492188,-143.29656982421875,5005.2705078125,35.818580627441406,229.4570770263672,5049.01318359375,16.918485641479492,574.2265014648438,5164.14111328125,16.891881942749023,694.6348266601562,5055.36669921875,167.1407470703125,-721.01708984375,4975.4189453125,200.42849731445312,-747.7741088867188,4830.29638671875,220.72218322753903,-780.7182006835938,4866.06591796875,251.01121520996097,-772.625732421875,4981.220703125,173.46986389160156,-781.8348999023438,4852.32958984375,98.75869750976562,-788.6567993164062,4950.23828125
144.03976440429688,-138.63992309570312,5007.5166015625,150.86553955078125,-303.1275634765625,4981.78955078125,155.91937255859375,-436.1335754394531,4976.416015625,166.3422088623047,-638.6198120117188,4973.75244140625,196.0030059814453,-603.8565063476562,4976.484375,319.848388671875,-554.007080078125,4974.61083984375,391.7602233886719,-319.4440612792969,5054.7578125,413.4219055175781,-110.81531524658205,5000.62109375,407.23980712890625,-35.56461715698242,5049.48388671875,378.0428161621094,39.44289779663086,5110.36328125,345.3223571777344,7.3842926025390625,4988.57080078125,133.25933837890625,-606.4934692382812,4973.8642578125,13.960979461669922,-577.8260498046875,4968.13525390625,-79.76176452636719,-347.07977294921875,5052.58203125,-100.50442504882812,-131.73187255859375,5016.29833984375,-71.05670928955078,-42.45074844360352,5039.5107421875,-46.718292236328125,53.6529655456543,5036.046875,-37.2733268737793,-39.11652374267578,5022.04345703125,229.10557556152344,-135.51136779785156,5010.0830078125,219.4182891845703,228.9686737060547,5092.93994140625,204.6081390380859,571.68994140625,5193.00390625,212.320556640625,701.6830444335938,5076.140625,67.3321762084961,-141.46109008789062,5005.20166015625,35.52767562866211,228.54400634765625,5045.060546875,15.84543514251709,570.47900390625,5159.4453125,15.615742683410645,698.7730102539062,5062.20361328125,170.72532653808594,-713.5818481445312,4960.2529296875,199.69422912597656,-745.3385620117188,4816.4599609375,219.14279174804688,-777.8946533203125,4852.4423828125,251.79959106445312,-768.1155395507812,4965.83056640625,171.99403381347656,-777.3634033203125,4839.7431640625,99.62628173828124,-778.3717651367188,4938.4169921875
145.548828125,-141.1253662109375,5005.72119140625,152.4668426513672,-305.79949951171875,4979.9541015625,157.68971252441406,-438.8679809570313,4972.75244140625,163.63648986816406,-641.7357177734375,4977.3974609375,194.13885498046875,-607.5364379882812,4978.177734375,317.3326721191406,-556.201904296875,4970.7109375,389.5202026367187,-320.732177734375,5048.8955078125,402.4786987304687,-106.92076110839844,5014.95361328125,422.970703125,-36.38460540771485,5067.0302734375,363.04156494140625,35.909481048583984,5104.3232421875,355.08270263671875,15.158794403076172,4981.24267578125,131.23582458496094,-608.8477172851562,4977.0458984375,13.38343334197998,-573.9383544921875,4973.296875,-80.87004852294922,-344.4091491699219,5061.3466796875,-104.46430206298828,-129.9751739501953,5020.17578125,-77.89054107666016,-41.98006439208984,5050.9931640625,-66.8508529663086,56.2284049987793,5060.8134765625,-50.466819763183594,-30.516742706298828,5020.80029296875,230.71829223632812,-137.9068603515625,5008.0185546875,218.64614868164065,226.5422515869141,5092.6455078125,199.7859039306641,567.3688354492188,5199.740234375,212.2650451660156,704.2721557617188,5091.16796875,68.74778747558594,-144.0276336669922,5003.6494140625,36.003318786621094,226.7090301513672,5039.861328125,16.48641586303711,567.7740478515625,5158.13330078125,17.47568130493164,696.7913208007812,5061.544921875,166.07518005371094,-717.310546875,4966.5888671875,195.46246337890625,-755.7012939453125,4824.32470703125,219.2745056152344,-783.2908325195312,4861.888671875,253.0320281982422,-761.9335327148438,4973.49609375,172.05931091308594,-788.95068359375,4850.5390625,102.29583740234376,-791.124267578125,4951.2265625
146.35609436035156,-138.92123413085938,5005.97705078125,154.72227478027344,-303.2270202636719,4982.32666015625,160.84608459472656,-435.8847961425781,4977.7841796875,172.20997619628906,-637.8101806640625,4975.00732421875,201.64927673339844,-602.9893188476562,4977.46826171875,324.8416748046875,-552.6744384765625,4972.08349609375,397.66937255859375,-319.8755798339844,5054.43701171875,417.5037231445313,-108.60022735595705,5013.68798828125,422.3348388671875,-38.49775314331055,5069.45751953125,383.8915710449219,47.66332244873047,5104.56298828125,360.7097473144531,7.992632865905762,4984.46923828125,139.05538940429688,-605.9267578125,4975.421875,19.87380599975586,-577.7903442382812,4971.5048828125,-82.49154663085938,-354.7633972167969,5064.20458984375,-102.37548828125,-139.5847930908203,5029.80224609375,-73.22201538085938,-48.450687408447266,5043.02490234375,-58.310035705566406,48.83072662353515,5032.77783203125,-51.92716979980469,-40.989540100097656,5020.02490234375,231.14064025878903,-135.1332244873047,5009.65283203125,219.58807373046875,229.2198028564453,5088.51123046875,202.80615234375,571.59814453125,5186.2177734375,210.9519195556641,700.76416015625,5069.1220703125,69.90213775634766,-142.3370361328125,5002.66259765625,37.37441635131836,227.57281494140625,5032.90625,16.646074295043945,568.3370361328125,5147.7470703125,17.560163497924805,695.8696899414062,5050.17578125,176.82713317871094,-712.5609741210938,4961.4931640625,204.60047912597656,-739.9290771484375,4816.95556640625,230.4425506591797,-768.6452026367188,4851.98046875,265.59002685546875,-753.1390991210938,4963.6640625,183.46902465820312,-775.79345703125,4841.2568359375,116.46483612060548,-787.9199829101562,4942.5634765625
154.5154266357422,-141.46914672851562,4999.58349609375,163.5213623046875,-306.39093017578125,4975.568359375,170.16326904296875,-439.58831787109375,4971.27685546875,179.0747528076172,-642.5009765625,4970.7392578125,209.11322021484375,-607.87158203125,4971.82568359375,331.44207763671875,-554.2129516601562,4965.3544921875,402.695068359375,-322.0816955566406,5054.09228515625,415.5113830566406,-110.35723876953124,5008.36962890625,419.133056640625,-35.114044189453125,5057.7724609375,392.7350769042969,53.84140396118164,5097.88427734375,370.79547119140625,16.50570297241211,4983.056640625,146.1936492919922,-610.075927734375,4971.79443359375,27.7817325592041,-577.03271484375,4976.6640625,-62.097415924072266,-344.05731201171875,5060.529296875,-77.944580078125,-130.45376586914062,5011.49853515625,-60.3967170715332,-36.91869354248047,5030.24853515625,-50.242095947265625,60.88845443725586,5044.5205078125,-41.62383270263672,-25.164134979248047,5007.56689453125,239.64459228515625,-137.33888244628906,5003.1435546875,229.99671936035156,228.4483642578125,5082.99755859375,214.68768310546875,570.7059936523438,5186.6337890625,212.69566345214844,712.7788696289062,5084.02734375,77.750732421875,-145.193603515625,4996.37353515625,39.70861053466797,225.88380432128903,5025.0556640625,16.97090721130371,565.4419555664062,5147.56298828125,18.56764793395996,700.410400390625,5059.34375,182.38768005371097,-717.7789306640625,4957.99609375,221.18325805664065,-744.924560546875,4815.31787109375,241.0499725341797,-776.6753540039062,4851.912109375,266.9345397949219,-766.53271484375,4967.20703125,194.64454650878903,-779.3079833984375,4836.677734375,117.3129653930664,-787.2235107421875,4931.44873046875
156.01161193847656,-137.62550354003906,5004.2421875,166.4442901611328,-300.6170959472656,4978.0732421875,174.4196014404297,-432.5362548828125,4973.5908203125,182.2774658203125,-633.671142578125,4973.275390625,212.21376037597656,-599.4954223632812,4974.27587890625,336.4015197753906,-553.432373046875,4969.5947265625,401.4963989257813,-319.1592712402344,5050.3564453125,414.44183349609375,-108.2220687866211,5010.609375,418.86712646484375,-30.887819290161133,5054.99755859375,374.8320617675781,54.67792510986328,5082.85302734375,362.5105895996094,14.467700958251951,4982.6123046875,149.84829711914062,-601.378173828125,4974.3251953125,31.43674087524414,-572.9638671875,4980.5029296875,-60.5167236328125,-342.3833923339844,5061.2998046875,-81.98283386230469,-131.22650146484375,5012.59619140625,-71.77215576171875,-37.867942810058594,5033.0986328125,-55.0786247253418,53.452430725097656,5065.943359375,-42.922237396240234,-20.929121017456055,4991.93505859375,240.3683319091797,-132.60604858398438,5006.60888671875,229.3607940673828,230.10606384277344,5084.6201171875,213.8923797607422,570.8073120117188,5182.15087890625,214.34413146972656,715.8375854492188,5086.576171875,79.94344329833984,-142.1517791748047,5002.10791015625,39.468631744384766,226.32598876953125,5009.62646484375,22.73457908630371,562.5187377929688,5132.85205078125,16.35859489440918,700.6627197265625,5052.76953125,185.1837921142578,-708.3035888671875,4960.72607421875,218.2471160888672,-737.0267333984375,4818.3271484375,242.28672790527344,-765.54052734375,4854.41162109375,272.9730224609375,-749.4798583984375,4966.72900390625,195.93408203125,-772.313720703125,4841.947265625,125.19273376464844,-782.900390625,4940.13037109375
156.08021545410156,-138.80589294433594,5003.2421875,169.27357482910156,-302.0690612792969,4976.6796875,179.39614868164062,-434.3206176757813,4974.453125,193.0513458251953,-635.225341796875,4959.40673828125,222.08859252929688,-600.264404296875,4963.00048828125,343.5062255859375,-546.472412109375,4969.5234375,400.11285400390625,-308.2664489746094,5047.7275390625,407.9427490234375,-97.39781951904295,5002.89501953125,409.7247009277344,-22.43886947631836,5051.87744140625,371.0455627441406,65.1061782836914,5082.5419921875,355.729736328125,25.928325653076172,4982.12744140625,159.60418701171875,-603.9334716796875,4962.73388671875,41.63934326171875,-573.3555908203125,4973.26708984375,-50.22014617919922,-341.7035827636719,5053.79541015625,-79.56997680664062,-130.152587890625,5007.89013671875,-71.74308776855469,-41.42464828491211,5044.84228515625,-52.2002067565918,37.0150146484375,5101.62255859375,-41.39384460449219,-19.660249710083008,5005.9296875,240.6083068847656,-132.3777618408203,5005.716796875,228.3778533935547,231.57652282714844,5083.39208984375,210.62744140625,572.7451171875,5182.99365234375,215.1617889404297,725.6358642578125,5099.53759765625,79.8575210571289,-144.60243225097656,5001.01025390625,37.273380279541016,224.5344085693359,4984.515625,22.878480911254883,559.5567626953125,5114.37158203125,8.313075065612793,703.029052734375,5044.3427734375,198.11817932128903,-708.8601684570312,4941.38623046875,227.24594116210935,-731.671630859375,4796.5810546875,252.8275604248047,-761.3125,4830.89208984375,286.85186767578125,-749.1338500976562,4943.1279296875,206.05567932128903,-768.268798828125,4819.54345703125,138.29200744628906,-783.675048828125,4919.6494140625
155.85308837890625,-135.25375366210938,4995.58935546875,168.99072265625,-296.9600524902344,4974.47021484375,178.87477111816406,-427.3811950683594,4975.0732421875,192.4175720214844,-625.5049438476562,4960.8125,221.04742431640625,-590.9622802734375,4963.56640625,342.18792724609375,-540.8532104492188,4963.42919921875,400.5273132324219,-307.742431640625,5043.91552734375,408.173828125,-97.53572845458984,5012.36669921875,411.52642822265625,-21.569580078125,5057.2646484375,381.5925903320313,69.01658630371094,5084.04736328125,354.306640625,18.002792358398438,4981.08154296875,159.45645141601562,-594.7031860351562,4964.6904296875,42.59148406982422,-566.7333374023438,4974.9462890625,-51.16694259643555,-338.0345153808594,5049.6552734375,-80.07374572753906,-129.12623596191406,5005.89404296875,-73.65633392333984,-40.967472076416016,5040.92578125,-55.632911682128906,38.38497543334961,5094.45361328125,-41.46162796020508,-18.105878829956055,5016.8125,239.16416931152344,-128.92442321777344,4998.9521484375,228.1621551513672,229.9541778564453,5075.5615234375,213.1279296875,567.3158569335938,5170.77392578125,212.57191467285156,719.986572265625,5091.9912109375,80.72782135009766,-140.96119689941406,4992.55712890625,41.03870391845703,221.79881286621097,4956.1708984375,29.306106567382812,546.2696533203125,5098.61083984375,10.808069229125977,695.5235595703125,5049.97216796875,197.1681365966797,-698.175048828125,4943.2568359375,216.0847015380859,-721.9595947265625,4799.0634765625,244.860107421875,-749.6415405273438,4831.31884765625,286.020263671875,-734.523193359375,4938.9892578125,198.34339904785156,-758.4207153320312,4823.7001953125,139.6653594970703,-774.4611206054688,4927.3173828125
162.61993408203125,-139.86619567871094,4993.01220703125,174.53746032714844,-302.8868103027344,4971.283203125,183.6442413330078,-434.3608093261719,4968.22900390625,200.06285095214844,-633.8648681640625,4954.30517578125,228.4248962402344,-598.680419921875,4957.46484375,349.1758728027344,-545.2083129882812,4961.59814453125,408.5429992675781,-308.3666687011719,5036.54638671875,428.4740295410156,-97.99951171875,5000.44970703125,426.69586181640625,-22.899917602539062,5048.17626953125,388.6110229492187,58.994590759277344,5090.80224609375,380.1163635253906,28.418243408203125,4979.9052734375,166.39332580566406,-603.2457885742188,4957.68212890625,48.64492416381836,-576.3577270507812,4971.34912109375,-39.339134216308594,-346.2046813964844,5055.10888671875,-68.91218566894531,-136.94410705566406,5005.50244140625,-44.85386657714844,-50.47486877441406,5039.0771484375,-7.303051471710205,-9.863533020019531,5120.17724609375,-2.7050859928131104,-44.076683044433594,4997.51318359375,246.64828491210935,-134.11392211914062,4995.9423828125,232.04335021972656,228.16844177246097,5069.75927734375,213.0906524658203,567.4979858398438,5167.4482421875,211.8666534423828,709.9246826171875,5068.98876953125,86.8478775024414,-145.05328369140625,4990.3701171875,45.424896240234375,218.16151428222656,4935.82275390625,32.862674713134766,540.1513671875,5090.2783203125,10.016154289245604,686.5743408203125,5031.8212890625,206.0507354736328,-707.0570068359375,4936.7744140625,232.03846740722656,-711.7809448242188,4790.623046875,255.44610595703125,-747.432373046875,4819.90380859375,290.9759521484375,-753.3026123046875,4931.4033203125,208.4893798828125,-749.2957153320312,4808.64453125,140.99925231933594,-773.1554565429688,4906.31982421875
163.37547302246094,-132.48651123046875,4983.900390625,176.6168975830078,-294.1829528808594,4960.9912109375,186.86000061035156,-424.7691345214844,4960.60791015625,205.2061767578125,-623.0125732421875,4949.70751953125,233.03482055664065,-587.6961059570312,4951.87060546875,352.420166015625,-533.41845703125,4957.982421875,405.9156799316406,-293.66107177734375,5021.73876953125,412.7652282714844,-86.15673828125,4974.11328125,415.7950439453125,-12.85967254638672,5023.5009765625,370.6172180175781,69.61256408691406,5055.2060546875,365.4136047363281,39.73480224609375,4980.7587890625,171.4617462158203,-592.9089965820312,4953.0703125,54.75908660888672,-565.1901245117188,4967.2001953125,-45.617034912109375,-340.8695983886719,5047.67041015625,-75.73078155517578,-132.748046875,4999.63134765625,-71.42656707763672,-44.22663879394531,5034.44921875,-49.09251403808594,25.360450744628903,5099.05126953125,-39.3948974609375,-25.667526245117188,4988.7568359375,246.83497619628903,-125.9460906982422,4985.9765625,228.97927856445312,232.6672515869141,5065.0732421875,208.77554321289065,568.5053100585938,5166.4111328125,210.30978393554688,713.3905639648438,5073.6337890625,88.1163558959961,-138.38429260253906,4982.0283203125,46.38212966918945,220.814697265625,4917.8251953125,36.42207717895508,542.3639526367188,5068.1015625,26.16315269470215,690.3238525390625,5012.7802734375,211.72116088867188,-695.9421997070312,4933.3681640625,218.2328186035156,-703.3343505859375,4786.12109375,249.16224670410156,-734.7535400390625,4812.552734375,299.4238586425781,-732.259033203125,4917.54248046875,201.96536254882812,-742.2875366210938,4807.9326171875,151.7440948486328,-769.6165161132812,4913.8095703125
164.87200927734375,-132.3091583251953,4979.58642578125,177.9049072265625,-293.94317626953125,4957.3017578125,188.0189666748047,-424.4069519042969,4956.76220703125,204.2720642089844,-622.5682373046875,4944.7607421875,232.44015502929688,-587.5606079101562,4946.583984375,352.52557373046875,-534.8827514648438,4949.07861328125,414.8202819824219,-296.6067199707031,5009.28662109375,425.8633728027344,-89.66014099121094,4960.98291015625,427.4376220703125,-14.469571113586426,5007.33984375,378.8861083984375,68.23767852783203,5032.4482421875,376.0545349121094,34.8354377746582,4964.49609375,170.9119110107422,-592.1923217773438,4948.822265625,55.19528579711914,-562.5235595703125,4965.783203125,-37.69914627075195,-336.6844177246094,5050.06591796875,-64.60611724853516,-127.8393096923828,5004.28955078125,-60.16349029541016,-37.26617813110352,5033.01953125,-49.117332458496094,47.9979133605957,5078.884765625,-30.736522674560547,-21.570890426635746,4987.0419921875,248.2570343017578,-125.85283660888672,4981.5244140625,230.52734375,232.52410888671875,5060.00341796875,210.0084991455078,567.089111328125,5164.2255859375,211.57586669921875,710.9011840820312,5070.10888671875,89.6800537109375,-138.131103515625,4977.8388671875,49.72283554077149,219.2560577392578,4905.07275390625,39.595985412597656,544.183837890625,5046.99658203125,32.11019515991211,690.946533203125,4988.58251953125,209.80528259277344,-695.413818359375,4928.03466796875,217.6814117431641,-713.7758178710938,4781.96728515625,248.53091430664065,-742.883544921875,4810.9189453125,297.7781677246094,-732.1865844726562,4915.74365234375,201.47164916992188,-751.0531005859375,4806.4794921875,150.51620483398438,-770.6757202148438,4913.57080078125
165.9098358154297,-133.9952850341797,4974.97314453125,181.5428771972656,-294.9638366699219,4955.384765625,193.4520568847656,-424.6451110839844,4953.77392578125,208.5089111328125,-622.20068359375,4946.958984375,236.7411346435547,-587.5016479492188,4948.4140625,355.87933349609375,-534.3318481445312,4944.138671875,416.1941528320313,-296.651611328125,5003.67138671875,410.5488586425781,-96.33792877197266,4935.13671875,399.6795043945313,-11.86250114440918,4913.2939453125,370.94091796875,63.756011962890625,4969.78515625,373.3732604980469,9.584442138671877,4884.2578125,175.4448699951172,-591.6697998046875,4949.669921875,58.68612289428711,-564.091796875,4954.921875,-40.06607818603515,-347.3877258300781,5051.8408203125,-62.22222137451172,-140.58409118652344,4999.509765625,-57.43312072753906,-49.85547637939453,5026.12841796875,-19.001543045043945,-9.561866760253906,5105.53466796875,-13.824462890625,-40.57566833496094,4972.5556640625,248.7305450439453,-126.4392547607422,4978.97802734375,233.5119781494141,229.70025634765625,5060.009765625,214.51828002929688,562.728271484375,5163.85986328125,211.7540283203125,710.07275390625,5076.99609375,91.22676849365234,-140.8088836669922,4971.36181640625,47.38492202758789,212.80783081054688,4891.49462890625,39.60354995727539,545.0596923828125,5010.58642578125,37.80107879638672,691.9774780273438,4954.16650390625,213.8196563720703,-695.1228637695312,4932.19580078125,216.0119171142578,-715.3678588867188,4786.88525390625,248.05462646484375,-743.7171630859375,4814.84619140625,301.0949401855469,-731.273681640625,4916.9833984375,201.142333984375,-752.2371215820312,4812.4091796875,154.85377502441406,-770.6339721679688,4921.18701171875
168.81117248535156,-133.9269256591797,4970.79345703125,183.3441162109375,-294.29547119140625,4947.623046875,194.45892333984375,-423.8088073730469,4943.39794921875,206.8803253173828,-620.7153930664062,4927.05859375,235.5287170410156,-586.4939575195312,4929.4794921875,354.5832214355469,-533.4407348632812,4931.43603515625,415.0657348632813,-296.06610107421875,4990.548828125,417.3677062988281,-98.66317749023438,4914.66650390625,413.686767578125,-11.228360176086426,4907.474609375,380.518310546875,58.00373077392578,4969.24365234375,368.0657653808594,18.71009826660156,4891.5712890625,174.31280517578125,-590.0125732421875,4931.939453125,59.2301025390625,-561.3034057617188,4949.62890625,-29.701583862304688,-339.5462646484375,5043.6474609375,-38.38042068481445,-135.7887420654297,4978.2373046875,-48.913719177246094,-42.76669692993164,4991.44677734375,-26.97266387939453,36.04706954956055,5043.28369140625,-14.533294677734377,-19.429311752319336,4965.0576171875,251.5874481201172,-126.93902587890624,4974.34716796875,235.752197265625,228.91586303710935,5054.23974609375,216.89808654785156,559.2025756835938,5165.025390625,221.87542724609375,703.2750854492188,5073.36669921875,94.16815185546876,-140.2282257080078,4967.58837890625,48.278865814208984,211.4029083251953,4882.56298828125,47.84162902832031,547.9071655273438,4987.71630859375,30.288055419921875,685.8717651367188,4914.49755859375,210.94549560546875,-692.8215942382812,4908.81884765625,223.0572967529297,-701.8544311523438,4763.0712890625,253.2333068847656,-732.2283325195312,4790.85400390625,299.1094055175781,-727.6685791015625,4896.86328125,206.70103454589844,-740.5159912109375,4784.60107421875,153.31906127929688,-767.15283203125,4888.11474609375
167.27960205078125,-133.45472717285156,4965.1376953125,181.3875274658203,-295.0325927734375,4941.755859375,192.32044982910156,-425.39508056640625,4934.7880859375,206.33984375,-623.2792358398438,4914.49267578125,234.8447723388672,-588.4508056640625,4915.65869140625,353.39093017578125,-532.3217163085938,4909.5546875,410.92578125,-299.8241271972656,4993.591796875,388.6370239257813,-99.22882843017578,4925.400390625,374.8183898925781,-13.201191902160645,4910.1962890625,350.25665283203125,73.29847717285156,4952.20947265625,350.29559326171875,13.508550643920898,4889.572265625,173.51080322265625,-592.886962890625,4921.931640625,59.01791000366211,-567.8696899414062,4951.20556640625,-33.60784149169922,-350.00115966796875,5055.33203125,-58.515262603759766,-144.90040588378906,4993.24365234375,-71.07079315185547,-59.97795486450195,5034.47265625,-38.50840377807617,4.209965705871582,5100.3271484375,-14.167750358581545,-27.206823348999023,4967.923828125,250.6938018798828,-126.62759399414062,4968.2890625,235.2814178466797,231.9603576660156,5048.240234375,216.7655487060547,564.0836791992188,5161.59521484375,220.7833251953125,708.7643432617188,5068.5302734375,92.06135559082033,-139.61105346679688,4962.29541015625,49.62602615356445,214.08914184570312,4872.74365234375,47.33088302612305,558.5834350585938,4958.9326171875,38.08251953125,687.8655395507812,4868.01953125,210.213134765625,-695.5682373046875,4894.7705078125,211.59117126464844,-703.6471557617188,4747.40234375,245.5813751220703,-732.68994140625,4772.78564453125,299.5322265625,-725.9690551757812,4875.7568359375,198.8599090576172,-743.449951171875,4770.02978515625,154.689208984375,-773.3072509765625,4877.9208984375
163.27163696289062,-131.03744506835938,4953.544921875,178.3898468017578,-293.8945007324219,4927.41357421875,190.14776611328125,-425.7562255859375,4924.6171875,199.9091796875,-624.577392578125,4892.97265625,229.49497985839844,-590.1492919921875,4896.1552734375,351.1138610839844,-537.0258178710938,4896.86962890625,415.2383728027344,-296.5916442871094,4959.322265625,399.8226623535156,-93.84888458251952,4888.43798828125,397.5657348632813,-14.26573085784912,4929.10107421875,375.1775512695313,42.069793701171875,5009.0302734375,349.1625061035156,21.16015625,4888.55029296875,167.4007568359375,-593.5908813476562,4902.1533203125,50.8253059387207,-565.1975708007812,4924.75830078125,-24.907745361328125,-340.0686950683594,5033.9208984375,-62.10603713989258,-133.8789520263672,4973.50390625,-79.39417266845703,-46.52857971191406,5010.06103515625,-65.96453857421875,31.679689407348633,5068.59423828125,-39.95097732543945,-9.241729736328123,4970.46337890625,247.5654754638672,-123.56807708740234,4955.76220703125,236.577880859375,239.3332977294922,5035.26708984375,224.6712951660156,570.1561279296875,5164.04296875,221.125732421875,695.7860107421875,5043.8154296875,87.26017761230469,-137.77288818359375,4951.5458984375,58.58626937866211,223.62937927246097,4871.4951171875,60.39729690551758,576.4896240234375,4937.2490234375,38.231178283691406,689.0381469726562,4825.67822265625,202.2458343505859,-696.485595703125,4868.98974609375,224.04837036132812,-695.2219848632812,4721.41357421875,250.49996948242188,-730.4556274414062,4748.9677734375,289.9037170410156,-737.6267700195312,4859.63818359375,203.1960296630859,-734.7694091796875,4738.9736328125,139.9674835205078,-765.669189453125,4838.1884765625
164.41357421875,-128.64910888671875,4945.17724609375,179.85377502441406,-290.55584716796875,4918.333984375,191.89247131347656,-421.7389831542969,4914.76123046875,201.12741088867188,-620.6483154296875,4890.47802734375,230.65687561035156,-586.3663940429688,4892.42578125,352.440673828125,-535.3131713867188,4889.5283203125,415.3960266113281,-293.3288269042969,4941.24560546875,396.236328125,-98.67520904541016,4853.67626953125,396.5830078125,-18.129379272460938,4891.46826171875,386.8628845214844,61.27561569213867,4951.2021484375,345.05816650390625,6.268464088439941,4819.37060546875,168.8456573486328,-589.4168701171875,4898.46142578125,52.37154769897461,-559.9016723632812,4916.56494140625,-31.1203670501709,-339.1125183105469,5025.953125,-64.12466430664062,-138.4062042236328,4950.30078125,-75.71116638183594,-57.48021697998047,5000.240234375,-73.08819580078125,18.97786521911621,5061.7041015625,-46.62635040283203,-22.20229148864746,4986.76806640625,248.2877655029297,-121.01124572753906,4947.35302734375,238.8742523193359,239.65467834472656,5028.93603515625,226.5078887939453,562.3516235351562,5172.7470703125,223.3804473876953,703.286865234375,5072.2998046875,88.78052520751953,-135.53651428222656,4943.21484375,58.60663986206055,224.52066040039065,4865.8955078125,53.9273567199707,578.3981323242188,4914.47314453125,38.58238983154297,685.0849609375,4797.23291015625,203.28916931152344,-693.0382690429688,4869.22509765625,223.3721618652344,-696.39111328125,4722.15625,249.2275848388672,-731.2478637695312,4750.283203125,289.5025939941406,-736.155029296875,4860.16552734375,201.95867919921875,-734.7728271484375,4740.9580078125,139.477783203125,-761.33349609375,4841.1884765625
164.3701171875,-120.04486083984376,4930.20458984375,180.60009765625,-280.42059326171875,4900.53076171875,193.07647705078125,-410.7052917480469,4894.22021484375,200.0748748779297,-608.9027099609375,4872.9609375,229.80728149414065,-575.1122436523438,4874.3564453125,352.1379089355469,-527.9420166015625,4866.7216796875,421.8429260253906,-292.6011657714844,4931.609375,399.43499755859375,-96.79290771484376,4850.60791015625,386.6075134277344,-26.612817764282227,4902.91796875,367.2190246582031,39.08298110961914,4974.7705078125,333.5314025878906,2.576075553894043,4838.36083984375,168.3282470703125,-577.38916015625,4880.48974609375,52.35736083984375,-545.9675903320312,4893.1767578125,-28.850540161132812,-326.01788330078125,5002.4638671875,-61.184547424316406,-117.849365234375,4955.75830078125,-68.5837631225586,-48.89965057373047,5021.05908203125,-60.12568664550781,11.495359420776367,5097.23046875,-26.348783493041992,-7.698967933654785,5006.7880859375,247.7081756591797,-112.22489166259766,4933.52197265625,236.18370056152344,242.94435119628903,5028.3544921875,218.35902404785156,562.384765625,5173.9208984375,222.3887939453125,704.7130737304688,5077.23388671875,89.22053527832031,-127.0964584350586,4927.212890625,68.62013244628906,233.80096435546875,4861.5703125,62.00471878051758,588.5155639648438,4878.78369140625,55.478084564208984,687.068603515625,4755.01123046875,201.40988159179688,-681.201171875,4852.8818359375,215.76971435546875,-693.854736328125,4706.5009765625,240.80471801757812,-728.105224609375,4735.56005859375,284.5870361328125,-728.7479248046875,4843.48193359375,193.3799743652344,-729.7786865234375,4728.12158203125,133.79151916503906,-747.3285522460938,4831.22509765625
162.58106994628906,-118.3218765258789,4918.5537109375,180.74148559570312,-278.870361328125,4886.62548828125,194.67686462402344,-409.47662353515625,4877.4580078125,201.47186279296875,-607.599609375,4847.95556640625,231.4243927001953,-573.8505249023438,4851.31396484375,354.6694030761719,-526.673828125,4850.5791015625,421.9399719238281,-292.4924621582031,4926.1689453125,395.7605590820313,-93.27186584472656,4852.2041015625,386.76666259765625,-27.373321533203125,4911.18359375,364.2109680175781,26.975502014160156,4991.73046875,325.3561706542969,0.3670305013656616,4828.55029296875,169.53805541992188,-576.150634765625,4856.25,52.439151763916016,-546.7120971679688,4868.91552734375,-40.45555877685547,-336.18365478515625,4989.8046875,-81.49786376953125,-125.1842803955078,4961.38330078125,-72.91180419921875,-49.386680603027344,5019.1943359375,-50.67584228515625,17.39675521850586,5087.4521484375,-40.84287643432617,-9.806468963623049,4972.05517578125,246.20896911621097,-109.69171142578124,4922.72412109375,236.08578491210935,245.82308959960935,5023.17822265625,222.8272705078125,567.4784545898438,5168.47314453125,220.5006866455078,714.6377563476562,5077.65283203125,87.17012023925781,-126.10407257080078,4914.79296875,69.97386932373047,239.30447387695312,4865.08154296875,58.53482437133789,595.9761962890625,4858.63916015625,53.21567153930664,691.1437377929688,4731.22998046875,202.95431518554688,-679.3514404296875,4824.80029296875,199.62896728515625,-682.5580444335938,4676.53076171875,230.14675903320312,-716.9149169921875,4700.15673828125,287.28546142578125,-721.0084228515625,4802.20849609375,182.10580444335935,-721.2310791015625,4698.40673828125,136.71627807617188,-748.6700439453125,4807.11083984375
154.28741455078125,-117.72045135498048,4899.2470703125,170.9627227783203,-279.271484375,4866.53564453125,183.43849182128903,-410.817626953125,4857.48779296875,187.7571563720703,-610.6671752929688,4831.27099609375,218.2984313964844,-577.0140991210938,4833.8056640625,343.3760681152344,-532.5739135742188,4835.4716796875,421.2556457519531,-293.5376892089844,4886.935546875,394.5342102050781,-103.17774200439452,4789.78662109375,382.5438232421875,-27.841367721557617,4836.439453125,364.7148132324219,34.09776306152344,4913.34228515625,325.6929016113281,-0.8605793118476868,4796.740234375,156.06727600097656,-578.522705078125,4839.31689453125,38.78739547729492,-550.417724609375,4858.54150390625,-43.33363342285156,-329.9255065917969,4972.58837890625,-90.64078521728516,-117.34149169921876,4960.72412109375,-84.02738189697266,-31.972684860229492,5004.75,-61.228214263916016,40.7701416015625,5067.33056640625,-36.64612579345703,-8.696645736694336,4993.4482421875,238.45196533203125,-110.10120391845705,4904.52294921875,233.94827270507812,246.8674468994141,5008.2421875,225.74549865722656,566.257568359375,5163.6484375,213.3645172119141,718.2908325195312,5080.00048828125,78.39253234863281,-124.591064453125,4894.48974609375,68.60816955566406,244.04559326171875,4850.6884765625,61.947391510009766,602.924560546875,4842.9541015625,54.7150993347168,691.4806518554688,4709.822265625,188.23263549804688,-683.252685546875,4809.24267578125,189.28526306152344,-681.745361328125,4660.03515625,220.59649658203125,-715.8849487304688,4683.60791015625,275.2264709472656,-721.1829833984375,4787.75244140625,172.54425048828125,-721.9764404296875,4680.2705078125,124.86940002441406,-754.8151245117188,4787.28466796875
154.77035522460938,-110.37992095947266,4886.43505859375,170.53700256347656,-270.86993408203125,4850.72607421875,182.13742065429688,-401.6826477050781,4836.970703125,185.17111206054688,-601.537841796875,4815.79150390625,215.8787384033203,-568.2449340820312,4818.58740234375,341.8082275390625,-528.2889404296875,4826.3828125,414.3946838378906,-286.11419677734375,4865.5771484375,375.4770202636719,-102.8448486328125,4760.66845703125,362.92425537109375,-20.277812957763672,4791.8544921875,352.5526123046875,43.396121978759766,4868.310546875,311.0584716796875,3.6223082542419434,4776.59326171875,153.6687469482422,-568.9866333007812,4821.9189453125,36.97955703735352,-535.5439453125,4831.35400390625,-43.82420349121094,-320.27752685546875,4954.17431640625,-72.56482696533203,-106.36595153808594,4927.74267578125,-80.32929992675781,-30.30914878845215,4985.78369140625,-82.0137710571289,39.18455505371094,5055.32861328125,-55.87825012207031,4.1488261222839355,4963.61572265625,238.6412353515625,-103.660888671875,4893.2685546875,227.17868041992188,251.1453857421875,4999.80224609375,214.3599395751953,570.829833984375,5151.79638671875,203.47525024414065,717.219482421875,5059.4228515625,79.14029693603516,-116.4387664794922,4880.27294921875,75.00513458251953,250.9947052001953,4835.01513671875,73.73407745361328,608.7194213867188,4822.77978515625,55.81491470336914,703.2116088867188,4695.4462890625,185.62168884277344,-674.4182739257812,4795.603515625,184.3553924560547,-690.74462890625,4647.740234375,210.99110412597656,-725.7418823242188,4675.14404296875,265.9587097167969,-726.1500854492188,4778.841796875,162.65512084960938,-725.4756469726562,4672.58251953125,112.8854751586914,-738.4203491210938,4782.44140625
153.7119903564453,-112.3292465209961,4862.52734375,167.20675659179688,-272.68255615234375,4826.83740234375,176.52935791015625,-403.64306640625,4815.57763671875,174.9060821533203,-603.0964965820312,4794.36181640625,206.30035400390625,-570.5372924804688,4796.609375,331.9317626953125,-529.7881469726562,4796.49755859375,413.21875,-293.1577453613281,4847.33154296875,385.6752624511719,-95.57139587402344,4769.09912109375,375.1735534667969,-21.38495445251465,4817.06787109375,367.8925476074219,34.68617630004883,4899.3447265625,321.7982177734375,5.054541110992432,4794.9482421875,144.28550720214844,-569.9495239257812,4801.0419921875,27.777366638183594,-537.119873046875,4811.58642578125,-53.28849029541016,-323.204345703125,4935.45654296875,-88.582275390625,-109.5890121459961,4920.89453125,-93.77298736572266,-52.178279876708984,4997.39990234375,-82.97955322265625,-12.58343505859375,5086.5341796875,-63.857452392578125,-14.808490753173828,4989.47998046875,237.41378784179688,-107.05420684814452,4870.47509765625,225.9010467529297,246.76364135742188,4977.64892578125,208.97203063964844,552.4594116210938,5154.3251953125,212.1802215576172,708.7750244140625,5080.07373046875,78.23439025878906,-117.08597564697266,4855.35986328125,77.11363220214844,251.02752685546875,4823.69580078125,78.49466705322266,608.2273559570312,4823.94287109375,65.38713836669922,704.5071411132812,4697.77685546875,173.4379119873047,-675.809814453125,4774.19970703125,183.22149658203125,-677.9467163085938,4626.07568359375,207.3606719970703,-715.7295532226562,4651.84423828125,254.2118682861328,-726.8514404296875,4758.61328125,159.45999145507812,-714.468994140625,4645.7333984375,101.52204132080078,-736.9984130859375,4749.603515625
151.50503540039062,-105.59708404541016,4837.2724609375,162.7472381591797,-265.323974609375,4801.48828125,169.6482391357422,-396.0151672363281,4792.70849609375,165.9755096435547,-594.4906616210938,4771.28564453125,197.5638732910156,-562.4237060546875,4773.6953125,322.7607116699219,-522.3077392578125,4773.49658203125,405.8603515625,-287.7667541503906,4825.18798828125,396.75140380859375,-84.6128158569336,4760.82080078125,368.64996337890625,-0.9322091937065125,4753.74365234375,354.3767395019531,61.313106536865234,4829.88037109375,328.6575012207031,22.858850479125977,4752.34033203125,135.8271484375,-561.1788940429688,4777.86328125,19.567646026611328,-529.9833984375,4789.61572265625,-60.418338775634766,-318.6742248535156,4916.12548828125,-102.05410766601562,-106.8214340209961,4922.57958984375,-114.60906982421876,-30.436731338500977,4978.25244140625,-118.79845428466795,41.18686294555664,5044.5341796875,-86.56005859375,8.138246536254883,4904.07568359375,234.7549743652344,-101.8280029296875,4846.603515625,228.6672821044922,247.9787750244141,4961.2666015625,210.21969604492188,557.114013671875,5128.29541015625,212.14344787597656,723.3333129882812,5083.013671875,76.43489837646484,-108.99583435058594,4828.85888671875,73.44048309326172,258.14263916015625,4807.45166015625,71.96257019042969,613.6696166992188,4811.96875,62.79943084716797,715.0811767578125,4690.48486328125,163.81381225585938,-666.8200073242188,4751.1015625,190.0931854248047,-680.7945556640625,4606.3515625,208.8453369140625,-717.4445190429688,4637.25146484375,242.3948516845703,-722.5534057617188,4748.78955078125,162.31631469726562,-714.3267211914062,4625.53369140625,92.0813217163086,-725.8515014648438,4722.76025390625
147.59951782226562,-103.9941864013672,4816.396484375,157.54660034179688,-265.0240783691406,4780.4892578125,163.3675537109375,-396.74407958984375,4771.76708984375,158.2886962890625,-596.9759521484375,4753.39013671875,190.3460235595703,-564.9093627929688,4755.86474609375,316.38983154296875,-524.2534790039062,4756.02490234375,396.2666931152344,-285.0309753417969,4800.04052734375,391.8800964355469,-80.51495361328125,4734.26416015625,376.67083740234375,7.379062652587891,4735.6337890625,371.5888366699219,76.28266143798828,4808.076171875,328.9971008300781,31.059268951416016,4730.6279296875,128.10137939453125,-563.0552978515625,4758.9189453125,10.892011642456056,-530.2305908203125,4764.30712890625,-70.35518646240234,-309.0713806152344,4876.27197265625,-104.45545959472656,-94.84025573730467,4859.2099609375,-117.47908020019533,-19.41573715209961,4917.24560546875,-109.28970336914062,37.99467468261719,4996.7392578125,-79.35356140136719,19.59425163269043,4859.1201171875,231.4929656982422,-100.90973663330078,4825.80419921875,227.15255737304688,253.52853393554688,4934.9599609375,209.3813934326172,558.1559448242188,5115.310546875,212.00704956054688,722.3782348632812,5059.20849609375,71.94910430908203,-106.77555847167967,4807.9130859375,73.39364624023438,263.4920654296875,4795.1015625,76.22626495361328,621.2911987304688,4811.50634765625,61.35165023803711,725.5155029296875,4691.4423828125,155.8319091796875,-670.1438598632812,4734.2138671875,183.42742919921875,-688.7106323242188,4589.10595703125,199.94422912597656,-725.8922729492188,4621.2578125,231.95701599121097,-730.3872680664062,4734.16943359375,153.45909118652344,-720.5595092773438,4608.72900390625,80.92203521728516,-726.351806640625,4705.88330078125
135.55545043945312,-100.9088897705078,4784.29638671875,147.0645294189453,-261.4966125488281,4751.9814453125,154.28805541992188,-392.2569885253906,4742.8388671875,154.40057373046875,-591.5487670898438,4728.16748046875,185.4132080078125,-558.8367919921875,4730.0419921875,310.3221130371094,-517.5406494140625,4727.75341796875,383.3191833496094,-278.8246154785156,4776.564453125,377.4941711425781,-74.95662689208984,4713.48876953125,372.515625,4.468612194061279,4752.50634765625,358.584716796875,66.8128890991211,4828.73486328125,332.7149658203125,39.89674758911133,4734.595703125,123.54547119140624,-558.543212890625,4733.06201171875,6.188727855682373,-528.8893432617188,4732.46728515625,-72.289306640625,-311.6567077636719,4850.02001953125,-107.2611083984375,-98.3245086669922,4851.48876953125,-118.09000396728516,-7.07167387008667,4877.232421875,-111.47954559326172,35.144248962402344,4965.1591796875,-85.10205841064453,11.281497955322266,4853.33056640625,218.744873046875,-97.04083251953124,4794.70263671875,223.4852752685547,255.359619140625,4902.26904296875,210.0542449951172,551.0250244140625,5093.095703125,211.1885986328125,720.0166015625,5058.8349609375,60.539886474609375,-104.39688873291016,4774.91259765625,68.42913818359375,263.603271484375,4775.703125,78.23129272460938,618.0187377929688,4806.19384765625,63.7042236328125,724.0203857421875,4689.0546875,153.8468017578125,-664.6114501953125,4710.42822265625,182.80165100097656,-683.75146484375,4566.6552734375,198.6753387451172,-720.6419677734375,4598.92431640625,229.1903839111328,-724.8154907226562,4711.47119140625,152.66107177734375,-715.1774291992188,4585.93505859375,79.4837875366211,-720.2164916992188,4681.65966796875
133.18222045898438,-95.39125061035156,4763.99609375,144.88925170898438,-256.97930908203125,4732.9833984375,151.3666229248047,-388.4367370605469,4724.7841796875,147.90185546875,-588.613525390625,4710.23583984375,179.63917541503906,-556.3735961914062,4712.9091796875,306.5857238769531,-519.5849609375,4711.951171875,391.1393127441406,-283.45367431640625,4760.6904296875,394.37249755859375,-77.47565460205078,4701.10546875,402.274169921875,1.7942488193511963,4740.86181640625,395.88470458984375,62.57493209838867,4819.89501953125,350.70928955078125,41.39586639404297,4721.59521484375,117.45140075683594,-554.84521484375,4714.30419921875,-0.1011490821838378,-523.7582397460938,4714.63525390625,-87.95751190185547,-301.5041198730469,4817.8857421875,-134.19142150878906,-89.39491271972656,4823.49951171875,-137.842529296875,-18.03120994567871,4887.40185546875,-133.2625274658203,28.130136489868164,4973.95654296875,-93.88656616210938,12.081153869628906,4857.5107421875,216.11277770996097,-92.23030090332033,4778.83203125,222.8482666015625,267.11871337890625,4867.33349609375,207.4865570068359,554.1903076171875,5073.46728515625,218.19924926757812,726.7177734375,5062.40966796875,58.40010070800781,-98.24162292480467,4750.6181640625,62.633583068847656,271.3561706542969,4760.33642578125,67.07243347167969,626.9129638671875,4796.990234375,63.57748794555664,732.801513671875,4677.94189453125,146.36114501953125,-662.0065307617188,4692.474609375,178.3079071044922,-673.7747802734375,4547.85498046875,192.07839965820312,-713.2567749023438,4578.34716796875,219.73687744140625,-725.2667236328125,4691.615234375,146.42616271972656,-705.2584228515625,4564.60693359375,70.4136962890625,-713.1883544921875,4658.59912109375
129.7831573486328,-96.4600601196289,4738.53564453125,141.19717407226562,-258.44915771484375,4709.404296875,147.58743286132812,-390.10650634765625,4704.71142578125,144.64251708984375,-590.4411010742188,4691.81591796875,176.3022003173828,-558.0543212890625,4693.63623046875,302.3496398925781,-518.7205810546875,4687.2373046875,385.5506896972656,-283.2090148925781,4741.25830078125,396.4620666503906,-76.68415069580078,4684.40087890625,392.3183288574219,12.02977466583252,4690.8994140625,383.8561706542969,65.91571807861328,4774.623046875,370.2286682128906,46.87529373168945,4717.8671875,114.13479614257812,-556.7515869140625,4696.1884765625,-4.294887065887451,-529.3677978515625,4700.06005859375,-94.41529083251952,-303.2187194824219,4792.44873046875,-137.32847595214844,-92.85414123535156,4759.56005859375,-125.7087173461914,-23.86152076721191,4825.119140625,-113.54602813720705,39.5179557800293,4899.16015625,-112.520751953125,-0.3649666905403137,4813.3369140625,213.0708770751953,-92.86898040771484,4751.19970703125,228.8340301513672,269.6916198730469,4824.41455078125,207.93359375,542.9638061523438,5048.1728515625,219.87274169921875,715.68798828125,5054.2900390625,54.67894744873047,-99.6982879638672,4727.115234375,59.96477508544922,269.4512023925781,4748.67822265625,64.32855224609375,618.442138671875,4826.24267578125,63.58389663696289,714.51953125,4699.06201171875,143.05902099609375,-663.9925537109375,4674.66552734375,174.23097229003906,-691.046142578125,4531.9130859375,183.6521148681641,-729.0742797851562,4565.74072265625,209.4084320068359,-734.4156494140625,4679.9853515625,139.14321899414062,-717.5347900390625,4550.7900390625,62.29520034790039,-709.6367797851562,4644.130859375
128.96173095703125,-98.16680908203124,4714.75048828125,136.3149871826172,-261.197998046875,4688.2978515625,140.2967987060547,-393.0896606445313,4680.69287109375,141.50315856933594,-594.2684936523438,4679.0341796875,172.53219604492188,-561.125732421875,4680.40576171875,297.1234436035156,-516.2362670898438,4677.0966796875,378.524658203125,-277.9418029785156,4723.6630859375,390.3308410644531,-71.72486114501953,4664.23681640625,388.7779846191406,17.48429298400879,4665.6376953125,381.4959106445313,73.21089172363281,4748.51171875,361.6668701171875,49.820045471191406,4711.6943359375,110.16983795166016,-560.9445190429688,4680.15625,-7.556341648101807,-533.6080322265625,4664.48974609375,-101.04644775390624,-306.8990783691406,4753.6318359375,-137.28323364257812,-93.7825164794922,4728.30419921875,-144.7643280029297,-39.63297271728515,4807.318359375,-151.0671844482422,9.458318710327148,4892.39208984375,-110.4569854736328,18.260963439941406,4751.0283203125,212.59326171875,-96.32953643798828,4726.6748046875,228.40478515625,271.3472595214844,4773.5244140625,219.76333618164065,531.9567260742188,5013.75927734375,221.28482055664065,705.4227294921875,5020.54638671875,53.54749298095703,-99.82355499267578,4703.99755859375,58.27878952026367,269.403564453125,4735.36474609375,65.60102844238281,619.3728637695312,4811.72802734375,63.136474609375,723.1500244140625,4690.333984375,142.00120544433594,-668.8336181640625,4665.99365234375,171.62278747558594,-682.4822387695312,4520.7001953125,175.2416229248047,-725.3355712890625,4549.69775390625,198.1942596435547,-747.9566040039062,4662.66943359375,132.8762664794922,-706.05615234375,4536.24560546875,56.12382888793945,-699.0396728515625,4630.06298828125
128.24343872070312,-100.20992279052734,4691.5068359375,134.04287719726562,-264.10400390625,4664.51416015625,137.05767822265625,-396.6150512695313,4655.21142578125,135.8091278076172,-598.8507080078125,4652.64501953125,167.39895629882812,-565.923095703125,4654.3505859375,293.33953857421875,-523.0800170898438,4660.59375,378.71197509765625,-283.41448974609375,4699.93798828125,406.0021667480469,-76.27220153808594,4644.849609375,404.765625,8.005544662475586,4675.55859375,393.2190856933594,61.162837982177734,4760.25927734375,367.4533996582031,34.255706787109375,4709.7685546875,104.71537017822266,-564.9722900390625,4653.74365234375,-12.56368350982666,-529.9837646484375,4648.13330078125,-103.56062316894533,-294.25128173828125,4718.54052734375,-141.01515197753906,-81.0735855102539,4686.4580078125,-142.49105834960938,11.59036922454834,4713.67333984375,-131.94717407226562,79.7392578125,4784.62939453125,-111.31330871582033,29.0537109375,4690.1435546875,212.43211364746097,-99.0847396850586,4702.76318359375,241.51580810546875,272.20458984375,4722.57470703125,225.2934112548828,537.213134765625,4960.3740234375,237.4871063232422,710.1455688476562,4980.49560546875,52.32678985595703,-101.22454833984376,4681.3564453125,56.24859619140625,268.3626708984375,4728.0986328125,61.85820388793945,620.8729858398438,4801.8076171875,63.471778869628906,730.7610473632812,4684.736328125,135.46923828125,-673.7531127929688,4639.20263671875,150.36700439453125,-665.07275390625,4490.50048828125,168.63681030273438,-708.0197143554688,4513.75439453125,210.11502075195312,-734.0381469726562,4621.2275390625,121.15876770019533,-699.913330078125,4506.50439453125,56.54922103881836,-723.1650390625,4607.41796875
128.21710205078125,-100.24649047851562,4691.30224609375,133.98045349121094,-264.1369934082031,4664.306640625,136.96791076660156,-396.6441650390625,4654.98876953125,135.62277221679688,-598.87451171875,4652.46240234375,167.2274932861328,-565.9624633789062,4654.162109375,293.1842346191406,-523.1701049804688,4660.353515625,378.6246643066406,-283.4919738769531,4699.4287109375,405.8126220703125,-76.46671295166016,4643.87353515625,404.4601135253906,7.946252822875977,4674.197265625,392.8782958984375,61.60969924926758,4758.56982421875,366.98193359375,34.24541091918945,4708.353515625,104.5460205078125,-564.9818115234375,4653.55419921875,-12.695245742797852,-529.904541015625,4647.77978515625,-103.4734115600586,-293.8730773925781,4717.43798828125,-140.44476318359375,-80.76905822753906,4684.359375,-141.48983764648438,12.091353416442873,4710.90771484375,-130.3997344970703,80.52928924560547,4781.49853515625,-110.3132781982422,29.181808471679688,4686.77490234375,212.4039764404297,-99.1398696899414,4702.55712890625,241.5596618652344,272.1349792480469,4722.3525390625,225.42672729492188,537.1354370117188,4960.15283203125,237.64337158203125,710.0641479492188,4980.25341796875,52.30208587646485,-101.244384765625,4681.1533203125,56.35271072387695,268.34320068359375,4727.80419921875,62.07491683959961,620.8763427734375,4801.34912109375,63.881954193115234,730.5877685546875,4684.12109375,135.24725341796875,-673.7774047851562,4639.03515625,149.7534942626953,-665.2874755859375,4490.287109375,167.85504150390625,-708.3162231445312,4513.51904296875,209.5053253173828,-734.4833984375,4620.8857421875,120.4023208618164,-699.9544067382812,4506.40283203125,55.96553421020508,-722.7765502929688,4607.5205078125
120.46696472167967,-104.36505889892578,4665.74365234375,123.9820556640625,-267.4076232910156,4638.09375,125.48439025878906,-399.0780334472656,4625.974609375,120.35721588134766,-600.0089111328125,4615.142578125,152.42935180664062,-567.939453125,4617.98486328125,278.7113952636719,-528.8934936523438,4627.70361328125,371.69586181640625,-295.548828125,4678.1748046875,401.29595947265625,-89.79219055175781,4623.1328125,404.5645446777344,-2.5126264095306396,4641.62744140625,394.2731323242187,61.10691452026367,4718.32861328125,376.8124694824219,32.80698776245117,4622.05517578125,90.07306671142578,-565.7852783203125,4617.82421875,-25.823711395263672,-529.1373901367188,4608.25341796875,-113.75001525878906,-288.68731689453125,4659.2744140625,-143.73976135253906,-79.71202087402344,4605.89208984375,-151.357421875,15.9592924118042,4611.30810546875,-144.64649963378906,75.64037322998047,4689.345703125,-130.66285705566406,28.77781867980957,4591.4833984375,204.29074096679688,-104.41849517822266,4676.71533203125,239.08221435546875,264.8116760253906,4691.70458984375,230.16598510742188,538.544921875,4917.134765625,245.02162170410156,711.0824584960938,4930.494140625,44.87936782836914,-104.3168716430664,4655.8505859375,54.56044387817383,262.82666015625,4706.6591796875,65.7884292602539,611.1412353515625,4790.56494140625,65.74290466308594,721.1420288085938,4674.64599609375,118.50957489013672,-673.9169311523438,4598.708984375,124.02220916748048,-661.4449462890625,4450.3525390625,152.33460998535156,-699.170654296875,4471.99072265625,203.355224609375,-715.74365234375,4576.5703125,104.18620300292967,-701.8079833984375,4467.03466796875,51.47405242919922,-739.2108154296875,4569.88818359375
119.1426239013672,-102.98038482666016,4630.42578125,120.07010650634766,-263.783203125,4603.6318359375,119.41384887695312,-393.97210693359375,4597.63671875,113.26935577392578,-592.202880859375,4592.79443359375,145.04806518554688,-560.70458984375,4594.79052734375,270.7745666503906,-526.1339111328125,4602.5947265625,366.7291564941406,-301.4969177246094,4666.58251953125,388.167236328125,-99.4126205444336,4606.4169921875,399.0068054199219,-33.601173400878906,4549.02734375,391.88482666015625,49.40547180175781,4602.0205078125,371.65185546875,30.789554595947266,4589.73828125,83.60530090332031,-558.24267578125,4594.31689453125,-31.12150764465332,-522.5161743164062,4592.76513671875,-122.77147674560548,-286.9784240722656,4640.9443359375,-158.96815490722656,-88.39838409423828,4568.0224609375,-154.1219940185547,-8.152440071105957,4517.8935546875,-154.5696563720703,76.78478240966797,4564.84716796875,-137.05029296875,20.771562576293945,4529.2421875,202.12600708007812,-103.7412567138672,4637.86474609375,237.81863403320312,260.2240295410156,4646.6083984375,233.57864379882812,532.171142578125,4866.27099609375,251.84703063964844,701.7880859375,4880.4443359375,44.31285095214844,-102.29426574707033,4623.7177734375,56.94371032714844,257.257568359375,4687.71923828125,71.82025909423828,596.7294921875,4784.40185546875,65.76345825195312,720.0271606445312,4686.59033203125,111.09532165527344,-665.4806518554688,4578.74853515625,130.81021118164062,-666.3466186523438,4433.24755859375,150.7023162841797,-705.3366088867188,4459.705078125,188.8810882568359,-720.2802124023438,4568.04736328125,104.00901794433594,-701.2931518554688,4450.4375,38.52730941772461,-721.5037231445312,4548.60791015625
116.61895751953124,-101.07130432128906,4602.88623046875,118.20659637451172,-263.2315368652344,4579.98828125,119.67326354980467,-394.1484680175781,4578.7041015625,108.65711975097656,-593.1421508789062,4577.36669921875,141.3367462158203,-562.254150390625,4578.97705078125,268.7344665527344,-530.9987182617188,4582.76513671875,359.5732727050781,-308.85699462890625,4664.96142578125,380.8143005371094,-102.74732208251952,4615.95458984375,392.7582702636719,-15.54010772705078,4607.81396484375,374.35455322265625,68.89373016357422,4656.513671875,378.6988525390625,21.01443672180176,4591.9912109375,79.69174194335938,-558.2870483398438,4578.126953125,-32.77388381958008,-514.9234008789062,4571.3427734375,-122.10616302490234,-274.0111083984375,4599.5185546875,-154.9208526611328,-74.44153594970703,4524.791015625,-163.28001403808594,18.278621673583984,4504.98974609375,-136.07785034179688,67.95375061035156,4584.35546875,-147.85882568359375,25.542028427124023,4482.02587890625,200.3138427734375,-100.12483215332033,4601.986328125,236.69468688964844,264.182373046875,4570.06689453125,231.74224853515625,526.0180053710938,4804.109375,249.55677795410156,696.2500610351562,4820.84228515625,41.147613525390625,-101.9247817993164,4603.697265625,55.734375,258.4975280761719,4671.921875,78.73627471923828,593.496337890625,4786.875,73.06504821777344,721.7135620117188,4694.33056640625,104.74317169189452,-666.9259033203125,4564.56298828125,121.4855728149414,-672.0860595703125,4418.09423828125,142.23326110839844,-710.345947265625,4445.40478515625,182.94190979003903,-721.9041137695312,4553.8154296875,95.11790466308594,-706.7882080078125,4436.9697265625,31.52525329589844,-724.4375610351562,4537.52392578125
116.41248321533205,-100.14667510986328,4586.5986328125,116.51043701171876,-263.93896484375,4565.19775390625,117.12464141845705,-395.8966064453125,4560.1142578125,110.7907485961914,-596.763427734375,4555.65576171875,142.98184204101562,-564.8714599609375,4558.14794921875,269.5892333984375,-527.1835327148438,4566.45263671875,359.489990234375,-304.0171203613281,4653.51904296875,382.4465026855469,-96.94921875,4601.435546875,381.4112548828125,-10.005846977233888,4621.15185546875,366.2449951171875,65.05091094970703,4685.53955078125,353.0348205566406,20.804576873779297,4584.65673828125,80.74429321289062,-562.3211059570312,4556.5830078125,-33.8211669921875,-521.6783447265625,4549.5458984375,-136.09381103515625,-283.05755615234375,4573.35595703125,-173.01449584960938,-81.1058578491211,4501.6337890625,-187.50753784179688,-33.04244613647461,4419.80908203125,-138.82211303710938,47.78654098510742,4447.50390625,-150.01161193847656,15.714116096496582,4427.56640625,200.75369262695312,-99.61105346679688,4582.884765625,230.5205993652344,260.4949951171875,4500.23095703125,236.89125061035156,525.2610473632812,4735.48974609375,255.1100311279297,696.5319213867188,4756.01513671875,40.35831832885742,-100.62966918945312,4589.94677734375,51.26986312866211,264.6194152832031,4649.71826171875,77.61051940917969,594.8109130859375,4785.44677734375,82.57232666015625,726.4636840820312,4695.3837890625,108.76303100585938,-671.0502319335938,4541.59375,115.0462417602539,-662.320556640625,4393.2021484375,133.9980010986328,-705.2643432617188,4415.16650390625,181.0515289306641,-731.8228149414062,4519.3681640625,86.57308959960938,-696.6248779296875,4410.72998046875,28.029672622680664,-719.1485595703125,4514.5654296875
120.29476928710938,-94.63300323486328,4570.52197265625,116.26309204101562,-258.08282470703125,4544.77587890625,114.04319763183594,-390.23931884765625,4538.57373046875,107.2282257080078,-591.3972778320312,4530.95703125,139.59263610839844,-559.531494140625,4533.17724609375,268.51361083984375,-528.8267211914062,4538.21728515625,357.6462097167969,-308.0328674316406,4633.259765625,372.7364807128906,-101.5413589477539,4574.65380859375,381.9704895019531,-14.68805980682373,4593.4140625,379.4464111328125,39.57781600952149,4677.6650390625,351.822998046875,19.798070907592773,4567.68017578125,77.2157974243164,-556.86474609375,4533.2001953125,-39.35001754760742,-520.8485717773438,4532.14599609375,-135.76004028320312,-278.38348388671875,4544.5537109375,-166.91561889648438,-81.46469116210938,4456.61572265625,-177.45616149902344,-7.08840799331665,4396.5380859375,-148.4095458984375,57.01594161987305,4465.50341796875,-140.21803283691406,17.057418823242188,4387.57373046875,204.66697692871097,-95.76848602294922,4564.5185546875,238.2740020751953,257.9012145996094,4456.2060546875,242.45053100585935,540.7926025390625,4670.5537109375,247.4543304443359,713.18115234375,4692.10205078125,44.21263885498047,-93.6090850830078,4575.935546875,55.754188537597656,272.7380676269531,4633.408203125,88.23281860351562,600.2024536132812,4776.12060546875,81.91902160644531,733.9652709960938,4688.7255859375,104.7145004272461,-665.587158203125,4515.69921875,107.4634017944336,-667.6190185546875,4366.66064453125,129.25123596191406,-707.8084716796875,4391.2890625,179.9314727783203,-723.9988403320312,4496.17919921875,81.24443054199219,-702.0679931640625,4387.390625,26.070056915283203,-719.9344482421875,4494.21630859375
122.31398010253906,-95.35462951660156,4546.5234375,113.39533233642578,-257.2908935546875,4523.84130859375,106.96834564208984,-387.7286376953125,4514.6611328125,99.26016998291016,-586.6793212890625,4506.1279296875,131.4424591064453,-555.3059692382812,4508.1826171875,258.7354736328125,-523.7324829101562,4512.3740234375,348.2748107910156,-308.69244384765625,4612.78466796875,363.00823974609375,-101.76658630371094,4564.935546875,365.3935546875,-13.92527675628662,4574.45751953125,338.9120178222656,80.8626480102539,4586.76416015625,330.47711181640625,23.500398635864254,4528.9990234375,69.74224090576172,-552.3939208984375,4508.81787109375,-44.329776763916016,-512.9605102539062,4510.9619140625,-137.92550659179688,-272.1319580078125,4517.35693359375,-164.74288940429688,-77.30787658691406,4429.01611328125,-175.7008819580078,-15.494670867919922,4357.48828125,-174.38473510742188,64.3779067993164,4413.37353515625,-146.91180419921875,15.654727935791016,4353.02880859375,205.64404296875,-98.97217559814452,4539.5849609375,224.7555694580078,248.5813140869141,4421.787109375,234.9161376953125,544.5562744140625,4610.54443359375,230.5516662597656,716.4528198242188,4608.85205078125,47.171600341796875,-92.092529296875,4552.7802734375,56.88833236694336,270.0568542480469,4611.92333984375,87.05271911621094,590.5352172851562,4761.341796875,82.07925415039062,729.731689453125,4686.30322265625,96.29802703857422,-659.9888916015625,4490.66455078125,113.8838882446289,-660.5300903320312,4344.2197265625,129.5266571044922,-702.2242431640625,4369.8427734375,167.3399200439453,-723.54248046875,4477.8076171875,83.29254913330078,-692.5723266601562,4361.3310546875,16.93987464904785,-706.859619140625,4460.61328125
123.02287292480467,-93.90733337402344,4528.49609375,115.1564712524414,-257.3117980957031,4507.9921875,110.210205078125,-388.93011474609375,4502.9306640625,103.93233489990234,-588.9759521484375,4488.8671875,136.09518432617188,-557.2286987304688,4491.94873046875,265.01123046875,-528.4287109375,4493.98095703125,355.3558044433594,-308.9850158691406,4588.33203125,362.7207336425781,-97.42153930664062,4554.71630859375,355.14788818359375,-9.930625915527344,4569.10498046875,315.17584228515625,35.70857238769531,4489.78955078125,323.5765075683594,17.354585647583008,4508.71337890625,73.95362854003906,-554.7548828125,4492.36767578125,-41.29673385620117,-516.6085205078125,4486.61767578125,-141.33197021484375,-276.419921875,4490.265625,-168.5626983642578,-81.47187805175781,4398.791015625,-182.6672821044922,-26.094562530517575,4321.88037109375,-169.68223571777344,46.50924301147461,4386.64404296875,-147.37045288085938,18.575176239013672,4323.5244140625,206.6303253173828,-96.65917205810548,4518.3505859375,218.4116973876953,251.019775390625,4392.421875,227.1719970703125,565.5908813476562,4553.61962890625,235.3293609619141,731.8074340820312,4505.87744140625,47.63036346435547,-91.42588806152344,4537.6455078125,53.2893180847168,274.1101379394531,4591.81640625,90.2434539794922,594.1992797851562,4746.2119140625,73.60944366455078,737.07958984375,4677.79248046875,101.55387115478516,-662.352783203125,4471.28662109375,107.8874969482422,-665.2958374023438,4322.9501953125,130.14952087402344,-704.5149536132812,4348.2861328125,178.57437133789062,-718.46240234375,4454.05078125,82.28923034667969,-700.2173461914062,4343.2314453125,25.345653533935547,-718.8899536132812,4448.4453125
124.541748046875,-91.4347152709961,4505.55322265625,114.87374877929688,-253.5787811279297,4484.1328125,108.23185729980467,-384.1754150390625,4476.62451171875,103.0949478149414,-582.8043212890625,4460.1396484375,134.873779296875,-551.1392822265625,4463.82421875,262.986328125,-522.5430908203125,4465.7880859375,351.0722961425781,-308.8404846191406,4570.55126953125,359.86602783203125,-98.08634185791016,4540.9951171875,362.516845703125,-11.543408393859863,4558.97314453125,319.1725158691406,46.23063659667969,4490.92724609375,322.4351501464844,14.636643409729004,4491.14599609375,73.10942840576172,-548.9918212890625,4463.82421875,-42.58284759521485,-514.4628295898438,4460.82568359375,-142.3809356689453,-275.99078369140625,4466.7177734375,-164.44857788085938,-88.85802459716797,4361.74853515625,-181.15040588378903,-14.505706787109377,4304.6640625,-157.87025451660156,51.42189407348633,4372.6728515625,-139.7830352783203,10.090679168701172,4292.89697265625,207.62652587890625,-95.09893798828124,4495.7900390625,223.83738708496097,250.90017700195312,4372.55908203125,231.40721130371097,583.6718139648438,4485.0634765625,246.615966796875,740.9555053710938,4417.02587890625,49.62055206298828,-88.13052368164062,4514.35693359375,54.004756927490234,273.6393737792969,4577.4169921875,89.04402160644531,587.5360717773438,4739.6005859375,81.85030364990234,730.43994140625,4671.91162109375,101.22403717041016,-655.5082397460938,4441.75,109.67860412597656,-662.186279296875,4294.57568359375,131.21424865722656,-700.6224365234375,4321.05322265625,177.70118713378906,-712.0672607421875,4427.1748046875,83.7577896118164,-696.2391967773438,4315.21533203125,25.533449172973633,-711.8614501953125,4419.3466796875
125.78604888916016,-84.24995422363281,4483.55908203125,115.2462387084961,-245.0336456298828,4459.37646484375,108.22427368164062,-374.9183654785156,4452.4755859375,106.03128051757812,-572.7616577148438,4439.5576171875,137.14529418945312,-540.7823486328125,4443.171875,264.96319580078125,-514.4345703125,4439.5751953125,342.64306640625,-301.0061950683594,4549.611328125,360.66412353515625,-90.87516021728516,4529.8974609375,351.16015625,-23.008338928222656,4474.78369140625,315.49822998046875,53.02532196044922,4422.96240234375,332.70904541015625,-6.6474714279174805,4454.52294921875,75.7075424194336,-539.4867553710938,4442.126953125,-40.358341217041016,-509.023681640625,4437.03125,-134.9554901123047,-269.90997314453125,4438.67724609375,-153.42218017578125,-78.55097961425781,4343.53369140625,-173.9888916015625,-16.67828941345215,4274.86962890625,-165.02816772460938,48.38336944580078,4346.25244140625,-136.15335083007812,12.218807220458984,4263.55224609375,208.3922882080078,-88.19751739501953,4473.80224609375,222.84120178222656,257.4303283691406,4355.4482421875,217.98077392578125,601.5442504882812,4415.89208984375,250.24708557128903,752.316650390625,4341.736328125,51.29636001586914,-80.69025421142578,4492.357421875,53.31770706176758,276.5404968261719,4568.314453125,90.32012176513672,583.7987670898438,4738.3056640625,80.03709411621094,729.7452392578125,4680.22802734375,105.44232940673828,-645.396240234375,4422.544921875,119.04308319091795,-660.6619873046875,4277.22314453125,139.743896484375,-697.0797729492188,4306.51953125,182.2918701171875,-701.7949829101562,4414.0927734375,92.75857543945312,-693.4514770507812,4298.82373046875,31.334463119506836,-703.2643432617188,4401.04345703125
126.80475616455078,-81.1629867553711,4458.8447265625,117.69622039794922,-242.78463745117188,4432.52490234375,111.41856384277344,-373.5656127929687,4425.62841796875,107.7898406982422,-572.0237426757812,4404.81640625,139.3468017578125,-540.2049560546875,4409.5029296875,268.3582763671875,-515.4589233398438,4405.9072265625,343.52459716796875,-299.496826171875,4516.5595703125,368.809326171875,-87.78836059570312,4516.9375,343.3230285644531,-19.40744400024414,4466.8349609375,326.6164855957031,53.09833526611328,4401.02783203125,331.80859375,-6.346177101135254,4437.51904296875,77.50994110107422,-538.4622802734375,4408.9287109375,-37.75244140625,-502.0157165527344,4410.2138671875,-131.3075408935547,-260.833740234375,4418.9951171875,-150.2465057373047,-69.8799819946289,4320.01953125,-173.16290283203125,-2.160660982131958,4256.9873046875,-143.29348754882812,59.9307746887207,4326.1630859375,-129.61199951171875,20.802385330200195,4238.3095703125,210.30532836914065,-84.83697509765625,4452.50830078125,223.6728515625,268.2027282714844,4349.44775390625,225.96417236328125,619.9031982421875,4351.041015625,252.0186004638672,744.628662109375,4235.1826171875,51.50860595703125,-77.8499984741211,4464.55859375,53.45738983154297,278.4884033203125,4554.9189453125,84.71834564208984,583.181640625,4735.2021484375,81.08219909667969,732.154296875,4681.35400390625,106.59329223632812,-644.3990478515625,4384.83447265625,118.78874206542967,-644.1177368164062,4237.62109375,142.18177795410156,-682.261962890625,4263.0234375,186.951904296875,-695.3492431640625,4369.81982421875,94.63703918457033,-680.65087890625,4256.1708984375,35.15018081665039,-704.479248046875,4358.15283203125
128.81703186035156,-76.01773834228516,4440.443359375,119.1887664794922,-237.2038726806641,4412.1376953125,112.4886703491211,-367.6871337890625,4401.86279296875,108.47225952148438,-565.7147827148438,4378.03564453125,140.0552520751953,-534.1002197265625,4383.65625,269.90240478515625,-514.3779296875,4381.28125,353.58282470703125,-301.5834045410156,4491.71630859375,382.1101684570313,-90.76033782958984,4478.99072265625,347.68548583984375,-25.026447296142575,4430.791015625,310.1070251464844,45.62520217895508,4372.013671875,335.5281066894531,-16.29132080078125,4397.98046875,78.2656021118164,-532.1201171875,4382.2060546875,-37.51251983642578,-497.533935546875,4380.626953125,-139.2938232421875,-260.0990905761719,4395.04833984375,-153.43069458007812,-72.04015350341797,4290.103515625,-169.34649658203125,-20.566198348999023,4211.5302734375,-153.6750946044922,73.8102035522461,4230.82861328125,-132.68917846679688,26.638582229614254,4213.74755859375,212.20913696289065,-79.73128509521484,4433.22412109375,223.20989990234375,274.841552734375,4335.85009765625,226.32411193847656,625.1334228515625,4306.11669921875,268.3319091796875,741.4920043945312,4186.40966796875,53.61870574951172,-72.6690673828125,4446.953125,55.80547332763672,282.99029541015625,4539.3388671875,91.91812133789062,586.650634765625,4720.166015625,84.93828582763672,739.0853271484375,4677.74267578125,107.3156967163086,-637.7483520507812,4356.96337890625,122.50057983398438,-643.0560913085938,4210.18603515625,145.9061279296875,-679.8002319335938,4237.5234375,188.6534881591797,-688.0039672851562,4345.5751953125,98.5125732421875,-679.18017578125,4229.67431640625,37.331146240234375,-699.8790893554688,4331.27734375
131.81468200683594,-70.38182067871094,4411.13330078125,122.3796615600586,-231.28126525878903,4383.30712890625,116.54735565185548,-361.5367431640625,4373.44384765625,112.41373443603516,-559.5723876953125,4353.91162109375,143.9741973876953,-527.8780517578125,4358.23291015625,271.5923156738281,-501.53802490234375,4344.24072265625,354.06591796875,-291.69818115234375,4459.7841796875,363.0533142089844,-79.5894546508789,4447.80615234375,315.6645812988281,-12.203328132629396,4416.07568359375,308.0151672363281,59.21172332763672,4347.849609375,319.3778991699219,-27.51524543762207,4355.88525390625,82.30622863769531,-526.0139770507812,4357.96044921875,-34.10844421386719,-495.3532409667969,4351.32666015625,-140.94664001464844,-263.267578125,4388.181640625,-135.17018127441406,-64.30353546142578,4306.0458984375,-172.14549255371094,2.015233039855957,4248.86474609375,-138.2909698486328,79.68215942382812,4200.87451171875,-127.16993713378906,26.40540885925293,4224.1015625,214.5252685546875,-73.19223022460938,4399.33935546875,223.2111968994141,285.120849609375,4320.333984375,229.8690490722656,632.0676879882812,4269.18359375,241.76275634765625,729.3721313476562,4128.15673828125,57.230918884277344,-67.84754180908203,4421.7685546875,53.09099578857422,286.9736022949219,4513.966796875,92.82332611083984,576.33056640625,4714.787109375,91.37904357910156,729.6718139648438,4676.64990234375,110.97032165527344,-631.868896484375,4334.42822265625,134.52871704101562,-637.1107177734375,4189.1005859375,151.6015625,-676.6441650390625,4217.0078125,186.1365966796875,-691.23095703125,4327.01806640625,105.3096923828125,-670.2630615234375,4206.33447265625,36.015541076660156,-684.713623046875,4303.38037109375
132.8434600830078,-62.10881042480469,4378.7890625,125.77582550048828,-224.0370178222656,4352.55126953125,121.36177825927734,-354.5524597167969,4339.26953125,119.03810119628906,-554.2093505859375,4331.8388671875,150.4477081298828,-521.8648681640625,4333.31640625,277.4207458496094,-491.4030456542969,4317.22705078125,359.81658935546875,-279.15142822265625,4430.5498046875,359.3320617675781,-66.17826080322266,4416.17529296875,338.5149230957031,8.128449440002441,4372.59912109375,315.25177001953125,85.9454345703125,4315.2158203125,321.23272705078125,4.326663970947266,4326.3955078125,88.54100036621094,-520.6478881835938,4334.74560546875,-26.681102752685547,-484.15283203125,4328.34228515625,-130.53721618652344,-249.25973510742188,4362.86181640625,-145.67237854003906,-49.83562088012695,4280.84814453125,-155.492919921875,26.40492057800293,4224.31494140625,-123.960693359375,95.00165557861328,4162.2265625,-119.7182388305664,32.80321502685547,4201.0869140625,215.65525817871097,-63.53548049926758,4365.2861328125,233.2453460693359,299.06005859375,4302.3291015625,249.01788330078125,649.1719360351562,4268.29638671875,248.7534942626953,742.9711303710938,4123.6298828125,58.168426513671875,-60.82231521606445,4390.96435546875,52.53076934814453,290.4460754394531,4500.669921875,93.6416244506836,576.5501708984375,4708.18359375,88.75249481201172,729.3584594726562,4665.88525390625,117.9004898071289,-627.8502807617188,4316.75244140625,155.025390625,-635.3281860351562,4173.796875,171.37950134277344,-673.455810546875,4204.33203125,196.44586181640625,-683.7938842773438,4317.80908203125,125.8344955444336,-669.6071166992188,4189.29150390625,48.40907669067383,-685.2659912109375,4280.3974609375
133.27525329589844,-51.450679779052734,4352.09326171875,125.86959075927734,-216.2027587890625,4324.4921875,121.80266571044922,-349.3661804199219,4313.50244140625,124.69476318359376,-552.6300659179688,4304.5009765625,155.8115234375,-518.8416137695312,4305.23779296875,282.92169189453125,-480.6104431152344,4286.9921875,363.7693481445313,-258.78240966796875,4393.47705078125,369.7708435058594,-41.51420211791992,4397.27880859375,333.0250549316406,16.79312515258789,4339.009765625,295.1592712402344,61.26557159423828,4256.275390625,320.4699401855469,10.311264991760254,4290.154296875,92.83393096923828,-519.330810546875,4308.6953125,-25.74611473083496,-485.724853515625,4310.19677734375,-120.84918212890624,-241.92935180664065,4344.32177734375,-143.82029724121094,-36.449832916259766,4268.75439453125,-155.27273559570312,50.37240982055664,4226.63818359375,-139.7377471923828,135.5140838623047,4177.45458984375,-119.0762939453125,59.36097717285156,4200.74462890625,217.52294921875,-52.8450813293457,4337.81201171875,230.8171539306641,317.48590087890625,4278.9375,241.4786834716797,674.671630859375,4249.05712890625,245.97317504882812,764.261474609375,4098.11474609375,57.30541229248047,-50.19328689575195,4364.97119140625,52.80222702026367,304.8402099609375,4485.03759765625,91.55803680419922,591.5507202148438,4703.21826171875,88.28316497802734,745.5325317382812,4654.4697265625,125.0760269165039,-627.5264282226562,4288.6240234375,152.11746215820312,-633.6512451171875,4140.5908203125,171.1355743408203,-672.6998291015625,4170.01220703125,205.1124267578125,-684.1932373046875,4283.287109375,123.74110412597656,-668.8206787109375,4158.177734375,51.96807098388672,-685.9306030273438,4256.33984375
136.939453125,-42.97663879394531,4320.56689453125,129.67449951171875,-210.2690887451172,4292.537109375,125.64791870117188,-345.2454833984375,4278.82568359375,128.38534545898438,-551.7489013671875,4272.8388671875,160.00393676757812,-517.455810546875,4272.74951171875,287.6264343261719,-475.58599853515625,4251.150390625,361.3420104980469,-246.3878173828125,4356.94921875,364.2854614257813,-26.13075065612793,4342.92822265625,342.86431884765625,61.47117233276367,4326.66796875,307.5938415527344,65.46204376220703,4230.158203125,308.09063720703125,37.596492767333984,4243.63232421875,96.09644317626952,-517.854736328125,4276.892578125,-24.37014961242676,-484.0498046875,4279.7314453125,-109.1800765991211,-235.3607940673828,4332.28466796875,-130.09103393554688,-32.77644348144531,4240.1865234375,-163.60317993164062,58.98558044433594,4226.3310546875,-140.4358673095703,135.37608337402344,4164.33203125,-119.78482818603516,75.13745880126953,4194.14111328125,221.92333984375,-43.73260116577149,4303.0517578125,234.32144165039065,333.9817199707031,4254.8515625,244.55067443847656,697.2929077148438,4233.21728515625,235.67030334472656,781.1011962890625,4076.11376953125,60.30574417114258,-42.294952392578125,4336.36083984375,51.6865234375,318.8503112792969,4456.080078125,84.38521575927734,595.5581665039062,4696.36083984375,81.0871810913086,754.619873046875,4656.439453125,128.57424926757812,-628.0349731445312,4257.888671875,158.4618377685547,-634.5598754882812,4108.060546875,178.3917236328125,-673.4528198242188,4138.513671875,211.45120239257812,-683.3621826171875,4254.1142578125,130.36732482910156,-670.91796875,4125.75146484375,56.49298858642578,-689.5759887695312,4224.4482421875
142.9600830078125,-43.35491180419922,4285.638671875,133.229736328125,-209.5568695068359,4259.17041015625,128.94895935058594,-344.1068420410156,4252.78466796875,135.5244903564453,-548.7449340820312,4239.958984375,166.26295471191406,-514.110595703125,4240.77490234375,292.9694519042969,-470.5592956542969,4223.611328125,361.796630859375,-237.42062377929688,4318.9638671875,375.4678955078125,-18.845827102661133,4310.66259765625,369.3060302734375,66.84701538085938,4340.623046875,328.54779052734375,97.04962921142578,4252.01513671875,318.3019104003906,61.8077278137207,4236.49267578125,102.8626937866211,-515.8690185546875,4245.34765625,-17.45401382446289,-485.0278625488281,4249.17578125,-100.407958984375,-241.56201171875,4317.2216796875,-124.88473510742188,-35.41253662109375,4238.75048828125,-163.7158203125,54.407325744628906,4234.01513671875,-141.1541748046875,136.1942901611328,4180.4072265625,-116.47530364990234,76.35011291503906,4198.08642578125,226.74021911621097,-45.06974029541016,4265.60693359375,237.69760131835935,331.61962890625,4232.72216796875,247.0083770751953,693.013916015625,4230.7265625,235.32330322265625,782.9827880859375,4078.724365234375,67.41184997558594,-41.80857849121094,4303.7021484375,48.71426773071289,319.34600830078125,4413.275390625,93.64813232421876,581.6810913085938,4663.51904296875,81.80709075927734,743.8729858398438,4654.62841796875,137.03453063964844,-623.9359741210938,4222.58544921875,162.06454467773438,-628.3870239257812,4072.89208984375,182.31216430664065,-667.701416015625,4101.90283203125,218.516845703125,-679.7333374023438,4215.453125,134.29544067382812,-664.4437866210938,4090.745849609375,63.76456451416016,-683.691650390625,4190.65673828125
150.77816772460938,-43.309478759765625,4253.67333984375,142.90574645996094,-210.0359039306641,4225.501953125,140.01670837402344,-345.1570129394531,4218.6533203125,145.04693603515625,-551.0257568359375,4213.63330078125,176.1759490966797,-516.4788208007812,4213.09912109375,303.8602600097656,-477.07025146484375,4189.8525390625,375.2096557617187,-238.41160583496097,4271.6943359375,390.2819519042969,-19.24775505065918,4258.73681640625,396.07318115234375,44.488765716552734,4323.93994140625,351.87164306640625,105.28614807128906,4254.22021484375,338.0266418457031,83.96270751953125,4220.55615234375,112.50749969482422,-517.5825805664062,4217.80419921875,-10.122902870178224,-494.6676635742187,4220.3154296875,-99.04830932617188,-252.89947509765625,4291.11767578125,-127.47178649902344,-40.032981872558594,4231.60595703125,-156.5906982421875,53.819358825683594,4236.19580078125,-116.44914245605467,118.02220916748048,4169.69873046875,-100.0730438232422,68.04193878173828,4199.01416015625,235.29513549804688,-44.18077850341797,4235.21240234375,242.96563720703125,334.9923400878906,4214.03759765625,248.36297607421875,697.8514404296875,4223.05078125,235.90655517578125,787.0408935546875,4069.80322265625,74.56551361083984,-42.5237922668457,4270.32080078125,66.46683502197266,321.5834655761719,4376.76025390625,103.43118286132812,569.6159057617188,4644.4873046875,76.55289459228516,730.0067138671875,4627.24951171875,145.9718780517578,-627.1478881835938,4199.0859375,169.62896728515625,-626.1962890625,4048.472412109375,187.2449188232422,-668.3931884765625,4075.48046875,223.4453887939453,-688.5350341796875,4188.404296875,139.3161163330078,-661.1105346679688,4064.96044921875,68.0015640258789,-680.0643920898438,4165.00537109375
153.2799072265625,-39.59032440185547,4222.0498046875,145.6910858154297,-209.5615692138672,4195.7958984375,143.05014038085938,-347.14642333984375,4193.52880859375,148.69381713867188,-556.27880859375,4182.52734375,180.26644897460935,-521.0658569335938,4183.0341796875,309.18487548828125,-478.1300354003906,4159.2666015625,385.18902587890625,-235.3615570068359,4239.2275390625,406.8390808105469,-12.82353687286377,4229.2958984375,414.5311279296875,54.38146209716797,4292.99951171875,368.35443115234375,126.759765625,4233.83154296875,348.3053283691406,91.25174713134766,4196.56494140625,115.50887298583984,-522.4801635742188,4187.6669921875,-8.367985725402832,-495.2702331542969,4191.9462890625,-90.09166717529295,-251.16127014160156,4278.8662109375,-117.54373931884766,-37.938697814941406,4207.10791015625,-148.5542755126953,50.66119384765625,4241.71875,-108.63973236083984,118.5955581665039,4176.177734375,-90.00836181640625,76.72025299072266,4194.76123046875,239.79592895507812,-40.98801040649414,4206.09033203125,241.9436798095703,345.15106201171875,4194.90771484375,241.1355133056641,713.9771118164062,4211.28125,240.7790985107422,803.0501098632812,4053.97509765625,75.26460266113281,-38.32997131347656,4236.44091796875,50.76593017578125,337.8450927734375,4318.9287109375,81.27810668945312,574.6859741210938,4605.5634765625,59.46375274658203,739.5133666992188,4609.93359375,149.8524932861328,-633.2459106445312,4165.55615234375,158.77120971679688,-628.71142578125,4010.82080078125,182.2032470703125,-670.5825805664062,4035.618896484375,231.3478851318359,-689.8081665039062,4145.98095703125,132.2535858154297,-666.5143432617188,4029.800048828125,71.47770690917969,-692.1137084960938,4137.66796875
151.00404357910156,-36.09555435180664,4192.20849609375,147.4994354248047,-206.70339965820312,4165.26953125,148.7600860595703,-344.801025390625,4163.82861328125,158.65187072753906,-554.7135009765625,4157.81689453125,189.61233520507812,-518.741455078125,4157.3681640625,319.7071228027344,-476.20172119140625,4136.68994140625,394.82861328125,-226.56594848632812,4197.0615234375,414.163818359375,-6.480410575866699,4156.681640625,412.8912658691406,49.923133850097656,4230.92138671875,404.4870300292969,136.5536651611328,4172.8466796875,349.52410888671875,86.39054107666016,4155.3984375,124.68399810791016,-521.3626708984375,4162.27099609375,0.9340420365333556,-491.62750244140625,4166.62353515625,-87.11703491210938,-250.49826049804688,4258.51806640625,-118.2147979736328,-33.33427047729492,4198.51904296875,-145.25730895996094,49.96511459350586,4247.607421875,-108.85771942138672,117.33328247070312,4178.94677734375,-83.23047637939453,76.5835189819336,4197.85498046875,237.55908203125,-35.12372970581055,4174.79345703125,241.88265991210935,352.50286865234375,4177.4658203125,244.1063995361328,721.690673828125,4208.341796875,246.8660125732422,803.8690795898438,4046.638427734375,72.95357513427734,-36.971893310546875,4207.912109375,55.9263916015625,344.9054260253906,4269.85302734375,82.20274353027344,580.8739624023438,4559.31640625,57.692344665527344,745.1400756835938,4575.83935546875,161.33316040039062,-632.298828125,4142.6435546875,160.98672485351562,-626.6151123046875,3987.146484375,189.85548400878903,-666.1791381835938,4010.361083984375,247.0116424560547,-680.7608032226562,4118.0185546875,139.32176208496094,-667.0035400390625,4007.379150390625,87.3570327758789,-698.7246704101562,4118.68994140625
149.38748168945312,-37.37826919555664,4169.47021484375,147.77542114257812,-208.71324157714844,4142.77880859375,149.51458740234375,-347.2121276855469,4136.95703125,160.89532470703125,-557.9196166992188,4134.8857421875,191.69137573242188,-521.6094360351562,4133.1689453125,320.3390197753906,-473.1715393066406,4112.91357421875,395.9385681152344,-220.1280059814453,4161.9150390625,402.5150146484375,-0.4770904779434204,4111.5791015625,414.7435607910156,50.605037689208984,4189.046875,410.2218017578125,144.44435119628906,4142.09326171875,357.3672790527344,107.57064819335938,4114.76025390625,126.63711547851562,-524.6024169921875,4139.30908203125,1.8107891082763672,-497.66986083984375,4145.03857421875,-77.45121002197266,-252.1900177001953,4236.4736328125,-116.14539337158205,-30.827104568481445,4196.22998046875,-131.20370483398438,56.61077880859375,4244.01904296875,-108.47952270507812,126.22498321533205,4171.251953125,-85.22735595703125,82.97870635986328,4175.20068359375,236.39002990722656,-35.579551696777344,4152.66943359375,243.12168884277344,353.0741271972656,4170.54638671875,247.7060089111328,722.056640625,4216.662109375,244.0365295410156,812.078369140625,4058.420654296875,70.93346405029297,-39.0002555847168,4184.62060546875,51.3869514465332,348.5018310546875,4208.09228515625,85.6456527709961,569.311279296875,4510.23486328125,61.74700546264648,729.8223266601562,4551.86181640625,163.89222717285156,-636.062744140625,4121.14208984375,165.3868865966797,-623.4672241210938,3965.46923828125,188.7269287109375,-667.6416625976562,3987.00341796875,242.9202117919922,-694.4688720703125,4094.366455078125,138.3563690185547,-661.64892578125,3983.920166015625,81.682861328125,-691.2512817382812,4094.0576171875
152.7460174560547,-37.583866119384766,4147.09814453125,153.30364990234375,-207.8479766845703,4119.0986328125,155.90699768066406,-345.4647216796875,4109.9228515625,164.50717163085938,-555.222900390625,4105.47265625,195.57652282714844,-519.4657592773438,4103.599609375,324.6604309082031,-475.6285095214844,4080.534423828125,408.4649353027344,-224.61268615722656,4118.00146484375,407.0042724609375,-13.995468139648438,4040.797119140625,424.5310363769531,50.285194396972656,4105.87109375,407.8449096679687,132.89474487304688,4044.0703125,364.4392700195313,99.93402862548828,4042.568115234375,130.9282684326172,-521.691650390625,4110.822265625,7.457137107849121,-493.1463012695313,4121.7177734375,-70.91860961914062,-252.4787139892578,4222.22021484375,-109.37517547607422,-32.3111572265625,4181.57958984375,-125.5818328857422,61.1016845703125,4214.2470703125,-83.13068389892578,123.52147674560548,4144.57568359375,-67.84954833984375,76.75397491455078,4164.9443359375,239.79150390625,-35.008663177490234,4133.171875,240.95135498046875,350.7955627441406,4165.9921875,241.37893676757812,716.4810180664062,4222.61328125,235.02468872070312,797.989501953125,4060.9140625,74.25328063964844,-39.90604019165039,4159.65625,40.22710418701172,345.283203125,4151.15234375,82.89407348632812,566.2882080078125,4449.75634765625,60.49983215332031,726.4119262695312,4490.375,166.25245666503906,-632.8609619140625,4090.934814453125,163.53189086914062,-625.8831787109375,3935.698974609375,190.4786071777344,-667.1585083007812,3958.07958984375,248.5082092285156,-685.8201904296875,4064.466064453125,139.9952850341797,-665.1021118164062,3955.994140625,88.31841278076172,-694.72314453125,4067.844970703125
151.22662353515625,-36.97930145263672,4125.38623046875,155.1085205078125,-206.4802703857422,4096.34130859375,159.53529357910156,-343.4186706542969,4084.533203125,164.99249267578125,-552.6460571289062,4080.984130859375,196.4845428466797,-517.47216796875,4078.866943359375,325.47198486328125,-475.156494140625,4055.0078125,413.8653259277344,-224.50938415527344,4073.8486328125,419.3246765136719,-20.49459457397461,3982.427001953125,434.29302978515625,54.202049255371094,4035.496337890625,400.9253234863281,130.31222534179688,3972.662109375,376.572265625,98.11017608642578,3994.05810546875,132.03427124023438,-518.7030639648438,4086.272705078125,9.56462287902832,-490.0038146972656,4102.2646484375,-69.00867462158203,-252.75326538085935,4208.29443359375,-106.67119598388672,-32.45170593261719,4171.78857421875,-120.02974700927734,57.11832809448242,4214.12158203125,-66.18057250976562,93.20127868652344,4134.84228515625,-66.3811264038086,83.03801727294922,4161.01318359375,238.5329132080078,-33.323486328125,4115.72021484375,240.569580078125,350.20526123046875,4159.23876953125,241.75286865234375,714.2089233398438,4219.0849609375,232.89935302734375,799.1250610351562,4059.906982421875,72.49870300292969,-40.275917053222656,4134.1025390625,38.941062927246094,341.9910583496094,4096.4501953125,75.72463989257812,560.3636474609375,4396.31689453125,42.767696380615234,720.5465698242188,4425.87451171875,165.53907775878906,-630.121826171875,4066.824951171875,162.7755889892578,-623.5467529296875,3912.055908203125,187.68051147460935,-665.8677978515625,3934.4423828125,244.8328399658203,-686.8929443359375,4040.42333984375,137.50637817382812,-661.4013671875,3932.47509765625,84.90803527832031,-688.0499267578125,4044.197998046875
152.86306762695312,-37.391475677490234,4099.8046875,155.2119903564453,-208.1064910888672,4074.77294921875,158.13450622558594,-345.83087158203125,4067.437744140625,164.6278533935547,-555.6597900390625,4062.506591796875,196.0731658935547,-520.2160034179688,4060.942626953125,324.2731018066406,-476.1025695800781,4033.810546875,415.8723449707031,-225.21209716796875,4043.974853515625,422.9842834472656,-27.24471664428711,3938.69775390625,447.4904479980469,52.29948425292969,3980.48828125,411.3653564453125,118.43244171142578,3908.072265625,387.4852294921875,82.32069396972656,3973.28564453125,131.35487365722656,-521.800048828125,4067.7080078125,7.227309226989746,-495.2618713378906,4075.93017578125,-68.64427185058594,-257.62103271484375,4185.1943359375,-100.87223815917967,-35.36875534057617,4150.9541015625,-95.88677978515624,34.261783599853516,4222.94775390625,-69.3817367553711,92.43853759765624,4142.5361328125,-46.81803131103515,69.06278228759766,4139.87353515625,240.74691772460935,-35.15255355834961,4092.782470703125,241.7624969482422,348.216552734375,4147.17431640625,241.45994567871097,710.3740234375,4223.2080078125,232.65618896484375,797.7733764648438,4064.726806640625,73.61433410644531,-39.4104118347168,4106.13720703125,38.43326950073242,343.3112487792969,4062.6025390625,75.73873138427734,588.0137939453125,4342.89599609375,40.617557525634766,750.44287109375,4329.63916015625,165.68368530273438,-633.2769165039062,4047.781005859375,162.7794189453125,-624.344970703125,3892.644287109375,188.05398559570312,-666.9696655273438,3914.4423828125,245.5842742919922,-689.293701171875,4020.397216796875,137.69252014160156,-662.791015625,3912.56103515625,85.16963195800781,-691.5671997070312,4024.241455078125
151.52651977539062,-36.24991607666016,4078.971435546875,154.61572265625,-208.4703063964844,4052.83935546875,158.03173828125,-347.42291259765625,4043.931884765625,164.20094299316406,-559.2721557617188,4038.4267578125,195.97268676757812,-523.5289306640625,4036.423095703125,325.37841796875,-477.8162231445313,4010.88818359375,417.54534912109375,-224.25926208496097,4004.790283203125,431.4740905761719,-31.906307220458984,3886.022705078125,456.38238525390625,48.87965774536133,3927.19873046875,428.6675109863281,125.54368591308594,3860.200927734375,411.4291687011719,95.15216064453124,3900.178955078125,130.74331665039062,-525.0491333007812,4044.27197265625,6.602004051208496,-494.76763916015625,4057.1083984375,-68.24559020996094,-257.4093322753906,4173.9990234375,-97.37454223632812,-34.9400634765625,4126.40380859375,-83.68910217285156,34.18290710449219,4199.10693359375,-66.51921081542969,91.43440246582033,4114.34375,-41.1187629699707,66.75221252441406,4109.23876953125,240.27540588378903,-33.6366081237793,4072.240234375,239.2339630126953,352.93316650390625,4130.52587890625,237.71961975097656,717.9757080078125,4210.1025390625,224.7279510498047,807.9291381835938,4051.3330078125,71.49774932861328,-38.60645294189453,4085.041015625,37.95744705200195,345.0474853515625,4020.3076171875,65.03678894042969,619.6519775390625,4277.99365234375,14.24095058441162,773.4771728515625,4232.29736328125,164.9204864501953,-637.6083374023438,4023.387451171875,159.16775512695312,-621.2452392578125,3867.4306640625,184.2305145263672,-665.7427368164062,3886.908935546875,243.8896026611328,-694.3568115234375,3991.540283203125,133.45208740234375,-660.462158203125,3886.228515625,82.02013397216797,-693.7132568359375,3998.564453125
149.77615356445312,-31.419652938842773,4058.99951171875,154.0225372314453,-202.43606567382812,4031.705322265625,158.07118225097656,-340.4975280761719,4021.58251953125,161.93414306640625,-551.0524291992188,4011.954345703125,193.8754425048828,-515.8069458007812,4010.31884765625,323.5928955078125,-472.85443115234375,3985.906005859375,419.4265747070313,-222.56285095214844,3972.831787109375,433.3102722167969,-39.026824951171875,3843.054931640625,457.3038330078125,48.35955810546875,3866.084228515625,429.2420043945313,123.0699691772461,3797.97119140625,413.8968811035156,87.35923767089844,3805.324462890625,129.08740234375,-516.8021240234375,4018.77685546875,6.8086981773376465,-484.8661193847656,4037.06982421875,-61.47114181518555,-247.92958068847656,4155.1796875,-89.41857147216797,-28.882488250732425,4098.1728515625,-74.56920623779297,41.75737380981445,4168.349609375,-68.78117370605469,91.89380645751952,4078.412109375,-35.54084014892578,62.722660064697266,4065.447265625,238.1459503173828,-28.490684509277344,4054.396240234375,237.5836639404297,355.0261535644531,4117.828125,235.45863342285156,716.3615112304688,4204.12451171875,227.85243225097656,817.1578369140625,4052.887939453125,70.08922576904297,-34.06083297729492,4063.15087890625,38.968162536621094,344.4714050292969,3982.35009765625,66.7029037475586,639.5132446289062,4212.81689453125,15.206809997558594,782.4131469726562,4142.5419921875,161.6758575439453,-628.6414794921875,3995.4833984375,156.14170837402344,-623.8279418945312,3839.625732421875,181.01947021484375,-666.5374145507812,3862.2275390625,240.2077178955078,-687.2769165039062,3968.1484375,130.5317840576172,-661.331298828125,3861.106689453125,79.2469711303711,-686.0626220703125,3974.877197265625
149.44219970703125,-32.081207275390625,4036.13330078125,152.72503662109375,-204.93275451660156,4010.427490234375,155.9659881591797,-344.17144775390625,3999.16796875,157.68125915527344,-556.700439453125,3990.887939453125,190.2368621826172,-521.4714965820312,3988.663330078125,320.1894836425781,-477.07958984375,3961.17431640625,417.7338562011719,-225.20083618164065,3942.797607421875,433.5896301269531,-37.48622512817383,3815.738525390625,445.5274963378906,52.69047546386719,3790.7333984375,408.8183898925781,108.65740203857422,3708.717529296875,414.3008728027344,80.78292083740234,3802.606201171875,124.953125,-521.7718505859375,3997.86865234375,1.307666301727295,-488.9228210449219,4013.1181640625,-60.718955993652344,-249.5965881347656,4135.47314453125,-81.9624252319336,-32.4962158203125,4062.23486328125,-75.46083068847656,19.0891056060791,4149.49462890625,-64.32967376708984,88.63885498046875,4072.904052734375,-23.65934181213379,59.66569519042969,4063.3798828125,238.5594482421875,-29.551881790161133,4030.506591796875,238.16964721679688,356.0804748535156,4102.0166015625,237.0133514404297,717.9315185546875,4199.7861328125,221.0432281494141,819.7191772460938,4047.899658203125,69.08125305175781,-34.36201477050781,4041.207275390625,46.471797943115234,345.4029541015625,3947.598876953125,66.58592987060547,670.7056884765625,4140.5791015625,12.665729522705078,793.5699462890625,4038.053955078125,156.4831085205078,-635.08935546875,3974.816650390625,144.309326171875,-619.090576171875,3818.679443359375,171.0837860107422,-663.1830444335938,3837.278564453125,235.5327911376953,-690.48681640625,3939.874755859375,120.05685424804688,-658.9063720703125,3838.5712890625,73.55523681640625,-693.0753173828125,3953.229736328125
139.5858154296875,-35.36279296875,4014.454833984375,145.9425048828125,-205.63804626464844,3990.33837890625,151.41317749023438,-342.65948486328125,3979.236572265625,155.4667205810547,-551.43701171875,3963.326416015625,187.12420654296875,-516.3314819335938,3962.412841796875,314.2288818359375,-471.0967102050781,3933.90283203125,423.2401428222656,-228.9606475830078,3910.612548828125,435.4452209472656,-48.68165969848633,3778.684814453125,457.7342834472656,39.48699569702149,3797.583251953125,427.2012634277344,90.1944808959961,3711.7900390625,415.1445617675781,71.62213134765625,3790.593994140625,122.86032104492188,-517.6929321289062,3971.482421875,0.3123879432678222,-487.5424499511719,3984.347900390625,-55.0948371887207,-252.627197265625,4108.9052734375,-47.93800354003906,-59.7663688659668,3990.232666015625,-57.5347900390625,8.315801620483398,4062.86181640625,-38.04278564453125,85.79487609863281,3998.726318359375,-26.82514190673828,51.617733001708984,3941.760986328125,227.37796020507812,-31.55325698852539,4010.69775390625,234.6450653076172,347.91400146484375,4081.9521484375,235.14566040039065,696.3971557617188,4203.4521484375,222.31832885742188,807.8901977539062,4061.816650390625,60.41976165771485,-38.79801559448242,4017.84228515625,43.05036926269531,332.0862731933594,3913.2109375,64.06800079345703,671.7140502929688,4065.837890625,13.893861770629885,792.9716796875,3963.748779296875,155.14920043945312,-627.9872436523438,3944.650634765625,145.59564208984375,-612.9666137695312,3790.673828125,168.18093872070312,-658.1918334960938,3809.63818359375,228.4964904785156,-689.0865478515625,3911.4287109375,118.44566345214844,-649.8700561523438,3810.46484375,69.25009155273438,-678.4327392578125,3923.322998046875
138.2479248046875,-32.303009033203125,3993.513427734375,145.2613525390625,-202.78663635253903,3968.343017578125,151.51296997070312,-340.3015441894531,3960.418212890625,149.99710083007812,-549.5835571289062,3944.562255859375,182.48507690429688,-515.1599731445312,3942.34521484375,307.6607666015625,-467.6296691894531,3908.1240234375,420.5726623535156,-228.79928588867188,3868.3408203125,430.056396484375,-45.28877258300781,3739.845703125,440.2294616699219,40.91677474975586,3773.478271484375,423.7127075195313,89.91963958740234,3682.7138671875,430.55718994140625,64.30170440673828,3796.0390625,118.47689819335938,-515.0,3953.991455078125,-2.226449489593506,-481.5173950195313,3975.757080078125,-50.691280364990234,-241.55422973632812,4094.781005859375,-47.06159591674805,-61.169700622558594,3956.917724609375,-27.562339782714844,10.003023147583008,4024.748291015625,-9.630382537841797,53.73523712158203,3933.594970703125,-21.704248428344727,44.18328475952149,3890.02294921875,226.19485473632812,-28.06141471862793,3989.28955078125,235.05154418945312,350.51641845703125,4069.220947265625,237.28973388671875,698.4454345703125,4194.71728515625,224.2906494140625,819.9776611328125,4061.068115234375,58.94230270385742,-36.12784194946289,3997.322021484375,43.472694396972656,334.747314453125,3889.25390625,58.41705703735352,693.1671142578125,3994.20263671875,14.515079498291016,797.3743286132812,3871.811767578125,147.12330627441406,-626.2786254882812,3925.959716796875,153.0055389404297,-610.4910278320312,3771.529541015625,174.206787109375,-655.62646484375,3792.537353515625,224.43670654296875,-686.3756713867188,3900.016357421875,124.42579650878906,-647.93359375,3788.35205078125,64.32084655761719,-677.8211669921875,3895.767578125
135.17709350585938,-27.2563419342041,3967.7138671875,142.263671875,-198.59230041503903,3942.621826171875,148.0284881591797,-336.5085754394531,3930.6865234375,146.3490753173828,-547.046875,3918.41259765625,179.15408325195312,-512.5845947265625,3916.5888671875,306.96893310546875,-468.1555480957031,3885.383056640625,422.035888671875,-227.28607177734375,3857.00537109375,425.4280700683594,-47.8349494934082,3720.8056640625,433.7110900878906,40.27080535888672,3690.493408203125,390.554443359375,78.49761199951172,3602.776123046875,411.0364990234375,70.20167541503906,3701.196044921875,114.50621032714844,-512.0535888671875,3926.2900390625,-7.969610214233398,-478.7513732910156,3940.832763671875,-57.72235870361328,-239.0316619873047,4062.797607421875,-49.56666946411133,-62.36481475830078,3918.64404296875,-2.0976290702819824,6.74494743347168,3974.453369140625,-5.329518795013428,35.336307525634766,3875.37109375,25.445148468017575,-0.8592875599861145,3870.902587890625,223.6718292236328,-23.5012149810791,3967.065673828125,231.3859710693359,355.32061767578125,4054.675537109375,230.71194458007812,709.919921875,4166.00537109375,232.9582061767578,832.603759765625,4031.607177734375,55.37749099731445,-30.64250373840332,3968.29833984375,42.5391731262207,349.20074462890625,3887.8623046875,40.836814880371094,724.366455078125,3905.320068359375,-0.51078200340271,804.0636596679688,3763.990966796875,143.802490234375,-624.4234619140625,3900.9970703125,139.81655883789062,-597.848876953125,3747.2294921875,163.7051544189453,-643.7838745117188,3763.8349609375,221.53350830078125,-680.224853515625,3866.2744140625,113.31206512451172,-637.4887084960938,3763.110107421875,60.49577331542969,-676.8270263671875,3872.025390625
133.04818725585938,-19.27411651611328,3943.33740234375,139.03564453125,-188.03672790527344,3915.87841796875,143.93411254882812,-324.420166015625,3906.76220703125,135.89096069335938,-531.7781982421875,3889.891357421875,169.2420654296875,-498.69232177734375,3888.337890625,297.6510925292969,-461.88623046875,3857.523681640625,418.4800109863281,-227.28497314453125,3833.22216796875,419.9791564941406,-48.718719482421875,3700.62060546875,432.2809753417969,38.4505729675293,3728.5009765625,412.37152099609375,88.29595184326172,3639.864501953125,398.6822204589844,73.32300567626953,3715.82373046875,105.62736511230467,-496.51617431640625,3898.98193359375,-14.506630897521973,-460.2519226074219,3911.54443359375,-64.24919891357422,-233.9369354248047,4050.171875,-62.3632698059082,-34.59608459472656,3945.33203125,-41.640838623046875,57.49345016479492,3976.570556640625,-26.30359649658203,49.615848541259766,3876.1875,-11.739261627197266,29.11189079284668,3858.593505859375,220.43118286132812,-16.10887908935547,3942.937744140625,232.7374267578125,356.0140686035156,4036.5390625,229.91346740722656,693.1433715820312,4181.28759765625,235.2478179931641,827.4094848632812,4062.041748046875,54.25110626220703,-22.12835121154785,3943.69775390625,38.74176406860352,354.6275939941406,3873.801513671875,29.41327857971191,723.1023559570312,3833.766357421875,-15.525568008422852,788.4681396484375,3688.75341796875,130.82875061035156,-607.6304321289062,3870.988525390625,131.16172790527344,-596.4442749023438,3717.298828125,154.20071411132812,-639.93603515625,3738.7177734375,208.3914031982422,-665.740478515625,3844.439208984375,104.50360107421876,-633.8724365234375,3736.01025390625,49.32777404785156,-662.005615234375,3845.331298828125
131.48788452148438,-15.153865814208984,3919.814208984375,137.18124389648438,-184.137451171875,3889.2998046875,142.4958038330078,-320.9854431152344,3878.78173828125,135.6256866455078,-529.5708618164062,3866.16015625,168.87144470214844,-496.1658630371094,3863.52294921875,297.53271484375,-458.813232421875,3831.843505859375,408.901123046875,-217.6664276123047,3815.4423828125,409.9873352050781,-35.41938781738281,3686.307373046875,431.65826416015625,49.39446640014648,3716.9091796875,403.5047607421875,102.94896697998048,3632.246337890625,392.5508728027344,80.97290802001953,3717.548828125,105.10629272460938,-494.1801452636719,3874.936279296875,-15.962645530700684,-459.01708984375,3887.0146484375,-68.59032440185547,-232.505859375,4026.484375,-74.34013366699219,-27.321353912353516,3931.466796875,-37.61833190917969,64.8857192993164,3942.37451171875,-29.55556297302246,49.39143371582031,3841.5927734375,-16.49399185180664,14.770671844482422,3839.146728515625,219.1119842529297,-11.416915893554688,3915.468505859375,230.75247192382812,360.0022888183594,4018.185546875,230.07521057128903,697.5046997070312,4166.00341796875,233.57275390625,832.1829223632812,4046.008056640625,52.47340393066406,-18.52363967895508,3923.73291015625,38.512088775634766,358.95989990234375,3848.699951171875,29.05198860168457,727.0858764648438,3793.71484375,-14.164799690246582,779.7560424804688,3642.35107421875,130.8312225341797,-606.14599609375,3848.787109375,122.7528305053711,-597.1060791015625,3694.513427734375,145.95574951171875,-641.0616455078125,3715.371826171875,205.60009765625,-666.8818969726562,3818.719970703125,96.14380645751952,-633.71337890625,3715.355712890625,46.31279373168945,-658.9591064453125,3828.494384765625
129.21632385253906,-8.188117027282715,3900.5986328125,134.052978515625,-177.36553955078125,3869.72900390625,138.55007934570312,-314.2131042480469,3856.7353515625,128.81118774414062,-522.685302734375,3840.154052734375,162.53822326660156,-489.6404724121094,3838.015869140625,291.4481201171875,-452.87841796875,3805.865966796875,404.3655395507813,-212.05810546875,3789.5283203125,406.3309631347656,-28.690263748168945,3661.482421875,429.2929382324219,54.2296028137207,3696.4013671875,401.6918029785156,111.47272491455078,3613.826171875,379.570068359375,94.75545501708984,3640.06787109375,98.76472473144533,-487.0155944824219,3849.737548828125,-22.155515670776367,-450.5169067382813,3861.0830078125,-75.89651489257812,-221.71871948242188,3997.051025390625,-79.0897445678711,-18.49290657043457,3897.1162109375,-57.53105926513672,75.05004119873047,3925.06298828125,-31.26561737060547,63.53160858154297,3826.74072265625,-17.003267288208008,38.02498245239258,3812.035888671875,216.9779510498047,-4.897238731384277,3896.313720703125,227.78201293945312,366.6199645996094,4000.6748046875,222.14662170410156,702.5540161132812,4153.10595703125,234.43795776367188,838.3698120117188,4034.620849609375,50.07781219482422,-11.155647277832031,3904.46240234375,34.86281967163086,365.4649353027344,3822.98974609375,24.574317932128903,733.2789916992188,3762.952392578125,-15.255505561828612,787.3309326171875,3610.906494140625,122.91253662109376,-598.9450073242188,3821.322265625,115.02936553955078,-593.0302124023438,3666.681640625,137.2598114013672,-637.1007690429688,3688.5185546875,196.38284301757812,-662.0745239257812,3792.56298828125,87.5613784790039,-628.6165771484375,3688.3203125,37.10517120361328,-650.3211669921875,3802.1015625
123.43880462646484,0.2458433508872985,3863.3798828125,126.6591567993164,-168.27354431152344,3833.537841796875,129.22720336914062,-304.8563537597656,3825.49853515625,120.64485168457033,-512.5421752929688,3811.985595703125,154.13568115234375,-479.57659912109375,3810.193603515625,284.3265380859375,-451.4402465820313,3777.4765625,395.4609680175781,-210.7191467285156,3777.791259765625,406.1927795410156,-23.375213623046875,3658.177734375,411.0973205566406,65.24877166748047,3683.816162109375,399.2228698730469,109.6765365600586,3590.90087890625,371.8377075195313,95.93394470214844,3633.069091796875,90.4011688232422,-477.0203857421875,3820.21240234375,-30.986114501953125,-443.1656494140625,3826.524658203125,-80.07272338867188,-212.17388916015625,3957.734375,-89.21765899658203,3.1123013496398926,3891.77783203125,-80.21498107910156,96.84608459472656,3923.847900390625,-57.29776382446289,108.47593688964844,3825.23828125,-47.72502136230469,72.8494644165039,3802.561279296875,210.9078826904297,1.877062439918518,3863.607421875,222.97821044921875,370.256591796875,3971.705078125,208.7045440673828,691.6986694335938,4148.400390625,244.92958068847656,838.8701782226562,4051.77880859375,44.56410598754883,-1.2250988483428955,3863.1748046875,28.693958282470703,376.44488525390625,3797.368408203125,17.33306884765625,744.6199951171875,3753.57470703125,-3.731839418411255,810.3902587890625,3603.3125,115.50240325927734,-588.718994140625,3794.287109375,102.54313659667967,-589.8469848632812,3640.66357421875,124.16950225830078,-633.2557373046875,3663.7275390625,185.8045196533203,-654.925048828125,3766.322509765625,74.99736022949219,-623.3849487304688,3664.7578125,28.13503074645996,-638.1505126953125,3780.46630859375
115.98137664794922,3.7719342708587646,3831.036865234375,118.44380950927734,-165.1610565185547,3801.470458984375,120.01949310302734,-301.9892578125,3792.65966796875,109.5501480102539,-510.3059997558594,3784.898193359375,143.40394592285156,-477.6387939453125,3782.19189453125,274.0968933105469,-446.8763427734375,3752.847900390625,378.6986083984375,-202.6626892089844,3753.8291015625,396.8351440429687,-11.544883728027344,3640.399169921875,402.3094787597656,73.05927276611328,3677.579833984375,390.85699462890625,115.35456085205078,3583.390625,356.8545227050781,105.79859924316406,3625.661376953125,79.56678771972656,-474.2264709472656,3792.146240234375,-41.83333969116211,-439.7626037597656,3799.872802734375,-98.28448486328124,-202.75596618652344,3917.855224609375,-125.40872192382812,19.28529167175293,3887.033203125,-113.67585754394533,100.28272247314452,3943.931884765625,-83.94352722167969,124.78961181640624,3849.370361328125,-76.65125274658203,108.3676528930664,3818.038330078125,203.6055603027344,4.6248955726623535,3833.4609375,218.138427734375,374.3291015625,3939.482177734375,196.32864379882812,683.7347412109375,4137.19189453125,228.37368774414065,840.8480834960938,4055.17333984375,36.966793060302734,3.002781391143799,3828.850830078125,25.788259506225582,383.0232238769531,3771.6337890625,19.180152893066406,753.197998046875,3738.69384765625,-9.011536598205566,821.2568969726562,3590.260986328125,103.71039581298828,-587.0505981445312,3769.28857421875,90.98884582519533,-592.1272583007812,3615.4111328125,114.2047882080078,-634.2686767578125,3639.5107421875,176.57533264160156,-651.380859375,3742.812744140625,64.6025161743164,-626.1686401367188,3640.29150390625,18.057302474975582,-640.0556640625,3756.5126953125
106.79473114013672,8.484536170959473,3796.41845703125,112.09368133544922,-161.1939239501953,3766.99267578125,115.16883087158205,-298.8013916015625,3761.804443359375,104.20890045166016,-507.9836730957031,3752.71923828125,138.36227416992188,-475.2593688964844,3750.900146484375,270.682861328125,-446.3434448242187,3724.177734375,368.1401672363281,-198.10720825195312,3734.28955078125,389.5999755859375,2.9263644218444824,3637.873291015625,389.076904296875,81.17579650878906,3688.117919921875,383.3929748535156,116.84107208251952,3590.215087890625,342.4917907714844,117.45032501220705,3630.074951171875,74.04678344726562,-471.6868286132813,3759.5341796875,-47.77731704711914,-436.26409912109375,3765.383056640625,-111.27183532714844,-198.33981323242188,3880.718505859375,-139.73524475097656,26.35869407653809,3868.478759765625,-154.81381225585938,106.8875961303711,3926.040283203125,-100.26663208007812,177.270263671875,3875.131591796875,-95.4736328125,124.30038452148438,3795.324951171875,194.6470184326172,10.231022834777832,3802.16796875,209.2613983154297,382.2455139160156,3906.402587890625,197.04478454589844,687.7017211914062,4113.9306640625,246.73277282714844,848.6600952148438,4047.9345703125,27.5744571685791,6.909651756286621,3791.23388671875,21.1259765625,390.5138549804687,3746.986083984375,19.746469497680664,763.3285522460938,3726.604248046875,-8.607782363891602,843.3020629882812,3583.39892578125,98.45582580566406,-584.976806640625,3736.5244140625,88.85352325439453,-586.7294921875,3581.648681640625,108.7886734008789,-630.8952026367188,3605.603759765625,167.82171630859375,-653.85986328125,3710.371826171875,59.60049819946289,-619.494873046875,3605.463623046875,9.411640167236328,-632.2005615234375,3720.9189453125
95.17194366455078,9.819328308105469,3763.738037109375,98.07494354248048,-159.96005249023438,3735.606689453125,99.9721221923828,-297.5108642578125,3732.432373046875,89.54230499267578,-506.63043212890625,3726.830078125,123.53921508789062,-473.8769226074219,3724.08447265625,255.65573120117188,-444.6590576171875,3697.400634765625,359.8013916015625,-199.97817993164065,3716.44384765625,380.2540283203125,8.10997200012207,3636.751220703125,380.5694885253906,85.91777038574219,3687.507080078125,361.2762756347656,123.96898651123048,3592.390380859375,320.7435607910156,112.26978302001952,3651.14990234375,59.38496398925781,-470.3504333496094,3733.4150390625,-61.79334259033203,-433.31488037109375,3739.873779296875,-124.35948181152344,-192.8743438720703,3849.720703125,-148.62338256835938,30.89618682861328,3823.575439453125,-160.44775390625,100.09304809570312,3894.831298828125,-123.06436920166016,185.55519104003903,3852.425048828125,-108.845947265625,139.62240600585938,3776.975341796875,183.10922241210935,10.98516082763672,3765.7763671875,200.0806579589844,385.7958068847656,3857.429931640625,196.17205810546875,671.9312744140625,4090.57421875,242.2164001464844,842.319580078125,4051.667724609375,15.87503433227539,8.768046379089355,3761.899658203125,12.364879608154297,393.0760498046875,3728.052734375,15.14598560333252,765.9351806640625,3718.30419921875,-8.264800071716309,851.1640014648438,3577.451171875,83.83414459228516,-583.8109741210938,3711.953125,67.33003234863281,-580.6912231445312,3557.83935546875,91.9000244140625,-623.8229370117188,3579.09814453125,157.30760192871094,-645.530029296875,3680.137939453125,42.0339469909668,-616.6219482421875,3581.514892578125,-1.5386533737182615,-637.7186889648438,3698.280517578125
86.5277099609375,8.80748462677002,3732.38818359375,89.39817810058594,-162.29957580566406,3706.56298828125,91.70472717285156,-300.63311767578125,3705.138916015625,77.26600646972656,-510.5928649902344,3697.059326171875,112.00023651123048,-478.2522888183594,3694.144287109375,244.0047912597656,-447.2713317871094,3665.0576171875,350.8410949707031,-203.3189239501953,3695.680908203125,359.892822265625,13.562738418579102,3636.481201171875,363.14605712890625,83.9079360961914,3697.85595703125,348.11907958984375,124.45813751220705,3602.370361328125,312.8845520019531,128.9976806640625,3651.856201171875,47.729469299316406,-473.6553649902344,3704.635986328125,-73.15556335449219,-433.4060974121094,3711.158935546875,-136.29525756835938,-187.1429748535156,3811.045654296875,-167.16033935546875,37.40365982055664,3787.804443359375,-179.9551544189453,95.45948791503906,3868.933349609375,-179.68968200683594,142.47203063964844,3777.251708984375,-137.09616088867188,142.98602294921875,3787.68408203125,174.9696502685547,10.28149127960205,3732.452392578125,198.7523498535156,390.3963317871094,3808.41357421875,209.90823364257812,664.182861328125,4058.75341796875,246.9119415283203,841.9153442382812,4050.41796875,6.775729179382324,7.478308200836182,3732.330322265625,4.395123481750488,394.7381591796875,3709.46875,9.73044490814209,769.7317504882812,3713.759765625,-15.761157035827637,860.252685546875,3575.506591796875,69.85847473144531,-587.8851928710938,3681.231201171875,68.78594970703125,-583.7630615234375,3525.4072265625,90.02102661132812,-627.8931274414062,3548.856201171875,144.76377868652344,-651.9303588867188,3656.32470703125,40.109615325927734,-619.2268676757812,3546.35986328125,-15.695653915405272,-639.56298828125,3658.72998046875
71.71334075927734,10.634357452392578,3703.626953125,75.84400177001953,-161.81106567382812,3676.1142578125,80.54590606689453,-301.3570861816406,3673.8017578125,68.13246154785156,-513.501708984375,3668.831787109375,102.77913665771484,-480.5360412597656,3664.84228515625,236.9831085205078,-454.0326843261719,3635.235107421875,336.52984619140625,-207.8264617919922,3686.982666015625,341.58941650390625,14.52349090576172,3641.121337890625,356.9822082519531,85.51957702636719,3701.215087890625,333.94207763671875,123.64417266845705,3605.25537109375,295.7491760253906,125.37127685546876,3666.343505859375,38.053104400634766,-476.43548583984375,3676.467529296875,-84.8526611328125,-438.1663513183594,3679.4560546875,-150.19639587402344,-189.37454223632812,3778.621337890625,-175.7283172607422,36.8409309387207,3746.111572265625,-205.23060607910156,91.60724639892578,3826.33056640625,-195.6669158935547,141.68275451660156,3735.6953125,-156.32769775390625,146.79005432128906,3750.3310546875,160.72840881347656,13.734171867370604,3697.56201171875,200.9627227783203,400.4728088378906,3747.061767578125,216.55218505859375,653.1209716796875,4023.19287109375,238.11083984375,835.2264404296875,4027.24560546875,-8.55545711517334,7.839117050170898,3709.095703125,-0.6274869441986084,399.1731262207031,3699.090576171875,15.159425735473633,777.079345703125,3714.194580078125,-21.8319091796875,864.1203002929688,3574.427978515625,61.23280334472656,-591.802734375,3654.068115234375,39.23536682128906,-579.5282592773438,3498.76904296875,65.93305969238281,-623.8634643554688,3516.792724609375,136.19313049316406,-650.3573608398438,3615.624267578125,15.272106170654297,-618.05810546875,3521.29052734375,-24.45895767211914,-647.8298950195312,3639.574951171875
65.9821548461914,13.037013053894045,3676.3505859375,68.13153076171875,-161.7512664794922,3650.72265625,71.57474517822266,-302.93603515625,3648.845458984375,54.71969223022461,-517.2421875,3645.546630859375,90.40977478027344,-484.6404724121094,3641.154052734375,226.67384338378903,-461.30621337890625,3610.70166015625,329.49676513671875,-215.41400146484375,3672.7578125,337.5335998535156,8.630424499511719,3622.832763671875,324.36224365234375,63.299259185791016,3699.843505859375,320.58392333984375,123.141845703125,3611.218994140625,265.627197265625,101.29342651367188,3617.53564453125,25.074207305908203,-479.0921325683594,3653.054931640625,-98.0181655883789,-436.6417846679687,3655.5830078125,-164.6556854248047,-182.6708068847656,3749.418212890625,-194.5007171630859,44.036014556884766,3706.87060546875,-221.6105499267578,103.22124481201172,3786.266357421875,-201.38552856445312,150.20957946777344,3694.3681640625,-157.61729431152344,147.95166015625,3709.317626953125,155.87879943847656,15.337815284729004,3668.197998046875,196.20347595214844,409.2767028808594,3686.93896484375,228.40310668945312,652.4161376953125,3975.716552734375,246.23304748535156,835.689208984375,3998.2890625,-15.081599235534668,10.96227741241455,3683.7021484375,-4.157981872558594,406.7747497558594,3690.04638671875,12.591245651245115,788.4691772460938,3714.765380859375,-15.722341537475586,867.6727294921875,3566.244140625,46.11744689941406,-596.3966064453125,3631.2587890625,34.1198616027832,-581.6069946289062,3473.276611328125,60.59248733520508,-626.3364868164062,3492.530029296875,125.31058502197266,-653.76318359375,3596.5458984375,9.07418727874756,-621.3341064453125,3493.75634765625,-38.444034576416016,-654.1289672851562,3609.94873046875
58.507911682128906,13.707436561584473,3647.825927734375,57.11616897583008,-160.84584045410156,3623.090576171875,58.03977966308594,-301.7108459472656,3618.42041015625,42.883155822753906,-515.7178344726562,3617.27978515625,78.123046875,-482.94097900390625,3611.8037109375,215.01617431640625,-459.4584045410156,3586.010498046875,319.5483703613281,-217.09799194335935,3656.080322265625,335.61285400390625,8.545785903930664,3619.1943359375,310.153076171875,63.43757247924805,3692.63623046875,313.1217956542969,132.4669647216797,3611.22216796875,265.3020935058594,101.31727600097656,3600.37109375,13.172783851623535,-477.8207702636719,3625.1435546875,-108.1015853881836,-435.2624206542969,3644.404541015625,-175.3628387451172,-176.559326171875,3721.68603515625,-222.4175262451172,40.20221710205078,3653.330322265625,-232.78567504882812,98.85308837890624,3736.69873046875,-217.92819213867188,148.4781494140625,3645.4140625,-179.98312377929688,144.98135375976562,3668.54736328125,147.81320190429688,14.68928050994873,3635.87255859375,194.723388671875,407.4795837402344,3630.651611328125,221.96438598632812,639.959228515625,3927.570556640625,244.80804443359375,818.1575927734375,3972.257568359375,-22.02259826660156,12.822064399719238,3658.60498046875,-7.427773475646973,407.2735290527344,3677.85009765625,12.874213218688965,786.8077392578125,3716.768310546875,-16.81842613220215,865.5072021484375,3568.656494140625,34.61219024658203,-594.890380859375,3603.875244140625,21.90789794921875,-579.0676879882812,3446.382080078125,46.29179763793945,-625.000732421875,3465.224609375,110.4248504638672,-655.8170166015625,3568.334716796875,-4.800612926483154,-617.5093383789062,3466.947265625,-52.68046951293945,-648.248046875,3583.252197265625
56.945743560791016,13.411019325256348,3622.021728515625,54.72581100463867,-161.56906127929688,3597.992431640625,55.57925796508789,-302.7417297363281,3594.76806640625,39.751007080078125,-517.110107421875,3594.86376953125,75.14169311523438,-484.4085693359375,3589.106201171875,212.48147583007812,-464.8248596191406,3561.064697265625,315.14056396484375,-223.38226318359375,3638.681396484375,322.11175537109375,3.1217784881591797,3601.5322265625,302.03741455078125,58.9322509765625,3676.1748046875,305.1353454589844,138.80616760253906,3605.0703125,259.4131774902344,102.05648803710938,3584.302490234375,10.117639541625977,-479.0087890625,3602.60302734375,-111.35432434082033,-433.1256103515625,3612.24365234375,-185.55154418945312,-176.14743041992188,3690.818603515625,-226.5409240722656,42.48794937133789,3623.034423828125,-252.3208923339844,110.64450073242188,3695.33642578125,-226.30615234375,156.4149627685547,3604.307373046875,-208.6624298095703,165.59109497070312,3610.519287109375,146.03445434570312,14.28252410888672,3607.445068359375,184.0018310546875,406.4108581542969,3563.871337890625,222.42483520507812,632.65576171875,3865.248291015625,240.70347595214844,811.5323486328125,3910.77099609375,-23.38945579528809,12.625144004821776,3635.166259765625,-9.855937004089355,407.2272033691406,3664.711669921875,11.186901092529297,786.2637329101562,3713.848388671875,-16.438756942749023,871.4017333984375,3568.5537109375,31.194156646728516,-596.4810180664062,3581.89892578125,13.176959037780762,-567.81640625,3426.44775390625,36.84897232055664,-615.8528442382812,3440.7021484375,103.86772918701172,-656.6048583984375,3538.6904296875,-13.985625267028809,-607.080810546875,3445.0068359375,-58.574520111083984,-645.6689453125,3560.551025390625
49.43368148803711,14.399236679077148,3594.208251953125,47.91765975952149,-160.24237060546875,3572.590087890625,49.600868225097656,-300.91156005859375,3570.99658203125,36.1603889465332,-514.6401977539062,3569.715087890625,71.06793212890625,-481.6417541503906,3564.222412109375,208.62486267089844,-463.6712646484375,3538.946533203125,304.553466796875,-220.58367919921875,3616.46826171875,313.2657775878906,5.91278076171875,3585.392333984375,302.8650207519531,61.28343963623047,3661.86376953125,305.67852783203125,154.3324432373047,3609.955078125,259.3224792480469,110.19699096679688,3573.81005859375,6.217629432678223,-477.0540466308594,3577.637451171875,-116.861572265625,-437.0683898925781,3586.6240234375,-194.05743408203125,-181.9024658203125,3664.55126953125,-238.58192443847656,31.5208740234375,3586.168212890625,-257.2418518066406,109.12159729003906,3650.11669921875,-247.20469665527344,155.94638061523438,3556.935302734375,-212.51138305664065,143.346923828125,3562.619140625,137.88929748535156,15.641654014587402,3577.968017578125,173.73974609375,402.3175964355469,3506.288330078125,206.3866729736328,631.0103149414062,3804.721435546875,232.88345336914065,810.3336791992188,3840.6318359375,-30.330638885498047,13.278895378112791,3608.8525390625,-12.098443031311035,404.7795715332031,3653.583251953125,11.88327407836914,780.134521484375,3716.626708984375,-8.095666885375977,863.2626342773438,3569.667236328125,28.509990692138672,-593.7208251953125,3556.2861328125,1.7489511966705322,-565.5120239257812,3402.6240234375,28.67361640930176,-611.9992065429688,3415.3642578125,102.14105987548828,-649.1484985351562,3509.490234375,-22.134790420532227,-606.2113037109375,3422.05712890625,-58.8648567199707,-647.6944580078125,3538.818115234375
47.24589538574219,13.224478721618652,3568.37158203125,40.63105773925781,-160.3731231689453,3547.142578125,38.73756408691406,-300.2623291015625,3545.11767578125,24.22612953186035,-512.720458984375,3541.72509765625,59.16655349731445,-480.0454406738281,3536.87255859375,195.86392211914065,-460.871826171875,3512.125732421875,291.5623474121094,-220.55877685546875,3593.25634765625,312.72332763671875,5.682677268981934,3581.5625,303.7217102050781,71.71259307861328,3648.512939453125,275.1692810058594,160.94979858398438,3598.93701171875,255.54293823242188,107.37802124023438,3543.277587890625,-5.416130542755127,-475.2521057128906,3549.69775390625,-127.86676025390624,-435.4539489746094,3557.8203125,-207.15447998046875,-183.45877075195312,3638.50244140625,-248.25296020507812,21.994516372680664,3542.6455078125,-266.843017578125,99.54693603515624,3605.772705078125,-255.61663818359375,175.5540313720703,3535.395751953125,-213.4322204589844,129.45138549804688,3528.953857421875,134.45513916015625,12.331700325012209,3548.498291015625,169.54151916503906,391.83489990234375,3453.724853515625,194.22866821289065,636.3018798828125,3737.44482421875,221.31285095214844,816.9136962890625,3757.9580078125,-31.394515991210938,14.029536247253418,3586.2919921875,-13.769593238830566,402.5120849609375,3638.00830078125,12.292351722717283,773.7628784179688,3711.107666015625,-16.597673416137695,870.0886840820312,3575.177490234375,16.30658721923828,-591.1954956054688,3527.56396484375,-2.40167236328125,-558.5382080078125,3374.48681640625,21.852853775024418,-606.1459350585938,3387.143310546875,89.1509780883789,-648.302490234375,3482.851318359375,-28.63747215270996,-598.3997802734375,3391.771484375,-71.89762878417969,-640.7158203125,3505.166015625
43.39749526977539,11.4440279006958,3535.37255859375,35.02936935424805,-161.80804443359375,3517.98974609375,31.243507385253903,-301.1185607910156,3518.43408203125,16.3944034576416,-512.7255249023438,3520.4365234375,51.24528884887695,-480.3782043457031,3514.70703125,186.81402587890625,-457.0490417480469,3490.4658203125,282.86138916015625,-217.3949432373047,3569.52685546875,291.5654296875,7.476061820983887,3542.7353515625,290.44439697265625,63.09553909301758,3618.61669921875,266.7248840332031,150.71844482421875,3564.69970703125,237.881103515625,115.05379486083984,3524.552734375,-13.04444694519043,-475.16107177734375,3527.4951171875,-134.77908325195312,-436.9348449707031,3542.7236328125,-211.93707275390625,-183.0279235839844,3615.3359375,-258.550537109375,17.25429344177246,3513.4375,-268.02532958984375,93.67465209960938,3579.266357421875,-260.5480651855469,156.6927490234375,3497.150390625,-226.3751983642578,119.19418334960938,3470.4912109375,130.66131591796875,9.015756607055664,3517.565673828125,160.6757354736328,385.3646545410156,3415.20703125,177.48580932617188,650.3277587890625,3678.3974609375,213.88462829589844,828.8739013671875,3660.949951171875,-35.2921257019043,13.633706092834473,3551.4296875,-15.659893035888672,398.3604431152344,3616.907470703125,11.920690536499023,763.625,3709.287109375,-10.841390609741213,868.6557006835938,3579.615234375,8.331899642944336,-591.2063598632812,3508.328857421875,-11.165142059326172,-555.1810302734375,3356.7548828125,12.758819580078123,-603.0278930664062,3368.132568359375,80.17972564697266,-647.5668334960938,3462.01904296875,-37.443748474121094,-595.0820922851562,3373.27734375,-80.01366424560547,-639.4379272460938,3485.572265625
39.915287017822266,12.328095436096191,3513.9892578125,31.3236083984375,-159.50611877441406,3494.737060546875,27.648290634155273,-297.8601989746094,3495.010986328125,14.230433464050291,-508.0445861816406,3489.819580078125,48.70356369018555,-475.540771484375,3485.64990234375,184.08644104003903,-456.3853759765625,3462.249267578125,273.3327941894531,-217.5472412109375,3545.320068359375,294.1541748046875,6.483003616333008,3539.60498046875,270.1737060546875,74.08965301513672,3599.484619140625,250.47671508789065,146.47695922851562,3526.227783203125,232.36778259277344,97.77454376220705,3491.67138671875,-15.33226203918457,-471.1695861816406,3497.6865234375,-136.4816436767578,-433.2379150390625,3510.720947265625,-220.69174194335935,-184.8068695068359,3587.18408203125,-265.36895751953125,9.538873672485352,3476.8212890625,-262.9741516113281,83.10287475585938,3545.41455078125,-265.87432861328125,152.37835693359375,3469.158935546875,-232.6134490966797,109.52864837646484,3437.72802734375,126.55502319335938,9.991296768188477,3496.181396484375,149.7483367919922,379.2178955078125,3377.64599609375,158.72994995117188,671.0530395507812,3606.97314453125,200.2081298828125,842.4148559570312,3562.66845703125,-38.21158599853515,14.435290336608888,3530.047119140625,-17.01264190673828,395.6517333984375,3599.450927734375,13.116056442260742,756.4426879882812,3697.821533203125,-11.78005027770996,869.9351806640625,3577.51025390625,6.879270076751709,-585.5877075195312,3475.107421875,-11.725030899047852,-550.3106079101562,3324.36328125,10.82850170135498,-598.3430786132812,3335.9521484375,76.73554229736328,-643.6577758789062,3429.419921875,-38.805912017822266,-589.151611328125,3341.05419921875,-82.0730209350586,-631.38330078125,3452.899169921875
41.045188903808594,12.752333641052246,3487.17138671875,29.65987777709961,-159.6155548095703,3471.28955078125,24.20429420471191,-298.1737976074219,3473.453125,9.789606094360352,-508.66168212890625,3466.32080078125,44.452396392822266,-476.2062683105469,3462.251220703125,178.6920928955078,-450.24951171875,3437.216796875,271.2271728515625,-211.973388671875,3520.051513671875,270.33135986328125,11.91726303100586,3492.985595703125,265.8125,90.98181915283205,3542.93505859375,229.3602294921875,143.6194305419922,3459.6318359375,219.3762664794922,103.10971069335938,3425.333251953125,-19.621185302734375,-471.65911865234375,3474.729736328125,-140.23861694335938,-430.8836669921875,3486.58203125,-230.21620178222656,-182.9699859619141,3560.069580078125,-274.63482666015625,10.79401397705078,3447.6474609375,-287.1707458496094,97.4119110107422,3497.682861328125,-267.2102966308594,144.2689971923828,3407.842041015625,-250.30482482910156,123.87667083740234,3403.523193359375,127.0312042236328,9.034326553344728,3465.882080078125,138.4841766357422,374.5500793457031,3332.489013671875,156.69459533691406,690.1680297851562,3528.575439453125,179.51353454589844,863.1112060546875,3476.119140625,-36.492183685302734,16.105024337768555,3506.368896484375,-24.204679489135746,398.5748291015625,3575.40869140625,7.354050636291504,754.4337768554688,3692.42041015625,-24.016517639160156,890.4906616210938,3599.724609375,1.9912785291671753,-586.1834716796875,3450.8818359375,-17.80518913269043,-545.8057861328125,3301.247802734375,5.055115699768066,-594.2098388671875,3311.0693359375,71.89898681640625,-642.5006103515625,3402.6904296875,-44.67854309082031,-585.3795776367188,3316.820556640625,-87.11322021484375,-631.649658203125,3427.67431640625
37.229759216308594,16.472288131713867,3461.134765625,24.562585830688477,-154.86752319335938,3445.2265625,18.095748901367188,-292.6423034667969,3447.10302734375,7.253613471984863,-502.210205078125,3439.94970703125,41.16697692871094,-469.3515319824219,3435.786376953125,174.39974975585938,-447.0597534179687,3406.352783203125,270.8706359863281,-213.4115447998047,3493.1279296875,271.47125244140625,9.725019454956056,3470.183837890625,260.3337707519531,87.58782196044922,3520.045654296875,233.38856506347656,137.77658081054688,3432.433349609375,212.5902404785156,101.30225372314452,3414.09619140625,-22.581724166870117,-465.9072265625,3448.44677734375,-142.51641845703125,-425.8997802734375,3462.301513671875,-237.43215942382812,-181.2245330810547,3534.974365234375,-277.88006591796875,10.976568222045898,3420.863037109375,-291.8432312011719,86.99297332763672,3484.74755859375,-273.0353698730469,142.29884338378906,3400.255859375,-251.701171875,126.38420104980467,3394.959716796875,122.60857391357422,12.169992446899414,3439.48828125,130.36962890625,376.8900146484375,3309.773681640625,135.28414916992188,714.9949340820312,3460.032470703125,164.65184020996094,874.0288696289062,3378.345703125,-39.76007080078125,20.35185432434082,3480.654296875,-29.044713973999023,399.7430725097656,3555.0302734375,3.863539457321167,751.8162841796875,3676.578857421875,-13.69194507598877,879.9859008789062,3571.448974609375,0.7354100346565247,-579.4286499023438,3424.58154296875,-24.89544105529785,-539.9675903320312,3276.468505859375,-0.263051837682724,-587.32080078125,3285.4833984375,70.58971405029297,-633.083740234375,3374.465087890625,-49.795936584472656,-580.2026977539062,3292.741943359375,-86.99707794189453,-627.6034545898438,3404.213623046875
33.314334869384766,16.110872268676758,3435.25439453125,22.17312240600586,-154.19168090820312,3420.188720703125,16.563676834106445,-291.046875,3420.343017578125,3.6458215713500977,-499.0854187011719,3415.51806640625,37.61125183105469,-466.84576416015625,3410.760498046875,167.93814086914062,-439.2859191894531,3377.564453125,260.7613525390625,-204.9053192138672,3460.49560546875,269.4782409667969,16.710773468017578,3439.939453125,258.5502014160156,81.01463317871094,3505.4912109375,224.77243041992188,150.5909881591797,3436.308837890625,208.76202392578125,113.29874420166016,3399.843017578125,-25.543560028076172,-462.6527404785156,3423.822998046875,-144.47254943847656,-423.5893249511719,3440.566162109375,-233.91403198242188,-178.74427795410156,3512.462890625,-279.4361572265625,12.585118293762209,3402.022705078125,-303.22210693359375,92.2517547607422,3456.807373046875,-273.5657653808594,141.19627380371094,3372.376708984375,-258.96380615234375,122.86752319335938,3347.66259765625,117.72795104980467,12.624982833862305,3412.234130859375,116.6267547607422,376.4376831054687,3287.94775390625,117.20409393310548,729.635498046875,3389.194091796875,130.0201873779297,868.4935302734375,3275.520751953125,-42.805137634277344,19.254253387451172,3456.0126953125,-32.31271743774414,395.9442443847656,3530.071044921875,8.540678977966309,734.9111938476562,3675.973388671875,-16.52552604675293,870.182373046875,3583.928466796875,-3.726073026657105,-575.8468017578125,3401.119140625,-23.815284729003903,-530.5679321289062,3254.96923828125,-0.5310294032096863,-578.3731079101562,3262.832275390625,66.15725708007812,-628.5499877929688,3351.469482421875,-49.77724075317383,-570.6100463867188,3268.79931640625,-91.04306030273438,-621.134033203125,3376.392822265625
28.3302001953125,19.05950164794922,3413.401611328125,15.690590858459473,-150.69740295410156,3397.1474609375,7.840669631958008,-287.08636474609375,3392.123291015625,2.721344232559204,-495.0797424316406,3388.145263671875,35.41661834716797,-461.6792907714844,3383.390869140625,164.78688049316406,-428.1898193359375,3353.124267578125,254.21348571777344,-192.2276306152344,3433.6376953125,260.32403564453125,28.53470993041992,3408.17333984375,244.29429626464844,103.27311706542967,3459.901611328125,216.76022338867188,168.25210571289062,3384.097412109375,199.7093811035156,115.8871612548828,3352.541748046875,-27.7813663482666,-459.7957153320313,3396.164794921875,-146.83169555664062,-421.8409729003906,3412.7666015625,-238.9063262939453,-179.2790069580078,3487.0859375,-284.164306640625,14.951273918151855,3382.64794921875,-304.73748779296875,91.15780639648438,3443.023193359375,-289.8946228027344,152.4071502685547,3363.073974609375,-259.6312255859375,120.05949401855467,3336.870849609375,112.2531509399414,15.116192817687988,3389.32470703125,107.75397491455078,379.7312622070313,3269.841552734375,106.15196228027344,743.1716918945312,3318.73046875,104.6388931274414,865.2669677734375,3187.072998046875,-47.346824645996094,22.615358352661133,3435.113037109375,-39.45972442626953,398.280029296875,3510.860595703125,6.9929585456848145,731.87353515625,3665.403076171875,-15.161283493041992,876.2609252929688,3588.2333984375,-1.7152516841888428,-571.9735107421875,3374.072998046875,-29.95828437805176,-519.8895874023438,3231.9052734375,-7.064934253692627,-568.2232055664062,3236.146484375,63.981956481933594,-623.196533203125,3317.969482421875,-55.62348937988281,-560.088623046875,3245.489013671875,-90.94654083251952,-614.8101196289062,3352.862060546875
25.615867614746097,23.295576095581055,3385.65185546875,13.679692268371582,-145.42015075683594,3368.433349609375,7.163923740386963,-281.1612548828125,3366.18359375,-0.137296974658966,-487.7299499511719,3357.257568359375,32.75849914550781,-454.77886962890625,3353.54248046875,160.9400634765625,-423.751708984375,3319.418701171875,250.3905029296875,-189.96633911132812,3401.2177734375,253.07911682128903,28.49510383605957,3367.768310546875,258.51190185546875,99.53192138671876,3425.6005859375,225.10841369628903,184.51837158203125,3378.014892578125,197.17755126953125,126.58547973632812,3326.98046875,-30.136425018310547,-452.51861572265625,3365.86376953125,-147.58929443359375,-411.9736328125,3382.196044921875,-242.10890197753903,-174.0755615234375,3462.6162109375,-282.7497253417969,22.224367141723633,3363.063232421875,-312.7781066894531,103.34619903564452,3410.806884765625,-293.5049743652344,145.6275634765625,3320.890869140625,-259.1772766113281,126.53759002685548,3322.94189453125,109.5114517211914,19.638442993164062,3363.328369140625,99.60150909423828,385.6057434082031,3256.037353515625,93.0483627319336,750.07080078125,3248.81494140625,87.56188201904297,865.0713500976562,3112.375,-50.03646469116211,26.593372344970703,3405.78173828125,-45.994686126708984,398.5081787109375,3488.796630859375,3.5265536308288574,724.847412109375,3652.478271484375,-8.779210090637207,878.4844970703125,3595.70703125,-5.278679370880127,-563.7708740234375,3341.416015625,-30.136417388916016,-516.7713623046875,3197.814208984375,-5.073314666748047,-563.4287719726562,3204.134521484375,64.89335632324219,-612.3692016601562,3289.59716796875,-54.05437088012695,-557.7330932617188,3211.263427734375,-90.67440032958984,-611.5187377929688,3317.82421875
17.431507110595703,29.53629493713379,3357.1240234375,8.774219512939453,-138.79087829589844,3339.295166015625,6.503408908843994,-274.23992919921875,3342.1884765625,1.3192723989486694,-480.0356750488281,3329.437744140625,33.70232009887695,-446.7607727050781,3325.907958984375,160.02870178222656,-414.9107971191406,3287.55224609375,245.4535369873047,-179.30763244628906,3365.76318359375,241.8517303466797,38.436012268066406,3332.19384765625,259.9936828613281,111.87911224365234,3383.63037109375,221.77674865722656,195.2720642089844,3337.55419921875,192.54656982421875,137.92274475097656,3282.050048828125,-28.839754104614254,-445.434814453125,3339.107177734375,-147.00286865234375,-409.2225341796875,3357.43017578125,-241.9356689453125,-171.82508850097656,3436.0810546875,-280.86419677734375,28.6320743560791,3346.1328125,-321.1223449707031,109.87092590332033,3384.62451171875,-291.42022705078125,145.51931762695312,3295.02392578125,-258.4576721191406,132.6065673828125,3305.8583984375,100.99209594726562,27.649263381958008,3334.364990234375,89.3083267211914,395.868896484375,3239.87890625,80.2953872680664,754.7446899414062,3182.93798828125,71.96251678466797,863.5137939453125,3042.312255859375,-57.918758392333984,31.2379150390625,3377.64697265625,-49.173370361328125,396.9933471679687,3480.044189453125,4.10279655456543,720.5692749023438,3645.482421875,-16.600866317749023,864.9857177734375,3571.12744140625,-3.2123863697052,-555.58056640625,3312.2646484375,-18.3918514251709,-508.8545227050781,3167.727783203125,2.6379199028015137,-557.0659790039062,3175.536865234375,64.84510040283203,-609.9478149414062,3264.073486328125,-45.85712814331055,-547.5538330078125,3180.53125,-90.73841857910156,-596.796875,3285.671142578125
12.81455898284912,39.76839065551758,3334.068115234375,4.249255180358887,-128.4588623046875,3309.501220703125,1.9973137378692627,-264.5189514160156,3307.880859375,2.017544984817505,-471.28424072265625,3295.217529296875,33.73936080932617,-437.0742492675781,3291.95458984375,162.3534698486328,-406.9425354003906,3257.9658203125,244.7922210693359,-168.86663818359375,3335.7333984375,248.6746368408203,49.04855728149414,3297.3486328125,234.74839782714844,118.84635925292967,3355.4521484375,213.9123687744141,198.7865295410156,3293.765625,185.7927093505859,144.853759765625,3265.486328125,-29.213441848754883,-437.2845764160156,3304.604736328125,-148.20664978027344,-405.70758056640625,3328.877685546875,-239.2886657714844,-166.70909118652344,3411.11767578125,-284.8394470214844,35.25860595703125,3325.342041015625,-318.899169921875,115.13300323486328,3372.7412109375,-295.2007751464844,144.78880310058594,3278.778564453125,-258.06097412109375,138.37010192871094,3299.971435546875,97.0870361328125,38.63072967529297,3312.4765625,77.15292358398438,407.684326171875,3215.97265625,59.860408782958984,765.9236450195312,3147.908203125,53.70823287963867,841.1575317382812,2985.877197265625,-63.17763900756836,40.79426956176758,3353.5380859375,-56.78178405761719,406.3697509765625,3462.67431640625,-2.2583305835723877,718.9486694335938,3650.843017578125,-15.53227710723877,863.4284057617188,3573.405029296875,-0.4931418299674988,-547.2589111328125,3277.997314453125,-24.079185485839844,-499.29833984375,3134.29150390625,0.916315495967865,-546.0770263671875,3140.55322265625,70.17465209960938,-595.66943359375,3226.432861328125,-48.18220520019531,-540.3701171875,3147.29638671875,-85.83102416992188,-594.8388061523438,3253.336181640625
10.373785972595217,48.27013397216797,3308.180419921875,2.9132063388824463,-121.2190399169922,3281.42822265625,1.057974934577942,-258.3987731933594,3275.85546875,1.4590799808502195,-467.2384948730469,3267.54931640625,33.445072174072266,-432.7530822753906,3263.78173828125,162.21607971191406,-398.6330261230469,3229.244140625,241.45040893554688,-154.49310302734375,3299.17822265625,245.42230224609375,65.02987670898438,3258.5673828125,242.79901123046875,146.1811065673828,3303.298828125,204.25531005859375,214.4205322265625,3234.89892578125,183.57305908203125,169.61375427246094,3224.291259765625,-30.173500061035156,-432.78717041015625,3276.024658203125,-149.9265594482422,-400.0899658203125,3300.8974609375,-243.79579162597656,-159.72409057617188,3383.898193359375,-286.07080078125,49.35728073120117,3308.9091796875,-323.384521484375,124.94436645507812,3362.35791015625,-294.2442321777344,159.16323852539062,3270.518310546875,-263.3092956542969,158.5536346435547,3282.909423828125,95.32565307617188,48.0190544128418,3286.07958984375,72.3670883178711,419.6025695800781,3186.425537109375,51.408077239990234,779.57666015625,3111.3203125,44.90647506713867,858.643798828125,2949.356689453125,-66.23104858398438,48.49654006958008,3328.109619140625,-56.22201156616211,414.3865661621094,3447.428955078125,-11.560850143432615,723.0872192382812,3650.505126953125,-21.789230346679688,868.1691284179688,3570.6318359375,-0.8295043110847473,-544.2505493164062,3251.800048828125,-22.51499366760254,-491.1542663574219,3108.131103515625,1.5595794916152954,-539.0904541015625,3113.23095703125,69.6695785522461,-593.2254638671875,3198.815673828125,-47.87617874145508,-532.3750610351562,3119.896484375,-87.84984588623047,-589.4925537109375,3225.01123046875
4.1719970703125,54.4655876159668,3273.48095703125,-3.0321781635284424,-116.25238037109376,3248.41552734375,-4.209364414215088,-254.2834320068359,3245.6318359375,-3.701790571212769,-464.2851257324219,3237.489013671875,28.4415225982666,-429.5964965820313,3233.652587890625,157.84738159179688,-395.9234313964844,3198.028076171875,238.98065185546875,-148.97215270996094,3261.193603515625,247.8494110107422,72.537109375,3225.6572265625,249.69125366210935,160.96368408203125,3255.083740234375,197.3441467285156,235.71041870117188,3203.96240234375,178.03868103027344,177.91339111328125,3200.03125,-35.523311614990234,-429.6512451171875,3245.989990234375,-155.98037719726562,-397.65374755859375,3271.92138671875,-241.38037109375,-151.48724365234375,3351.918212890625,-285.1899108886719,65.2818832397461,3299.15478515625,-320.8885498046875,142.83953857421875,3351.911865234375,-286.05731201171875,171.66070556640625,3259.572509765625,-269.5019226074219,182.61740112304688,3275.20361328125,89.47383880615234,54.19539642333984,3250.80419921875,62.403602600097656,429.005859375,3156.1328125,37.2394905090332,792.018310546875,3087.186279296875,35.50761795043945,879.9789428710938,2928.610107421875,-72.74842071533203,54.709232330322266,3293.9296875,-64.8719711303711,418.38519287109375,3426.341796875,-10.401800155639648,722.0172729492188,3638.2529296875,-23.475568771362305,880.041259765625,3586.332275390625,-5.970003128051758,-541.7396850585938,3221.73095703125,-22.824317932128903,-488.5708923339844,3076.526123046875,3.748708248138428,-535.3749389648438,3082.763916015625,70.39140319824219,-586.5270385742188,3172.21533203125,-46.55403137207031,-531.4730224609375,3086.75146484375,-89.16048431396484,-591.86572265625,3189.8203125
4.044150352478027,59.20257186889648,3238.4384765625,-5.0418548583984375,-110.3136978149414,3215.120849609375,-6.372074604034424,-247.29600524902344,3215.040771484375,-1.279285192489624,-455.5783081054687,3206.40771484375,29.627899169921875,-420.4107971191406,3201.480712890625,156.28160095214844,-384.8717956542969,3162.1416015625,240.7039031982422,-140.48899841308594,3222.1171875,250.54087829589844,78.80154418945312,3184.161865234375,249.37364196777344,161.1223907470703,3226.30078125,189.7207489013672,235.9837951660156,3186.197998046875,172.93031311035156,178.0706024169922,3160.84619140625,-33.30791091918945,-421.9827575683594,3216.1259765625,-151.80274963378906,-389.20855712890625,3245.10107421875,-238.6971740722656,-146.53750610351562,3326.9423828125,-289.9173583984375,68.962646484375,3284.2080078125,-320.76788330078125,143.6097869873047,3342.45458984375,-280.4775695800781,206.33787536621097,3272.824951171875,-266.2354736328125,189.6058654785156,3259.5517578125,87.44129180908203,58.408355712890625,3211.715576171875,60.09525680541992,434.0167846679687,3134.135498046875,35.396427154541016,797.85107421875,3088.8466796875,24.06503677368164,879.6964111328125,2929.005615234375,-71.15872192382812,59.91874694824219,3262.53564453125,-77.02581024169922,420.99273681640625,3393.3837890625,-27.004379272460938,703.4639282226562,3629.18115234375,-41.70783615112305,867.7177734375,3614.66259765625,-2.316537618637085,-532.4346923828125,3190.670166015625,-22.019487380981445,-480.4983215332031,3046.676025390625,2.787513732910156,-527.83837890625,3052.47509765625,69.9909896850586,-580.1838989257812,3139.476806640625,-46.77702331542969,-522.044677734375,3058.0908203125,-87.70763397216797,-579.322509765625,3162.39892578125
0.0872960016131401,57.05483627319336,3196.92431640625,-7.472510814666748,-110.636962890625,3176.298583984375,-7.5544753074646,-245.83663940429688,3177.68603515625,0.4336899220943451,-451.2633056640625,3167.98291015625,30.394147872924805,-416.08197021484375,3163.12060546875,154.2665252685547,-375.1905822753906,3126.4052734375,234.73629760742188,-133.9527130126953,3189.29541015625,242.12025451660156,80.41471099853516,3140.972412109375,242.11717224121097,158.09869384765625,3188.908447265625,193.89846801757812,240.1093292236328,3150.93798828125,169.03871154785156,176.48985290527344,3116.339599609375,-31.599111557006836,-418.6267700195313,3177.9609375,-147.3191375732422,-384.70257568359375,3209.589599609375,-232.53762817382812,-148.79331970214844,3300.869873046875,-287.0697021484375,63.57347869873047,3262.12353515625,-319.8725891113281,151.5467987060547,3291.191650390625,-273.2322082519531,238.74476623535156,3272.25390625,-261.03253173828125,186.84103393554688,3254.6435546875,82.07903289794922,56.724334716796875,3169.5595703125,57.83622741699219,430.2031555175781,3106.689697265625,36.972930908203125,791.73681640625,3086.5810546875,22.204187393188477,884.4578857421875,2935.836181640625,-73.84825134277344,57.35286331176758,3221.600341796875,-81.8514633178711,412.062255859375,3355.14453125,-31.16301727294922,688.6937255859375,3590.1640625,-38.87645721435547,846.8818359375,3549.9775390625,0.4233293831348419,-527.0401000976562,3152.032470703125,-16.10028839111328,-484.7362365722656,3006.630615234375,9.830206871032717,-530.1065673828125,3015.8251953125,75.06615447998047,-574.263916015625,3106.58251953125,-39.41962814331055,-525.9202270507812,3019.4990234375,-81.1788101196289,-577.963134765625,3124.258544921875
-1.4291000366210938,55.73040390014648,3162.384765625,-7.392916202545166,-113.21619415283205,3139.98193359375,-6.092109680175781,-249.53900146484375,3140.56640625,2.6878855228424072,-456.7375183105469,3133.04150390625,32.719905853271484,-421.20703125,3127.501708984375,159.07904052734375,-382.2165832519531,3093.091796875,236.80783081054688,-135.359130859375,3145.922607421875,246.10037231445312,82.37654113769531,3105.24609375,250.1594390869141,163.7454833984375,3148.075439453125,196.5466461181641,244.24639892578125,3111.841552734375,173.60433959960938,182.3690490722656,3114.71142578125,-29.657997131347656,-423.84136962890625,3142.9892578125,-145.69776916503906,-388.4389343261719,3175.900146484375,-229.9919281005859,-152.03807067871094,3273.08837890625,-290.1956787109375,61.73224639892578,3240.229248046875,-313.0815124511719,152.19097900390625,3273.619873046875,-276.2125244140625,246.2891387939453,3263.985107421875,-265.54364013671875,186.59080505371097,3234.7529296875,81.39424896240234,56.404422760009766,3135.25341796875,59.96464157104492,434.5574951171875,3080.74560546875,43.07678985595703,799.765869140625,3071.859130859375,18.503435134887695,901.4555053710938,2926.528564453125,-76.11456298828125,55.12261199951172,3186.850341796875,-81.96748352050781,417.7111511230469,3307.723876953125,-23.050148010253903,687.5977172851562,3553.202880859375,-26.995765686035156,848.7711791992188,3519.2763671875,2.846712827682495,-533.3193969726562,3117.816650390625,-15.593879699707031,-478.2146606445313,2975.637451171875,12.280556678771973,-523.5897827148438,2980.784423828125,79.8088607788086,-573.6988525390625,3068.033935546875,-37.49853515625,-521.6072998046875,2984.743408203125,-77.45814514160156,-584.9981079101562,3085.08837890625
-3.1158223152160645,55.297603607177734,3128.44921875,-7.077690124511719,-113.93956756591795,3106.159912109375,-4.136107444763184,-250.4080810546875,3106.857666015625,5.9780592918396,-457.7828979492187,3098.6787109375,35.8247184753418,-422.0000915527344,3093.263427734375,162.17323303222656,-381.64105224609375,3059.71923828125,234.03433227539065,-131.953369140625,3109.10986328125,242.8596954345703,85.92139434814453,3067.560546875,248.12857055664065,171.6121368408203,3101.06298828125,201.3812713623047,259.3049011230469,3072.441650390625,177.06649780273438,191.59674072265625,3076.55810546875,-26.623565673828125,-425.0831604003906,3108.720947265625,-143.60057067871094,-394.5882568359375,3143.763427734375,-227.91043090820312,-159.683349609375,3245.403076171875,-284.0075988769531,57.29290771484375,3227.983154296875,-306.6251525878906,153.46878051757812,3237.197509765625,-267.80987548828125,247.1316680908203,3244.493408203125,-258.5523681640625,179.68373107910156,3230.45361328125,79.7733154296875,56.94496536254883,3101.207763671875,56.46648406982422,436.7065124511719,3056.07177734375,38.521690368652344,802.4207153320312,3059.168701171875,23.14916229248047,918.1815795898438,2923.118896484375,-77.86061096191406,53.812103271484375,3153.013916015625,-98.05355834960938,421.06353759765625,3258.85400390625,-34.12522506713867,685.9614868164062,3509.166748046875,-38.75413513183594,849.6065673828125,3488.89990234375,6.634089469909668,-534.4104614257812,3083.194580078125,-16.5102481842041,-477.8316345214844,2942.076904296875,13.57729434967041,-521.9733276367188,2946.05810546875,84.7613525390625,-570.3278198242188,3031.5869140625,-36.23850631713867,-522.4110107421875,2950.754150390625,-71.72758483886719,-589.348388671875,3050.6728515625
-2.0985405445098877,55.99659729003906,3093.480712890625,-9.33393383026123,-114.3171157836914,3075.560546875,-8.743708610534668,-251.26475524902344,3080.31201171875,3.943862438201904,-459.2108154296875,3069.996337890625,33.47119140625,-422.8746948242187,3064.948486328125,161.0764923095703,-381.8759765625,3034.9580078125,233.2210693359375,-130.12814331054688,3078.650390625,234.9701385498047,85.9932861328125,3024.3828125,245.3228759765625,170.5215301513672,3060.533203125,197.26156616210935,261.188232421875,3044.808349609375,168.7989501953125,190.60044860839844,3043.576904296875,-29.18732452392578,-426.8882141113281,3080.38427734375,-148.21383666992188,-400.5779418945313,3113.627197265625,-232.34706115722656,-167.84283447265625,3222.894287109375,-286.96282958984375,50.55995178222656,3207.43505859375,-300.40667724609375,146.90467834472656,3228.876220703125,-270.3915710449219,244.0637664794922,3237.366455078125,-256.2911071777344,175.57901000976562,3199.512451171875,80.9810791015625,55.39065170288086,3065.696044921875,57.619014739990234,438.3177795410156,3038.11083984375,40.43529510498047,804.981689453125,3057.671630859375,17.680910110473633,928.8091430664062,2929.042724609375,-77.01508331298828,56.54300308227539,3118.53564453125,-99.92636108398438,430.2945251464844,3204.59716796875,-41.33082962036133,678.0953369140625,3475.040283203125,-32.130592346191406,827.783935546875,3545.2685546875,5.5474019050598145,-535.9599609375,3053.672607421875,-9.546185493469238,-478.0774841308594,2911.346923828125,19.8746395111084,-522.77978515625,2916.6396484375,86.14899444580078,-572.68212890625,3005.8154296875,-30.31437873840332,-522.6318969726562,2918.726318359375,-71.952392578125,-589.9546508789062,3016.603271484375
-4.456161022186279,55.68082046508789,3063.944091796875,-6.940189838409424,-115.92562103271484,3045.57666015625,-3.2719342708587646,-253.785400390625,3050.2841796875,7.357034683227539,-463.278076171875,3039.37451171875,37.48276138305664,-426.98577880859375,3034.468505859375,166.1802215576172,-385.7653503417969,3005.04296875,234.79122924804688,-130.2880096435547,3043.81640625,230.6968231201172,86.27755737304688,2985.202880859375,250.63368225097656,170.12545776367188,3020.574462890625,201.10752868652344,258.4205322265625,2994.49951171875,170.54510498046875,193.23597717285156,3006.176513671875,-25.69406509399414,-430.4122619628906,3049.831787109375,-144.67449951171875,-403.0084838867187,3085.6259765625,-231.2361297607422,-171.69415283203125,3200.562744140625,-286.0672607421875,48.11684799194336,3182.885009765625,-309.29571533203125,140.52383422851562,3214.242919921875,-277.67803955078125,238.0224151611328,3206.944091796875,-265.8799133300781,175.9001007080078,3173.000244140625,80.2363510131836,57.092769622802734,3039.298583984375,57.57774353027344,443.37939453125,3022.447021484375,36.71235275268555,812.63525390625,3037.618408203125,23.491249084472656,949.1826171875,2919.167236328125,-80.82713317871094,54.40760040283203,3086.168212890625,-115.48501586914062,434.9716796875,3146.68115234375,-57.96037673950195,679.2990112304688,3424.004638671875,-39.06926345825195,816.9908447265625,3516.15673828125,8.213589668273926,-540.53271484375,3022.73583984375,-8.757805824279785,-475.9833068847656,2882.328125,22.287532806396484,-520.234375,2885.566162109375,90.54464721679688,-572.563720703125,2973.0048828125,-28.232376098632812,-521.796142578125,2887.566650390625,-68.03124237060547,-595.519287109375,2982.69384765625
-7.309130668640137,59.96003723144531,3036.809326171875,-8.188980102539062,-111.02792358398438,3017.479248046875,-4.105635643005371,-248.48619079589844,3021.1953125,6.552389144897461,-457.4056701660156,3011.697021484375,36.666988372802734,-421.2635498046875,3007.01123046875,165.33607482910156,-380.0861206054687,2979.434326171875,235.2227478027344,-125.19860076904295,3013.98095703125,227.98423767089844,88.17042541503906,2947.135498046875,247.51136779785156,172.3516845703125,2981.173583984375,198.65721130371097,261.3088684082031,2957.46142578125,163.98995971679688,191.2439727783203,2967.5185546875,-26.52604866027832,-424.5676574707031,3021.47021484375,-145.31349182128906,-397.0038146972656,3056.3984375,-235.4894256591797,-170.34588623046875,3175.785888671875,-284.2792663574219,49.410850524902344,3150.31689453125,-304.3112487792969,142.84402465820312,3179.80859375,-260.9314270019531,235.309326171875,3171.863037109375,-246.6846160888672,171.9335174560547,3143.46484375,78.01651000976562,61.92082595825195,3015.580810546875,55.925270080566406,447.22271728515625,3003.0185546875,36.64117431640625,813.8198852539062,3040.66943359375,23.410888671875,951.05615234375,2923.869384765625,-84.25101470947266,58.19190979003906,3055.95166015625,-126.09381866455078,439.8133239746094,3093.326171875,-62.474422454833984,671.7006225585938,3378.359619140625,-45.530460357666016,822.0928344726562,3447.1640625,7.604214668273926,-534.5219116210938,2995.575927734375,-5.080829620361328,-473.8033142089844,2853.538818359375,25.281721115112305,-518.1407470703125,2858.729736328125,90.5364227294922,-568.6499633789062,2948.9638671875,-25.132957458496097,-519.1112670898438,2859.48876953125,-67.99658966064453,-589.5951538085938,2955.224609375
-8.212143898010254,62.013179779052734,3011.291259765625,-8.604235649108887,-108.1547622680664,2992.21533203125,-4.3452653884887695,-244.928955078125,2996.023193359375,0.4597595036029815,-452.975341796875,2985.295654296875,31.43763542175293,-417.837158203125,2980.95068359375,160.61842346191406,-381.72601318359375,2952.074462890625,232.0431365966797,-129.19578552246094,2990.494384765625,220.44435119628903,80.83041381835938,2917.6171875,239.75387573242188,170.24990844726562,2930.77587890625,188.5601043701172,256.55609130859375,2904.576904296875,157.27354431152344,186.32986450195312,2928.557373046875,-31.55865478515625,-419.44921875,2995.125244140625,-149.3268280029297,-389.1872253417969,3028.99853515625,-234.15087890625,-167.99874877929688,3159.062744140625,-277.17498779296875,51.09349060058594,3127.9697265625,-295.56671142578125,148.64442443847656,3134.92431640625,-259.6451721191406,243.930908203125,3130.2265625,-248.40966796875,174.89340209960938,3107.02197265625,76.88343811035156,64.09679412841797,2990.955078125,52.79913711547851,447.58148193359375,2989.59130859375,29.49666404724121,810.6029663085938,3039.80078125,17.91460418701172,940.826171875,2916.35498046875,-84.94657135009766,60.13429260253906,3029.629150390625,-134.2600860595703,440.6545104980469,3039.495849609375,-76.30281066894531,674.0701293945312,3322.0888671875,-76.34844207763672,827.5892944335938,3383.7333984375,-0.5930113792419434,-529.6109619140625,2968.774169921875,-1.6143690347671509,-480.7723693847656,2822.484619140625,24.98102569580078,-526.2655639648438,2832.931640625,81.44750213623047,-573.0194702148438,2930.04296875,-25.095848083496097,-523.70361328125,2830.93603515625,-77.52416229248047,-582.3311767578125,2929.0595703125
-11.6389799118042,60.2493896484375,2987.138671875,-10.183093070983888,-109.16075134277344,2966.170166015625,-4.753749370574951,-245.5091552734375,2968.333251953125,7.198562145233154,-452.86761474609375,2964.441162109375,36.84044647216797,-416.9523620605469,2958.86474609375,164.46470642089844,-380.0281372070313,2926.324462890625,231.1503448486328,-127.51024627685548,2967.628173828125,211.3161773681641,79.08316040039062,2889.022216796875,235.3184814453125,168.0099334716797,2891.35888671875,180.2575225830078,247.3262481689453,2854.382080078125,155.720703125,184.5357360839844,2901.506103515625,-25.840904235839844,-420.2630004882813,2973.238037109375,-145.06069946289062,-394.55560302734375,3004.2333984375,-236.40182495117188,-173.19203186035156,3127.69921875,-285.0725402832031,44.52976608276367,3100.5625,-299.78997802734375,141.96775817871094,3112.025146484375,-262.35284423828125,236.24185180664065,3105.767578125,-246.2819366455078,166.21726989746094,3071.092041015625,73.45305633544922,63.33584976196289,2968.110595703125,52.13065719604492,445.7467346191406,2974.85693359375,30.54792022705078,805.1077880859375,3041.314208984375,14.133259773254396,935.1001586914062,2918.97998046875,-88.3702163696289,57.466190338134766,3004.29736328125,-144.98597717285156,435.3982849121094,2984.688720703125,-83.92286682128906,672.8673095703125,3261.703369140625,-83.66515350341797,830.8896484375,3308.920166015625,8.763880729675293,-529.759765625,2950.491943359375,-2.093979597091675,-475.8136901855469,2806.91943359375,25.855070114135746,-520.9490356445312,2813.994140625,88.8345947265625,-569.8661499023438,2905.400390625,-24.135543823242188,-519.37548828125,2815.125,-69.20992279052734,-582.4412231445312,2913.65576171875
-12.349125862121582,60.78258514404297,2966.84326171875,-10.06833553314209,-109.07955169677734,2946.9248046875,-5.675707817077637,-245.74546813964844,2946.0751953125,3.683134078979492,-453.66552734375,2943.778564453125,33.93818283081055,-418.1027526855469,2938.474609375,162.08935546875,-379.3492431640625,2909.174072265625,233.88937377929688,-126.9477310180664,2945.626708984375,210.0077209472656,75.37496185302734,2856.519287109375,234.55905151367188,164.21299743652344,2851.26171875,177.07479858398438,242.4783477783203,2815.180908203125,158.75735473632812,183.05645751953125,2869.503173828125,-29.145544052124023,-420.5164794921875,2951.788818359375,-148.49732971191406,-394.7922668457031,2983.253662109375,-237.2395172119141,-172.9340057373047,3108.853271484375,-284.4898376464844,43.92975616455078,3070.876953125,-297.45147705078125,141.87734985351562,3081.77392578125,-249.4449462890625,213.92149353027344,3028.168701171875,-253.0760498046875,159.21945190429688,3028.137451171875,73.80718994140625,63.64202499389648,2952.32421875,51.51341247558594,446.7231140136719,2960.172119140625,23.14652442932129,803.6267700195312,3039.920654296875,23.65972328186035,932.9793701171876,2915.3173828125,-90.04006958007812,58.204097747802734,2979.93603515625,-144.02317810058594,436.6537780761719,2950.705078125,-97.74788665771484,691.6321411132812,3215.723876953125,-94.3357162475586,854.070556640625,3245.867431640625,4.501549243927002,-530.8159790039062,2930.34814453125,-7.913272857666016,-469.5228576660156,2789.556640625,21.64600372314453,-514.0540161132812,2794.33203125,86.20454406738281,-565.6809692382812,2883.430419921875,-28.468996047973633,-514.2943725585938,2795.328369140625,-71.62631225585938,-584.2407836914062,2890.3203125
-14.134920120239258,60.94718551635742,2947.600341796875,-12.612204551696776,-109.1891632080078,2925.515625,-8.8848876953125,-246.29739379882812,2926.47802734375,0.3305478096008301,-454.8341064453125,2922.04248046875,30.746244430541992,-419.1367492675781,2917.300537109375,160.03692626953125,-379.5630187988281,2892.453857421875,229.18948364257812,-125.25242614746094,2926.655029296875,206.7911071777344,74.71980285644531,2830.42138671875,227.61878967285156,163.6755828857422,2815.304443359375,160.19671630859375,240.31637573242188,2795.8447265625,152.88059997558594,181.0045166015625,2852.054931640625,-32.62287521362305,-421.6369323730469,2930.206787109375,-152.82101440429688,-396.6052856445313,2960.554443359375,-242.1452178955078,-169.85946655273438,3078.5830078125,-293.76141357421875,47.593116760253906,3045.884521484375,-306.7898254394531,146.43296813964844,3044.247802734375,-265.31695556640625,236.7964630126953,3020.854736328125,-252.85748291015625,162.156005859375,2991.30859375,72.75559997558594,63.22801971435547,2936.02001953125,52.41910171508789,447.57037353515625,2945.517578125,18.27720642089844,800.1357421875,3045.070068359375,13.779080390930176,926.0116577148438,2916.255126953125,-92.48792266845705,58.89045715332031,2958.04296875,-144.1930694580078,437.3484191894531,2913.3212890625,-104.33517456054688,714.0477905273438,3158.455322265625,-133.50253295898438,877.2146606445312,3157.199462890625,1.172093152999878,-532.0780029296875,2907.762451171875,-7.592870712280273,-464.5081787109375,2769.06201171875,21.41252899169922,-509.7186584472656,2772.54443359375,83.6655044555664,-566.0783081054688,2860.926513671875,-28.866727828979492,-509.3536987304687,2772.510498046875,-74.97577667236328,-582.9288330078125,2863.817626953125
-17.577058792114258,62.7443733215332,2925.28271484375,-13.26353931427002,-107.66494750976562,2906.122802734375,-8.347911834716797,-244.709228515625,2905.16943359375,2.195244550704956,-453.1178588867187,2899.693359375,32.32683563232422,-417.2060241699219,2894.848876953125,160.89724731445312,-377.0309753417969,2867.502685546875,228.6832275390625,-123.50404357910156,2909.06591796875,204.2222595214844,76.46562194824219,2813.430908203125,227.9425506591797,157.1289520263672,2774.663818359375,167.53363037109375,234.87969970703125,2741.503173828125,149.4196014404297,180.4181671142578,2821.58251953125,-30.895517349243164,-420.1830139160156,2908.29931640625,-150.84603881835938,-397.8844299316406,2941.52001953125,-240.6154937744141,-169.1625518798828,3055.19775390625,-296.0488586425781,44.54982376098633,3007.72705078125,-290.9181823730469,143.63491821289062,3017.40771484375,-256.0682067871094,211.5038604736328,2949.525146484375,-248.6172790527344,139.1598358154297,2946.33837890625,69.60095977783203,65.93205261230469,2916.557861328125,49.90397262573242,449.7756958007813,2937.5703125,17.490856170654297,800.063720703125,3045.15283203125,14.152396202087402,923.611328125,2914.11669921875,-96.18931579589844,59.86989974975586,2933.150390625,-148.0320587158203,436.1744384765625,2873.53564453125,-115.15470123291016,732.32421875,3095.802978515625,-143.3048095703125,892.7401123046875,3065.15283203125,3.4173941612243652,-530.27392578125,2885.053955078125,-15.146474838256836,-461.7119445800781,2747.84716796875,14.599645614624023,-506.5453796386719,2749.04638671875,83.1349105834961,-562.768798828125,2832.708251953125,-35.56784439086914,-506.8582153320313,2752.253173828125,-74.72762298583984,-581.7767944335938,2845.65478515625
-24.93324851989746,64.45826721191406,2911.721923828125,-17.018110275268555,-107.59061431884766,2889.730224609375,-9.062179565429688,-246.1223602294922,2886.075927734375,-0.4428708851337433,-457.186767578125,2881.37109375,30.655548095703125,-421.1803588867187,2877.910888671875,160.74472045898438,-378.0516662597656,2853.9833984375,227.4873809814453,-120.17345428466795,2891.064453125,198.1009826660156,73.00664520263672,2778.057861328125,230.45953369140625,158.00827026367188,2755.47216796875,168.86126708984375,230.7388153076172,2711.032958984375,146.735107421875,187.06997680664065,2759.25537109375,-33.95576858520508,-423.4709167480469,2888.385009765625,-156.56256103515625,-395.2721252441406,2911.91650390625,-243.24139404296875,-160.15719604492188,3022.827392578125,-287.2206115722656,58.32712173461914,2972.021728515625,-309.34259033203125,156.68386840820312,2976.302734375,-270.5010070800781,247.05311584472656,2944.531494140625,-254.54298400878903,173.8679962158203,2906.995361328125,63.091495513916016,69.77507019042969,2901.808349609375,44.096229553222656,457.1195068359375,2939.288818359375,11.813488006591797,813.69140625,3041.570068359375,23.10279083251953,930.6722412109376,2902.1787109375,-104.30902862548828,59.66387176513672,2920.66162109375,-148.822509765625,437.7810363769531,2839.910888671875,-140.55471801757812,761.2454223632812,3031.95751953125,-182.9471435546875,914.7117309570312,2979.13671875,0.6615266799926758,-535.3220825195312,2866.745849609375,-20.749109268188477,-460.9212951660156,2730.867431640625,10.82729721069336,-505.3039855957031,2730.17138671875,82.24121856689453,-563.3493041992188,2812.34716796875,-39.90590286254883,-507.4145202636719,2733.46728515625,-76.79866027832031,-588.3273315429688,2824.8544921875
-27.328369140625,68.52228546142578,2892.603271484375,-18.7148380279541,-102.46216583251952,2869.009765625,-10.876015663146973,-240.36476135253903,2865.881591796875,-0.0184662640094757,-450.2446594238281,2858.03369140625,30.61641311645508,-414.0431823730469,2855.727294921875,162.52792358398438,-375.04681396484375,2839.780517578125,224.3579559326172,-116.86378479003906,2874.07470703125,200.7652282714844,71.738037109375,2754.278564453125,228.7377014160156,159.4937744140625,2739.540771484375,167.62185668945312,228.72027587890625,2690.2607421875,146.70806884765625,184.23822021484375,2731.957275390625,-33.845603942871094,-417.1427612304687,2864.93017578125,-157.69342041015625,-394.46343994140625,2884.326904296875,-246.51133728027344,-162.17166137695312,2996.337890625,-296.2792053222656,53.682804107666016,2944.429931640625,-307.4556579589844,153.38841247558594,2948.99755859375,-269.9519348144531,244.444091796875,2919.20556640625,-264.1856689453125,171.59742736816406,2905.38916015625,60.71167755126953,73.63876342773438,2887.665283203125,41.653072357177734,458.6431884765625,2930.054443359375,14.749627113342283,812.001953125,3038.54638671875,18.02283096313477,931.3460693359376,2901.8759765625,-106.71794128417967,63.90852355957031,2897.055908203125,-154.62168884277344,438.5396728515625,2810.90673828125,-153.34791564941406,780.9043579101562,2962.717529296875,-198.03611755371097,921.38330078125,2884.322509765625,2.158536434173584,-527.7572021484375,2842.2705078125,-13.80226230621338,-459.1504211425781,2703.462890625,15.354501724243164,-504.8279724121094,2705.251953125,82.46312713623047,-562.1911010742188,2790.61181640625,-35.218299865722656,-504.2418823242187,2707.921142578125,-77.02491760253906,-578.485595703125,2801.98681640625
-30.244176864624023,69.27630615234375,2874.25537109375,-22.361080169677734,-102.23568725585938,2849.84765625,-15.040159225463867,-240.65301513671875,2846.988525390625,-6.462083339691162,-451.2623596191406,2836.653076171875,24.723567962646484,-415.270751953125,2835.2021484375,158.05259704589844,-377.3284912109375,2825.570068359375,218.48507690429688,-117.93765258789062,2860.501953125,199.3913421630859,72.38280487060547,2741.157958984375,223.04046630859375,160.15065002441406,2718.824951171875,166.13075256347656,232.54617309570312,2668.303955078125,147.210205078125,183.8304443359375,2727.25390625,-40.113258361816406,-417.7387390136719,2843.52734375,-163.6412353515625,-394.0927429199219,2866.40625,-247.6679229736328,-153.1722869873047,2965.44580078125,-291.79571533203125,63.89163589477539,2910.124267578125,-303.2733154296875,163.93374633789062,2906.003173828125,-270.6340026855469,258.34912109375,2879.940673828125,-251.89694213867188,170.6163330078125,2831.32275390625,58.11717987060547,74.0536880493164,2869.2236328125,39.77840423583984,458.7428588867187,2925.012451171875,16.1213321685791,814.68798828125,3030.1572265625,21.50745010375977,937.7864990234376,2896.07080078125,-109.92350769042967,64.96832275390625,2878.79296875,-152.24676513671875,440.4474487304687,2787.508544921875,-167.5601348876953,800.876708984375,2892.83447265625,-209.894775390625,927.593994140625,2791.732666015625,-4.957577228546143,-528.8650512695312,2819.904052734375,-13.037131309509276,-454.9950256347656,2682.51513671875,16.563919067382812,-500.6046142578125,2684.450439453125,79.0802230834961,-560.7352905273438,2771.979248046875,-34.256134033203125,-500.5679016113281,2683.9638671875,-81.16846466064453,-578.9229125976562,2772.7333984375
-36.390960693359375,73.37976837158203,2858.825439453125,-26.801090240478516,-98.1205825805664,2834.596923828125,-18.694623947143555,-236.5560607910156,2833.19091796875,-12.5962495803833,-446.9495544433594,2817.083984375,19.08932113647461,-411.35107421875,2817.416748046875,152.3271484375,-372.3688659667969,2810.482421875,217.05990600585935,-113.6635513305664,2843.318603515625,188.5208740234375,83.38410949707031,2737.41259765625,225.53318786621097,160.76747131347656,2699.887451171875,164.9318084716797,233.85235595703125,2654.892333984375,147.1526336669922,197.1061248779297,2725.610595703125,-45.97871398925781,-413.1655578613281,2824.088134765625,-170.25918579101562,-387.0412902832031,2839.018798828125,-255.76394653320312,-147.59478759765625,2940.551513671875,-291.6100158691406,69.38282012939453,2878.989501953125,-315.66302490234375,167.13314819335938,2873.581787109375,-273.1227111816406,258.3269348144531,2850.3671875,-256.09698486328125,185.83824157714844,2813.814208984375,52.097076416015625,78.57952880859375,2857.043701171875,39.6984977722168,462.8543701171875,2917.869384765625,18.916425704956055,817.8963623046875,3026.975341796875,28.78399658203125,943.825927734375,2895.732177734375,-116.18451690673828,68.69091796875,2860.43212890625,-154.83343505859375,443.72943115234375,2765.316162109375,-178.07298278808594,814.144775390625,2825.066650390625,-220.5210418701172,921.8524780273438,2703.887939453125,-11.68498420715332,-524.0865478515625,2798.173583984375,-12.98747730255127,-452.0691223144531,2659.525146484375,14.929802894592283,-498.65533447265625,2663.023681640625,72.62407684326172,-559.58837890625,2753.314697265625,-35.83379364013672,-496.8647155761719,2660.965087890625,-88.15882873535156,-572.2025756835938,2749.37255859375
-41.9105339050293,78.0130615234375,2837.12158203125,-31.336843490600582,-92.82218170166016,2814.172607421875,-23.074586868286133,-230.6348571777344,2814.3857421875,-18.711593627929688,-440.08154296875,2797.71533203125,13.156190872192385,-404.945556640625,2798.71435546875,145.3596649169922,-364.6147155761719,2792.12158203125,210.1071624755859,-107.96725463867188,2830.764892578125,191.6417236328125,93.32083129882812,2733.055419921875,228.1379852294922,166.24745178222656,2687.912841796875,162.921630859375,240.2917633056641,2653.209228515625,146.4582977294922,198.6007843017578,2740.93994140625,-51.740177154541016,-406.1571350097656,2804.23486328125,-175.0728759765625,-376.56976318359375,2815.139892578125,-261.9681091308594,-136.86917114257812,2911.469482421875,-297.4006042480469,78.16180419921875,2846.69677734375,-313.7801513671875,177.1763153076172,2847.1181640625,-265.0885925292969,257.78900146484375,2805.880126953125,-270.6139221191406,196.54702758789065,2805.945068359375,46.18476104736328,83.29656982421875,2838.380126953125,37.73789596557617,464.49517822265625,2907.563232421875,19.251211166381836,814.6848754882812,3026.654052734375,28.735061645507812,943.4644775390624,2899.33349609375,-121.34992980957033,73.24869537353516,2835.986572265625,-162.904296875,448.5421142578125,2750.69287109375,-187.21678161621097,821.6303100585938,2767.188720703125,-235.83200073242188,912.376953125,2635.89404296875,-18.20741844177246,-516.8150634765625,2778.6357421875,-8.548973083496094,-450.0049133300781,2638.503173828125,18.355039596557617,-496.4931640625,2645.609619140625,68.33391571044922,-554.499267578125,2741.5048828125,-31.871713638305664,-494.3050231933594,2639.79296875,-91.15509796142578,-565.6704711914062,2726.264404296875
-50.65494155883789,79.2846908569336,2815.114013671875,-40.1239013671875,-91.08728790283205,2793.088134765625,-33.13465118408203,-228.4922332763672,2794.969482421875,-28.842864990234375,-437.214599609375,2778.10302734375,2.9745566844940186,-402.3240051269531,2780.603271484375,135.59976196289062,-364.5135192871094,2780.619873046875,205.6480712890625,-110.0662078857422,2818.332763671875,198.27496337890625,84.18863677978516,2707.531494140625,219.13612365722656,172.1873779296875,2686.30126953125,162.53079223632812,249.17637634277344,2644.647216796875,149.51510620117188,201.43487548828125,2679.03076171875,-61.88941192626953,-403.2889709472656,2783.189697265625,-184.53219604492188,-371.1295166015625,2787.757080078125,-270.63458251953125,-130.29266357421875,2879.250732421875,-299.3911437988281,85.19959259033203,2815.39208984375,-326.8674011230469,181.31053161621097,2811.875,-283.07940673828125,268.6676330566406,2781.05078125,-273.7850341796875,205.12139892578125,2775.787109375,36.93650817871094,83.83193969726562,2821.820068359375,32.68214416503906,463.1186218261719,2894.51123046875,10.67394733428955,809.11474609375,3021.150146484375,28.095722198486328,937.0758666992188,2894.71435546875,-129.6400146484375,75.18424224853516,2809.06689453125,-166.52426147460938,453.0379638671875,2740.46875,-197.5370635986328,823.451904296875,2709.675048828125,-229.2144470214844,902.3638305664062,2566.780029296875,-27.77874183654785,-513.6520385742188,2758.95947265625,-8.330419540405273,-449.416259765625,2619.220703125,16.932209014892578,-496.2234497070313,2628.52880859375,59.622100830078125,-553.6826171875,2727.691650390625,-32.628517150878906,-493.01214599609375,2619.722412109375,-98.36243438720705,-561.4888305664062,2703.189453125
-56.5535774230957,81.54216766357422,2794.8603515625,-46.173675537109375,-88.77445983886719,2772.056884765625,-39.51689147949219,-226.2368927001953,2772.7470703125,-35.91960906982422,-435.0998229980469,2756.92626953125,-3.9832825660705566,-400.3644714355469,2760.159423828125,128.9809112548828,-364.255615234375,2766.792724609375,200.48947143554688,-110.5820541381836,2807.28369140625,199.6880798339844,87.78157806396484,2703.65380859375,221.792724609375,175.42579650878906,2682.12939453125,163.63616943359375,255.7339324951172,2649.885498046875,153.13217163085938,205.9723663330078,2650.94287109375,-68.91259765625,-400.9642028808594,2760.93994140625,-189.72947692871097,-362.2681884765625,2763.9765625,-278.9069519042969,-119.4719696044922,2847.14208984375,-306.5243835449219,96.98589324951172,2785.9267578125,-328.1819152832031,194.1947479248047,2776.42138671875,-285.99969482421875,279.1962585449219,2737.70751953125,-281.3919372558594,213.1037750244141,2744.487060546875,30.97211265563965,85.82030487060547,2802.748291015625,31.770984649658203,464.193115234375,2880.585205078125,14.439242362976074,806.2206420898438,3018.4658203125,31.6142520904541,946.9832763671876,2906.35595703125,-135.4793243408203,77.68437194824219,2787.74755859375,-169.28407287597656,456.1734619140625,2720.610107421875,-199.04986572265625,825.739013671875,2679.232177734375,-219.6154937744141,900.7694702148438,2532.23193359375,-34.748226165771484,-511.6452026367187,2738.15380859375,-8.869155883789062,-447.2319030761719,2599.506591796875,15.464397430419922,-494.36181640625,2609.688232421875,53.417449951171875,-552.5967407226562,2710.34619140625,-33.66582107543945,-490.556884765625,2598.87255859375,-103.54548645019533,-558.5232543945312,2679.3779296875
-69.33528900146484,84.54207611083984,2772.700927734375,-57.197078704833984,-86.80763244628906,2751.3779296875,-49.22906494140625,-224.93490600585935,2754.065673828125,-43.88309860229492,-434.7409057617187,2736.054443359375,-12.118101119995115,-399.711669921875,2741.110595703125,120.47852325439452,-360.5602111816406,2752.18896484375,192.9520568847656,-105.52617645263672,2792.10888671875,202.20606994628903,98.1001434326172,2696.758544921875,220.13243103027344,189.5822601318359,2690.5595703125,184.9024353027344,266.08758544921875,2628.133056640625,158.47679138183594,213.05368041992188,2661.818359375,-77.37152099609375,-400.6102294921875,2738.982177734375,-198.178466796875,-359.8861083984375,2733.65625,-286.9886779785156,-114.31734466552734,2813.923828125,-319.32659912109375,103.71778869628906,2756.078125,-335.5005798339844,201.4188537597656,2738.40380859375,-302.21832275390625,292.8045959472656,2704.341064453125,-289.61920166015625,217.52626037597656,2715.29296875,18.612302780151367,89.77183532714844,2780.739501953125,31.667924880981445,469.2057800292969,2862.79052734375,7.788164615631104,804.0062866210938,3021.3388671875,30.959932327270508,941.1937866210938,2904.3720703125,-148.64149475097656,79.82616424560547,2765.452392578125,-174.86590576171875,461.5460510253906,2701.02734375,-198.7313537597656,833.7000122070312,2660.462890625,-198.36964416503903,909.6974487304688,2511.495361328125,-41.49153900146485,-511.4881896972656,2716.414794921875,-4.184387683868408,-447.0633239746094,2579.4296875,16.004045486450195,-496.3761291503906,2589.9130859375,44.83426284790039,-559.1575317382812,2691.678955078125,-32.4012336730957,-488.5055847167969,2576.939453125,-111.4012451171875,-552.1856689453125,2653.51611328125
-74.10742950439453,89.05599212646484,2748.357421875,-61.94788360595703,-82.79154205322266,2728.386962890625,-54.88379669189453,-221.21238708496097,2732.055908203125,-51.26732635498047,-431.5502624511719,2715.09912109375,-19.26333236694336,-396.80133056640625,2721.31201171875,113.41584777832033,-359.5568542480469,2739.2197265625,186.5923767089844,-105.39385986328124,2786.250244140625,198.66921997070312,102.51461029052734,2699.853515625,211.71978759765625,194.9171142578125,2692.513916015625,158.76707458496094,281.224609375,2664.5732421875,184.03872680664065,233.4588165283203,2654.6123046875,-84.50789642333984,-396.95513916015625,2716.5263671875,-205.3348388671875,-356.11761474609375,2707.74853515625,-296.6449890136719,-109.0485610961914,2782.188232421875,-326.7384948730469,108.91695404052734,2721.222412109375,-349.5013122558594,206.8291015625,2713.9033203125,-306.227783203125,289.40380859375,2669.529296875,-294.3611145019531,222.89523315429688,2680.33349609375,13.568632125854492,93.8515853881836,2760.474853515625,27.34329605102539,472.4049987792969,2849.706298828125,4.439540386199951,808.1116943359375,3008.158203125,34.23900604248047,952.1331176757812,2900.75341796875,-153.16879272460938,84.7315902709961,2737.430908203125,-175.820068359375,468.9089660644531,2682.4443359375,-196.93492126464844,842.9820556640625,2652.7861328125,-196.05186462402344,926.8235473632812,2507.718505859375,-48.97683334350586,-508.5566101074219,2695.8486328125,-3.1375885009765625,-438.9612121582031,2563.7265625,16.302902221679688,-488.8262023925781,2573.5322265625,38.765113830566406,-555.7220458984375,2674.565673828125,-31.293031692504883,-480.22906494140625,2557.912353515625,-115.12541198730467,-546.5692138671875,2627.148193359375
-84.52180480957031,92.4004364013672,2722.58984375,-70.02706909179688,-79.41900634765625,2704.734375,-62.10611724853515,-217.6768493652344,2710.04443359375,-56.34049224853515,-427.3214416503906,2687.285888671875,-24.947349548339844,-392.6505432128906,2696.26806640625,105.35706329345705,-355.0157775878906,2726.240966796875,175.4525604248047,-101.08682250976562,2778.2646484375,196.4124298095703,110.2679672241211,2702.900634765625,205.3204345703125,202.75814819335935,2691.9169921875,177.11416625976562,298.6304626464844,2659.721923828125,158.69747924804688,233.9862518310547,2671.924560546875,-89.792724609375,-392.9364013671875,2687.84912109375,-210.3618621826172,-352.94293212890625,2673.970458984375,-306.52349853515625,-108.52798461914062,2750.572998046875,-334.2899475097656,107.01380920410156,2680.897216796875,-359.9913024902344,203.7726898193359,2669.654541015625,-314.0599060058594,288.6457824707031,2633.083740234375,-298.5975341796875,221.6262359619141,2647.822998046875,2.342104911804199,98.01146697998048,2739.1103515625,21.57792091369629,475.60052490234375,2830.614501953125,-4.0625128746032715,804.920166015625,3001.188232421875,29.891613006591797,954.2021484375,2902.711181640625,-162.850830078125,87.34072875976562,2707.6923828125,-178.39622497558594,472.9597473144531,2662.444580078125,-193.17398071289065,847.7698364257812,2641.796142578125,-187.89805603027344,939.8865356445312,2502.025146484375,-52.53937149047851,-503.6915588378906,2665.9970703125,-6.944212913513184,-444.9812927246094,2528.69091796875,12.04712200164795,-494.1274719238281,2542.17724609375,34.526123046875,-553.2670288085938,2647.86865234375,-35.54568099975586,-486.2516479492187,2526.24609375,-119.52242279052734,-546.14453125,2600.867919921875
-93.14494323730467,93.3241958618164,2699.224853515625,-82.06927490234375,-78.27691650390625,2681.81591796875,-77.32431030273438,-216.25526428222656,2687.4521484375,-69.50135803222656,-425.3048400878906,2665.65087890625,-38.75373840332031,-390.5189208984375,2675.618408203125,90.79654693603516,-350.33221435546875,2703.5712890625,164.65887451171875,-103.78473663330078,2777.26708984375,193.1055450439453,109.4167251586914,2712.26904296875,209.5638732910156,199.4287109375,2694.1171875,178.4190673828125,299.0425720214844,2686.033935546875,159.68667602539062,239.90106201171875,2677.28369140625,-103.05884552001952,-391.2257690429687,2664.900146484375,-222.26284790039065,-352.0721740722656,2642.77294921875,-324.58648681640625,-109.1474609375,2712.968017578125,-339.19598388671875,107.01625061035156,2643.434326171875,-349.0667724609375,204.5757598876953,2621.667724609375,-310.3858947753906,290.3275451660156,2579.98046875,-299.8987731933594,213.75503540039065,2608.917724609375,-6.804518222808838,97.04074096679688,2717.52099609375,14.628644943237305,474.1385803222656,2805.596923828125,-12.992057800292969,796.7660522460938,2985.9677734375,32.244468688964844,953.4013061523438,2906.228759765625,-171.0019073486328,89.97283172607422,2682.7265625,-180.89083862304688,475.438720703125,2645.12109375,-190.12081909179688,849.710693359375,2633.8955078125,-182.2756195068359,943.0841674804688,2495.682373046875,-64.48944854736328,-501.4862976074219,2644.819091796875,-5.158580780029297,-442.8436279296875,2513.384033203125,11.901358604431152,-492.0769348144531,2528.3974609375,23.224149703979492,-551.6739501953125,2635.184814453125,-33.66950607299805,-483.7054443359375,2507.932373046875,-124.89855194091795,-542.9097900390625,2573.38232421875
-100.01443481445312,91.5982666015625,2680.64453125,-89.32259368896484,-80.56639862060547,2660.622802734375,-84.87239837646484,-219.27976989746097,2664.098876953125,-76.3414535522461,-429.6174011230469,2645.582763671875,-45.71731948852539,-394.4840393066406,2655.78125,83.36254119873047,-355.09381103515625,2689.66650390625,153.89198303222656,-107.76063537597656,2768.429443359375,191.4908447265625,106.29741668701172,2707.332275390625,216.7918701171875,196.331298828125,2713.5595703125,178.72119140625,293.4728088378906,2700.2822265625,165.12850952148438,240.26951599121097,2692.895751953125,-110.05736541748048,-395.4306945800781,2643.52197265625,-229.7579040527344,-357.6540222167969,2618.40673828125,-336.56793212890625,-113.06481170654295,2680.72021484375,-352.7220153808594,100.72639465332033,2601.358642578125,-343.6094665527344,196.1841278076172,2569.90234375,-338.9311218261719,282.4920349121094,2513.185302734375,-300.3251647949219,211.7943115234375,2571.3740234375,-13.255290985107422,94.84341430664062,2699.0703125,16.2471923828125,474.898681640625,2779.896728515625,-14.43903350830078,790.95361328125,2974.460205078125,33.63180160522461,953.6903076171876,2907.69580078125,-178.2489776611328,88.67196655273438,2664.029052734375,-187.4557647705078,476.5327453613281,2632.439453125,-195.68045043945312,852.7561645507812,2629.4658203125,-188.96322631835935,946.6074829101562,2490.562744140625,-70.76013946533203,-506.4625854492187,2625.9423828125,-15.970550537109377,-441.2012939453125,2494.781982421875,2.563791275024414,-490.844482421875,2507.44189453125,18.06410026550293,-554.6015625,2611.947021484375,-43.92642593383789,-482.6072998046875,2488.448974609375,-132.54586791992188,-546.5276489257812,2554.21435546875
-113.09719848632812,87.89256286621094,2656.373046875,-95.87842559814452,-83.6660385131836,2638.35302734375,-86.198974609375,-221.826416015625,2643.444580078125,-77.47705841064453,-431.4286804199219,2621.153564453125,-47.11540222167969,-396.6026916503906,2632.720947265625,79.6910400390625,-353.6895446777344,2669.79296875,145.80113220214844,-113.99537658691406,2771.1953125,180.643798828125,99.89327239990234,2709.291259765625,212.14633178710935,185.961181640625,2728.135986328125,191.8020782470703,282.78924560546875,2692.99267578125,165.51605224609375,231.3043212890625,2694.084716796875,-111.0408172607422,-397.21527099609375,2618.95751953125,-230.7185516357422,-361.5151062011719,2591.87939453125,-345.1885070800781,-121.269287109375,2655.4326171875,-357.41595458984375,85.74601745605469,2560.1240234375,-341.2720031738281,170.4456024169922,2508.013427734375,-323.1027526855469,264.1514587402344,2468.762939453125,-300.2550354003906,189.35128784179688,2509.7177734375,-26.699512481689453,94.6256332397461,2674.82763671875,15.45175552368164,473.7271728515625,2751.218017578125,-17.74039077758789,785.4292602539062,2951.1103515625,27.53028106689453,959.2120361328124,2921.297607421875,-191.00579833984375,81.82106018066406,2639.731689453125,-195.74024963378903,469.75933837890625,2617.682373046875,-200.09478759765625,845.1665649414062,2631.486328125,-188.17770385742188,947.69970703125,2499.58984375,-71.52778625488281,-507.76361083984375,2600.22021484375,-13.417072296142578,-441.6264953613281,2471.262939453125,3.187209367752075,-492.098876953125,2482.882080078125,15.47946071624756,-558.6535034179688,2585.810302734375,-42.7361946105957,-481.7716674804687,2463.76318359375,-133.9932861328125,-543.847412109375,2527.228759765625
-117.52658081054688,85.17708587646484,2637.5634765625,-100.26036071777344,-86.29058837890625,2619.690673828125,-91.2769012451172,-224.4216461181641,2624.665283203125,-80.43281555175781,-433.7084045410156,2601.515380859375,-50.750186920166016,-398.78802490234375,2614.37451171875,74.78543090820312,-358.8858947753906,2658.215087890625,137.03817749023438,-121.51219177246094,2766.84765625,175.27117919921875,95.0854721069336,2718.275146484375,205.80648803710935,181.26171875,2737.93017578125,181.79200744628903,278.9924621582031,2708.20068359375,154.256103515625,226.40147399902344,2699.189208984375,-114.08999633789062,-399.7074279785156,2598.29541015625,-233.11334228515625,-366.04400634765625,2566.487060546875,-360.013427734375,-131.35443115234375,2626.41064453125,-374.3587036132813,60.65092849731445,2504.114501953125,-362.8204345703125,133.5062713623047,2435.5771484375,-399.4874267578125,214.62612915039065,2487.67578125,-303.7366943359375,148.64669799804688,2445.98291015625,-31.92691421508789,91.52799224853516,2659.328857421875,20.925811767578125,472.4600524902344,2716.356689453125,-14.77934455871582,772.5574340820312,2932.512451171875,25.395780563354492,949.8988647460938,2926.489501953125,-194.7155609130859,79.4501953125,2617.9365234375,-201.19537353515625,467.66217041015625,2609.041259765625,-207.8777618408203,842.4799194335938,2630.10205078125,-190.00003051757812,951.4515991210938,2504.305419921875,-73.24767303466797,-509.8349914550781,2580.38623046875,-18.407958984375,-441.74908447265625,2451.120361328125,-2.0935511589050293,-492.6186218261719,2461.163818359375,12.569040298461914,-561.4158935546875,2562.204345703125,-48.43269348144531,-481.3529968261719,2443.730712890625,-138.37911987304688,-543.615478515625,2508.71826171875
-120.0080108642578,84.43618774414062,2620.911865234375,-108.1956787109375,-86.66230010986328,2602.77587890625,-103.41708374023438,-224.37828063964844,2607.356201171875,-90.20552825927734,-432.3562316894531,2582.516845703125,-61.05084609985352,-397.3608703613281,2595.56982421875,63.224971771240234,-353.9266357421875,2637.5869140625,128.4783172607422,-128.2611083984375,2764.781982421875,166.56808471679688,90.71959686279295,2735.34619140625,180.6812286376953,182.72607421875,2734.702392578125,163.5589599609375,282.5777587890625,2709.26220703125,154.60108947753906,221.5735626220703,2702.72607421875,-124.10933685302734,-398.8831481933594,2579.65087890625,-242.1985321044922,-364.2923889160156,2547.709716796875,-372.2385864257813,-130.90457153320312,2599.73779296875,-369.68267822265625,36.79010391235352,2446.693359375,-370.3065490722656,48.47823715209961,2347.15283203125,-407.96820068359375,108.54989624023438,2421.412353515625,-345.2559814453125,46.69988250732422,2336.490478515625,-34.501522064208984,88.10446166992188,2641.99658203125,31.380273818969727,468.2102966308594,2672.75927734375,-25.160778045654297,751.656982421875,2903.51953125,14.613728523254396,928.187744140625,2896.354736328125,-197.11297607421875,81.12833404541016,2601.898681640625,-200.61965942382812,467.6714782714844,2597.765625,-204.7748565673828,840.46484375,2624.036865234375,-188.4373779296875,950.8534545898438,2500.30517578125,-82.19438171386719,-507.86077880859375,2560.827392578125,-18.576980590820312,-441.7853088378906,2435.4638671875,-2.255979061126709,-491.8448181152344,2447.925048828125,5.371987819671631,-557.8074340820312,2550.92431640625,-47.01530456542969,-481.9673156738281,2426.629150390625,-140.34364318847656,-544.3619384765625,2485.267578125
-120.76321411132812,87.13947296142578,2605.84521484375,-110.19561767578124,-83.49752807617188,2586.93115234375,-106.84400177001952,-220.9127960205078,2590.822021484375,-96.93865966796876,-428.8637390136719,2569.083984375,-67.48894500732422,-394.3070983886719,2582.18994140625,56.10603713989258,-354.88818359375,2628.732666015625,119.96734619140624,-131.86151123046875,2759.7529296875,161.8068084716797,85.7292709350586,2729.609130859375,177.68643188476562,176.2827606201172,2742.533203125,179.62005615234375,279.4730224609375,2756.719970703125,145.27890014648438,222.1076507568359,2717.955322265625,-130.08587646484375,-394.92620849609375,2565.13037109375,-250.5238037109375,-365.8861083984375,2538.148681640625,-394.75238037109375,-136.8619842529297,2559.192626953125,-373.4479064941406,-53.69219207763672,2349.650634765625,-370.8969421386719,-90.19307708740234,2256.626220703125,-377.2361145019531,-27.85257339477539,2337.616455078125,-336.6056213378906,-100.21949005126952,2250.606201171875,-35.926429748535156,89.8566665649414,2628.731201171875,32.45211410522461,469.5625305175781,2639.9453125,-23.821287155151367,747.421630859375,2875.9453125,8.670347213745117,924.9487915039062,2883.15576171875,-197.26426696777344,84.68925476074219,2585.207763671875,-201.0970764160156,470.2142639160156,2588.837646484375,-206.45318603515625,841.4190063476562,2622.3720703125,-186.4402008056641,956.6632690429688,2504.329833984375,-89.89777374267578,-504.5888366699219,2548.618896484375,-22.634260177612305,-438.003173828125,2425.96484375,-7.592563629150391,-488.43359375,2437.910888671875,-3.3698229789733887,-555.9680786132812,2539.696044921875,-51.59002685546875,-477.3640441894531,2415.940185546875,-147.04478454589844,-538.64404296875,2471.53125
-119.87310791015624,86.85279083251953,2596.56396484375,-111.21662902832033,-83.3299331665039,2573.552001953125,-109.22125244140624,-220.7186737060547,2569.420166015625,-98.24968719482422,-428.8843994140625,2551.208251953125,-68.97431182861328,-393.9669494628906,2563.67626953125,51.61528396606445,-351.5335388183594,2615.06396484375,112.53588104248048,-136.8114471435547,2760.395263671875,156.8813018798828,81.12088012695312,2737.799560546875,171.8783416748047,172.40406799316406,2745.2724609375,170.15679931640625,275.4472961425781,2760.276611328125,139.2587432861328,217.74217224121097,2716.73583984375,-131.57073974609375,-395.2053833007813,2546.731201171875,-251.49530029296875,-363.718017578125,2520.41455078125,-383.37744140625,-127.8199234008789,2545.04833984375,-419.4444274902344,-139.0778350830078,2321.850830078125,-373.1135864257813,-149.31541442871094,2233.905517578125,-425.0134887695313,-112.34426879882812,2314.020751953125,-369.0022888183594,-155.05860900878906,2225.877685546875,-36.81280517578125,87.19578552246094,2625.27197265625,37.888519287109375,465.3836669921875,2608.77392578125,-35.256290435791016,734.3956298828125,2850.14501953125,5.097921848297119,910.0829467773438,2860.505126953125,-194.7722320556641,86.54349517822266,2570.6767578125,-202.48077392578125,471.75433349609375,2581.23486328125,-213.4442138671875,842.0723876953125,2621.20849609375,-181.7140960693359,952.2218627929688,2500.96875,-90.83983612060548,-504.8828125,2532.028076171875,-25.299720764160156,-430.5099487304687,2413.03564453125,-8.972779273986816,-481.0585632324219,2422.443603515625,-3.043595790863037,-553.4880981445312,2520.666748046875,-53.219581604003906,-470.0331726074219,2400.996337890625,-147.04904174804688,-536.4523315429688,2453.25634765625
-120.13003540039062,88.2352294921875,2583.866455078125,-112.9393539428711,-81.9609603881836,2558.902587890625,-112.57697296142578,-219.5332489013672,2554.615478515625,-102.64988708496094,-428.0822143554687,2537.15576171875,-73.3411636352539,-393.2805786132813,2550.087646484375,47.65544128417969,-356.2439270019531,2605.036376953125,104.8675765991211,-140.3170623779297,2750.70849609375,154.9091339111328,77.21686553955078,2734.181884765625,165.82627868652344,165.36354064941406,2761.49853515625,161.59719848632812,264.7251281738281,2730.1474609375,142.04766845703125,207.49903869628903,2716.652099609375,-135.6975860595703,-394.152587890625,2531.96142578125,-257.39373779296875,-364.0359802246094,2512.220947265625,-401.3955993652344,-139.87240600585938,2458.84912109375,-422.6958312988281,-265.11102294921875,2271.1357421875,-403.1912536621094,-264.81072998046875,2173.00048828125,-436.5228271484375,-240.97286987304688,2266.948974609375,-384.3846130371094,-264.71588134765625,2165.2744140625,-36.89748001098633,87.56499481201172,2612.410400390625,46.27166748046875,464.226318359375,2590.839599609375,-51.22451400756836,733.2537231445312,2824.166015625,3.370206832885742,905.4962768554688,2830.20263671875,-195.1844787597656,88.83960723876953,2558.126953125,-201.58078002929688,474.2960815429687,2575.941650390625,-212.29562377929688,844.3668823242188,2622.18408203125,-181.9635772705078,952.9337158203124,2499.870849609375,-95.3844757080078,-504.2789611816406,2518.300048828125,-37.876487731933594,-437.7361450195313,2390.582763671875,-17.750343322753906,-485.9064636230469,2404.445556640625,-4.493091106414795,-547.6597900390625,2509.219970703125,-63.1884765625,-480.148681640625,2383.280029296875,-150.9744110107422,-547.413330078125,2444.56689453125
-119.65199279785156,90.7996063232422,2574.0234375,-114.36897277832033,-79.7320556640625,2547.818115234375,-116.21973419189452,-217.65956115722656,2543.861328125,-107.4233169555664,-426.87408447265625,2527.24609375,-78.1739730834961,-392.1803894042969,2541.024169921875,43.197452545166016,-351.6767578125,2593.546630859375,100.5322494506836,-140.00209045410156,2746.498046875,144.89283752441406,79.45965576171875,2731.42138671875,153.8099365234375,169.0910186767578,2755.22900390625,146.9773712158203,273.3023376464844,2750.399658203125,128.01824951171875,211.40370178222656,2713.01611328125,-140.10182189941406,-392.6073913574219,2520.916259765625,-260.2781066894531,-359.6549072265625,2495.18359375,-407.9714965820313,-140.81719970703125,2427.991455078125,-390.42529296875,-314.9275207519531,2283.0107421875,-383.5010070800781,-309.7904968261719,2183.067138671875,-408.3481750488281,-294.267578125,2281.564697265625,-357.5885009765625,-301.1549072265625,2174.315673828125,-36.54026794433594,88.83739471435547,2603.548095703125,46.53963470458984,465.9346618652344,2573.099365234375,-59.68452072143555,738.7528686523438,2799.63330078125,-0.5770176649093628,909.9476318359376,2792.353759765625,-194.59750366210935,92.56902313232422,2547.39990234375,-203.3797149658203,478.6754760742187,2570.930419921875,-216.458251953125,848.8247680664062,2623.347412109375,-182.00831604003903,953.2921142578124,2498.004638671875,-100.17442321777344,-503.3805236816406,2508.78564453125,-42.40709686279297,-435.8977355957031,2381.189697265625,-21.061737060546875,-483.4861755371094,2395.76708984375,-7.685195446014404,-544.25732421875,2501.46728515625,-66.41533660888672,-479.192626953125,2373.77587890625,-153.41847229003906,-548.7455444335938,2434.298095703125
-119.17625427246094,90.9303970336914,2560.8408203125,-113.76529693603516,-79.3857650756836,2535.06494140625,-116.19259643554688,-217.12890625,2533.14404296875,-107.11991119384766,-425.7870788574219,2514.071044921875,-78.34778594970703,-391.3831787109375,2529.250732421875,40.89187240600586,-349.9090576171875,2585.209228515625,93.42710876464844,-138.55682373046875,2739.583251953125,137.92660522460938,80.98067474365234,2734.877197265625,147.4328155517578,170.1795196533203,2759.48974609375,157.93959045410156,268.64154052734375,2792.508056640625,104.3880844116211,186.7056121826172,2648.677490234375,-139.47653198242188,-391.43939208984375,2507.1279296875,-259.0643615722656,-361.3423156738281,2476.599609375,-423.3804016113281,-168.69505310058594,2377.2509765625,-388.3017272949219,-361.4718322753906,2262.863037109375,-377.23345947265625,-373.7947998046875,2164.08642578125,-408.014892578125,-343.06951904296875,2257.01171875,-345.46319580078125,-359.0657043457031,2155.590576171875,-36.30624771118164,89.05461120605469,2590.631591796875,45.31650161743164,466.4646606445313,2569.282958984375,-67.93574523925781,754.66015625,2771.060302734375,-1.6721115112304688,922.2127075195312,2754.16259765625,-193.90377807617188,92.6218719482422,2533.977294921875,-199.80043029785156,477.8896179199219,2561.701171875,-211.5943603515625,846.4049072265625,2621.224609375,-182.70333862304688,952.6467895507812,2496.321044921875,-99.36767578125,-501.9324951171875,2494.873291015625,-45.70749282836914,-439.3318786621094,2363.35546875,-23.379791259765625,-485.8897399902344,2379.397216796875,-6.652161598205566,-541.7946166992188,2487.0625,-69.2277603149414,-483.1496276855469,2358.388916015625,-153.6304473876953,-551.0772705078125,2423.819580078125
-116.41053771972656,93.34194946289062,2553.6435546875,-112.0536651611328,-77.0986557006836,2526.89599609375,-115.12628936767578,-215.00811767578125,2524.171875,-107.95420837402344,-424.0524291992187,2505.2900390625,-79.03356170654297,-389.90234375,2520.959716796875,42.68697738647461,-350.5068664550781,2573.4482421875,89.41239929199219,-140.68853759765625,2732.36181640625,127.84011840820312,80.14288330078125,2722.54345703125,135.4203338623047,169.6442413330078,2747.21826171875,129.99240112304688,270.485107421875,2774.191162109375,104.2373504638672,177.27230834960938,2625.480712890625,-139.86647033691406,-389.3163146972656,2497.78662109375,-259.0093688964844,-360.7674255371094,2463.520263671875,-429.8468933105469,-196.31256103515625,2329.508544921875,-387.760986328125,-404.2640686035156,2248.224853515625,-371.80865478515625,-434.19390869140625,2153.837158203125,-408.1440124511719,-388.0749816894531,2238.151611328125,-333.05517578125,-411.744873046875,2144.66455078125,-33.156715393066406,90.91352081298828,2582.678955078125,44.0949592590332,469.8631896972656,2562.57080078125,-67.80479431152344,774.1377563476562,2741.10498046875,3.64572548866272,936.5606079101562,2704.287109375,-191.48416137695312,95.53176879882812,2527.460693359375,-199.6696319580078,481.14459228515625,2557.2607421875,-213.73622131347656,850.0457153320312,2617.178466796875,-180.75181579589844,958.3634033203124,2494.786376953125,-100.68560028076172,-500.39208984375,2486.22119140625,-44.67118453979492,-443.5915832519531,2352.809326171875,-22.458982467651367,-489.32818603515625,2371.4228515625,-7.568821430206299,-540.2202758789062,2481.999755859375,-67.97128295898438,-487.7556457519531,2349.4189453125,-153.4858856201172,-553.06298828125,2416.397705078125
-114.3934097290039,95.0904312133789,2544.770263671875,-109.9848861694336,-75.50653839111328,2516.87158203125,-112.86443328857422,-213.6378173828125,2512.1904296875,-104.87765502929688,-423.2769470214844,2495.822265625,-76.4831314086914,-388.8587036132813,2512.135009765625,46.090049743652344,-348.8780212402344,2562.88134765625,85.31148529052734,-141.24330139160156,2727.471923828125,122.99662017822266,80.06599426269531,2715.689453125,120.59102630615234,170.84754943847656,2737.2236328125,116.17910766601562,270.8687744140625,2767.9638671875,99.32959747314452,181.1912841796875,2624.328857421875,-136.6001739501953,-388.5924377441406,2486.828125,-254.4105682373047,-360.3023681640625,2447.22998046875,-433.0708312988281,-212.7844696044922,2303.009033203125,-382.1448974609375,-423.4943237304687,2233.494873046875,-360.8379821777344,-460.31781005859375,2142.452392578125,-403.4109497070313,-409.1842651367187,2221.004150390625,-332.6656799316406,-448.0422973632813,2132.162841796875,-31.283355712890625,92.34352111816406,2574.700439453125,40.049827575683594,473.4119262695313,2558.54345703125,-64.3852310180664,796.2058715820312,2708.25341796875,16.449451446533203,951.11572265625,2658.8642578125,-189.33740234375,97.56744384765624,2517.781005859375,-198.0148468017578,483.47808837890625,2552.942138671875,-212.94671630859375,852.3660888671875,2617.15087890625,-182.0687255859375,959.7355346679688,2492.942138671875,-96.88536071777344,-499.9617004394531,2477.815673828125,-39.83814239501953,-446.4126281738281,2343.14794921875,-18.996047973632812,-492.7546081542969,2362.153076171875,-5.0056538581848145,-543.0164794921875,2473.39990234375,-64.67433166503906,-489.8897705078125,2340.396728515625,-152.01910400390625,-551.6860961914062,2408.800048828125
-114.40575408935548,94.0121612548828,2536.7724609375,-109.44084167480467,-76.00540924072266,2507.819580078125,-110.86266326904295,-213.6785125732422,2499.448974609375,-102.03400421142578,-422.838623046875,2483.367919921875,-74.1829833984375,-388.4303588867187,2500.3203125,46.0772590637207,-347.70196533203125,2555.016357421875,79.5814208984375,-143.61952209472656,2724.28271484375,114.56201934814452,76.05530548095703,2695.42626953125,112.29195404052734,169.0052490234375,2700.66455078125,115.24565887451172,272.85247802734375,2711.943115234375,83.73324584960938,170.80262756347656,2596.806884765625,-133.5354461669922,-388.30322265625,2473.61767578125,-250.9189910888672,-362.4518737792969,2432.041259765625,-428.5453796386719,-226.62274169921875,2276.63623046875,-365.38970947265625,-437.1380920410156,2219.278564453125,-333.0871887207031,-479.1652526855469,2134.165283203125,-385.9580383300781,-425.2097778320313,2203.764892578125,-308.0790710449219,-469.7313232421875,2125.86328125,-31.50159072875977,91.33616638183594,2566.703369140625,34.79643249511719,472.67132568359375,2557.486328125,-55.09843826293945,813.05859375,2671.342041015625,39.29225540161133,957.1336669921876,2615.1494140625,-189.16407775878903,96.42522430419922,2509.782470703125,-197.19906616210935,481.1648864746094,2548.321044921875,-212.49903869628903,848.7998046875,2614.75732421875,-187.78660583496097,956.4060668945312,2489.872314453125,-93.45475006103516,-499.3392333984375,2465.61962890625,-36.44998550415039,-448.6490478515625,2330.227294921875,-15.45028591156006,-494.3283386230469,2350.29150390625,-1.5276968479156494,-541.8690795898438,2462.439208984375,-60.98062515258789,-492.2203369140625,2328.39990234375,-147.98072814941406,-552.8074340820312,2397.7958984375
-106.73890686035156,94.1351547241211,2531.781982421875,-101.80743408203124,-75.55504608154297,2500.160400390625,-104.15506744384766,-213.2099609375,2489.98193359375,-94.46516418457033,-422.3246765136719,2471.656494140625,-67.27854919433594,-388.0760498046875,2490.06005859375,51.46061706542969,-350.4195251464844,2550.2939453125,80.09638214111328,-143.51699829101562,2717.371337890625,109.16547393798828,75.8523178100586,2679.55419921875,104.81546783447266,165.759765625,2655.37548828125,97.6716537475586,203.6285858154297,2558.146484375,96.98628997802734,154.5048065185547,2570.634521484375,-125.65633392333984,-387.6686706542969,2461.16796875,-242.0556640625,-364.6437377929687,2415.080322265625,-425.5015869140625,-227.04241943359375,2267.806396484375,-347.4561767578125,-380.6715393066406,2119.519287109375,-330.4703063964844,-459.1925659179687,2179.65966796875,-335.1904296875,-552.6837158203125,2137.16845703125,-263.53302001953125,-496.863525390625,2109.911865234375,-25.16547584533691,90.26934814453124,2565.248779296875,22.08476829528809,474.76904296875,2556.499267578125,-32.27423858642578,834.0995483398438,2627.6669921875,74.8303451538086,964.74169921875,2561.7783203125,-180.2972717285156,97.62112426757812,2501.603271484375,-192.39013671875,482.2613525390625,2543.218017578125,-214.0288543701172,849.32958984375,2612.7255859375,-187.42657470703125,960.0648193359376,2490.812255859375,-85.13258361816406,-498.6580810546875,2453.28369140625,-29.853544235229492,-447.27001953125,2317.29052734375,-9.064372062683104,-493.4480895996094,2336.5380859375,6.254136562347412,-542.3353271484375,2448.035888671875,-54.98398208618164,-490.5470275878906,2315.467529296875,-141.57327270507812,-550.7940063476562,2385.86083984375
-102.438232421875,94.34200286865234,2525.62841796875,-97.02593994140624,-74.91192626953125,2492.8779296875,-99.96778869628906,-212.4249267578125,2483.150390625,-88.07720184326172,-420.87786865234375,2461.6865234375,-61.621707916259766,-386.7481994628906,2481.199462890625,56.3625373840332,-345.376953125,2540.091064453125,78.27714538574219,-144.9351806640625,2715.3564453125,103.66915893554688,73.34342956542969,2670.757568359375,104.10941314697266,164.03717041015625,2649.760498046875,84.7437515258789,193.8609161376953,2551.53466796875,90.1632080078125,157.52920532226562,2564.22265625,-119.3013153076172,-386.3583679199219,2451.102783203125,-234.33946228027344,-362.9433898925781,2402.288330078125,-416.7425537109375,-226.7784423828125,2252.99169921875,-337.4936828613281,-385.783447265625,2111.579345703125,-308.6371154785156,-477.0398864746094,2141.3583984375,-252.27587890625,-562.7556762695312,2145.79736328125,-252.2520751953125,-478.872314453125,2107.016845703125,-21.68764877319336,90.13111114501952,2560.73486328125,18.997079849243164,474.8962707519531,2550.93017578125,-19.33062744140625,840.0593872070312,2595.67529296875,95.6595230102539,962.6790161132812,2528.263671875,-175.25457763671875,98.13914489746094,2493.971435546875,-190.72935485839844,481.7366027832031,2539.6533203125,-216.16921997070312,847.6251220703125,2611.675537109375,-185.9676513671875,959.6057739257812,2492.028076171875,-77.70001983642578,-496.73046875,2442.310791015625,-20.343202590942383,-450.17523193359375,2305.64892578125,-0.1498199999332428,-495.7848205566406,2326.62890625,13.341035842895508,-541.0847778320312,2439.7080078125,-45.71174240112305,-493.2764587402344,2304.88525390625,-133.5308837890625,-550.5942993164062,2375.92919921875
-103.19817352294922,94.49313354492188,2519.325439453125,-94.8257064819336,-74.21041870117188,2485.138671875,-95.49893188476562,-211.42442321777344,2472.743896484375,-79.6543197631836,-419.4507141113281,2451.3876953125,-54.298213958740234,-384.9510498046875,2471.601806640625,61.39204788208008,-343.0775451660156,2534.298828125,75.59866333007812,-136.72317504882812,2703.03955078125,105.31510925292967,82.71647644042969,2668.986083984375,105.32440948486328,171.64468383789062,2641.711181640625,89.20390319824219,212.94122314453125,2547.215087890625,92.3542709350586,172.19256591796875,2567.30224609375,-111.12838745117188,-385.4584045410156,2440.04248046875,-225.92941284179688,-364.7223205566406,2389.75390625,-406.5406799316406,-220.5900115966797,2246.28076171875,-317.28521728515625,-378.3547973632813,2109.828857421875,-295.08465576171875,-471.4899291992187,2139.216552734375,-245.9727020263672,-561.0809936523438,2148.574462890625,-238.8274688720703,-476.5631103515625,2113.76416015625,-24.040952682495117,90.63288116455078,2557.7607421875,12.15468692779541,475.5133972167969,2547.490478515625,-2.2821602821350098,844.2188720703125,2568.406005859375,121.03386688232422,961.7598876953124,2507.366455078125,-174.5777130126953,97.9740982055664,2484.66650390625,-190.18617248535156,480.5247802734375,2536.0302734375,-217.1189727783203,844.961669921875,2613.094482421875,-189.02029418945312,959.7186279296876,2495.77978515625,-67.54602813720703,-495.03173828125,2432.221435546875,-9.460121154785156,-443.7000732421875,2297.740966796875,9.447278022766112,-490.8006286621094,2316.37939453125,22.056955337524418,-541.8240966796875,2426.98583984375,-36.073951721191406,-485.91650390625,2295.055419921875,-125.177490234375,-543.936279296875,2363.70361328125
-97.31934356689452,97.6034164428711,2510.23193359375,-87.32725524902344,-70.79598999023438,2476.018798828125,-88.53633880615234,-208.0357666015625,2466.010498046875,-67.94612121582031,-415.4502868652344,2445.220947265625,-43.619140625,-380.4207458496094,2465.65478515625,71.13614654541016,-338.9222106933594,2529.93603515625,81.19849395751953,-129.5994415283203,2694.7685546875,107.28937530517578,89.58402252197266,2657.96728515625,111.45844268798828,182.3876037597656,2656.714599609375,95.78363800048828,232.82717895507812,2566.831787109375,97.06664276123048,189.9240875244141,2567.494873046875,-99.97421264648438,-382.2062683105469,2433.45654296875,-214.167236328125,-362.4947814941406,2381.774169921875,-393.3157348632813,-209.91888427734375,2246.02197265625,-297.4701843261719,-360.8787841796875,2106.820556640625,-280.05108642578125,-456.2832336425781,2131.341064453125,-239.68946838378903,-550.1961669921875,2124.113037109375,-213.56805419921875,-464.9520263671875,2104.242919921875,-19.437841415405273,93.94548797607422,2550.982177734375,9.19340705871582,479.0258483886719,2541.78955078125,10.9562349319458,848.107666015625,2548.00390625,142.21548461914062,963.4788208007812,2501.843505859375,-167.5485076904297,100.90193176269533,2473.485595703125,-187.89572143554688,482.4395446777344,2527.199462890625,-220.4546813964844,845.2492065429688,2607.53662109375,-184.8126220703125,963.1532592773438,2495.806884765625,-53.98632049560547,-490.6873474121094,2426.35107421875,1.83967125415802,-444.9298095703125,2289.14306640625,21.197174072265625,-491.0745849609375,2309.4482421875,35.62428283691406,-537.2723999023438,2421.778076171875,-24.596582412719727,-487.269287109375,2288.63720703125,-112.33145141601562,-542.5961303710938,2360.8974609375
-92.58047485351562,100.41775512695312,2503.401611328125,-78.14959716796875,-68.47834014892578,2469.468505859375,-75.81094360351562,-206.24002075195312,2458.6611328125,-54.61300277709961,-414.5315246582031,2438.103759765625,-30.822799682617188,-379.4012145996094,2459.45068359375,78.40216064453125,-337.8089599609375,2533.80029296875,93.11285400390624,-122.9155502319336,2692.88427734375,117.8952407836914,98.60770416259766,2664.18115234375,133.13247680664062,189.62538146972656,2677.96142578125,116.75146484375,248.2657165527344,2592.779296875,111.80770111083984,203.9189453125,2580.11572265625,-86.3661880493164,-381.1019287109375,2425.3271484375,-200.64276123046875,-360.5492858886719,2372.8134765625,-379.147705078125,-195.96925354003903,2248.3486328125,-260.5918884277344,-338.4990234375,2116.33642578125,-250.92819213867188,-437.7118225097656,2128.8603515625,-249.25238037109375,-538.7923583984375,2109.575439453125,-195.94622802734375,-454.4039916992187,2100.80419921875,-15.481718063354492,98.3449478149414,2546.5068359375,10.547274589538574,485.2371826171875,2535.491943359375,11.717779159545898,855.9158935546875,2541.838134765625,150.83287048339844,963.7446899414062,2497.414794921875,-162.10382080078125,102.28689575195312,2464.531494140625,-182.5015563964844,485.0556945800781,2521.38818359375,-214.9344787597656,849.3403930664062,2602.6044921875,-173.85205078125,963.5819702148438,2487.904541015625,-40.046295166015625,-490.0726013183594,2419.48193359375,20.38455390930176,-445.9661254882813,2282.926513671875,40.46369171142578,-491.03521728515625,2305.448486328125,51.584075927734375,-533.8137817382812,2420.0625,-4.678642272949219,-489.383056640625,2282.510498046875,-93.95138549804688,-545.9790649414062,2352.837158203125
-90.83141326904295,102.84286499023438,2490.455078125,-74.84845733642578,-66.59828186035156,2459.97802734375,-70.4471206665039,-204.46006774902344,2450.973876953125,-46.37752914428711,-412.791259765625,2433.96044921875,-23.260852813720703,-377.0182800292969,2454.993408203125,84.80732727050781,-328.883544921875,2527.0908203125,97.27046966552734,-116.1341552734375,2689.285888671875,130.62779235839844,104.087158203125,2659.02490234375,141.49859619140625,196.24758911132812,2668.883544921875,128.8959503173828,259.9373474121094,2586.718505859375,116.6863021850586,216.6613006591797,2587.912841796875,-78.42153930664062,-379.9754638671875,2420.321044921875,-190.1053771972656,-356.7100830078125,2363.49169921875,-364.7577209472656,-186.08956909179688,2241.63232421875,-232.0780487060547,-306.9224853515625,2101.601318359375,-234.3685607910156,-407.0432739257813,2109.79052734375,-232.8367156982422,-506.5622253417969,2083.545166015625,-172.57139587402344,-427.6543884277344,2097.103515625,-13.230144500732422,102.55945587158205,2532.72705078125,11.175151824951172,489.7729797363281,2532.670654296875,11.636950492858888,860.2273559570312,2548.457763671875,151.5303497314453,964.0797119140624,2497.3896484375,-160.80789184570312,103.0984344482422,2452.336669921875,-181.55999755859375,485.6476745605469,2510.915283203125,-214.52786254882812,847.0906982421875,2604.0048828125,-188.69534301757812,963.1055908203124,2486.630859375,-30.65088653564453,-488.4345703125,2416.69580078125,35.279788970947266,-440.445068359375,2284.0224609375,53.801082611083984,-486.6703186035156,2305.533447265625,60.17144775390625,-533.8185424804688,2418.807861328125,9.51977825164795,-483.3654174804687,2281.125732421875,-83.11717224121094,-540.8900146484375,2346.185546875
-82.6627197265625,102.03661346435548,2477.581787109375,-67.67291259765625,-68.29352569580078,2449.853271484375,-63.90654373168945,-206.50613403320312,2442.071533203125,-36.03872299194336,-415.1091003417969,2430.08251953125,-13.952288627624512,-378.45074462890625,2450.897216796875,89.8301773071289,-322.4736633300781,2524.115478515625,105.05419158935548,-105.59844970703124,2681.35888671875,140.58331298828125,114.69417572021484,2650.980712890625,149.57574462890625,207.6291046142578,2655.8369140625,137.14588928222656,267.8701171875,2570.8447265625,122.43387603759766,216.80409240722656,2567.474853515625,-68.34580993652344,-383.0679016113281,2414.987060546875,-176.03465270996094,-358.3052062988281,2350.99853515625,-347.3933410644531,-170.24887084960938,2250.934326171875,-210.22634887695312,-273.17047119140625,2100.606689453125,-205.43121337890625,-373.6358947753906,2104.8232421875,-191.02821350097656,-452.70404052734375,2040.2059326171875,-170.95559692382812,-394.3952941894531,2085.48388671875,-5.765110015869141,101.66205596923828,2521.452392578125,15.933571815490724,489.5911865234375,2532.881591796875,14.504098892211914,860.1997680664062,2558.279541015625,150.3924102783203,964.0806884765624,2496.39794921875,-152.00465393066406,102.37435913085938,2438.021484375,-175.77833557128906,484.9271240234375,2500.0986328125,-214.35699462890625,844.746826171875,2599.888427734375,-189.35824584960935,966.0158081054688,2487.299560546875,-18.666915893554688,-490.9700317382813,2414.7861328125,67.30326843261719,-439.1466369628906,2295.346435546875,80.74427795410156,-487.389404296875,2316.4521484375,69.1946029663086,-540.8629760742188,2426.715576171875,40.42649459838867,-480.6232299804687,2286.356689453125,-62.88898849487305,-537.0604248046875,2334.56689453125
-74.62389373779297,102.20672607421876,2463.155029296875,-60.46968078613281,-67.69354248046875,2436.376953125,-57.51033782958984,-205.51133728027344,2430.649169921875,-32.87315368652344,-414.0163879394531,2425.6708984375,-9.310526847839355,-376.99957275390625,2443.63330078125,96.25167083740234,-318.2652587890625,2510.932861328125,116.57515716552734,-106.7637939453125,2673.14404296875,148.78952026367188,113.20884704589844,2642.939208984375,162.2175750732422,205.3432159423828,2645.67626953125,145.40513610839844,270.70562744140625,2565.860107421875,131.19810485839844,215.04193115234375,2557.977783203125,-65.4871597290039,-382.28070068359375,2411.166015625,-179.56655883789062,-359.98785400390625,2359.46826171875,-349.2113342285156,-157.3429718017578,2293.5634765625,-218.5222930908203,-204.9209442138672,2113.90478515625,-166.30531311035156,-283.17962646484375,2148.659912109375,-147.09725952148438,-349.09295654296875,2072.22509765625,-117.7861557006836,-295.3411560058594,2099.3984375,3.2188892364501953,102.1543960571289,2504.633056640625,21.8633975982666,488.19976806640625,2528.958740234375,20.05272102355957,856.6160278320312,2564.18701171875,149.71925354003906,964.828125,2498.478271484375,-144.8181610107422,102.25392150878906,2425.75244140625,-168.73915100097656,482.5376892089844,2492.5341796875,-208.88394165039065,839.1797485351562,2597.732421875,-187.35064697265625,967.6227416992188,2493.625,-17.3309383392334,-490.3790588378906,2412.5869140625,80.23775482177734,-433.8053283691406,2305.621337890625,92.71011352539062,-481.7257385253906,2327.5224609375,69.85737609863281,-537.2203369140625,2434.46435546875,56.27443313598633,-475.87261962890625,2292.9375,-49.623905181884766,-536.4359130859375,2327.30517578125
-65.25155639648438,100.60758209228516,2450.874755859375,-51.57363510131836,-70.09832000732422,2429.04931640625,-46.715633392333984,-207.8596038818359,2422.223388671875,-20.957618713378903,-416.35845947265625,2421.155029296875,2.008369207382202,-378.9267272949219,2439.0732421875,107.15000915527344,-320.1529541015625,2507.090576171875,119.84508514404295,-110.46048736572266,2672.54541015625,157.525146484375,108.61473083496094,2641.580078125,172.5481719970703,198.8544464111328,2659.288818359375,163.02587890625,272.94964599609375,2586.129638671875,157.49949645996094,233.53269958496097,2588.660400390625,-53.3870849609375,-385.0157165527344,2405.38330078125,-162.70648193359375,-360.813232421875,2344.89892578125,-341.88812255859375,-159.38987731933594,2305.386474609375,-196.48190307617188,-160.62718200683594,2130.711181640625,-134.04466247558594,-234.4753570556641,2157.429931640625,-67.84397888183594,-247.01986694335935,2079.821044921875,-109.10030364990234,-241.92958068847656,2108.158447265625,11.30703067779541,101.13410186767578,2494.73583984375,26.137800216674805,487.1519775390625,2523.780029296875,20.519012451171875,855.2904663085938,2562.65673828125,149.32379150390625,964.9077758789062,2497.412109375,-134.28781127929688,100.1327896118164,2411.323486328125,-158.72032165527344,481.3543701171875,2473.1591796875,-206.77638244628903,834.3635864257812,2587.364990234375,-183.6333770751953,970.267333984375,2493.4853515625,-4.74127197265625,-492.8639221191406,2409.655517578125,97.9602508544922,-431.2777099609375,2310.468994140625,111.11394500732422,-478.5192565917969,2333.465087890625,82.76909637451172,-535.18310546875,2438.5107421875,77.25450134277344,-474.531005859375,2296.084228515625,-27.81235122680664,-540.4988403320312,2322.232177734375
-53.588253021240234,104.449951171875,2442.5302734375,-39.325687408447266,-65.33595275878906,2423.730224609375,-33.10116195678711,-202.0991668701172,2417.63671875,-7.1566162109375,-409.0769958496094,2418.965576171875,15.052652359008787,-371.7274169921875,2437.12353515625,118.15077209472656,-316.38348388671875,2509.05224609375,132.4272918701172,-107.43221282958984,2672.256591796875,179.84759521484375,107.0973129272461,2634.95458984375,197.6031951904297,194.9701690673828,2657.83056640625,191.51971435546875,280.29083251953125,2598.98828125,152.73806762695312,186.4897918701172,2545.114501953125,-38.93590545654297,-378.1415710449219,2402.121826171875,-146.40933227539062,-358.3482360839844,2338.683349609375,-318.3062744140625,-150.1405487060547,2321.5390625,-178.14198303222656,-125.1357192993164,2146.447509765625,-111.2966766357422,-168.53561401367188,2086.67919921875,-83.29762268066406,-144.86122131347656,1991.4434814453125,-78.67493438720703,-137.3350372314453,2065.01806640625,22.13260841369629,105.93395233154295,2486.572998046875,33.40829086303711,489.0927734375,2518.535888671875,23.055469512939453,854.1666259765625,2560.393310546875,150.41561889648438,965.099609375,2498.1533203125,-121.86908721923828,103.11176300048828,2402.8154296875,-146.0634765625,483.4386291503906,2451.87841796875,-202.54832458496097,830.2586669921875,2572.3837890625,-176.71571350097656,973.621826171875,2493.601806640625,9.40103816986084,-485.0981750488281,2408.626220703125,120.0852508544922,-432.3205261230469,2314.810302734375,131.0138702392578,-476.7663269042969,2343.048828125,93.28036499023438,-523.3784790039062,2449.069091796875,101.02320098876952,-476.6186828613281,2302.74755859375,-5.179964065551758,-540.4923095703125,2324.864501953125
-26.67377281188965,108.64512634277344,2437.733642578125,-15.387904167175291,-60.846641540527344,2418.6103515625,-13.797452926635742,-197.45913696289065,2415.448974609375,8.617527961730957,-404.2552795410156,2417.759521484375,30.459836959838867,-367.3857421875,2436.97265625,132.41195678710938,-322.51251220703125,2516.678466796875,135.68643188476562,-108.60903930664062,2672.698486328125,198.29409790039065,101.15362548828124,2634.404296875,224.0201110839844,189.7434844970703,2632.809326171875,222.44821166992188,285.5393371582031,2593.5703125,209.74850463867188,228.48883056640625,2595.02783203125,-21.711328506469727,-372.88427734375,2399.480224609375,-126.14019012451172,-355.13427734375,2331.2353515625,-281.0931701660156,-135.60079956054688,2307.151611328125,-168.95838928222656,-21.2822265625,2149.031982421875,-115.76966094970705,-92.04826354980467,2103.954833984375,-96.5245132446289,-29.36606788635254,2026.1292724609375,-96.6158676147461,-53.7354850769043,2049.752685546875,47.8234748840332,108.45624542236328,2483.373291015625,50.130428314208984,490.2463989257813,2520.34130859375,32.142757415771484,853.3126220703125,2567.724365234375,149.22549438476562,969.498046875,2496.923583984375,-93.8512191772461,108.81544494628906,2396.578369140625,-118.33950805664062,490.4880981445313,2419.93310546875,-190.76963806152344,822.7982788085938,2566.73828125,-178.06918334960938,973.6035766601562,2500.626953125,24.375823974609375,-480.31842041015625,2408.1650390625,143.0123291015625,-428.1582336425781,2325.039306640625,150.62265014648438,-473.4178161621094,2352.78515625,103.656982421875,-521.541748046875,2453.941162109375,124.0165023803711,-471.5368041992187,2310.380126953125,15.26491355895996,-533.104248046875,2322.3134765625
-19.28242874145508,109.13978576660156,2432.25390625,-6.8575944900512695,-60.36956787109375,2414.251708984375,-3.9049324989318848,-196.93597412109375,2410.95654296875,20.76713180541992,-403.4530944824219,2412.207275390625,41.55154037475586,-366.5240173339844,2432.43603515625,140.93345642089844,-320.9368591308594,2514.900390625,140.58396911621094,-105.71009063720705,2669.056884765625,204.81871032714844,103.10745239257812,2628.546875,233.6488342285156,190.70249938964844,2626.108642578125,234.01644897460935,289.2375793457031,2594.382568359375,210.7918701171875,231.0727081298828,2591.03466796875,-9.302864074707031,-372.2610473632813,2393.225830078125,-109.32618713378906,-351.7196350097656,2319.42529296875,-261.2792663574219,-129.50054931640625,2302.313720703125,-153.72610473632812,7.457658767700195,2159.819580078125,-67.97454071044922,-28.264524459838867,2124.65576171875,-61.4349365234375,54.02226638793945,2065.16357421875,-44.94149398803711,36.1237678527832,2090.88916015625,54.63655853271485,109.6149444580078,2478.798095703125,53.46213912963867,491.0669250488281,2518.61083984375,32.40028762817383,853.6671142578125,2567.839599609375,150.47018432617188,969.8828735351562,2498.817626953125,-85.93843078613281,108.71131134033205,2390.282958984375,-110.65654754638672,490.9210510253906,2399.244384765625,-185.5461578369141,821.80224609375,2547.89306640625,-177.61721801757812,976.1499633789062,2489.754638671875,37.688751220703125,-479.2363586425781,2402.474853515625,166.93304443359375,-430.1163635253906,2334.789794921875,170.5388641357422,-473.9529724121094,2365.460205078125,109.62940979003906,-517.628662109375,2461.0234375,150.28173828125,-474.2783508300781,2319.651611328125,41.0245361328125,-536.0633544921875,2318.830810546875
5.585553169250488,113.12069702148438,2415.357666015625,9.642803192138672,-57.32569885253906,2410.11376953125,8.885766983032227,-193.6891937255859,2410.648193359375,28.187898635864254,-400.3386535644531,2414.0166015625,49.12115478515625,-363.8804626464844,2434.723876953125,149.77288818359375,-316.8330993652344,2514.3271484375,152.11148071289062,-97.41604614257812,2661.498291015625,214.85882568359375,111.83574676513672,2623.3876953125,250.33631896972656,196.79212951660156,2623.336181640625,246.4903564453125,291.4093322753906,2582.031005859375,228.96339416503903,238.69171142578125,2610.493896484375,-0.3160350024700165,-368.591796875,2393.81201171875,-97.93372344970705,-348.6941223144531,2317.09814453125,-230.54725646972656,-116.28182220458984,2287.54736328125,-131.76998901367188,28.170808792114254,2146.815673828125,-71.3796615600586,105.617431640625,2160.2978515625,-81.16171264648438,193.7239532470703,2209.83251953125,-58.14468765258789,107.68833923339844,2158.947509765625,72.13026428222656,112.97196197509766,2471.678955078125,65.00286865234375,492.7976379394531,2518.475341796875,35.811702728271484,853.4529418945312,2572.218505859375,149.89566040039062,971.2783203125,2500.212646484375,-54.42073822021485,113.25481414794922,2364.570068359375,-81.10818481445312,494.5556335449219,2355.05078125,-184.9654083251953,810.3836669921875,2516.63427734375,-171.80433654785156,972.3225708007812,2489.056884765625,43.48282241821289,-476.4386901855469,2405.372802734375,181.72903442382812,-431.9110412597656,2355.279296875,180.06712341308594,-474.45660400390625,2387.69873046875,105.42961120605467,-513.3875732421875,2474.90478515625,166.59674072265625,-476.31793212890625,2339.5947265625,57.62730407714844,-536.4615478515625,2325.41455078125
13.283124923706056,117.09203338623048,2414.542236328125,18.320232391357425,-53.636959075927734,2408.457763671875,17.163433074951172,-190.25865173339844,2410.02001953125,42.99175262451172,-396.5933532714844,2414.1298828125,62.118350982666016,-359.420654296875,2435.5126953125,158.31216430664062,-309.9703063964844,2519.51318359375,154.36279296875,-91.32929229736328,2668.726806640625,218.41049194335935,116.97425079345705,2625.395263671875,278.110595703125,186.4360809326172,2614.4111328125,250.68833923339844,283.18798828125,2589.864501953125,244.37843322753903,244.91197204589844,2614.1904296875,14.087923049926758,-365.7040100097656,2392.96923828125,-79.85993194580078,-347.7871398925781,2310.9609375,-209.8623809814453,-112.76842498779295,2285.92626953125,-125.24301147460938,53.252681732177734,2159.8134765625,-83.85055541992188,143.54177856445312,2160.078125,-89.73397064208984,234.3870391845703,2205.524169921875,-69.6004867553711,149.0049285888672,2158.09716796875,81.2735366821289,117.14351654052734,2469.384033203125,73.14886474609375,497.7088623046875,2516.188232421875,38.85533905029297,858.42529296875,2571.40185546875,151.74252319335938,976.3463745117188,2496.832763671875,-48.02680969238281,117.0456085205078,2365.0888671875,-63.946022033691406,498.7486267089844,2336.461181640625,-184.1324462890625,802.6242065429688,2510.808349609375,-168.188720703125,963.5364990234376,2477.36962890625,61.01261138916016,-472.3111572265625,2406.005859375,201.73065185546875,-431.5705871582031,2358.720458984375,198.1997833251953,-474.1775512695313,2391.083984375,120.57877349853516,-511.1646728515625,2476.8525390625,185.63943481445312,-475.5977478027344,2342.61767578125,75.10658264160156,-532.7264404296875,2326.082763671875
14.345555305480955,114.86613464355467,2418.699951171875,20.23570442199707,-55.21059036254883,2407.43603515625,18.86195373535156,-191.52403259277344,2404.727783203125,48.44155502319336,-396.9127807617187,2408.747802734375,65.60513305664062,-359.633056640625,2431.357666015625,159.4600067138672,-310.1641540527344,2517.4951171875,152.2948455810547,-91.1541748046875,2665.049072265625,219.28273010253903,116.02479553222656,2623.1982421875,272.6163330078125,190.90768432617188,2618.51708984375,272.2448425292969,285.85504150390625,2577.833740234375,254.29556274414065,238.79383850097656,2611.88330078125,20.182666778564453,-366.479736328125,2386.316162109375,-71.47158813476562,-349.9706726074219,2301.861328125,-199.296875,-113.7903060913086,2283.585205078125,-116.46646118164062,70.29703521728516,2185.27197265625,-105.76988983154295,168.70059204101562,2190.396484375,-97.56058502197266,269.2909851074219,2201.5029296875,-78.8658447265625,182.6355438232422,2172.81982421875,77.07428741455078,113.03196716308594,2479.197021484375,91.53594207763672,493.6155090332031,2516.795166015625,34.47665023803711,852.4019775390625,2559.117919921875,150.95193481445312,975.81591796875,2501.880126953125,-42.21969985961914,116.52008819580078,2364.14697265625,-30.107084274291992,495.5254211425781,2315.569091796875,-161.6805877685547,793.2466430664062,2490.653564453125,-145.42160034179688,952.9617309570312,2453.546630859375,68.328125,-472.039306640625,2401.089111328125,211.21026611328125,-430.0071716308594,2363.467529296875,205.94577026367188,-472.28216552734375,2395.843505859375,123.1279067993164,-509.4293823242187,2476.1455078125,196.85433959960935,-474.2816467285156,2346.736083984375,88.68412017822266,-532.8364868164062,2323.098388671875
19.2152099609375,115.5621109008789,2418.20849609375,30.38202857971191,-54.09148406982422,2404.86376953125,32.38502502441406,-190.36566162109375,2401.08349609375,58.28506088256836,-396.22503662109375,2405.879638671875,74.81669616699219,-359.3102722167969,2429.531005859375,163.25135803222656,-312.7391662597656,2522.72119140625,154.56198120117188,-94.174560546875,2670.832275390625,230.02471923828125,108.44297790527344,2621.74853515625,276.7149353027344,187.4331817626953,2614.4228515625,282.1427917480469,285.8203125,2583.441162109375,268.8059387207031,231.9232635498047,2585.60888671875,31.79207420349121,-365.2538757324219,2382.075439453125,-56.78907775878906,-343.6839294433594,2295.51708984375,-177.89991760253906,-104.11083984375,2275.894287109375,-110.6499481201172,96.52020263671876,2200.829345703125,-98.30879974365234,193.6755218505859,2216.048583984375,-90.21222686767578,293.1732482910156,2234.56689453125,-69.64790344238281,209.0417327880859,2218.872802734375,80.72337341308594,114.75309753417967,2479.962890625,115.3573989868164,495.1310729980469,2503.773193359375,28.73577880859375,847.203857421875,2551.77783203125,142.436767578125,975.2211303710938,2499.294189453125,-36.249412536621094,116.29163360595705,2362.522216796875,-5.85098934173584,492.6716918945313,2302.916748046875,-149.41148376464844,787.2394409179688,2473.832763671875,-120.54915618896484,941.7606811523438,2424.45654296875,77.30470275878906,-471.6481018066406,2399.0087890625,221.424072265625,-427.3721618652344,2369.60498046875,214.91989135742188,-468.5569152832031,2403.136474609375,127.653076171875,-504.8572387695313,2478.982666015625,209.27931213378903,-472.578857421875,2353.63916015625,104.37662506103516,-534.7061767578125,2324.96044921875
20.979331970214844,112.94720458984376,2422.988037109375,33.062469482421875,-56.535518646240234,2408.2939453125,42.118106842041016,-192.1111602783203,2397.026611328125,64.74251556396484,-398.2720947265625,2404.73876953125,79.81166076660156,-361.4571228027344,2429.498779296875,156.39308166503906,-318.2907409667969,2534.125,151.43890380859375,-91.8918685913086,2670.15673828125,236.21337890625,108.63719940185548,2628.19140625,281.1187438964844,188.12533569335935,2616.41943359375,290.53546142578125,288.94488525390625,2596.010498046875,273.0782165527344,232.5714569091797,2589.091796875,40.68157196044922,-367.0755004882813,2378.7451171875,-41.9520149230957,-337.51605224609375,2288.7294921875,-146.8939666748047,-91.06543731689452,2262.264404296875,-109.91976165771484,123.60619354248048,2207.84765625,-105.2323760986328,219.6177520751953,2231.999267578125,-121.43693542480467,319.7184143066406,2237.09521484375,-78.99080657958984,238.8805694580078,2229.553466796875,75.33511352539062,110.91728973388672,2491.09912109375,113.63574981689452,491.6956481933594,2490.255859375,36.10199737548828,845.6129760742188,2540.249755859375,147.70362854003906,979.8182373046876,2500.172607421875,-28.03566551208496,114.77766418457033,2361.569091796875,41.90877914428711,481.9452819824219,2281.316650390625,-113.10082244873048,777.9891357421875,2439.201904296875,-78.81851196289062,935.96875,2407.3251953125,83.2269058227539,-473.976318359375,2399.734375,229.42999267578125,-430.7107849121094,2381.05126953125,220.20071411132812,-471.96148681640625,2413.856201171875,127.38529205322266,-507.8519592285156,2483.019775390625,218.1407012939453,-475.7674560546875,2364.063232421875,115.13674926757812,-536.9844970703125,2327.592041015625
35.788333892822266,112.06629943847656,2414.342041015625,47.60187149047851,-56.07741928100586,2400.403564453125,52.61067199707031,-190.9962615966797,2393.0107421875,77.79743957519531,-395.2147216796875,2397.811767578125,91.23747253417967,-358.96112060546875,2423.585205078125,158.40748596191406,-319.9798278808594,2534.648681640625,154.91189575195312,-93.1303482055664,2665.6474609375,240.51112365722656,106.22126007080078,2629.871826171875,280.9534606933594,188.0326385498047,2627.664794921875,294.6512145996094,282.4055480957031,2590.251220703125,279.6264343261719,227.25241088867188,2589.040283203125,54.484275817871094,-364.1435546875,2371.694091796875,-23.541364669799805,-336.0780334472656,2278.590087890625,-121.29156494140624,-88.7842025756836,2255.229248046875,-101.80664825439452,129.95645141601562,2218.4482421875,-104.48394012451172,225.33514404296875,2242.05029296875,-120.8679656982422,324.67840576171875,2241.044677734375,-76.35398864746094,244.8534240722656,2245.606689453125,91.69186401367188,110.52992248535156,2480.257080078125,170.99586486816406,478.7907409667969,2434.030517578125,64.6633071899414,817.341796875,2509.109130859375,149.92074584960938,965.83642578125,2461.957763671875,-14.622342109680176,113.45172119140624,2354.9033203125,61.19263458251953,479.0830993652344,2289.34423828125,-81.99263000488281,792.3658447265625,2414.622314453125,-36.722599029541016,941.934814453125,2366.867431640625,97.4287338256836,-469.916259765625,2392.201171875,244.90782165527344,-431.7586669921875,2393.02685546875,230.8313446044922,-474.5367431640625,2421.0908203125,130.55848693847656,-511.260986328125,2476.233154296875,234.21791076660156,-474.5851440429687,2371.640380859375,134.83981323242188,-528.2235107421875,2319.916015625
44.65077590942383,110.2015609741211,2413.07373046875,57.7266731262207,-57.5778694152832,2396.35107421875,61.51262664794922,-192.37974548339844,2386.68798828125,86.68435668945312,-396.57623291015625,2391.6357421875,97.63880157470705,-360.5782775878906,2418.89306640625,158.73135375976562,-318.2075500488281,2532.18603515625,143.4677276611328,-91.42137908935548,2662.3984375,233.7740020751953,105.56558990478516,2625.2548828125,270.2585754394531,188.79681396484375,2633.8203125,280.0733947753906,283.99200439453125,2597.307861328125,278.5750732421875,228.99278259277344,2596.04052734375,65.75609588623047,-365.2722778320313,2363.838623046875,-6.310157299041748,-336.3828125,2266.304931640625,-106.480712890625,-89.48291778564453,2250.574951171875,-87.93000793457031,129.63885498046875,2215.764404296875,-96.13372039794922,220.72947692871097,2251.7451171875,-118.37362670898438,315.4442138671875,2277.649658203125,-72.11479949951172,242.08889770507812,2256.549560546875,86.9129867553711,105.99208068847656,2488.35400390625,71.53189086914062,485.08642578125,2496.406494140625,30.56493377685547,845.005615234375,2514.136962890625,161.90982055664062,963.3318481445312,2497.28466796875,6.541073322296143,113.9974365234375,2345.190185546875,93.42536163330078,479.88128662109375,2297.39697265625,-41.906551361083984,808.1980590820312,2388.005126953125,21.784122467041016,949.1868286132812,2335.457763671875,106.93375396728516,-471.175048828125,2387.0546875,254.4394073486328,-433.7330322265625,2393.5673828125,239.00189208984375,-476.1650695800781,2421.430419921875,136.37258911132812,-511.8634033203125,2472.753173828125,244.4105224609375,-476.7072448730469,2372.16796875,146.96359252929688,-530.3529052734375,2316.925537109375
59.35785675048828,106.9396514892578,2409.8203125,73.54011535644531,-60.61521911621094,2392.466796875,76.41352844238281,-195.33580017089844,2382.15869140625,100.0811767578125,-399.5727233886719,2388.972900390625,109.48638916015624,-363.6018676757813,2416.8056640625,162.62110900878906,-322.817138671875,2534.53857421875,143.47314453125,-95.0526885986328,2662.288818359375,234.6437530517578,103.41497039794922,2637.849365234375,271.7624206542969,186.7167053222656,2640.689697265625,281.7292785644531,284.8005676269531,2613.064453125,263.6444396972656,229.613037109375,2610.1201171875,81.13306427001953,-368.21728515625,2359.87646484375,13.41684913635254,-343.3569641113281,2258.266357421875,-87.9964370727539,-97.0201644897461,2243.576416015625,-61.915157318115234,121.88026428222656,2213.052734375,-73.83436584472656,208.75552368164065,2257.34814453125,-104.05812072753906,301.5251159667969,2282.015869140625,-45.19740676879883,225.43687438964844,2277.961669921875,93.24225616455078,101.59502410888672,2489.117431640625,62.918758392333984,479.6334228515625,2497.0087890625,8.053511619567871,837.6994018554688,2511.30126953125,148.243896484375,945.7186889648438,2497.55419921875,28.80279541015625,111.75914001464844,2338.314453125,120.75093841552734,477.11474609375,2297.74267578125,1.3081655502319336,816.7462158203125,2365.486572265625,77.80838775634766,950.2799072265624,2310.80615234375,120.1578598022461,-474.2576293945313,2385.787841796875,267.1485290527344,-439.7170715332031,2405.377197265625,247.4998779296875,-479.3070983886719,2434.692626953125,138.9350128173828,-508.2920837402344,2477.15185546875,258.1409912109375,-484.0729675292969,2386.54296875,165.59719848632812,-539.9271850585938,2325.47998046875
68.60330963134766,106.02367401123048,2409.136474609375,84.95258331298828,-61.650596618652344,2390.618896484375,91.43254089355467,-196.43118286132812,2378.334228515625,109.62380981445312,-401.8219604492187,2383.036376953125,119.43477630615234,-366.3632507324219,2411.57763671875,172.8411865234375,-325.36688232421875,2529.51708984375,141.56661987304688,-98.229736328125,2657.380615234375,230.4949188232422,100.29259490966795,2622.31689453125,258.40679931640625,184.4877166748047,2644.68310546875,274.8096618652344,280.4649963378906,2612.17919921875,259.40216064453125,228.11993408203125,2618.216064453125,92.05184173583984,-369.5396728515625,2353.89501953125,29.48255157470703,-341.4284362792969,2249.47607421875,-78.92072296142578,-97.2272491455078,2236.618896484375,-48.64373779296875,121.6658172607422,2205.718017578125,-45.527618408203125,205.44058227539065,2257.423828125,-68.33040618896484,294.8234558105469,2298.3056640625,-28.693540573120117,216.6574554443359,2270.563232421875,100.02886962890624,100.19645690917967,2489.646728515625,66.60236358642578,478.7161560058594,2505.309326171875,12.067757606506348,837.512939453125,2525.23681640625,150.84495544433594,943.5331420898438,2490.969970703125,40.2654914855957,111.2783432006836,2336.537109375,128.87088012695312,479.4443359375,2306.01513671875,31.38276100158691,830.18994140625,2354.737060546875,126.72464752197266,944.6180419921876,2286.709716796875,127.83580780029295,-477.1636962890625,2379.29248046875,273.3899841308594,-441.9257507324219,2408.878662109375,251.3903045654297,-480.55816650390625,2438.049560546875,139.5331268310547,-508.06884765625,2473.193115234375,265.68634033203125,-487.0260009765625,2390.924072265625,177.6598358154297,-545.0953369140625,2324.80419921875
71.40243530273438,112.58904266357422,2407.5439453125,88.07054138183594,-57.19926071166992,2390.002197265625,98.4537353515625,-193.2701110839844,2376.742919921875,118.41373443603516,-400.8957824707031,2383.921875,125.46390533447266,-364.8225708007813,2413.404052734375,167.0829315185547,-319.0374755859375,2536.108642578125,123.39535522460938,-79.75567626953125,2642.909912109375,237.36447143554688,103.70731353759766,2587.545166015625,256.0411376953125,172.7563934326172,2646.300537109375,263.8173828125,268.2901611328125,2606.26708984375,255.18959045410156,236.2776336669922,2601.9892578125,102.92196655273438,-368.5057373046875,2352.877197265625,53.34408187866211,-342.4694519042969,2239.532958984375,-57.26345443725586,-95.85491943359376,2224.91748046875,-30.4545841217041,127.01980590820312,2200.677001953125,-35.19087219238281,216.0849609375,2245.1630859375,-68.33079528808594,304.1186218261719,2284.868408203125,-15.35410213470459,238.5010681152344,2245.9931640625,94.06990051269533,106.09207916259766,2491.96728515625,67.22111511230469,489.5675659179687,2510.230712890625,16.973878860473633,853.351806640625,2530.477294921875,151.616455078125,968.9947509765624,2499.962158203125,50.96219253540039,118.4476318359375,2331.415771484375,160.99522399902344,485.8507385253906,2305.01611328125,88.9947738647461,849.4105224609375,2332.853271484375,200.42774963378903,954.6505737304688,2269.911865234375,137.84503173828125,-476.9574279785156,2382.048095703125,283.640625,-439.6112976074219,2416.843994140625,261.4259948730469,-480.0885009765625,2444.4716796875,147.96160888671875,-511.2103271484375,2476.236083984375,277.1765441894531,-484.7432861328125,2396.969482421875,190.9161834716797,-542.8429565429688,2325.923095703125
82.52395629882812,118.4415054321289,2406.85205078125,99.95693969726562,-51.69351577758789,2387.12646484375,108.65526580810548,-188.2316131591797,2372.139892578125,129.40916442871094,-396.69781494140625,2373.914794921875,132.7840118408203,-361.5937805175781,2405.4345703125,151.71762084960938,-320.8468933105469,2535.85986328125,109.45944213867188,-79.69146728515625,2641.547119140625,227.3386077880859,110.436767578125,2634.51416015625,273.34857177734375,188.99176025390625,2653.132080078125,265.602783203125,277.3937072753906,2598.3818359375,255.44451904296875,239.4515838623047,2601.6396484375,117.244140625,-363.0987243652344,2342.39892578125,79.4736557006836,-334.1721496582031,2224.74755859375,-22.81437873840332,-82.93840026855469,2209.05078125,3.649402379989624,141.24462890625,2188.762451171875,4.614400386810303,228.34657287597656,2237.98095703125,-21.67101669311523,315.5351867675781,2285.010498046875,23.404539108276367,249.95887756347656,2238.448486328125,96.31336975097656,109.82855224609376,2493.326416015625,68.95028686523438,494.7753601074219,2510.925048828125,15.896122932434082,859.61328125,2530.636474609375,158.3703155517578,965.9833984375,2497.955810546875,70.08943176269531,126.20818328857422,2328.8740234375,180.2744598388672,495.4495849609375,2307.86328125,154.90890502929688,867.5987548828125,2315.24560546875,285.849609375,959.0509033203124,2268.815185546875,149.61253356933594,-472.8523559570313,2371.463134765625,299.6859436035156,-443.1190490722656,2396.731689453125,275.4060974121094,-477.6347961425781,2430.44384765625,160.76429748535156,-494.7875061035156,2469.5400390625,288.9285583496094,-490.0263977050781,2383.442626953125,195.3527679443359,-550.1834716796875,2323.357421875
101.06918334960938,116.25981903076172,2400.6767578125,113.27531433105467,-55.88640975952149,2385.817626953125,121.4665069580078,-193.60301208496097,2373.844970703125,142.01019287109375,-403.36181640625,2377.3134765625,141.2253875732422,-368.1990051269531,2409.371337890625,142.72549438476562,-323.7268371582031,2540.83984375,118.59938049316406,-76.39248657226562,2641.98974609375,246.6937561035156,108.42063903808594,2654.108154296875,281.6388244628906,194.9362945556641,2648.218017578125,261.6595764160156,284.6942443847656,2597.71240234375,255.5323486328125,235.5259704589844,2602.495361328125,134.0016326904297,-369.3978271484375,2344.44384765625,115.52181243896484,-333.3065185546875,2223.3671875,8.830889701843262,-83.5785140991211,2191.8994140625,33.53206253051758,142.5186767578125,2175.3818359375,36.41131210327149,235.1692047119141,2214.63818359375,65.9217529296875,301.5821228027344,2287.798583984375,59.7652587890625,253.7012939453125,2219.23876953125,96.29788208007812,108.32173919677734,2488.720947265625,69.46624755859375,495.5159912109375,2509.74462890625,15.381351470947266,862.4774169921875,2529.835205078125,157.24591064453125,973.5556030273438,2504.929931640625,105.37167358398438,123.41793823242188,2321.283447265625,201.3527069091797,499.2840576171875,2304.895751953125,207.40133666992188,874.6019897460938,2302.1142578125,348.3617248535156,961.9187622070312,2279.496337890625,162.51275634765625,-479.9769592285156,2377.1455078125,306.0718688964844,-436.8730773925781,2420.431640625,284.0271911621094,-479.2113342285156,2446.40869140625,169.4087371826172,-516.036865234375,2472.028564453125,302.5091857910156,-482.2722473144531,2399.228759765625,221.6810760498047,-543.0662231445312,2322.070556640625
110.15851593017578,116.99861145019533,2398.41162109375,119.59725952148438,-56.59016799926758,2387.52490234375,122.58809661865234,-195.4577789306641,2377.61279296875,150.19772338867188,-405.4939880371094,2370.281494140625,141.49998474121094,-372.7650146484375,2404.094482421875,123.59568786621094,-336.7896423339844,2537.75537109375,97.39618682861328,-97.4286651611328,2659.47265625,212.21014404296875,91.96932983398438,2706.652099609375,242.0060882568359,168.3007354736328,2660.558837890625,253.5012054443359,256.6911926269531,2604.123779296875,244.3297576904297,188.86732482910156,2614.384521484375,147.73851013183594,-369.077392578125,2338.79052734375,154.76913452148438,-318.4435119628906,2221.00537109375,47.47325134277344,-69.84901428222656,2173.42431640625,63.5826301574707,158.8827362060547,2176.342041015625,70.22179412841797,257.2854309082031,2199.14453125,93.34912872314452,321.8719482421875,2276.906982421875,82.10346984863281,271.64666748046875,2184.768310546875,87.51457214355469,110.38371276855467,2484.254150390625,65.44014739990234,499.8874816894531,2508.244384765625,13.39975357055664,869.4009399414062,2525.242919921875,157.11215209960938,981.8958740234376,2513.121826171875,130.5775604248047,122.96356201171876,2321.00341796875,216.0193634033203,503.6607360839844,2306.28369140625,269.0086364746094,877.1079711914062,2291.525146484375,416.1489562988281,957.45751953125,2306.13525390625,173.3638458251953,-481.79736328125,2368.88818359375,313.885986328125,-438.1721496582031,2423.333251953125,289.3641662597656,-480.0783081054687,2448.412841796875,172.1374053955078,-516.03564453125,2465.288330078125,311.800048828125,-484.25543212890625,2402.751220703125,236.8551788330078,-546.6763916015625,2319.98095703125
124.02067565917967,120.45850372314452,2381.724853515625,136.33499145507812,-52.31741714477539,2376.772705078125,140.05799865722656,-190.67987060546875,2370.997802734375,166.17471313476562,-399.9265441894531,2369.769775390625,157.8312225341797,-366.3379211425781,2402.4609375,140.11636352539062,-326.4656677246094,2534.277099609375,116.80184936523438,-92.29710388183594,2663.373291015625,249.763671875,82.9198226928711,2712.065673828125,241.5736389160156,161.99989318847656,2662.801513671875,253.05194091796875,252.94107055664065,2611.683349609375,242.2863616943359,179.81723022460938,2621.19384765625,163.86318969726562,-364.6189575195313,2337.3974609375,171.38658142089844,-327.8529357910156,2215.298828125,71.95199584960938,-80.1572036743164,2155.669921875,124.1318130493164,141.47442626953125,2141.510986328125,117.14378356933594,239.4479217529297,2163.73193359375,111.68453979492188,311.1397705078125,2237.71044921875,129.32699584960938,254.23171997070312,2153.99951171875,99.01614379882812,116.24410247802734,2466.581787109375,70.18370819091797,502.4507751464844,2501.411376953125,13.659324645996094,869.0087890625,2524.608154296875,155.705810546875,982.3001708984376,2514.706787109375,146.568359375,124.25882720947266,2305.20556640625,228.63763427734375,503.8816833496094,2300.127197265625,278.14263916015625,876.0025634765625,2290.43994140625,423.5492858886719,954.2367553710938,2318.079345703125,188.7340545654297,-475.9901428222656,2370.549560546875,329.55224609375,-444.412353515625,2429.989013671875,302.2961120605469,-486.1614685058594,2451.66259765625,183.4977569580078,-516.1319580078125,2463.9306640625,325.3282470703125,-488.6199340820313,2406.469482421875,249.18150329589844,-540.7622680664062,2318.84521484375
119.9686050415039,121.29204559326172,2361.205078125,137.02198791503906,-52.5088996887207,2360.63623046875,151.7256317138672,-191.3458709716797,2360.568359375,181.45657348632812,-401.759765625,2363.050537109375,169.79525756835938,-367.8603210449219,2394.938720703125,147.09976196289062,-322.26910400390625,2525.274169921875,129.65357971191406,-87.4178695678711,2658.3642578125,248.0378265380859,94.5060577392578,2724.955322265625,245.3793029785156,168.91029357910156,2667.14892578125,253.60641479492188,256.5142822265625,2608.45068359375,241.71902465820312,182.00765991210935,2620.062744140625,181.27137756347656,-366.4137573242187,2330.087646484375,200.6226348876953,-323.6722412109375,2210.210205078125,122.04197692871094,-67.84870910644531,2144.28076171875,165.36712646484375,157.4173126220703,2128.88818359375,143.8384552001953,254.9200897216797,2147.052978515625,170.1490020751953,330.407958984375,2213.523681640625,141.44033813476562,268.2005310058594,2135.8857421875,89.93427276611328,118.07015991210938,2445.19384765625,72.48828125,505.5347595214844,2501.180908203125,7.284916877746582,873.7146606445312,2522.453369140625,156.01380920410156,980.912353515625,2518.32470703125,147.0518798828125,124.1973648071289,2285.46875,242.570068359375,503.6748046875,2295.980224609375,305.87286376953125,876.7957763671875,2296.660400390625,447.4435729980469,955.5250244140624,2343.84033203125,205.28176879882812,-478.0207214355469,2366.276611328125,348.8529357910156,-460.2814025878906,2428.03466796875,318.2148132324219,-501.35003662109375,2447.4404296875,196.5107879638672,-523.18798828125,2457.94970703125,341.4190673828125,-502.9913330078125,2401.853515625,261.45098876953125,-544.631103515625,2310.639404296875
131.75759887695312,117.1825942993164,2379.59912109375,147.38714599609375,-55.72562026977539,2366.59765625,158.9292755126953,-194.01023864746097,2355.81298828125,190.9305419921875,-403.4034729003906,2351.6806640625,178.5928497314453,-370.8102111816406,2384.44287109375,162.29795837402344,-327.5704650878906,2516.0693359375,139.06829833984375,-87.19950866699219,2636.0908203125,202.8982086181641,118.11703491210938,2706.799560546875,178.54025268554688,192.31512451171875,2654.5361328125,173.9679412841797,286.727294921875,2607.799560546875,170.49818420410156,212.39566040039065,2616.23291015625,190.683837890625,-367.101318359375,2320.0,212.45492553710935,-322.5758361816406,2201.62060546875,164.3484649658203,-60.92015075683594,2132.89892578125,220.05453491210935,161.1533966064453,2122.210205078125,214.57534790039065,262.1214904785156,2118.69189453125,231.08636474609375,331.958251953125,2193.47705078125,211.0823974609375,271.5830078125,2114.38134765625,98.62256622314452,108.01632690429688,2461.670166015625,80.86784362792969,496.6820983886719,2496.99853515625,16.99111557006836,864.14111328125,2514.102294921875,157.17080688476562,981.4833984375,2515.697265625,161.6369171142578,125.44822692871094,2305.592041015625,251.28704833984375,505.2561645507813,2303.392578125,307.5617370605469,878.2335205078125,2295.132080078125,445.63775634765625,961.2583618164062,2343.43896484375,215.512939453125,-479.2275390625,2352.64013671875,350.1235046386719,-450.2893676757813,2427.687255859375,319.10235595703125,-490.905517578125,2446.9609375,198.2263031005859,-517.2238159179688,2445.988037109375,347.21905517578125,-495.0920715332031,2404.592041015625,279.7209167480469,-547.2263793945312,2309.33544921875
140.9935302734375,112.10540008544922,2376.171875,155.44927978515625,-60.70913314819336,2355.572509765625,169.3779754638672,-198.7877960205078,2340.329833984375,205.55506896972656,-408.1951293945313,2342.39013671875,190.3766326904297,-375.1689147949219,2373.7099609375,159.893310546875,-330.3789367675781,2502.728515625,130.91293334960938,-84.01282501220703,2610.602783203125,172.882080078125,125.78565216064452,2686.5576171875,153.42977905273438,195.1785888671875,2625.80419921875,153.60340881347656,285.7335205078125,2571.146484375,163.4013214111328,222.22315979003903,2601.251708984375,206.7928924560547,-372.3670349121094,2309.974365234375,240.4152984619141,-331.4439697265625,2192.64208984375,205.59115600585935,-67.70834350585938,2120.5400390625,230.2241973876953,159.4158477783203,2094.71337890625,280.04486083984375,247.1775360107422,2105.488525390625,262.4348449707031,342.3236999511719,2143.517333984375,232.9284820556641,261.9211730957031,2081.718994140625,100.77342987060548,99.36538696289062,2454.8271484375,88.35356140136719,489.2618408203125,2492.183349609375,21.593652725219727,857.5076293945312,2506.317138671875,156.02548217773438,981.7244262695312,2517.595947265625,177.2617645263672,123.5936279296875,2305.244873046875,262.4552307128906,505.6554565429687,2308.327392578125,302.8291015625,881.9153442382812,2303.16455078125,447.3180847167969,959.812744140625,2342.173095703125,231.4903106689453,-483.7234497070313,2346.47314453125,365.9240417480469,-453.2581176757813,2422.243408203125,334.77587890625,-493.7947692871094,2441.953857421875,213.6016540527344,-520.5180053710938,2440.532958984375,363.2811279296875,-498.5382995605469,2399.71337890625,296.3622741699219,-552.3898315429688,2304.472412109375
179.93028259277344,107.50153350830078,2372.47119140625,193.5737762451172,-65.56825256347656,2351.682861328125,196.85598754882812,-203.87957763671875,2331.73046875,223.30953979492188,-414.8639221191406,2324.0625,208.2096710205078,-382.7742919921875,2356.463623046875,166.65155029296875,-352.3912353515625,2486.763427734375,107.33802795410156,-113.45278930664062,2599.63134765625,194.8062438964844,82.5667495727539,2674.43359375,180.6976318359375,166.87338256835938,2634.44091796875,160.01016235351562,262.47686767578125,2593.86279296875,170.01780700683594,196.9420928955078,2610.485595703125,227.6871795654297,-377.4603271484375,2293.675537109375,268.3213195800781,-334.4959716796875,2179.1552734375,240.8147125244141,-67.8431396484375,2113.65673828125,266.6065368652344,159.6456756591797,2089.7861328125,316.62945556640625,248.02874755859375,2093.132568359375,302.79156494140625,338.9873962402344,2141.816162109375,269.6455383300781,260.4095764160156,2077.14306640625,144.4211883544922,94.96800231933594,2453.512939453125,105.47892761230467,484.2198486328125,2483.587890625,26.178993225097656,850.435302734375,2497.60205078125,156.2616424560547,977.9361572265624,2520.66259765625,211.9503936767578,118.80357360839844,2299.392333984375,274.44268798828125,505.6868286132813,2304.1787109375,303.6335754394531,883.4698486328125,2304.561767578125,446.3811950683594,966.6845703125,2339.684326171875,245.57142639160156,-491.7555236816406,2325.197021484375,367.9246826171875,-455.6612243652344,2417.544189453125,336.7555847167969,-498.14544677734375,2432.79931640625,218.15054321289065,-531.1148681640625,2416.00048828125,370.51904296875,-500.6700134277344,2394.338134765625,318.8092956542969,-556.3038330078125,2290.803466796875
186.3097991943359,99.1444320678711,2361.09326171875,195.41761779785156,-74.35409545898438,2334.705078125,198.9723968505859,-212.8143310546875,2311.191650390625,229.064453125,-424.5082092285156,2307.78173828125,210.0272521972656,-392.30853271484375,2338.305419921875,155.677734375,-361.3631286621094,2464.46240234375,112.2607650756836,-124.4130401611328,2591.195068359375,196.47259521484375,64.32244110107422,2688.56201171875,184.942626953125,144.8889923095703,2639.85498046875,169.85638427734375,237.27713012695312,2589.209228515625,173.8769989013672,175.01133728027344,2619.201171875,236.23846435546875,-387.01177978515625,2277.6513671875,290.4687805175781,-340.6913757324219,2169.514404296875,287.4880676269531,-70.17266845703125,2108.421875,313.2793884277344,158.70960998535156,2086.73095703125,366.60308837890625,245.793701171875,2088.3349609375,343.2966613769531,347.7680969238281,2086.65771484375,317.67755126953125,270.8649597167969,2058.673095703125,137.37745666503906,85.31559753417969,2435.126953125,121.44501495361328,476.6007080078125,2481.376708984375,31.895675659179688,842.4486694335938,2493.97314453125,156.1457061767578,976.532958984375,2519.16162109375,230.43423461914065,111.61448669433594,2294.333740234375,285.5726013183594,501.6105041503906,2299.346435546875,309.2982177734375,881.6926879882812,2298.479736328125,450.30419921875,965.9697265625,2341.361328125,252.21365356445312,-501.4613952636719,2311.8349609375,364.9468078613281,-445.4461975097656,2407.781982421875,336.5589904785156,-489.3419189453125,2425.301025390625,222.1674346923828,-534.9862060546875,2404.7138671875,373.1154479980469,-492.1656188964844,2389.13671875,333.4382629394531,-561.9651489257812,2288.09619140625
195.3453369140625,100.51736450195312,2349.501220703125,205.43011474609375,-71.47379302978516,2316.62890625,210.1656188964844,-208.58670043945312,2287.661865234375,240.97216796875,-419.7865905761719,2286.06396484375,218.65541076660156,-387.9119873046875,2314.489501953125,152.6805419921875,-356.49676513671875,2434.53857421875,111.14610290527344,-116.39588928222656,2554.686279296875,187.03335571289065,69.9988021850586,2661.887451171875,168.8016815185547,152.58360290527344,2619.351318359375,169.0614776611328,252.1823883056641,2582.406005859375,173.2727813720703,186.71141052246097,2617.959228515625,251.28585815429688,-382.1261596679687,2257.22705078125,322.2256774902344,-340.9156799316406,2157.30029296875,322.1835632324219,-69.79349517822266,2101.435302734375,352.3836364746094,158.95947265625,2092.567138671875,425.9441528320313,228.90672302246097,2083.28955078125,396.0090942382813,328.1695251464844,2070.88720703125,389.6203308105469,257.1429748535156,2049.2470703125,138.8134002685547,84.27340698242188,2417.148193359375,140.08322143554688,470.3192138671875,2493.769287109375,42.62307357788086,833.6039428710938,2496.30810546875,155.97158813476562,976.7842407226562,2520.239990234375,246.3226776123047,115.16525268554688,2288.500732421875,295.1878356933594,505.2178039550781,2294.9560546875,312.7467041015625,884.8976440429688,2292.15673828125,450.6441650390625,968.720947265625,2343.84912109375,263.70458984375,-496.5756530761719,2292.071044921875,373.940185546875,-453.4871520996094,2396.704833984375,344.13116455078125,-498.1755676269531,2408.637451171875,229.83834838867188,-538.6519775390625,2379.793212890625,381.7852478027344,-498.1416015625,2373.648193359375,344.30401611328125,-556.1254272460938,2264.905517578125
208.52163696289065,103.69442749023438,2334.87744140625,221.0435791015625,-67.03730010986328,2300.737060546875,222.51193237304688,-201.86669921875,2264.764892578125,250.13047790527344,-412.4747619628906,2262.17138671875,223.81985473632812,-381.1245422363281,2287.17041015625,128.7858428955078,-355.530029296875,2386.556884765625,86.58598327636719,-90.63861083984376,2420.6328125,129.67404174804688,117.90425872802734,2499.0830078125,142.8667449951172,184.5687255859375,2433.8232421875,124.3306884765625,242.15655517578125,2347.11669921875,143.43374633789062,187.85470581054688,2379.745361328125,265.68463134765625,-374.425048828125,2236.789794921875,351.6982116699219,-334.82086181640625,2149.6640625,364.7698059082031,-64.37039184570312,2098.795654296875,388.44189453125,163.51034545898438,2080.815185546875,462.0989990234375,232.7828063964844,2089.02099609375,425.17279052734375,329.25689697265625,2077.6669921875,407.99761962890625,268.7188720703125,2042.57275390625,144.48178100585938,87.03144073486328,2394.718505859375,166.17526245117188,463.1289978027344,2502.02978515625,63.6197624206543,823.0358276367188,2492.580322265625,161.0038604736328,976.5099487304688,2516.282958984375,266.2691650390625,118.7201690673828,2280.916259765625,306.8688659667969,507.6896667480469,2293.566650390625,318.8304748535156,885.7863159179688,2295.496826171875,454.7155151367187,973.2792358398438,2343.68701171875,270.349853515625,-489.43896484375,2269.65283203125,396.2994995117187,-449.9916687011719,2355.097412109375,368.6981506347656,-494.7189025878906,2370.490966796875,251.4352264404297,-533.80810546875,2360.126708984375,399.8031921386719,-493.7509460449219,2329.88818359375,344.4340515136719,-548.0977172851562,2227.832275390625
224.418212890625,110.55623626708984,2329.584716796875,236.68890380859375,-60.48885726928711,2300.42822265625,237.2882537841797,-195.58152770996097,2267.44921875,265.6757507324219,-405.2184753417969,2260.101806640625,238.4752655029297,-374.748779296875,2284.912841796875,137.1404571533203,-357.58251953125,2379.05615234375,80.01811981201172,-94.52182006835938,2390.491455078125,91.46834564208984,125.55880737304688,2441.205810546875,152.26976013183594,196.84127807617188,2447.248291015625,116.97010803222656,226.7155914306641,2352.5869140625,124.82054901123048,134.95492553710938,2315.516357421875,281.9169006347656,-366.57916259765625,2236.42236328125,369.0592956542969,-324.00201416015625,2152.550537109375,399.0934753417969,-56.22795104980469,2099.991455078125,431.3525390625,168.77647399902344,2072.1748046875,500.6269836425781,239.67800903320312,2091.9970703125,477.5860290527344,339.8692321777344,2079.568115234375,416.7128601074219,267.835205078125,2024.65576171875,159.69308471679688,95.83186340332033,2388.724365234375,192.27066040039065,460.4129333496094,2524.277099609375,77.70653533935547,813.2932739257812,2485.50244140625,163.77342224121094,971.7114868164062,2514.81591796875,282.7837219238281,123.83384704589844,2276.256103515625,317.60137939453125,511.9034729003906,2290.990478515625,325.0209655761719,888.7703247070312,2294.496337890625,457.486328125,979.1892700195312,2344.6865234375,285.8368835449219,-482.0303039550781,2266.165771484375,409.1863708496094,-461.6192932128906,2360.581787109375,378.9412536621094,-506.3520202636719,2368.482666015625,260.94097900390625,-537.2174682617188,2348.4609375,411.7047119140625,-501.4549560546875,2329.7373046875,358.5629577636719,-538.00830078125,2219.470703125
238.9105987548828,105.19245910644533,2326.723876953125,252.5515289306641,-65.8238296508789,2300.3115234375,254.99072265625,-201.3376007080078,2270.529052734375,284.3246154785156,-410.3914794921875,2263.069580078125,256.72174072265625,-380.1646728515625,2287.537841796875,153.8577117919922,-369.3750305175781,2380.530029296875,92.35015869140624,-112.0136947631836,2428.19873046875,85.01846313476562,103.10382843017578,2495.98388671875,102.2517547607422,167.29087829589844,2429.948974609375,108.25013732910156,232.1055603027344,2347.39111328125,107.40251159667967,138.548828125,2359.732666015625,300.6767883300781,-371.7051696777344,2239.751220703125,390.2369384765625,-332.861083984375,2157.032958984375,422.9018249511719,-65.89239501953125,2104.9541015625,462.2791748046875,158.69261169433594,2089.704345703125,542.240234375,214.86488342285156,2114.743408203125,519.9794921875,314.4978332519531,2098.72998046875,473.89404296875,255.2718505859375,2042.2503662109375,175.29428100585938,90.82952880859376,2386.86669921875,215.99734497070312,455.32568359375,2518.0244140625,104.0010986328125,809.0162353515625,2487.536376953125,192.52035522460935,965.269287109375,2518.722900390625,296.2762451171875,118.14414978027344,2272.490234375,325.9152526855469,505.8112182617187,2287.51953125,327.2279968261719,881.9605102539062,2290.73291015625,454.2414245605469,978.4276733398438,2342.55029296875,304.6947021484375,-486.96917724609375,2269.203125,415.9043884277344,-461.6492614746094,2376.13525390625,386.7146301269531,-507.3638610839844,2381.018798828125,273.0744934082031,-542.644287109375,2348.54150390625,423.2381896972656,-501.3877258300781,2346.118408203125,383.9464416503906,-540.2245483398438,2231.234375
261.0043640136719,103.17369842529295,2321.29345703125,275.44915771484375,-68.3669662475586,2300.25830078125,274.6573486328125,-203.6322021484375,2269.83154296875,302.850830078125,-412.7715148925781,2267.164794921875,272.627685546875,-382.2107849121094,2287.728515625,155.94229125976562,-360.0603942871094,2359.873291015625,94.0927734375,-122.0699234008789,2468.03271484375,105.19580841064452,61.61740493774414,2598.302978515625,112.76449584960938,153.1833038330078,2616.206787109375,138.23936462402344,246.71629333496097,2656.653564453125,134.19757080078125,166.009521484375,2506.3994140625,322.38165283203125,-374.3856506347656,2245.979736328125,415.5558471679687,-333.9571228027344,2168.3427734375,455.6805419921875,-68.80882263183594,2113.515625,498.5072021484375,154.6083221435547,2094.009765625,579.0259399414062,210.15673828125,2118.285400390625,545.6362915039062,306.1491394042969,2100.104736328125,538.9121704101562,264.27886962890625,2073.843505859375,195.15090942382812,90.52058410644533,2379.2578125,234.31369018554688,444.60791015625,2535.905029296875,134.44522094726562,798.695556640625,2481.367431640625,208.19369506835935,960.4702758789062,2520.801025390625,320.3872985839844,114.58356475830078,2269.024169921875,336.80596923828125,502.59423828125,2286.409912109375,329.4183349609375,878.340576171875,2289.8447265625,453.3362121582031,976.3565673828124,2345.622802734375,321.5777587890625,-489.407958984375,2276.20751953125,419.1876525878906,-461.42974853515625,2394.907958984375,391.3758850097656,-508.17864990234375,2396.15478515625,283.5020446777344,-547.0902099609375,2351.033203125,431.2508850097656,-500.4779052734375,2365.595458984375,406.3844604492187,-539.2725830078125,2246.85791015625
272.63055419921875,100.72982788085938,2319.219970703125,287.07623291015625,-70.16481018066406,2296.8603515625,286.7829284667969,-204.2610321044922,2263.1474609375,316.2803649902344,-412.627685546875,2266.614990234375,285.4433288574219,-381.8417053222656,2285.56787109375,171.10348510742188,-354.2708435058594,2358.862548828125,112.0844955444336,-120.25257873535156,2475.14990234375,89.92930603027344,75.24427795410156,2583.998779296875,102.2785873413086,156.34652709960938,2628.545166015625,122.22245025634766,258.7879638671875,2637.5595703125,141.75314331054688,203.17576599121097,2605.63818359375,336.0368957519531,-374.770263671875,2244.9892578125,433.21435546875,-330.47833251953125,2175.352783203125,484.7503967285156,-65.94923400878906,2131.99169921875,529.4723510742188,156.0388946533203,2108.174560546875,603.1700439453125,221.8552398681641,2126.60693359375,600.7459716796875,324.0683898925781,2114.4208984375,576.9962158203125,261.5657043457031,2090.691162109375,201.6101226806641,88.04339599609375,2370.299072265625,253.82388305664065,439.0477294921875,2527.4462890625,160.23223876953125,794.9824829101562,2481.3564453125,233.0891571044922,953.1430053710938,2532.946044921875,336.67279052734375,112.16973876953124,2273.159912109375,349.5423278808594,499.346435546875,2288.32958984375,336.7052001953125,873.9367065429688,2287.85595703125,455.5166320800781,974.7420043945312,2348.21533203125,335.20953369140625,-488.6640625,2278.079833984375,421.00836181640625,-458.4611511230469,2404.546142578125,393.8849792480469,-505.4505004882813,2403.69873046875,291.36041259765625,-546.1039428710938,2349.47509765625,436.1553039550781,-497.4677429199219,2376.891845703125,422.73883056640625,-537.4524536132812,2257.080078125
281.6166076660156,99.55719757080078,2324.858154296875,294.57855224609375,-73.70446014404297,2303.6494140625,294.0053405761719,-209.93142700195312,2271.665771484375,331.4751892089844,-419.5266418457031,2277.7119140625,299.30816650390625,-389.25872802734375,2296.72998046875,184.10763549804688,-365.9931335449219,2373.2685546875,116.28709411621094,-122.66555786132812,2471.75341796875,92.02835083007812,83.60956573486328,2564.72314453125,92.6225814819336,164.483154296875,2613.5537109375,125.17389678955078,265.28680419921875,2609.33154296875,143.43661499023438,212.9789581298828,2589.183349609375,349.9081726074219,-380.8168029785156,2255.1640625,442.1891784667969,-332.0964050292969,2179.28076171875,509.2731628417969,-65.8516845703125,2148.812744140625,566.2849731445312,156.60379028320312,2129.739013671875,631.8524780273438,232.8291015625,2145.1650390625,624.0134887695312,336.7240295410156,2143.480224609375,617.566162109375,252.5007781982422,2113.3173828125,209.0638885498047,87.88439178466797,2375.876220703125,262.3257751464844,440.0906982421875,2541.357666015625,208.6654357910156,806.5733642578125,2480.422607421875,279.4283447265625,959.26806640625,2554.310546875,347.0405578613281,110.08308410644533,2278.85302734375,353.2156677246094,502.1200256347656,2293.250244140625,335.13873291015625,880.990966796875,2289.7568359375,456.9394226074219,981.6104125976562,2350.064453125,353.4838562011719,-495.57513427734375,2290.1728515625,416.0460205078125,-462.0640563964844,2430.94775390625,388.6197204589844,-509.4191284179687,2426.372802734375,296.02752685546875,-551.3194580078125,2354.674072265625,435.7043762207031,-502.424072265625,2407.2578125,443.83209228515625,-546.1835327148438,2286.662841796875
289.8348388671875,102.9931411743164,2331.666259765625,298.0838317871094,-70.81521606445312,2310.273681640625,297.9399719238281,-208.5267639160156,2284.216552734375,334.67926025390625,-418.65728759765625,2280.954345703125,302.068359375,-389.1722106933594,2300.628662109375,186.5767517089844,-370.2702331542969,2378.331298828125,116.45909118652344,-122.52953338623048,2464.641357421875,100.9937973022461,89.44075012207031,2546.9560546875,104.25882720947266,168.39015197753906,2599.014404296875,139.5254669189453,267.4542236328125,2584.277587890625,149.57803344726562,219.0065460205078,2575.573974609375,353.834716796875,-378.9071960449219,2260.77783203125,450.2142639160156,-330.4516906738281,2189.6171875,525.7195434570312,-65.2584457397461,2166.607666015625,590.6639404296875,156.20457458496094,2164.13720703125,655.2689819335938,234.27359008789065,2174.7080078125,646.6533203125,338.04876708984375,2167.6708984375,648.7444458007812,241.0201416015625,2141.52978515625,218.0252685546875,93.10240173339844,2384.33544921875,266.12884521484375,442.0255126953125,2559.551025390625,219.3943023681641,807.5537719726562,2485.01220703125,299.5764465332031,959.6651000976562,2550.762451171875,354.5886535644531,111.91204833984376,2284.172119140625,358.9779052734375,504.6275329589844,2297.74072265625,340.1942138671875,884.0372314453125,2291.744140625,463.73724365234375,978.6248168945312,2358.663330078125,356.16705322265625,-495.43792724609375,2290.25537109375,434.4190368652344,-467.1632385253906,2424.46044921875,406.4330139160156,-514.4028930664062,2421.228759765625,306.0479431152344,-553.6912841796875,2358.79296875,451.1645202636719,-506.6562805175781,2397.17138671875,445.5011596679687,-545.9097900390625,2274.681640625
298.4873962402344,101.48070526123048,2333.258544921875,309.7805480957031,-72.74993896484375,2311.294677734375,313.9870300292969,-211.1418304443359,2286.370361328125,347.382568359375,-422.6315307617187,2290.1796875,313.8143310546875,-392.10211181640625,2306.868408203125,191.71270751953125,-369.0814514160156,2373.52392578125,122.53181457519533,-117.1722412109375,2451.31787109375,110.06298065185548,98.05680847167967,2527.85595703125,111.16354370117188,178.30645751953125,2578.648681640625,148.29168701171875,276.6778564453125,2561.213134765625,162.42352294921875,227.601806640625,2556.01708984375,368.7107238769531,-383.4915771484375,2270.558837890625,470.3119201660156,-336.1812744140625,2205.2490234375,545.557373046875,-69.728759765625,2183.453125,608.2670288085938,152.8552703857422,2197.39453125,679.6105346679688,225.49012756347656,2207.02294921875,678.5169067382812,330.2453308105469,2206.646484375,669.9595336914062,237.4181365966797,2175.711669921875,223.19308471679688,90.55429077148438,2381.2197265625,274.17364501953125,437.7381896972656,2562.301025390625,254.28431701660156,810.564453125,2507.3515625,347.9225769042969,958.3424072265624,2566.838134765625,366.3836059570313,111.33353424072266,2290.010009765625,365.3045349121094,505.5401916503906,2303.812744140625,341.55767822265625,886.0850219726562,2296.87353515625,464.993408203125,989.1998291015624,2351.9609375,366.8917846679687,-499.8034362792969,2302.6640625,442.0590515136719,-473.365966796875,2439.67626953125,414.7999267578125,-521.120361328125,2434.730224609375,316.0487976074219,-560.6282958984375,2368.98046875,460.0798950195313,-512.095458984375,2411.756591796875,457.6693115234375,-548.7034912109375,2287.839111328125
303.93878173828125,100.63692474365234,2338.94287109375,316.63275146484375,-73.8620834350586,2318.718505859375,322.2079772949219,-212.57894897460935,2295.22021484375,352.5500183105469,-424.69049072265625,2300.259521484375,319.0124206542969,-393.6243591308594,2316.1201171875,194.39328002929688,-369.416259765625,2377.766845703125,131.30604553222656,-112.24183654785156,2443.390869140625,110.0368423461914,105.88771057128906,2509.686767578125,120.47380065917967,185.69924926757812,2560.26318359375,151.63027954101562,284.71734619140625,2535.690185546875,170.39059448242188,235.5110626220703,2514.934814453125,374.8913269042969,-385.8692626953125,2281.03173828125,478.06097412109375,-339.64208984375,2217.1982421875,560.0086059570312,-74.4501953125,2202.173095703125,627.2655029296875,146.8061981201172,2219.080810546875,689.5799560546875,225.37124633789065,2239.599609375,707.4889526367188,327.5054626464844,2255.1533203125,681.819091796875,237.42478942871097,2210.668212890625,227.61001586914065,89.70128631591797,2385.38916015625,279.5189514160156,442.4058837890625,2555.98193359375,269.3106689453125,819.7313842773438,2542.44873046875,354.95721435546875,969.017333984375,2610.14501953125,372.7677612304687,110.4980697631836,2297.06005859375,367.822265625,505.152587890625,2306.24072265625,340.5246887207031,885.660888671875,2294.101318359375,464.6790161132813,989.2156982421876,2347.1669921875,370.694091796875,-502.16448974609375,2313.36767578125,453.3410949707031,-470.6708679199219,2445.059326171875,426.4378662109375,-518.8974609375,2443.132080078125,324.4984130859375,-561.5404052734375,2384.371826171875,470.2393798828125,-510.0697326660156,2417.293212890625,461.17083740234375,-550.52294921875,2294.77099609375
309.23187255859375,102.41118621826172,2345.15966796875,325.6901550292969,-70.99413299560547,2327.425537109375,333.5206298828125,-208.8949432373047,2304.749267578125,361.1624145507813,-420.1553649902344,2303.58251953125,327.6414794921875,-389.4176635742187,2319.247802734375,200.48678588867188,-370.8442077636719,2375.536865234375,140.8545379638672,-112.64958953857422,2433.228515625,109.70803833007812,105.20236206054688,2491.37548828125,130.57513427734375,186.7191162109375,2534.386474609375,159.4080047607422,285.7887878417969,2509.911376953125,170.82498168945312,230.57794189453125,2513.193115234375,384.4432067871094,-381.2143249511719,2286.56591796875,491.5867004394531,-339.5324401855469,2227.913818359375,575.7282104492188,-76.43312072753906,2220.364501953125,641.1317138671875,141.4244842529297,2257.662353515625,701.6203002929688,220.91555786132812,2277.040771484375,715.3841552734375,322.2815246582031,2297.04296875,690.4791259765625,248.49713134765625,2281.474365234375,233.63035583496097,90.49370574951172,2391.52685546875,293.6389465332031,445.7756042480469,2548.15185546875,293.0948791503906,820.4847412109375,2572.125,401.6993713378906,955.28173828125,2634.064208984375,377.4050903320313,113.15770721435548,2303.3486328125,371.04351806640625,505.5024719238281,2310.472412109375,341.757080078125,883.4905395507812,2295.273193359375,458.6475524902344,992.3153076171876,2351.011474609375,377.88720703125,-497.7821960449219,2314.583740234375,454.38336181640625,-476.94342041015625,2450.902587890625,424.9996643066406,-523.0347290039062,2445.46826171875,324.72161865234375,-556.7066040039062,2379.978271484375,470.3393859863281,-515.9085693359375,2422.527099609375,465.7164611816406,-550.4921264648438,2298.76904296875
315.7489929199219,100.50016784667967,2354.732177734375,332.8664245605469,-73.12838745117188,2338.716552734375,340.10565185546875,-211.16436767578125,2316.079833984375,365.3880004882813,-422.8529968261719,2318.67724609375,331.7842712402344,-391.5039978027344,2332.995849609375,201.49024963378903,-373.68414306640625,2382.13232421875,149.196044921875,-111.99429321289062,2431.451171875,110.83702850341795,107.89093017578124,2476.83837890625,141.6413116455078,181.92364501953125,2526.965576171875,168.96279907226562,279.71697998046875,2496.13671875,181.22866821289065,221.2916259765625,2431.2236328125,389.5763854980469,-384.39495849609375,2301.73486328125,498.1170349121094,-345.63079833984375,2243.459228515625,585.9456787109375,-83.47320556640625,2238.856201171875,653.979248046875,133.78665161132812,2275.901611328125,714.2666625976562,208.0300445556641,2310.838623046875,735.8416137695312,305.51190185546875,2341.02392578125,698.5526733398438,237.93446350097656,2297.719482421875,241.08917236328125,88.71087646484375,2402.745849609375,301.5470886230469,453.5100708007813,2536.288330078125,313.0522155761719,822.1965942382812,2607.780517578125,426.8479309082031,955.9345092773438,2662.663818359375,383.0730285644531,111.13108825683594,2311.436279296875,374.0999145507813,503.7270812988281,2316.17138671875,341.74102783203125,881.729248046875,2301.13037109375,459.319580078125,992.9544677734376,2350.688232421875,380.9385986328125,-500.5426940917969,2331.24267578125,463.18463134765625,-478.3663024902344,2464.081787109375,434.7134094238281,-525.1865234375,2459.75732421875,332.304931640625,-561.1002197265625,2398.747802734375,478.7805786132813,-516.8239135742188,2434.767333984375,469.2806091308594,-551.0040283203125,2311.084716796875
321.8512878417969,98.32979583740234,2355.83203125,343.9791259765625,-71.64937591552734,2343.24853515625,356.5038757324219,-207.0202484130859,2323.296142578125,375.50677490234375,-415.3001708984375,2325.5849609375,342.5074157714844,-383.76171875,2337.67431640625,212.25335693359375,-363.4473876953125,2377.521484375,162.89846801757812,-106.30789184570312,2425.6845703125,128.508544921875,109.7119140625,2471.30029296875,159.41561889648438,185.53414916992188,2514.90771484375,186.2998962402344,277.3037109375,2473.772216796875,189.7557373046875,208.6504669189453,2402.55615234375,401.3013610839844,-378.1138610839844,2310.9404296875,507.3429260253906,-336.9091796875,2255.1796875,596.5435791015625,-80.81111145019531,2261.54296875,666.80078125,128.37738037109375,2311.584716796875,719.76513671875,201.6839904785156,2353.987060546875,748.1890258789062,290.1431884765625,2396.845703125,704.8955688476562,227.5245819091797,2365.951904296875,244.56216430664065,85.33129119873047,2395.505615234375,293.9703674316406,440.6248474121094,2537.189208984375,312.51605224609375,799.3960571289062,2619.64208984375,362.8029479980469,893.7974243164062,2765.01416015625,391.5462646484375,110.0511245727539,2320.056640625,381.1114807128906,495.1716918945313,2321.522705078125,342.7178955078125,864.990966796875,2299.3359375,448.3893432617187,983.6704711914062,2347.522705078125,387.8516540527344,-491.9913940429687,2338.202392578125,473.4740905761719,-479.8033752441406,2466.597900390625,442.7236022949219,-523.8212280273438,2461.643310546875,338.618408203125,-550.8582153320312,2403.7890625,485.6322326660156,-517.2921752929688,2436.0830078125,470.769775390625,-545.7643432617188,2314.012939453125
327.13629150390625,95.40355682373048,2370.8037109375,350.6141357421875,-75.05464172363281,2361.043212890625,361.2621765136719,-210.16677856445312,2336.24755859375,378.3821716308594,-418.9809875488281,2345.715087890625,345.298828125,-386.71038818359375,2356.0146484375,214.6197052001953,-358.83599853515625,2390.890380859375,168.14730834960938,-99.63396453857422,2434.691162109375,128.7745361328125,117.91354370117188,2471.0771484375,170.27955627441406,189.8775329589844,2512.927490234375,191.6071929931641,281.5263366699219,2467.745361328125,201.77151489257812,217.37503051757812,2406.3642578125,404.9226684570313,-382.4012756347656,2330.4658203125,509.6441955566406,-337.20843505859375,2274.512939453125,603.0702514648438,-81.81449890136719,2280.112060546875,677.95556640625,123.9518814086914,2339.546630859375,741.0333251953125,182.98191833496097,2390.22412109375,738.6976318359375,283.76934814453125,2409.290283203125,704.1801147460938,217.88427734375,2432.95263671875,248.18881225585935,82.42015838623047,2407.647705078125,291.9432678222656,444.1474609375,2537.267333984375,321.08062744140625,799.5908203125,2634.28955078125,364.0880126953125,883.7522583007812,2788.622802734375,398.3266906738281,107.11126708984376,2337.579833984375,384.1824645996094,493.0959777832031,2330.068115234375,345.5535583496094,863.3597412109375,2300.00390625,447.87640380859375,984.8975219726562,2349.830322265625,389.7658081054687,-495.5308532714844,2361.127685546875,475.73724365234375,-487.2332153320313,2490.109130859375,443.58929443359375,-530.3640747070312,2484.645751953125,338.524169921875,-553.7061767578125,2426.216064453125,486.83636474609375,-524.8612670898438,2459.14306640625,471.28070068359375,-551.6928100585938,2336.432373046875
334.0845642089844,94.00798797607422,2384.815185546875,357.1224365234375,-77.38455200195312,2376.538330078125,368.9102783203125,-213.65081787109375,2355.324462890625,381.0890808105469,-423.7110290527344,2366.076171875,348.57171630859375,-390.4599914550781,2376.052001953125,217.9091339111328,-357.8028869628906,2409.306884765625,169.89956665039062,-96.5202178955078,2445.95947265625,129.0679473876953,122.75931549072266,2476.13232421875,163.37327575683594,200.12269592285156,2515.75927734375,187.4812469482422,290.9389953613281,2469.209716796875,208.8562469482422,235.47592163085935,2441.650390625,408.6994934082031,-387.68988037109375,2350.713623046875,514.402099609375,-341.1834411621094,2296.3837890625,607.6875,-84.39997100830078,2301.281494140625,680.0941162109375,120.7710952758789,2369.207763671875,734.9166259765625,187.6447906494141,2420.646484375,740.7814331054688,280.6206970214844,2464.744384765625,695.38427734375,207.42930603027344,2473.204833984375,254.08285522460935,81.53086853027344,2420.5068359375,294.0896301269531,444.4865417480469,2553.155517578125,321.556396484375,800.9108276367188,2653.46142578125,358.73162841796875,877.5056762695312,2814.094482421875,406.2256164550781,105.2591552734375,2352.63037109375,389.7591247558594,492.7221984863281,2338.158935546875,349.5713806152344,863.7575073242188,2299.593505859375,453.8785095214844,980.9063720703124,2357.681640625,390.6145324707031,-500.7719421386719,2382.0439453125,481.0926818847656,-486.6650695800781,2508.2646484375,446.4557189941406,-528.4920043945312,2507.17529296875,338.1488952636719,-550.8843383789062,2453.29345703125,489.3502807617187,-527.3992309570312,2480.097412109375,468.7097473144531,-563.3385620117188,2359.8935546875
342.6158447265625,93.79936981201172,2400.958251953125,364.5606689453125,-77.72331237792969,2393.376953125,376.66796875,-214.27178955078125,2374.523681640625,385.7784118652344,-424.4429931640625,2385.068359375,353.6278381347656,-390.7625732421875,2394.728759765625,222.90782165527344,-355.33929443359375,2424.604248046875,174.82199096679688,-94.23509216308594,2461.912841796875,133.7988739013672,124.90914916992188,2492.37109375,163.54959106445312,207.33946228027344,2524.741455078125,189.20339965820312,298.4560241699219,2479.6904296875,210.01788330078125,242.13389587402344,2466.740966796875,414.0549926757813,-388.7994995117187,2370.080322265625,521.1876831054688,-345.4255065917969,2316.0390625,612.6566772460938,-88.06222534179688,2320.796875,684.3736572265625,115.67328643798828,2393.414794921875,738.5203857421875,171.3809356689453,2457.313232421875,733.9312133789062,269.4367980957031,2488.650390625,701.723388671875,200.80145263671875,2494.99169921875,261.7417907714844,81.95665740966797,2434.795166015625,298.9676513671875,445.5921630859375,2566.088623046875,325.08416748046875,801.9988403320312,2666.4609375,361.2854614257813,879.137451171875,2827.002685546875,415.5435485839844,104.47846221923828,2370.4462890625,396.9095458984375,491.5994873046875,2352.55419921875,349.0941162109375,860.1002807617188,2301.39453125,451.0596923828125,982.2112426757812,2352.926025390625,394.0403747558594,-501.6331787109375,2401.01318359375,479.7261962890625,-484.06005859375,2530.061279296875,443.7764892578125,-524.7570190429688,2529.56640625,337.0772399902344,-546.38330078125,2472.341064453125,487.73529052734375,-526.3943481445312,2504.308349609375,470.7891845703125,-567.6691284179688,2385.281494140625
355.0484619140625,95.45877838134766,2420.942626953125,374.1013488769531,-76.41421508789062,2414.97705078125,383.21624755859375,-213.0353240966797,2395.32421875,388.6315002441406,-423.3691101074219,2403.49072265625,356.5916748046875,-389.320556640625,2412.091796875,225.9891815185547,-350.8489074707031,2438.265380859375,178.06472778320312,-89.98298645019531,2476.78125,137.4494171142578,128.97813415527344,2508.517578125,165.8724822998047,213.2813262939453,2536.923828125,194.1915283203125,302.51348876953125,2489.825927734375,207.6466827392578,250.23435974121097,2499.32080078125,418.1037292480469,-388.0031127929687,2390.308837890625,525.6893920898438,-348.7160949707031,2334.183349609375,617.2298583984375,-91.56402587890624,2342.4326171875,685.4603881835938,112.89061737060548,2416.140380859375,730.448974609375,165.55482482910156,2489.037353515625,734.14013671875,263.3584289550781,2521.157470703125,701.9169311523438,197.0706329345703,2513.494140625,273.6091003417969,85.28775787353516,2453.87744140625,304.5899353027344,450.3834533691406,2582.3232421875,325.60302734375,806.507568359375,2684.420166015625,390.9492492675781,923.1409301757812,2807.4599609375,428.4858703613281,104.63043212890624,2391.24365234375,405.13909912109375,490.9306640625,2365.63623046875,351.4991455078125,856.501953125,2301.744384765625,452.05712890625,982.0987548828124,2347.112548828125,394.9665222167969,-500.8478088378906,2418.77197265625,481.3795166015625,-488.7276916503906,2547.8994140625,445.6946716308594,-529.5791625976562,2545.74609375,338.7855529785156,-549.2183837890625,2488.285888671875,489.4769592285156,-529.7532348632812,2520.165283203125,471.9934692382813,-565.5549926757812,2399.500732421875
370.5056457519531,100.47610473632812,2442.511474609375,382.9009094238281,-73.346923828125,2436.7421875,387.2926940917969,-211.47039794921875,2418.4990234375,387.8061828613281,-423.5541687011719,2424.928466796875,356.4013671875,-388.568115234375,2434.11767578125,225.3606109619141,-349.0992736816406,2462.217041015625,177.45449829101562,-85.884033203125,2499.143310546875,136.37767028808594,135.06195068359375,2528.77294921875,161.3392333984375,219.96499633789065,2560.787353515625,195.27798461914065,307.16259765625,2511.828857421875,209.30099487304688,256.67462158203125,2522.427490234375,418.2416687011719,-388.513671875,2411.72265625,532.380126953125,-359.2906494140625,2360.362060546875,623.4826049804688,-99.66262817382812,2364.88330078125,688.2387084960938,109.0387725830078,2435.181640625,731.505126953125,159.08876037597656,2511.93212890625,734.2015380859375,261.97833251953125,2525.395263671875,701.1715087890625,195.4633331298828,2533.815673828125,288.0070495605469,93.4990692138672,2475.4755859375,318.77960205078125,462.52581787109375,2601.784423828125,337.44329833984375,823.37939453125,2697.97607421875,412.2659912109375,935.1195678710938,2822.2255859375,444.8982543945313,106.76760864257812,2412.786376953125,421.39410400390625,496.2254028320313,2389.928955078125,351.2070007324219,856.1746215820312,2298.91357421875,452.6135864257813,983.0808715820312,2343.499267578125,392.4563598632813,-501.8852233886719,2439.631103515625,472.2327270507813,-493.04541015625,2574.614990234375,436.346923828125,-534.0133666992188,2569.4931640625,331.93475341796875,-552.03857421875,2505.27734375,481.8238220214844,-533.7523803710938,2546.195068359375,470.87005615234375,-566.9105224609375,2422.9990234375
376.812744140625,101.29729461669922,2468.25341796875,388.54644775390625,-73.59961700439453,2458.43408203125,393.3113403320313,-212.51043701171875,2438.920654296875,389.8834533691406,-425.9830017089844,2446.8740234375,358.77545166015625,-390.1280212402344,2455.43408203125,227.98519897460935,-345.0024719238281,2480.877685546875,177.99232482910156,-80.85691833496094,2521.868896484375,135.20025634765625,140.8964080810547,2554.873291015625,156.9118194580078,228.3404541015625,2584.224853515625,191.38079833984375,313.8876037597656,2531.305908203125,202.4019470214844,266.194091796875,2548.1376953125,421.3450317382813,-391.3520202636719,2433.770751953125,537.968017578125,-363.5507507324219,2385.0390625,629.4290771484375,-101.9963607788086,2383.9150390625,690.0672607421875,108.55940246582033,2457.47802734375,730.7139892578125,151.27569580078125,2540.744140625,733.6145629882812,255.5909118652344,2546.58740234375,701.8758544921875,197.2813720703125,2556.925537109375,293.467041015625,93.88640594482422,2500.65771484375,328.02105712890625,467.8807373046875,2619.565673828125,349.8167724609375,832.880615234375,2709.3193359375,431.9629211425781,948.3955688476562,2827.198486328125,451.96923828125,107.98001861572266,2439.032958984375,434.5277099609375,500.0823669433594,2410.3544921875,356.552001953125,856.203125,2301.48974609375,453.6897277832031,988.994384765625,2342.7294921875,392.9329833984375,-504.81878662109375,2462.287109375,462.4380798339844,-498.5958862304687,2604.18701171875,424.1944274902344,-537.5115356445312,2596.643798828125,323.655517578125,-550.025390625,2523.851318359375,471.6470947265625,-540.6508178710938,2577.006591796875,468.4877014160156,-575.56689453125,2452.9296875
381.0745544433594,103.03907012939452,2500.578125,391.7107238769531,-72.26043701171875,2485.1533203125,396.3179016113281,-211.38717651367188,2463.08349609375,388.8278503417969,-425.7958984375,2463.6591796875,358.358154296875,-389.52880859375,2473.77490234375,227.4994354248047,-344.7921142578125,2502.5849609375,179.97328186035156,-79.21084594726562,2544.765625,139.027587890625,143.7901153564453,2578.306640625,159.14466857910156,230.14584350585935,2612.83935546875,189.21142578125,319.3968200683594,2562.52294921875,204.64141845703125,270.98089599609375,2581.0439453125,420.97357177734375,-391.1860656738281,2451.43603515625,537.068603515625,-360.5322265625,2401.7265625,630.550537109375,-98.54444885253906,2408.2958984375,698.756103515625,109.3104476928711,2485.84375,727.2001953125,156.6312255859375,2572.150146484375,733.4904174804688,261.107177734375,2564.349365234375,704.56005859375,212.6861572265625,2571.380615234375,297.458984375,95.0953369140625,2533.199951171875,332.8514709472656,473.5693054199219,2642.783203125,354.8829650878906,842.845947265625,2720.830322265625,430.810302734375,952.2692260742188,2849.411865234375,456.4743957519531,110.2022933959961,2471.16162109375,443.1092224121094,503.76702880859375,2438.068359375,359.6988525390625,852.5986938476562,2306.4462890625,456.2066345214844,988.4082641601562,2341.840087890625,390.4969177246094,-505.4959716796875,2476.353515625,452.31353759765625,-503.1905822753906,2622.599365234375,416.0084228515625,-543.3313598632812,2611.199951171875,319.6753234863281,-556.3803100585938,2532.185546875,464.72808837890625,-543.7146606445312,2594.006103515625,469.6202087402344,-573.0335693359375,2467.991455078125
385.8314208984375,99.0129165649414,2529.552490234375,393.30511474609375,-80.15287780761719,2513.775634765625,392.5997924804687,-220.9824981689453,2484.155029296875,392.0562744140625,-438.802001953125,2507.45458984375,359.77197265625,-401.9179382324219,2514.032470703125,225.5469970703125,-354.9048156738281,2538.094482421875,178.60223388671875,-82.6310806274414,2575.66552734375,138.46226501464844,145.94386291503906,2605.8525390625,160.38397216796875,230.85177612304688,2647.68994140625,195.60238647460935,316.93994140625,2590.806396484375,208.77212524414065,274.2158203125,2610.646728515625,423.7015075683594,-403.9108276367187,2491.23095703125,538.060791015625,-368.04205322265625,2434.27783203125,630.6597290039062,-99.44915771484376,2433.13427734375,698.6845703125,114.85466003417967,2508.040283203125,736.6934204101562,153.1549835205078,2597.666015625,730.495361328125,251.5455780029297,2555.644287109375,703.0458374023438,221.4610595703125,2601.685302734375,300.100341796875,92.5520248413086,2562.311767578125,340.6832275390625,482.2956848144531,2660.415283203125,366.5560302734375,861.92529296875,2725.5595703125,441.7824096679687,968.9120483398438,2862.038330078125,463.1388854980469,104.8389892578125,2500.011962890625,467.7384033203125,507.566162109375,2475.313232421875,364.2404174804687,849.2540893554688,2318.082763671875,463.6535034179687,989.4474487304688,2344.720458984375,396.4140319824219,-518.3024291992188,2528.769287109375,448.20745849609375,-495.9576416015625,2680.778564453125,410.7645263671875,-537.350341796875,2672.15869140625,318.3340759277344,-559.9085693359375,2586.660400390625,461.6461791992187,-541.3706665039062,2658.81689453125,475.267822265625,-589.566650390625,2536.46875
388.4092102050781,92.84400939941406,2554.3125,393.5199279785156,-84.93779754638672,2537.75146484375,392.3847961425781,-225.07366943359375,2510.31103515625,390.6443786621094,-442.06549072265625,2523.0380859375,358.8553771972656,-405.6368103027344,2531.450927734375,226.02459716796875,-359.5896911621094,2558.306640625,186.56930541992188,-89.11082458496094,2601.167724609375,152.85720825195312,137.98023986816406,2636.09326171875,164.1637725830078,222.2542724609375,2681.536865234375,199.4554748535156,312.5418395996094,2633.5048828125,215.34326171875,269.16748046875,2642.267822265625,422.1871643066406,-406.8931884765625,2508.484375,534.7036743164062,-366.9999694824219,2452.93212890625,629.9396362304688,-101.68409729003906,2456.697021484375,703.0671997070312,111.5785675048828,2523.56982421875,736.7787475585938,154.01611328125,2612.10595703125,725.8073120117188,253.2396240234375,2575.4638671875,700.0997924804688,221.23287963867188,2611.51611328125,302.629638671875,87.50993347167969,2585.1015625,343.3647766113281,476.5330505371094,2672.642822265625,371.0298156738281,855.0958862304688,2724.2626953125,429.432861328125,958.4569091796876,2869.47900390625,465.7603759765625,97.65398406982422,2526.548583984375,487.1609497070313,497.2829284667969,2514.101806640625,385.5330810546875,825.1818237304688,2335.223388671875,467.7022705078125,976.0139770507812,2351.939453125,394.5809631347656,-521.900146484375,2540.36083984375,441.1197814941406,-496.0491333007813,2692.184326171875,404.7173767089844,-537.7349853515625,2683.367431640625,315.8782043457031,-562.947021484375,2596.289794921875,455.6269226074219,-541.379638671875,2671.73828125,473.3670043945313,-591.490478515625,2551.809814453125
388.5267639160156,86.89614868164062,2576.827392578125,394.8672790527344,-90.30548858642578,2561.52490234375,393.8958129882813,-229.3958740234375,2531.5751953125,388.1334533691406,-445.5878601074219,2543.18310546875,356.89764404296875,-408.7850036621094,2550.975830078125,224.7019805908203,-360.91302490234375,2574.834228515625,188.0898895263672,-92.87407684326172,2627.850341796875,157.11395263671875,132.14601135253906,2671.9072265625,172.71353149414062,214.8404235839844,2718.22998046875,200.80685424804688,307.2505187988281,2670.371337890625,223.70301818847656,260.8798828125,2685.12451171875,420.5000915527344,-411.0311279296875,2529.60693359375,534.7653198242188,-377.4554138183594,2474.58349609375,628.3696899414062,-112.63131713867188,2476.85498046875,701.52099609375,101.8032455444336,2536.564697265625,735.8421020507812,154.81727600097656,2618.474853515625,725.6365966796875,252.12437438964844,2577.814453125,685.5516357421875,213.23617553710935,2622.774169921875,302.34930419921875,81.34490203857422,2605.403076171875,341.6800231933594,470.39019775390625,2686.5859375,367.6468811035156,849.7210693359375,2719.85498046875,413.1727294921875,975.7999877929688,2850.077392578125,466.2367858886719,91.9019546508789,2551.05908203125,499.4493713378906,489.3650512695313,2559.462890625,402.0731506347656,802.7503051757812,2356.82666015625,471.2585144042969,960.1458129882812,2354.58740234375,390.2687072753906,-525.2619018554688,2560.15380859375,444.1047058105469,-509.4333801269531,2710.3115234375,408.0812072753906,-550.9346923828125,2700.42724609375,315.5387878417969,-571.5362548828125,2616.731689453125,458.1779174804687,-552.745849609375,2686.025390625,470.3388366699219,-593.6953125,2562.498779296875
391.8691101074219,85.02066802978516,2600.184814453125,397.8304138183594,-92.50979614257812,2582.2646484375,396.8448791503906,-231.7003631591797,2550.701416015625,389.6822509765625,-448.4114074707031,2564.360107421875,358.41119384765625,-411.2545776367187,2571.2421875,227.3945770263672,-357.2017517089844,2590.666259765625,189.50782775878903,-90.9900360107422,2655.236328125,157.28543090820312,132.60508728027344,2708.5068359375,183.68820190429688,212.50672912597656,2755.45458984375,189.78997802734375,300.39080810546875,2692.753173828125,223.94985961914065,257.14300537109375,2737.166015625,422.5797119140625,-414.0526123046875,2550.997802734375,537.8410034179688,-379.3180541992187,2497.81982421875,631.5542602539062,-113.59310150146484,2499.36181640625,701.3995971679688,104.0629425048828,2554.050048828125,729.3953247070312,159.99249267578125,2636.8330078125,717.8646850585938,254.4488067626953,2589.48681640625,671.9171752929688,216.4600830078125,2637.6484375,305.21533203125,79.28428649902344,2628.1875,342.17578125,472.7724914550781,2693.734619140625,368.1787109375,853.2838745117188,2727.242431640625,432.7620849609375,952.7227783203124,2872.454833984375,470.0086059570313,90.19341278076172,2574.933837890625,526.4168701171875,485.5033874511719,2601.360107421875,410.5877990722656,784.173828125,2384.408935546875,484.7743835449219,938.7388916015624,2365.522705078125,391.0821533203125,-528.1732177734375,2582.20166015625,436.0438232421875,-499.35931396484375,2733.87841796875,400.3067626953125,-541.6548461914062,2725.435791015625,312.5548095703125,-569.4197998046875,2638.128173828125,451.3248901367187,-544.7703857421875,2714.259521484375,470.68359375,-596.4447021484375,2595.3232421875
396.8055725097656,82.65562438964844,2620.306396484375,398.1665954589844,-94.6187515258789,2602.993408203125,394.3558044433594,-233.67828369140625,2572.5654296875,387.7632141113281,-449.9759216308594,2585.10693359375,356.5080261230469,-413.0124816894531,2592.295166015625,225.85137939453125,-360.1828918457031,2614.84619140625,191.591064453125,-95.66724395751952,2685.421630859375,162.7821502685547,126.3627700805664,2744.55615234375,177.81700134277344,204.2329864501953,2798.89892578125,210.43202209472656,297.7132873535156,2756.044921875,233.3826446533203,250.22634887695312,2775.3173828125,420.4500732421875,-415.5517272949219,2571.814208984375,536.4889526367188,-381.2727355957031,2520.822509765625,630.653076171875,-116.4184799194336,2516.80712890625,698.815185546875,101.78504943847656,2569.0712890625,727.3876953125,165.88113403320312,2645.16943359375,710.3369140625,262.2716369628906,2604.38916015625,664.0386962890625,220.97390747070312,2641.259765625,309.41259765625,79.51325225830078,2645.612548828125,343.32183837890625,473.459228515625,2704.07080078125,368.2897338867187,853.8504638671875,2728.481201171875,423.0572509765625,963.7115478515624,2869.604736328125,475.6116943359375,85.48924255371094,2597.487060546875,547.8594360351562,474.2249145507813,2653.000732421875,431.0386962890625,755.0885620117188,2415.36376953125,489.9096374511719,914.7240600585938,2389.572265625,389.4175109863281,-529.6420288085938,2602.49072265625,426.1482849121094,-495.3514404296875,2754.852783203125,393.51025390625,-539.822021484375,2745.903564453125,311.4853820800781,-574.503662109375,2655.962646484375,444.923583984375,-539.9884643554688,2736.871826171875,472.23193359375,-592.4644165039062,2620.1982421875
399.196533203125,78.72932434082031,2636.493408203125,399.1639709472656,-97.71337127685548,2621.4794921875,394.3312683105469,-235.8378143310547,2590.82763671875,388.0089111328125,-450.683349609375,2606.267333984375,356.9065856933594,-413.8724365234375,2612.9384765625,229.6145477294922,-358.3334045410156,2642.008056640625,192.056884765625,-96.10065460205078,2713.128173828125,168.09130859375,121.7491455078125,2783.593505859375,177.19638061523438,195.78868103027344,2843.345458984375,225.07664489746097,291.57354736328125,2837.37451171875,225.1784820556641,241.28732299804688,2835.82763671875,420.45611572265625,-416.6136474609375,2592.54833984375,536.0902099609375,-381.9865417480469,2542.862060546875,630.3605346679688,-118.9730453491211,2536.133544921875,699.9566650390625,99.6532745361328,2577.454345703125,730.5009765625,165.12327575683594,2650.742919921875,712.617431640625,260.98406982421875,2610.6865234375,667.3590087890625,218.2585906982422,2649.5673828125,311.5040588378906,76.84745025634766,2658.79931640625,345.9624938964844,469.5223693847656,2708.947998046875,373.74261474609375,847.8864135742188,2725.75390625,410.2132568359375,960.866943359375,2868.86865234375,478.2726745605469,80.4262924194336,2616.37890625,555.0255737304688,461.6482238769531,2695.971435546875,457.56439208984375,742.7141723632812,2453.552734375,517.5746459960938,902.8145751953124,2447.601318359375,389.7518005371094,-529.6355590820312,2624.638671875,433.6609802246094,-502.7083740234375,2775.587890625,399.30419921875,-545.3975830078125,2766.435791015625,312.9674072265625,-573.5624389648438,2679.338623046875,449.9656066894531,-546.9759521484375,2755.297607421875,470.43115234375,-595.5231323242188,2636.3994140625
402.4630126953125,78.7420425415039,2649.812744140625,402.6705017089844,-97.73780059814452,2635.84716796875,398.2538146972656,-235.6771697998047,2604.48681640625,384.3191833496094,-450.52532958984375,2612.07470703125,354.0527038574219,-412.9493713378906,2618.20556640625,227.0780334472656,-353.2242431640625,2638.994384765625,191.4359436035156,-98.43304443359376,2733.88623046875,175.87860107421875,106.80899047851562,2836.856201171875,194.11619567871097,162.2117156982422,2912.53955078125,157.33360290527344,236.85479736328125,2844.922607421875,256.859375,203.99319458007812,2903.845703125,418.5589904785156,-417.1310729980469,2601.4482421875,536.7776489257812,-383.9087829589844,2557.28662109375,631.2925415039062,-121.01447296142578,2552.936279296875,700.091796875,97.82991027832033,2594.075927734375,727.6795654296875,167.3435516357422,2664.7265625,715.2870483398438,262.3637390136719,2620.850341796875,676.33837890625,212.023193359375,2669.1279296875,314.1856689453125,77.07367706298828,2669.583740234375,347.9410095214844,470.2612609863281,2715.115234375,377.4590148925781,848.5833740234375,2726.747314453125,400.96630859375,975.24462890625,2860.768798828125,482.0665588378906,80.24647521972656,2631.984130859375,564.4343872070312,459.1598510742187,2716.3037109375,476.1706848144531,753.4163208007812,2486.509521484375,523.0423583984375,915.95068359375,2461.24365234375,382.5062255859375,-530.02978515625,2627.762939453125,448.79241943359375,-504.4645080566406,2770.51220703125,412.1017150878906,-545.9867553710938,2766.703125,313.1421813964844,-571.3335571289062,2693.29296875,460.5055541992187,-549.2515869140625,2748.31689453125,461.819091796875,-598.528076171875,2628.01220703125
405.63775634765625,75.7529525756836,2673.327392578125,406.2161254882813,-101.29679107666016,2656.722900390625,404.43798828125,-240.8722991943359,2629.7734375,388.3199462890625,-456.5139770507813,2638.0556640625,358.2069091796875,-418.46148681640625,2643.72412109375,228.52264404296875,-360.6440124511719,2655.653076171875,196.8489532470703,-105.5708236694336,2754.67529296875,179.2441864013672,103.48454284667967,2851.7958984375,203.7635803222656,158.86354064941406,2926.255859375,228.3225555419922,262.6649169921875,2941.166748046875,237.6754913330078,218.50132751464844,2809.3388671875,423.1473083496094,-423.3359680175781,2627.645751953125,541.2530517578125,-391.9544677734375,2580.218505859375,632.0613403320312,-126.40213775634766,2578.0517578125,702.3005981445312,95.186279296875,2605.85791015625,720.0550537109375,150.6322021484375,2691.2431640625,716.3483276367188,237.19384765625,2630.407470703125,670.2251586914062,211.69937133789065,2680.875244140625,315.9244079589844,74.1036148071289,2687.7890625,349.96600341796875,469.6939697265625,2727.546875,375.9250793457031,850.1619262695312,2729.4052734375,393.6592712402344,972.876220703125,2869.03173828125,486.53619384765625,77.24022674560547,2660.286865234375,565.975341796875,452.5349426269531,2768.60107421875,494.6594848632813,757.6409301757812,2544.25,535.9281616210938,923.7312622070312,2559.324951171875,385.5670166015625,-536.2930908203125,2654.09619140625,433.19970703125,-495.3975524902344,2801.447998046875,401.5814514160156,-541.1192016601562,2796.712158203125,313.9632263183594,-581.60595703125,2715.158447265625,451.9853515625,-539.953125,2783.52197265625,471.5582275390625,-595.6236572265625,2667.01806640625
413.59283447265625,72.97686004638672,2689.47119140625,410.1594543457031,-104.0686492919922,2674.394775390625,405.80706787109375,-244.1812286376953,2651.249755859375,393.5738220214844,-460.0400085449219,2656.550537109375,362.751708984375,-422.6421813964844,2662.501708984375,229.6755218505859,-373.8639221191406,2676.281494140625,190.04441833496097,-121.45936584472656,2778.7509765625,173.110595703125,80.55980682373047,2889.57958984375,217.5374755859375,94.98226928710938,2973.361328125,178.2070770263672,194.5173492431641,2961.872802734375,247.73800659179688,170.45912170410156,2838.920166015625,427.8416137695313,-426.1199035644531,2646.8408203125,546.3562622070312,-393.9584045410156,2601.210693359375,634.8143310546875,-127.79739379882812,2598.6416015625,705.1979370117188,94.69100952148438,2615.570068359375,719.1889038085938,152.3773956298828,2700.08984375,719.0831909179688,238.36521911621097,2638.445068359375,671.2828979492188,210.9180603027344,2688.692626953125,323.7144470214844,73.603759765625,2702.57763671875,352.4590148925781,469.9512023925781,2736.04443359375,376.62200927734375,850.2780151367188,2731.1484375,380.8101501464844,968.6524658203124,2875.358154296875,494.64013671875,72.41155242919922,2677.652587890625,568.7584838867188,438.80718994140625,2815.333740234375,517.2356567382812,762.3944091796875,2612.935546875,562.5634155273438,922.688232421875,2654.549560546875,392.1647644042969,-540.014892578125,2671.502197265625,431.7904357910156,-500.9176635742187,2821.581787109375,402.5198364257813,-547.830078125,2814.420654296875,320.29534912109375,-590.003662109375,2728.349609375,453.2858581542969,-544.0879516601562,2803.40234375,480.1068115234375,-595.7533569335938,2686.586181640625
420.4859924316406,67.4489974975586,2707.74755859375,414.7903442382813,-108.85636138916016,2693.42626953125,409.25592041015625,-248.64093017578125,2672.26806640625,393.9859313964844,-463.3910827636719,2677.95703125,363.7717590332031,-425.7043151855469,2683.52197265625,228.60809326171875,-385.2424926757813,2697.776123046875,175.2622833251953,-133.89193725585938,2793.299072265625,170.7128448486328,56.64817810058594,2922.18115234375,177.004638671875,56.3790397644043,3017.495361328125,205.98472595214844,132.08827209472656,2947.367919921875,268.4919738769531,143.31898498535156,2938.488525390625,428.6692810058594,-430.1228942871094,2668.50830078125,547.7044067382812,-400.8472595214844,2623.8671875,636.0272216796875,-135.98426818847656,2615.8369140625,704.82861328125,85.6789321899414,2636.26611328125,705.9029541015625,149.1385040283203,2717.197998046875,696.7110595703125,247.83697509765625,2681.49267578125,660.7562255859375,202.7820281982422,2697.3232421875,330.5435485839844,69.59561157226562,2717.092041015625,355.1349182128906,464.8844909667969,2746.3291015625,376.5227661132813,843.3023071289062,2726.608154296875,366.8605651855469,969.9234008789062,2862.291748046875,501.5910949707031,65.51329803466797,2699.321044921875,565.9786987304688,426.9108276367187,2849.71923828125,533.163818359375,772.9404296875,2687.609375,566.71142578125,930.5827026367188,2744.691650390625,391.324462890625,-542.9664916992188,2693.025146484375,441.2929382324219,-507.9085693359375,2840.277587890625,411.30963134765625,-554.228271484375,2834.0791015625,323.36907958984375,-593.56640625,2753.2470703125,461.0227355957031,-550.6072998046875,2819.74365234375,479.2269592285156,-599.4503784179688,2700.681640625
425.1222229003906,64.36197662353516,2723.467529296875,419.1228332519531,-111.72335052490234,2709.22900390625,413.8202209472656,-251.6737060546875,2690.386962890625,398.4877014160156,-466.1874694824219,2694.730224609375,368.12646484375,-428.5784912109375,2699.437255859375,234.29490661621097,-383.1180419921875,2708.548583984375,182.4686279296875,-136.49887084960938,2815.58740234375,179.4349365234375,49.92301940917969,2949.9208984375,182.3431701660156,48.55827713012695,3045.2724609375,203.5772705078125,142.05738830566406,2997.642578125,263.8025817871094,148.78167724609375,2970.254638671875,433.40576171875,-432.9119262695313,2686.56884765625,553.0401611328125,-400.9765319824219,2646.003662109375,639.827880859375,-135.94168090820312,2638.790283203125,706.2631225585938,86.07560729980469,2659.954345703125,710.5743408203125,154.4465789794922,2736.50048828125,697.3971557617188,245.2423858642578,2684.962158203125,665.8265991210938,203.4925842285156,2720.22802734375,335.0433654785156,66.91376495361328,2729.864501953125,358.17120361328125,462.0121154785156,2756.148681640625,381.53173828125,839.244873046875,2727.079833984375,363.5418090820313,979.79736328125,2846.9697265625,506.3502807617187,62.060916900634766,2717.698974609375,563.8487548828125,419.6692504882813,2878.323486328125,551.782958984375,786.0711669921875,2767.244873046875,563.7332763671875,947.8837890625,2820.51318359375,395.37115478515625,-545.7246704101562,2709.37548828125,441.98040771484375,-502.7805480957031,2855.42578125,414.241455078125,-550.5750732421875,2850.772216796875,329.1984558105469,-596.9563598632812,2770.817138671875,463.8354187011719,-545.2404174804688,2836.792724609375,485.55169677734375,-597.7105102539062,2720.05810546875
429.2878112792969,64.54209899902344,2743.3056640625,423.0835876464844,-111.53341674804688,2731.15771484375,417.1611328125,-250.5771484375,2707.38525390625,405.8362731933594,-464.5540161132813,2723.897705078125,374.7604370117187,-427.3631591796875,2726.197998046875,240.44363403320312,-383.1541442871094,2731.590087890625,182.2621307373047,-137.27272033691406,2836.408447265625,188.4974822998047,49.97368240356445,2969.12158203125,190.0323181152344,36.26446533203125,3063.438232421875,211.2536468505859,127.67455291748048,3012.107421875,300.2405700683594,113.75890350341795,2986.806884765625,440.1632385253906,-431.1630859375,2714.122802734375,560.1138305664062,-401.42681884765625,2673.197509765625,644.817626953125,-136.6614990234375,2652.889404296875,704.4741821289062,86.83173370361328,2676.294921875,703.0332641601562,154.27601623535156,2753.642822265625,691.209228515625,249.6029052734375,2710.90185546875,664.499755859375,201.34487915039065,2737.904296875,339.30224609375,67.26490783691406,2749.79833984375,359.1068420410156,462.77447509765625,2764.825439453125,381.2569274902344,839.1514282226562,2728.950439453125,362.0635070800781,993.0941162109376,2830.5556640625,510.4317626953125,62.086822509765625,2737.451171875,567.9028930664062,416.3272399902344,2904.540283203125,565.5639038085938,793.4222412109375,2839.23486328125,571.300048828125,963.449462890625,2852.238525390625,404.0865173339844,-543.0972900390625,2743.041259765625,436.4743957519531,-513.3654174804688,2895.91015625,412.3518676757813,-561.84326171875,2884.166748046875,336.9292297363281,-604.1671142578125,2793.237548828125,462.3743896484375,-552.2678833007812,2874.96435546875,496.2829284667969,-590.69921875,2755.8232421875
433.4914855957031,66.79286193847656,2760.267333984375,427.9801330566406,-108.81266021728516,2749.638916015625,422.5633239746094,-247.60240173339844,2727.089111328125,411.9637756347656,-461.2933349609375,2737.227783203125,380.7959289550781,-424.4314880371094,2740.096435546875,246.85589599609375,-380.6283874511719,2745.78125,185.0010528564453,-137.8367156982422,2853.28369140625,191.0851593017578,45.14947509765625,2990.544189453125,195.049072265625,38.85508346557617,3085.25390625,218.37271118164065,138.29640197753906,3054.72314453125,299.24468994140625,116.157470703125,3002.6474609375,446.1767883300781,-427.61138916015625,2728.9873046875,567.33203125,-398.1326904296875,2693.1171875,650.5843505859375,-133.41921997070312,2680.250732421875,710.8641967773438,89.36251831054688,2700.989013671875,703.3932495117188,156.84649658203125,2777.49609375,686.3712158203125,250.9906005859375,2734.75,657.596435546875,203.4128265380859,2756.0498046875,343.81634521484375,69.20037841796875,2766.99072265625,361.49798583984375,463.6502990722656,2776.74072265625,381.2388610839844,837.778564453125,2730.709716796875,364.154052734375,992.3834838867188,2830.54150390625,514.3555297851562,64.62188720703125,2754.20458984375,572.2854614257812,415.6539611816406,2924.7431640625,577.9949340820312,796.7060546875,2908.598876953125,588.3218994140625,962.8190307617188,2943.483642578125,410.2677917480469,-540.0979614257812,2754.018798828125,447.056396484375,-513.19580078125,2905.860595703125,421.8830871582031,-560.9259643554688,2894.132080078125,343.6337585449219,-600.5316772460938,2804.961669921875,471.6370849609375,-552.0971069335938,2883.771484375,501.6261291503906,-589.2652587890625,2763.6533203125
437.7974853515625,64.99954986572266,2781.257080078125,430.7347717285156,-111.20654296875,2772.593017578125,424.5365295410156,-251.3024139404297,2756.51708984375,415.7266540527344,-465.60736083984375,2769.181640625,384.2679748535156,-428.8255615234375,2772.4169921875,249.8293304443359,-385.6068115234375,2780.973388671875,185.2034912109375,-134.8284149169922,2868.87744140625,195.01876831054688,52.76396942138672,3000.787109375,207.3996429443359,78.68289184570312,3091.651611328125,244.6856231689453,178.62933349609375,3084.173828125,275.0077819824219,155.83016967773438,2990.9169921875,449.5901489257813,-431.66754150390625,2759.74560546875,568.6181030273438,-396.493896484375,2720.576416015625,651.5490112304688,-130.76507568359375,2707.89404296875,713.44482421875,92.2846908569336,2729.047607421875,710.2684936523438,164.64739990234375,2801.724609375,679.8761596679688,250.81411743164065,2749.762451171875,658.5263671875,204.6786193847656,2786.21240234375,347.8010559082031,68.3260269165039,2786.96728515625,363.2074279785156,464.2174987792969,2788.489013671875,382.137939453125,838.0195922851562,2731.20654296875,342.5924377441406,974.9326782226562,2849.801025390625,518.9512329101562,61.99992370605469,2776.10791015625,566.3414306640625,422.28375244140625,2932.89404296875,586.9579467773438,800.22412109375,2988.893798828125,616.7374267578125,899.8308715820312,3124.1298828125,415.0082702636719,-544.4832763671875,2786.8876953125,453.3526916503906,-518.6472778320312,2939.044677734375,427.3083190917969,-566.0972900390625,2927.27197265625,347.6199951171875,-604.3002319335938,2838.218017578125,477.2714538574219,-557.9459838867188,2916.568603515625,505.9672546386719,-595.2026977539062,2795.730712890625
446.4157104492187,67.6633529663086,2803.33740234375,436.2112426757813,-107.92601013183594,2796.615478515625,427.6268005371094,-247.66702270507812,2782.49560546875,422.5057678222656,-461.7996826171875,2783.123779296875,390.3966064453125,-425.9113159179687,2787.540283203125,255.30755615234375,-385.846435546875,2793.61669921875,192.74525451660156,-136.858642578125,2885.390380859375,200.3461456298828,53.03904342651367,3012.838134765625,216.6744079589844,77.30118560791016,3103.226806640625,251.21588134765625,177.66079711914062,3093.245361328125,297.9956970214844,138.10316467285156,2993.4091796875,455.8548583984375,-426.920166015625,2776.4755859375,576.5780639648438,-392.5858154296875,2743.58984375,658.0718994140625,-127.1221923828125,2735.955078125,719.98388671875,95.13468933105467,2757.5126953125,711.0109252929688,166.6663055419922,2830.080810546875,681.6524047851562,252.77056884765625,2778.07763671875,657.4009399414062,205.24981689453125,2811.43505859375,356.7220458984375,72.694580078125,2808.075439453125,363.4910278320313,467.5819396972656,2803.811279296875,381.91351318359375,838.036376953125,2733.767822265625,340.2912292480469,982.6133422851562,2841.12890625,527.2964477539062,63.12648391723633,2799.06494140625,563.2159423828125,429.5303955078125,2940.91796875,592.7990112304688,793.8580322265625,3049.93896484375,621.8867797851562,873.6522216796875,3197.26220703125,422.8093872070313,-541.289794921875,2796.40087890625,462.61859130859375,-519.5073852539062,2948.30224609375,433.346435546875,-564.7377319335938,2936.185546875,351.4765319824219,-596.3496704101562,2847.07275390625,483.6204833984375,-560.1179809570312,2925.6044921875,509.62347412109375,-598.2835083007812,2804.87109375
449.1519470214844,68.92679595947266,2825.81103515625,439.8616333007813,-106.58057403564452,2823.316650390625,431.4661560058594,-246.08782958984375,2808.716552734375,431.4507751464844,-459.9864501953125,2808.433349609375,398.5902404785156,-424.9417114257813,2813.33935546875,262.4393615722656,-390.25494384765625,2823.137451171875,193.46192932128903,-139.05662536621094,2902.305419921875,202.9931640625,54.97750473022461,3022.626708984375,206.54507446289065,92.28669738769533,3109.781005859375,253.60003662109375,187.7753143310547,3108.699462890625,270.2069091796875,163.8897705078125,3014.84912109375,463.8432922363281,-424.3428039550781,2801.60400390625,582.89208984375,-386.7820434570313,2766.8984375,660.3618774414062,-120.4091339111328,2767.9921875,719.6520385742188,101.85623168945312,2793.100341796875,721.816650390625,180.5733337402344,2858.1650390625,679.8848266601562,251.56092834472656,2793.7265625,657.41162109375,211.6360015869141,2851.1162109375,359.7227478027344,73.55882263183594,2832.975341796875,364.0564270019531,467.8286437988281,2822.896728515625,381.5994262695313,834.4390258789062,2737.004638671875,334.2801513671875,984.3626708984376,2833.703857421875,529.7941284179688,64.74989318847656,2819.350830078125,565.7265625,429.7069091796875,2963.398193359375,595.587158203125,790.7737426757812,3081.01025390625,631.3137817382812,863.147705078125,3230.419677734375,433.7833251953125,-539.392578125,2821.330078125,470.9305419921875,-517.0469360351562,2973.59521484375,440.4891052246094,-561.3792724609375,2961.38916015625,359.6848449707031,-591.3648071289062,2870.992919921875,491.0366516113281,-558.55078125,2951.8818359375,518.341064453125,-599.0128784179688,2832.381103515625
454.7121276855469,68.77040100097656,2852.1884765625,446.233642578125,-106.2977066040039,2849.11767578125,438.4293823242187,-245.50572204589844,2834.955810546875,440.8346862792969,-458.8134460449219,2833.515625,407.53472900390625,-424.2584838867187,2837.591796875,271.71240234375,-388.6889953613281,2841.74560546875,196.7578582763672,-139.514404296875,2919.357177734375,196.8115997314453,53.37056350708008,3040.738525390625,235.95266723632812,108.32321166992188,3107.074951171875,250.6414031982422,211.62464904785156,3087.431396484375,260.1832580566406,135.45957946777344,2961.79248046875,472.92962646484375,-422.8690185546875,2827.890625,593.4137573242188,-384.6094055175781,2801.096923828125,672.0595092773438,-119.40896606445312,2795.67431640625,726.9124145507812,102.91163635253906,2824.41552734375,732.9429321289062,175.05239868164062,2896.095458984375,703.3089599609375,260.787841796875,2844.495361328125,664.5939331054688,214.72019958496097,2882.912841796875,365.5802307128906,72.94529724121094,2860.2685546875,366.1708984375,465.970947265625,2843.906494140625,381.7234802246094,828.9802856445312,2747.412841796875,334.4510498046875,980.2274169921876,2841.08447265625,535.0863037109375,65.00572204589844,2844.902587890625,564.6363525390625,429.510986328125,2988.66259765625,586.8644409179688,790.1072387695312,3106.1103515625,632.431884765625,865.543701171875,3250.73486328125,443.661865234375,-538.049072265625,2846.013427734375,479.0747375488281,-528.51416015625,2999.587158203125,447.28277587890625,-570.5040283203125,2983.747802734375,367.0906677246094,-590.5272827148438,2890.555419921875,497.9108581542969,-568.9298095703125,2975.170654296875,525.524169921875,-601.362548828125,2853.680908203125
458.4107360839844,68.7134017944336,2876.8017578125,450.5685119628906,-107.39517974853516,2880.115234375,440.7219848632813,-246.9468994140625,2862.893798828125,447.5766906738281,-461.3965148925781,2862.241455078125,413.3721923828125,-427.32659912109375,2866.211181640625,276.4701843261719,-392.4431457519531,2866.471923828125,201.60775756835935,-138.97410583496094,2935.27734375,197.0231781005859,62.9039421081543,3043.74365234375,231.696533203125,115.51268005371094,3115.061767578125,251.91847229003903,220.36761474609375,3115.4033203125,264.4007568359375,149.10006713867188,2971.889404296875,479.1036071777344,-424.6056823730469,2856.451171875,598.7769165039062,-386.0975036621094,2823.47705078125,679.5684204101562,-119.9639129638672,2832.397705078125,741.2874755859375,102.2704849243164,2858.511474609375,739.4231567382812,185.72132873535156,2917.9384765625,720.81103515625,275.33465576171875,2866.550537109375,669.637939453125,227.3890838623047,2862.116943359375,369.8684387207031,72.9611587524414,2893.005615234375,369.0456237792969,467.4609375,2862.97509765625,382.633056640625,830.530029296875,2758.262939453125,338.3856201171875,986.4361572265624,2847.78076171875,538.2532348632812,64.88301849365234,2862.18994140625,564.6376342773438,432.31732177734375,3005.33935546875,583.6199951171875,795.5943603515625,3122.222412109375,631.6510620117188,883.2488403320312,3260.15673828125,452.06591796875,-540.967529296875,2875.107177734375,485.6692810058594,-539.6323852539062,3030.310791015625,453.07574462890625,-580.3648071289062,3011.91552734375,373.37060546875,-594.2411499023438,2916.25439453125,504.1358947753906,-579.4288330078125,3004.050537109375,532.9791259765625,-606.6527099609375,2880.78955078125
466.4071960449219,67.22845458984375,2909.926025390625,457.7872924804687,-109.10221862792967,2909.365966796875,448.7555847167969,-248.51638793945312,2889.32275390625,457.4935302734375,-463.1574096679687,2886.496337890625,422.8608703613281,-429.3782043457031,2889.971435546875,285.43212890625,-395.8518981933594,2890.15234375,211.78909301757812,-140.21641540527344,2953.439453125,198.32411193847656,67.71859741210938,3049.659423828125,215.70980834960935,124.45368957519533,3124.214599609375,258.8895263671875,222.02345275878903,3117.232666015625,271.1842346191406,164.55673217773438,3003.3671875,488.8775939941406,-425.9933776855469,2881.906494140625,607.7055053710938,-382.2288818359375,2851.903564453125,687.5507202148438,-115.5811538696289,2864.47119140625,750.9683227539062,106.9705810546875,2886.0947265625,754.4926147460938,186.48866271972656,2950.83056640625,730.240478515625,279.4136047363281,2908.13427734375,676.15380859375,230.4745178222656,2879.78515625,376.853271484375,71.57415008544922,2920.052734375,379.9148864746094,467.3672790527344,2903.442138671875,386.21575927734375,820.9525756835938,2768.253662109375,354.8475036621094,988.4656982421876,2841.20556640625,547.1619262695312,63.30974578857422,2900.7939453125,571.5228881835938,434.9114990234375,3034.654052734375,587.7592163085938,802.1759033203125,3140.593017578125,630.534423828125,900.2283325195312,3273.435791015625,462.3507995605469,-542.929443359375,2898.61669921875,504.7054748535156,-534.78515625,3051.666015625,474.6218566894531,-578.6043701171875,3036.08935546875,390.8619079589844,-601.5554809570312,2945.565185546875,524.9439086914062,-573.6240234375,3025.150146484375,548.830078125,-601.5676879882812,2900.818359375
474.0580139160156,68.2319107055664,2941.293212890625,466.3569641113281,-107.18120574951172,2941.649658203125,456.8930358886719,-245.4807891845703,2919.57470703125,468.385498046875,-458.7803649902344,2914.48388671875,433.4954528808594,-425.67718505859375,2918.21044921875,296.59033203125,-393.2658081054687,2917.7412109375,228.39108276367188,-136.180908203125,2974.51708984375,214.0364532470703,77.42412567138672,3053.71484375,215.4658203125,142.75648498535156,3122.35009765625,276.59844970703125,224.49749755859375,3092.511474609375,265.9140319824219,197.52069091796875,3104.21240234375,499.1236572265625,-421.3663024902344,2910.401123046875,616.5771484375,-375.3590698242187,2881.4189453125,697.5755004882812,-111.0956039428711,2901.33349609375,760.2599487304688,109.01335144042967,2933.82470703125,764.2426147460938,192.99575805664065,2991.645263671875,741.4519653320312,292.44134521484375,3014.395751953125,744.3555908203125,223.47381591796875,2973.511962890625,385.4192810058594,72.15067291259766,2954.7431640625,384.6274108886719,465.8743896484375,2940.015380859375,387.8108825683594,808.7781372070312,2784.480712890625,372.8363037109375,985.2200927734376,2835.841796875,553.9874267578125,64.69818878173828,2929.164794921875,580.2382202148438,434.1310119628906,3062.3271484375,592.7620239257812,802.5746459960938,3156.53564453125,629.4721069335938,922.2050170898438,3271.063720703125,474.2245178222656,-538.1747436523438,2925.694580078125,518.209228515625,-553.1286010742188,3076.863037109375,487.3634948730469,-593.4990844726562,3055.572509765625,402.658203125,-601.587646484375,2964.3251953125,537.363525390625,-587.7806396484375,3044.84619140625,559.2282104492188,-597.5111083984375,2918.138916015625
484.8728942871094,67.77651977539062,2974.1923828125,475.2791748046875,-109.14573669433594,2970.380859375,464.8262634277344,-248.4110565185547,2946.5166015625,475.46929931640625,-463.6475524902344,2938.03662109375,440.3926086425781,-430.137451171875,2942.210205078125,302.416748046875,-396.5515747070313,2942.399658203125,238.53292846679688,-134.78163146972656,2994.85400390625,214.71405029296875,84.0624008178711,3062.851806640625,227.4118499755859,162.2432403564453,3116.483154296875,270.1119384765625,257.6647033691406,3092.133056640625,272.3191833496094,210.79193115234375,3093.829345703125,506.6783447265625,-425.9661560058594,2934.607421875,624.40576171875,-377.0614013671875,2906.057861328125,706.4180908203125,-111.4669418334961,2937.16943359375,772.7139892578125,109.80765533447266,2970.011962890625,760.4588012695312,183.62286376953125,3040.78466796875,765.232421875,284.2868347167969,3009.55078125,733.4088745117188,225.98651123046875,3023.101318359375,395.27386474609375,72.36668395996094,2986.6513671875,396.1392822265625,470.0393981933594,2984.135986328125,393.6650695800781,802.43310546875,2799.868408203125,391.9394226074219,986.9727783203124,2775.901611328125,565.6683349609375,63.63737487792969,2962.95751953125,589.9296875,439.03363037109375,3090.626953125,598.2066650390625,814.9038696289062,3169.075927734375,628.72705078125,945.6859130859376,3275.2861328125,480.9637145996094,-543.9774169921875,2948.11181640625,521.068603515625,-546.2255249023438,3102.59912109375,493.1749877929687,-590.154296875,3083.0107421875,411.4455261230469,-609.6527099609375,2989.20849609375,543.5372314453125,-581.97802734375,3073.302001953125,570.413330078125,-598.7866821289062,2947.068603515625
493.4193420410156,59.06343460083008,3009.43212890625,486.1032409667969,-118.70188903808594,2995.883056640625,479.0794067382813,-258.4830017089844,2968.314208984375,483.2622985839844,-475.5038146972656,2962.6123046875,448.969482421875,-440.6620178222656,2966.245361328125,310.83343505859375,-403.8056640625,2965.141357421875,252.5193634033203,-139.04559326171875,3018.8837890625,203.56719970703125,83.17048645019531,3063.977783203125,223.93423461914065,143.97909545898438,3135.827880859375,257.56805419921875,233.38331604003903,3085.28369140625,281.32403564453125,204.456298828125,3068.440185546875,515.8290405273438,-438.5802001953125,2958.7900390625,637.4664306640625,-392.8963623046875,2938.36376953125,722.400146484375,-126.27279663085938,2970.025634765625,790.8115234375,95.4596710205078,3006.5673828125,788.3921508789062,165.72390747070312,3082.789306640625,773.2105102539062,270.634765625,3075.930908203125,721.8717651367188,222.0843811035156,3026.24169921875,402.5376281738281,62.28327941894531,3016.260986328125,398.5514831542969,461.9126281738281,3040.635009765625,392.0738525390625,777.8766479492188,2824.888671875,377.7049865722656,961.3680419921876,2859.965576171875,575.3713989257812,56.15995788574219,3003.274169921875,593.95263671875,441.0788269042969,3110.329833984375,598.8733520507812,821.9647216796875,3176.815185546875,645.20361328125,926.350830078125,3305.943359375,486.31011962890625,-556.37255859375,2973.8193359375,537.4129028320312,-557.1500854492188,3126.187744140625,510.6661987304687,-602.8431396484375,3108.007568359375,423.3333435058594,-626.7483520507812,3019.254150390625,560.0059814453125,-591.577392578125,3094.853515625,579.1527099609375,-606.1386108398438,2966.04052734375
501.5487060546875,54.65642929077149,3039.21533203125,494.5337829589844,-123.78131103515624,3023.8642578125,487.5481262207031,-264.2228698730469,2996.312255859375,492.1188354492187,-482.036376953125,2985.8310546875,457.5935363769531,-447.1726989746094,2989.99658203125,318.5859375,-411.1022644042969,2988.797607421875,256.9110107421875,-144.12713623046875,3033.4794921875,205.59445190429688,79.93502807617188,3071.664306640625,226.33251953125,144.9884490966797,3140.1962890625,244.5957946777344,233.52679443359375,3080.09765625,279.2088928222656,206.0284423828125,3068.456298828125,524.8034057617188,-444.8273315429687,2983.045166015625,647.8115234375,-400.199462890625,2964.78662109375,732.3993530273438,-133.53237915039062,3006.6611328125,801.7540893554688,88.16275024414062,3048.1318359375,784.90478515625,156.9151611328125,3124.544921875,778.6240844726562,258.46038818359375,3156.71240234375,712.5330200195312,201.49639892578125,3008.30859375,410.3949890136719,57.49759292602539,3047.844482421875,402.65911865234375,457.5065307617187,3088.9921875,394.544677734375,757.7857666015625,2849.1806640625,360.3704223632813,936.27294921875,2898.14111328125,583.7460327148438,52.09442901611328,3031.43408203125,597.11767578125,442.4058532714844,3125.722900390625,598.5549926757812,827.4243774414062,3176.970703125,625.8666381835938,937.1651000976562,3308.10498046875,495.22064208984375,-563.4927368164062,2995.32421875,548.934814453125,-559.2203979492188,3147.501220703125,522.1299438476562,-605.8441772460938,3131.076904296875,433.2081298828125,-633.192138671875,3044.095703125,571.3942260742188,-594.5924682617188,3116.742919921875,588.71875,-613.0463256835938,2987.570068359375
509.0397033691406,50.70501708984375,3062.003173828125,500.7518615722656,-127.53580474853516,3048.27392578125,492.5256958007813,-267.23486328125,3018.513916015625,501.3365783691406,-484.7506103515625,3012.371826171875,466.1218872070313,-450.5125122070313,3014.633544921875,326.6209411621094,-418.0032348632813,3007.896728515625,262.4013977050781,-150.9751739501953,3045.48486328125,208.40582275390625,73.14066314697266,3076.89111328125,228.5648193359375,142.1318359375,3141.419921875,243.9344940185547,227.06922912597656,3075.861572265625,280.0229797363281,200.6331787109375,3071.4873046875,533.38330078125,-447.05902099609375,3010.046875,655.2150268554688,-400.0808715820313,2991.261474609375,743.7444458007812,-136.03057861328125,3038.335693359375,814.0150756835938,81.57914733886719,3095.05419921875,808.8141479492188,151.3734130859375,3171.985107421875,789.488037109375,256.1447448730469,3171.3583984375,716.9535522460938,186.86976623535156,3064.47119140625,418.0214538574219,54.298683166503906,3070.292724609375,403.3494873046875,447.5280151367187,3150.433837890625,397.646240234375,727.9910888671875,2888.5166015625,338.50323486328125,906.307373046875,2893.00244140625,591.1148681640625,47.464447021484375,3054.528076171875,601.5968017578125,439.1598815917969,3140.4638671875,596.9727172851562,825.1669311523438,3177.68017578125,618.1878662109375,949.6831665039062,3295.745361328125,505.53863525390625,-565.8228759765625,3023.505615234375,524.8650512695312,-558.9805908203125,3183.3857421875,500.7776489257813,-605.1834716796875,3162.469482421875,432.199462890625,-632.3004760742188,3058.869384765625,552.2516479492188,-595.7333374023438,3159.041259765625,596.6268310546875,-618.1102294921875,3037.370849609375
514.9898681640625,42.97634506225586,3085.483154296875,507.9665832519531,-134.6551971435547,3068.29931640625,501.1069030761719,-274.100830078125,3038.394287109375,508.68023681640625,-491.3069458007813,3039.387939453125,473.7049255371094,-456.8919067382813,3039.337158203125,334.5479431152344,-425.8742370605469,3026.97119140625,269.1452331542969,-158.75396728515625,3056.968505859375,215.8641815185547,65.5499267578125,3084.537353515625,243.9427032470703,136.8536376953125,3143.016357421875,244.80978393554688,227.30174255371097,3083.69140625,284.7981262207031,192.85174560546875,3061.422119140625,540.9705200195312,-453.9593505859375,3037.013916015625,663.0598754882812,-407.0970153808594,3021.828369140625,747.9714965820312,-143.18043518066406,3072.73779296875,811.9170532226562,73.4200439453125,3138.158203125,822.6749267578125,150.07647705078125,3207.30322265625,791.219970703125,249.1118621826172,3229.834228515625,823.4566040039062,177.7852783203125,3181.978759765625,424.0597229003906,45.85021209716797,3092.940185546875,408.67388916015625,428.8747253417969,3209.86328125,393.8551330566406,698.9067993164062,2938.642578125,338.0574035644531,876.6959838867188,2917.4375,596.985595703125,40.38485336303711,3078.759033203125,603.514892578125,432.8978576660156,3157.25048828125,592.14453125,819.080078125,3180.36376953125,614.2744750976562,947.8936157226562,3293.014892578125,511.95068359375,-571.845947265625,3053.171875,529.9449462890625,-571.5206298828125,3213.02490234375,505.3493347167969,-616.3849487304688,3190.17919921875,437.3917236328125,-638.2918701171875,3085.260986328125,556.8927612304688,-607.6757202148438,3187.545654296875,601.875732421875,-626.0142822265625,3065.709716796875
519.5292358398438,40.274559020996094,3104.978515625,511.4818115234375,-134.6378173828125,3088.09326171875,503.87603759765625,-271.1239929199219,3055.06591796875,509.4587707519531,-485.1186218261719,3055.444580078125,475.3106384277344,-450.9217529296875,3055.012939453125,337.47344970703125,-423.6851806640625,3043.7587890625,274.9300537109375,-159.69117736816406,3069.03125,222.34844970703125,61.87228775024414,3090.116943359375,249.0540313720703,136.02789306640625,3143.054931640625,247.06019592285156,230.50567626953125,3093.84814453125,288.87030029296875,190.90655517578125,3091.9453125,541.6119995117188,-448.605712890625,3053.683837890625,663.1251220703125,-403.7200317382813,3047.826904296875,747.3358154296875,-146.08621215820312,3107.9296875,811.2406005859375,66.73204803466797,3173.17431640625,813.6370849609375,128.19276428222656,3254.8310546875,805.756103515625,232.33865356445312,3262.492431640625,774.9267578125,163.77914428710938,3256.442138671875,429.8928527832031,43.82045364379883,3110.967041015625,405.2374267578125,409.37646484375,3257.854736328125,397.6199645996094,678.487548828125,2993.593017578125,345.0630798339844,853.3848876953125,2965.853271484375,600.3583374023438,37.07707214355469,3099.578369140625,607.8657836914062,424.341064453125,3173.403076171875,591.3321533203125,805.1724853515625,3177.52392578125,605.9011840820312,937.5538940429688,3283.0986328125,511.79449462890625,-564.5128173828125,3068.80322265625,528.0883178710938,-563.5696411132812,3226.4013671875,504.2150573730469,-607.9196166992188,3203.8408203125,438.2925720214844,-630.0906982421875,3099.979248046875,554.9750366210938,-599.1806640625,3201.675537109375,600.4267578125,-617.5234375,3082.146484375
522.0166015625,35.88753128051758,3127.7421875,516.7987670898438,-139.4568634033203,3109.422119140625,511.9341125488281,-277.4217224121094,3080.7138671875,516.5687255859375,-492.0058898925781,3080.034912109375,482.4989318847656,-457.5608520507813,3079.08740234375,345.7481994628906,-425.95904541015625,3062.546142578125,280.81585693359375,-161.27249145507812,3081.578125,226.2676696777344,60.87467193603515,3097.471923828125,250.35482788085935,135.6987762451172,3151.172119140625,246.82888793945312,229.54049682617188,3100.251708984375,288.39459228515625,183.43194580078125,3135.71923828125,548.9990844726562,-455.5344848632813,3079.13134765625,670.1549072265625,-409.0032653808594,3071.39697265625,755.7501220703125,-152.73306274414062,3138.384033203125,819.1580200195312,57.44080352783203,3214.037353515625,823.2962036132812,132.0594940185547,3284.18994140625,815.0642700195312,234.96612548828125,3303.36962890625,775.9459228515625,160.35641479492188,3288.260009765625,432.0252380371094,38.06604766845703,3132.522216796875,395.3831787109375,395.3207092285156,3298.861328125,401.8649291992187,682.1083984375,3052.326416015625,344.26446533203125,857.9741821289062,3044.884765625,603.165771484375,33.92306900024414,3123.43212890625,608.0776977539062,423.9866027832031,3187.709716796875,592.0409545898438,805.8001708984375,3180.2470703125,598.2255249023438,942.7804565429688,3281.41357421875,518.2811889648438,-571.6912231445312,3093.0390625,540.7766723632812,-559.1685791015625,3249.7998046875,512.7039794921875,-603.3230590820312,3231.791015625,441.1225891113281,-628.7217407226562,3132.0986328125,563.9900512695312,-598.7697143554688,3227.236572265625,603.3550415039062,-630.3572387695312,3107.94384765625
524.6893920898438,35.6962776184082,3150.99072265625,520.5396118164062,-139.85833740234375,3130.85888671875,516.6668090820312,-278.33819580078125,3103.006591796875,520.9389038085938,-493.3863830566406,3101.60986328125,486.9184265136719,-458.7961730957031,3099.53515625,350.1724548339844,-426.5261840820313,3081.704833984375,287.2060852050781,-160.62411499023438,3098.699951171875,234.0627899169922,62.509090423583984,3112.497314453125,269.3057556152344,123.80354309082033,3176.546875,255.31297302246097,216.4628143310547,3124.787841796875,297.40252685546875,182.233642578125,3159.062744140625,553.5169677734375,-456.8981323242187,3102.06396484375,674.8412475585938,-409.5644226074219,3106.08642578125,770.2817993164062,-155.0883331298828,3168.9638671875,829.5049438476562,51.663726806640625,3257.81494140625,815.9892578125,123.62478637695312,3329.859375,816.4274291992188,228.79946899414065,3333.14404296875,741.03466796875,147.0354766845703,3194.137451171875,434.4791870117187,37.310646057128906,3155.5078125,395.5466918945313,385.2740478515625,3341.8408203125,414.62103271484375,689.6921997070312,3116.78955078125,349.538330078125,859.8079223632812,3152.482421875,606.035888671875,34.24053192138672,3146.917236328125,611.5769653320312,425.5730285644531,3208.593017578125,591.23046875,807.1415405273438,3181.899169921875,594.5713500976562,938.0736083984376,3291.473876953125,522.0228881835938,-573.2980346679688,3114.3662109375,544.0054321289062,-567.6617431640625,3271.94189453125,515.5297241210938,-610.8275146484375,3251.917236328125,443.9881896972656,-631.3094482421875,3150.73828125,566.9862060546875,-606.5742797851562,3247.75244140625,606.6483764648438,-633.4979248046875,3127.1201171875
526.7556762695312,34.04607391357422,3173.154052734375,522.3983764648438,-141.21847534179688,3154.8935546875,518.7329711914062,-278.9737548828125,3125.43798828125,518.6680297851562,-493.4716491699219,3123.999755859375,485.5351257324219,-458.2919921875,3120.8671875,349.30206298828125,-427.5755310058594,3099.761474609375,289.654052734375,-161.39703369140625,3111.4384765625,243.04039001464844,62.432350158691406,3126.934814453125,274.5640563964844,114.54901123046876,3200.02001953125,257.60693359375,203.89903259277344,3144.104736328125,307.3088073730469,172.71060180664062,3191.729736328125,551.8590698242188,-457.753662109375,3125.53125,675.0653686523438,-417.0193176269531,3132.1484375,770.4440307617188,-164.16171264648438,3198.166748046875,825.334228515625,40.9852409362793,3291.72021484375,818.7125854492188,110.27930450439452,3366.873291015625,822.2304077148438,213.75453186035156,3383.969482421875,739.4864501953125,135.4571533203125,3228.50341796875,436.7024841308594,36.13548278808594,3174.588623046875,398.76068115234375,378.4216918945313,3369.137939453125,426.4848937988281,708.6305541992188,3187.244140625,339.126953125,863.2073364257812,3239.5341796875,607.9606323242188,32.161956787109375,3171.8603515625,606.1004638671875,424.2486877441406,3220.613037109375,591.0267333984375,804.3890991210938,3186.260986328125,594.5670776367188,931.8928833007812,3299.092041015625,517.715087890625,-573.1712036132812,3136.68115234375,515.5053100585938,-559.0104370117188,3294.79541015625,489.8575439453125,-602.9169311523438,3273.055419921875,434.43756103515625,-628.4419555664062,3163.669921875,541.2621459960938,-599.232421875,3276.581298828125,598.2948608398438,-632.9371337890625,3165.36669921875
528.3192749023438,31.42255210876465,3194.175537109375,526.1010131835938,-145.50259399414062,3176.87841796875,524.06103515625,-285.4517822265625,3152.1689453125,521.0031127929688,-501.744140625,3148.397216796875,488.0148620605469,-465.7828063964844,3146.331787109375,350.93707275390625,-432.85980224609375,3125.87158203125,293.95068359375,-163.44505310058594,3126.727783203125,265.63189697265625,63.99868392944336,3156.50634765625,295.6259765625,114.02974700927734,3232.6962890625,278.2022399902344,202.11410522460935,3173.2666015625,321.3183288574219,172.30227661132812,3231.684326171875,554.9947509765625,-466.1920776367187,3149.6142578125,679.8560791015625,-426.60357666015625,3153.713134765625,771.8057861328125,-172.1564178466797,3228.082763671875,825.8372192382812,34.50435256958008,3323.750244140625,817.2711791992188,104.16371154785156,3399.571533203125,822.41845703125,209.2111053466797,3411.424072265625,737.9749145507812,122.30056762695312,3254.18359375,437.4908447265625,32.331703186035156,3196.52490234375,399.2130737304687,373.686767578125,3399.408935546875,409.0686340332031,731.7653198242188,3268.86376953125,329.0992736816406,878.1585693359375,3352.6796875,610.2232666015625,30.60273170471191,3192.05712890625,602.7590942382812,425.8475646972656,3242.394775390625,580.3421630859375,807.5049438476562,3194.762451171875,592.141845703125,927.21826171875,3317.36279296875,519.2125244140625,-582.2448120117188,3160.341064453125,515.0589599609375,-566.0153198242188,3319.590087890625,488.9855041503906,-610.2724609375,3297.8525390625,434.2516784667969,-636.7277221679688,3187.112548828125,540.8194580078125,-607.0860595703125,3302.049072265625,599.4199829101562,-643.0643920898438,3191.06103515625
527.8323974609375,31.725305557250977,3220.625244140625,526.8920288085938,-145.65335083007812,3203.04345703125,525.8483276367188,-286.1158447265625,3179.040283203125,518.1212158203125,-502.7891540527344,3172.285400390625,485.8904418945313,-465.9866333007813,3170.041259765625,350.77679443359375,-426.7980346679687,3145.376220703125,302.7352600097656,-154.9278564453125,3148.653076171875,277.01806640625,73.71161651611328,3176.28466796875,309.3655700683594,127.05989074707033,3249.5224609375,289.8459167480469,222.61192321777344,3203.216796875,330.53399658203125,174.66717529296875,3258.62646484375,552.9414672851562,-467.9248962402344,3174.662353515625,679.44580078125,-433.3052978515625,3182.60107421875,776.3515625,-179.5572967529297,3255.84765625,823.7982788085938,26.031599044799805,3358.566162109375,838.1685791015625,91.67435455322266,3437.404052734375,821.4069213867188,192.87464904785156,3464.580078125,741.94775390625,128.8745880126953,3328.1015625,436.7702026367187,31.94038200378418,3223.325927734375,394.5137939453125,374.0384521484375,3426.236083984375,395.2903747558594,749.408447265625,3353.970947265625,322.1734313964844,878.9591674804688,3467.572998046875,609.9471435546875,31.53136444091797,3218.189697265625,598.6885986328125,429.11822509765625,3256.175048828125,579.1851806640625,810.3961181640625,3197.33056640625,591.4376831054688,930.7061157226562,3319.9365234375,514.3212890625,-583.5910034179688,3183.13720703125,516.8734130859375,-576.7261962890625,3343.519287109375,489.94921875,-619.8790893554688,3320.273681640625,430.4924621582031,-640.1307983398438,3210.283203125,542.0425415039062,-616.6710205078125,3322.470947265625,596.130859375,-645.859619140625,3206.88916015625
526.041015625,30.688262939453125,3247.611328125,525.696533203125,-147.071533203125,3228.1494140625,525.0767822265625,-287.1554870605469,3199.625732421875,517.8588256835938,-504.6073303222656,3195.419677734375,485.4114379882813,-467.7991943359375,3192.96484375,349.3544921875,-428.4011840820313,3171.348388671875,307.3313293457031,-154.63519287109375,3168.44873046875,287.0113220214844,75.9796371459961,3189.66162109375,318.6152648925781,130.6962890625,3262.620361328125,348.0374755859375,230.42759704589844,3292.924560546875,334.4352111816406,175.0078887939453,3274.181396484375,552.712890625,-469.5155944824219,3197.157958984375,678.461669921875,-430.5968933105469,3204.119384765625,780.297607421875,-179.72401428222656,3283.774169921875,830.4506225585938,23.404970169067383,3391.692626953125,825.903564453125,101.13846588134766,3460.5166015625,825.4908447265625,188.25408935546875,3521.705322265625,744.228271484375,122.02910614013672,3330.16259765625,434.6780700683594,30.601173400878903,3250.024169921875,396.36419677734375,379.2400512695313,3444.96142578125,394.4600830078125,762.7108154296875,3441.59814453125,314.6980285644531,881.53759765625,3563.164306640625,608.427001953125,30.766796112060547,3245.435791015625,598.7650756835938,430.7430114746094,3269.86865234375,581.1493530273438,811.8663330078125,3201.971923828125,583.9849853515625,942.9481201171876,3314.4755859375,514.3380737304688,-585.54638671875,3207.270263671875,516.8665161132812,-586.9323120117188,3368.308837890625,489.8494567871094,-628.9614868164062,3342.790771484375,430.21966552734375,-643.5684204101562,3231.5380859375,542.1103515625,-625.8748779296875,3345.167724609375,596.3887939453125,-649.1784057617188,3227.875
524.9744873046875,29.742950439453125,3267.13720703125,524.408203125,-148.45436096191406,3249.675048828125,523.7947387695312,-289.2811279296875,3224.034912109375,516.4100952148438,-507.04644775390625,3224.687744140625,484.058837890625,-470.2384948730469,3220.390380859375,347.28192138671875,-434.2910461425781,3196.23388671875,307.6033935546875,-159.91473388671875,3188.332763671875,291.2052001953125,71.35017395019531,3209.129638671875,325.2282409667969,130.9534912109375,3277.169677734375,376.4830932617187,223.32781982421875,3301.67236328125,361.8103942871094,170.0736541748047,3281.166748046875,551.286865234375,-471.900146484375,3226.661376953125,677.351806640625,-434.5206604003906,3238.102294921875,774.8425903320312,-180.92083740234375,3315.818359375,815.1719360351562,26.4656982421875,3420.36376953125,822.3864135742188,85.27928924560547,3505.900634765625,812.4098510742188,191.36659240722656,3502.99951171875,733.3208618164062,132.45339965820312,3378.922607421875,433.4715270996094,29.90796661376953,3268.42041015625,399.0477600097656,381.5125122070313,3459.78466796875,382.4443664550781,758.5692138671875,3530.459716796875,316.8620300292969,868.7039184570312,3668.009521484375,607.4866943359375,29.594146728515625,3265.980224609375,597.9368896484375,430.2112121582031,3288.3076171875,578.6010131835938,806.8682861328125,3197.114013671875,585.9061279296875,954.4691772460938,3287.029052734375,512.4212036132812,-587.7879028320312,3238.328857421875,513.9597778320312,-560.7738037109375,3397.313720703125,484.9498291015625,-605.3328857421875,3379.1884765625,425.21331787109375,-636.4738159179688,3271.255615234375,537.3527221679688,-604.4397583007812,3381.74951171875,591.1130981445312,-650.8016357421875,3271.063232421875
521.8151245117188,29.41085433959961,3293.05517578125,521.1259765625,-147.62147521972656,3277.66943359375,520.84521484375,-286.5434875488281,3247.961181640625,516.6577758789062,-502.737060546875,3250.385986328125,484.1204528808594,-466.7234191894531,3245.10693359375,347.4076843261719,-436.5557556152344,3219.149169921875,305.00189208984375,-164.7240753173828,3210.6474609375,294.20172119140625,64.5488510131836,3236.87109375,345.5895690917969,122.49861907958984,3293.4423828125,368.1205749511719,225.1163024902344,3316.8017578125,374.6819152832031,165.6715850830078,3292.03466796875,550.7086791992188,-467.3325500488281,3252.773681640625,675.3759155273438,-428.2838134765625,3262.36083984375,766.6175537109375,-175.088134765625,3341.25146484375,793.4447021484375,33.05861282348633,3444.62158203125,814.0327758789062,85.28250122070312,3531.302978515625,791.98583984375,186.42233276367188,3553.128173828125,724.9485473632812,146.19825744628906,3432.29736328125,431.0044860839844,29.880712509155273,3291.716064453125,398.79742431640625,386.2818603515625,3467.62939453125,382.1519470214844,749.4556884765625,3581.883056640625,322.84173583984375,870.1906127929688,3711.206787109375,603.7030639648438,28.98716163635254,3294.262451171875,592.6378784179688,427.1482238769531,3297.050537109375,580.9922485351562,800.3746337890625,3202.9013671875,593.1614379882812,947.4552001953124,3290.614013671875,513.577392578125,-582.7992553710938,3264.552734375,515.3026123046875,-550.118896484375,3421.225830078125,486.525146484375,-595.0060424804688,3404.941162109375,427.1159973144531,-629.9363403320312,3299.135498046875,538.5354614257812,-593.9824829101562,3407.373291015625,591.7762451171875,-644.017333984375,3299.238525390625
513.9126586914062,28.074737548828125,3315.736083984375,513.59765625,-147.93966674804688,3304.33642578125,513.4613037109375,-285.8569030761719,3274.966064453125,507.7483520507813,-500.42523193359375,3274.8994140625,475.689697265625,-464.3866882324219,3270.232666015625,340.2394104003906,-435.1466979980469,3242.43017578125,305.089111328125,-164.36532592773438,3233.1796875,297.2005615234375,63.43707275390625,3258.1943359375,349.4325256347656,119.1473388671875,3315.040771484375,370.4716491699219,223.50631713867188,3323.935546875,378.0301513671875,167.86968994140625,3307.064697265625,541.8135986328125,-465.5592346191406,3277.512939453125,665.083740234375,-425.2319641113281,3286.6416015625,759.7720947265625,-176.42462158203125,3368.02783203125,797.5770874023438,26.264846801757812,3474.842529296875,812.4273681640625,82.72305297851562,3559.099853515625,786.6033325195312,184.30039978027344,3552.658447265625,733.78857421875,139.55955505371094,3448.8955078125,423.765869140625,28.267621994018555,3315.2490234375,396.0652160644531,384.4085998535156,3485.69482421875,375.4856567382813,736.3407592773438,3622.811279296875,336.977294921875,856.9547729492188,3757.993408203125,595.2020263671875,27.900806427001953,3316.17529296875,593.3396606445312,423.2575073242187,3313.32861328125,579.5106811523438,788.2214965820312,3200.5595703125,601.6167602539062,938.34814453125,3278.097900390625,504.1775207519531,-580.028076171875,3288.0517578125,491.44976806640625,-532.8368530273438,3439.2138671875,463.1950073242187,-578.06640625,3424.44140625,413.87896728515625,-621.3015747070312,3317.635498046875,514.3278198242188,-578.0169677734375,3432.017822265625,575.9495239257812,-638.9790649414062,3335.758056640625
512.6041870117188,27.3714599609375,3342.2724609375,510.2504577636719,-148.81544494628906,3329.474365234375,509.34088134765625,-286.8007507324219,3299.358154296875,499.5515747070313,-501.3206481933594,3309.63916015625,468.31787109375,-464.9554443359375,3302.03125,334.1921081542969,-433.0088195800781,3269.95849609375,302.1417541503906,-161.35206604003906,3262.273681640625,290.8471984863281,67.02354431152344,3283.906982421875,344.7817077636719,120.81365203857422,3341.266845703125,370.1731262207031,224.46324157714844,3333.438232421875,375.8320007324219,171.04771423339844,3328.28515625,534.212890625,-466.9029541015625,3311.77978515625,657.2022705078125,-426.7897033691406,3326.748291015625,754.0415649414062,-175.9828643798828,3400.653564453125,786.102783203125,30.538827896118164,3502.71142578125,795.6038208007812,89.58614349365234,3586.163818359375,757.4820556640625,182.1719970703125,3553.970703125,717.8709106445312,140.1109619140625,3472.712646484375,422.4209899902344,28.880691528320312,3338.081298828125,397.10198974609375,385.3512878417969,3509.682373046875,378.6015625,736.5945434570312,3650.489501953125,333.8767395019531,843.941650390625,3795.0283203125,593.9263305664062,26.010520935058594,3346.052001953125,595.71875,421.6807556152344,3329.8359375,581.9300537109375,783.7978515625,3206.31396484375,600.2872924804688,934.0110473632812,3285.25244140625,493.998291015625,-580.2236938476562,3326.57373046875,495.4288330078125,-495.2175903320313,3461.080322265625,470.50689697265625,-544.697998046875,3462.723876953125,412.9581604003906,-618.3836059570312,3378.951171875,521.9674682617188,-539.0247192382812,3462.296142578125,577.2377319335938,-619.1459350585938,3376.510009765625
498.7412109375,27.278562545776367,3372.14501953125,500.53900146484375,-147.50563049316406,3356.67626953125,502.2105712890625,-284.0569152832031,3324.56982421875,493.1875915527344,-497.3942565917969,3326.890380859375,461.9115295410156,-461.1067810058594,3321.482421875,329.0469055175781,-423.54632568359375,3294.91064453125,298.0229187011719,-153.5726776123047,3289.4541015625,285.9000244140625,73.33988189697266,3309.61083984375,337.8720397949219,129.85824584960938,3365.06298828125,373.17633056640625,230.06414794921875,3367.869140625,377.85546875,175.37974548339844,3345.114501953125,527.5860595703125,-463.2099609375,3329.468994140625,649.287841796875,-422.3960876464844,3345.4267578125,754.798095703125,-176.77340698242188,3417.79345703125,787.1611328125,25.29808807373047,3524.976806640625,789.249267578125,89.67793273925781,3604.036376953125,753.6431884765625,180.5324859619141,3566.74169921875,713.1055908203125,127.29174041748048,3482.093017578125,409.0680847167969,26.462034225463867,3370.948974609375,391.9613342285156,385.088623046875,3532.63720703125,380.0441284179687,738.4798583984375,3661.4228515625,346.3284912109375,849.697021484375,3804.415771484375,579.6034545898438,28.014862060546875,3373.223388671875,594.21044921875,420.6279296875,3354.3349609375,583.0498657226562,773.5514526367188,3213.166259765625,596.78271484375,932.626953125,3270.152587890625,488.2531433105469,-576.3652954101562,3340.843017578125,495.0700073242187,-493.4923095703125,3475.25146484375,470.8917236328125,-542.9039306640625,3477.431396484375,410.6312255859375,-615.6904907226562,3396.0771484375,521.8741455078125,-536.7454833984375,3474.70654296875,573.5147705078125,-614.7618408203125,3386.0830078125
491.8374938964844,27.32427024841309,3406.114013671875,492.6822204589844,-145.88735961914062,3386.089111328125,493.1318359375,-281.8183288574219,3355.195068359375,480.2545166015625,-493.502685546875,3348.201171875,449.73687744140625,-456.6957092285156,3345.226318359375,317.6178894042969,-415.0854187011719,3326.95361328125,290.023681640625,-146.44650268554688,3322.622802734375,272.9449462890625,79.45704650878906,3330.538818359375,306.17071533203125,144.48818969726562,3389.904541015625,356.306884765625,233.8836212158203,3415.35986328125,374.2715759277344,169.94252014160156,3375.380615234375,515.1175537109375,-460.2934265136719,3351.43603515625,637.9797973632812,-424.8667907714844,3364.502197265625,742.4598999023438,-179.9064483642578,3433.8681640625,775.4313354492188,22.618606567382812,3536.787841796875,770.1354370117188,80.37910461425781,3619.87890625,758.62548828125,182.4157257080078,3635.1025390625,685.1715698242188,113.39716339111328,3486.460205078125,402.7302551269531,26.744953155517575,3407.365966796875,388.0386962890625,387.3204956054687,3558.575439453125,381.6050109863281,741.7109985351562,3677.7158203125,327.5100402832031,845.57568359375,3818.467041015625,572.189453125,27.84666633605957,3404.98486328125,588.9556274414062,417.5955810546875,3380.898193359375,585.68701171875,760.5256958007812,3222.234619140625,602.5672607421875,922.3006591796876,3266.08447265625,474.216796875,-572.4239501953125,3358.645263671875,416.6004028320313,-508.3657531738281,3489.95458984375,398.2706604003906,-558.0767211914062,3476.33447265625,384.7979431152344,-620.9441528320312,3370.419677734375,444.5652160644531,-549.9990234375,3496.404296875,534.859375,-613.4202270507812,3431.4208984375
482.40771484375,25.06768798828125,3439.18115234375,484.1537170410156,-147.864501953125,3420.619873046875,485.5150146484375,-283.7425537109375,3391.111328125,465.7146911621094,-494.2628173828125,3381.586181640625,436.6702575683594,-456.4939880371094,3377.9150390625,308.7331848144531,-408.7844848632813,3349.99072265625,280.0802001953125,-140.9384002685547,3354.7412109375,258.15264892578125,83.74787902832031,3367.6650390625,276.1815185546875,159.66453552246094,3419.8662109375,327.81793212890625,247.9952850341797,3444.949951171875,336.71331787109375,187.72906494140625,3419.326904296875,501.4667053222656,-462.3855285644531,3386.36328125,625.38916015625,-431.4870910644531,3397.652099609375,724.0123291015625,-184.3671112060547,3465.199951171875,765.8763427734375,19.83816909790039,3559.973876953125,760.3275756835938,81.98231506347656,3639.5029296875,745.9364013671875,184.52487182617188,3639.108642578125,678.2723388671875,109.63250732421876,3505.260498046875,393.5158081054687,24.16342544555664,3439.244140625,382.0789184570313,388.3196716308594,3579.224365234375,377.7646179199219,745.7387084960938,3685.843505859375,332.3099365234375,854.1654663085938,3825.61572265625,562.5654296875,25.88310432434082,3439.124267578125,589.9136962890625,413.9935302734375,3414.030029296875,584.2874755859375,747.4176025390625,3238.320068359375,604.0789794921875,909.0504760742188,3279.80712890625,456.6384582519531,-572.8212890625,3391.001708984375,438.6907348632813,-551.1959838867188,3545.121826171875,416.7180480957031,-596.27197265625,3523.6005859375,373.6202087402344,-628.412353515625,3412.311767578125,466.7428283691406,-590.9481811523438,3531.813720703125,534.4107055664062,-627.907470703125,3429.97119140625
473.626708984375,20.00861358642578,3471.13818359375,473.2249755859375,-153.60707092285156,3451.82080078125,473.18505859375,-288.8031005859375,3416.816162109375,451.7488403320313,-500.0559692382813,3406.656982421875,422.8310546875,-461.9055480957031,3403.240478515625,294.6766357421875,-411.0969848632813,3379.00390625,267.53076171875,-142.07920837402344,3389.381591796875,246.48114013671875,83.41960906982422,3406.198974609375,259.60223388671875,139.9925994873047,3480.476806640625,281.8779296875,233.3441619873047,3435.941162109375,326.9533386230469,191.43902587890625,3459.22802734375,487.9058532714844,-468.3121337890625,3411.380126953125,612.6738891601562,-438.6864318847656,3423.07958984375,711.8394775390625,-188.83238220214844,3484.3232421875,760.00634765625,18.07199478149414,3572.4150390625,749.56494140625,77.74945068359375,3653.875732421875,753.3155517578125,180.90965270996097,3666.494140625,676.938720703125,106.95672607421876,3506.9580078125,384.3541564941406,20.350988388061523,3469.917724609375,373.6189880371094,389.0185852050781,3602.682373046875,372.626220703125,749.8964233398438,3703.223876953125,308.8473815917969,849.9808959960938,3843.093994140625,554.127685546875,19.699878692626953,3472.23876953125,581.3041381835938,410.150146484375,3460.537109375,581.1659545898438,726.97021484375,3253.328125,609.438720703125,891.1112670898438,3280.558837890625,442.1197509765625,-578.9188842773438,3415.900390625,424.17279052734375,-572.5607299804688,3572.08447265625,399.8170471191406,-614.03125,3545.80419921875,355.6525573730469,-631.99072265625,3431.195556640625,450.2139587402344,-612.3621826171875,3554.647216796875,516.7896728515625,-642.268798828125,3449.140625
462.442626953125,17.170473098754883,3503.3408203125,461.6574096679687,-155.87490844726562,3482.88134765625,460.6310424804687,-290.46148681640625,3446.941650390625,439.3265686035156,-501.0764465332031,3434.56787109375,410.4086608886719,-463.013916015625,3431.93994140625,283.37982177734375,-409.9106140136719,3408.7294921875,253.308837890625,-142.0407257080078,3422.59912109375,228.061279296875,82.78587341308594,3434.2001953125,245.44845581054688,156.48391723632812,3489.98486328125,283.552978515625,244.84800720214844,3533.323974609375,310.5415344238281,183.03530883789065,3488.810791015625,475.4161682128906,-469.4314880371094,3439.238525390625,601.185302734375,-443.6591491699219,3443.365234375,694.3086547851562,-192.4971923828125,3505.6484375,743.83349609375,14.160513877868652,3592.056640625,751.06982421875,75.439208984375,3672.353271484375,743.817626953125,178.56442260742188,3663.745361328125,669.32763671875,118.61939239501952,3545.812744140625,373.40283203125,17.356033325195312,3505.188720703125,371.2065734863281,390.5304870605469,3621.93212890625,378.7944030761719,754.5958862304688,3705.85498046875,314.6669006347656,857.738037109375,3842.71337890625,542.7337036132812,17.00314712524414,3501.67431640625,575.9194946289062,406.1693420410156,3505.1953125,585.3573608398438,709.6043090820312,3280.6162109375,602.968505859375,876.7716674804688,3271.32373046875,429.9000549316406,-579.856201171875,3442.968994140625,441.77691650390625,-578.4765014648438,3599.461181640625,412.742919921875,-619.0034790039062,3577.026611328125,347.7939453125,-633.3017578125,3472.58154296875,463.7838745117187,-617.5917358398438,3576.238525390625,508.95941162109375,-644.0283813476562,3459.4619140625
454.3505859375,7.359921932220459,3535.860595703125,455.0270080566406,-166.17977905273438,3513.36279296875,456.0669250488281,-301.19024658203125,3476.72021484375,433.6725463867187,-512.0455322265625,3457.039306640625,404.8492736816406,-473.5979309082031,3455.47998046875,279.3690490722656,-413.6380310058594,3437.57373046875,238.67904663085935,-146.95933532714844,3464.002197265625,205.4730682373047,76.58253479003906,3490.130859375,220.78611755371097,163.38880920410156,3524.06005859375,260.2783508300781,245.05165100097656,3578.876953125,283.5849609375,164.3424072265625,3517.2197265625,470.0438232421875,-480.6376647949219,3463.05322265625,595.7637939453125,-452.17279052734375,3467.946533203125,683.8387451171875,-197.9840087890625,3530.46728515625,738.4351196289062,11.920392990112305,3608.1484375,732.2507934570312,76.1863021850586,3686.72314453125,722.972900390625,178.8479461669922,3671.63330078125,659.0545043945312,118.52207946777344,3561.334716796875,364.9450073242187,7.322493553161621,3533.461181640625,363.0086975097656,385.8240051269531,3638.001220703125,371.65478515625,753.3314819335938,3713.483642578125,295.34906005859375,852.2313842773438,3848.251708984375,534.9716186523438,7.393672466278076,3538.024169921875,571.19775390625,397.0699462890625,3564.55908203125,583.4030151367188,685.7129516601562,3318.898681640625,594.4046020507812,853.033203125,3297.315185546875,423.73675537109375,-591.3466186523438,3462.74462890625,430.7355041503906,-584.8923950195312,3620.072509765625,398.6698303222656,-623.6139526367188,3598.01318359375,335.7660827636719,-636.0648803710938,3491.4755859375,449.8382568359375,-626.9107666015625,3598.980224609375,496.2632141113281,-662.0671997070312,3484.41650390625
446.65289306640625,1.7791165113449097,3563.177001953125,441.7590637207031,-171.36102294921875,3539.921142578125,438.5138854980469,-305.6825256347656,3501.61328125,421.3318786621094,-516.8019409179688,3482.5556640625,391.6179504394531,-479.1251525878906,3480.8486328125,263.11688232421875,-425.8830871582031,3464.653076171875,219.42868041992188,-161.0713348388672,3499.937255859375,181.50157165527344,61.476768493652344,3525.5185546875,196.3043212890625,142.56137084960938,3571.385498046875,262.88421630859375,211.3238525390625,3616.58203125,238.5904235839844,168.73822021484375,3581.734375,456.8694458007813,-484.5386047363281,3488.513427734375,582.0562744140625,-454.4623718261719,3492.956298828125,668.1021728515625,-198.65736389160156,3549.857421875,720.8112182617188,13.883739471435549,3620.452880859375,710.9573364257812,75.19989013671875,3700.8173828125,699.8855590820312,172.51255798339844,3665.7119140625,647.5982055664062,117.12820434570312,3565.498291015625,357.41094970703125,4.627736568450928,3560.748779296875,355.0966491699219,385.33056640625,3654.829833984375,365.32958984375,754.2633056640625,3720.010009765625,296.3427429199219,872.1141357421875,3842.60546875,527.1263427734375,-0.7896097302436829,3565.366943359375,571.18115234375,384.8992614746094,3617.937744140625,592.71630859375,663.8887939453125,3362.71923828125,600.2608642578125,818.2184448242188,3294.650390625,413.34173583984375,-596.200927734375,3488.47607421875,399.0600280761719,-591.8232421875,3645.174560546875,373.2052001953125,-632.3743896484375,3618.841796875,326.0636291503906,-647.6468505859375,3504.973388671875,423.8352661132813,-631.9248046875,3626.55615234375,487.3714294433594,-661.668701171875,3519.07958984375
439.9188232421875,4.091843128204346,3591.903076171875,435.9928588867187,-170.1610565185547,3570.110595703125,434.5140075683594,-305.52874755859375,3532.785888671875,417.6462707519531,-516.8892211914062,3505.68896484375,387.6072387695313,-479.1212463378906,3506.094482421875,255.9320373535156,-432.9001159667969,3487.787109375,201.9020843505859,-169.7178497314453,3530.72412109375,156.4808349609375,51.20979309082031,3566.44384765625,169.64036560058594,122.7580337524414,3627.240234375,241.8377227783203,199.1595001220703,3643.63330078125,220.22238159179688,161.5763702392578,3616.62646484375,453.3611450195313,-484.555419921875,3512.1865234375,579.583251953125,-455.68316650390625,3512.343017578125,663.7388305664062,-198.37319946289065,3572.047607421875,714.1988525390625,13.562575340270996,3649.595458984375,709.2345581054688,80.15424346923828,3726.806396484375,692.0457153320312,172.50466918945312,3680.857666015625,634.7882080078125,119.71070098876952,3603.3076171875,350.454345703125,6.969339847564697,3585.01171875,351.95074462890625,391.1540222167969,3673.11767578125,366.3557739257813,763.1317138671875,3730.781005859375,291.3063659667969,874.9175415039062,3856.849365234375,520.5928955078125,1.497077703475952,3598.1171875,578.0745849609375,384.4521789550781,3669.319580078125,598.2195434570312,656.4039916992188,3403.730712890625,618.6504516601562,822.7366333007812,3376.985107421875,410.0479431152344,-596.9010009765625,3508.672119140625,374.8280334472656,-595.2305908203125,3662.90380859375,348.8228759765625,-632.3866577148438,3631.596435546875,316.23345947265625,-639.7461547851562,3511.33447265625,397.9720764160156,-637.3704223632812,3646.068603515625,472.73492431640625,-670.7904663085938,3546.3955078125
429.196044921875,0.7146086096763611,3614.700927734375,423.8756408691406,-174.0945281982422,3591.04345703125,421.6671142578125,-310.2504577636719,3554.12548828125,408.6602783203125,-523.1574096679688,3529.113037109375,377.81884765625,-485.7449340820313,3528.85498046875,245.4999542236328,-438.4553527832031,3512.959228515625,181.3376312255859,-179.08218383789062,3570.722900390625,130.8711700439453,36.024227142333984,3632.55810546875,155.83261108398438,119.55730438232422,3670.933837890625,231.1521148681641,185.89398193359375,3707.701171875,196.24560546875,144.84140014648438,3654.345703125,443.9149169921875,-489.9765930175781,3535.57373046875,569.7936401367188,-457.1404113769531,3536.316650390625,660.39404296875,-199.223876953125,3589.727783203125,717.3096313476562,14.043614387512209,3662.25390625,703.9733276367188,80.04988861083984,3739.61328125,693.6105346679688,171.75494384765625,3689.39794921875,657.2888793945312,137.262939453125,3695.62841796875,339.5750427246094,4.7117390632629395,3605.32080078125,348.5989990234375,392.2984924316406,3686.1123046875,369.1888427734375,766.828125,3736.567138671875,294.4055480957031,874.848388671875,3867.267578125,510.0111999511719,-2.889780282974243,3623.15966796875,564.4422607421875,378.6150512695313,3712.524658203125,591.6080932617188,651.0623168945312,3445.49267578125,612.9581298828125,819.9653930664062,3436.13427734375,402.4071350097656,-603.630859375,3532.9365234375,366.5916442871094,-595.85498046875,3687.611083984375,338.6067810058594,-632.5665283203125,3657.036376953125,305.9586486816406,-641.4610595703125,3536.2822265625,387.5924682617187,-639.8250732421875,3671.95947265625,461.1588745117187,-680.0928344726562,3573.1416015625
419.9446411132813,-3.214223146438598,3636.703369140625,415.0279541015625,-177.81411743164062,3610.930908203125,412.3717041015625,-314.26556396484375,3574.908203125,399.3190307617187,-527.529296875,3552.262939453125,368.5343627929687,-490.0579833984375,3551.156982421875,237.4728240966797,-439.1862182617187,3535.35400390625,172.60658264160156,-181.2346343994141,3598.967529296875,122.1193389892578,32.20269012451172,3666.66455078125,147.48760986328125,99.96414184570312,3728.683349609375,224.19187927246097,172.568359375,3711.934326171875,161.6444854736328,137.41424560546875,3630.7578125,434.5592041015625,-494.3141479492187,3558.78759765625,559.92333984375,-459.4209899902344,3561.099365234375,652.66259765625,-202.0396270751953,3614.05615234375,712.8543090820312,12.010857582092283,3681.798583984375,688.9901733398438,83.45333862304688,3751.4755859375,695.4608764648438,178.505126953125,3707.0712890625,647.3319091796875,140.23240661621094,3686.105712890625,330.0252685546875,0.3092377483844757,3629.987060546875,345.7457275390625,390.5340576171875,3696.67333984375,370.5374450683594,766.6047973632812,3733.055908203125,304.2458801269531,871.3228759765625,3870.9443359375,501.0289001464844,-6.391482353210449,3642.759521484375,549.7655639648438,369.8008117675781,3755.61328125,587.2672119140625,637.8626708984375,3485.17626953125,591.5313110351562,806.5116577148438,3459.947998046875,392.8756408691406,-607.9766235351562,3556.9677734375,347.3948059082031,-588.5279541015625,3708.10595703125,324.4228515625,-630.3748779296875,3680.007568359375,299.84783935546875,-653.7457885742188,3559.217529296875,372.8914184570313,-631.781005859375,3698.06689453125,455.3326721191406,-674.7123413085938,3607.659423828125
410.4864807128906,-7.012543678283691,3655.841552734375,407.5953674316406,-181.4592132568359,3630.007568359375,406.0617065429687,-319.01995849609375,3599.0859375,393.5263366699219,-532.2874145507812,3578.43310546875,362.6695861816406,-494.949951171875,3577.091552734375,232.16455078125,-442.9997253417969,3561.536376953125,165.73611450195312,-187.90530395507812,3633.2919921875,117.18846893310548,20.92389678955078,3714.588623046875,110.30818939208984,98.10333251953124,3769.889892578125,127.76097869873048,177.27992248535156,3700.33642578125,152.48602294921875,122.8248291015625,3642.64501953125,428.6602478027344,-498.9557189941406,3584.534912109375,553.5720825195312,-462.9179992675781,3585.73876953125,639.332763671875,-202.54241943359375,3634.061767578125,695.0809936523438,13.62764835357666,3697.91943359375,680.3422241210938,85.36708068847656,3769.629150390625,659.8180541992188,166.30523681640625,3705.9677734375,643.9473266601562,140.3656005859375,3712.723876953125,320.6008605957031,-4.581409931182861,3649.484375,339.5710754394531,385.8848876953125,3711.233154296875,369.1590270996094,761.7907104492188,3740.946044921875,289.1241149902344,867.8585205078125,3869.960693359375,491.5403137207031,-9.204804420471191,3661.57421875,529.5076904296875,355.8152770996094,3808.606689453125,559.9835205078125,636.5339965820312,3551.00732421875,553.7114868164062,805.7108154296875,3531.634521484375,387.3230285644531,-612.62060546875,3583.87939453125,351.8805236816406,-615.1610717773438,3738.712646484375,326.5050048828125,-652.239013671875,3706.413818359375,293.9721374511719,-657.5008544921875,3585.496826171875,375.9378051757813,-656.6200561523438,3720.86572265625,451.6747131347656,-686.4288940429688,3620.10400390625
400.55572509765625,-7.496238231658936,3678.20458984375,398.4725646972656,-181.1132049560547,3650.11083984375,397.8797302246094,-317.19500732421875,3614.705322265625,383.1553649902344,-529.8983764648438,3595.8916015625,352.7661437988281,-492.36090087890625,3594.295166015625,219.1039123535156,-450.09375,3579.787353515625,158.5018768310547,-197.2653045654297,3661.21044921875,116.38292694091795,9.272665023803713,3749.83740234375,94.91081237792967,78.6146011352539,3811.017822265625,106.29248809814452,159.28880310058594,3742.384033203125,115.78705596923828,120.9938507080078,3690.5361328125,418.5431518554687,-496.97216796875,3601.64453125,543.8582153320312,-464.0769653320313,3606.570068359375,628.7149658203125,-204.3863220214844,3655.760498046875,693.30810546875,12.171491622924805,3706.250732421875,679.9923095703125,81.92015838623047,3779.77734375,656.9683837890625,173.17820739746094,3733.8828125,636.6138305664062,131.00502014160156,3744.908935546875,310.9577941894531,-5.294841289520264,3671.24365234375,335.7912902832031,385.34478759765625,3721.8388671875,368.6155700683594,760.5830688476562,3741.740478515625,291.9578552246094,867.06787109375,3871.728515625,481.35015869140625,-9.481334686279297,3684.4814453125,526.87548828125,345.01629638671875,3850.91357421875,557.7979736328125,641.6571044921875,3613.564697265625,548.0157470703125,809.0480346679688,3585.98876953125,376.1541442871094,-609.8948974609375,3601.99658203125,325.46722412109375,-612.19384765625,3752.072509765625,299.9984130859375,-645.719970703125,3716.401611328125,279.4194030761719,-645.05126953125,3593.126708984375,346.9373474121094,-655.3535766601562,3735.39892578125,428.8470153808594,-690.3670654296875,3641.8564453125
397.76361083984375,-14.127089500427246,3692.94580078125,391.1912841796875,-187.6673583984375,3670.245849609375,386.5984802246094,-324.3136291503906,3640.05322265625,377.6034240722656,-536.1653442382812,3618.516357421875,346.2848205566406,-499.6394348144531,3617.912109375,213.0813140869141,-459.10260009765625,3600.35791015625,142.3482666015625,-210.53163146972656,3682.856201171875,96.14139556884766,-15.58545207977295,3791.046875,74.61339569091797,38.78936767578125,3865.317138671875,100.0299072265625,90.77786254882812,3954.219482421875,106.59608459472656,85.98623657226562,3846.12451171875,411.9904174804687,-502.4776611328125,3624.1865234375,535.750244140625,-465.7158508300781,3623.9091796875,619.7850952148438,-208.7802276611328,3681.614501953125,687.5834350585938,5.339250087738037,3733.781494140625,668.9130859375,75.73001861572266,3804.890625,651.9541625976562,160.813720703125,3747.05615234375,617.373046875,128.02401733398438,3737.927001953125,308.4360656738281,-10.191770553588867,3688.7236328125,330.6564636230469,379.097900390625,3737.894775390625,367.4095764160156,752.891845703125,3738.860107421875,286.4572448730469,864.411865234375,3860.653564453125,478.3141479492187,-17.675739288330078,3696.7529296875,507.63238525390625,320.019775390625,3894.813232421875,540.050048828125,640.5533447265625,3694.153076171875,520.4210815429688,803.0772705078125,3736.957763671875,372.9647521972656,-616.0646362304688,3623.560302734375,322.6588439941406,-617.8250732421875,3773.06298828125,294.66766357421875,-648.23486328125,3736.8544921875,274.1404113769531,-643.0535278320312,3614.2158203125,340.5156555175781,-661.9697875976562,3755.396484375,418.915283203125,-701.038330078125,3661.208740234375
398.7554931640625,-15.436956405639648,3715.662841796875,388.4518127441406,-189.26022338867188,3689.074462890625,381.597900390625,-326.04736328125,3656.3212890625,371.1754760742187,-539.294189453125,3637.197509765625,339.95745849609375,-502.3402099609375,3635.840087890625,205.40724182128903,-461.9783325195313,3622.117431640625,131.23004150390625,-215.23358154296875,3711.884521484375,87.48860931396484,-24.081663131713867,3830.1572265625,62.80934143066406,22.46101188659668,3909.30078125,75.78012084960938,67.17552185058594,4005.2919921875,90.90328216552734,64.5178451538086,3916.213623046875,405.9549255371094,-505.5985412597656,3642.810302734375,530.3970336914062,-468.6047973632813,3645.1328125,606.9735107421875,-208.36761474609375,3705.95556640625,670.8043823242188,8.703679084777832,3756.7744140625,660.8810424804688,81.95945739746094,3827.5859375,655.5853881835938,167.10614013671875,3766.6044921875,601.8291625976562,125.9219207763672,3710.48681640625,309.4812927246094,-8.69713306427002,3706.197021484375,330.708740234375,383.4503173828125,3750.972412109375,370.632080078125,759.0864868164062,3750.4189453125,281.6038818359375,873.520263671875,3865.27392578125,479.2579650878906,-21.514551162719727,3724.19873046875,506.0953369140625,315.0841369628906,3928.844970703125,535.5926513671875,660.0556640625,3768.09912109375,505.8169860839844,819.8082275390625,3818.631103515625,365.86724853515625,-619.5466918945312,3643.213623046875,310.6527404785156,-612.4727172851562,3791.78173828125,292.66351318359375,-654.082275390625,3760.17333984375,276.8959655761719,-672.0153198242188,3637.3056640625,339.8826599121094,-652.9553833007812,3781.003173828125,430.181396484375,-684.1864013671875,3693.794921875
393.056640625,-17.036590576171875,3742.561767578125,380.73724365234375,-190.1563415527344,3712.83740234375,372.6643371582031,-325.8480529785156,3676.244140625,364.1012268066406,-539.26318359375,3659.016357421875,332.4692077636719,-502.6705322265625,3658.153076171875,196.98556518554688,-464.2032470703125,3649.694580078125,113.22073364257812,-218.73890686035156,3734.08447265625,70.33872985839844,-34.98200988769531,3863.693115234375,50.75870132446289,11.217806816101074,3944.407470703125,46.871150970458984,82.71842956542969,4023.44189453125,62.210472106933594,32.964900970458984,3968.796875,398.627197265625,-505.1657104492187,3663.505859375,521.9898681640625,-464.7986755371094,3663.729248046875,602.1063842773438,-207.03616333007812,3729.850830078125,667.6490478515625,7.530942440032959,3788.195068359375,667.2596435546875,59.49177551269531,3876.352294921875,623.010009765625,117.24139404296876,3800.880859375,612.6292724609375,128.12770080566406,3798.1279296875,304.0597839355469,-8.884008407592773,3731.965087890625,330.93389892578125,384.2367248535156,3761.27001953125,371.0614318847656,759.6671142578125,3755.115478515625,272.71795654296875,873.6318969726562,3862.48974609375,473.30902099609375,-24.38813209533691,3752.117431640625,500.9065246582031,312.6292419433594,3955.701904296875,511.6641540527344,677.8888549804688,3845.785400390625,458.6907043457031,827.06201171875,3908.089111328125,359.820556640625,-619.48974609375,3665.77099609375,293.3645324707031,-628.2852783203125,3809.505859375,276.6656799316406,-664.9939575195312,3771.75,270.0682678222656,-667.256103515625,3646.822021484375,322.0981140136719,-668.2792358398438,3795.9990234375,417.9472961425781,-692.2666625976562,3712.57080078125
389.3386840820313,-20.14825439453125,3761.76416015625,374.6704406738281,-193.43045043945312,3732.8017578125,364.5843200683594,-329.74041748046875,3698.41796875,355.7581787109375,-543.6732177734375,3684.92822265625,324.2489318847656,-506.9673156738281,3682.509521484375,189.1858367919922,-469.03375244140625,3665.94970703125,101.98905181884766,-222.83253479003903,3745.6513671875,59.44752502441406,-48.6279296875,3888.38671875,40.977394104003906,-12.738924026489258,3974.556884765625,27.45173454284668,29.185161590576172,4071.823486328125,63.507049560546875,27.594085693359375,3981.436767578125,390.3057861328125,-509.55670166015625,3689.73486328125,513.2738647460938,-467.7178955078125,3693.856201171875,589.4931640625,-206.2775726318359,3750.939453125,649.8549194335938,11.148005485534668,3805.266357421875,643.7822265625,67.05503845214844,3890.908447265625,618.8199462890625,146.5486297607422,3827.0869140625,591.524658203125,137.20091247558594,3805.81396484375,300.41900634765625,-10.760541915893556,3750.63134765625,327.85980224609375,383.1108093261719,3775.423583984375,370.7236328125,758.4337768554688,3760.056640625,274.91943359375,875.2081298828125,3867.09228515625,469.52142333984375,-28.61356735229492,3771.802978515625,487.7760925292969,312.743896484375,3970.06396484375,509.9392395019531,691.7410278320312,3927.24072265625,470.5174560546875,822.71435546875,4028.741455078125,351.0139465332031,-623.8430786132812,3693.067626953125,314.2480163574219,-607.875732421875,3846.715087890625,297.4504699707031,-654.1185302734375,3821.4423828125,268.69573974609375,-685.7537231445312,3703.689208984375,346.4773864746094,-645.9627075195312,3835.55615234375,428.3193359375,-676.0606689453125,3739.852783203125
386.4147338867187,-20.340253829956055,3783.207763671875,371.2522888183594,-193.16867065429688,3755.14404296875,361.6792297363281,-328.4743347167969,3718.519287109375,353.6188049316406,-542.0250854492188,3710.060546875,322.173828125,-505.5884094238281,3706.1904296875,187.7822723388672,-471.03070068359375,3682.19873046875,101.57791137695312,-226.26007080078125,3764.43212890625,58.778472900390625,-56.38411712646485,3911.107421875,47.07557678222656,-20.057861328125,3997.94921875,36.18001174926758,25.05269241333008,4093.744384765625,77.57652282714844,14.689996719360352,4005.788818359375,387.8863830566406,-507.8154296875,3714.66259765625,511.9881591796875,-470.6691589355469,3716.1865234375,588.0831909179688,-211.44873046875,3779.0439453125,648.2057495117188,3.8395822048187256,3838.789794921875,640.9678955078125,76.59333801269531,3910.107177734375,616.8505859375,166.0640869140625,3861.5244140625,592.4759521484375,129.4026336669922,3859.81396484375,298.22509765625,-10.358234405517578,3769.381591796875,328.6871643066406,382.6423645019531,3781.63427734375,371.39501953125,756.5790405273438,3761.688232421875,273.27960205078125,873.17724609375,3865.784912109375,465.939208984375,-29.341482162475582,3795.67529296875,477.9447326660156,315.3966064453125,3985.949951171875,500.111328125,695.5436401367188,3993.1416015625,469.7218322753906,818.374755859375,4106.36181640625,348.9237365722656,-621.7389526367188,3720.01171875,335.0022277832031,-624.839111328125,3877.66259765625,308.24407958984375,-663.8192138671875,3849.294189453125,260.3167724609375,-672.72314453125,3734.318359375,359.1771545410156,-664.6168823242188,3856.904541015625,422.298583984375,-690.2673950195312,3747.284912109375
387.9912414550781,-21.228168487548828,3803.15234375,367.92041015625,-194.0111389160156,3779.234130859375,354.2537841796875,-329.8558654785156,3746.632568359375,352.048828125,-543.1873168945312,3734.84130859375,319.6488952636719,-507.6027526855469,3731.5263671875,184.6110076904297,-476.9179382324219,3706.692138671875,98.8484878540039,-232.74717712402344,3790.3095703125,54.605079650878906,-50.82122802734375,3920.886474609375,35.38962173461914,-15.382207870483398,4006.6533203125,33.233543395996094,17.99460220336914,4107.6005859375,68.40829467773438,24.613924026489254,4010.92236328125,385.33441162109375,-508.161376953125,3739.9931640625,509.9215393066406,-473.1664123535156,3742.26806640625,583.786376953125,-213.87973022460935,3806.346435546875,645.3480834960938,2.3917555809020996,3859.910888671875,634.0299682617188,74.62129211425781,3931.092529296875,609.1190795898438,164.26197814941406,3883.445068359375,584.1019287109375,127.53632354736328,3867.62255859375,300.0939636230469,-9.154022216796877,3789.688232421875,328.219482421875,383.8308715820313,3792.14697265625,368.0567626953125,757.3026123046875,3765.419189453125,276.4522399902344,880.90673828125,3867.027587890625,467.2520751953125,-32.11595916748047,3815.293212890625,464.4307861328125,315.826416015625,3999.218505859375,480.76458740234375,692.4255981445312,4051.059326171875,473.5715942382813,793.7583618164062,4186.90966796875,349.5396423339844,-623.0704956054688,3743.53369140625,319.15673828125,-633.3988037109375,3898.388916015625,296.51861572265625,-671.5699462890625,3865.7548828125,261.26361083984375,-676.3203125,3746.168701171875,346.3205261230469,-671.7007446289062,3878.696533203125,421.1972351074219,-691.2159423828125,3775.54638671875
386.4631958007813,-18.921554565429688,3825.652587890625,365.3002624511719,-191.25335693359375,3804.919677734375,351.2764587402344,-326.0247497558594,3770.54248046875,346.97283935546875,-538.5983276367188,3761.960205078125,315.0225830078125,-502.9033508300781,3758.359375,180.1752166748047,-469.3183898925781,3740.488037109375,87.74612426757812,-227.01654052734375,3818.63134765625,62.47758102416992,-57.65558624267578,3968.14990234375,41.502803802490234,-17.016132354736328,4050.708251953125,35.78615951538086,22.32044982910156,4148.87255859375,87.76781463623047,17.838119506835938,4055.286376953125,380.4880981445313,-503.9654235839844,3766.343017578125,503.30908203125,-465.5228271484375,3773.521728515625,577.2281494140625,-206.67120361328125,3834.2958984375,631.7230224609375,7.576704025268555,3898.50048828125,619.6817016601562,86.25652313232422,3961.67529296875,587.3775024414062,156.60032653808594,3892.0703125,628.1959228515625,111.2311782836914,3945.715087890625,298.7793273925781,-6.686262607574463,3813.45556640625,326.9316101074219,384.6407165527344,3807.849609375,372.1297302246094,754.6693115234375,3767.16259765625,278.33160400390625,875.6519165039062,3868.552490234375,465.5315856933594,-29.954652786254883,3836.6513671875,471.177001953125,320.8128356933594,4011.465087890625,484.3896179199219,685.8935546875,4112.13818359375,478.8919067382813,761.0028076171875,4263.35888671875,343.7775573730469,-617.9892578125,3771.810302734375,321.13043212890625,-617.9664916992188,3927.6689453125,299.4743347167969,-659.5995483398438,3899.25634765625,259.41168212890625,-675.5322875976562,3782.72412109375,349.5174255371094,-655.9305419921875,3909.659912109375,420.4415588378906,-679.0406494140625,3805.129638671875
383.8168029785156,-20.50662612915039,3849.739501953125,360.3313293457031,-192.68153381347656,3833.8037109375,345.7490234375,-325.82623291015625,3794.804443359375,343.02838134765625,-538.1163330078125,3790.533447265625,310.8843688964844,-502.812255859375,3786.201904296875,176.37176513671875,-472.27288818359375,3763.31494140625,86.11672973632812,-226.6741943359375,3831.080078125,59.54270935058594,-49.745975494384766,3970.558837890625,47.341094970703125,-12.337457656860352,4056.1298828125,52.40218734741211,39.09882736206055,4148.31787109375,45.039695739746094,19.620716094970703,4076.09521484375,376.2149353027344,-503.2269287109375,3794.2255859375,499.1778869628906,-465.6672058105469,3798.1162109375,579.5226440429688,-210.49842834472656,3863.54443359375,635.8745727539062,-1.4746636152267456,3940.413330078125,618.2235107421875,77.70469665527344,4001.265625,590.9675903320312,153.03199768066406,3935.123046875,618.4356079101562,108.58580780029295,3981.248291015625,296.3701477050781,-7.492504119873047,3838.00634765625,324.7982482910156,382.7739562988281,3823.54736328125,372.2768859863281,749.462158203125,3765.889404296875,279.7265319824219,870.69775390625,3867.43701171875,462.6712951660156,-32.24203109741211,3860.31982421875,471.97076416015625,323.01287841796875,4023.729736328125,483.1208190917969,674.5587768554688,4162.625,480.9231262207031,730.5458374023438,4321.62841796875,340.4183349609375,-617.1494750976562,3801.963134765625,315.7415771484375,-617.962890625,3957.181396484375,297.03692626953125,-660.8204345703125,3928.711669921875,259.6643981933594,-679.4647216796875,3811.961669921875,346.5229797363281,-654.1475219726562,3939.74609375,419.964599609375,-673.2848510742188,3836.484619140625
378.2799682617187,-18.115869522094727,3877.5361328125,355.8650817871094,-189.6914978027344,3857.412109375,340.97454833984375,-323.5082092285156,3821.83251953125,338.9266052246094,-535.3633422851562,3814.637451171875,306.7760009765625,-500.1543884277344,3810.490478515625,172.6082305908203,-467.84234619140625,3789.5576171875,84.35769653320312,-220.9428253173828,3853.271484375,63.724727630615234,-36.8602409362793,3983.5634765625,64.02734375,6.668329238891602,4066.903076171875,62.086029052734375,60.15317916870117,4157.82763671875,100.62830352783205,33.51959991455078,4087.70654296875,371.91650390625,-500.4939575195313,3819.1171875,494.0372619628906,-462.8101501464844,3831.592041015625,579.882080078125,-208.6334228515625,3891.6982421875,634.3470458984375,0.5690455436706543,3968.266357421875,621.7745361328125,65.72547149658203,4044.72119140625,594.2581787109375,165.7123565673828,4044.020751953125,603.4263305664062,106.31543731689452,4028.87353515625,290.904296875,-5.3653883934021,3866.148681640625,318.08294677734375,384.2536926269531,3850.05224609375,370.55560302734375,745.9740600585938,3772.819091796875,277.72308349609375,870.2705078125,3869.73779296875,457.0704650878906,-29.613536834716797,3887.804443359375,467.6685791015625,322.30755615234375,4056.6572265625,477.26519775390625,677.4343872070312,4184.34619140625,485.56744384765625,735.7706909179688,4341.9921875,336.4460754394531,-614.4175415039062,3824.93896484375,303.7264404296875,-635.5127563476562,3976.93359375,288.08355712890625,-674.865234375,3942.385009765625,257.6398010253906,-679.6253662109375,3822.498291015625,336.5730285644531,-668.2677001953125,3956.9267578125,415.84039306640625,-672.116455078125,3856.584716796875
370.788818359375,-16.21532440185547,3904.934326171875,352.9761047363281,-187.4576110839844,3883.788330078125,342.0992736816406,-321.6846618652344,3850.698486328125,340.6918640136719,-532.5731201171875,3841.66064453125,308.7743835449219,-497.5285034179687,3836.736083984375,175.546875,-464.1351318359375,3815.44287109375,83.41759490966797,-217.33807373046875,3868.293701171875,63.57991790771485,-29.890581130981445,3992.08056640625,53.960636138916016,18.4981746673584,4071.650390625,78.77522277832031,71.56119537353516,4158.86279296875,100.30054473876952,44.319580078125,4095.82421875,373.305908203125,-497.8414916992187,3847.54345703125,493.7769775390625,-457.0508728027344,3860.66796875,572.6949462890625,-203.9494171142578,3928.9228515625,626.81982421875,4.860565185546875,4003.875244140625,605.3820190429688,81.9196548461914,4065.22900390625,593.2392578125,177.7631378173828,4101.7041015625,591.9583740234375,99.79751586914062,4066.786376953125,284.31488037109375,-5.225144386291504,3888.778076171875,311.9158935546875,382.7355346679687,3873.603271484375,374.5071411132813,736.8390502929688,3778.366455078125,286.4491882324219,877.1627807617188,3854.07763671875,448.76617431640625,-26.125654220581055,3919.50341796875,435.1777038574219,334.1002502441406,4065.216552734375,428.63519287109375,691.677734375,4180.97119140625,370.4368896484375,791.5982055664062,4302.26904296875,338.0151062011719,-611.3807983398438,3851.15283203125,316.5071716308594,-616.1341552734375,4005.826904296875,290.4534606933594,-653.4570922851562,3975.997802734375,248.6002197265625,-659.3659057617188,3860.21435546875,340.2485046386719,-655.78173828125,3985.95654296875,407.098876953125,-681.4148559570312,3880.5908203125
363.44329833984375,-14.769529342651367,3936.520751953125,347.2974548339844,-186.4158935546875,3914.40625,338.53106689453125,-320.1512756347656,3877.70068359375,342.19793701171875,-531.3648071289062,3866.91064453125,309.4358825683594,-496.9723205566406,3861.984375,175.29934692382812,-466.2611999511719,3840.494384765625,90.12220001220705,-216.0191192626953,3891.589599609375,63.7714729309082,-21.894634246826172,4004.212890625,59.222618103027344,33.34707260131836,4079.904052734375,78.3243179321289,101.8599090576172,4157.51806640625,105.8235855102539,65.90767669677734,4098.47119140625,373.9952697753906,-495.8509216308594,3873.3720703125,494.6521606445313,-455.2058715820313,3887.745361328125,577.5619506835938,-204.72048950195312,3962.83642578125,624.310546875,-2.374500036239624,4058.931884765625,601.8521118164062,79.47484588623047,4113.70458984375,593.263916015625,171.3340301513672,4160.56494140625,574.405517578125,92.9834442138672,4110.80810546875,276.8536682128906,-4.440127849578857,3919.56640625,304.6587219238281,384.3761901855469,3906.22802734375,372.8300476074219,730.3375244140625,3785.3564453125,279.3421325683594,871.4810180664062,3853.5634765625,441.52496337890625,-24.08400535583496,3951.809326171875,419.30706787109375,337.5068664550781,4095.1982421875,414.5133361816406,706.679931640625,4169.85400390625,340.04766845703125,810.466796875,4278.86328125,341.3043212890625,-610.4525146484375,3875.7548828125,312.8937683105469,-620.6676025390625,4029.371826171875,297.1615295410156,-662.6551513671875,3998.33447265625,263.8717956542969,-676.8339233398438,3880.242431640625,345.7626037597656,-654.1922607421875,4011.02587890625,422.36322021484375,-664.1622314453125,3909.40087890625
359.217529296875,-18.041711807250977,3963.64990234375,342.6287536621094,-189.91143798828125,3942.823486328125,332.6164245605469,-324.07666015625,3907.727783203125,339.109375,-535.47216796875,3899.727783203125,305.94940185546875,-501.5522155761719,3893.981201171875,172.82090759277344,-468.5198059082031,3869.357421875,97.89472198486328,-216.17019653320312,3926.618896484375,61.10595703125,-7.786125183105469,4006.281005859375,63.81120681762695,56.3136100769043,4074.80712890625,88.26232147216797,131.67984008789062,4144.21923828125,111.99652862548828,84.60594940185547,4092.26025390625,370.3927612304687,-499.4485473632813,3906.08837890625,490.5521545410156,-458.7143859863281,3924.491455078125,572.4818725585938,-206.99822998046875,3997.09716796875,620.1428833007812,-0.650748610496521,4084.1318359375,595.2459716796875,75.03285217285156,4146.3251953125,593.5281982421875,167.89451599121094,4192.087890625,572.1026000976562,90.14256286621094,4144.8701171875,271.9550476074219,-7.970442295074463,3950.0439453125,298.0151062011719,381.3505554199219,3942.296142578125,371.0054016113281,715.1969604492188,3792.861572265625,282.1286926269531,862.6339111328125,3853.824951171875,437.9059753417969,-27.12341690063477,3975.9189453125,423.361328125,334.9228515625,4119.77099609375,417.0004577636719,703.1483764648438,4199.91796875,371.8579406738281,792.013671875,4335.18994140625,339.1252746582031,-614.4912719726562,3909.596923828125,315.586181640625,-623.2481689453125,4064.218994140625,296.8990478515625,-664.5386352539062,4033.83447265625,258.9244079589844,-677.33154296875,3916.9267578125,346.27142333984375,-658.2671508789062,4044.829833984375,418.83343505859375,-671.81298828125,3940.5927734375
353.9070739746094,-22.43672561645508,3996.6953125,337.1327209472656,-192.14710998535156,3970.8154296875,327.55755615234375,-323.791015625,3930.892333984375,339.0589294433594,-533.2761840820312,3924.239501953125,305.4183044433594,-500.4649658203125,3918.114990234375,171.98477172851562,-469.397705078125,3899.86865234375,96.99372863769533,-216.7097015380859,3943.568359375,64.19904327392578,-8.472204208374023,4020.0390625,70.39722442626953,65.81803131103516,4075.8076171875,104.01605987548828,138.8553009033203,4142.5126953125,108.2075653076172,90.56394958496094,4090.17333984375,369.1777038574219,-496.7810668945313,3930.550537109375,486.5010986328125,-451.7644653320313,3949.935302734375,568.1237182617188,-206.5021820068359,4035.347900390625,628.3229370117188,-3.6097021102905273,4117.67626953125,592.9423828125,70.7630844116211,4174.82080078125,544.1212768554688,155.57530212402344,4205.9384765625,531.7841186523438,71.8486328125,4170.88916015625,267.69525146484375,-11.63912868499756,3981.767822265625,290.3287658691406,374.7431640625,3978.288330078125,372.62164306640625,695.9683227539062,3814.35009765625,282.3115234375,844.9929809570312,3863.774658203125,431.6480712890625,-32.17339324951172,4010.15625,407.4530029296875,328.75335693359375,4146.68408203125,400.796142578125,700.2760009765625,4187.35498046875,329.1527404785156,789.8521728515625,4308.24462890625,340.8778076171875,-611.5653686523438,3934.4892578125,321.69830322265625,-608.4171142578125,4088.629150390625,287.4391784667969,-639.1177978515625,4060.127685546875,243.55458068847656,-637.3816528320312,3945.698486328125,335.26849365234375,-652.572021484375,4069.435546875,392.2518005371094,-694.5888671875,3964.390869140625
346.5213317871094,-24.984668731689453,4033.41015625,335.30804443359375,-196.06385803222656,4003.4140625,329.19476318359375,-329.51116943359375,3964.4814453125,340.0966491699219,-540.8524169921875,3955.67626953125,306.0733947753906,-507.6190185546875,3950.720703125,172.80972290039062,-471.6148376464844,3930.86279296875,104.71643829345705,-212.78781127929688,3963.32861328125,60.6834716796875,2.8956830501556396,4015.691650390625,63.61086654663086,74.11634063720703,4076.8818359375,100.69486236572266,129.15843200683594,4158.783203125,112.00662231445312,97.72139739990234,4057.588623046875,370.7423400878906,-504.1488342285156,3961.50537109375,487.9191284179687,-454.1438293457031,3976.67138671875,556.55078125,-206.5834197998047,4073.943603515625,613.025146484375,-0.5008876323699951,4156.6796875,612.1583862304688,68.61711120605469,4230.525390625,582.061767578125,167.48460388183594,4238.0078125,579.8043212890625,99.09101104736328,4229.91455078125,259.20086669921875,-16.66600227355957,4018.608154296875,276.31231689453125,373.3954162597656,4028.515869140625,364.84954833984375,674.6354370117188,3826.683349609375,281.1747741699219,833.4761962890625,3860.91064453125,425.2620239257813,-32.48597717285156,4046.7578125,416.7191162109375,332.6047058105469,4184.04052734375,407.4281921386719,709.6682739257812,4182.00927734375,373.4779357910156,805.0931396484375,4316.2373046875,342.0272216796875,-619.9382934570312,3965.30126953125,331.2464599609375,-613.6029663085938,4121.568359375,324.2047424316406,-662.3969116210938,4098.08740234375,285.1435241699219,-701.9014282226562,3987.590087890625,369.945068359375,-640.46923828125,4103.44921875,437.07861328125,-646.5501098632812,3994.845947265625
339.4375305175781,-36.68551254272461,4062.954833984375,333.81671142578125,-204.76593017578125,4030.959716796875,333.2071228027344,-334.57415771484375,3987.60302734375,342.97308349609375,-542.5098876953125,3979.427001953125,309.6275634765625,-509.6883239746094,3974.64208984375,179.0790557861328,-472.157958984375,3955.549072265625,111.49317169189452,-216.5153656005859,3975.361083984375,66.80339813232422,-2.080932140350342,4014.760009765625,70.44674682617188,72.51811981201172,4069.158447265625,94.76268005371094,147.88771057128906,4136.0810546875,117.48326873779295,95.16365814208984,4042.548095703125,373.30279541015625,-506.5276489257813,3984.909423828125,488.7268676757813,-457.882568359375,4000.252197265625,557.3123779296875,-216.6804962158203,4100.83447265625,609.1351318359375,-18.200830459594727,4194.18212890625,594.28662109375,54.41725540161133,4260.54443359375,585.1226196289062,155.74609375,4266.474609375,556.8536376953125,90.15828704833984,4244.34423828125,253.85427856445312,-30.563396453857425,4045.828857421875,248.70849609375,352.6401062011719,4072.217041015625,339.0462646484375,641.9805297851562,3865.090087890625,296.6942138671875,816.6527709960938,3861.82275390625,416.6117248535156,-42.20608901977539,4078.398193359375,410.7120056152344,322.3996276855469,4197.88916015625,412.7677612304687,691.4736328125,4235.45458984375,397.1636657714844,790.8052978515625,4366.77099609375,344.5801086425781,-620.2794189453125,3989.0859375,330.7723388671875,-607.4945068359375,4142.1240234375,304.4751281738281,-647.9049682617188,4118.45849609375,257.8936462402344,-667.6494750976562,4007.83349609375,354.0698547363281,-648.2691040039062,4126.02099609375,415.52972412109375,-684.4676513671875,4022.490966796875
333.6811218261719,-46.49139404296875,4086.20556640625,328.4877624511719,-212.4282684326172,4054.873046875,327.1015319824219,-340.29266357421875,4011.378662109375,335.9835510253906,-545.5942993164062,4004.854248046875,303.21820068359375,-513.1129760742188,3999.76318359375,174.92811584472656,-479.0574951171875,3973.150146484375,117.71774291992188,-225.0451202392578,3999.39111328125,69.63967895507812,-11.847406387329102,4021.253662109375,69.43215942382812,67.32987976074219,4066.48974609375,95.32709503173828,136.54052734375,4137.27197265625,115.4881820678711,86.85800170898438,4052.77587890625,366.0304870605469,-510.1586608886719,4010.123291015625,481.6372985839844,-466.2035827636719,4024.7216796875,549.0189819335938,-230.21434020996097,4128.9736328125,603.3295288085938,-34.31239700317383,4219.22119140625,586.7838745117188,46.26359939575195,4272.8310546875,581.3157348632812,140.40467834472656,4307.81591796875,527.8853149414062,82.33324432373047,4207.0986328125,248.2460479736328,-41.63692092895508,4074.657470703125,233.15240478515625,333.52471923828125,4127.13427734375,308.98748779296875,617.19677734375,3914.878662109375,299.29876708984375,792.566162109375,3889.86572265625,410.7217102050781,-50.86888885498047,4096.619140625,407.6054382324219,305.7550354003906,4224.00927734375,410.4378967285156,671.7213134765625,4213.505859375,404.1654052734375,794.151123046875,4321.27490234375,337.2371826171875,-622.2786254882812,4014.95556640625,297.471923828125,-622.1270141601562,4161.83935546875,295.76458740234375,-668.5924072265625,4136.39111328125,279.84466552734375,-702.881591796875,4022.446533203125,338.0489196777344,-647.3219604492188,4150.919921875,422.4939270019531,-648.7859497070312,4060.025634765625
336.2532043457031,-56.02832794189453,4114.73193359375,331.3799133300781,-223.3524627685547,4082.990234375,330.3172912597656,-352.1427307128906,4038.663818359375,340.3631286621094,-559.2353515625,4038.6953125,307.2889709472656,-526.8273315429688,4031.84423828125,178.35362243652344,-491.66943359375,4003.9638671875,115.31859588623048,-235.4172210693359,4006.911376953125,70.4964599609375,-19.61298370361328,4028.861083984375,77.48710632324219,65.61143493652344,4062.692626953125,104.47469329833984,131.5789794921875,4137.31591796875,119.83049011230467,81.40443420410156,4058.40771484375,370.378662109375,-523.1945190429688,4043.546142578125,486.0852966308594,-478.9565734863281,4064.248046875,545.7461547851562,-233.71873474121097,4157.01904296875,582.41796875,-32.84528732299805,4249.84814453125,579.199462890625,44.72051239013672,4311.3076171875,581.1063232421875,124.07115173339844,4374.458984375,515.0424194335938,50.39543533325195,4167.841796875,250.0853271484375,-51.30982208251953,4103.087890625,220.0869140625,322.9244079589844,4175.32568359375,285.7409362792969,600.6184692382812,3947.1181640625,295.963623046875,773.2321166992188,3901.198486328125,413.9545593261719,-60.2832145690918,4125.23193359375,403.6131896972656,303.62451171875,4240.64111328125,403.8495178222656,672.7716674804688,4233.07861328125,395.4400939941406,807.5032348632812,4327.26904296875,341.7623596191406,-636.2091064453125,4051.298095703125,317.98870849609375,-618.0073852539062,4201.8076171875,302.1282958984375,-664.1801147460938,4180.04052734375,266.5734558105469,-699.5830688476562,4069.859619140625,350.005859375,-653.53369140625,4189.39501953125,422.5161437988281,-681.47802734375,4091.32470703125
331.1908264160156,-54.319557189941406,4141.236328125,328.1794738769531,-221.29544067382812,4107.9873046875,328.1705322265625,-349.5823669433594,4062.444580078125,339.7782287597656,-556.4657592773438,4060.519775390625,306.50103759765625,-524.2620849609375,4053.8740234375,177.55467224121094,-496.0010986328125,4019.369140625,110.8223114013672,-240.96388244628903,4010.9697265625,68.15303802490234,-26.135459899902344,4043.13037109375,76.02186584472656,64.25611877441406,4057.773681640625,99.72107696533205,129.69862365722656,4133.8798828125,116.34859466552734,79.64193725585938,4054.447265625,369.48687744140625,-520.2685546875,4065.8134765625,485.041259765625,-474.97601318359375,4084.5576171875,541.0992431640625,-232.94662475585935,4187.04736328125,577.0443725585938,-34.81727981567383,4285.57373046875,570.04248046875,43.33791732788086,4345.869140625,564.6577758789062,114.64115142822266,4417.7255859375,511.1252136230469,55.7666130065918,4203.951171875,244.80538940429688,-50.77926254272461,4131.28076171875,212.2632293701172,318.9293212890625,4222.16064453125,274.4474182128906,595.9986572265625,3992.559814453125,280.6081237792969,770.7362060546875,3955.131591796875,409.08837890625,-57.511993408203125,4150.2138671875,406.7307434082031,309.77667236328125,4254.0498046875,403.75885009765625,678.6940307617188,4261.9482421875,403.0847473144531,798.753173828125,4374.41845703125,341.7183532714844,-633.5006713867188,4072.379638671875,334.75762939453125,-617.3167114257812,4224.7353515625,305.697998046875,-656.5557250976562,4203.05859375,254.06089782714844,-675.82763671875,4095.342041015625,355.2112121582031,-659.2860107421875,4208.6494140625,410.2838745117187,-700.2315673828125,4104.10791015625
333.83673095703125,-54.40064239501953,4163.5712890625,330.2440490722656,-221.6263732910156,4132.89111328125,330.14739990234375,-350.4290466308594,4089.389404296875,338.05023193359375,-557.1892700195312,4085.7705078125,305.47998046875,-524.3773193359375,4079.034912109375,176.16566467285156,-497.4015502929687,4045.6103515625,116.5659408569336,-241.499755859375,4027.024169921875,79.6431884765625,-24.140119552612305,4043.388916015625,93.8391571044922,63.71278381347656,4065.859375,110.1817626953125,134.49693298339844,4138.87158203125,122.45984649658205,84.82276916503906,4078.727783203125,368.2997131347656,-521.6287231445312,4091.7197265625,484.0989685058594,-477.7989501953125,4111.29736328125,544.2779541015625,-235.49594116210935,4209.79150390625,580.986572265625,-37.53110885620117,4307.689453125,566.5691528320312,38.2056884765625,4369.51904296875,560.650146484375,119.40834045410156,4429.68896484375,512.64453125,38.87213897705078,4220.4697265625,247.78729248046875,-50.43023681640625,4152.0068359375,207.54962158203125,312.4228515625,4263.0654296875,266.233154296875,588.4329833984375,4032.04150390625,266.92059326171875,759.2100219726562,3979.868896484375,411.4312744140625,-57.98093032836914,4174.0,400.8096008300781,310.93597412109375,4269.33984375,394.5494384765625,677.9240112304688,4236.314453125,374.9419250488281,825.0136108398438,4306.8310546875,338.4674072265625,-634.2440795898438,4096.9541015625,326.6407165527344,-629.9937133789062,4249.60546875,308.46356201171875,-673.7098999023438,4225.009765625,264.0789489746094,-698.3094482421875,4115.34375,356.98797607421875,-664.4111938476562,4231.5361328125,421.17724609375,-683.6493530273438,4126.14794921875
330.53857421875,-59.725223541259766,4187.15673828125,327.6382141113281,-227.06678771972656,4157.53564453125,328.0727844238281,-356.5387268066406,4116.29931640625,337.16680908203125,-563.1039428710938,4110.859375,304.544921875,-530.4209594726562,4103.9150390625,177.7868194580078,-503.1136169433594,4062.264892578125,119.88320922851562,-247.1455993652344,4041.294189453125,81.18391418457031,-29.810861587524418,4051.0009765625,103.6129913330078,53.71549606323242,4081.59912109375,128.79803466796875,138.3505401611328,4134.5146484375,130.20179748535156,71.1045150756836,4102.44873046875,367.1055603027344,-527.4584350585938,4117.625,482.2604370117187,-481.322021484375,4135.18896484375,548.7901000976562,-239.78561401367188,4231.072265625,578.5731201171875,-47.125980377197266,4340.9150390625,569.1021118164062,29.693235397338867,4402.28271484375,554.6622924804688,96.4175796508789,4476.9697265625,513.7640991210938,46.118011474609375,4263.0537109375,244.6617889404297,-56.01411819458008,4174.599609375,186.9727325439453,297.3232421875,4306.09521484375,234.8732147216797,592.954345703125,4098.32373046875,226.9875640869141,768.4075927734375,4066.56591796875,407.9774169921875,-63.07168960571289,4198.4794921875,393.97271728515625,308.1446228027344,4283.07080078125,395.8412780761719,675.0748291015625,4250.98095703125,371.4021911621094,829.4750366210938,4301.2607421875,337.8291931152344,-640.2188720703125,4121.3154296875,328.0139465332031,-629.3616943359375,4273.703125,314.8821716308594,-676.159423828125,4251.77001953125,272.08349609375,-711.6567993164062,4144.55517578125,361.9968566894531,-660.7753295898438,4256.73583984375,426.3229675292969,-677.69921875,4151.1103515625
328.0854797363281,-62.28502655029297,4208.85693359375,327.7479553222656,-230.40196228027344,4179.7783203125,330.17913818359375,-360.3761291503906,4138.48583984375,336.2032470703125,-567.8859252929688,4135.21875,304.1581726074219,-534.6495971679688,4127.11669921875,177.6989288330078,-503.962646484375,4085.216064453125,117.89991760253906,-247.9900360107422,4057.972412109375,79.52310180664062,-29.54939079284668,4060.9736328125,103.8253173828125,43.16361999511719,4111.986328125,137.48312377929688,128.631591796875,4159.31982421875,139.20834350585938,41.37763595581055,4140.0380859375,366.6313781738281,-532.5059204101562,4142.42578125,481.2367858886719,-486.4678039550781,4166.16064453125,548.7169799804688,-241.7423095703125,4255.95751953125,580.0252075195312,-43.16544342041016,4356.150390625,571.0232543945312,28.887115478515625,4423.6669921875,557.131103515625,88.23121643066406,4504.919921875,509.5301208496094,46.223690032958984,4281.00244140625,241.79591369628903,-59.97564697265625,4196.50732421875,171.22219848632812,287.8214111328125,4340.14111328125,221.4543609619141,596.1137084960938,4149.6015625,202.40480041503903,774.22705078125,4146.443359375,405.8965759277344,-64.36749267578125,4219.99365234375,390.3340759277344,310.8021240234375,4292.5498046875,379.8236999511719,678.9813842773438,4260.3330078125,356.0919189453125,832.275390625,4316.08154296875,335.396728515625,-645.1879272460938,4146.45947265625,317.8669738769531,-631.0607299804688,4298.47216796875,300.4906921386719,-676.437255859375,4276.0166015625,260.032958984375,-708.2042236328125,4166.2353515625,348.9125061035156,-666.66259765625,4283.75,417.1595153808594,-692.6901245117188,4181.943359375
323.87139892578125,-62.65324401855469,4228.96484375,323.9000244140625,-231.36422729492188,4200.42333984375,326.3941345214844,-362.3023681640625,4160.9111328125,332.6746520996094,-570.3143920898438,4153.90576171875,300.4541320800781,-536.8851318359375,4146.5390625,174.58360290527344,-505.2843627929687,4102.31494140625,112.90409088134766,-248.400146484375,4081.062744140625,67.68424224853516,-30.621021270751953,4077.732177734375,88.20514678955078,46.448509216308594,4124.29833984375,116.04903411865234,141.33717346191406,4155.29833984375,129.76055908203125,43.802860260009766,4150.841796875,363.1842956542969,-534.9255981445312,4161.60595703125,477.4172058105469,-485.9616088867187,4183.1103515625,546.3486938476562,-240.65017700195312,4272.54931640625,570.702392578125,-45.154972076416016,4381.787109375,574.337890625,29.14367294311523,4447.77783203125,565.5433959960938,85.26314544677734,4532.3349609375,509.48095703125,47.62596130371094,4304.609375,237.3167266845703,-60.583030700683594,4216.64111328125,164.7598876953125,282.66900634765625,4372.6494140625,211.4125213623047,605.7073974609375,4204.95947265625,187.6529998779297,782.8673706054688,4223.21826171875,401.9215698242187,-64.5200424194336,4240.078125,385.299560546875,313.56097412109375,4302.4189453125,379.3015441894531,682.2694702148438,4263.484375,357.81817626953125,838.0747680664062,4314.38720703125,332.0195007324219,-648.0294189453125,4163.80419921875,299.6309509277344,-633.8265991210938,4313.8076171875,289.5262451171875,-681.3525390625,4290.98193359375,262.651123046875,-719.225341796875,4178.61376953125,335.7926330566406,-665.9136962890625,4302.6259765625,415.4541015625,-685.4015502929688,4207.4150390625
310.8816223144531,-56.591285705566406,4255.3134765625,312.5259094238281,-226.2951507568359,4225.572265625,316.3919372558594,-358.6561584472656,4187.6376953125,325.8372497558594,-567.8280639648438,4176.65478515625,293.0688781738281,-534.4799194335938,4169.24365234375,165.32728576660156,-505.3438415527344,4125.73095703125,105.86691284179688,-246.2191619873047,4102.388671875,63.28252029418945,-26.341825485229492,4098.5283203125,82.14112854003906,49.07905578613281,4149.5615234375,110.66513061523438,144.29177856445312,4181.3564453125,130.51268005371094,42.21744155883789,4164.00390625,355.88958740234375,-531.9299926757812,4185.70947265625,471.6129760742187,-485.8404846191406,4210.50830078125,545.2108154296875,-238.1550140380859,4295.25390625,567.2900390625,-39.318115234375,4402.16064453125,559.5286254882812,33.32658767700195,4470.63525390625,542.8002319335938,89.44022369384766,4554.85498046875,508.8456726074219,39.15969467163086,4312.00390625,224.16262817382812,-54.767208099365234,4240.11083984375,175.14175415039062,286.8634338378906,4414.3759765625,200.9469451904297,625.4038696289062,4268.58837890625,115.81830596923828,783.7694702148438,4288.7783203125,389.0799255371094,-58.236141204833984,4269.02197265625,374.68212890625,324.7541198730469,4316.69091796875,373.6130676269531,694.8306274414062,4267.10009765625,346.17926025390625,843.5299072265625,4336.70751953125,326.0962219238281,-646.2659912109375,4185.0888671875,288.0660095214844,-633.3807373046875,4334.99169921875,281.108154296875,-681.7451171875,4311.87255859375,259.6177673339844,-721.453857421875,4198.0703125,326.43829345703125,-663.7808227539062,4324.990234375,410.528564453125,-679.4044189453125,4231.73779296875
309.5357666015625,-57.088172912597656,4273.646484375,309.1963195800781,-227.2980804443359,4243.58740234375,310.2641296386719,-361.3277587890625,4209.9912109375,320.63592529296875,-571.1503295898438,4199.56787109375,287.5212097167969,-537.8807983398438,4192.3876953125,162.2154083251953,-509.0921630859375,4140.9013671875,106.16616821289062,-247.4523162841797,4131.8955078125,61.640159606933594,-27.20741844177246,4130.33935546875,89.14390563964844,43.66032028198242,4184.41796875,121.79520416259766,136.44784545898438,4220.24365234375,133.14834594726562,15.896267890930176,4224.427734375,350.70697021484375,-534.9630126953125,4208.1962890625,468.6693420410156,-488.2702331542969,4219.94970703125,545.1050415039062,-241.31820678710935,4307.05908203125,567.37353515625,-45.626224517822266,4421.0244140625,549.357666015625,7.937751770019531,4504.0673828125,541.8748779296875,53.35795593261719,4596.09619140625,499.6465759277344,65.31786346435547,4404.85205078125,222.01312255859375,-54.83493423461914,4261.87548828125,177.3012237548828,281.6121520996094,4449.58740234375,198.8193359375,640.4522705078125,4359.2177734375,122.47164916992188,800.3767700195312,4398.423828125,388.4588012695313,-59.120018005371094,4284.2607421875,372.428955078125,325.62432861328125,4326.95361328125,372.8603210449219,695.0609741210938,4265.16162109375,346.57928466796875,846.167236328125,4331.2021484375,321.3716735839844,-649.8054809570312,4208.287109375,284.9764099121094,-640.7950439453125,4359.384765625,278.19091796875,-688.8255004882812,4335.14306640625,255.60531616210935,-726.1956176757812,4220.34716796875,323.6438293457031,-670.6519775390625,4348.1650390625,406.9767456054687,-683.2650756835938,4253.2470703125
297.2629699707031,-53.67561340332031,4300.921875,297.42413330078125,-227.6142578125,4272.13720703125,299.6971130371094,-363.8016662597656,4235.890625,307.0247497558594,-577.906982421875,4224.22216796875,273.8858337402344,-543.4005126953125,4216.65087890625,146.23800659179688,-506.9078674316406,4168.36865234375,95.96405792236328,-238.6897430419922,4157.95947265625,62.1780891418457,-12.162789344787598,4166.83935546875,90.21167755126952,51.824951171875,4231.45263671875,125.2352294921875,132.52618408203125,4291.97509765625,132.87197875976562,43.76049041748047,4255.90771484375,338.1617736816406,-541.5343627929688,4233.61865234375,457.3342895507813,-493.7244262695313,4253.671875,541.0418090820312,-241.51527404785156,4336.1875,561.9188842773438,-38.785831451416016,4447.2646484375,556.4554443359375,40.998260498046875,4511.31591796875,543.1097412109375,101.25041198730467,4596.2158203125,496.43011474609375,47.33104705810547,4357.16748046875,208.2670135498047,-51.451805114746094,4286.98583984375,162.39346313476562,299.8104248046875,4463.12646484375,166.5824737548828,674.157470703125,4410.2197265625,44.30207443237305,803.27880859375,4461.69091796875,377.5145263671875,-55.6809196472168,4313.48828125,358.1330871582031,338.0721740722656,4341.078125,354.7279052734375,714.92578125,4278.2646484375,325.4368896484375,847.3578491210938,4381.30126953125,306.3904113769531,-658.1844482421875,4232.68505859375,322.3863220214844,-631.2233276367188,4388.3564453125,298.9385681152344,-679.0106201171875,4373.31982421875,233.3009033203125,-718.6322631835938,4274.2412109375,349.7294006347656,-670.2217407226562,4369.7666015625,395.7053527832031,-707.5236206054688,4254.6181640625
288.0976257324219,-52.16048812866211,4319.046875,289.4821472167969,-224.48768615722656,4290.72509765625,292.1455383300781,-358.7029724121094,4252.34765625,296.411376953125,-570.8908081054688,4241.1044921875,263.8880920410156,-536.2980346679688,4234.189453125,135.83961486816406,-502.5867309570313,4188.9130859375,75.7227554321289,-239.0478515625,4178.3115234375,36.09244918823242,-16.56228256225586,4200.21728515625,78.28067016601562,39.958126068115234,4262.755859375,115.8519058227539,124.9096908569336,4313.35498046875,139.1317138671875,11.510047912597656,4261.26025390625,327.90179443359375,-535.24853515625,4249.71484375,447.4122619628906,-491.60491943359375,4269.3603515625,535.7470703125,-243.1665802001953,4349.67041015625,568.8338012695312,-39.54397201538086,4451.1923828125,556.1871948242188,28.198055267333984,4525.7060546875,542.796630859375,83.66809844970703,4612.6181640625,496.8113708496094,44.275848388671875,4369.46875,199.2588653564453,-51.45612716674805,4310.41796875,158.16622924804688,300.7989807128906,4477.1806640625,150.9185333251953,675.2135620117188,4483.0595703125,28.13200569152832,792.4247436523438,4552.46240234375,368.2074279785156,-52.7956428527832,4326.828125,356.0715026855469,338.0788269042969,4344.75439453125,350.34906005859375,709.8726196289062,4274.2080078125,354.9979553222656,833.3443603515625,4389.109375,294.9168395996094,-650.3814697265625,4249.67041015625,321.1371154785156,-623.8092651367188,4402.47802734375,298.4723815917969,-671.8405151367188,4389.0068359375,227.7709045410156,-712.845703125,4295.623046875,348.0723571777344,-661.4251098632812,4381.87109375,386.32867431640625,-696.33154296875,4264.53271484375
277.04205322265625,-52.16661071777344,4344.43310546875,280.9126281738281,-225.546142578125,4314.6923828125,285.2415771484375,-360.6885070800781,4275.89794921875,288.8708190917969,-574.5006103515625,4264.96533203125,255.87156677246097,-539.6339721679688,4259.28515625,124.73516082763672,-501.7229309082031,4224.01904296875,64.97856903076172,-235.9027557373047,4216.96630859375,29.584381103515625,-11.42929458618164,4243.14501953125,68.0058822631836,55.788692474365234,4298.1435546875,102.3816146850586,141.8878631591797,4350.701171875,142.32398986816406,26.27556610107422,4283.9853515625,320.9649658203125,-538.6004028320312,4272.20849609375,441.6139526367187,-497.0723571777344,4295.4951171875,530.392333984375,-244.2178649902344,4368.3037109375,559.701904296875,-36.82549285888672,4467.24267578125,552.4129638671875,30.00664329528809,4544.2919921875,554.2625732421875,94.13914489746094,4627.09521484375,487.5398864746094,61.214969635009766,4422.5205078125,187.431640625,-52.87540817260742,4336.9033203125,143.58299255371094,312.26416015625,4480.58544921875,112.88068389892578,681.7612915039062,4550.6904296875,70.75762939453125,799.3575439453125,4686.833984375,357.84771728515625,-51.52745819091797,4351.2236328125,354.109375,342.8130187988281,4357.59228515625,349.23626708984375,717.3568115234375,4286.2470703125,339.9316711425781,863.6217651367188,4372.37353515625,287.65667724609375,-654.5631713867188,4273.86279296875,311.3952941894531,-622.2825927734375,4427.1953125,289.7607421875,-671.5609130859375,4414.90771484375,220.70201110839844,-717.3917236328125,4321.29736328125,339.5975341796875,-660.245849609375,4408.0341796875,380.4830627441406,-698.3842163085938,4291.5361328125
262.2896423339844,-62.02037811279297,4355.93115234375,267.6492004394531,-234.66683959960935,4330.3251953125,272.6559753417969,-370.8043518066406,4299.84375,280.8780822753906,-583.13623046875,4301.15185546875,247.6109313964844,-549.6312255859375,4292.6533203125,119.5795669555664,-511.5268859863281,4251.02734375,48.33784866333008,-250.74362182617188,4242.482421875,33.80214309692383,-39.54035186767578,4324.43359375,63.25236892700195,46.45060348510742,4349.35302734375,102.51779174804688,141.77783203125,4372.9345703125,137.8966064453125,10.85315227508545,4296.75,311.77667236328125,-546.4722900390625,4307.18994140625,428.4063720703125,-498.052734375,4332.1171875,523.5173950195312,-245.30902099609375,4387.1171875,550.3275146484375,-33.947349548339844,4473.45751953125,539.3299560546875,45.44916915893555,4535.69287109375,531.1149291992188,105.70013427734376,4620.00732421875,487.6160583496094,68.06739044189453,4397.6455078125,173.31695556640625,-63.781394958496094,4349.18212890625,126.11000061035156,299.83990478515625,4487.3310546875,87.58598327636719,657.7156982421875,4590.62841796875,33.42221450805664,734.979248046875,4747.84814453125,342.5202331542969,-60.43238830566406,4362.01708984375,346.7294921875,330.9573059082031,4361.80078125,349.76806640625,701.4466552734375,4284.833984375,360.9692687988281,824.3915405273438,4399.8095703125,281.03131103515625,-661.9769287109375,4314.43701171875,298.38006591796875,-648.8439331054688,4470.20166015625,279.16314697265625,-696.4740600585938,4451.140625,215.4556884765625,-731.9729614257812,4350.755859375,328.36395263671875,-682.8455810546875,4447.63720703125,374.0891723632813,-704.290771484375,4329.76220703125
254.0034942626953,-60.78901290893555,4377.08544921875,260.4192199707031,-233.6015625,4353.02099609375,266.8835754394531,-369.7658996582031,4323.00830078125,270.4635009765625,-582.1543579101562,4318.26904296875,238.01795959472656,-547.6982421875,4310.45458984375,109.9998779296875,-507.04986572265625,4271.32080078125,40.12923812866211,-245.78872680664065,4270.44482421875,6.900824546813965,-30.145570755004883,4333.02783203125,20.868650436401367,50.76342010498047,4379.28125,84.25957489013672,130.8979949951172,4406.53369140625,119.29557800292967,21.14102554321289,4313.041015625,302.0931396484375,-546.3724975585938,4325.626953125,418.7511901855469,-498.94775390625,4352.205078125,514.0159301757812,-244.6867218017578,4399.2119140625,539.9653930664062,-31.14195251464844,4480.2099609375,530.4339599609375,51.3046760559082,4538.5830078125,519.4111938476562,115.32022857666016,4619.72900390625,477.8770446777344,79.36957550048828,4409.3369140625,165.50076293945312,-62.503299713134766,4365.80029296875,122.06612396240234,300.2817687988281,4507.22314453125,86.52786254882812,655.6021118164062,4619.84228515625,38.25839614868164,742.3840942382812,4773.96142578125,333.810302734375,-59.243160247802734,4387.2607421875,348.0583190917969,331.70306396484375,4375.962890625,349.7613220214844,699.3740844726562,4286.63916015625,365.0045471191406,827.1947631835938,4395.650390625,268.7759094238281,-661.318359375,4329.27685546875,282.0544738769531,-625.6920166015625,4481.87109375,265.14794921875,-676.285400390625,4469.4189453125,205.1761779785156,-728.1790161132812,4374.01025390625,313.84185791015625,-661.243408203125,4464.859375,363.029052734375,-697.1258544921875,4352.01171875
244.10171508789065,-62.69551086425781,4394.99169921875,249.4673309326172,-232.4731903076172,4374.365234375,255.2865447998047,-366.0539855957031,4345.46923828125,255.83998107910156,-574.2486572265625,4341.8271484375,224.3755798339844,-540.0806884765625,4334.57958984375,96.5727996826172,-506.3421020507813,4298.15966796875,26.01864242553711,-250.863525390625,4298.32373046875,-12.792147636413574,-37.7058219909668,4348.74560546875,5.975898265838623,26.351306915283203,4412.57275390625,74.80224609375,103.76116943359376,4415.8916015625,108.56803131103516,9.819976806640623,4331.66015625,287.4454650878906,-539.5802001953125,4348.28955078125,403.8958435058594,-497.6686706542969,4372.6240234375,498.667236328125,-247.6448974609375,4410.52978515625,529.2184448242188,-36.925048828125,4484.07861328125,524.8789672851562,48.67563247680664,4534.498046875,524.0227661132812,118.47382354736328,4608.68994140625,475.9830322265625,70.79556274414062,4412.5966796875,157.34715270996094,-64.10796356201172,4384.05029296875,114.24887084960938,292.18011474609375,4520.5419921875,79.43147277832031,641.2677612304688,4628.1474609375,28.912853240966797,724.8771362304688,4778.95068359375,322.3321228027344,-61.42184066772461,4404.85791015625,341.54766845703125,321.5049743652344,4394.4072265625,348.73419189453125,677.0728149414062,4289.42578125,359.1988525390625,817.1739501953125,4376.55029296875,253.31553649902344,-651.7474365234375,4353.04052734375,266.67266845703125,-626.5538330078125,4504.49755859375,241.12635803222656,-671.2503662109375,4489.2822265625,177.431396484375,-705.2794799804688,4391.46337890625,290.9688415527344,-666.18212890625,4487.13037109375,335.8630676269531,-705.5358276367188,4376.55419921875
232.2005920410156,-62.024410247802734,4419.4482421875,237.1749725341797,-232.5474395751953,4394.4609375,242.26889038085935,-366.89947509765625,4364.08203125,247.92918395996097,-576.5992431640625,4359.99169921875,215.32261657714844,-542.9451904296875,4353.05859375,82.15618133544922,-516.2574462890625,4327.74755859375,-5.330495357513428,-263.98443603515625,4322.4873046875,-31.484834671020508,-47.43549346923828,4374.11474609375,-28.87110137939453,-0.8490830659866333,4454.6318359375,33.354042053222656,81.5705337524414,4470.12158203125,42.03485107421875,44.113555908203125,4449.845703125,278.97149658203125,-540.9076538085938,4366.2685546875,393.573486328125,-491.2262268066406,4389.748046875,483.2729187011719,-238.38931274414065,4435.30029296875,514.5250854492188,-27.27206039428711,4512.603515625,516.5078735351562,61.54177474975586,4558.951171875,513.4214477539062,137.6033172607422,4627.80615234375,465.13665771484375,79.75267791748047,4429.583984375,144.6145477294922,-63.169403076171875,4409.82568359375,103.9876480102539,297.2810363769531,4544.40576171875,71.76219177246094,651.4197387695312,4645.71337890625,29.501813888549805,759.5213623046875,4784.66259765625,311.1807556152344,-60.99191665649414,4428.12548828125,336.534423828125,324.64990234375,4426.55615234375,349.36590576171875,671.5862426757812,4288.43310546875,337.6166076660156,837.7118530273438,4291.80615234375,247.4069671630859,-654.7478637695312,4371.15966796875,252.10601806640625,-639.6392211914062,4525.6455078125,224.4434814453125,-681.67919921875,4505.8095703125,164.9532012939453,-705.211669921875,4401.32470703125,274.9287414550781,-680.1201171875,4507.19384765625,324.8523254394531,-716.1843872070312,4396.55859375
221.62808227539065,-64.0541763305664,4439.34326171875,225.0511779785156,-234.59817504882812,4419.55908203125,228.9515686035156,-369.1814880371094,4392.748046875,229.5185546875,-578.1178588867188,4388.9501953125,197.91580200195312,-543.8262939453125,4381.79638671875,69.81635284423828,-514.1983032226562,4341.23046875,-9.254858016967772,-261.54901123046875,4367.04638671875,-50.43645095825195,-52.8200569152832,4434.689453125,-30.22376823425293,7.871657371520996,4501.7607421875,-36.37974548339844,71.88934326171875,4420.02294921875,-17.896461486816406,41.28229141235352,4520.4697265625,261.2528991699219,-543.3263549804688,4395.361328125,379.4813537597656,-499.3334655761719,4405.8525390625,466.8869323730469,-244.71401977539065,4437.18798828125,503.3873291015625,-31.13834571838379,4501.70361328125,512.785400390625,52.20901870727539,4555.779296875,516.9664306640625,119.09664154052734,4632.97900390625,456.3845520019531,80.24476623535156,4425.83837890625,134.3636474609375,-64.72168731689453,4429.99951171875,99.94938659667967,295.9450988769531,4561.22314453125,71.50418853759766,650.0185546875,4658.3857421875,31.861207962036133,760.94921875,4794.908203125,300.3182373046875,-63.45225143432617,4447.76953125,331.47760009765625,320.2035217285156,4449.34033203125,341.94769287109375,661.2828979492188,4300.87744140625,340.36572265625,826.2154541015625,4283.0166015625,227.0280303955078,-655.9015502929688,4400.15869140625,251.31976318359375,-627.86572265625,4550.3134765625,221.9247589111328,-671.267578125,4537.873046875,150.02931213378906,-703.4566650390625,4444.68359375,271.9449462890625,-669.5902709960938,4532.603515625,307.4592590332031,-714.706298828125,4420.31982421875
209.2951202392578,-71.53983306884766,4460.44091796875,211.1525421142578,-239.58551025390625,4439.79443359375,213.6706695556641,-372.0994567871094,4412.28515625,214.04193115234375,-578.1015625,4407.9521484375,182.44090270996097,-544.2897338867188,4403.25,53.433448791503906,-510.3982543945313,4378.4453125,-13.097651481628418,-259.5889587402344,4416.5615234375,-62.870113372802734,-49.613624572753906,4460.00830078125,-45.602725982666016,2.5271177291870117,4533.0498046875,-37.93863296508789,57.098670959472656,4446.56298828125,3.6843008995056152,37.73747634887695,4541.8994140625,245.69224548339844,-543.7952270507812,4412.09912109375,364.3670959472656,-506.2448425292969,4421.2880859375,450.2225341796875,-254.78887939453125,4449.75830078125,507.0257873535156,-43.74429702758789,4493.60595703125,506.42095947265625,35.65993118286133,4551.7197265625,505.1029357910156,106.75011444091795,4623.1708984375,442.0683898925781,62.49186325073242,4427.65185546875,123.13552856445312,-71.4990005493164,4452.357421875,89.23877716064453,285.4774169921875,4577.96728515625,69.99993133544922,640.6924438476562,4650.78076171875,36.754398345947266,767.3690185546875,4771.02978515625,286.9890441894531,-71.57665252685547,4467.73046875,324.3910827636719,305.8191223144531,4482.6259765625,341.27752685546875,632.6802978515625,4316.75,343.9861145019531,793.22412109375,4285.478515625,212.41876220703125,-654.8277587890625,4418.9443359375,238.34259033203125,-641.7473754882812,4568.65966796875,209.2525634765625,-683.2129516601562,4552.65087890625,137.1640167236328,-705.9930419921875,4459.0556640625,258.4955749511719,-680.9265747070312,4546.98291015625,292.0656433105469,-714.265380859375,4431.98681640625
196.67637634277344,-74.8970947265625,4483.72119140625,197.97100830078125,-243.21343994140625,4462.86181640625,200.5538024902344,-375.4507751464844,4432.98974609375,192.00975036621097,-581.5474853515625,4425.763671875,161.83314514160156,-546.2815551757812,4421.63134765625,37.88328170776367,-497.4498901367187,4394.76611328125,-29.39641571044922,-253.6650848388672,4465.91650390625,-57.44169616699219,-61.693878173828125,4570.70654296875,-71.03768157958984,-5.293298721313477,4641.52001953125,-74.9913101196289,11.9535551071167,4540.3291015625,-10.616931915283203,44.24667739868164,4645.4599609375,225.1784210205078,-548.6431274414062,4430.29345703125,343.9687194824219,-510.6023559570313,4438.85302734375,437.1898193359375,-260.1588439941406,4454.47509765625,484.8756103515625,-48.376708984375,4506.75732421875,487.1726989746094,33.113643646240234,4562.1630859375,486.2470703125,97.31085968017578,4640.09521484375,423.3796081542969,54.50999450683594,4433.36767578125,110.57085418701172,-74.32036590576172,4473.7236328125,80.7577133178711,287.1770324707031,4588.97900390625,64.10227966308594,643.300048828125,4661.0888671875,30.155696868896484,773.6788330078125,4777.57666015625,274.3215026855469,-75.41715240478516,4492.73681640625,317.3030090332031,301.58489990234375,4516.47119140625,338.82000732421875,621.1080322265625,4336.08056640625,344.0155029296875,779.19482421875,4293.2705078125,187.0984344482422,-658.4110107421875,4435.7041015625,218.274169921875,-615.955078125,4579.1025390625,191.20130920410156,-661.2974243164062,4572.56982421875,116.82240295410156,-705.2493896484375,4488.5380859375,240.0109405517578,-657.4172973632812,4564.0126953125,270.96722412109375,-709.9738159179688,4455.408203125
177.50296020507812,-81.84886169433594,4500.712890625,185.19667053222656,-249.4654235839844,4480.0517578125,191.53871154785156,-383.2294921875,4461.7783203125,187.3420867919922,-588.5657958984375,4449.72412109375,156.27841186523438,-554.067138671875,4448.22509765625,29.890209197998047,-506.6037902832031,4437.099609375,-48.66374969482422,-265.1056823730469,4500.99072265625,-98.9813003540039,-66.6114273071289,4580.8310546875,-81.76255798339844,2.054542303085327,4638.40576171875,-62.84855270385742,51.67218017578125,4550.85595703125,-29.32021713256836,30.75921630859375,4645.787109375,219.84576416015625,-555.0927734375,4453.21826171875,337.3919677734375,-513.8486328125,4456.73193359375,424.862548828125,-261.8291320800781,4462.064453125,461.3797912597656,-48.42258834838867,4513.65087890625,471.9466552734375,23.921520233154297,4579.283203125,482.6657104492187,91.95645141601562,4652.67333984375,413.8267822265625,53.72914505004883,4438.40576171875,91.68907165527344,-84.59036254882812,4490.998046875,74.359130859375,279.10296630859375,4597.5068359375,66.49635314941406,637.3305053710938,4652.8017578125,44.38642120361328,762.3429565429688,4776.89208984375,254.88510131835935,-79.37672424316406,4509.47265625,288.3530578613281,292.8487548828125,4572.20849609375,325.9288635253906,589.8311157226562,4360.9833984375,335.4784240722656,741.8079833984375,4301.91162109375,184.77919006347656,-665.4984130859375,4457.89599609375,209.52337646484375,-645.719482421875,4606.83642578125,180.2084197998047,-687.5466918945312,4592.5400390625,108.80413055419922,-713.9491577148438,4499.61083984375,229.44227600097656,-685.9944458007812,4587.21875,263.6032409667969,-724.9200439453125,4474.3779296875
156.9823760986328,-92.10792541503906,4513.19580078125,166.6792755126953,-258.9327697753906,4492.83251953125,174.4859161376953,-392.21734619140625,4475.90576171875,166.55885314941406,-596.894287109375,4472.46337890625,136.16665649414062,-562.0867309570312,4470.5068359375,11.572733879089355,-510.548583984375,4466.6025390625,-64.9035415649414,-272.01104736328125,4539.0205078125,-104.04804229736328,-77.57161712646484,4631.5302734375,-93.81209564208984,-1.075223088264465,4679.4814453125,-83.76602935791016,41.28403854370117,4587.283203125,-56.92879486083984,33.17731475830078,4688.77978515625,199.56341552734375,-564.0299072265625,4473.57470703125,316.4777526855469,-522.4400024414062,4474.09814453125,414.55511474609375,-275.5364685058594,4477.2119140625,461.236572265625,-63.83147811889648,4523.24658203125,471.4069213867187,21.404043197631836,4570.17919921875,471.05279541015625,94.56636810302734,4638.67041015625,427.85986328125,57.56663513183594,4458.7529296875,71.38571166992188,-96.14093780517578,4505.4755859375,67.79908752441406,267.4658203125,4607.82373046875,73.33563232421875,624.0972290039062,4663.64501953125,55.55486679077149,741.2855834960938,4794.7900390625,234.1686553955078,-88.47117614746094,4520.15771484375,285.7449645996094,272.2301025390625,4618.267578125,323.7484130859375,560.536376953125,4397.98486328125,336.42767333984375,709.6715698242188,4334.3486328125,162.99903869628906,-673.0490112304688,4483.82177734375,200.88877868652344,-640.8593139648438,4627.064453125,180.41049194335935,-688.6398315429688,4617.73193359375,106.15055847167967,-734.79150390625,4536.0947265625,226.73190307617188,-676.4627075195312,4605.90185546875,254.3287048339844,-712.2992553710938,4490.84228515625
149.145263671875,-92.80404663085938,4527.765625,157.8384246826172,-257.95440673828125,4505.6845703125,164.83099365234375,-389.922119140625,4487.59033203125,153.00277709960938,-592.3206176757812,4476.6494140625,123.5851821899414,-557.1777954101562,4475.74267578125,1.115739345550537,-503.56842041015625,4475.11083984375,-76.41387939453125,-278.7613220214844,4576.30908203125,-132.97158813476562,-92.61669158935548,4672.23095703125,-129.15174865722656,-65.85713195800781,4758.13232421875,-121.32654571533205,4.516877174377441,4686.03466796875,-84.2588119506836,-11.894163131713867,4771.630859375,186.3396759033203,-560.4725952148438,4479.20849609375,302.6112976074219,-520.4822387695312,4482.06884765625,397.96002197265625,-275.0640563964844,4486.51220703125,437.6544799804687,-65.34803009033203,4538.39501953125,443.3271484375,19.728317260742188,4584.564453125,437.8435974121094,91.04695892333984,4653.4833984375,394.7215576171875,58.08842849731445,4489.66748046875,64.37957763671875,-96.10359954833984,4519.07275390625,64.13239288330078,263.4591979980469,4623.4169921875,73.56844329833984,616.6461791992188,4679.95458984375,63.0369873046875,723.133056640625,4818.681640625,225.5821990966797,-89.82868957519531,4535.60498046875,276.680419921875,261.906005859375,4651.98046875,322.6601867675781,551.8610229492188,4440.92041015625,337.48870849609375,701.1448364257812,4381.9453125,147.888671875,-668.0746459960938,4485.091796875,202.3794403076172,-634.1036987304688,4620.9599609375,177.10409545898438,-679.6843872070312,4616.0986328125,91.87185668945312,-721.5673217773438,4545.12451171875,222.47634887695312,-672.457275390625,4599.3662109375,234.81146240234375,-714.9754638671875,4485.111328125
133.03489685058594,-95.70474243164062,4540.958984375,141.86114501953125,-261.1839904785156,4528.8818359375,149.4575653076172,-392.2548828125,4508.70654296875,148.06394958496094,-594.186767578125,4498.47265625,116.9752197265625,-560.7662963867188,4497.853515625,-10.590314865112305,-524.502197265625,4486.14990234375,-92.29400634765624,-301.86224365234375,4586.11279296875,-150.9271240234375,-117.95024871826172,4683.05712890625,-152.15855407714844,-46.367042541503906,4737.06494140625,-143.57127380371094,17.294891357421875,4659.60107421875,-112.28166198730467,-27.387895584106445,4765.76611328125,179.5936279296875,-560.7769775390625,4500.5185546875,295.9610595703125,-523.0092163085938,4494.7421875,389.8277893066406,-278.1690368652344,4491.75732421875,444.216064453125,-68.79850006103516,4524.228515625,443.7359313964844,11.97799301147461,4577.1328125,434.0286865234375,82.58373260498047,4645.72607421875,404.7530822753906,59.501461029052734,4496.2880859375,48.354713439941406,-99.86870574951172,4536.12646484375,61.48115539550781,262.47357177734375,4623.001953125,75.6368408203125,614.9924926757812,4672.95947265625,69.67411041259766,725.109130859375,4808.16259765625,209.3947601318359,-91.94991302490234,4545.31640625,273.9417724609375,248.1476593017578,4682.72021484375,310.3614807128906,538.0487670898438,4472.28759765625,324.3078918457031,686.762451171875,4413.482421875,147.01589965820312,-669.761962890625,4507.134765625,207.38604736328125,-666.086181640625,4644.0224609375,177.10787963867188,-706.9229736328125,4632.49169921875,86.67540740966797,-726.1976318359375,4559.07470703125,222.4885406494141,-701.9158325195312,4615.5634765625,227.66163635253903,-724.9265747070312,4495.8408203125
126.36406707763672,-95.98485565185548,4557.2314453125,133.9498291015625,-261.81109619140625,4543.44970703125,140.12388610839844,-393.8451843261719,4527.267578125,140.73716735839844,-596.3807373046875,4519.048828125,109.16432189941406,-563.31982421875,4521.15234375,-18.65463638305664,-527.7973022460938,4535.79931640625,-105.24876403808594,-300.85748291015625,4622.80078125,-154.2792205810547,-112.467529296875,4717.66552734375,-156.2478485107422,-46.81038665771485,4779.05126953125,-145.65440368652344,25.630430221557617,4709.63818359375,-114.4017105102539,-15.384815216064451,4798.76904296875,171.89610290527344,-562.4325561523438,4517.7109375,286.7374572753906,-520.9700317382812,4504.7177734375,380.6605224609375,-275.4446716308594,4501.91796875,428.9237365722656,-65.7810287475586,4544.3525390625,435.8343200683594,19.3337345123291,4589.94287109375,428.2454833984375,92.5632553100586,4656.376953125,398.1795654296875,62.16542434692383,4503.8662109375,41.339866638183594,-99.6923599243164,4555.04248046875,55.80952835083008,264.8100891113281,4636.52001953125,72.92906188964844,619.88720703125,4671.6005859375,68.4319839477539,736.7958984375,4801.625,203.0341339111328,-92.64163208007812,4559.20556640625,263.2693786621094,241.25408935546875,4715.07373046875,301.7576904296875,537.57080078125,4512.5458984375,315.3378601074219,687.2650146484375,4455.05712890625,141.6567840576172,-672.0568237304688,4528.48828125,202.8425445556641,-646.8925170898438,4663.142578125,176.01358032226562,-691.329345703125,4657.09423828125,86.70375061035156,-726.8839111328125,4588.0341796875,220.75848388671875,-684.5660400390625,4638.7880859375,226.85020446777344,-721.3154296875,4522.26806640625
117.65362548828124,-105.55186462402344,4570.8046875,121.8174285888672,-272.7362365722656,4553.61279296875,124.85337829589844,-405.4342956542969,4532.4970703125,131.18724060058594,-609.6989135742188,4542.03955078125,98.58496856689452,-577.0414428710938,4544.0283203125,-26.771045684814453,-536.8697509765625,4572.638671875,-114.77716827392578,-307.69317626953125,4659.49755859375,-141.4265594482422,-117.43879699707033,4763.7197265625,-142.31857299804688,-60.19306564331055,4834.1171875,-143.08116149902344,-0.9046084880828856,4751.3388671875,-105.1948699951172,-32.1840934753418,4858.3212890625,161.31402587890625,-574.9568481445312,4534.95703125,272.647216796875,-525.3837280273438,4512.4794921875,363.7018737792969,-276.1692810058594,4510.7958984375,416.4131774902344,-64.12348175048828,4546.06982421875,426.0223693847656,19.744117736816406,4595.2578125,420.9638366699219,91.1269760131836,4665.22900390625,401.7761840820313,70.69031524658203,4515.427734375,31.82062530517578,-108.00737762451172,4573.89501953125,47.97369766235352,262.55224609375,4642.7529296875,64.71318054199219,620.8382568359375,4679.2958984375,69.13524627685547,747.690185546875,4801.9912109375,195.05300903320312,-103.33761596679688,4568.01806640625,241.2883453369141,232.7884063720703,4732.00634765625,280.3478698730469,549.0238647460938,4555.36279296875,293.7337341308594,705.5476684570312,4514.1064453125,135.32308959960938,-684.873046875,4558.07373046875,186.1218719482422,-645.5463256835938,4695.19287109375,172.10845947265625,-695.9229125976562,4688.279296875,95.83334350585938,-753.740478515625,4616.79296875,214.0552215576172,-677.0552368164062,4670.619140625,231.54876708984375,-709.7275390625,4552.84716796875
111.59463500976562,-106.79464721679688,4581.85107421875,117.59551239013672,-273.9901428222656,4566.1123046875,122.15287017822266,-407.22125244140625,4549.49072265625,130.60162353515625,-611.5365600585938,4550.654296875,97.8324966430664,-579.3291625976562,4555.1611328125,-26.576377868652344,-543.7658081054688,4592.4140625,-126.58968353271484,-320.35064697265625,4680.92041015625,-168.80419921875,-132.70130920410156,4784.5146484375,-172.9738311767578,-55.08279800415039,4831.2509765625,-151.80381774902344,8.554302215576172,4754.6953125,-125.4217758178711,-28.691917419433594,4855.3310546875,160.1241455078125,-576.2550659179688,4543.83642578125,270.75921630859375,-525.9334106445312,4519.9287109375,356.92083740234375,-275.1183776855469,4517.44287109375,402.3824768066406,-62.727840423583984,4559.4599609375,399.65374755859375,24.39908218383789,4603.48779296875,386.7279968261719,97.92980194091795,4670.07763671875,366.8599853515625,66.44486236572266,4521.3349609375,25.91136932373047,-110.31371307373048,4586.5654296875,40.06610870361328,260.22467041015625,4655.04541015625,55.03603744506836,619.5670166015625,4677.76708984375,66.11775207519531,762.7493286132812,4780.29931640625,188.85899353027344,-103.62134552001952,4577.60009765625,243.2369842529297,227.7733459472656,4748.19677734375,262.3923645019531,563.8348388671875,4609.2373046875,270.61016845703125,724.354248046875,4586.36328125,135.98812866210938,-687.2046508789062,4563.5126953125,179.78602600097656,-635.60498046875,4698.89111328125,157.4329071044922,-683.330322265625,4697.44287109375,79.02206420898438,-738.1331787109375,4625.9833984375,203.62147521972656,-674.8658447265625,4682.6044921875,225.96405029296875,-728.39404296875,4573.67529296875
103.04983520507812,-105.06757354736328,4595.671875,110.03156280517578,-274.53857421875,4584.9873046875,114.43926239013672,-408.9666442871094,4565.76123046875,129.5801239013672,-615.152099609375,4571.35986328125,96.05875396728516,-583.4293823242188,4578.4404296875,-23.639060974121097,-551.860107421875,4635.1875,-131.66619873046875,-325.01983642578125,4713.75146484375,-149.23348999023438,-128.08551025390625,4812.3662109375,-166.21148681640625,-67.5557861328125,4879.16552734375,-142.7990264892578,4.89516544342041,4809.89794921875,-116.71749877929688,-17.78329849243164,4891.154296875,157.44439697265625,-578.83740234375,4560.53857421875,267.5880432128906,-530.1060791015625,4526.06787109375,355.0443420410156,-276.5816955566406,4521.3486328125,387.6270446777344,-62.8950309753418,4579.11279296875,380.2357482910156,30.26570701599121,4611.07177734375,360.6548767089844,112.62843322753906,4666.4765625,347.2953186035156,62.36824417114258,4536.26513671875,16.762792587280273,-109.19432067871094,4604.744140625,37.39186477661133,266.6939392089844,4665.73779296875,56.60617446899414,630.4620361328125,4677.509765625,70.66357421875,798.5932006835938,4735.669921875,180.8586578369141,-101.34630584716795,4587.4912109375,232.5330352783203,237.15809631347656,4754.43212890625,238.06724548339844,592.6522827148438,4658.3193359375,242.6468505859375,756.7645263671875,4655.93603515625,138.7307586669922,-691.0859375,4585.69873046875,182.0892639160156,-640.315185546875,4723.44482421875,168.0342254638672,-691.6171875,4719.765625,94.9426040649414,-755.6035766601562,4648.0205078125,211.53648376464844,-674.1202392578125,4702.97216796875,235.9857940673828,-716.7119750976562,4588.22802734375
103.88707733154295,-107.28318786621094,4610.04150390625,110.20050811767578,-276.50030517578125,4598.96875,112.7609405517578,-409.2565612792969,4571.1484375,124.4653778076172,-614.969970703125,4584.9345703125,91.42857360839844,-582.5195922851562,4590.33544921875,-31.210535049438477,-547.2950439453125,4637.322265625,-132.4300994873047,-322.708740234375,4729.01123046875,-158.89810180664062,-129.37583923339844,4831.9306640625,-175.28851318359375,-51.328495025634766,4876.97607421875,-141.57171630859375,11.467941284179688,4802.92626953125,-126.26119232177734,-23.700050354003903,4909.7353515625,153.0033721923828,-579.6022338867188,4573.087890625,263.7076416015625,-531.4812622070312,4540.2763671875,347.793212890625,-277.207275390625,4538.13623046875,394.9979248046875,-61.34638214111328,4571.09619140625,383.2714538574219,30.12543487548828,4606.041015625,366.9537353515625,111.17510223388672,4664.099609375,352.27923583984375,65.1844711303711,4541.35302734375,17.914228439331055,-111.19428253173828,4620.79248046875,35.5464973449707,265.14605712890625,4676.1064453125,50.88015365600586,628.7351684570312,4678.41650390625,62.84016418457031,801.1005859375,4722.0078125,181.41258239746097,-103.75638580322266,4600.34716796875,224.0329132080078,242.8244476318359,4751.197265625,226.90232849121097,608.7681884765625,4714.9287109375,233.692626953125,770.8953247070312,4738.32666015625,132.19395446777344,-690.3069458007812,4602.30615234375,195.0091552734375,-647.1824340820312,4734.8056640625,171.24038696289062,-694.8060302734375,4733.576171875,82.037841796875,-744.38232421875,4669.3466796875,215.75437927246097,-686.1964111328125,4713.14111328125,222.55340576171875,-734.0116577148438,4598.2548828125
100.94596862792967,-109.28655242919922,4622.3740234375,105.0985336303711,-278.2669982910156,4608.693359375,106.9559326171875,-411.78070068359375,4585.21875,124.87806701660156,-617.1472778320312,4594.8134765625,91.35012817382812,-585.7317504882812,4602.5400390625,-26.69304656982422,-553.337646484375,4661.5390625,-142.57318115234375,-337.9116516113281,4757.26416015625,-169.93711853027344,-148.7823486328125,4867.20751953125,-183.5985412597656,-58.59489822387695,4874.79833984375,-158.7130584716797,-2.5306754112243652,4792.4140625,-141.51795959472656,-39.84943771362305,4925.6845703125,151.755615234375,-580.8468627929688,4582.0615234375,260.81353759765625,-530.7225952148438,4547.1201171875,352.5126953125,-279.4373474121094,4538.046875,394.9274597167969,-67.39997863769531,4593.59619140625,384.7986145019531,25.032445907592773,4626.25341796875,364.76220703125,106.04942321777344,4683.06396484375,343.810302734375,53.487300872802734,4546.79931640625,14.863311767578123,-112.18536376953124,4632.05029296875,32.08182907104492,264.1643981933594,4685.67041015625,46.19287109375,627.52294921875,4679.86181640625,60.930877685546875,797.8240966796875,4729.775390625,178.57049560546875,-106.6725616455078,4613.6484375,222.64602661132812,243.30426025390625,4755.32666015625,223.04617309570312,610.5127563476562,4770.0703125,236.36663818359375,764.7891235351562,4823.5927734375,135.5448760986328,-692.4554443359375,4610.4365234375,194.2280731201172,-669.0469970703125,4749.50146484375,180.1156463623047,-718.8486938476562,4737.1982421875,99.67047119140624,-769.1455688476562,4662.90234375,221.20228576660156,-697.188232421875,4719.5166015625,232.34762573242188,-715.2876586914062,4596.8017578125
98.30008697509766,-110.13578033447266,4636.64453125,105.28862762451172,-279.6161804199219,4625.2548828125,107.18277740478516,-412.5517883300781,4597.03173828125,127.31919860839844,-618.0185546875,4610.40576171875,93.69210815429688,-586.6491088867188,4618.576171875,-23.53480529785156,-550.1949462890625,4677.61376953125,-133.12640380859375,-330.67022705078125,4773.2294921875,-171.22503662109375,-138.6559295654297,4875.8330078125,-168.5153045654297,-47.29785919189453,4883.9658203125,-140.57672119140625,-1.2066923379898071,4796.23193359375,-128.4323272705078,-35.15285110473633,4932.6298828125,153.50387573242188,-581.6851806640625,4595.98486328125,263.02386474609375,-534.5346069335938,4557.4228515625,350.4817810058594,-280.9227600097656,4552.46923828125,392.0827331542969,-66.17732238769531,4599.869140625,386.36322021484375,18.831127166748047,4649.890625,375.4873046875,96.53401947021484,4713.8232421875,343.1556701660156,55.44575881958008,4544.830078125,12.994729042053224,-114.71947479248048,4652.50927734375,31.75203514099121,264.2626953125,4691.9208984375,42.95289611816406,628.4656982421875,4679.57861328125,63.03098678588867,799.5811767578125,4726.328125,175.2236785888672,-106.00245666503906,4622.33837890625,211.4984130859375,249.103515625,4755.767578125,211.8058929443359,614.3064575195312,4804.34375,227.3521728515625,766.7127685546875,4863.5693359375,139.19915771484375,-693.0693359375,4627.30224609375,224.36817932128903,-674.4295043945312,4753.18212890625,209.8506317138672,-724.2371826171875,4740.8017578125,117.60340881347656,-774.3928833007812,4681.06591796875,245.718505859375,-699.5877075195312,4716.55029296875,232.1788787841797,-710.3838500976562,4592.90478515625
96.31339263916016,-108.34381103515624,4650.35205078125,107.25032043457033,-279.7025451660156,4640.48046875,110.8801498413086,-414.6912231445313,4614.5830078125,129.54367065429688,-621.5068359375,4640.7568359375,96.7112808227539,-588.6599731445312,4649.47021484375,-15.976608276367188,-541.2178344726562,4713.0546875,-133.49989318847656,-325.71466064453125,4816.58642578125,-163.16212463378906,-136.7083282470703,4932.31201171875,-167.43128967285156,-76.2052993774414,5002.587890625,-142.7135009765625,-20.958669662475582,4917.80517578125,-126.8866195678711,-36.38548278808594,5020.73974609375,155.26327514648438,-586.3174438476562,4621.6279296875,264.22113037109375,-539.7700805664062,4576.5146484375,342.9869079589844,-280.49420166015625,4560.5458984375,380.8323364257813,-59.26237869262695,4590.4384765625,379.5687255859375,19.6824893951416,4651.72998046875,375.8363342285156,93.5615005493164,4722.52490234375,331.7916564941406,57.775970458984375,4527.189453125,11.808320999145508,-115.07666778564452,4673.60205078125,40.14352035522461,268.50775146484375,4705.3876953125,46.66545486450195,636.973876953125,4690.1142578125,108.10411071777344,787.4797973632812,4768.794921875,172.5153350830078,-102.27249908447266,4629.38623046875,200.28665161132812,253.04006958007812,4776.39501953125,179.51515197753906,620.522705078125,4835.0927734375,243.6696929931641,745.7152709960938,4923.53271484375,141.89389038085938,-696.3131103515625,4662.041015625,229.96983337402344,-689.5693969726562,4789.29931640625,217.9149169921875,-738.6126098632812,4770.296875,126.2051773071289,-786.3299560546875,4705.11572265625,252.0750732421875,-708.4445190429688,4748.767578125,235.9180450439453,-703.2456665039062,4623.60302734375
97.50476837158205,-108.05844116210938,4661.2138671875,109.70370483398438,-279.0157165527344,4651.826171875,114.3583526611328,-413.6014099121094,4625.4501953125,136.4268798828125,-620.4899291992188,4643.9462890625,102.89827728271484,-588.67333984375,4653.298828125,-16.727752685546875,-550.9981079101562,4709.751953125,-131.99588012695312,-333.1681213378906,4809.51953125,-156.18930053710938,-147.87371826171875,4931.49267578125,-170.7952880859375,-80.64282989501953,4993.54052734375,-148.27731323242188,-18.629026412963867,4913.19580078125,-133.80845642089844,-57.5594367980957,5028.46044921875,161.75628662109375,-584.194091796875,4626.69140625,268.85693359375,-537.958740234375,4577.68603515625,345.14306640625,-278.3059387207031,4565.39501953125,383.55364990234375,-60.48501968383789,4611.70166015625,379.2879028320313,19.854745864868164,4670.677734375,374.8567199707031,95.29583740234376,4739.46240234375,341.320068359375,54.301780700683594,4537.29443359375,12.90300464630127,-115.30623626708984,4683.26611328125,41.62093353271485,267.4504699707031,4715.37353515625,46.08626937866211,635.0119018554688,4695.8505859375,104.8652801513672,774.220947265625,4794.10400390625,173.79388427734375,-101.52277374267578,4641.328125,198.4450531005859,255.04916381835935,4783.763671875,169.358154296875,621.7456665039062,4839.0439453125,248.681884765625,746.3458862304688,4914.43212890625,149.78939819335938,-695.6783447265625,4662.521484375,225.4497528076172,-680.3447265625,4796.47119140625,203.30697631835935,-728.3338012695312,4786.13623046875,108.71324157714844,-767.65478515625,4719.93408203125,245.5101623535156,-712.26953125,4763.97119140625,241.88961791992188,-731.9090576171875,4639.50439453125
92.13972473144533,-105.96420288085938,4678.11083984375,105.64205169677734,-275.4155578613281,4666.6875,111.91407012939452,-409.465087890625,4643.38623046875,133.0184783935547,-615.6783447265625,4647.3740234375,100.17269134521484,-584.6475830078125,4659.58984375,-15.265904426574709,-548.5221557617188,4722.876953125,-117.31149291992188,-334.6516418457031,4839.01708984375,-158.2929229736328,-153.42286682128906,4959.580078125,-160.17361450195312,-78.47942352294922,5012.833984375,-152.954345703125,-10.052948951721191,4935.93408203125,-131.4281463623047,-50.57161331176758,5037.5625,157.945068359375,-578.6940307617188,4632.07470703125,263.8626708984375,-529.5614013671875,4585.81591796875,341.65692138671875,-272.43780517578125,4574.0751953125,382.1481323242187,-56.825801849365234,4620.77197265625,373.76324462890625,24.40574073791504,4676.7578125,365.1832275390625,100.09666442871094,4743.72607421875,334.4352722167969,51.99906539916992,4543.0849609375,9.32917022705078,-114.28858184814452,4703.71044921875,43.15050506591797,265.2786865234375,4734.4326171875,46.08698272705078,629.03076171875,4700.23388671875,105.10499572753906,756.5593872070312,4810.95751953125,166.8136444091797,-98.45774841308594,4655.02685546875,196.26255798339844,259.5947265625,4784.54833984375,163.39120483398438,624.56640625,4829.6298828125,256.0689392089844,737.6930541992188,4905.17041015625,146.28125,-691.435302734375,4660.4248046875,199.7943572998047,-662.4005737304688,4801.283203125,180.19081115722656,-711.302978515625,4792.26513671875,98.0005874633789,-758.4536743164062,4716.9130859375,224.7935028076172,-696.3545532226562,4775.52880859375,240.51889038085935,-726.9912109375,4655.240234375
93.78816986083984,-108.15081787109376,4689.9541015625,107.3306121826172,-277.3204345703125,4674.4228515625,112.64319610595705,-409.74163818359375,4642.82470703125,138.86138916015625,-615.4030151367188,4647.87890625,105.1747055053711,-585.1380004882812,4659.77197265625,-6.761200904846191,-548.4837646484375,4728.8642578125,-113.40978240966795,-334.89288330078125,4841.49951171875,-147.67967224121094,-150.81163024902344,4959.93115234375,-151.4084930419922,-88.9507827758789,5027.9033203125,-142.67623901367188,-19.897499084472656,4951.6845703125,-113.83661651611328,-57.022464752197266,5051.15478515625,162.95225524902344,-577.86669921875,4632.5439453125,271.22686767578125,-529.3182983398438,4591.30029296875,343.0948181152344,-270.34552001953125,4580.75,372.83837890625,-56.01335906982422,4640.0302734375,368.69866943359375,12.875299453735352,4711.06591796875,375.5064697265625,91.63731384277344,4774.65478515625,334.8975524902344,44.91209411621094,4557.84228515625,10.16995334625244,-116.9329605102539,4712.69970703125,42.98092269897461,261.1475524902344,4759.8193359375,44.91315841674805,621.6273193359375,4699.654296875,105.27312469482422,748.6434936523438,4810.32470703125,169.19039916992188,-100.23157501220705,4669.44384765625,197.4573516845703,259.42987060546875,4795.029296875,158.61289978027344,625.6953735351562,4822.13916015625,250.36708068847656,741.5096435546875,4894.7802734375,153.93685913085938,-690.7681274414062,4661.35498046875,176.15626525878906,-654.2138671875,4808.77001953125,165.8042755126953,-705.4793701171875,4797.66259765625,106.38395690917967,-764.1987915039062,4709.99365234375,210.0797119140625,-684.1212158203125,4788.8388671875,251.7082977294922,-712.0796508789062,4674.16748046875
92.96590423583984,-117.54627990722656,4701.8623046875,105.99390411376952,-289.5963134765625,4687.09521484375,113.0616683959961,-426.0776672363281,4664.96923828125,148.0116424560547,-633.856201171875,4669.09765625,113.2576904296875,-604.4066162109375,4682.8271484375,1.3362318277359009,-570.9863891601562,4757.7333984375,-106.57682037353516,-349.6453857421875,4864.1025390625,-129.3662872314453,-153.99705505371094,4973.1337890625,-132.15875244140625,-79.9043960571289,5030.044921875,-113.09747314453124,-20.567014694213867,4945.68505859375,-94.0902099609375,-57.84278106689453,5060.6904296875,170.18788146972656,-594.8502807617188,4652.25341796875,271.61492919921875,-536.08349609375,4601.71240234375,343.3515930175781,-272.83233642578125,4585.82763671875,383.2122802734375,-54.456993103027344,4637.7900390625,369.7535705566406,18.046323776245117,4706.27734375,361.1978759765625,92.1996078491211,4777.38818359375,333.7328186035156,46.19302749633789,4561.15625,8.920185089111328,-126.1739273071289,4728.234375,41.34183120727539,256.03546142578125,4790.4443359375,34.83341598510742,618.7235107421875,4710.8515625,101.92696380615234,751.9663696289062,4814.833984375,168.75363159179688,-109.766357421875,4678.08154296875,190.40333557128903,259.9827575683594,4794.25927734375,162.43585205078125,632.90283203125,4825.65087890625,257.7911682128906,734.2179565429688,4918.57080078125,166.95208740234375,-709.7410278320312,4682.1298828125,241.86553955078125,-671.0599975585938,4813.3564453125,222.31283569335935,-721.6382446289062,4809.9873046875,129.46954345703125,-775.6406860351562,4749.93603515625,263.984619140625,-706.397216796875,4785.3544921875,261.8492431640625,-743.9464111328125,4663.8642578125
93.43582916259766,-116.24616241455078,4708.3857421875,107.70154571533205,-286.4814453125,4701.2216796875,113.02487182617188,-421.20318603515625,4678.71875,145.6893768310547,-626.6586303710938,4674.87255859375,111.57708740234376,-597.8262939453125,4689.42333984375,-5.705967426300049,-575.8479614257812,4756.7421875,-123.62142944335938,-356.10009765625,4845.8984375,-114.0985107421875,-168.23507690429688,4964.333984375,-106.74987030029295,-108.16167449951172,5034.00439453125,-79.9028091430664,-48.16162109375,4953.982421875,-86.61759185791016,-75.35687255859375,5055.39404296875,167.99790954589844,-587.7233276367188,4659.85302734375,270.0996398925781,-532.6952514648438,4610.529296875,343.5157775878906,-273.74969482421875,4591.07470703125,389.1452941894531,-57.24525451660156,4632.46875,380.2909851074219,11.678189277648926,4703.49560546875,376.3940124511719,84.56989288330078,4774.43896484375,339.1528015136719,42.89003372192383,4561.67822265625,11.423081398010254,-124.34221649169922,4737.45458984375,42.90436553955078,248.5021514892578,4822.3310546875,33.88372802734375,602.1285400390625,4725.79736328125,93.28909301757812,757.2241821289062,4794.00537109375,167.3903350830078,-108.9456024169922,4682.173828125,189.7733917236328,257.7668151855469,4791.31689453125,158.85948181152344,625.5436401367188,4824.17919921875,262.1029357910156,734.6433715820312,4892.92236328125,163.66775512695312,-702.1965942382812,4684.86181640625,257.2227478027344,-677.5747680664062,4804.6865234375,241.33639526367188,-728.076171875,4796.03662109375,144.4672088623047,-780.491455078125,4744.74853515625,276.0908203125,-705.2173461914062,4768.1005859375,254.65777587890625,-722.8680419921875,4645.64013671875
104.59148406982422,-112.29598236083984,4719.0869140625,120.7737274169922,-283.12078857421875,4708.12890625,128.68690490722656,-418.1979064941406,4683.92236328125,159.7638397216797,-625.10888671875,4685.24658203125,125.55863189697266,-595.4894409179688,4698.81689453125,7.491037368774414,-568.0279541015625,4764.2900390625,-99.1496810913086,-341.11492919921875,4854.1103515625,-81.71723937988281,-158.9874725341797,4982.5283203125,-97.1618881225586,-87.01534271240234,5039.0419921875,-45.6842041015625,-43.0050048828125,4959.935546875,-27.997806549072266,-69.38104248046875,5074.904296875,182.7022399902344,-586.5128173828125,4669.48193359375,286.0802917480469,-535.3905639648438,4616.9130859375,348.7490539550781,-272.366943359375,4593.89453125,388.1286010742187,-52.78433990478515,4632.2509765625,379.0981140136719,10.683808326721191,4708.8974609375,374.5121154785156,82.11034393310547,4782.07421875,330.56719970703125,50.28675842285156,4570.50439453125,21.253726959228516,-121.8701629638672,4745.26953125,37.632293701171875,248.38856506347656,4852.51025390625,34.54385757446289,599.5477294921875,4740.087890625,92.18736267089844,756.5195922851562,4808.16845703125,179.7407989501953,-103.66253662109376,4695.4775390625,189.5268096923828,266.4499816894531,4802.5341796875,151.32699584960938,636.2997436523438,4826.79541015625,258.74774169921875,744.0165405273438,4893.517578125,177.06654357910156,-700.964111328125,4697.26318359375,274.9398498535156,-672.5875244140625,4813.87646484375,259.591064453125,-723.7807006835938,4806.55810546875,161.36923217773438,-779.033935546875,4759.36962890625,293.0851135253906,-700.6416015625,4776.86376953125,267.4559020996094,-720.773193359375,4654.8701171875
111.1586456298828,-111.13179779052734,4727.77783203125,126.4123764038086,-283.0165710449219,4711.3720703125,132.29966735839844,-417.94586181640625,4680.345703125,161.4262237548828,-626.5265502929688,4692.216796875,127.54185485839844,-595.5791625976562,4704.94580078125,16.916982650756836,-551.2250366210938,4776.26123046875,-74.69137573242188,-324.7473449707031,4887.63671875,-93.39275360107422,-134.2813262939453,5006.611328125,-75.51490020751953,-56.25424575805664,5055.03955078125,-34.15871810913086,-22.342010498046875,4964.6982421875,-8.88638973236084,-54.12903594970703,5081.47509765625,184.64349365234375,-588.7901611328125,4673.82470703125,291.273193359375,-539.6935424804688,4623.36572265625,349.5537109375,-273.1520080566406,4603.33740234375,385.6953125,-50.783695220947266,4639.69677734375,378.881103515625,21.401721954345703,4709.62890625,377.8410949707031,85.0546646118164,4790.84521484375,332.3831787109375,54.4881591796875,4572.71044921875,27.710453033447266,-121.20884704589844,4755.767578125,37.75703430175781,241.8257598876953,4895.044921875,36.03826141357422,586.4094848632812,4755.609375,95.33272552490234,749.843017578125,4809.50048828125,186.4075469970703,-102.0448760986328,4702.5390625,193.9761199951172,272.6643981933594,4805.025390625,151.44723510742188,644.9915771484375,4830.89892578125,261.1037292480469,757.0152587890625,4889.814453125,178.2919158935547,-702.4450073242188,4708.06005859375,281.0574035644531,-662.4636840820312,4818.58544921875,275.0126647949219,-715.53759765625,4808.38427734375,184.10533142089844,-786.52734375,4765.17041015625,300.5387878417969,-684.1695556640625,4777.6435546875,266.77362060546875,-701.3306884765625,4656.109375
112.84261322021484,-108.95130920410156,4739.654296875,126.41859436035156,-281.4321594238281,4722.2158203125,130.822509765625,-416.8681640625,4691.1748046875,163.21495056152344,-625.9813842773438,4692.45947265625,129.83607482910156,-595.96337890625,4708.80517578125,23.71170425415039,-552.9346923828125,4788.1796875,-59.85448455810547,-324.97930908203125,4904.8076171875,-58.56733703613281,-136.0323028564453,5028.91943359375,-31.99507713317871,-56.41823196411133,5070.9248046875,-40.89835357666016,-22.715803146362305,4971.541015625,-4.114095211029053,-45.536163330078125,5101.34716796875,184.7282867431641,-587.0853271484375,4674.01220703125,287.8632507324219,-531.8741455078125,4621.61328125,347.43994140625,-264.8266906738281,4600.2529296875,387.5373840332031,-44.415191650390625,4647.36328125,390.21484375,29.719043731689453,4715.98828125,393.7662658691406,92.5479507446289,4798.18798828125,343.87890625,55.55474090576172,4563.64208984375,29.725357055664062,-118.52411651611328,4769.6298828125,37.543888092041016,236.2634124755859,4931.87646484375,36.09303665161133,574.4111328125,4774.65234375,93.64762878417967,740.2506103515625,4824.9208984375,187.7930908203125,-100.31907653808594,4712.62353515625,189.05189514160156,279.0488586425781,4802.12255859375,150.01832580566406,652.5802001953125,4833.0625,259.8808288574219,765.7509155273438,4890.912109375,182.0772705078125,-702.4664916992188,4704.015625,292.9305725097656,-657.4136352539062,4805.072265625,286.0472717285156,-711.0689086914062,4797.9970703125,191.8415374755859,-783.8668212890625,4764.9248046875,309.4375915527344,-681.3294067382812,4763.85888671875,266.8779296875,-704.4539794921875,4645.69580078125
115.04341888427734,-110.2555160522461,4744.3828125,130.3787841796875,-280.28521728515625,4726.26708984375,135.31558227539062,-413.47509765625,4693.5068359375,174.0564422607422,-618.6402587890625,4700.81591796875,139.39381408691406,-589.8311767578125,4714.716796875,21.33737564086914,-564.8843994140625,4780.7744140625,-81.19160461425781,-336.3240966796875,4870.00732421875,-51.66715240478515,-155.275390625,4997.14404296875,-32.69753646850586,-73.51421356201172,5036.40625,3.0652284622192383,-10.20801830291748,4962.07470703125,13.906246185302734,-91.64572143554688,5084.912109375,194.85841369628903,-579.9102783203125,4682.794921875,297.5037841796875,-527.5382080078125,4630.484375,350.2603759765625,-262.8866882324219,4606.15673828125,386.1331176757813,-44.59418487548828,4652.46826171875,388.86822509765625,27.703636169433594,4721.1689453125,395.2937927246094,96.20501708984376,4796.748046875,343.7633056640625,54.95703887939453,4571.33154296875,33.65638732910156,-120.90028381347656,4775.3955078125,43.55487060546875,222.14454650878903,4950.4140625,36.26528549194336,557.2533569335938,4798.10546875,91.7208023071289,725.327392578125,4832.3818359375,188.4336700439453,-100.65666961669922,4716.41748046875,188.32215881347656,275.6595458984375,4796.8916015625,151.2868194580078,644.5914306640625,4827.44580078125,254.57179260253903,761.9347534179688,4882.88134765625,194.6119842529297,-693.2215576171875,4714.748046875,227.05455017089844,-618.458984375,4846.15771484375,215.49656677246097,-670.9276733398438,4849.96875,149.46046447753906,-750.0750122070312,4784.72412109375,259.58465576171875,-653.7334594726562,4832.8828125,293.5680236816406,-712.9412841796875,4726.88330078125
118.75737762451172,-111.2315902709961,4755.61376953125,133.61471557617188,-280.0569763183594,4734.48095703125,137.5570068359375,-412.3303833007813,4700.8505859375,176.21263122558594,-616.5420532226562,4700.92041015625,141.65225219726562,-588.41845703125,4715.63037109375,19.60362434387207,-562.32861328125,4771.7685546875,-68.80664825439453,-323.1415100097656,4842.181640625,-26.324432373046875,-140.2310028076172,4960.66845703125,0.2707317471504211,-60.73166275024414,4922.3251953125,37.21260070800781,-35.04368591308594,4829.181640625,66.50914764404297,-59.6195068359375,4983.6552734375,196.95315551757812,-577.3795776367188,4684.478515625,297.9749755859375,-522.302978515625,4633.37890625,347.9650573730469,-258.72119140625,4607.232421875,386.1023254394531,-42.16238784790039,4654.17919921875,389.8565673828125,31.574331283569336,4720.51416015625,398.4935302734375,104.60490417480467,4790.728515625,343.2669677734375,56.63878631591797,4574.59912109375,39.86427307128906,-122.62759399414062,4791.18798828125,38.97207260131836,208.71499633789065,4983.77392578125,32.87989807128906,537.42333984375,4822.32958984375,81.64777374267578,708.72802734375,4843.30908203125,189.8987579345703,-100.95530700683594,4723.53515625,187.12451171875,275.1310729980469,4795.04296875,151.01866149902344,641.91943359375,4828.9599609375,255.6540069580078,758.0582885742188,4881.77685546875,196.65750122070312,-691.1773681640625,4712.1826171875,227.01890563964844,-607.1212768554688,4837.38818359375,213.09278869628903,-658.2848510742188,4845.10107421875,146.5931854248047,-739.6250610351562,4784.35595703125,258.2972412109375,-644.5078125,4828.6103515625,293.5920104980469,-713.6471557617188,4730.08984375
124.7737045288086,-113.92359161376952,4759.66552734375,139.1890411376953,-283.05865478515625,4735.79833984375,141.47044372558594,-414.6549377441406,4697.62451171875,177.37307739257812,-619.920166015625,4707.20654296875,143.17919921875,-590.5297241210938,4720.8056640625,23.898452758789062,-562.6019287109375,4782.9189453125,-63.6449089050293,-324.49041748046875,4861.271484375,0.2493783831596374,-151.95909118652344,4987.02294921875,51.332427978515625,-82.0694580078125,4954.37109375,76.79045867919922,-39.14344024658203,4863.3310546875,76.50102233886719,-56.88149642944336,4963.8974609375,198.63978576660156,-581.7431030273438,4688.744140625,300.2409362792969,-529.9971923828125,4634.28076171875,345.5566711425781,-266.3045349121094,4594.21142578125,376.0997009277344,-63.959285736083984,4689.3525390625,385.72503662109375,14.084935188293455,4750.51220703125,395.7069091796875,70.24076080322266,4835.13525390625,339.86468505859375,37.63839340209961,4608.060546875,45.780242919921875,-125.73638916015624,4795.66650390625,66.06998443603516,203.9685516357422,4992.7509765625,32.13016128540039,536.8362426757812,4840.484375,75.47196960449219,711.3867797851562,4847.84130859375,196.00558471679688,-103.271484375,4727.20166015625,189.1820373535156,274.9639587402344,4794.52490234375,151.4376678466797,643.0741577148438,4827.1806640625,250.0022125244141,763.3002319335938,4884.25634765625,196.90391540527344,-694.49755859375,4721.9384765625,249.3698883056641,-613.9287719726562,4842.74365234375,232.92056274414065,-664.2646484375,4852.1240234375,153.19906616210938,-740.3302001953125,4800.20751953125,276.6142272949219,-653.4493408203125,4829.81884765625,293.8643798828125,-723.9977416992188,4726.99169921875
119.45177459716795,-116.41567993164062,4771.12255859375,131.05140686035156,-282.3113098144531,4743.248046875,134.9297637939453,-413.4359436035156,4712.208984375,168.0677032470703,-615.3551025390625,4727.5908203125,138.81007385253906,-584.5770874023438,4746.107421875,41.03723907470703,-555.8317260742188,4834.81689453125,-23.644119262695312,-327.3281555175781,4943.53857421875,43.20919418334961,-150.30966186523438,5054.220703125,95.4382095336914,-91.81781005859376,5008.0263671875,83.63008117675781,-57.56623077392578,4912.541015625,75.43292999267578,-62.921600341796875,4967.5888671875,184.97499084472656,-579.7401733398438,4702.62109375,271.0320129394531,-533.0643310546875,4626.03515625,325.8067321777344,-272.94525146484375,4613.33251953125,374.2342529296875,-56.828216552734375,4628.4296875,385.1835632324219,-4.266012668609619,4710.40625,385.2112426757813,65.38641357421875,4782.69482421875,356.33837890625,46.327293395996094,4624.36279296875,45.91413497924805,-128.81492614746094,4814.31494140625,87.7790298461914,204.6193084716797,4988.20751953125,35.63702392578125,545.8681030273438,4880.5322265625,72.40270233154297,718.5460205078125,4894.03466796875,185.7639007568359,-105.23473358154295,4732.173828125,187.66403198242188,267.6640930175781,4793.8544921875,153.91348266601562,630.1842041015625,4824.98583984375,242.10842895507812,757.228271484375,4876.17626953125,188.82086181640625,-688.2088012695312,4742.50732421875,288.8329772949219,-646.50390625,4848.92431640625,262.9819641113281,-692.0113525390625,4856.63427734375,156.9225616455078,-736.41552734375,4822.92626953125,299.9898986816406,-687.2155151367188,4824.24072265625,270.8409423828125,-738.1011352539062,4715.17138671875
136.1602325439453,-129.7210693359375,4792.96826171875,139.01271057128906,-294.2052001953125,4752.92138671875,136.18344116210938,-424.5206604003906,4716.431640625,173.97300720214844,-626.9378051757812,4723.63037109375,146.21218872070312,-596.9639892578125,4745.873046875,58.77195358276367,-567.8845825195312,4845.4423828125,-10.384194374084473,-339.05194091796875,4953.2958984375,71.22738647460938,-169.70211791992188,5067.79931640625,129.58485412597656,-115.52102661132812,5022.96533203125,139.88279724121094,-69.02189636230469,4932.1484375,143.1412353515625,-104.26087951660156,4976.29541015625,187.71075439453125,-590.3505249023438,4697.7783203125,273.3771057128906,-537.0335083007812,4624.3232421875,310.7112121582031,-273.3472595214844,4602.3662109375,359.44970703125,-60.27492904663086,4646.0693359375,386.9002075195313,-13.82544231414795,4728.35400390625,393.4371032714844,63.56544876098633,4792.603515625,355.4403991699219,46.60882186889648,4646.01953125,78.06787872314453,-145.8424072265625,4855.0458984375,122.82000732421876,199.2554931640625,5007.5341796875,36.46523666381836,541.7824096679688,4923.5234375,90.11398315429688,711.2861328125,4923.60107421875,188.544677734375,-115.18376922607422,4736.98974609375,181.9619140625,260.4210510253906,4790.98193359375,147.75466918945312,623.2422485351562,4833.626953125,238.697509765625,754.9655151367188,4867.32861328125,197.36697387695312,-700.0187377929688,4734.66796875,238.51475524902344,-677.7288818359375,4879.80908203125,226.6392364501953,-727.4490356445312,4865.3671875,156.48109436035156,-777.6357421875,4781.49951171875,269.2087097167969,-705.1422119140625,4853.02685546875,295.2327880859375,-721.5498657226562,4732.5498046875
132.7497100830078,-131.71595764160156,4801.02294921875,135.46054077148438,-295.0915832519531,4762.873046875,131.22042846679688,-424.392578125,4727.4140625,168.28948974609375,-624.3433837890625,4745.8291015625,143.38525390625,-592.7233276367188,4768.302734375,69.98086547851562,-553.16796875,4873.77099609375,32.191017150878906,-323.1614685058594,4988.7431640625,103.01834106445312,-143.55137634277344,5090.27294921875,153.0691680908203,-86.92131805419922,5040.37451171875,132.02139282226562,-60.18989181518555,4944.6123046875,144.91844177246094,-100.08524322509766,4967.18310546875,179.3011932373047,-590.2860717773438,4716.244140625,250.8638458251953,-539.0003051757812,4629.3701171875,281.3409118652344,-277.7518615722656,4598.54638671875,337.6900939941406,-68.86951446533203,4643.15478515625,368.8206481933594,-30.50664520263672,4727.22509765625,379.86474609375,47.3293342590332,4788.85302734375,353.2026672363281,34.608612060546875,4647.5673828125,79.15412902832031,-147.78126525878906,4866.013671875,144.90887451171875,207.88131713867188,4970.64404296875,59.9045524597168,557.5310668945312,4971.96142578125,136.23155212402344,704.4893798828125,5032.14453125,181.0791931152344,-117.22915649414062,4742.41845703125,177.3446807861328,255.57101440429688,4792.099609375,141.99990844726562,615.1544799804688,4832.982421875,235.25714111328125,743.9255981445312,4864.60791015625,192.161376953125,-696.0269165039062,4759.759765625,287.6597595214844,-647.1111450195312,4866.19091796875,269.26934814453125,-696.1849365234375,4871.1689453125,170.530029296875,-753.51806640625,4836.82763671875,303.91961669921875,-683.7288818359375,4838.5771484375,279.3890380859375,-730.7794799804688,4727.35986328125
135.02615356445312,-136.4456329345703,4827.294921875,134.45278930664062,-298.2823791503906,4783.25,126.68004608154295,-426.6604614257813,4745.32763671875,170.04396057128906,-625.5338745117188,4760.4453125,149.0196533203125,-593.8180541992188,4786.43505859375,104.96913146972656,-540.7374267578125,4901.77685546875,55.235408782958984,-304.52459716796875,4997.822265625,126.7578582763672,-110.906494140625,5068.125,175.914306640625,-62.97901153564453,5009.11767578125,128.359375,-73.40045928955078,4919.9580078125,144.97523498535156,-93.14601135253906,4934.56005859375,174.94630432128906,-591.9736328125,4728.75341796875,229.50428771972656,-538.3348388671875,4631.63330078125,267.1112060546875,-278.3315124511719,4599.1279296875,332.982421875,-72.26127624511719,4643.3232421875,356.73101806640625,-35.085426330566406,4730.24267578125,374.93743896484375,41.800350189208984,4791.294921875,370.8945617675781,25.286643981933594,4646.68115234375,103.63799285888672,-157.29000854492188,4904.29248046875,147.068359375,210.8462677001953,4969.4169921875,70.06565856933594,561.371337890625,4993.4970703125,161.62619018554688,707.2666625976562,5030.24609375,163.3302459716797,-117.64933013916016,4757.86279296875,183.3041076660156,255.6564788818359,4797.74755859375,137.93739318847656,614.1729125976562,4836.75,229.5314788818359,746.6552734375,4854.5439453125,197.3098297119141,-696.5216064453125,4771.16796875,305.2042236328125,-669.4423828125,4873.37939453125,281.8982849121094,-716.5924072265625,4875.01708984375,175.1759033203125,-759.410400390625,4843.69189453125,315.2047424316406,-704.3408813476562,4841.0078125,277.4688415527344,-736.3640747070312,4728.2119140625
131.9998779296875,-138.60232543945312,4832.63818359375,131.40945434570312,-300.4429931640625,4790.30419921875,123.06682586669922,-428.7770385742187,4753.60888671875,167.36265563964844,-627.0809326171875,4766.10205078125,147.5604705810547,-595.56201171875,4793.060546875,126.96199035644533,-546.885498046875,4916.24267578125,183.7670440673828,-319.60400390625,5026.96484375,374.35687255859375,-217.7810821533203,5051.57861328125,411.3429260253906,-185.85491943359375,4975.6484375,313.2991943359375,-163.88113403320312,4962.5966796875,317.02520751953125,-171.65997314453125,4940.84228515625,170.70965576171875,-593.5125732421875,4734.39306640625,220.25347900390625,-538.2189331054688,4635.93310546875,254.73629760742188,-278.32220458984375,4604.75146484375,315.8674011230469,-69.17464447021484,4636.744140625,347.5047302246094,-16.161590576171875,4711.8447265625,380.4959411621094,49.34571075439453,4779.21484375,347.3450012207031,28.67706871032715,4618.23828125,101.33560943603516,-158.6948699951172,4909.87890625,151.9703826904297,211.76451110839844,4943.19384765625,71.87240600585938,561.1909790039062,4929.45849609375,161.4779815673828,705.7051391601562,4973.5517578125,159.6511993408203,-120.4840087890625,4762.9873046875,178.5764923095703,252.31748962402344,4798.6474609375,131.01766967773438,609.8424072265625,4835.24365234375,220.5744171142578,743.0545043945312,4854.0869140625,195.1649932861328,-697.8550415039062,4775.32080078125,321.2551574707031,-661.2857666015625,4849.25830078125,300.9157409667969,-708.7460327148438,4858.65966796875,192.09320068359375,-756.3697509765625,4854.1923828125,325.3667907714844,-697.8125610351562,4817.59765625,265.38897705078125,-738.0084838867188,4718.19775390625
121.2147216796875,-146.17994689941406,4839.09912109375,128.82745361328125,-310.84283447265625,4798.15283203125,126.3565444946289,-441.6209106445313,4761.70263671875,177.99652099609375,-641.7116088867188,4765.98876953125,158.13270568847656,-611.2271118164062,4795.2060546875,126.86044311523438,-572.2797241210938,4921.80419921875,203.9255218505859,-388.5205993652344,5093.58447265625,398.6678771972656,-309.39605712890625,5161.20361328125,445.9845886230469,-262.4095764160156,5098.29443359375,376.0369873046875,-204.3349151611328,5050.1572265625,394.7166442871094,-249.4467010498047,5034.77392578125,178.93931579589844,-606.5645141601562,4734.7900390625,218.36883544921875,-544.5957641601562,4633.3955078125,245.06443786621097,-279.1531677246094,4607.20361328125,314.2536315917969,-69.05266571044922,4639.92138671875,357.92193603515625,-24.01779556274414,4716.13232421875,388.9000244140625,53.79914474487305,4772.7822265625,340.9491271972656,33.00046920776367,4629.16015625,85.88508605957031,-166.8491668701172,4915.6513671875,151.71987915039062,207.3131866455078,4885.154296875,85.6705551147461,558.9888916015625,4817.06640625,199.1219482421875,689.4946899414062,4860.7333984375,153.07301330566406,-127.5416030883789,4770.068359375,176.15371704101562,251.12515258789065,4802.13134765625,123.0584487915039,613.6305541992188,4837.5009765625,222.69764709472656,741.9655151367188,4860.501953125,208.7971649169922,-712.8818969726562,4771.8251953125,338.6034240722656,-665.5154418945312,4837.47607421875,326.8432312011719,-717.3323364257812,4841.5068359375,225.21832275390625,-782.4376220703125,4841.4267578125,343.9966735839844,-696.58544921875,4799.63818359375,277.09722900390625,-732.7245483398438,4700.75634765625
134.07699584960938,-132.9871368408203,4865.482421875,139.5431671142578,-302.8880920410156,4842.34521484375,150.45016479492188,-438.2463684082031,4823.12255859375,171.16534423828125,-645.2523193359375,4805.67822265625,168.4391326904297,-613.9886474609375,4840.8447265625,191.8358154296875,-590.7685546875,4974.2978515625,280.0214538574219,-438.629638671875,5173.52392578125,440.8220520019531,-315.6507568359375,5267.13232421875,511.2687377929687,-279.81121826171875,5218.8955078125,564.6704711914062,-289.2550964355469,5130.26416015625,504.82366943359375,-277.51031494140625,5165.6796875,165.0453643798828,-608.3246459960938,4776.4697265625,159.4938507080078,-546.7135009765625,4666.1708984375,202.41436767578125,-285.0982360839844,4611.1591796875,305.5412902832031,-84.3000259399414,4618.6044921875,330.7455749511719,-12.61591911315918,4683.1513671875,366.17926025390625,56.079833984375,4749.90771484375,330.6640930175781,17.359058380126953,4633.96337890625,144.481689453125,-144.4059295654297,4951.7919921875,193.35107421875,218.88345336914065,4834.18798828125,98.23616790771484,574.2760620117188,4831.861328125,236.97471618652344,684.04052734375,4865.86474609375,124.6946258544922,-122.69031524658205,4787.6533203125,176.82301330566406,258.04278564453125,4801.9453125,102.65592193603516,619.6163940429688,4846.47314453125,215.51861572265625,740.717529296875,4854.7021484375,191.6667633056641,-720.753662109375,4798.64599609375,329.0643005371094,-659.083251953125,4833.21533203125,325.70111083984375,-712.7991943359375,4832.7333984375,236.75794982910156,-794.159423828125,4850.91015625,327.21600341796875,-685.0632934570312,4790.826171875,238.93087768554688,-721.7381591796875,4708.76318359375
110.83258056640624,-131.45877075195312,4890.01708984375,122.5594482421875,-306.2183837890625,4880.85302734375,138.10772705078125,-445.3334655761719,4872.71630859375,184.80413818359375,-653.4928588867188,4866.0146484375,178.72959899902344,-620.096435546875,4900.216796875,192.80874633789065,-589.3084716796875,5036.61572265625,263.2213134765625,-416.9100036621094,5234.423828125,423.3334655761719,-265.10455322265625,5291.9716796875,497.1031188964844,-259.1012268066406,5232.9482421875,576.7192993164062,-282.1219482421875,5166.49560546875,483.9187927246094,-287.8462829589844,5187.8603515625,173.4482421875,-618.5570068359375,4834.2861328125,158.91111755371094,-560.77734375,4719.54345703125,171.50686645507812,-301.18743896484375,4624.25146484375,275.9821472167969,-97.33560943603516,4595.15576171875,312.9818420410156,-22.503950119018555,4653.6435546875,324.98236083984375,73.69892120361328,4692.421875,317.8770751953125,-2.736546039581299,4621.4677734375,122.86317443847656,-135.30508422851562,4978.7646484375,209.640869140625,210.50645446777344,4812.08056640625,96.99723815917967,568.6505737304688,4834.908203125,232.3791351318359,691.3568725585938,4858.04345703125,99.98406219482422,-127.9903793334961,4809.9892578125,166.28582763671875,259.5055236816406,4814.162109375,100.83334350585938,632.578857421875,4845.8076171875,224.15382385253903,748.7875366210938,4846.81982421875,214.9573211669922,-727.8443603515625,4862.568359375,355.94775390625,-662.0623168945312,4835.17431640625,353.7348327636719,-717.0296020507812,4836.45263671875,280.7709045410156,-801.4244995117188,4892.0087890625,336.53680419921875,-689.2171630859375,4796.794921875,220.13438415527344,-729.27197265625,4758.8798828125
115.18113708496094,-130.72975158691406,4904.462890625,126.32344818115234,-305.89581298828125,4896.2021484375,134.01901245117188,-446.0194396972656,4889.92578125,184.60496520996097,-653.5198364257812,4879.53515625,180.4977569580078,-620.1494140625,4914.17724609375,212.2390899658203,-591.0552978515625,5048.22802734375,278.0676574707031,-433.67779541015625,5260.30615234375,425.7723083496094,-264.1038818359375,5300.453125,488.445068359375,-247.0560760498047,5231.34326171875,558.3185424804688,-282.5292663574219,5159.3330078125,481.0482177734375,-286.1817932128906,5188.826171875,170.0293426513672,-618.8189086914062,4848.74169921875,146.19923400878906,-561.4095458984375,4735.10400390625,150.5320281982422,-304.9673767089844,4629.6220703125,248.46420288085935,-97.30753326416016,4601.3388671875,294.92852783203125,-31.74620056152344,4664.35107421875,306.8157653808594,63.91409683227539,4704.97900390625,300.3687438964844,-10.404012680053713,4626.3115234375,138.7870635986328,-133.31260681152344,4991.07275390625,210.58091735839844,212.3697052001953,4815.52099609375,97.43992614746094,570.9576416015625,4840.23779296875,236.21893310546875,691.3880004882812,4857.0302734375,93.89464569091795,-128.40066528320312,4826.36328125,166.23280334472656,258.61346435546875,4815.3203125,101.74446105957033,631.8148193359375,4854.8466796875,223.89515686035156,749.3680419921875,4845.9326171875,216.04537963867188,-727.3480224609375,4873.7177734375,361.1387634277344,-670.1586303710938,4846.79052734375,355.56683349609375,-724.990234375,4848.0244140625,277.26715087890625,-804.9583740234375,4903.37939453125,340.20037841796875,-696.1083984375,4808.25732421875,221.4844970703125,-729.0382690429688,4769.85595703125
106.08041381835938,-132.43309020996094,4923.2568359375,117.22892761230467,-307.6872253417969,4912.04345703125,125.39727783203124,-447.84906005859375,4903.22607421875,173.6666717529297,-656.2832641601562,4894.30126953125,167.97958374023438,-623.035400390625,4928.9345703125,189.8891143798828,-593.0283203125,5064.94873046875,261.8136901855469,-427.7839660644531,5269.42822265625,420.9610900878906,-268.402587890625,5309.4658203125,484.9351501464844,-248.53598022460935,5242.1376953125,547.283203125,-278.3605651855469,5161.00927734375,480.4062805175781,-286.7559509277344,5194.51318359375,161.40576171875,-621.1261596679688,4862.912109375,143.67247009277344,-562.9002075195312,4748.3671875,136.52688598632812,-307.1299133300781,4640.39111328125,251.41275024414065,-106.12590789794922,4648.4697265625,288.0160217285156,-18.989891052246097,4687.5234375,338.2168273925781,60.9317626953125,4732.98291015625,299.56866455078125,-17.658710479736328,4634.51220703125,123.79207611083984,-136.9405517578125,5011.3154296875,198.00872802734375,208.54116821289065,4835.10791015625,96.41261291503906,571.8134155273438,4845.86474609375,235.71209716796875,692.687744140625,4857.166015625,90.1090316772461,-128.36849975585938,4843.8505859375,153.3799591064453,260.35223388671875,4822.115234375,96.32088470458984,635.2996215820312,4861.7978515625,222.48243713378903,748.4966430664062,4848.70849609375,204.4027404785156,-730.6239624023438,4889.80029296875,352.23291015625,-673.5382080078125,4892.45947265625,346.4595642089844,-728.440185546875,4891.9775390625,258.6172790527344,-808.849365234375,4930.0908203125,339.20611572265625,-699.05078125,4850.22802734375,230.1275177001953,-731.24072265625,4788.861328125
116.3169403076172,-131.8831024169922,4929.6982421875,131.96401977539062,-304.9468078613281,4916.556640625,146.36898803710938,-443.0798950195313,4905.55712890625,182.1275329589844,-651.9794921875,4898.15234375,179.1070556640625,-618.4268188476562,4932.17236328125,197.0365295410156,-592.5244140625,5068.20751953125,266.3434753417969,-430.82415771484375,5272.93115234375,429.72943115234375,-278.1639709472656,5309.3564453125,485.9187927246094,-258.20123291015625,5236.61572265625,544.7265014648438,-279.7293395996094,5151.65478515625,484.3383483886719,-291.4812927246094,5192.53515625,171.336669921875,-616.8519287109375,4866.9169921875,150.0974884033203,-562.0249633789062,4752.7041015625,128.0863800048828,-306.05535888671875,4654.51953125,243.2200927734375,-108.20632934570312,4639.20263671875,286.55926513671875,-38.245567321777344,4698.22607421875,317.7227478027344,48.713096618652344,4745.451171875,291.1639709472656,-20.11438751220703,4647.6767578125,139.23068237304688,-136.33822631835938,5015.6513671875,200.47390747070312,210.3269195556641,4845.3896484375,97.08000946044922,569.4542846679688,4843.68798828125,232.5724945068359,689.9862060546875,4868.18115234375,95.65460205078124,-127.86573028564452,4852.19091796875,151.0047149658203,258.3663330078125,4833.51904296875,102.08464050292967,631.3649291992188,4866.66064453125,221.66769409179688,748.3667602539062,4847.78515625,208.218505859375,-727.2664184570312,4893.93212890625,358.5746154785156,-684.5806274414062,4879.52685546875,348.2991638183594,-737.9078979492188,4885.83447265625,258.2822570800781,-804.4863891601562,4938.732421875,340.25390625,-713.0107421875,4841.9755859375,225.36802673339844,-741.2754516601562,4793.17626953125
110.47235870361328,-133.02700805664062,4934.85595703125,124.10395050048828,-305.8639831542969,4923.23291015625,132.8136444091797,-444.2247009277344,4914.41162109375,175.67604064941406,-651.0850219726562,4905.19287109375,171.83628845214844,-617.986083984375,4939.3798828125,190.6330413818359,-591.7549438476562,5074.8203125,258.5712890625,-432.5242614746094,5280.908203125,428.9889221191406,-287.8858337402344,5313.59814453125,482.6905822753906,-262.6545715332031,5240.96533203125,540.568359375,-277.0700988769531,5154.25732421875,473.5890197753906,-289.32684326171875,5195.13720703125,163.37973022460938,-616.2484130859375,4874.40576171875,141.8284149169922,-565.7218017578125,4758.6943359375,90.0142593383789,-310.62176513671875,4672.39013671875,232.1657562255859,-131.71958923339844,4661.5185546875,260.9268493652344,-50.09847259521485,4713.5595703125,313.7703552246094,16.86042594909668,4772.08447265625,264.5771484375,-35.882232666015625,4666.8408203125,129.4681854248047,-137.35552978515625,5021.50146484375,200.9558563232422,214.12989807128903,4868.587890625,97.89688873291016,571.9656982421875,4854.6923828125,236.4359893798828,690.2630615234375,4864.97509765625,93.34297943115234,-129.123779296875,4856.7236328125,141.2605438232422,257.304443359375,4847.49609375,102.723388671875,631.051025390625,4872.513671875,221.22669982910156,746.5990600585938,4844.44189453125,204.26467895507812,-725.163818359375,4900.193359375,352.41180419921875,-686.19873046875,4868.11962890625,342.3960266113281,-738.5604248046875,4879.51611328125,257.6754150390625,-799.2589721679688,4945.72509765625,330.34814453125,-717.0612182617188,4834.95361328125,211.36761474609375,-747.111328125,4799.9501953125
109.02845001220705,-129.6719207763672,4944.52392578125,122.99203491210938,-301.46746826171875,4932.2841796875,132.48355102539062,-438.9627685546875,4922.892578125,167.98849487304688,-646.10888671875,4916.0302734375,167.0952911376953,-612.391845703125,4949.43896484375,193.96177673339844,-589.0697021484375,5083.24755859375,250.6125335693359,-432.68853759765625,5292.947265625,415.56298828125,-282.16363525390625,5317.40966796875,469.7506103515625,-259.47613525390625,5244.970703125,529.956787109375,-276.8138732910156,5161.1396484375,470.8678588867187,-288.16729736328125,5202.04638671875,155.19793701171875,-611.721435546875,4885.35693359375,123.1497802734375,-569.3862915039062,4769.576171875,56.21183013916016,-323.2334289550781,4673.1259765625,209.7395172119141,-156.10934448242188,4657.33642578125,237.69728088378903,-71.57738494873047,4703.77978515625,289.7073974609375,-1.1545047760009766,4757.7978515625,244.8460998535156,-59.68193817138672,4673.75537109375,129.60049438476562,-134.1104278564453,5030.29443359375,200.36349487304688,215.77626037597656,4878.90087890625,93.43449401855467,570.5081787109375,4871.7412109375,221.5460662841797,698.7118530273438,4863.08837890625,90.4777374267578,-125.66952514648438,4867.1806640625,141.9796600341797,258.1237487792969,4858.5244140625,103.505615234375,630.1107177734375,4877.7470703125,216.92478942871097,749.2974853515625,4849.45703125,193.74900817871097,-720.7581176757812,4911.1708984375,337.4648132324219,-684.3590698242188,4863.8037109375,330.282470703125,-733.5579833984375,4885.41064453125,252.173095703125,-782.686767578125,4966.41455078125,315.1218566894531,-721.4806518554688,4838.626953125,196.48733520507812,-761.1240844726562,4817.22119140625
112.74532318115234,-126.7977523803711,4959.708984375,129.81182861328125,-297.58929443359375,4942.5615234375,139.03709411621094,-434.6337890625,4930.28076171875,171.0581512451172,-641.9432373046875,4922.44091796875,173.2211456298828,-608.0301513671875,4955.47412109375,206.53292846679688,-584.0159912109375,5087.4501953125,251.09657287597656,-433.0570068359375,5303.3564453125,415.2306823730469,-281.84234619140625,5325.35888671875,464.9057312011719,-249.7403259277344,5253.45556640625,521.4586181640625,-277.0749816894531,5169.97119140625,474.5123901367187,-289.6157531738281,5208.6689453125,156.40382385253906,-607.66650390625,4892.6181640625,110.02252197265624,-569.6533813476562,4780.49267578125,23.37388610839844,-321.2200927734375,4710.5654296875,189.53659057617188,-170.7460479736328,4674.2509765625,238.4655303955078,-95.87875366210938,4719.5302734375,295.10662841796875,-21.81024932861328,4762.5576171875,242.32290649414065,-82.68411254882812,4692.76513671875,140.37664794921875,-132.42311096191406,5043.23974609375,192.4447479248047,223.19935607910156,4899.54296875,83.80168151855469,576.2597045898438,4879.81689453125,224.10801696777344,690.2471923828125,4868.39013671875,87.82894897460938,-121.72511291503906,4884.38623046875,143.5115509033203,260.6922607421875,4871.6875,107.9211196899414,632.5137329101562,4886.5322265625,223.5869140625,744.397705078125,4843.212890625,195.31443786621097,-716.850830078125,4916.2333984375,336.7029113769531,-682.2230834960938,4861.92822265625,331.00006103515625,-729.600830078125,4887.45556640625,256.2622985839844,-773.3128051757812,4974.21728515625,314.3071594238281,-721.4536743164062,4840.439453125,195.994140625,-764.3077392578125,4825.81982421875
115.4098663330078,-129.9145965576172,4965.70458984375,128.02801513671875,-301.5078430175781,4946.20751953125,137.1801300048828,-438.7980651855469,4931.015625,160.61105346679688,-647.8836669921875,4919.326171875,166.4767303466797,-614.2828369140625,4952.4892578125,210.69845581054688,-589.9334106445312,5081.72705078125,253.94786071777344,-437.0050659179687,5297.7841796875,418.8245849609375,-285.7261962890625,5322.4130859375,467.5347595214844,-252.4293670654297,5249.93212890625,521.9656982421875,-277.64239501953125,5163.90625,472.4304809570313,-289.8778381347656,5203.228515625,145.12428283691406,-612.64208984375,4890.78271484375,92.15286254882812,-571.8576049804688,4782.048828125,-20.327857971191406,-329.7086486816406,4723.755859375,158.73858642578125,-193.16441345214844,4688.28466796875,214.50735473632812,-123.13419342041016,4734.24267578125,290.0303955078125,-71.0721206665039,4781.2802734375,214.4224548339844,-108.01947784423828,4692.77685546875,150.36795043945312,-136.5509033203125,5046.73583984375,191.47265625,220.25746154785156,4898.4921875,83.56523132324219,575.5597534179688,4895.12744140625,222.41964721679688,691.9666137695312,4879.947265625,83.88662719726562,-123.93034362792967,4892.634765625,145.18397521972656,259.1526184082031,4880.669921875,115.67017364501952,632.2244873046875,4908.19775390625,234.6207733154297,737.1696166992188,4855.05908203125,181.5256805419922,-723.8829345703125,4910.802734375,325.2778015136719,-686.6148681640625,4863.1513671875,318.9153137207031,-734.8740844726562,4887.2734375,240.7432403564453,-781.6019287109375,4970.0087890625,304.05181884765625,-725.5860595703125,4839.650390625,186.37368774414065,-769.1121215820312,4818.94384765625
117.40023040771484,-137.59957885742188,4967.0791015625,127.5567855834961,-308.7481994628906,4948.36376953125,136.70526123046875,-445.4505004882813,4932.88330078125,156.15159606933594,-654.4016723632812,4929.60205078125,165.42733764648438,-619.4765625,4960.251953125,213.09890747070312,-588.9954833984375,5086.33203125,250.08583068847656,-434.14642333984375,5300.85546875,420.81646728515625,-290.7096862792969,5324.31591796875,465.7247924804687,-249.5819549560547,5253.90869140625,512.737548828125,-278.04217529296875,5165.0751953125,471.0659484863281,-290.5088806152344,5202.60205078125,138.65257263183594,-620.4580078125,4900.96826171875,81.27606964111328,-577.5860595703125,4795.93017578125,-31.966894149780273,-330.9078369140625,4775.47509765625,144.8730010986328,-206.3590850830078,4706.41259765625,214.8388671875,-139.10719299316406,4731.47265625,267.59124755859375,-53.00361633300781,4750.0634765625,212.05792236328125,-126.9698257446289,4702.859375,157.56076049804688,-143.77027893066406,5045.30322265625,192.76768493652344,210.54795837402344,4893.65576171875,75.91549682617188,559.8690795898438,4927.11328125,212.07986450195312,674.8593139648438,4894.9375,81.18569946289062,-132.03517150878906,4896.541015625,139.47451782226562,250.1123809814453,4891.91748046875,106.76084899902344,620.1275634765625,4933.28125,218.08250427246097,727.685546875,4871.61474609375,175.12644958496094,-730.7763061523438,4923.05517578125,317.8537292480469,-699.46923828125,4870.33251953125,309.72979736328125,-748.3955688476562,4891.966796875,233.23353576660156,-794.98046875,4975.61669921875,293.2397766113281,-735.5416259765625,4845.95068359375,172.70986938476562,-770.6292114257812,4829.08984375
112.12261962890624,-136.3886260986328,4968.5517578125,123.47061157226562,-303.7894287109375,4947.875,131.9207763671875,-437.7048034667969,4931.720703125,154.38975524902344,-642.022216796875,4923.20849609375,164.04815673828125,-608.2857666015625,4953.634765625,216.8697967529297,-581.0958862304688,5075.37109375,257.1662292480469,-437.8078002929687,5290.810546875,416.1341857910156,-289.3351745605469,5322.24169921875,467.4349365234375,-251.79534912109375,5256.7841796875,513.3240356445312,-278.4618835449219,5169.22314453125,470.7801818847656,-290.9185485839844,5204.783203125,135.58494567871094,-608.4690551757812,4896.5712890625,70.85460662841797,-574.2206420898438,4795.74267578125,-40.54933166503906,-331.89483642578125,4788.28271484375,131.34280395507812,-206.6210479736328,4722.76123046875,214.52191162109375,-161.01068115234375,4748.31884765625,248.97401428222656,-68.51914978027344,4768.0009765625,205.86122131347656,-141.54574584960938,4711.52001953125,157.2726287841797,-142.39663696289062,5041.9736328125,189.7689971923828,205.43650817871097,4894.1123046875,65.35890197753906,542.531005859375,4942.34375,197.57720947265625,656.4188232421875,4909.77001953125,71.40886688232422,-130.970947265625,4902.34375,137.20294189453125,242.2155914306641,4902.962890625,86.93881225585938,601.0576782226562,4957.02392578125,185.93771362304688,715.0513916015625,4894.73095703125,174.0202178955078,-716.37841796875,4914.4130859375,310.0925598144531,-696.97265625,4848.8935546875,303.4993591308594,-740.4766845703125,4878.5078125,234.2495574951172,-770.3678588867188,4972.00341796875,284.2900695800781,-735.5537109375,4833.1064453125,165.20611572265625,-770.5897827148438,4830.755859375
109.66397857666016,-138.96083068847656,4970.40380859375,120.50123596191406,-306.2314758300781,4950.2578125,127.0397720336914,-440.2272033691406,4935.4541015625,145.40219116210938,-644.7559814453125,4929.10302734375,156.2836456298828,-610.8873291015625,4958.86767578125,212.91419982910156,-583.927490234375,5078.7265625,266.3543701171875,-441.2662353515625,5291.27685546875,431.6903381347656,-299.09051513671875,5316.248046875,481.86907958984375,-260.9704284667969,5250.42724609375,525.2574462890625,-281.01861572265625,5160.0322265625,482.2212829589844,-293.4155578613281,5197.6953125,126.7490692138672,-611.2196655273438,4902.447265625,58.75468826293945,-576.8455810546875,4804.044921875,-52.24409866333008,-334.61480712890625,4802.99267578125,117.37054443359376,-210.311767578125,4731.017578125,204.9313201904297,-177.7797393798828,4761.037109375,244.24574279785156,-90.12311553955078,4790.5771484375,214.855712890625,-194.1910858154297,4784.75048828125,155.17332458496094,-144.8134307861328,5043.47900390625,190.7762451171875,201.20574951171875,4893.39697265625,68.78851318359375,538.9496459960938,4939.5791015625,197.18511962890625,658.5192260742188,4914.1591796875,68.6261978149414,-133.68325805664062,4904.50830078125,133.7451629638672,239.1065673828125,4904.58203125,82.47274017333984,597.0853271484375,4960.0751953125,181.78424072265625,709.5941162109375,4896.1748046875,163.40704345703125,-719.4804077148438,4920.8818359375,297.50079345703125,-698.4839477539062,4852.318359375,292.8968505859375,-740.7341918945312,4883.92919921875,226.2886199951172,-768.6348876953125,4979.724609375,272.8478698730469,-738.5487060546875,4838.7490234375,155.192626953125,-777.6431274414062,4840.02392578125
104.30078887939452,-140.52972412109375,4977.78125,117.7852020263672,-308.74884033203125,4961.75537109375,126.9373779296875,-443.4726867675781,4950.27685546875,146.60838317871094,-648.630859375,4941.41357421875,159.66021728515625,-614.6458740234375,4970.46044921875,229.52099609375,-594.698486328125,5085.22802734375,274.7936096191406,-452.3059692382813,5301.146484375,416.17828369140625,-283.95318603515625,5316.505859375,471.1416015625,-240.50900268554688,5257.65771484375,520.2699584960938,-275.7315673828125,5174.66845703125,474.2921447753906,-289.777587890625,5201.3564453125,125.4367218017578,-615.0235595703125,4916.44677734375,51.78165435791016,-579.86279296875,4821.82470703125,-55.9814567565918,-335.2242736816406,4832.70703125,118.27719116210938,-216.21240234375,4760.0732421875,193.9585876464844,-153.46661376953125,4766.44287109375,215.9173126220703,-55.44219207763672,4776.1220703125,212.14219665527344,-160.06137084960938,4785.943359375,159.35768127441406,-142.48675537109375,5044.64892578125,182.04893493652344,202.598876953125,4886.2236328125,65.47913360595703,535.7210083007812,4973.40185546875,185.5640411376953,664.5037231445312,4947.3076171875,54.65357208251953,-138.76499938964844,4917.48388671875,129.19369506835938,233.119140625,4894.4130859375,82.70227813720703,587.6138305664062,4978.82958984375,165.00157165527344,708.2503051757812,4904.69482421875,164.60960388183594,-723.4563598632812,4931.3349609375,298.4336853027344,-708.7213745117188,4859.31884765625,292.81549072265625,-750.5106201171875,4891.732421875,227.0081787109375,-774.5582885742188,4989.71630859375,271.7904968261719,-748.0888671875,4846.78662109375,152.23153686523438,-782.5167846679688,4851.1552734375
96.54293060302734,-146.39276123046875,4976.31103515625,110.24970245361328,-314.0087890625,4960.716796875,119.22462463378906,-448.32080078125,4950.15869140625,140.68359375,-652.1359252929688,4934.56591796875,154.64492797851562,-618.9426879882812,4963.83203125,224.5695037841797,-597.7373046875,5077.744140625,276.04229736328125,-450.92083740234375,5288.07080078125,417.9005126953125,-286.2397766113281,5319.20654296875,470.10101318359375,-241.0414123535156,5259.6884765625,513.2584838867188,-277.93365478515625,5174.595703125,472.3544616699219,-289.3158874511719,5202.09228515625,118.07527923583984,-618.2323608398438,4911.66748046875,36.33123779296875,-575.4783935546875,4828.0576171875,-60.22054672241211,-330.943359375,4872.06103515625,117.94982147216795,-207.62228393554688,4822.1748046875,199.8893585205078,-156.53988647460938,4804.544921875,255.26019287109375,-73.5880126953125,4791.76806640625,216.6870574951172,-160.0161590576172,4810.86083984375,156.48052978515625,-147.27032470703125,5038.42578125,165.94863891601562,200.25685119628903,4887.51318359375,75.5436782836914,537.3359985351562,4984.4521484375,185.2340545654297,669.2706298828125,4939.5537109375,42.49456024169922,-145.60142517089844,4920.2998046875,111.46102905273438,226.2869415283203,4903.7724609375,74.12286376953125,580.0197143554688,4990.0634765625,153.04762268066406,706.8101196289062,4924.3271484375,158.9660186767578,-726.1441650390625,4921.56787109375,289.1165771484375,-706.3408203125,4845.3408203125,285.397705078125,-749.3870239257812,4876.0166015625,224.1154937744141,-778.4814453125,4975.01953125,262.6513366699219,-745.416259765625,4832.2353515625,144.29428100585938,-781.749267578125,4839.779296875
103.9559097290039,-144.97300720214844,4978.470703125,114.70089721679688,-312.1231689453125,4963.14794921875,118.25093841552734,-446.3864440917969,4956.73095703125,143.63087463378906,-649.023193359375,4943.0263671875,158.3083038330078,-615.1917724609375,4970.8720703125,232.1292266845703,-593.0675659179688,5081.4345703125,283.77056884765625,-456.3449401855469,5297.10546875,410.2550048828125,-278.46295166015625,5310.2412109375,472.1465759277344,-228.74159240722656,5266.212890625,513.9522094726562,-278.6928405761719,5187.88916015625,471.63519287109375,-288.7416076660156,5199.78662109375,119.09246826171876,-616.162841796875,4921.00732421875,30.062593460083008,-577.9231567382812,4843.6552734375,-67.40667724609375,-332.77996826171875,4873.1630859375,115.0854034423828,-211.94427490234375,4906.7255859375,176.2841033935547,-157.86105346679688,4853.021484375,239.89537048339844,-109.59828186035156,4792.6015625,179.26544189453125,-163.1423797607422,4841.95849609375,169.0468292236328,-145.93531799316406,5034.61279296875,150.29592895507812,199.90687561035156,4884.650390625,75.08637237548828,535.2318725585938,4994.2138671875,195.1546173095703,657.6631469726562,4951.93310546875,45.26056289672851,-144.10525512695312,4927.845703125,112.3773956298828,226.2144317626953,4905.4970703125,75.59719848632812,576.1064453125,5000.77587890625,161.04367065429688,709.8399658203125,4965.85595703125,162.8743896484375,-722.4769287109375,4930.1806640625,281.10565185546875,-705.7230224609375,4836.9580078125,280.9915466308594,-748.1953125,4868.27294921875,233.6614990234375,-775.0991821289062,4974.6689453125,252.62600708007812,-744.3287963867188,4828.14697265625,136.3814697265625,-778.4633178710938,4852.224609375
103.95358276367188,-144.9698944091797,4978.494140625,114.69386291503906,-312.1219177246094,4963.1708984375,118.23041534423828,-446.3873596191406,4956.76513671875,143.5723114013672,-649.0321044921875,4943.08251953125,158.2576446533203,-615.2000122070312,4970.9228515625,232.0938415527344,-593.07958984375,5081.4775390625,283.8038330078125,-456.3450927734375,5297.12744140625,410.3437805175781,-278.4971618652344,5310.2236328125,472.2648315429687,-228.8112335205078,5266.19482421875,514.055908203125,-278.7722473144531,5187.8681640625,471.7488708496094,-288.81549072265625,5199.7763671875,119.0385513305664,-616.16943359375,4921.060546875,30.00874137878418,-577.9116821289062,4843.7158203125,-67.42109680175781,-332.7511291503906,4873.2314453125,115.08682250976562,-211.93685913085935,4906.79833984375,176.2760009765625,-157.81790161132812,4853.11865234375,239.6971435546875,-109.20857238769533,4792.77490234375,179.31304931640625,-163.0735321044922,4842.0869140625,169.0460205078125,-145.9339141845703,5034.6357421875,150.31268310546875,199.9180450439453,4884.6845703125,75.11241912841797,535.24072265625,4994.27294921875,195.0563812255859,657.7486572265625,4951.8544921875,45.25688171386719,-144.10060119628906,4927.869140625,112.39271545410156,226.2211151123047,4905.55322265625,75.59321594238281,576.1051635742188,5000.86669921875,161.03953552246094,709.8576049804688,4966.0126953125,162.8016815185547,-722.4915161132812,4930.24365234375,281.036376953125,-705.80615234375,4837.01025390625,280.9157409667969,-748.2619018554688,4868.3486328125,233.58132934570312,-775.1014404296875,4974.76025390625,252.5503692626953,-744.4125366210938,4828.22021484375,136.29945373535156,-778.51611328125,4852.31689453125
117.13446807861328,-138.22201538085938,4978.8515625,122.56619262695312,-306.837158203125,4966.509765625,119.28726196289062,-442.0128479003906,4968.49560546875,141.69412231445312,-646.5186767578125,4961.57373046875,161.43032836914062,-611.1786499023438,4984.4052734375,251.0163116455078,-584.0167846679688,5082.4228515625,302.31781005859375,-424.9054870605469,5284.16943359375,387.6781005859375,-223.77699279785156,5309.080078125,475.1312255859375,-208.94383239746097,5287.45947265625,484.2925109863281,-258.5218200683594,5198.2724609375,455.3865051269531,-290.2937316894531,5214.3466796875,113.33972930908205,-614.4630737304688,4942.5986328125,9.975321769714355,-588.1532592773438,4878.013671875,-80.32943725585938,-337.0676574707031,4869.46923828125,98.50452423095705,-209.36984252929688,4833.36669921875,179.86495971679688,-174.7825469970703,4876.35302734375,227.8513031005859,-94.71653747558594,4914.13720703125,190.21925354003903,-174.27236938476562,4877.90380859375,189.8623962402344,-139.29965209960938,5025.58154296875,127.51976776123048,210.51426696777344,4892.0908203125,77.58537292480469,522.364990234375,5070.5478515625,148.50515747070312,684.8037719726562,5058.962890625,51.55249786376953,-137.25025939941406,4936.7138671875,102.30158233642578,237.62159729003903,4910.98876953125,65.6786117553711,573.0939331054688,5054.13720703125,130.46560668945312,721.2001342773438,5078.10205078125,158.26455688476562,-721.1923217773438,4949.4130859375,247.9545135498047,-712.0590209960938,4826.59375,260.7270812988281,-748.2559204101562,4863.2412109375,244.127685546875,-759.2835083007812,4981.775390625,223.03237915039065,-754.017333984375,4831.56591796875,120.6037139892578,-792.678466796875,4890.267578125
108.80773162841795,-138.6159210205078,4978.162109375,118.66986083984376,-308.5385437011719,4966.39599609375,119.87525939941406,-444.9227294921875,4967.94384765625,137.4984130859375,-651.7882080078125,4969.93896484375,158.625,-615.6396484375,4991.013671875,255.78298950195312,-592.6114501953125,5084.39208984375,297.8139953613281,-418.8813171386719,5279.0517578125,372.277099609375,-212.48873901367188,5311.55029296875,460.191650390625,-189.6640167236328,5296.37646484375,483.4163513183594,-249.76693725585935,5215.58935546875,444.954345703125,-278.8603515625,5223.876953125,109.3469009399414,-619.6621704101562,4949.81396484375,4.436016082763672,-599.01806640625,4883.5947265625,-99.98519897460938,-350.85784912109375,4878.96826171875,86.4858627319336,-231.89488220214844,4839.87109375,165.20211791992188,-187.20654296875,4880.34326171875,181.0374298095703,-91.1485824584961,4909.30908203125,174.54254150390625,-181.607421875,4874.7646484375,183.22837829589844,-137.4425811767578,5023.59375,109.123046875,217.54844665527344,4900.85009765625,81.05685424804688,514.8655395507812,5112.24951171875,142.18540954589844,683.1076049804688,5119.705078125,41.699363708496094,-139.67398071289062,4937.19482421875,100.62053680419922,238.0615234375,4926.9443359375,56.01360702514648,575.7206420898438,5070.82861328125,119.58922576904295,725.2825317382812,5098.39501953125,152.2263946533203,-727.9642333984375,4960.828125,243.41021728515625,-729.0385131835938,4837.1376953125,251.34605407714844,-767.3788452148438,4873.63818359375,233.0186004638672,-777.7391357421875,4993.03173828125,212.9676055908203,-767.7877807617188,4841.591796875,105.31987762451172,-793.7505493164062,4900.22509765625
104.032470703125,-150.9004669189453,4966.85986328125,115.715087890625,-316.1781005859375,4956.802734375,118.15235137939452,-448.74072265625,4962.4423828125,139.09750366210938,-649.5654296875,4956.46875,161.0785369873047,-614.5520629882812,4975.72314453125,264.5656433105469,-565.8887939453125,5043.6455078125,294.14556884765625,-382.1654968261719,5221.07373046875,321.6995544433594,-182.27523803710935,5297.5927734375,401.2155456542969,-165.29360961914062,5335.22216796875,453.2652587890625,-215.5225524902344,5265.39599609375,414.8587341308594,-251.3482208251953,5247.57373046875,109.20225524902344,-618.3671264648438,4940.8671875,3.1333043575286865,-593.6434326171875,4885.0947265625,-101.76553344726562,-353.8155517578125,4895.7685546875,69.89201354980469,-227.99966430664065,4846.16015625,153.03453063964844,-197.30987548828125,4884.25927734375,203.5685577392578,-121.09976196289062,4921.72998046875,162.00537109375,-190.96246337890625,4876.80615234375,179.68936157226562,-147.88136291503906,5005.12939453125,140.09378051757812,211.9710693359375,5092.78857421875,87.64872741699219,548.9661865234375,5194.8017578125,163.32888793945312,686.9137573242188,5119.7958984375,35.809322357177734,-153.6229248046875,4932.3505859375,64.33045196533203,217.31182861328125,4938.7734375,39.77089309692383,561.0154418945312,5042.05859375,78.56035614013672,706.2166137695312,4986.10302734375,153.75381469726562,-723.0760498046875,4943.896484375,226.45654296875,-737.6295776367188,4814.06591796875,241.7349090576172,-768.1699829101562,4853.38525390625,239.5247039794922,-760.6278686523438,4971.076171875,200.9571228027344,-775.9942626953125,4828.03857421875,106.74935913085938,-798.5436401367188,4902.04931640625
106.4588851928711,-153.89031982421875,4969.103515625,112.98146057128906,-319.1970520019531,4958.775390625,114.10785675048828,-451.7062377929687,4958.2431640625,121.67236328125,-653.2424926757812,4962.01318359375,146.04783630371094,-618.9213256835938,4979.38525390625,257.5212707519531,-577.5108642578125,5038.541015625,286.5067443847656,-390.0851440429687,5211.6083984375,310.76312255859375,-196.8594665527344,5303.873046875,389.31787109375,-182.0498504638672,5344.04736328125,442.13177490234375,-219.7964782714844,5267.4658203125,413.2571105957031,-250.2945098876953,5249.79833984375,93.81231689453124,-620.9685668945312,4945.08203125,-11.212095260620115,-597.6685791015625,4887.14599609375,-100.72174835205078,-351.8535461425781,4885.80078125,69.55306243896484,-220.53187561035156,4848.6318359375,151.66983032226562,-194.36170959472656,4891.65966796875,202.8360137939453,-121.16592407226562,4933.638671875,160.4621124267578,-184.76638793945312,4880.74560546875,181.32647705078125,-153.4131317138672,5008.74755859375,141.32899475097656,207.5059509277344,5089.28662109375,81.48770141601562,544.563720703125,5185.05517578125,163.65655517578125,687.0199584960938,5128.04150390625,38.94749450683594,-154.3206329345703,4933.3544921875,69.94676208496094,215.59283447265625,4949.30517578125,46.35319519042969,559.1273803710938,5051.5810546875,93.86589813232422,711.5279541015625,5038.849609375,131.31683349609375,-727.9811401367188,4952.998046875,224.93768310546875,-737.3585205078125,4837.0810546875,228.7078094482422,-774.1532592773438,4873.63720703125,205.14923095703125,-780.3250732421875,4988.87646484375,192.8965606689453,-772.9949340820312,4840.83544921875,84.5011215209961,-790.3523559570312,4893.44580078125
109.50203704833984,-156.97940063476562,4966.8359375,116.3003921508789,-319.64984130859375,4953.2841796875,114.21031188964844,-450.224609375,4955.52734375,121.39981079101562,-648.8987426757812,4953.4873046875,146.13815307617188,-615.5789184570312,4970.5908203125,256.2376708984375,-580.3893432617188,5032.0478515625,306.9576110839844,-411.249755859375,5213.31884765625,342.0494079589844,-211.43499755859375,5276.20654296875,387.8781433105469,-169.665283203125,5338.90283203125,436.8839111328125,-221.2350921630859,5270.1259765625,453.6875305175781,-256.1063537597656,5265.4423828125,93.38001251220705,-616.6142578125,4938.75634765625,-14.524221420288086,-593.6560668945312,4890.45263671875,-127.78382110595705,-362.1968078613281,4899.6650390625,33.44877243041992,-232.5072021484375,4840.9599609375,121.65604400634766,-214.9901580810547,4871.412109375,182.7948303222656,-147.2208251953125,4905.01806640625,130.51962280273438,-209.36199951171875,4863.0849609375,181.88156127929688,-157.4228515625,5008.46875,147.51490783691406,199.15472412109375,5086.39599609375,95.87059783935548,533.64599609375,5176.96923828125,162.5600128173828,684.4039306640625,5129.47021484375,44.23423767089844,-156.5795135498047,4929.2939453125,68.22669982910156,207.49575805664065,4960.69091796875,49.38143539428711,546.5801391601562,5060.7802734375,87.37437438964844,699.7693481445312,5062.599609375,130.40489196777344,-722.2996826171875,4942.21826171875,211.622802734375,-734.3934326171875,4820.10791015625,217.8404998779297,-770.4776000976562,4855.9755859375,204.98275756835935,-775.2420043945312,4971.25439453125,179.76710510253906,-768.781494140625,4826.99462890625,77.77847290039062,-783.1486206054688,4888.53955078125
111.18760681152344,-157.57574462890625,4967.67333984375,114.78469848632812,-321.3720703125,4955.9013671875,111.53573608398438,-452.6286315917969,4958.17431640625,110.8202133178711,-652.434814453125,4952.46728515625,137.71319580078125,-620.239501953125,4969.10400390625,252.54937744140625,-581.8781127929688,5020.71728515625,295.9923400878906,-413.9974060058594,5206.896484375,319.5931396484375,-217.1267852783203,5286.18115234375,377.0191345214844,-181.46226501464844,5343.54248046875,434.63671875,-221.0315093994141,5272.748046875,429.1187438964844,-250.74365234375,5249.17919921875,83.32709503173828,-618.6483764648438,4939.4619140625,-24.747892379760746,-588.2118530273438,4894.13818359375,-132.74197387695312,-356.52215576171875,4937.30712890625,20.142898559570312,-225.34764099121097,4858.67919921875,112.05838775634766,-206.1665954589844,4875.88427734375,182.51502990722656,-143.39622497558594,4901.5400390625,117.9304428100586,-196.80014038085935,4863.54345703125,185.5485992431641,-158.741943359375,5006.62060546875,147.23355102539062,198.82894897460935,5087.4453125,90.65418243408205,533.6884155273438,5181.00244140625,158.76467895507812,677.5700073242188,5114.59814453125,44.13303756713867,-156.52413940429688,4932.552734375,65.70419311523438,208.6691436767578,4974.193359375,49.85681915283203,552.3062744140625,5065.69091796875,94.85576629638672,699.1514892578125,5025.75048828125,116.46784973144533,-726.304931640625,4939.51611328125,200.6625213623047,-734.0365600585938,4818.10888671875,204.0153656005859,-773.1021728515625,4851.55078125,187.72222900390625,-785.50390625,4966.45947265625,166.68174743652344,-767.2210693359375,4821.7373046875,61.88661575317383,-780.4667358398438,4879.9990234375
109.42091369628906,-157.0010528564453,4965.7080078125,114.26776123046876,-320.8540954589844,4952.45947265625,113.0237045288086,-452.3219604492187,4951.51123046875,113.49309539794922,-652.454833984375,4951.35791015625,141.35211181640625,-619.6066284179688,4965.0107421875,259.9811096191406,-579.301025390625,5005.8505859375,281.7205505371094,-393.7829895019531,5179.064453125,295.6054382324219,-209.67564392089844,5286.880859375,344.614990234375,-181.3054656982422,5355.236328125,414.79437255859375,-207.58447265625,5289.6171875,406.6222839355469,-252.4507293701172,5261.3291015625,84.77779388427734,-619.1696166992188,4939.5625,-24.49202537536621,-588.2337646484375,4897.138671875,-142.4348602294922,-357.4557800292969,4911.35107421875,26.23921585083008,-239.0488739013672,4844.9716796875,113.3352279663086,-214.2623748779297,4875.54296875,202.53125,-184.37435913085935,4902.6845703125,120.71930694580078,-205.20291137695312,4862.6728515625,183.67901611328125,-157.9876251220703,5005.07568359375,152.0200653076172,200.79324340820312,5085.47705078125,103.15808868408205,537.8616333007812,5177.0537109375,165.03530883789062,689.0151977539062,5120.9541015625,42.4591064453125,-156.11141967773438,4930.2080078125,53.99509048461914,209.8484649658203,4973.076171875,41.86308288574219,553.4970703125,5066.76806640625,72.70911407470703,693.8828125,4999.05078125,118.73824310302734,-726.7139282226562,4940.02880859375,194.1511993408203,-734.996337890625,4812.80419921875,200.24969482421875,-773.7413330078125,4846.32763671875,192.35362243652344,-785.1288452148438,4962.365234375,160.77220153808594,-768.4583129882812,4819.189453125,60.43137741088867,-781.9824829101562,4885.0400390625
104.75529479980467,-158.2378692626953,4966.423828125,109.10956573486328,-321.5210266113281,4950.57763671875,105.22618865966795,-452.6533508300781,4951.890625,107.73434448242188,-652.3399658203125,4950.66748046875,135.4626922607422,-619.3463745117188,4963.91064453125,258.1009521484375,-581.1519165039062,4992.05712890625,277.5222473144531,-390.3215026855469,5158.85693359375,291.2063903808594,-211.16883850097656,5273.8994140625,323.59173583984375,-183.34933471679688,5351.50732421875,407.7643432617187,-200.23191833496097,5301.41455078125,405.7123107910156,-252.2143096923828,5269.607421875,78.51358032226562,-619.3639526367188,4939.64501953125,-29.964134216308594,-592.5249633789062,4893.3173828125,-146.8810577392578,-364.4541931152344,4930.703125,16.563533782958984,-243.8273773193359,4857.1337890625,107.55609130859376,-226.616943359375,4879.9345703125,192.02035522460935,-184.0228576660156,4904.3583984375,112.55860137939452,-213.8627166748047,4863.34912109375,178.97862243652344,-160.04531860351562,5005.44384765625,152.50453186035156,198.47119140625,5085.283203125,105.29473876953124,535.0051879882812,5176.7939453125,164.02847290039062,690.216796875,5130.36279296875,37.82485580444336,-156.60801696777344,4931.23828125,53.8974494934082,208.6825408935547,4971.5126953125,44.13492584228515,549.8505859375,5071.44677734375,72.15745544433594,693.5275268554688,5010.54296875,113.50007629394533,-726.3237915039062,4938.86767578125,181.32603454589844,-732.5904541015625,4807.6865234375,190.14361572265625,-771.2402954101562,4840.5390625,189.30224609375,-783.1790161132812,4956.53515625,149.1310272216797,-766.677978515625,4815.837890625,53.325157165527344,-782.4548950195312,4887.2353515625
104.99222564697266,-158.63291931152344,4966.5830078125,109.40947723388672,-322.1061096191406,4950.85595703125,105.64671325683594,-453.38568115234375,4952.146484375,108.5008544921875,-653.2830810546875,4950.50927734375,136.23062133789062,-620.2323608398438,4963.77490234375,258.9462585449219,-581.734619140625,4991.8427734375,277.8900146484375,-389.85101318359375,5157.9111328125,290.9090270996094,-208.6390838623047,5270.20556640625,323.43511962890625,-179.27908325195312,5347.2958984375,406.67535400390625,-196.98695373535156,5295.73583984375,406.1092224121094,-247.99642944335935,5265.96826171875,79.16752624511719,-620.2993774414062,4939.6044921875,-29.779613494873047,-593.461669921875,4894.0380859375,-146.3361358642578,-365.5079956054687,4935.05029296875,16.19645881652832,-244.242431640625,4859.8349609375,107.56551361083984,-227.1604156494141,4881.6416015625,192.27487182617188,-184.4444580078125,4905.4228515625,111.98200225830078,-213.59568786621097,4864.3740234375,179.31613159179688,-160.3794708251953,5005.61181640625,153.1494598388672,198.7107391357422,5084.82958984375,107.0869369506836,536.0396118164062,5175.4755859375,165.9024658203125,689.8033447265625,5123.9150390625,37.9710807800293,-157.0579833984375,4931.3896484375,53.91579818725586,208.6478576660156,4971.6220703125,43.973899841308594,550.3931274414062,5070.94921875,73.30070495605469,693.5219116210938,5008.92724609375,114.375732421875,-727.3134155273438,4938.53271484375,179.18934631347656,-733.3873291015625,4805.6484375,188.35484313964844,-772.3959350585938,4838.06689453125,190.03765869140625,-785.1406860351562,4954.0966796875,146.79420471191406,-767.2294921875,4814.3173828125,52.3786735534668,-782.5154418945312,4887.86376953125
103.62200927734376,-158.66134643554688,4960.97705078125,105.77283477783205,-322.96929931640625,4944.9052734375,98.32830810546876,-454.6996154785156,4948.67333984375,94.14965057373048,-655.5641479492188,4950.93701171875,122.47181701660156,-623.0628051757812,4965.048828125,243.1393585205078,-595.0717163085938,5011.50341796875,288.7086181640625,-368.2003173828125,5120.3916015625,328.3125,-174.26466369628906,5203.419921875,298.7735290527344,-126.6474609375,5272.712890625,387.5716247558594,-121.83512878417967,5318.44677734375,400.9407653808594,-188.6112823486328,5309.45654296875,66.45308685302734,-621.6511840820312,4937.86962890625,-43.27617645263672,-592.3532104492188,4894.1240234375,-152.21929931640625,-363.8876037597656,4956.06640625,6.196066856384277,-250.46420288085935,4859.69970703125,101.99102020263672,-252.1153106689453,4864.923828125,179.83273315429688,-194.86105346679688,4882.92529296875,106.46785736083984,-240.25555419921875,4847.94580078125,177.49620056152344,-161.67279052734375,5001.64990234375,152.71449279785156,199.42091369628903,5080.77734375,108.15351104736328,539.2601318359375,5169.6201171875,185.63929748535156,689.9677734375,5132.99169921875,37.00640106201172,-155.94580078125,4924.30078125,45.29861831665039,207.17010498046875,4995.34033203125,42.603153228759766,552.5816650390625,5088.63818359375,80.28392791748047,696.9609375,5032.2548828125,98.0098114013672,-730.3536987304688,4940.6123046875,162.34963989257812,-720.517822265625,4806.90234375,176.26150512695312,-760.3684692382812,4836.9287109375,180.342041015625,-780.196533203125,4952.49072265625,133.9848175048828,-758.5299072265625,4813.4658203125,42.0831184387207,-789.3253784179688,4886.3232421875
101.2642593383789,-154.27127075195312,4959.12744140625,104.66761016845705,-316.5005798339844,4944.5810546875,98.01681518554688,-446.4925537109375,4949.17822265625,97.95858001708984,-644.7471313476562,4949.68310546875,125.58628845214844,-612.235107421875,4963.21337890625,240.60183715820312,-571.938720703125,5009.99462890625,300.4521179199219,-363.7657165527344,5139.46240234375,349.1054382324219,-168.49624633789062,5205.50341796875,302.53790283203125,-124.30567932128906,5265.59326171875,376.0547180175781,-90.5206527709961,5322.07421875,290.2449951171875,-89.99314880371094,5262.18408203125,69.64820861816406,-611.7384643554688,4937.77294921875,-41.62626647949219,-582.8654174804688,4903.03857421875,-161.88233947753906,-357.8262023925781,4934.7900390625,-9.215429306030272,-231.89190673828125,4852.1162109375,82.93826293945312,-252.4346160888672,4859.16748046875,152.44436645507812,-188.8344268798828,4882.20458984375,94.46022033691406,-230.9201507568359,4845.72021484375,173.3596649169922,-156.48873901367188,5000.7255859375,153.60623168945312,201.30499267578125,5073.10986328125,114.39186096191406,538.9400024414062,5153.9169921875,182.48098754882812,693.7335815429688,5128.05224609375,36.252655029296875,-152.27169799804688,4921.61669921875,36.946781158447266,207.28753662109375,4985.453125,21.964191436767575,550.3330078125,5067.5625,75.32431030273438,694.9542236328125,5035.76513671875,103.00613403320312,-718.3594970703125,4938.72509765625,157.8422088623047,-712.0440673828125,4802.765625,170.28823852539062,-752.7626953125,4831.04296875,180.52870178222656,-774.1694946289062,4944.34912109375,127.36941528320312,-747.226806640625,4810.8720703125,39.65575408935547,-771.099365234375,4888.66259765625
95.34502410888672,-151.9252471923828,4955.99853515625,96.3793487548828,-314.6953125,4941.15771484375,88.34624481201172,-445.0216674804687,4946.14990234375,85.35155487060547,-643.786865234375,4939.36376953125,114.48157501220705,-612.0435791015625,4952.025390625,235.2607879638672,-566.33935546875,4973.84326171875,297.8279724121094,-347.7793273925781,5085.26123046875,338.0706787109375,-143.9685821533203,5129.91845703125,295.88275146484375,-94.14112091064452,5189.24951171875,313.91375732421875,-20.740434646606445,5253.181640625,300.9203796386719,-46.64936828613281,5155.841796875,56.64151763916016,-609.8997192382812,4930.78369140625,-56.7347412109375,-579.806640625,4903.27294921875,-156.7208709716797,-343.82513427734375,4932.61474609375,1.089334487915039,-231.22039794921875,4839.23876953125,93.53456115722656,-252.3697052001953,4844.6552734375,155.93687438964844,-180.7345733642578,4865.697265625,107.7231674194336,-238.42056274414065,4838.68017578125,169.2548370361328,-154.99429321289062,4994.81103515625,152.1486053466797,203.7293701171875,5069.2841796875,112.50025939941406,542.1998901367188,5151.322265625,186.4383850097656,694.9109497070312,5125.4306640625,28.697303771972656,-149.1577606201172,4920.99951171875,40.4713020324707,210.435302734375,4990.1826171875,33.22631072998047,553.5863037109375,5077.69287109375,90.14923095703124,699.1847534179688,5055.4033203125,88.48451232910156,-717.2293701171875,4925.322265625,150.5892333984375,-716.4031372070312,4791.84814453125,164.3070526123047,-754.1077270507812,4823.7822265625,169.58921813964844,-766.7041625976562,4939.1201171875,122.18468475341795,-753.2313842773438,4800.9921875,31.804319381713867,-778.1547241210938,4875.95166015625
95.15467834472656,-156.56951904296875,4958.8857421875,96.90843963623048,-320.62347412109375,4945.48779296875,90.11441040039062,-451.8852844238281,4951.97021484375,86.17479705810547,-651.897705078125,4941.6669921875,115.3131103515625,-620.3259887695312,4955.78955078125,237.1525115966797,-589.4697875976562,4995.79052734375,321.204345703125,-385.2505798339844,5123.22998046875,356.59283447265625,-175.70584106445312,5098.0322265625,335.1037292480469,-151.25074768066406,5180.69921875,327.2203369140625,-103.86541748046876,5268.06201171875,316.0252990722656,-159.2714080810547,5208.61669921875,57.71157455444336,-617.4547729492188,4932.78271484375,-54.8461799621582,-584.0202026367188,4902.18115234375,-151.1488037109375,-343.5655212402344,4922.21875,31.512619018554688,-254.4233856201172,4847.04150390625,123.89641571044922,-264.3667907714844,4869.7958984375,196.7650909423828,-204.67835998535156,4896.830078125,131.6182861328125,-250.9543914794922,4849.0361328125,171.0784149169922,-158.71261596679688,4995.0654296875,168.0556640625,205.09255981445312,5058.9091796875,136.18838500976562,546.5289916992188,5142.7060546875,195.6113739013672,707.77392578125,5124.08251953125,26.690916061401367,-154.6370086669922,4926.2607421875,30.230876922607425,209.25238037109375,4987.234375,23.537933349609375,556.156494140625,5070.087890625,57.53484725952149,695.2759399414062,5000.93994140625,89.31947326660156,-725.6325073242188,4926.3720703125,151.46897888183594,-707.342529296875,4793.0126953125,164.949951171875,-749.454833984375,4819.69384765625,170.47276306152344,-777.7576293945312,4933.05224609375,122.47270965576172,-745.0247192382812,4797.26123046875,31.398218154907227,-779.0989379882812,4869.08447265625
86.43324279785156,-148.31126403808594,4957.34375,89.67396545410156,-309.0160827636719,4938.5166015625,86.03347778320312,-438.3156433105469,4941.27880859375,83.66519927978516,-634.9888916015625,4931.27783203125,112.81055450439452,-603.6369018554688,4943.2998046875,233.9094696044922,-574.4200439453125,4979.31689453125,287.48345947265625,-389.3144226074219,5139.6435546875,333.02069091796875,-234.99319458007812,5275.20751953125,284.8717346191406,-265.1017150878906,5341.57861328125,268.2505187988281,-275.8353271484375,5437.57958984375,281.4526672363281,-329.6952819824219,5326.248046875,54.80528259277344,-601.4351196289062,4924.3994140625,-59.600379943847656,-576.1265869140625,4901.9833984375,-148.90216064453125,-338.3726501464844,4929.13916015625,24.680644989013672,-259.6310119628906,4833.93994140625,116.23771667480467,-277.5892333984375,4845.79150390625,199.8743438720703,-232.59767150878903,4862.015625,119.36126708984376,-256.9792175292969,4816.59423828125,164.5159149169922,-149.92779541015625,4984.5830078125,179.78907775878906,208.2269744873047,5042.658203125,155.02418518066406,541.7339477539062,5135.462890625,192.5297393798828,707.1074829101562,5124.30224609375,16.02265167236328,-146.85354614257812,4932.78076171875,26.9995174407959,212.76266479492188,4979.17919921875,25.578577041625977,554.2201538085938,5059.2119140625,48.96281051635742,700.434814453125,5009.0029296875,86.56953430175781,-707.4428100585938,4916.0185546875,150.33700561523438,-700.724365234375,4785.11376953125,157.7966766357422,-742.916259765625,4812.35693359375,158.77944946289062,-768.6820678710938,4924.42724609375,117.12487030029295,-733.5475463867188,4789.830078125,23.4837646484375,-753.2332763671875,4860.32666015625
84.54370880126953,-150.1560516357422,4955.86181640625,87.2457504272461,-312.0760803222656,4940.9912109375,82.98681640625,-441.8757629394531,4947.03173828125,83.05465698242188,-639.3184204101562,4933.58349609375,111.46683502197266,-607.7511596679688,4947.45703125,229.9139862060547,-574.58935546875,4990.4736328125,278.9419250488281,-395.734619140625,5160.94140625,320.1627197265625,-246.2522735595703,5304.6572265625,264.828369140625,-259.214599609375,5371.548828125,270.50640869140625,-243.38912963867188,5468.5986328125,249.27032470703125,-319.3574523925781,5368.17626953125,54.04142761230469,-605.762451171875,4925.97607421875,-59.298057556152344,-576.2454223632812,4900.41455078125,-155.90481567382812,-338.9830322265625,4916.20751953125,27.878671646118164,-260.36138916015625,4839.53076171875,114.74252319335938,-248.859375,4804.11474609375,190.6309356689453,-256.6388854980469,4863.7265625,133.37994384765625,-294.233642578125,4792.68017578125,162.7941131591797,-151.42100524902344,4983.85400390625,187.21278381347656,209.76483154296875,5029.85595703125,158.53851318359375,541.0830078125,5134.8994140625,204.7288055419922,704.8065795898438,5119.98486328125,13.981878280639648,-149.015380859375,4930.62060546875,24.77351951599121,213.0140838623047,4971.8447265625,19.44100570678711,554.1526489257812,5060.14306640625,51.593318939208984,695.5479125976562,4999.65673828125,87.37715148925781,-711.820556640625,4917.17626953125,138.94664001464844,-697.1477661132812,4780.8671875,152.2385711669922,-739.3017578125,4806.35205078125,165.17405700683594,-767.234375,4917.73486328125,108.91561889648438,-732.890869140625,4787.5537109375,23.298572540283203,-761.8576049804688,4865.6201171875
84.3826904296875,-149.2001190185547,4956.68115234375,86.93431854248047,-311.0106506347656,4941.689453125,82.6197738647461,-440.74176025390625,4947.42919921875,83.37855529785156,-637.9769897460938,4932.80810546875,111.55498504638672,-606.43310546875,4947.11962890625,228.1370849609375,-571.3659057617188,4993.3564453125,264.00274658203125,-390.8277893066406,5165.0927734375,294.1620788574219,-239.8799591064453,5309.82763671875,219.7850646972656,-248.8448181152344,5355.46337890625,179.3437042236328,-237.24191284179688,5444.4541015625,190.97268676757812,-283.512451171875,5348.1376953125,54.356937408447266,-604.4788208007812,4925.1435546875,-58.69513320922851,-575.0433959960938,4898.58154296875,-157.08522033691406,-338.65313720703125,4913.861328125,27.849315643310547,-258.5570983886719,4841.99853515625,115.52578735351562,-246.36817932128903,4809.056640625,191.77764892578125,-254.80079650878903,4868.01513671875,124.09510040283205,-291.51055908203125,4785.2685546875,162.5728759765625,-150.56158447265625,4984.6845703125,187.54493713378903,210.63442993164065,5028.4697265625,161.871826171875,542.3869018554688,5132.19580078125,205.84896850585935,706.4763793945312,5115.88427734375,13.87515640258789,-147.97242736816406,4931.42919921875,25.145235061645508,213.52413940429688,4975.13720703125,18.922029495239254,553.8954467773438,5065.44677734375,51.110252380371094,695.1083984375,5004.8056640625,88.0560531616211,-710.3218383789062,4916.01708984375,139.3805389404297,-696.6661376953125,4779.607421875,152.780517578125,-738.5599975585938,4805.39990234375,165.91294860839844,-765.5449829101562,4916.9189453125,109.44654083251952,-732.3894653320312,4786.62158203125,24.04446601867676,-760.868408203125,4864.98974609375
77.33155822753906,-146.18919372558594,4950.962890625,78.57975006103516,-308.3355407714844,4936.86572265625,73.39742279052734,-438.1790771484375,4943.59375,74.8689193725586,-636.0222778320312,4934.2509765625,102.75502014160156,-603.9830322265625,4948.232421875,219.90626525878903,-565.6876220703125,4990.8701171875,263.8666076660156,-409.2817687988281,5183.65283203125,300.8646545410156,-278.8082275390625,5346.07958984375,223.19174194335935,-289.0406188964844,5385.826171875,183.3164520263672,-290.0348205566406,5475.97607421875,194.91424560546875,-329.5369873046875,5369.6708984375,45.86927032470703,-602.771728515625,4925.1669921875,-64.84864807128906,-568.49365234375,4894.15673828125,-144.752197265625,-324.9071960449219,4910.568359375,48.71358108520508,-264.36370849609375,4841.13623046875,143.22312927246094,-267.30413818359375,4838.58544921875,236.5472412109375,-245.41119384765625,4824.42724609375,158.46058654785156,-312.3800354003906,4807.8330078125,155.99847412109375,-147.93035888671875,4977.955078125,190.68060302734375,213.7085723876953,5015.5,161.62249755859375,542.4794921875,5129.083984375,203.01849365234375,707.1630859375,5109.66943359375,6.394147872924805,-144.61912536621094,4926.62353515625,18.12881851196289,217.22219848632812,4971.8056640625,17.108287811279297,558.5531616210938,5060.71533203125,39.33739471435547,703.3843383789062,5003.64501953125,80.0173110961914,-708.88330078125,4919.46337890625,133.0460968017578,-689.403564453125,4784.18603515625,147.48736572265625,-731.6365966796875,4808.9931640625,159.810302734375,-761.5303344726562,4920.03759765625,104.20256042480467,-726.3636474609375,4789.658203125,18.485031127929688,-760.0855712890625,4865.83837890625
76.98442840576172,-147.4836883544922,4949.84033203125,77.3479232788086,-309.5555114746094,4935.2314453125,71.82905578613281,-439.4111022949219,4940.84912109375,70.02069854736328,-637.0122680664062,4927.97509765625,98.80231475830078,-605.6472778320312,4941.63818359375,219.4826507568359,-568.790771484375,4974.49755859375,277.13751220703125,-419.8536376953125,5169.5048828125,325.6832275390625,-295.8111572265625,5333.86083984375,246.3068084716797,-297.5450134277344,5371.42138671875,203.63058471679688,-297.8131103515625,5460.26220703125,211.97286987304688,-304.1490478515625,5364.25537109375,41.26473236083984,-603.1911010742188,4920.39404296875,-69.70056915283203,-568.0826416015625,4891.35546875,-152.83953857421875,-325.08489990234375,4892.412109375,45.22188186645508,-267.9609680175781,4834.06005859375,139.09461975097656,-271.45269775390625,4844.97998046875,233.70489501953125,-250.72738647460935,4842.82666015625,132.70774841308594,-321.21539306640625,4767.576171875,155.80909729003906,-149.6900177001953,4976.279296875,192.9704437255859,212.1862335205078,5007.97900390625,168.98052978515625,539.4976196289062,5126.62744140625,196.62811279296875,706.3623657226562,5102.3173828125,5.904748916625977,-145.494140625,4925.99951171875,18.72903823852539,215.99508666992188,4973.0576171875,19.084932327270508,557.1760864257812,5062.25927734375,39.04591369628906,701.029052734375,5002.05224609375,73.60540008544922,-709.6455688476562,4911.7529296875,120.52877044677734,-693.2968139648438,4773.86328125,135.4159698486328,-735.3549194335938,4798.6826171875,152.44017028808594,-763.63818359375,4909.5029296875,91.37315368652344,-729.6506958007812,4781.3046875,8.79865550994873,-760.6317749023438,4861.951171875
73.13345336914062,-148.02328491210938,4950.9794921875,71.78987121582031,-310.3760681152344,4936.63623046875,65.83895874023438,-440.3741149902344,4943.26953125,62.81479263305664,-638.2481079101562,4929.92626953125,92.39057159423828,-606.9505615234375,4942.212890625,216.31285095214844,-568.130126953125,4956.09814453125,287.666748046875,-412.4376220703125,5141.58984375,347.72210693359375,-282.4790954589844,5297.8076171875,280.55731201171875,-299.5094299316406,5352.01171875,219.4651031494141,-311.8990478515625,5428.55859375,260.5495910644531,-357.90771484375,5332.19970703125,33.759098052978516,-604.2733154296875,4923.90478515625,-76.18913269042969,-568.6058959960938,4891.12353515625,-157.89573669433594,-324.9349365234375,4902.1533203125,36.5460205078125,-270.54132080078125,4829.50537109375,127.78294372558594,-285.3333740234375,4850.22509765625,218.0183563232422,-276.35662841796875,4884.75634765625,145.31996154785156,-309.8965148925781,4760.18017578125,153.53724670410156,-150.5999755859375,4972.6142578125,198.2252960205078,210.9705047607422,5004.84375,174.52865600585938,537.15478515625,5128.21142578125,194.35418701171875,705.3941040039062,5103.80712890625,0.6298273801803589,-145.69976806640625,4931.470703125,14.91115665435791,216.6532287597656,4975.94091796875,19.703880310058594,558.4789428710938,5064.78662109375,36.885284423828125,699.8448486328125,4997.578125,65.36791229248047,-710.9590454101562,4913.31103515625,133.4565887451172,-691.4276733398438,4784.7255859375,143.0196075439453,-734.96044921875,4809.7919921875,141.9569854736328,-767.8997802734375,4920.822265625,102.2977294921875,-726.9423217773438,4786.14794921875,7.243335247039795,-757.6796264648438,4852.087890625
74.5365219116211,-149.66131591796875,4952.1171875,72.9498062133789,-311.1583557128906,4935.32470703125,66.74778747558594,-440.7390747070313,4939.9453125,64.0001449584961,-637.6069946289062,4923.201171875,93.0289077758789,-606.6919555664062,4937.046875,216.2390289306641,-573.4646606445312,4962.4091796875,291.5686950683594,-416.4258728027344,5143.85498046875,354.8575744628906,-285.1547546386719,5296.57763671875,298.2598876953125,-312.2343444824219,5357.7685546875,217.43533325195312,-341.5227966308594,5405.5322265625,281.5849304199219,-271.7013854980469,5376.80078125,35.33392333984375,-603.6122436523438,4916.716796875,-73.698974609375,-569.6486206054688,4880.87060546875,-159.557373046875,-328.2026062011719,4883.466796875,37.691429138183594,-267.787841796875,4827.43115234375,125.5466079711914,-290.051513671875,4853.7080078125,215.09329223632812,-286.9355163574219,4889.98681640625,150.3768768310547,-308.8210754394531,4826.56298828125,154.5537567138672,-152.7138671875,4973.91357421875,199.23834228515625,207.58628845214844,5004.70556640625,187.00732421875,535.4987182617188,5121.2412109375,205.1769866943359,703.8171997070312,5100.96435546875,2.3814663887023926,-146.90870666503906,4932.46240234375,14.05027961730957,213.6735687255859,4980.62548828125,21.5863094329834,556.3576049804688,5060.20068359375,27.711332321166992,696.338623046875,4989.64990234375,67.06867980957031,-709.7569580078125,4905.52490234375,130.9826202392578,-698.7979736328125,4774.43603515625,143.98585510253906,-738.6719360351562,4803.3525390625,147.2807159423828,-760.1280517578125,4916.67333984375,102.5278091430664,-735.8776245117188,4780.1611328125,11.444904327392578,-766.0511474609375,4850.9677734375
73.96160125732422,-152.3863525390625,4951.37646484375,73.18281555175781,-314.1208190917969,4931.7568359375,68.0928726196289,-444.246826171875,4934.18896484375,61.36249923706055,-641.9061889648438,4920.27392578125,91.0309829711914,-611.2905883789062,4933.91162109375,213.60169982910156,-581.3059692382812,4967.37109375,313.3049621582031,-422.74261474609375,5136.49169921875,396.9988098144531,-289.9527893066406,5278.7041015625,336.60009765625,-296.1573486328125,5342.31396484375,265.4154052734375,-327.5149230957031,5403.02978515625,300.6695861816406,-295.5448913574219,5338.40625,33.35566711425781,-607.3124389648438,4913.0654296875,-76.9188003540039,-570.282470703125,4883.20654296875,-159.80372619628906,-326.875732421875,4882.39306640625,39.93952178955078,-267.3735656738281,4831.724609375,125.11898803710938,-293.814208984375,4863.50634765625,216.2043914794922,-293.21942138671875,4896.83203125,150.8605194091797,-319.1125183105469,4823.30615234375,154.7923126220703,-155.1779327392578,4971.18115234375,197.9849853515625,206.1973419189453,5005.80078125,189.89669799804688,537.170166015625,5117.45166015625,206.8458709716797,706.50732421875,5099.95654296875,1.07299542427063,-149.86904907226562,4933.51806640625,15.18803882598877,212.5306701660156,4976.36572265625,23.109834671020508,555.0633544921875,5061.59912109375,30.99473762512207,700.4281005859375,5001.7451171875,63.06147766113281,-714.6022338867188,4903.625,138.81381225585938,-703.9534912109375,4778.3984375,146.16525268554688,-745.9591674804688,4806.57958984375,138.08518981933594,-771.9492797851562,4919.10400390625,107.0471649169922,-738.884521484375,4780.1328125,7.851373195648193,-764.2254028320312,4842.052734375
76.24226379394531,-153.832763671875,4945.71044921875,73.48401641845703,-315.0540466308594,4927.68701171875,66.96048736572266,-444.5414123535156,4931.58837890625,59.118934631347656,-641.510498046875,4920.3701171875,89.33200073242188,-610.9583740234375,4932.23486328125,216.0575256347656,-591.7820434570312,4954.02001953125,317.3710632324219,-431.46295166015625,5118.92431640625,402.4363708496094,-298.92486572265625,5259.2451171875,337.80218505859375,-298.72509765625,5318.33251953125,263.341796875,-324.21978759765625,5377.17529296875,305.3912658691406,-305.2964172363281,5319.33642578125,31.020368576049805,-607.0578002929688,4914.06201171875,-80.50691986083984,-573.8990478515625,4886.37646484375,-159.34127807617188,-330.286865234375,4883.10888671875,38.004398345947266,-267.40771484375,4830.89013671875,126.86729431152344,-289.2596130371094,4853.62109375,217.36622619628903,-286.0638427734375,4887.23193359375,151.79055786132812,-316.330810546875,4805.52783203125,156.90603637695312,-157.3268585205078,4964.62109375,198.06985473632812,201.89292907714844,5007.29638671875,203.51513671875,536.851318359375,5101.3251953125,223.71971130371097,704.4442749023438,5078.26953125,3.5041868686676025,-150.68199157714844,4928.65869140625,14.37095069885254,209.9504852294922,4974.435546875,20.046802520751953,550.8042602539062,5060.546875,29.704803466796875,699.6400146484375,5012.31884765625,59.86521530151367,-714.0995483398438,4904.5849609375,141.2913818359375,-699.6661987304688,4784.09619140625,145.5668182373047,-743.335693359375,4809.900390625,131.34127807617188,-775.2728271484375,4919.7626953125,108.18115997314452,-733.0527954101562,4782.3779296875,5.715600967407227,-757.3937377929688,4838.11279296875
78.53497314453125,-153.66885375976562,4943.044921875,76.78771209716797,-313.72601318359375,4923.75634765625,71.10540008544922,-442.4554748535156,4926.82275390625,71.61809539794922,-638.093994140625,4912.03369140625,100.43634033203124,-606.689453125,4924.0869140625,223.79884338378903,-579.6406860351562,4951.271484375,308.0352783203125,-422.0185241699219,5125.69775390625,378.78570556640625,-290.8905334472656,5273.1162109375,314.632080078125,-299.7325134277344,5331.2412109375,243.10357666015625,-334.7510681152344,5387.744140625,281.25872802734375,-306.4525451660156,5327.85693359375,42.18132019042969,-604.9874877929688,4906.7080078125,-71.12322998046875,-575.8693237304688,4885.76806640625,-155.42127990722656,-336.74383544921875,4864.32421875,39.52924728393555,-271.11651611328125,4811.98876953125,123.98109436035156,-296.2514343261719,4843.84814453125,208.8177795410156,-297.51446533203125,4888.72265625,153.1977081298828,-316.4112548828125,4808.4462890625,158.7787322998047,-156.7709197998047,4961.51708984375,196.73814392089844,199.54258728027344,5011.37451171875,210.3430023193359,533.9332885742188,5098.21875,231.8584747314453,697.2616577148438,5059.19677734375,6.175652027130127,-150.87159729003906,4926.38818359375,14.72600555419922,208.27142333984375,4965.72802734375,18.981781005859375,544.6272583007812,5060.16943359375,28.79466438293457,689.9741821289062,5005.03271484375,75.2870864868164,-709.821533203125,4894.970703125,137.59547424316406,-697.917236328125,4764.3447265625,151.26268005371094,-737.364990234375,4792.9033203125,155.6851043701172,-758.76220703125,4905.3642578125,109.8893814086914,-735.1217041015625,4770.1953125,20.408496856689453,-766.3950805664062,4841.14990234375
78.60163116455078,-153.58351135253906,4943.63916015625,76.82067108154297,-313.611328125,4923.98974609375,71.26244354248047,-442.3771362304687,4926.1064453125,71.84894561767578,-637.7362060546875,4907.80419921875,100.68914794921876,-606.5306396484375,4920.3271484375,224.3125762939453,-580.4650268554688,4947.34228515625,311.09820556640625,-427.2609252929687,5124.466796875,383.994384765625,-299.9844055175781,5274.2236328125,320.9560852050781,-310.90576171875,5333.22119140625,250.6666717529297,-348.0359191894531,5389.94580078125,286.5896911621094,-316.0901794433594,5328.29296875,42.37181854248047,-604.5563354492188,4903.16796875,-71.2303695678711,-575.2479858398438,4884.13037109375,-156.14175415039062,-335.4903259277344,4876.056640625,36.46147155761719,-267.1354675292969,4818.68505859375,122.6777572631836,-292.35107421875,4845.3583984375,209.62380981445312,-294.1749267578125,4885.99462890625,151.6723175048828,-312.65081787109375,4790.42822265625,158.85218811035156,-156.74400329589844,4962.10546875,196.86102294921875,199.3252868652344,5013.87353515625,209.42820739746097,533.1993408203125,5102.95947265625,230.75144958496097,698.1459350585938,5071.2587890625,6.236173152923584,-150.73355102539062,4926.98779296875,15.104463577270508,208.29196166992188,4967.6123046875,19.026321411132812,544.5427856445312,5062.55908203125,29.23914337158203,690.490234375,5009.0654296875,75.50762939453125,-709.14990234375,4889.44287109375,138.25299072265625,-689.8646240234375,4759.89697265625,149.6700897216797,-732.2948608398438,4784.962890625,152.9870147705078,-763.301025390625,4895.21240234375,108.46379852294922,-725.792236328125,4762.7685546875,17.409875869750977,-757.7757568359375,4831.384765625
79.49717712402344,-154.30860900878906,4943.67529296875,78.22673034667969,-314.4518127441406,4923.5849609375,72.96983337402344,-443.3603820800781,4925.77099609375,75.32392120361328,-638.96875,4908.14599609375,103.86962890625,-607.4389038085938,4920.69091796875,227.4259490966797,-580.4705200195312,4947.755859375,310.296142578125,-426.5322570800781,5126.470703125,379.9165344238281,-298.7454528808594,5277.6435546875,313.4519348144531,-306.4406433105469,5333.43310546875,238.96517944335935,-340.0987854003906,5387.0546875,278.80633544921875,-309.82464599609375,5325.50439453125,45.550533294677734,-606.0284423828125,4903.265625,-68.15275573730469,-578.263671875,4881.904296875,-155.33802795410156,-338.95172119140625,4877.525390625,36.04058837890625,-270.79498291015625,4815.23193359375,123.56482696533205,-291.234619140625,4842.06689453125,210.94351196289065,-287.6712341308594,4881.8818359375,148.98309326171875,-315.4354248046875,4763.5107421875,159.82720947265625,-157.2702178955078,4962.203125,196.1898193359375,198.8887176513672,5017.0205078125,209.5292510986328,533.7426147460938,5103.64794921875,229.72003173828125,695.6500854492188,5057.78271484375,7.06005859375,-151.6379852294922,4926.96826171875,16.061552047729492,207.52261352539065,4969.5927734375,18.21468162536621,543.8220825195312,5065.724609375,29.131080627441406,691.6929321289062,5017.4453125,79.68102264404297,-710.4847412109375,4890.03515625,140.79147338867188,-695.0444946289062,4759.03515625,151.33282470703125,-737.4842529296875,4784.568359375,155.6099395751953,-766.9992065429688,4895.31396484375,109.92576599121094,-730.0131225585938,4762.95751953125,19.03993225097656,-758.159912109375,4833.65380859375
80.4513931274414,-153.5659942626953,4941.86572265625,79.51532745361328,-313.3620300292969,4922.79931640625,74.47312927246094,-441.8673400878906,4926.50341796875,75.54956817626953,-637.1466064453125,4911.712890625,104.3589324951172,-605.6858520507812,4923.337890625,228.4234313964844,-579.6403198242188,4946.9619140625,317.73828125,-425.68011474609375,5121.484375,392.76654052734375,-297.5674133300781,5268.8984375,332.07269287109375,-310.0987243652344,5329.76123046875,264.6863098144531,-349.0486755371094,5388.43505859375,293.17486572265625,-306.76751708984375,5314.947265625,45.96287155151367,-604.216552734375,4906.81884765625,-67.46692657470703,-575.3973388671875,4887.42236328125,-152.77603149414062,-336.2317810058594,4881.54638671875,39.27576446533203,-272.1890869140625,4819.07275390625,127.17835235595705,-287.8788757324219,4846.89453125,213.6399078369141,-279.55828857421875,4887.3212890625,151.31980895996094,-316.9459228515625,4763.3935546875,160.65032958984375,-156.19186401367188,4959.935546875,197.63096618652344,199.7424468994141,5008.4619140625,211.61685180664065,533.9769287109375,5093.330078125,231.4813537597656,697.85009765625,5057.1513671875,8.132479667663574,-151.1981201171875,4925.5712890625,17.07866859436035,206.76559448242188,4969.3095703125,19.73350715637207,542.5380859375,5063.54248046875,31.73814392089844,687.557373046875,5008.775390625,79.25357818603516,-708.7279052734375,4894.623046875,140.4632568359375,-687.3565063476562,4764.9794921875,153.94705200195312,-728.9515991210938,4790.22412109375,159.09254455566406,-758.9912109375,4900.443359375,112.48372650146484,-724.5723266601562,4768.17919921875,23.45505714416504,-760.343994140625,4837.1923828125
80.4513931274414,-153.5659942626953,4941.86572265625,79.51532745361328,-313.3620300292969,4922.79931640625,74.47312927246094,-441.8673400878906,4926.50341796875,75.54956817626953,-637.1466064453125,4911.712890625,104.3589324951172,-605.6858520507812,4923.337890625,228.4234313964844,-579.6403198242188,4946.9619140625,317.73828125,-425.68011474609375,5121.484375,392.76654052734375,-297.5674133300781,5268.8984375,332.07269287109375,-310.0987243652344,5329.76123046875,264.6863098144531,-349.0486755371094,5388.43505859375,293.17486572265625,-306.76751708984375,5314.947265625,45.96287155151367,-604.216552734375,4906.81884765625,-67.46692657470703,-575.3973388671875,4887.42236328125,-152.77603149414062,-336.2317810058594,4881.54638671875,39.27576446533203,-272.1890869140625,4819.07275390625,127.17835235595705,-287.8788757324219,4846.89453125,213.6399078369141,-279.55828857421875,4887.3212890625,151.31980895996094,-316.9459228515625,4763.3935546875,160.65032958984375,-156.19186401367188,4959.935546875,197.63096618652344,199.7424468994141,5008.4619140625,211.61685180664065,533.9769287109375,5093.330078125,231.4813537597656,697.85009765625,5057.1513671875,8.132479667663574,-151.1981201171875,4925.5712890625,17.07866859436035,206.76559448242188,4969.3095703125,19.73350715637207,542.5380859375,5063.54248046875,31.73814392089844,687.557373046875,5008.775390625,79.25357818603516,-708.7279052734375,4894.623046875,140.4632568359375,-687.3565063476562,4764.9794921875,153.94705200195312,-728.9515991210938,4790.22412109375,159.09254455566406,-758.9912109375,4900.443359375,112.48372650146484,-724.5723266601562,4768.17919921875,23.45505714416504,-760.343994140625,4837.1923828125
87.88043975830078,-154.58641052246094,4934.630859375,90.2455825805664,-314.7592468261719,4920.09521484375,88.466552734375,-443.1473388671875,4927.08447265625,91.0711441040039,-637.7686157226562,4906.35546875,119.96332550048828,-606.340576171875,4917.7744140625,243.95855712890625,-573.3909301757812,4930.046875,324.5072326660156,-425.8378601074219,5113.93310546875,392.2821044921875,-303.1145324707031,5269.087890625,327.7477722167969,-316.3826904296875,5325.62451171875,256.4680480957031,-355.8117980957031,5379.05908203125,300.44537353515625,-331.5887451171875,5330.91650390625,60.97234725952149,-605.0833740234375,4903.63916015625,-52.02250289916992,-574.5350341796875,4884.73486328125,-146.1786346435547,-338.84149169921875,4890.0537109375,39.6722412109375,-267.7471923828125,4817.6201171875,126.87631225585938,-288.8315734863281,4843.8662109375,215.1297607421875,-285.04443359375,4880.8330078125,149.312255859375,-319.8779602050781,4767.08984375,168.5360565185547,-154.8384246826172,4950.53173828125,197.1215057373047,198.6530914306641,5017.630859375,210.4881591796875,532.7267456054688,5102.5009765625,230.9497528076172,694.4183349609375,5058.16943359375,15.149727821350098,-154.35914611816406,4920.29248046875,18.83419418334961,202.6075897216797,4970.85546875,16.80591583251953,538.7178955078125,5063.2080078125,26.231531143188477,680.3005981445312,4999.84814453125,94.86498260498048,-708.7203369140625,4886.97802734375,144.36358642578125,-689.793701171875,4752.14306640625,158.955078125,-731.5993041992188,4776.35009765625,173.42990112304688,-761.174072265625,4885.80029296875,115.7906265258789,-726.1626586914062,4758.203125,32.611167907714844,-759.00634765625,4835.380859375
88.88347625732422,-154.40769958496094,4934.80078125,91.41155242919922,-314.3587646484375,4920.64599609375,89.5937271118164,-442.4781494140625,4928.75634765625,93.00367736816406,-637.0758666992188,4911.03955078125,121.7063980102539,-605.4108276367188,4922.00439453125,245.08409118652344,-571.1261596679688,4934.71435546875,319.9553527832031,-419.0279846191406,5116.75830078125,382.94439697265625,-292.3089904785156,5270.267578125,316.0189514160156,-302.4895324707031,5324.40478515625,240.0834197998047,-330.8063659667969,5378.19091796875,284.9249267578125,-312.3456726074219,5323.25439453125,62.82653045654297,-604.608154296875,4907.78173828125,-50.15987014770508,-574.5604858398438,4889.1923828125,-143.43336486816406,-338.9250183105469,4893.55224609375,41.7768669128418,-269.931396484375,4818.4658203125,128.92845153808594,-287.7245788574219,4846.72509765625,216.3662567138672,-280.151123046875,4884.6474609375,153.7797393798828,-321.4307556152344,4774.310546875,169.40591430664062,-154.54298400878906,4950.7119140625,197.75193786621097,198.31398010253903,5018.20751953125,210.7399749755859,531.7991943359375,5103.251953125,231.9266662597656,691.9273071289062,5054.78759765625,16.272842407226562,-154.28570556640625,4920.453125,19.850183486938477,202.3486785888672,4969.3095703125,17.90022850036621,537.670166015625,5062.46533203125,27.306554794311523,681.9387817382812,5006.1513671875,97.10586547851562,-708.1880493164062,4892.78466796875,149.94479370117188,-681.2504272460938,4760.8544921875,163.23521423339844,-724.7772827148438,4782.47412109375,174.64794921875,-761.8128051757812,4889.80859375,120.66835021972656,-717.3490600585938,4763.82080078125,35.31037139892578,-753.6724853515625,4836.6552734375
95.58267211914062,-156.35208129882812,4927.6064453125,99.09358978271484,-317.3421325683594,4912.478515625,98.52782440185548,-446.47259521484375,4919.09716796875,92.82865142822266,-643.1530151367188,4914.306640625,123.23542785644533,-611.975341796875,4923.1328125,249.2717742919922,-585.57177734375,4937.7255859375,325.6842346191406,-430.6070251464844,5119.134765625,389.8856506347656,-301.5299987792969,5272.20166015625,324.9915466308594,-314.66363525390625,5329.095703125,253.67071533203125,-354.2378845214844,5383.34716796875,295.7691955566406,-327.863525390625,5331.93017578125,63.95794296264648,-609.3704833984375,4908.93701171875,-49.3495979309082,-576.7664794921875,4891.25537109375,-137.2606201171875,-337.3388977050781,4901.52685546875,43.8182487487793,-265.9669494628906,4815.18408203125,132.4982147216797,-289.161865234375,4835.9853515625,223.47994995117188,-287.3219909667969,4867.45166015625,152.93031311035156,-323.23443603515625,4775.57958984375,176.9323272705078,-155.9565887451172,4942.27685546875,204.5083770751953,197.53517150878903,5019.7548828125,216.5005645751953,529.8153076171875,5118.50537109375,228.4144592285156,686.5355834960938,5054.1533203125,22.226110458374023,-156.70872497558594,4914.3779296875,22.587867736816406,202.28468322753903,4964.9736328125,18.297746658325195,538.7352294921875,5063.1201171875,30.013338088989254,680.501708984375,4998.45458984375,93.5527801513672,-715.9457397460938,4900.7109375,148.4346160888672,-678.9439697265625,4770.94091796875,163.82835388183594,-723.00341796875,4790.8564453125,174.75205993652344,-765.1260375976562,4897.22705078125,121.08370208740234,-717.0462646484375,4771.2587890625,35.592586517333984,-762.2794189453125,4840.20703125
95.89420318603516,-156.40528869628906,4927.51220703125,99.5566635131836,-317.47918701171875,4912.34619140625,99.1123275756836,-446.6890563964844,4918.833984375,94.40058135986328,-643.4992065429688,4913.7861328125,124.60982513427734,-612.1668090820312,4922.86376953125,250.25701904296875,-584.6717529296875,4939.32080078125,321.0531921386719,-430.6725158691406,5123.99462890625,380.5648498535156,-302.8326110839844,5280.12548828125,314.6421203613281,-317.51934814453125,5335.51220703125,242.67184448242188,-358.6913146972656,5387.779296875,284.2867431640625,-329.5467529296875,5335.52490234375,65.38797760009766,-609.8323974609375,4908.24853515625,-47.943092346191406,-577.6764526367188,4889.48095703125,-136.88140869140625,-338.39630126953125,4897.6796875,45.20855712890625,-266.7630310058594,4813.4111328125,134.05929565429688,-289.5998840332031,4834.11669921875,225.12286376953125,-287.379150390625,4865.48681640625,154.60110473632812,-322.61614990234375,4771.3623046875,177.27493286132812,-155.94422912597656,4942.2685546875,204.6370086669922,197.6769561767578,5020.1806640625,216.6978302001953,530.2213134765625,5118.71435546875,229.67889404296875,686.5413208007812,5053.35302734375,22.509626388549805,-156.821044921875,4914.2060546875,22.613367080688477,202.40733337402344,4964.5869140625,18.473642349243164,539.1659545898438,5062.3818359375,29.57953453063965,680.974853515625,4997.49072265625,95.57432556152344,-716.312744140625,4900.1083984375,153.71913146972656,-680.5757446289062,4771.31640625,167.88717651367188,-724.9073486328125,4791.6064453125,175.92251586914062,-767.0584106445312,4898.2919921875,125.63285064697266,-718.1729125976562,4771.15185546875,37.91168975830078,-761.675048828125,4838.50927734375
103.31484985351562,-157.92828369140625,4928.4150390625,107.81382751464844,-319.7954406738281,4913.48779296875,107.88025665283205,-449.5585632324219,4921.3935546875,109.12036895751952,-647.4421997070312,4920.28076171875,138.83657836914062,-614.8695678710938,4927.4921875,263.4673767089844,-578.35205078125,4938.06982421875,314.4983215332031,-425.903564453125,5131.98046875,357.4759216308594,-298.8380126953125,5295.38525390625,285.98516845703125,-313.9978332519531,5343.9951171875,206.23660278320312,-347.4081726074219,5391.1591796875,251.18911743164065,-315.9420471191406,5328.0146484375,78.71356964111328,-614.6339721679688,4915.33349609375,-36.59366989135742,-584.135986328125,4903.3642578125,-127.72125244140624,-344.2435302734375,4899.26611328125,53.93573760986328,-275.3607177734375,4809.330078125,145.8560028076172,-290.3795471191406,4825.33642578125,238.5966796875,-279.7659912109375,4851.0029296875,162.5745391845703,-321.22406005859375,4749.64892578125,185.1333770751953,-156.99838256835938,4942.99072265625,208.4710693359375,197.7240295410156,5025.345703125,216.89939880371097,531.598388671875,5125.71240234375,228.49026489257812,687.9440307617188,5058.0341796875,29.535472869873047,-158.76681518554688,4915.27099609375,30.59134864807129,202.1963806152344,4965.9951171875,28.06612205505371,540.8402709960938,5063.47705078125,37.85593795776367,683.1852416992188,4997.71435546875,112.00382232666016,-720.8045043945312,4907.888671875,156.8089599609375,-699.7389526367188,4770.04296875,173.8414306640625,-741.4888305664062,4793.912109375,193.16847229003903,-770.9969482421875,4903.9482421875,129.45358276367188,-737.5120849609375,4777.02880859375,49.20651626586914,-773.7650146484375,4857.70458984375
109.0593719482422,-152.15830993652344,4924.71923828125,113.29627990722656,-313.4009094238281,4911.4970703125,112.89167022705078,-442.5057373046875,4919.9619140625,114.71685791015624,-638.9685668945312,4906.30615234375,144.25682067871094,-606.966796875,4915.26611328125,266.9405822753906,-569.5228271484375,4934.31982421875,309.9793701171875,-417.9756164550781,5129.3134765625,346.2218322753906,-291.6992492675781,5293.65625,278.2007141113281,-314.15960693359375,5343.6455078125,197.3732452392578,-322.9548645019531,5398.39599609375,250.45179748535156,-330.4251403808594,5343.4345703125,84.31170654296875,-606.1799926757812,4903.74365234375,-31.002544403076172,-576.0715942382812,4898.42578125,-125.55989837646484,-338.9848327636719,4907.93017578125,56.30320358276367,-278.26171875,4815.009765625,150.02476501464844,-285.5162048339844,4811.91064453125,244.4089813232422,-268.0088806152344,4820.15771484375,160.45896911621094,-318.77777099609375,4750.10693359375,190.175048828125,-151.35256958007812,4940.88623046875,208.80490112304688,200.55113220214844,5028.64990234375,217.18179321289065,532.0135498046875,5131.2158203125,230.80349731445312,683.282470703125,5054.97412109375,35.91380310058594,-152.88487243652344,4910.1416015625,39.02920913696289,205.45130920410156,4966.599609375,37.02732467651367,540.228271484375,5071.1240234375,39.18716812133789,683.3829956054688,5008.279296875,117.69574737548828,-711.0365600585938,4889.32421875,160.7035675048828,-684.732421875,4752.55224609375,178.72445678710938,-726.6510009765625,4774.82666015625,199.47604370117188,-759.0973510742188,4883.185546875,134.338134765625,-723.1028442382812,4758.494140625,55.91847229003906,-763.4405517578125,4838.1787109375
114.15131378173828,-154.4538116455078,4924.33935546875,118.78267669677734,-315.49951171875,4912.0244140625,119.03055572509766,-444.3700866699219,4920.91552734375,119.6765594482422,-640.9901123046875,4918.7939453125,149.02748107910156,-608.7626953125,4927.19921875,273.0471496582031,-574.056396484375,4940.52734375,338.32598876953125,-427.39849853515625,5132.54833984375,393.3673400878906,-306.45343017578125,5295.24462890625,339.8519287109375,-339.557373046875,5355.62890625,273.623046875,-322.1145324707031,5425.5361328125,322.2101135253906,-364.2718505859375,5365.91552734375,89.7650375366211,-608.2631225585938,4912.9619140625,-25.212482452392575,-580.5030517578125,4898.9423828125,-117.91104888916016,-342.9289245605469,4898.84130859375,63.295310974121094,-277.6947326660156,4808.50634765625,155.87139892578125,-287.53533935546875,4820.78369140625,250.2401428222656,-270.5455322265625,4828.48583984375,158.1415557861328,-325.0968017578125,4740.53857421875,195.3560485839844,-153.26405334472656,4939.3203125,210.4016876220703,199.04432678222656,5023.697265625,215.47320556640625,530.678466796875,5124.037109375,226.8412322998047,686.2576904296875,5057.29248046875,40.92543411254883,-155.52667236328125,4910.83056640625,39.40080261230469,202.13821411132812,4967.90771484375,37.55347442626953,538.3197021484375,5065.8525390625,39.967830657958984,683.2206420898438,5007.82080078125,122.75426483154295,-713.8292236328125,4906.19921875,169.47677612304688,-696.1682739257812,4769.5029296875,184.69607543945312,-737.9081420898438,4793.9169921875,201.6708068847656,-766.4920043945312,4903.81689453125,140.940673828125,-732.6538696289062,4776.5908203125,59.12931823730469,-764.8999633789062,4856.27001953125
114.70448303222656,-153.9267578125,4924.21240234375,119.41283416748048,-315.26373291015625,4913.03662109375,119.80609893798828,-444.1976623535156,4923.33251953125,121.15618896484376,-640.9969482421875,4917.5849609375,150.7361602783203,-608.7456665039062,4925.3779296875,274.63555908203125,-570.6583251953125,4927.5927734375,346.29840087890625,-413.4392395019531,5109.11767578125,406.7503662109375,-282.8662109375,5262.53955078125,355.2926330566406,-312.3370666503906,5326.6435546875,297.47491455078125,-356.85699462890625,5392.04638671875,338.6950988769531,-336.7979431152344,5339.447265625,90.85984802246094,-608.270263671875,4913.57763671875,-23.55941390991211,-576.3489990234375,4902.94091796875,-95.13175201416016,-331.92718505859375,4921.349609375,77.7137451171875,-274.6319885253906,4810.84619140625,171.4246063232422,-281.765869140625,4813.70849609375,265.1834716796875,-259.8746337890625,4810.96337890625,177.2460479736328,-325.4881896972656,4749.7822265625,196.142578125,-152.53871154785156,4938.484375,211.56385803222656,200.48472595214844,5021.82373046875,215.91726684570312,532.4091796875,5122.791015625,232.8228759765625,689.4176025390625,5060.1298828125,41.26816177368164,-155.1784210205078,4911.34326171875,38.96328353881836,203.04360961914065,4967.884765625,36.113258361816406,540.0706176757812,5064.517578125,38.52798080444336,683.5396728515625,5002.51806640625,124.0104522705078,-713.6749267578125,4903.52734375,172.01620483398438,-692.3447265625,4767.599609375,188.2399444580078,-734.0280151367188,4791.5966796875,204.6756134033203,-763.863525390625,4901.4013671875,144.51658630371094,-729.8626098632812,4773.73291015625,62.61049270629883,-765.9719848632812,4851.87255859375
114.44976043701172,-153.97010803222656,4924.2265625,119.1474151611328,-315.1907958984375,4913.02490234375,119.54031372070312,-444.0432739257813,4923.18994140625,121.50901794433594,-640.6830444335938,4916.95068359375,150.92575073242188,-608.38720703125,4924.99365234375,274.342041015625,-569.2111206054688,4929.05517578125,339.70306396484375,-410.7811279296875,5111.65771484375,394.8393249511719,-279.0694885253906,5265.90234375,338.7216796875,-305.5558166503906,5327.2568359375,272.3535461425781,-334.7497253417969,5393.07373046875,304.7916259765625,-316.22540283203125,5322.3955078125,91.1607894897461,-608.0591430664062,4912.8525390625,-23.271747589111328,-576.6889038085938,4901.67919921875,-96.55516815185548,-332.9704895019531,4920.17724609375,76.68814849853516,-274.48956298828125,4811.2197265625,170.23995971679688,-282.6598205566406,4814.3193359375,264.23980712890625,-262.0581359863281,4812.3291015625,175.8669891357422,-324.84149169921875,4749.70166015625,195.82225036621097,-152.59324645996094,4938.53466796875,211.0133819580078,200.18948364257812,5021.8173828125,215.21971130371097,531.951171875,5122.4814453125,231.9025115966797,688.2191772460938,5058.2548828125,41.072608947753906,-155.21168518066406,4911.32470703125,38.80628967285156,202.7290802001953,4968.00390625,35.92814636230469,539.399658203125,5064.9775390625,38.68486022949219,682.9613647460938,5003.48779296875,124.6598892211914,-713.2643432617188,4902.73388671875,172.79905700683594,-689.4674072265625,4767.37451171875,189.6240692138672,-731.1314086914062,4790.91064453125,206.11920166015625,-762.0097045898438,4900.33251953125,145.93807983398438,-727.4931640625,4772.9306640625,64.40838623046875,-765.9210815429688,4850.2255859375
113.84235382080078,-152.59646606445312,4927.5205078125,118.65966796875,-313.400634765625,4916.77099609375,119.14822387695312,-441.87646484375,4927.20263671875,124.57421875,-637.9417724609375,4921.9775390625,153.20411682128906,-605.1991577148438,4930.37451171875,274.8466796875,-562.6929931640625,4939.72314453125,322.10284423828125,-406.5415344238281,5128.81689453125,361.9860534667969,-276.4983825683594,5288.3037109375,293.3321838378906,-294.8002014160156,5338.5537109375,212.9527282714844,-309.3844909667969,5392.0595703125,264.87164306640625,-309.6975402832031,5338.31591796875,93.83782958984376,-605.9506225585938,4917.1796875,-20.569339752197266,-578.156005859375,4900.9140625,-99.64627838134766,-336.4748229980469,4910.52587890625,74.8084716796875,-277.6378479003906,4804.8798828125,168.1807098388672,-284.3173522949219,4800.7509765625,261.6378173828125,-264.0332946777344,4792.501953125,177.92300415039062,-319.59814453125,4749.89697265625,194.97886657714844,-151.12403869628906,4941.85498046875,209.8549346923828,200.55418395996097,5025.5439453125,213.86920166015625,531.49462890625,5125.6533203125,230.55044555664065,687.076171875,5060.98779296875,40.67799377441406,-153.92420959472656,4914.59521484375,38.48303985595703,203.6740570068359,4966.9384765625,36.66104507446289,540.699951171875,5059.12548828125,40.292701721191406,683.1793212890625,4996.263671875,129.2116241455078,-710.323974609375,4908.21337890625,170.68130493164062,-678.6167602539062,4772.69677734375,191.8225250244141,-719.1238403320312,4794.40185546875,214.34576416015625,-751.3362426757812,4902.01904296875,147.56866455078125,-718.9363403320312,4777.84033203125,72.44583892822266,-766.5568237304688,4856.0068359375
115.4809799194336,-151.4520721435547,4927.3359375,120.8068389892578,-312.57562255859375,4916.5849609375,121.84392547607422,-441.3620300292969,4926.43896484375,129.13653564453125,-637.726806640625,4919.658203125,157.5657501220703,-604.7049560546875,4928.1298828125,278.7974853515625,-560.4481201171875,4938.35791015625,312.6534118652344,-403.2479553222656,5130.123046875,341.196044921875,-271.8494873046875,5291.4931640625,273.0469665527344,-295.3402404785156,5340.57177734375,191.35899353027344,-302.7723083496094,5393.9375,244.04290771484375,-310.3133544921875,5336.85546875,97.99681091308594,-605.9332275390625,4915.306640625,-17.09309196472168,-578.8631591796875,4900.943359375,-100.8065185546875,-338.1697998046875,4910.0576171875,74.6669921875,-276.3638610839844,4806.93798828125,168.2032012939453,-284.5674743652344,4807.36474609375,262.8160400390625,-267.3359069824219,4805.50244140625,174.6249237060547,-319.33245849609375,4743.54833984375,196.81008911132812,-149.7109832763672,4941.53173828125,211.47694396972656,203.3840484619141,5022.49658203125,215.55482482910156,535.7077026367188,5120.47900390625,229.85353088378903,690.7122192382812,5052.998046875,42.1429557800293,-153.02210998535156,4914.53466796875,39.24205780029297,205.14845275878903,4968.099609375,36.424835205078125,543.59423828125,5057.77587890625,40.714813232421875,683.3391723632812,4988.357421875,134.3867950439453,-710.103759765625,4905.27880859375,177.58026123046875,-686.9933471679688,4768.24658203125,195.4657287597656,-728.36083984375,4791.44873046875,215.9591522216797,-758.3450317382812,4900.36083984375,151.18495178222656,-725.1131591796875,4774.99658203125,72.70403289794922,-763.4541015625,4855.30908203125
115.96680450439452,-151.01657104492188,4927.51513671875,121.50787353515624,-312.149169921875,4916.5361328125,122.7280044555664,-440.9801330566406,4926.115234375,130.2762908935547,-637.339111328125,4918.3955078125,158.6973114013672,-604.30908203125,4926.90771484375,280.33709716796875,-560.7601928710938,4935.52294921875,319.6330261230469,-405.5611267089844,5127.943359375,352.7942199707031,-276.057373046875,5290.013671875,290.5658264160156,-305.0920104980469,5343.79541015625,213.67771911621097,-313.5413818359375,5403.76708984375,280.45684814453125,-333.9049072265625,5361.64208984375,99.06783294677734,-605.5648193359375,4914.314453125,-15.896029472351074,-577.721923828125,4900.22802734375,-97.16343688964844,-336.2299499511719,4911.49853515625,79.00360107421875,-276.15887451171875,4808.4501953125,172.3681640625,-286.2974853515625,4808.92529296875,266.8193359375,-268.1647033691406,4806.51904296875,179.19696044921875,-321.365478515625,4746.9365234375,197.30545043945312,-149.1886749267578,4941.7392578125,211.39633178710935,203.6551513671875,5024.205078125,214.7152557373047,535.6106567382812,5123.69189453125,229.72080993652344,690.0270385742188,5054.94482421875,42.62016677856445,-152.66488647460938,4914.6884765625,38.88165283203125,205.42562866210935,4969.20751953125,34.966243743896484,543.4437866210938,5060.7041015625,38.66263198852539,684.6984252929688,4994.30419921875,135.5738525390625,-709.6553344726562,4903.6572265625,176.9777374267578,-681.0445556640625,4767.08154296875,196.8078765869141,-722.1793823242188,4789.10888671875,219.195068359375,-754.0825805664062,4897.12353515625,152.33096313476562,-720.4729614257812,4772.92919921875,76.04183959960938,-764.3748779296875,4852.53759765625
118.2225112915039,-150.7356414794922,4927.00341796875,123.91050720214844,-311.5248107910156,4916.34228515625,125.09174346923828,-439.9734191894531,4927.12255859375,132.94442749023438,-635.9944458007812,4923.11767578125,161.23130798339844,-602.8389892578125,4931.056640625,282.89300537109375,-560.10205078125,4939.095703125,325.36383056640625,-405.3851318359375,5130.5048828125,361.3214721679687,-276.8904113769531,5292.17822265625,302.741943359375,-308.5379333496094,5348.22216796875,235.5279083251953,-348.802978515625,5406.517578125,268.4747619628906,-318.88787841796875,5338.22607421875,101.76588439941406,-604.4222412109375,4918.37841796875,-13.068832397460938,-577.2883911132812,4904.08984375,-95.40343475341795,-336.72601318359375,4914.677734375,78.7171859741211,-275.9841613769531,4809.53955078125,171.8096160888672,-286.5348815917969,4807.71337890625,266.262939453125,-269.992431640625,4803.29931640625,179.8389892578125,-320.8695983886719,4751.42041015625,199.3866271972656,-148.8022003173828,4941.14697265625,212.658935546875,203.12892150878903,5024.11279296875,215.17153930664065,534.2902221679688,5123.59423828125,230.69223022460935,689.2811889648438,5057.2236328125,45.03325271606445,-152.47911071777344,4914.24951171875,41.46894836425781,204.9870147705078,4967.52783203125,38.285430908203125,541.8656005859375,5060.2763671875,40.4694709777832,687.7379150390625,5005.6513671875,138.37640380859375,-708.4049682617188,4909.78173828125,188.6525421142578,-688.2557373046875,4775.02978515625,206.03172302246097,-728.4487915039062,4800.35888671875,220.9300079345703,-754.8027954101562,4910.86279296875,162.78150939941406,-726.6817016601562,4781.4052734375,80.87688446044922,-764.4283447265625,4858.14697265625
121.69281768798828,-151.5740203857422,4923.9072265625,126.82357788085938,-313.16778564453125,4918.12890625,128.22044372558594,-441.7124328613281,4932.3271484375,133.17250061035156,-638.2241821289062,4921.515625,162.12362670898438,-605.6591796875,4930.28369140625,285.12237548828125,-565.0426025390625,4935.32080078125,357.9388122558594,-414.9244384765625,5122.287109375,419.3607482910156,-290.2922058105469,5280.17578125,364.4295654296875,-318.3807678222656,5341.966796875,302.5783996582031,-361.8234252929687,5404.3203125,337.7950134277344,-336.0547790527344,5346.2783203125,102.30730438232422,-605.9597778320312,4918.20361328125,-11.86215877532959,-575.7844848632812,4901.58251953125,-96.0068359375,-334.7198486328125,4901.55859375,85.638427734375,-276.9136962890625,4806.55810546875,177.68418884277344,-290.55194091796875,4820.00732421875,269.9324035644531,-278.50396728515625,4844.927734375,195.8560028076172,-317.4381103515625,4749.61474609375,203.5174102783203,-149.3939208984375,4935.5947265625,218.73101806640625,202.93020629882812,5021.75048828125,223.7120361328125,533.7476196289062,5126.162109375,227.13848876953125,689.3721313476562,5058.130859375,47.9079704284668,-153.5399169921875,4913.3681640625,40.9066162109375,204.90513610839844,4967.876953125,34.648921966552734,543.4148559570312,5058.89599609375,38.448394775390625,684.0132446289062,4990.72998046875,137.41001892089844,-710.4447021484375,4905.6044921875,186.56069946289065,-678.5548706054688,4772.189453125,205.5914764404297,-719.9387817382812,4794.58056640625,221.92916870117188,-753.7985229492188,4903.2158203125,162.09173583984375,-718.4224243164062,4775.78466796875,81.67761993408203,-764.8676147460938,4849.89404296875
122.7139892578125,-151.6215362548828,4925.6796875,127.3656768798828,-313.28057861328125,4919.45751953125,128.40989685058594,-441.9443054199219,4933.0859375,133.24087524414062,-638.5208740234375,4921.91552734375,162.2779083251953,-605.9619140625,4930.51318359375,284.5368957519531,-563.1724853515625,4936.80078125,339.07708740234375,-406.6516723632813,5124.87744140625,385.0921020507813,-276.2483215332031,5283.46142578125,328.6439208984375,-306.36077880859375,5342.93994140625,261.5910949707031,-338.3396301269531,5406.8935546875,288.5805358886719,-308.571533203125,5325.91455078125,102.34432220458984,-606.2321166992188,4918.89453125,-12.257635116577148,-575.9190673828125,4905.4482421875,-87.84566497802734,-331.98486328125,4910.85302734375,87.8465805053711,-277.49163818359375,4803.326171875,180.76303100585935,-288.1889953613281,4813.26318359375,273.7332763671875,-274.013427734375,4834.220703125,198.22227478027344,-318.6810302734375,4748.92236328125,204.5768280029297,-149.71670532226562,4937.39013671875,220.0263671875,202.83248901367188,5023.21826171875,225.5990447998047,534.2655639648438,5126.11474609375,232.0718688964844,691.7745971679688,5062.61669921875,48.894657135009766,-153.33920288085938,4915.11962890625,42.610050201416016,205.18231201171875,4970.21142578125,37.63066101074219,544.569580078125,5058.5634765625,37.8403205871582,688.1255493164062,4996.5888671875,137.3417510986328,-710.7465209960938,4905.849609375,188.2606201171875,-679.0585327148438,4772.984375,208.54324340820312,-719.1820068359375,4796.58544921875,223.7389373779297,-750.390380859375,4906.22705078125,165.46388244628906,-719.9120483398438,4776.75390625,85.364013671875,-768.5632934570312,4849.86083984375
122.78221893310548,-151.7554931640625,4925.6220703125,127.47113037109376,-313.3824768066406,4919.37158203125,128.54995727539062,-442.0306701660156,4932.91650390625,133.77359008789062,-638.55419921875,4921.63134765625,162.7306365966797,-605.950927734375,4930.2880859375,284.81500244140625,-562.798828125,4936.9833984375,337.8966979980469,-406.2860412597656,5125.421875,382.6951293945313,-275.9159851074219,5284.330078125,325.5765380859375,-305.8170166015625,5343.2490234375,257.3497009277344,-335.7485046386719,5406.92333984375,291.9041748046875,-317.26153564453125,5336.5771484375,102.82494354248048,-606.3289794921875,4918.5888671875,-11.801383972167969,-576.2861328125,4904.9404296875,-87.90265655517578,-332.5573425292969,4910.1796875,87.8143539428711,-277.7976989746094,4802.9072265625,180.77914428710935,-289.1291809082031,4811.423828125,274.10089111328125,-275.6976013183594,4831.193359375,196.65023803710935,-319.24853515625,4744.99462890625,204.62705993652344,-149.83457946777344,4937.34765625,219.99722290039065,202.62811279296875,5023.26171875,225.51011657714844,533.9923095703125,5126.16748046875,232.77972412109375,691.3722534179688,5062.52001953125,48.97911071777344,-153.48768615722656,4915.04833984375,42.558006286621094,204.96815490722656,4970.11083984375,37.37131881713867,544.3597412109375,5058.1767578125,38.08531951904297,687.6926879882812,4995.76318359375,138.034912109375,-710.748291015625,4905.52783203125,189.1180877685547,-678.73583984375,4772.83349609375,209.05120849609375,-719.175048828125,4796.17138671875,224.0523223876953,-751.1699829101562,4905.58935546875,165.9581756591797,-719.3947143554688,4776.3779296875,85.49581909179688,-767.7435302734375,4849.251953125
123.16814422607422,-151.9210205078125,4926.09814453125,128.1182098388672,-313.44873046875,4919.53759765625,129.46554565429688,-442.1089782714844,4932.31884765625,136.24899291992188,-638.3479614257812,4918.8095703125,164.95960998535156,-605.622314453125,4927.71044921875,286.5071105957031,-561.1759033203125,4934.4794921875,335.2145080566406,-403.5863342285156,5123.0390625,376.2786865234375,-272.0162353515625,5281.83056640625,308.17144775390625,-290.6194763183594,5333.171875,228.91297912597656,-310.30242919921875,5387.26953125,270.8498229980469,-271.6138000488281,5291.88916015625,105.04019927978516,-606.3623657226562,4916.25634765625,-9.96545696258545,-577.418212890625,4904.00634765625,-89.43241882324219,-335.0387268066406,4913.806640625,84.78533935546875,-275.98455810546875,4806.5732421875,178.2917938232422,-282.7432861328125,4813.3271484375,271.1513366699219,-264.6008605957031,4831.18994140625,193.46531677246097,-314.4107666015625,4745.4345703125,204.96044921875,-149.89332580566406,4937.8876953125,218.9411773681641,202.07081604003903,5025.3193359375,223.1452484130859,533.0162353515625,5129.0595703125,231.8069000244141,687.9878540039062,5060.119140625,49.41241455078125,-153.74948120117188,4915.46728515625,42.10845184326172,204.4105682373047,4971.173828125,35.88005065917969,543.5889892578125,5059.3115234375,37.29167556762695,685.6552124023438,4994.2607421875,141.0323944091797,-710.2842407226562,4901.88623046875,187.2358856201172,-677.8125610351562,4767.6025390625,207.54978942871097,-718.6668701171875,4789.8076171875,226.42752075195312,-751.7387084960938,4898.2431640625,163.7339630126953,-718.192138671875,4771.73583984375,85.63397979736328,-766.1309204101562,4847.30517578125
123.8752670288086,-150.30091857910156,4924.6875,129.9929962158203,-311.47686767578125,4916.17724609375,132.3121795654297,-439.98394775390625,4928.57421875,141.2993621826172,-636.3233642578125,4926.88720703125,169.58775329589844,-602.8467407226562,4933.830078125,292.01202392578125,-560.9338989257812,4936.060546875,327.3153381347656,-404.53021240234375,5128.10791015625,357.04742431640625,-273.6416320800781,5289.58740234375,300.16851806640625,-308.1695556640625,5345.912109375,225.7308349609375,-301.1158447265625,5408.9912109375,255.90675354003903,-297.6869201660156,5311.23291015625,109.78303527832033,-604.9450073242188,4922.38720703125,-4.724331378936768,-578.6683349609375,4903.0732421875,-90.93739318847656,-339.2654724121094,4918.4033203125,78.52224731445312,-278.9356994628906,4805.0078125,171.97360229492188,-283.651123046875,4812.44482421875,263.5536804199219,-266.67669677734375,4836.3369140625,188.92691040039065,-321.3824768066406,4761.0361328125,205.6620635986328,-147.77255249023438,4935.5966796875,217.7485809326172,203.87989807128903,5022.51220703125,219.3452911376953,534.3911743164062,5126.130859375,228.0361328125,688.1284790039062,5055.033203125,50.12452697753906,-152.58087158203125,4914.85009765625,40.89912033081055,205.50257873535156,4967.4658203125,34.72438430786133,542.4159545898438,5062.15380859375,37.83808898925781,686.3543090820312,5001.97119140625,146.90927124023438,-708.988525390625,4914.33837890625,190.05938720703125,-671.7898559570312,4780.4814453125,213.72390747070312,-710.9008178710938,4802.34716796875,235.3674468994141,-743.03271484375,4910.38134765625,170.07008361816406,-713.976806640625,4784.30859375,96.43770599365234,-768.8089599609375,4859.4208984375
124.77767181396484,-151.82676696777344,4925.72802734375,131.1536407470703,-313.116455078125,4916.09130859375,133.770263671875,-441.8902893066406,4927.1435546875,139.9466552734375,-638.5093994140625,4932.13818359375,168.6197967529297,-605.1770629882812,4938.50048828125,290.75390625,-562.455078125,4945.29833984375,330.83917236328125,-405.2318420410156,5136.111328125,364.5704345703125,-273.6525573730469,5296.55615234375,319.1442565917969,-315.2298889160156,5358.404296875,252.2095184326172,-292.0346374511719,5426.03271484375,268.8184814453125,-306.1654357910156,5326.49169921875,108.93952941894533,-606.8277587890625,4926.00732421875,-4.944533348083496,-578.4295043945312,4905.21826171875,-90.31006622314452,-338.12255859375,4915.06982421875,86.50471496582031,-278.5356750488281,4812.57470703125,179.32945251464844,-277.5052185058594,4827.189453125,268.11669921875,-253.19871520996097,4855.35498046875,196.68185424804688,-318.4908752441406,4749.4921875,206.67222595214844,-149.235107421875,4936.53564453125,219.45494079589844,202.25714111328125,5025.71875,222.86390686035156,533.0894165039062,5129.60791015625,230.04327392578125,688.2251586914062,5060.95263671875,50.92977142333984,-154.1637725830078,4915.98193359375,41.890480041503906,204.23666381835935,4969.34814453125,36.89590835571289,542.8896484375,5059.2763671875,37.45409393310547,687.546630859375,5000.28271484375,144.73492431640625,-711.7085571289062,4922.099609375,188.92941284179688,-685.5488891601562,4785.8095703125,211.42640686035156,-723.7394409179688,4810.48974609375,232.20053100585935,-748.6972045898438,4920.70849609375,167.63040161132812,-726.7638549804688,4792.64404296875,92.33200073242188,-773.814453125,4871.50537109375
125.30335998535156,-151.72962951660156,4927.7744140625,132.37689208984375,-312.8577880859375,4915.69091796875,135.5977325439453,-441.8142700195313,4924.53515625,142.95449829101562,-638.495361328125,4924.7724609375,171.71328735351562,-605.1398315429688,4930.67138671875,293.9673156738281,-562.15234375,4929.74951171875,343.0397644042969,-401.8822326660156,5115.9375,384.3666076660156,-267.8551025390625,5272.58984375,360.6418762207031,-317.757568359375,5340.171875,303.86639404296875,-285.6324768066406,5413.24853515625,327.779296875,-338.1444091796875,5338.4140625,111.55186462402344,-606.8607177734375,4920.68798828125,-3.086082696914673,-577.4179077148438,4906.3642578125,-87.15335083007812,-336.781494140625,4919.95166015625,84.98301696777344,-278.6414489746094,4808.927734375,178.939697265625,-280.9682922363281,4810.08349609375,271.7777404785156,-258.15771484375,4821.56201171875,193.2870178222656,-318.7955322265625,4750.58642578125,207.20980834960935,-148.94351196289062,4938.56982421875,219.0733642578125,203.447998046875,5024.5693359375,221.58067321777344,534.8214111328125,5126.98095703125,228.54708862304688,689.547607421875,5057.30322265625,51.44470977783203,-154.24197387695312,4918.0400390625,41.72639846801758,203.55221557617188,4975.67578125,34.752254486083984,542.883056640625,5063.1572265625,39.20911407470703,687.1644287109375,5003.33203125,147.67344665527344,-711.4339599609375,4912.86865234375,190.44140625,-678.650634765625,4777.52783203125,212.3872985839844,-718.6904907226562,4799.662109375,234.21240234375,-750.3058471679688,4907.97705078125,168.2595977783203,-719.6900024414062,4782.3896484375,93.03028869628906,-769.3700561523438,4859.72509765625
125.308349609375,-151.7272186279297,4927.77294921875,132.3828125,-312.85614013671875,4915.69140625,135.60357666015625,-441.8126831054687,4924.54296875,142.9498291015625,-638.4949951171875,4924.806640625,171.7102508544922,-605.1400146484375,4930.70263671875,293.9688415527344,-562.1640014648438,4929.77490234375,343.0782775878906,-401.8630981445313,5115.92822265625,384.43603515625,-267.8097229003906,5272.55078125,360.6957702636719,-317.69024658203125,5340.14404296875,303.9262390136719,-285.53302001953125,5413.2119140625,327.9481201171875,-338.1332092285156,5338.46484375,111.54894256591795,-606.8590087890625,4920.71728515625,-3.0809640884399414,-577.3971557617188,4906.3642578125,-87.08238220214844,-336.7306823730469,4919.84521484375,85.1082763671875,-278.6957092285156,4808.8486328125,179.06398010253906,-281.0694580078125,4810.0205078125,271.9122009277344,-258.30340576171875,4821.50830078125,193.40411376953125,-318.9048767089844,4750.53076171875,207.2150726318359,-148.94053649902344,4938.568359375,219.0788421630859,203.453125,5024.5654296875,221.586669921875,534.8289184570312,5126.97314453125,228.5599822998047,689.5576782226562,5057.30078125,51.44944763183594,-154.24008178710938,4918.0380859375,41.725887298583984,203.55685424804688,4975.66552734375,34.746402740478516,542.8927612304688,5063.1328125,39.19509506225586,687.1712646484375,5003.298828125,147.6654510498047,-711.4356689453125,4912.9130859375,190.43397521972656,-678.68017578125,4777.564453125,212.38710021972656,-718.7096557617188,4799.71142578125,234.2130889892578,-750.2910766601562,4908.03662109375,168.26034545898438,-719.7229614257812,4782.43701171875,93.03694915771484,-769.3978271484375,4859.78173828125
125.2469253540039,-151.11700439453125,4928.9892578125,132.3784942626953,-312.5013122558594,4917.12451171875,135.69532775878906,-441.6701049804687,4925.6552734375,143.78004455566406,-638.5430297851562,4920.255859375,172.43421936035156,-605.220458984375,4927.2490234375,294.6060791015625,-561.4197387695312,4926.49267578125,338.4731750488281,-403.9894104003906,5116.85986328125,375.4844055175781,-272.5102844238281,5277.13037109375,301.50372314453125,-284.392822265625,5322.173828125,220.4466552734375,-319.6405944824219,5364.73876953125,266.96697998046875,-277.6255187988281,5293.69140625,112.23301696777344,-606.8673706054688,4916.94140625,-2.523109436035156,-577.7113647460938,4901.53515625,-91.63066864013672,-338.78179931640625,4919.56591796875,85.9319839477539,-277.20465087890625,4818.80517578125,179.24905395507812,-289.189453125,4815.75390625,274.3941955566406,-277.43524169921875,4826.14306640625,188.1560516357422,-319.8758544921875,4751.81640625,207.26564025878903,-148.2924041748047,4939.86865234375,219.4550323486328,204.439453125,5026.71240234375,223.2274475097656,536.9190673828125,5127.23779296875,230.16488647460935,692.8480834960938,5059.65185546875,51.28704071044922,-153.66404724121094,4919.17919921875,41.78740310668945,205.30831909179688,4972.79443359375,35.24106216430664,545.933837890625,5057.32666015625,37.437950134277344,690.0296020507812,4996.330078125,148.82337951660156,-711.1998291015625,4906.2578125,195.85174560546875,-678.2350463867188,4772.1455078125,215.5682373046875,-719.6130981445312,4794.09033203125,233.7611846923828,-753.8846435546875,4902.45068359375,171.73931884765625,-718.371826171875,4775.90283203125,92.68529510498048,-765.8936157226562,4851.02001953125
126.0649871826172,-150.4767303466797,4930.94482421875,133.324951171875,-312.0840759277344,4919.583984375,136.56838989257812,-441.2831115722656,4929.83984375,143.95285034179688,-638.4868774414062,4928.53662109375,172.75765991210938,-605.090087890625,4934.861328125,295.4552001953125,-562.3147583007812,4934.1201171875,339.2904357910156,-402.8270263671875,5123.16943359375,376.2141723632813,-269.4329528808594,5282.20068359375,307.0188293457031,-288.1830139160156,5332.41796875,227.89193725585935,-314.9393615722656,5384.09228515625,269.5205383300781,-278.8703308105469,5300.17578125,112.48513793945312,-606.7359008789062,4924.54052734375,-2.205155849456787,-576.6372680664062,4909.36181640625,-85.44178771972656,-335.43701171875,4929.40185546875,89.2004623413086,-276.3644714355469,4821.73876953125,182.9261474609375,-285.8077697753906,4818.8505859375,277.8199157714844,-270.9282531738281,4828.572265625,191.70513916015625,-318.47967529296875,4753.517578125,208.18003845214844,-147.5521697998047,4941.8173828125,219.787353515625,205.7722930908203,5028.1328125,222.84376525878903,538.8193359375,5128.22607421875,230.5018768310547,694.4586181640625,5059.5517578125,52.01824188232422,-153.11392211914062,4921.140625,42.34130096435547,206.4913024902344,4973.37939453125,35.43278884887695,547.5894165039062,5057.70458984375,40.00833511352539,691.598388671875,4996.16162109375,148.74664306640625,-711.5230712890625,4916.03955078125,197.32801818847656,-680.2894897460938,4781.87841796875,217.54156494140625,-720.8483276367188,4805.0078125,234.68182373046875,-752.5718994140625,4914.45556640625,173.94598388671875,-720.87646484375,4786.0849609375,94.56520080566406,-768.5345458984375,4860.994140625
125.35713958740234,-148.02328491210938,4933.78173828125,132.41107177734375,-309.42926025390625,4920.66650390625,135.3905792236328,-438.7198181152344,4928.86181640625,142.7418212890625,-635.8204345703125,4931.25390625,171.42835998535156,-602.3291625976562,4937.46533203125,294.30120849609375,-560.5307006835938,4942.36572265625,333.5898132324219,-399.4049377441406,5130.86572265625,366.8096923828125,-265.2235107421875,5289.91796875,308.44085693359375,-296.66741943359375,5347.0,240.57525634765625,-334.1520690917969,5407.22607421875,271.376953125,-304.0596008300781,5332.1787109375,111.37081146240234,-604.1637573242188,4926.14404296875,-4.3483452796936035,-578.8106079101562,4910.56005859375,-90.47718811035156,-338.0357666015625,4917.9306640625,89.06603240966797,-275.9545593261719,4820.732421875,178.32823181152344,-285.5508728027344,4792.20654296875,265.1172790527344,-269.9425964355469,4753.0166015625,186.252685546875,-320.1027526855469,4765.58740234375,207.32730102539065,-145.3922119140625,4945.48876953125,219.7521820068359,208.74473571777344,5027.52392578125,222.9992523193359,542.34814453125,5125.15234375,226.9645538330078,695.7876586914062,5051.58984375,51.4410285949707,-150.39584350585938,4923.224609375,41.18560791015625,210.00921630859375,4968.11865234375,35.45354461669922,547.9908447265625,5063.63916015625,37.36384201049805,692.108642578125,5002.4013671875,147.72891235351562,-709.0357055664062,4920.1708984375,191.30262756347656,-681.1342163085938,4783.65185546875,214.0469512939453,-719.6597900390625,4807.830078125,235.46511840820312,-745.927001953125,4917.90966796875,170.063232421875,-722.5660400390625,4790.12451171875,95.06449127197266,-770.7941284179688,4868.98974609375
125.5611343383789,-145.1295623779297,4933.7509765625,132.40985107421875,-305.8122863769531,4920.43310546875,135.3298797607422,-434.5357360839844,4928.591796875,142.6026153564453,-630.7854614257812,4928.00927734375,170.9932403564453,-597.5540771484375,4935.45458984375,294.8194885253906,-561.859130859375,4946.12451171875,358.6091613769531,-404.4996948242187,5129.57275390625,412.3721008300781,-273.97344970703125,5284.779296875,364.97503662109375,-308.7735595703125,5349.03955078125,301.2791748046875,-307.5091857910156,5423.166015625,326.4897155761719,-317.0875244140625,5340.119140625,111.50662994384766,-599.1802978515625,4922.63525390625,-3.5541205406188965,-574.75439453125,4904.86572265625,-91.46331787109376,-335.73712158203125,4908.57958984375,92.61450958251952,-277.0748291015625,4820.1943359375,180.52542114257812,-290.9630126953125,4790.6220703125,261.07470703125,-291.0997619628906,4738.25830078125,182.27210998535156,-320.9422302246094,4769.20703125,207.2457275390625,-142.5708465576172,4944.8857421875,219.177734375,209.36766052246097,5029.34716796875,221.43682861328125,540.5438842773438,5129.7978515625,227.2434539794922,692.3247680664062,5054.6611328125,51.90254592895508,-147.43685913085938,4923.71044921875,41.86725997924805,210.8228454589844,4972.74072265625,34.969886779785156,547.8335571289062,5065.92138671875,37.52355194091797,690.2813720703125,5002.591796875,147.85382080078125,-703.494140625,4915.93701171875,189.4001922607422,-679.6996459960938,4778.6953125,212.25291442871097,-717.4519653320312,4803.513671875,235.03854370117188,-740.60302734375,4913.48974609375,168.2075653076172,-720.672119140625,4786.59130859375,94.49568176269533,-766.1856079101562,4867.4697265625
127.19641876220705,-147.0626220703125,4933.58544921875,133.62188720703125,-308.7753601074219,4920.15771484375,136.05628967285156,-438.32366943359375,4928.32080078125,143.78053283691406,-635.7944946289062,4927.56494140625,172.18829345703125,-602.3064575195312,4935.45166015625,294.5572509765625,-560.3450317382812,4949.50439453125,376.9928283691406,-409.163330078125,5132.87060546875,446.357421875,-283.36566162109375,5287.5859375,385.2696228027344,-300.92596435546875,5347.94140625,315.5978088378906,-334.10809326171875,5408.92578125,345.4277648925781,-296.8792724609375,5330.97314453125,112.4931182861328,-604.045654296875,4921.81396484375,-3.0447020530700684,-575.2367553710938,4909.509765625,-73.71469116210938,-329.35723876953125,4925.02001953125,109.3779525756836,-284.99383544921875,4823.93701171875,196.54917907714844,-284.427978515625,4787.7724609375,272.46441650390625,-271.70556640625,4729.275390625,212.0464782714844,-322.10357666015625,4777.89453125,209.3245391845703,-144.77723693847656,4945.36279296875,219.50680541992188,209.8208923339844,5028.740234375,219.900146484375,543.708740234375,5127.77001953125,230.56979370117188,695.8209838867188,5051.42919921875,53.13786697387695,-149.12344360351562,4922.9658203125,42.47294998168945,211.3622589111328,4972.4228515625,31.532026290893555,551.1068115234375,5063.5673828125,38.64072036743164,690.6473999023438,4992.19580078125,149.36151123046875,-708.9344482421875,4915.3857421875,196.36447143554688,-679.7252197265625,4779.98876953125,216.31576538085935,-720.443603515625,4803.22314453125,234.70814514160156,-751.447509765625,4912.84375,172.36817932128906,-719.9414672851562,4784.9638671875,93.32149505615234,-765.65576171875,4861.68212890625
129.64816284179688,-148.1082305908203,4934.0654296875,134.95863342285156,-310.3665466308594,4921.60693359375,136.2052001953125,-440.2302856445313,4930.42431640625,144.12806701660156,-638.1414794921875,4925.08056640625,172.49778747558594,-604.7437744140625,4934.07177734375,293.24212646484375,-559.6568603515625,4954.30419921875,325.6560363769531,-402.3013610839844,5148.71533203125,353.090087890625,-271.62896728515625,5312.9697265625,276.1540222167969,-284.25726318359375,5353.52392578125,193.8507080078125,-324.6912536621094,5389.80615234375,246.8417205810547,-297.47216796875,5349.6240234375,112.79261779785156,-606.2015991210938,4919.74072265625,-3.1544342041015625,-578.046142578125,4906.73388671875,-84.90296936035156,-334.8366394042969,4920.98193359375,98.55887603759766,-281.4451599121094,4823.822265625,173.97389221191406,-269.8576354980469,4767.85693359375,245.30392456054688,-238.15814208984375,4710.38330078125,191.5139617919922,-321.4703369140625,4751.20458984375,211.80531311035156,-146.42782592773438,4947.19970703125,220.9523162841797,208.92620849609375,5031.65673828125,221.7038726806641,544.035888671875,5129.7705078125,230.29522705078125,695.6871948242188,5051.27978515625,55.56344223022461,-149.62353515625,4922.22119140625,44.18475341796875,210.89752197265625,4977.90771484375,32.86795425415039,554.1023559570312,5059.064453125,37.85076141357422,697.508544921875,4994.603515625,149.9134063720703,-711.1614990234375,4911.20361328125,196.99085998535156,-678.8656005859375,4776.11865234375,217.56085205078125,-719.7586669921875,4798.79345703125,236.1494598388672,-752.3942260742188,4908.22607421875,173.55189514160156,-719.6366577148438,4780.35107421875,94.7908935546875,-767.9902954101562,4856.22802734375
130.33224487304688,-147.20118713378906,4934.548828125,135.62911987304688,-309.4790344238281,4922.0029296875,136.8738250732422,-439.3693542480469,4930.732421875,144.14944458007812,-637.2989501953125,4924.13330078125,172.72848510742188,-604.0311889648438,4932.97802734375,295.1654968261719,-561.458740234375,4947.92822265625,336.8542175292969,-410.4764099121094,5145.64990234375,372.0299377441406,-284.810302734375,5312.35986328125,299.700927734375,-302.9331970214844,5358.8974609375,222.5821075439453,-347.763427734375,5400.98291015625,290.3857727050781,-334.0606384277344,5383.32568359375,112.84113311767578,-605.2330932617188,4919.35888671875,-3.380551815032959,-577.6287841796875,4907.49658203125,-93.13257598876952,-337.2104797363281,4921.68115234375,94.34062957763672,-279.3773498535156,4835.236328125,178.97171020507812,-269.9354248046875,4793.94482421875,268.89483642578125,-301.5215759277344,4776.1923828125,192.45651245117188,-320.91290283203125,4767.076171875,212.50680541992188,-145.53257751464844,4947.65966796875,221.19012451171875,209.7350311279297,5032.7763671875,220.7385406494141,544.3131713867188,5132.88232421875,229.2239990234375,698.3403930664062,5059.08837890625,56.231842041015625,-148.70582580566406,4922.72607421875,44.56161880493164,211.7808074951172,4978.95166015625,32.428306579589844,554.5598754882812,5062.01025390625,37.892486572265625,698.3888549804688,4998.4765625,149.5524444580078,-710.2637939453125,4909.75732421875,197.15960693359375,-679.7002563476562,4774.4296875,217.3136749267578,-720.569580078125,4797.53466796875,235.41937255859375,-752.329345703125,4907.32470703125,173.33140563964844,-720.2156982421875,4779.0126953125,93.98566436767578,-767.112060546875,4855.2236328125
131.0252685546875,-146.96554565429688,4934.693359375,136.17868041992188,-309.15802001953125,4922.4619140625,137.2805938720703,-438.94775390625,4931.3505859375,142.33477783203125,-636.7875366210938,4924.16162109375,171.2658233642578,-603.8916015625,4933.09423828125,294.70269775390625,-564.4542236328125,4947.62109375,356.8128662109375,-403.3061828613281,5131.22998046875,409.0205993652344,-268.5666809082031,5285.7568359375,353.2884216308594,-296.0981140136719,5347.81201171875,297.9486389160156,-354.45941162109375,5404.787109375,339.3694152832031,-322.0569152832031,5363.38916015625,111.40827178955078,-604.381591796875,4919.49267578125,-4.077442169189453,-574.941650390625,4905.8388671875,-84.99469757080078,-331.18389892578125,4905.8701171875,107.87667846679688,-284.35870361328125,4825.201171875,196.3308563232422,-286.05975341796875,4791.7783203125,288.2869567871094,-283.5231628417969,4761.388671875,206.60252380371097,-328.0852355957031,4764.97802734375,213.11463928222656,-145.35894775390625,4947.9755859375,221.74319458007812,210.20057678222656,5030.75244140625,221.27183532714844,545.1942749023438,5128.59326171875,230.9708251953125,700.6729736328125,5058.35498046875,57.001678466796875,-148.41429138183594,4922.71630859375,45.08683776855469,212.10107421875,4977.02001953125,32.183990478515625,554.6873168945312,5059.71142578125,37.730098724365234,695.845458984375,4990.70263671875,146.91477966308594,-709.7139282226562,4909.57568359375,183.6705780029297,-679.3614501953125,4770.96875,208.1888732910156,-717.9910278320312,4793.625,235.31280517578125,-745.4002685546875,4902.64208984375,163.27969360351562,-721.3487548828125,4777.92919921875,92.54624938964844,-771.8617553710938,4859.9560546875
131.53704833984375,-146.48052978515625,4935.4033203125,136.2576904296875,-308.7123718261719,4924.32080078125,137.092529296875,-438.36968994140625,4934.4296875,142.4563751220703,-636.184326171875,4928.83447265625,171.19183349609375,-603.2012329101562,4937.99658203125,294.1844787597656,-562.9389038085938,4953.5849609375,344.0721435546875,-399.2240295410156,5138.5263671875,386.0676879882813,-262.63525390625,5294.4365234375,337.64703369140625,-298.82806396484375,5358.1162109375,284.42864990234375,-350.1970520019531,5423.2080078125,302.9360656738281,-312.531982421875,5351.88916015625,111.59172058105467,-603.85986328125,4923.40380859375,-2.9570982456207275,-572.9231567382812,4906.0361328125,-78.8486099243164,-328.05364990234375,4920.15234375,112.6363525390625,-273.1750183105469,4841.478515625,186.99034118652344,-301.27294921875,4790.29345703125,246.7021026611328,-320.2147521972656,4716.4345703125,189.6146240234375,-360.48724365234375,4797.39697265625,213.6871337890625,-144.9594268798828,4948.12890625,220.07846069335935,211.46282958984375,5026.7373046875,216.49058532714844,546.8782348632812,5122.619140625,226.94630432128903,697.778076171875,5043.2412109375,57.45870590209961,-147.85218811035156,4923.92822265625,44.32997131347656,212.78500366210935,4976.26123046875,30.717313766479492,553.7681884765625,5064.7431640625,38.64175033569336,694.550048828125,4995.322265625,147.34915161132812,-709.1890869140625,4914.8876953125,190.0364532470703,-678.689453125,4778.07861328125,212.9725799560547,-717.853515625,4801.42333984375,235.2999267578125,-746.34521484375,4911.2060546875,168.6814422607422,-720.3428955078125,4783.9599609375,93.9449691772461,-770.0795288085938,4862.7890625
130.91818237304688,-146.79603576660156,4936.78466796875,135.3179168701172,-308.95123291015625,4925.025390625,135.8694305419922,-438.6266479492187,4934.51318359375,143.9492950439453,-636.3748168945312,4932.82861328125,172.4444580078125,-602.8168334960938,4940.47802734375,295.5723876953125,-561.0961303710938,4949.54638671875,351.5168762207031,-398.1583862304687,5133.357421875,398.6951904296875,-262.5302734375,5288.5556640625,332.0553894042969,-280.011962890625,5342.95703125,259.8072814941406,-321.125,5395.80908203125,325.9453125,-309.8648681640625,5369.51220703125,112.48225402832033,-604.6127319335938,4927.6279296875,-3.607459306716919,-577.80078125,4914.29638671875,-88.31107330322266,-335.4916076660156,4913.439453125,99.29167938232422,-272.78009033203125,4831.47119140625,182.40545654296875,-290.16217041015625,4789.953125,253.51953125,-299.6920166015625,4724.93798828125,190.1785125732422,-312.1936340332031,4780.64990234375,213.0261077880859,-145.50335693359375,4949.6796875,221.06381225585935,209.7025909423828,5033.1005859375,220.3421936035156,544.5950317382812,5130.56591796875,233.7384796142578,696.473876953125,5053.61962890625,56.87786483764648,-147.96168518066406,4925.15673828125,44.804569244384766,212.7834930419922,4976.39599609375,32.06708526611328,555.06005859375,5059.52490234375,39.71103286743164,697.1318359375,4992.83740234375,149.5034637451172,-709.5631103515625,4920.25146484375,194.6469268798828,-687.670654296875,4782.62158203125,216.7435607910156,-725.6314697265625,4808.58984375,237.02780151367188,-747.8347778320312,4920.177734375,172.71041870117188,-728.65576171875,4790.59716796875,96.1939468383789,-772.812255859375,4870.98388671875
131.05455017089844,-146.44699096679688,4936.33642578125,135.2189483642578,-308.31005859375,4924.58544921875,135.5585174560547,-437.7424926757813,4934.13818359375,141.75906372070312,-635.1948852539062,4932.36767578125,170.435546875,-601.9774169921875,4940.3408203125,293.8270568847656,-562.2698974609375,4951.25,349.8736877441406,-400.413330078125,5135.35302734375,397.0808715820313,-265.5404357910156,5290.67333984375,349.1930236816406,-304.4579772949219,5352.88232421875,283.0954284667969,-347.3249206542969,5411.71630859375,326.65411376953125,-340.4449157714844,5350.0927734375,110.7115707397461,-603.1886596679688,4926.865234375,-4.382900714874268,-574.5692138671875,4910.89599609375,-84.22308349609375,-331.1114807128906,4909.56201171875,104.91354370117188,-270.50933837890625,4830.61181640625,190.1123962402344,-285.8865966796875,4793.1181640625,264.3145751953125,-293.5403137207031,4731.66748046875,199.0103759765625,-316.5560302734375,4785.3291015625,213.00425720214844,-145.27748107910156,4949.26904296875,222.10145568847656,209.4407501220703,5031.7275390625,222.7094268798828,543.9472045898438,5128.22900390625,233.95919799804688,697.285400390625,5054.5986328125,57.156890869140625,-147.50157165527344,4924.6748046875,45.84380340576172,212.50189208984375,4976.5517578125,34.08403396606445,553.216064453125,5063.42333984375,40.26619338989258,698.7852783203125,5005.36279296875,146.74220275878906,-708.2887573242188,4919.8095703125,191.84568786621097,-673.7404174804688,4785.07763671875,214.4461669921875,-713.398681640625,4807.67333984375,234.72390747070312,-744.9196166992188,4916.77294921875,170.6031494140625,-715.5396728515625,4789.32373046875,94.7251434326172,-767.71484375,4865.0517578125
129.6332550048828,-147.40403747558594,4937.19775390625,134.28147888183594,-310.096923828125,4924.7197265625,134.8783416748047,-440.2764587402344,4933.83984375,143.6904296875,-638.6915893554688,4930.09521484375,172.1078338623047,-604.998291015625,4938.3720703125,294.9873046875,-562.8058471679688,4953.490234375,329.6144104003906,-411.5070190429687,5153.09228515625,358.7760925292969,-285.0807189941406,5321.0263671875,280.6883850097656,-299.92523193359375,5359.0341796875,220.24249267578125,-308.35675048828125,5436.8154296875,252.95883178710935,-337.53717041015625,5342.0146484375,112.04229736328124,-606.865966796875,4924.9521484375,-4.245102405548096,-579.3767700195312,4910.78759765625,-84.67079162597656,-335.0930480957031,4925.9677734375,100.33000183105467,-272.8785400390625,4836.03857421875,175.79359436035156,-273.6728515625,4778.5576171875,233.70347595214844,-267.0921630859375,4700.79541015625,187.71466064453125,-313.59320068359375,4767.6220703125,211.95965576171875,-146.0839080810547,4950.6533203125,220.51519775390625,210.5521697998047,5033.78564453125,220.4008026123047,546.4615478515625,5132.333984375,229.2862548828125,700.2225952148438,5057.0986328125,55.39590072631836,-148.59445190429688,4925.06396484375,44.350982666015625,213.52847290039065,4976.345703125,32.54290771484375,556.890869140625,5060.61572265625,39.83224868774414,702.0,4999.28369140625,149.62518310546875,-711.9894409179688,4916.73486328125,193.89654541015625,-680.6397705078125,4780.08154296875,215.9935302734375,-720.6516723632812,4803.1806640625,237.1532440185547,-750.952392578125,4913.12890625,171.6190948486328,-722.0733032226562,4785.365234375,95.17735290527344,-771.41455078125,4863.4267578125
133.10205078125,-146.9270477294922,4937.9580078125,137.79429626464844,-309.0735168457031,4926.052734375,137.7366180419922,-438.76702880859375,4935.41796875,145.1239776611328,-636.5196533203125,4931.33935546875,173.5187225341797,-603.18017578125,4940.23291015625,297.0310363769531,-562.8139038085938,4950.26806640625,340.1257019042969,-399.3480224609375,5137.06982421875,376.3857727050781,-262.6249694824219,5294.24755859375,315.3450622558594,-293.52838134765625,5349.255859375,242.8100128173828,-324.7305603027344,5408.16015625,288.45794677734375,-323.5461120605469,5345.71875,113.93283081054688,-604.5612182617188,4925.6767578125,-0.497378408908844,-576.5686645507812,4903.375,-89.15179443359375,-336.00579833984375,4916.30712890625,98.58512115478516,-272.6240234375,4835.130859375,180.3218994140625,-282.52557373046875,4788.69873046875,250.2750701904297,-278.0408935546875,4721.8955078125,179.20106506347656,-319.78753662109375,4766.6611328125,214.5818023681641,-145.77615356445312,4954.39697265625,221.57357788085935,210.74786376953125,5032.19873046875,218.62106323242188,546.56884765625,5126.45166015625,229.5391845703125,701.3804321289062,5055.1416015625,59.62816619873047,-147.96484375,4923.1337890625,46.12419891357422,212.4047393798828,4976.763671875,31.833786010742188,555.3523559570312,5056.9140625,38.817596435546875,696.8573608398438,4988.9384765625,150.7581329345703,-709.5629272460938,4917.95361328125,198.4863739013672,-681.1851196289062,4782.3857421875,218.8107147216797,-721.4508056640625,4806.25146484375,236.7920684814453,-751.0652465820312,4916.51318359375,174.93179321289062,-721.7131958007812,4787.6328125,95.77100372314452,-767.6727294921875,4864.37744140625
132.57949829101562,-146.91574096679688,4937.6884765625,136.72669982910156,-309.01727294921875,4926.02783203125,136.34512329101562,-438.66015625,4935.2275390625,142.67784118652344,-636.2269897460938,4927.0244140625,171.3954315185547,-603.2175903320312,4936.0048828125,295.3306884765625,-563.9733276367188,4944.32568359375,343.12005615234375,-408.2947998046875,5136.40087890625,383.3916015625,-278.4671325683594,5298.244140625,319.3446350097656,-307.3060607910156,5350.83642578125,239.0518798828125,-336.8857116699219,5399.55517578125,298.1658020019531,-353.18927001953125,5336.7353515625,111.55032348632812,-604.0363159179688,4922.64111328125,-3.376997947692871,-575.517578125,4904.20361328125,-91.92889404296876,-334.900146484375,4914.02587890625,97.27694702148438,-272.136474609375,4836.11328125,177.00442504882812,-282.3529357910156,4786.45947265625,244.05271911621097,-277.4945983886719,4716.830078125,183.02532958984375,-323.5669860839844,4771.58935546875,214.05670166015625,-146.00131225585938,4953.95458984375,222.0041046142578,210.3604736328125,5031.59375,220.229736328125,546.2861328125,5124.884765625,230.6743927001953,700.4086303710938,5052.21826171875,59.10793685913086,-147.74032592773438,4923.0205078125,46.10770034790039,212.76565551757812,4974.642578125,32.03158187866211,555.3392333984375,5055.6884765625,38.74950408935547,698.9384155273438,4992.4130859375,147.68081665039062,-708.974609375,4912.06640625,187.0325927734375,-671.7618408203125,4776.02197265625,210.96517944335935,-711.5771484375,4797.08056640625,235.9688415527344,-744.635498046875,4904.91015625,166.38174438476562,-713.913330078125,4780.44384765625,94.0474090576172,-768.18212890625,4858.40234375
131.62171936035156,-145.12525939941406,4935.74951171875,136.19711303710938,-308.3230285644531,4923.6982421875,135.94354248046875,-438.8358154296875,4933.42578125,142.54537963867188,-637.9279174804688,4930.93798828125,171.26637268066406,-604.4202880859375,4939.6103515625,294.70538330078125,-561.6829223632812,4951.56591796875,385.21630859375,-416.9812316894531,5139.0986328125,461.370361328125,-296.731689453125,5297.3251953125,397.05523681640625,-313.9143371582031,5355.42529296875,309.274658203125,-328.7580261230469,5399.07421875,366.7575378417969,-355.8404235839844,5342.82763671875,111.28545379638672,-605.6784057617188,4924.982421875,-4.192873954772949,-575.2496337890625,4907.6259765625,-73.09571838378906,-326.6580505371094,4922.1162109375,115.98766326904295,-281.3218688964844,4829.15869140625,200.3242645263672,-283.04400634765625,4785.1640625,285.65618896484375,-275.8731384277344,4738.630859375,211.0005645751953,-320.51129150390625,4764.49853515625,213.62677001953125,-144.04966735839844,4952.318359375,221.80909729003903,213.64012145996097,5035.6064453125,222.6833953857422,551.9694213867188,5129.33349609375,230.5863494873047,703.89892578125,5049.29736328125,57.67415618896485,-146.09515380859375,4920.80859375,45.0942497253418,216.51824951171875,4975.6611328125,30.487661361694336,559.3475952148438,5065.7373046875,40.311431884765625,703.480224609375,5001.3642578125,147.9057159423828,-711.5753173828125,4918.06201171875,189.2135467529297,-680.9118041992188,4779.87841796875,214.00440979003903,-718.9895629882812,4803.82421875,237.9165954589844,-745.2099609375,4914.60595703125,169.54222106933594,-723.623046875,4786.40771484375,96.70889282226562,-775.7733764648438,4866.59423828125
131.67724609375,-144.6552734375,4935.17041015625,136.0325469970703,-307.65313720703125,4923.78662109375,135.660888671875,-437.9405517578125,4933.806640625,142.3607940673828,-636.7301025390625,4932.19677734375,171.02569580078125,-603.2205200195312,4940.6845703125,291.9918212890625,-554.9569091796875,4954.51416015625,354.2363586425781,-402.3504943847656,5146.70556640625,406.6693420410156,-275.22747802734375,5308.71044921875,343.1632995605469,-301.90228271484375,5363.83447265625,259.8301696777344,-328.9823913574219,5409.90869140625,311.3720703125,-313.6303405761719,5366.6181640625,111.12661743164062,-604.5743408203125,4926.1328125,-4.5144782066345215,-575.04736328125,4909.619140625,-79.01527404785156,-328.3865966796875,4922.15478515625,109.76024627685548,-278.6884765625,4831.6044921875,197.13970947265625,-283.9425354003906,4794.7197265625,276.7779846191406,-268.41387939453125,4741.00244140625,202.75840759277344,-321.2550354003906,4769.25537109375,213.56427001953125,-143.61978149414062,4951.67236328125,221.34291076660156,214.60614013671875,5030.046875,219.7164001464844,552.4395751953125,5123.5205078125,228.9428253173828,705.3218994140625,5046.0517578125,57.83610153198242,-145.58901977539062,4920.2900390625,45.88021469116211,216.61126708984375,4974.2109375,31.375635147094727,559.2076416015625,5063.02197265625,41.91889572143555,698.2642211914062,4988.931640625,147.74337768554688,-710.3168334960938,4919.662109375,189.4825134277344,-681.981201171875,4781.35400390625,213.09608459472656,-720.5995483398438,4805.45263671875,236.4935302734375,-746.75634765625,4916.17041015625,168.5212860107422,-723.935791015625,4788.23291015625,94.45064544677734,-773.116455078125,4868.88232421875
133.20156860351562,-148.8476104736328,4936.8779296875,136.5962371826172,-312.6358337402344,4925.66357421875,135.58143615722656,-443.5262145996094,4935.658203125,142.41294860839844,-643.1611938476562,4930.203125,171.618408203125,-609.5906372070312,4937.6416015625,294.28790283203125,-562.4061889648438,4931.49072265625,360.7761535644531,-402.5975341796875,5117.861328125,416.6438598632813,-268.6778869628906,5274.43994140625,348.0194396972656,-285.7833251953125,5327.85546875,291.3777160644531,-296.6741027832031,5408.8759765625,324.1471252441406,-337.32098388671875,5308.44287109375,110.70310974121094,-610.820556640625,4926.4853515625,-4.54998779296875,-576.9093627929688,4911.70849609375,-68.74710083007812,-325.8338317871094,4909.6826171875,116.09610748291016,-277.8484191894531,4808.37158203125,196.4932403564453,-286.57220458984375,4757.70751953125,284.4933776855469,-271.1015319824219,4718.04541015625,185.20018005371097,-341.9188537597656,4727.2490234375,215.54737854003903,-148.2495880126953,4953.0703125,222.9177093505859,211.9904327392578,5030.1767578125,219.16761779785156,551.2801513671875,5124.3876953125,230.66357421875,705.4795532226562,5048.083984375,58.946720123291016,-149.3868865966797,4922.27587890625,46.599021911621094,215.25299072265625,4970.91552734375,32.34555435180664,558.6522827148438,5063.13134765625,41.17332458496094,696.5116577148438,4985.12646484375,147.1627960205078,-716.8486938476562,4916.04443359375,197.28665161132812,-672.6939086914062,4784.087890625,216.02581787109375,-716.9119873046875,4802.73388671875,232.293701171875,-761.6649169921875,4909.2578125,171.86769104003906,-712.9620361328125,4784.01904296875,89.69522857666016,-765.7448120117188,4854.7607421875
132.49661254882812,-144.74880981445312,4933.271484375,135.7453155517578,-306.73388671875,4920.06494140625,135.21270751953125,-436.4348449707031,4928.16650390625,140.75082397460938,-634.1486206054688,4931.30810546875,169.8114776611328,-600.805908203125,4937.49462890625,292.60455322265625,-557.39111328125,4935.91650390625,346.5519714355469,-396.3078308105469,5121.7666015625,392.0920715332031,-262.1108093261719,5278.53857421875,326.3777160644531,-285.5610046386719,5331.73291015625,258.102783203125,-305.8625793457031,5399.7001953125,303.71221923828125,-332.2046203613281,5318.69287109375,109.59909057617188,-602.1312866210938,4925.9814453125,-5.710572242736816,-573.9715576171875,4909.57861328125,-79.92286682128906,-329.30108642578125,4930.7626953125,97.46788787841795,-278.3019104003906,4822.458984375,179.3008575439453,-290.6885986328125,4776.9140625,254.8487548828125,-280.2962951660156,4717.3349609375,183.0220489501953,-320.0680236816406,4754.02734375,214.43017578125,-144.22650146484375,4947.02001953125,222.28912353515625,210.8101043701172,5030.33935546875,219.72377014160156,545.5233154296875,5127.73291015625,230.56341552734375,699.9163818359375,5055.74658203125,58.61351013183594,-145.21978759765625,4920.87353515625,47.81639099121094,214.49806213378903,4977.9267578125,36.0866813659668,556.5924682617188,5061.16796875,40.89931869506836,695.3208618164062,4987.71533203125,145.10365295410156,-707.6566772460938,4920.4755859375,191.0699920654297,-678.9501953125,4784.4619140625,212.25323486328125,-718.7843017578125,4808.24072265625,231.72999572753903,-747.7440185546875,4918.3505859375,168.23805236816406,-719.8130493164062,4790.046875,90.59807586669922,-766.7791137695312,4867.62158203125
132.00975036621094,-145.00035095214844,4933.28662109375,135.48431396484375,-308.502197265625,4924.29345703125,135.51943969726562,-438.88470458984375,4936.3505859375,145.7980499267578,-637.752685546875,4927.86767578125,173.96539306640625,-603.9696044921875,4937.3623046875,294.0394592285156,-555.4056396484375,4958.50732421875,370.4805603027344,-402.7335510253906,5146.15087890625,434.7562255859375,-275.2654113769531,5304.13720703125,360.35540771484375,-279.2565002441406,5351.7138671875,314.413330078125,-277.645263671875,5439.61865234375,337.7575378417969,-343.00543212890625,5328.51123046875,113.89024353027344,-605.9158935546875,4923.07275390625,-2.3015663623809814,-574.6354370117188,4913.1943359375,-59.27253723144531,-322.9356384277344,4928.0908203125,119.63939666748048,-282.6438903808594,4814.68310546875,192.21548461914065,-283.0948791503906,4753.099609375,253.560302734375,-275.42059326171875,4677.69775390625,228.3140563964844,-321.4874572753906,4765.74755859375,214.8777008056641,-143.88780212402344,4945.076171875,221.5282745361328,213.5028076171875,5030.5458984375,219.81773376464844,550.0084228515625,5131.21044921875,230.2990875244141,703.0135498046875,5053.36962890625,57.28407287597656,-146.0035858154297,4922.65576171875,47.6579475402832,217.5352478027344,4972.99072265625,34.96306610107422,560.9658203125,5061.73681640625,45.99855041503906,701.5051879882812,4989.8623046875,152.4375457763672,-710.9066162109375,4912.75634765625,189.45169067382812,-680.2152099609375,4773.29150390625,210.8406982421875,-721.7974243164062,4794.59619140625,237.5391845703125,-754.6862182617188,4902.99609375,165.23114013671875,-720.5693969726562,4779.69091796875,91.20870971679688,-766.7904052734375,4862.47119140625
131.49093627929688,-140.3255157470703,4934.86328125,136.2015838623047,-302.46112060546875,4917.4072265625,136.24609375,-432.8033447265625,4921.99609375,141.9718475341797,-631.1255493164062,4929.0126953125,171.00929260253906,-597.51123046875,4934.998046875,295.84478759765625,-558.801513671875,4937.36474609375,329.45635986328125,-399.168701171875,5130.3505859375,357.7864685058594,-265.7506103515625,5292.76904296875,294.3941650390625,-298.4258728027344,5344.4140625,245.43055725097656,-322.6689147949219,5426.7431640625,263.9653015136719,-301.40740966796875,5353.3232421875,110.75309753417967,-599.142822265625,4922.60791015625,-5.6133270263671875,-576.2072143554688,4902.73876953125,-101.8501434326172,-338.89013671875,4929.46044921875,76.79935455322266,-270.22943115234375,4831.9990234375,155.54522705078125,-273.4482421875,4779.296875,218.69888305664065,-267.4401550292969,4705.755859375,158.5065155029297,-311.5274353027344,4761.7421875,213.23440551757812,-139.71923828125,4951.29052734375,221.4020843505859,217.1914978027344,5032.30419921875,220.3906707763672,554.4884643554688,5125.212890625,230.99261474609375,710.1549072265625,5054.48388671875,57.77924346923828,-140.8722381591797,4920.0498046875,47.0629997253418,221.19873046875,4970.21630859375,35.36211013793945,561.00439453125,5067.09912109375,38.48530197143555,702.0236206054688,4996.77197265625,146.57492065429688,-705.0863037109375,4919.61376953125,190.5090789794922,-679.5028686523438,4781.7490234375,216.643310546875,-714.4805908203125,4808.45654296875,238.21337890625,-733.0567626953125,4920.83154296875,173.31993103027344,-722.7966918945312,4790.0244140625,101.33351135253906,-774.8134765625,4870.4404296875
130.58494567871094,-139.02906799316406,4936.66943359375,135.20726013183594,-301.5870361328125,4920.578125,135.4203338623047,-432.1082763671875,4926.25048828125,141.2110595703125,-630.8900146484375,4925.96435546875,170.28675842285156,-597.4539184570312,4933.20263671875,295.0960998535156,-558.015380859375,4936.849609375,358.5592041015625,-397.6180114746094,5122.1015625,411.9407958984375,-263.5869445800781,5278.05615234375,332.62188720703125,-259.8901062011719,5316.45751953125,271.8943786621094,-249.51153564453125,5393.9228515625,315.0027160644531,-333.1725158691406,5292.26025390625,109.93160247802734,-598.647216796875,4920.724609375,-6.958015441894531,-575.88037109375,4902.56787109375,-97.8885498046875,-335.3365783691406,4922.3369140625,86.17190551757812,-269.0019226074219,4832.85498046875,165.765380859375,-267.4434814453125,4781.06884765625,229.01661682128903,-269.59771728515625,4707.1806640625,192.15118408203125,-333.6353759765625,4805.5419921875,212.66256713867188,-138.22390747070312,4952.11279296875,222.0072784423828,219.00619506835935,5034.39501953125,222.0453643798828,555.976806640625,5130.6728515625,230.02354431152344,702.9083862304688,5042.3876953125,56.57193756103515,-139.755126953125,4922.74365234375,47.74004364013672,222.87738037109375,4973.748046875,36.4281005859375,563.9575805664062,5068.3662109375,38.080604553222656,697.5177001953125,4984.18994140625,145.84542846679688,-704.5784301757812,4913.830078125,189.3293609619141,-679.3727416992188,4775.48779296875,213.7159881591797,-716.3679809570312,4801.2802734375,235.77699279785156,-738.1130981445312,4913.19482421875,169.6310272216797,-721.7509155273438,4783.3603515625,95.66280364990234,-770.7286987304688,4864.1884765625
131.71339416503906,-140.70965576171875,4932.84033203125,135.3326873779297,-304.75811767578125,4916.7666015625,134.71267700195312,-436.4384460449219,4922.54638671875,141.17315673828125,-636.8046875,4930.74609375,170.3612823486328,-602.6958618164062,4936.78515625,294.2420959472656,-559.519775390625,4952.3515625,401.0221862792969,-410.69769287109375,5130.31201171875,490.7911376953125,-287.1670227050781,5280.72900390625,417.2776489257813,-273.9847106933594,5329.11328125,327.908203125,-254.5633850097656,5369.208984375,418.3976745605469,-378.7151489257813,5294.7880859375,109.54629516601562,-604.631103515625,4923.91455078125,-8.963770866394043,-580.1443481445312,4912.6611328125,-98.00354766845705,-336.1189880371094,4927.97802734375,76.89337921142578,-261.1688232421875,4823.53857421875,152.30319213867188,-254.04888916015625,4764.85791015625,209.3990020751953,-243.04823303222656,4685.7802734375,201.3142852783203,-304.4055480957031,4802.55712890625,214.5174102783203,-140.41372680664062,4948.46484375,222.04302978515625,218.38438415527344,5038.38134765625,222.0869140625,556.7318115234375,5141.03515625,230.14219665527344,701.47265625,5046.3828125,57.04535675048828,-140.97650146484375,4918.7509765625,48.36672592163086,225.2960662841797,4967.25244140625,35.34849166870117,565.5201416015625,5075.5986328125,39.84358215332031,701.1576538085938,4992.2021484375,146.14816284179688,-711.5835571289062,4921.67578125,194.11090087890625,-692.257080078125,4782.46875,216.35916137695312,-729.9324340820312,4810.05908203125,235.16387939453125,-749.640380859375,4924.00439453125,172.0646209716797,-733.7877807617188,4791.14453125,93.4709701538086,-777.2850341796875,4872.33642578125
130.74295043945312,-137.6995849609375,4930.45947265625,133.43601989746094,-301.740966796875,4914.7236328125,131.98143005371094,-433.3310241699219,4921.3076171875,141.26210021972656,-633.668212890625,4918.7626953125,169.97467041015625,-599.5347290039062,4926.56640625,291.3116760253906,-548.5365600585938,4937.3974609375,404.2711181640625,-410.7077331542969,5120.203125,499.2848510742187,-296.0950012207031,5274.30615234375,434.1248779296875,-280.03375244140625,5332.69921875,345.3310546875,-269.0126037597656,5376.9599609375,446.8995971679687,-382.6861572265625,5336.3427734375,109.18267059326172,-601.6356811523438,4913.7177734375,-9.722664833068848,-578.7916870117188,4903.7041015625,-91.7649917602539,-333.46240234375,4931.0263671875,106.25196075439452,-272.6859436035156,4866.39892578125,173.32261657714844,-256.8896484375,4799.86767578125,227.67173767089844,-240.34103393554688,4719.8681640625,221.30047607421875,-279.5102233886719,4814.35986328125,213.5258331298828,-137.8351287841797,4946.0400390625,222.5319976806641,221.0792999267578,5034.8203125,223.26080322265625,560.0054931640625,5135.111328125,233.7229766845703,715.9905395507812,5060.8671875,56.093997955322266,-137.57737731933594,4916.40966796875,47.906524658203125,227.95127868652344,4969.4189453125,31.65080451965332,570.142822265625,5070.4765625,38.56622314453125,708.9243774414062,4992.71435546875,147.25888061523438,-707.75146484375,4905.69970703125,192.67706298828125,-700.0338134765625,4764.57958984375,213.3077087402344,-737.2311401367188,4793.98291015625,233.8151397705078,-751.0111694335938,4908.462890625,168.403564453125,-739.494873046875,4776.33349609375,89.47611999511719,-772.9570922851562,4861.78369140625
131.33216857910156,-139.04566955566406,4932.74072265625,135.10621643066406,-303.00677490234375,4915.72412109375,134.74200439453125,-434.7371520996094,4920.501953125,143.359375,-635.201904296875,4919.69189453125,172.09698486328125,-601.0897827148438,4927.60546875,294.2514343261719,-552.4859008789062,4940.69189453125,404.4033203125,-414.00091552734375,5124.8583984375,497.0866394042969,-299.27764892578125,5280.41552734375,430.2415466308594,-281.22076416015625,5336.32470703125,340.24224853515625,-267.8901062011719,5377.5009765625,452.1108703613281,-390.1798706054687,5339.501953125,111.44844818115234,-603.089599609375,4913.9619140625,-7.501371383666992,-580.9139404296875,4902.47021484375,-103.56974792480467,-340.922119140625,4932.38671875,88.51446533203125,-258.7507629394531,4873.4638671875,163.0990753173828,-249.59176635742188,4814.00537109375,218.8848571777344,-242.3927001953125,4733.55859375,193.3806304931641,-286.9769287109375,4816.857421875,214.2104034423828,-138.721435546875,4947.998046875,221.95252990722656,221.1691131591797,5033.52685546875,221.11761474609375,560.8595581054688,5131.72802734375,242.1118927001953,706.650390625,5040.7216796875,56.597225189208984,-139.33804321289062,4918.982421875,47.04389572143555,226.848876953125,4968.15283203125,32.2198486328125,570.578125,5064.63427734375,38.503170013427734,707.0943603515625,4982.78076171875,149.27247619628906,-709.4391479492188,4907.30078125,195.7457733154297,-691.076416015625,4767.44873046875,216.8261260986328,-729.8721923828125,4794.4033203125,236.629638671875,-751.23876953125,4907.8876953125,172.10365295410156,-731.7083129882812,4776.1962890625,93.06328582763672,-772.4794921875,4858.3759765625
130.122314453125,-139.66165161132812,4929.619140625,134.63140869140625,-302.6979675292969,4911.0615234375,134.45709228515625,-433.8689880371094,4915.0166015625,142.4293212890625,-633.3631591796875,4908.54052734375,171.49073791503906,-599.66455078125,4915.87060546875,294.8802185058594,-554.1976928710938,4918.71044921875,376.51904296875,-404.2872924804687,5107.15478515625,445.363037109375,-280.03509521484375,5266.41357421875,384.7106628417969,-305.0518798828125,5325.95556640625,328.6580810546875,-327.0096435546875,5405.07861328125,403.3236389160156,-390.5111999511719,5276.20263671875,110.504638671875,-601.207763671875,4905.27099609375,-7.678717613220215,-579.1280517578125,4891.60205078125,-141.9390411376953,-369.2866516113281,4962.73193359375,-10.179206848144531,-242.4984436035156,4847.5537109375,80.40010070800781,-240.5430450439453,4817.6865234375,177.18527221679688,-229.91798400878903,4809.33642578125,97.19297790527344,-275.6061706542969,4816.3115234375,212.36766052246097,-139.271728515625,4946.17724609375,220.95220947265625,218.172119140625,5034.72412109375,221.2267303466797,555.910888671875,5133.99951171875,236.4777679443359,700.2194213867188,5040.9716796875,55.95808410644531,-140.01327514648438,4914.68798828125,46.68503189086914,223.29405212402344,4972.22314453125,32.34724044799805,565.7127075195312,5067.55419921875,38.417964935302734,703.8040771484375,4989.806640625,147.4877471923828,-706.9275512695312,4893.98974609375,194.46826171875,-706.3753051757812,4753.8037109375,211.1509552001953,-744.6087646484375,4784.005859375,229.18853759765625,-757.9215698242188,4898.4736328125,166.570556640625,-742.9678955078125,4766.00244140625,84.41631317138672,-766.9884643554688,4850.89404296875
129.79598999023438,-139.55438232421875,4928.8154296875,134.7772674560547,-302.772705078125,4912.27099609375,135.1597900390625,-433.8736572265625,4917.708984375,142.4919891357422,-633.4490966796875,4920.75341796875,171.63128662109375,-599.5357666015625,4926.59814453125,294.8446350097656,-553.70654296875,4930.34716796875,353.3582763671875,-397.0211181640625,5121.8125,402.5926513671875,-266.0865173339844,5282.9404296875,336.11767578125,-289.5345153808594,5336.59765625,258.2840576171875,-311.77947998046875,5394.2958984375,330.7801513671875,-360.06298828125,5307.92041015625,110.69276428222656,-601.3894653320312,4915.822265625,-7.619060516357422,-582.049560546875,4899.5048828125,-143.9813995361328,-369.1311950683594,4955.8330078125,-21.40392303466797,-252.80404663085935,4821.1748046875,73.4981460571289,-244.33419799804688,4825.65234375,169.34951782226562,-230.43975830078125,4812.72802734375,86.33340454101562,-274.0740966796875,4808.38037109375,212.1535797119141,-138.65399169921875,4944.7294921875,219.8365173339844,218.2911071777344,5035.158203125,217.2145233154297,554.3444213867188,5139.81591796875,227.1943359375,696.127197265625,5042.33642578125,55.530517578125,-140.36630249023438,4914.46484375,43.663448333740234,223.0099334716797,4970.77880859375,25.25643539428711,563.5096435546875,5071.9384765625,36.91985702514648,699.1998291015625,4990.71923828125,147.3647918701172,-707.6280517578125,4909.7373046875,186.3201904296875,-702.668701171875,4767.21728515625,213.66175842285156,-733.6320190429688,4797.962890625,239.59371948242188,-735.6160278320312,4911.65380859375,169.4309844970703,-744.470703125,4782.47802734375,100.17022705078124,-784.11083984375,4872.81494140625
129.73414611816406,-139.48582458496094,4928.52880859375,134.69203186035156,-302.81622314453125,4911.9541015625,135.07647705078125,-434.0146484375,4917.232421875,143.10426330566406,-633.7058715820312,4920.00244140625,172.12318420410156,-599.6759643554688,4926.0078125,294.8593444824219,-552.4426879882812,4930.98095703125,347.1037292480469,-392.6757507324219,5121.9462890625,391.0225830078125,-258.8937683105469,5282.46630859375,320.3435363769531,-279.03509521484375,5332.0400390625,234.79530334472656,-298.11810302734375,5379.08251953125,303.77392578125,-338.1996154785156,5310.58203125,111.18841552734376,-601.7283325195312,4915.001953125,-7.32859992980957,-583.0977172851562,4898.7265625,-146.74420166015625,-371.92083740234375,4954.96240234375,-25.400630950927734,-252.566162109375,4821.60205078125,69.25,-241.37074279785156,4826.771484375,164.4119415283203,-224.56100463867188,4811.8564453125,83.24546813964844,-270.64520263671875,4809.68505859375,212.14450073242188,-138.60267639160156,4944.47705078125,220.3676300048828,218.63815307617188,5034.72998046875,218.6694793701172,555.1701049804688,5138.6865234375,228.98568725585935,697.19091796875,5041.37744140625,55.42110824584961,-140.2821807861328,4914.1474609375,43.69025802612305,223.36294555664065,4970.419921875,25.454736709594727,564.1792602539062,5071.41162109375,37.41925048828125,699.9681396484375,4990.18603515625,148.2807159423828,-707.9017333984375,4908.8837890625,189.70396423339844,-704.7791748046875,4766.90234375,214.196044921875,-737.9619140625,4797.7939453125,238.179931640625,-742.7588500976562,4911.9111328125,169.48976135253906,-745.34228515625,4781.5546875,96.03229522705078,-780.3983764648438,4870.57421875
131.67877197265625,-139.03140258789062,4926.40673828125,136.75527954101562,-302.4052429199219,4906.5810546875,136.6087646484375,-434.0139770507813,4908.95654296875,141.3060760498047,-634.3051147460938,4911.81005859375,170.9336700439453,-600.6788330078125,4917.9560546875,293.54376220703125,-552.5745849609375,4925.60400390625,346.26190185546875,-395.8926086425781,5119.8076171875,390.7014465332031,-265.45965576171875,5283.611328125,322.0747375488281,-289.002197265625,5334.93115234375,284.0049743652344,-302.46990966796875,5426.11328125,292.3575744628906,-319.47698974609375,5327.4375,109.8730697631836,-601.7210083007812,4906.64501953125,-7.943078994750977,-577.2737426757812,4890.75048828125,-148.5603790283203,-379.38720703125,4983.46337890625,-42.66019821166992,-260.1912536621094,4836.6162109375,50.46055603027344,-240.5574188232422,4826.66552734375,137.73699951171875,-206.2673797607422,4798.11328125,70.83406829833984,-266.18707275390625,4809.17333984375,213.6731109619141,-138.78097534179688,4945.33837890625,220.3003692626953,219.85397338867188,5033.90869140625,215.8905792236328,558.3397216796875,5134.341796875,230.95030212402344,704.25439453125,5042.8271484375,57.740875244140625,-139.25721740722656,4909.33544921875,43.41672134399414,224.13963317871097,4972.197265625,20.296733856201172,564.2598266601562,5077.55078125,37.4693717956543,701.7897338867188,4999.4814453125,145.3055877685547,-708.763916015625,4900.7021484375,196.00051879882812,-710.8501586914062,4761.3515625,213.03382873535156,-747.8136596679688,4793.1630859375,228.535888671875,-757.3472900390625,4908.7373046875,168.7689666748047,-747.99169921875,4773.9560546875,84.91848754882812,-772.040771484375,4857.6953125
131.95706176757812,-143.08555603027344,4924.20361328125,135.44381713867188,-308.2083435058594,4908.6162109375,134.584228515625,-440.6741943359375,4915.029296875,139.36448669433594,-642.489013671875,4916.77392578125,169.4883270263672,-608.64306640625,4921.703125,293.26324462890625,-560.3311767578125,4917.79931640625,357.4080505371094,-398.5992126464844,5106.89599609375,411.6559143066406,-264.4551086425781,5266.8212890625,358.9341125488281,-299.928466796875,5329.904296875,352.0115661621094,-313.1568298339844,5429.2646484375,333.9422302246094,-333.5730285644531,5328.99853515625,107.49756622314452,-609.6295776367188,4913.2158203125,-11.225178718566896,-583.22265625,4900.49755859375,-146.6605682373047,-368.0888977050781,4963.1552734375,-38.47200393676758,-235.71099853515625,4827.2509765625,57.55210876464844,-228.23974609375,4822.9765625,149.2931365966797,-195.06605529785156,4807.5849609375,75.50226593017578,-243.5625457763672,4803.470703125,215.202880859375,-142.84669494628906,4940.29443359375,220.8275909423828,217.9015960693359,5031.974609375,214.41372680664065,557.6676635742188,5137.2646484375,231.17303466796875,709.6830444335938,5053.86083984375,56.89065170288086,-143.3009490966797,4909.69384765625,41.77047348022461,223.72824096679688,4967.478515625,20.08195686340332,566.387939453125,5074.05712890625,36.83950424194336,701.1842651367188,4988.98779296875,142.83131408691406,-717.4595336914062,4905.068359375,197.51583862304688,-722.0709228515625,4766.091796875,215.52801513671875,-757.343505859375,4799.859375,228.5921936035156,-762.1657104492188,4916.9150390625,171.49124145507812,-760.2587280273438,4779.466796875,86.07086181640625,-785.4280395507812,4862.61083984375
129.4342803955078,-142.04942321777344,4921.41357421875,133.91412353515625,-307.3467712402344,4907.11669921875,134.16925048828125,-439.8101501464844,4914.8447265625,139.3468017578125,-641.65576171875,4909.68212890625,169.38343811035156,-607.9290771484375,4915.978515625,292.8074035644531,-558.460205078125,4918.4697265625,355.32373046875,-397.6513671875,5109.064453125,408.1589965820313,-264.0750427246094,5270.0771484375,370.3741455078125,-308.40863037109375,5338.13623046875,358.90057373046875,-321.3374328613281,5437.1640625,346.09429931640625,-328.3652648925781,5348.89697265625,107.42266845703124,-608.734130859375,4907.03857421875,-11.72170066833496,-582.0775146484375,4899.10888671875,-129.00343322753906,-361.0411682128906,4976.6103515625,-3.0732154846191406,-248.6032867431641,4837.884765625,87.18222045898438,-217.691162109375,4823.6640625,183.16021728515625,-194.64105224609375,4819.15869140625,115.60874938964844,-246.1082763671875,4802.38134765625,213.003662109375,-141.0409698486328,4935.9404296875,222.4097137451172,219.07601928710935,5030.4892578125,222.42819213867188,558.465576171875,5137.76025390625,233.9913787841797,710.2199096679688,5052.83349609375,54.076114654541016,-142.9587860107422,4908.31396484375,40.40791320800781,223.0028839111328,4973.880859375,22.675630569458008,569.2774658203125,5069.54296875,36.962005615234375,707.8366088867188,4990.1064453125,143.04483032226562,-716.2098388671875,4895.42431640625,189.70204162597656,-726.719970703125,4753.78857421875,210.7437438964844,-759.6345825195312,4788.2177734375,230.7402801513672,-757.8215942382812,4904.4345703125,165.68637084960938,-764.8698120117188,4770.658203125,86.02571868896484,-787.9483642578125,4859.984375
128.22930908203125,-140.06678771972656,4923.09814453125,132.23521423339844,-304.83184814453125,4903.46728515625,132.37802124023438,-437.4954833984375,4906.20703125,136.3905792236328,-639.3800048828125,4901.35302734375,166.80665588378906,-605.7848510742188,4906.4189453125,291.8775634765625,-560.5677490234375,4907.01123046875,331.3800354003906,-376.818359375,5082.4326171875,364.7677001953125,-223.66563415527344,5230.72607421875,349.4176025390625,-264.1419372558594,5309.15869140625,325.7032470703125,-308.22064208984375,5396.33984375,335.50531005859375,-302.4148254394531,5318.03076171875,104.54596710205078,-606.3087158203125,4899.84423828125,-15.468329429626465,-583.8523559570312,4891.9814453125,-154.5129852294922,-383.2931213378906,4987.1884765625,-41.54448318481445,-266.56793212890625,4841.0341796875,39.27315139770508,-218.4935760498047,4819.548828125,134.9307861328125,-195.5516815185547,4810.21435546875,78.4961166381836,-253.98826599121097,4807.38232421875,211.91098022460935,-139.689453125,4937.0068359375,221.5523376464844,219.84890747070312,5033.7431640625,222.4461975097656,558.9281616210938,5142.0146484375,230.33010864257812,704.8138427734375,5046.9765625,52.76986312866211,-140.4070587158203,4910.5556640625,39.85855865478515,226.21633911132812,4972.5302734375,25.508365631103516,570.9586181640625,5074.14111328125,33.799015045166016,705.9645385742188,4988.00927734375,139.18701171875,-713.9855346679688,4887.1494140625,186.9807586669922,-716.0308837890625,4745.513671875,208.49867248535156,-750.26513671875,4778.32568359375,227.69528198242188,-754.16015625,4894.62939453125,163.67799377441406,-755.5148315429688,4760.1708984375,83.9483871459961,-784.9421997070312,4847.55224609375
131.88821411132812,-140.69595336914062,4922.416015625,135.66738891601562,-306.0272521972656,4903.03466796875,135.01844787597656,-439.1007385253906,4906.244140625,140.37135314941406,-641.5453491210938,4912.90087890625,170.3885955810547,-607.3623046875,4917.7138671875,293.9114990234375,-557.0875244140625,4921.56591796875,353.6750183105469,-391.3269348144531,5109.89990234375,404.1945190429687,-253.9409942626953,5269.3701171875,348.0708923339844,-284.09552001953125,5332.75390625,336.22174072265625,-272.3265380859375,5432.208984375,320.0907897949219,-302.1903076171875,5339.9560546875,108.37759399414062,-608.7691650390625,4907.8388671875,-11.735834121704102,-585.9857177734375,4896.95166015625,-149.5810089111328,-385.193603515625,4995.642578125,-26.722654342651367,-257.94158935546875,4866.1650390625,47.163909912109375,-216.66580200195312,4819.25439453125,141.94107055664062,-190.1867218017578,4807.3310546875,84.0161361694336,-245.4227752685547,4809.314453125,215.39610290527344,-140.7079620361328,4938.8017578125,222.2883148193359,220.95594787597656,5032.36279296875,219.21107482910156,561.8328247070312,5138.65673828125,232.64212036132812,710.1679077148438,5047.0771484375,56.58547592163086,-140.6851348876953,4907.64111328125,41.9635124206543,227.6538543701172,4966.072265625,21.732879638671875,571.0226440429688,5075.1142578125,38.819549560546875,709.4559936523438,4994.97705078125,144.33340454101562,-717.0369262695312,4903.01953125,197.3909454345703,-727.0939331054688,4763.1083984375,212.0425567626953,-764.17822265625,4796.857421875,225.5000762939453,-770.4248046875,4914.23974609375,167.61813354492188,-762.5845947265625,4776.73193359375,80.40560150146484,-779.0841674804688,4860.84326171875
129.9979248046875,-139.4635467529297,4925.01171875,133.84886169433594,-303.3775634765625,4905.138671875,134.14944458007812,-435.379638671875,4908.15234375,138.60797119140625,-636.29541015625,4905.30712890625,168.6940155029297,-602.7599487304688,4910.7060546875,293.5073547363281,-559.8097534179688,4920.21142578125,341.0982360839844,-370.4473876953125,5085.50830078125,381.2475891113281,-212.7568359375,5225.595703125,338.3213195800781,-248.6352081298828,5294.9970703125,348.56005859375,-249.10433959960935,5394.501953125,313.6619567871094,-273.82379150390625,5303.25244140625,106.90325164794922,-603.46630859375,4902.78857421875,-12.729748725891112,-581.1024780273438,4899.6435546875,-129.22650146484375,-367.97418212890625,4994.25146484375,18.8497314453125,-248.3114318847656,4889.2197265625,74.84176635742188,-218.3180694580078,4817.26220703125,170.57933044433594,-206.96856689453125,4797.9443359375,114.20716094970705,-245.77159118652344,4809.39794921875,213.50770568847656,-138.99261474609375,4937.30908203125,219.61585998535156,219.69869995117188,5030.3447265625,216.7468719482422,557.1544189453125,5137.88818359375,228.65321350097656,707.5758666992188,5052.39306640625,54.69346618652344,-139.88821411132812,4913.92236328125,39.6910514831543,226.1382751464844,4967.3671875,21.465286254882812,569.7351684570312,5065.91845703125,37.96826171875,710.021728515625,4991.7021484375,141.83807373046875,-710.6563720703125,4891.9404296875,196.1906585693359,-726.1633911132812,4754.3388671875,204.08541870117188,-765.2715454101562,4787.40185546875,213.11610412597656,-775.3447265625,4903.978515625,161.3313751220703,-756.7207641601562,4766.384765625,71.06727600097656,-761.212646484375,4847.2802734375
132.0858154296875,-144.8199462890625,4921.9599609375,133.1966094970703,-308.7546691894531,4900.56982421875,130.56227111816406,-440.8876953125,4902.38525390625,132.8556671142578,-642.06298828125,4903.38037109375,163.3118133544922,-608.7224731445312,4908.27783203125,288.6799011230469,-566.2091674804688,4913.2490234375,362.075439453125,-393.45257568359375,5087.4560546875,424.1542053222656,-250.79083251953125,5235.7490234375,366.1108093261719,-275.01806640625,5299.0478515625,358.1966857910156,-280.9195861816406,5398.693359375,334.98895263671875,-278.80889892578125,5308.3916015625,101.4876937866211,-608.9146118164062,4900.095703125,-18.84813690185547,-589.8021240234375,4897.568359375,-134.7791748046875,-370.2311401367187,4977.775390625,3.4537017345428467,-235.73959350585935,4876.89111328125,73.10781860351562,-200.453125,4820.9033203125,170.13868713378906,-197.77110290527344,4804.61669921875,104.71971130371094,-227.17498779296875,4808.3603515625,215.1584320068359,-146.2647247314453,4937.34716796875,222.20913696289065,214.2938995361328,5024.41552734375,219.9090118408203,554.2467651367188,5125.080078125,240.1811065673828,704.8877563476562,5041.20166015625,57.17559051513672,-143.51710510253906,4908.08447265625,39.988739013671875,222.50762939453125,4963.4697265625,19.968629837036133,562.35205078125,5075.1396484375,36.47464370727539,700.7808227539062,4997.1796875,135.3376922607422,-716.7717895507812,4891.43115234375,189.90394592285156,-723.1640014648438,4753.0263671875,205.01638793945312,-760.1237182617188,4786.1328125,217.1569061279297,-767.8335571289062,4902.728515625,161.1195526123047,-759.37353515625,4765.63818359375,74.00218963623047,-779.33837890625,4847.8212890625
129.38475036621094,-139.41680908203125,4917.40625,131.0768585205078,-303.7811279296875,4896.68310546875,129.23483276367188,-436.2002258300781,4898.77490234375,136.9245147705078,-637.467529296875,4907.70556640625,166.74380493164062,-603.1427612304688,4909.8095703125,290.3083190917969,-554.648681640625,4908.09228515625,361.3873291015625,-387.7087097167969,5089.56884765625,421.7434387207031,-250.2557678222656,5244.017578125,357.4481201171875,-270.9518737792969,5302.6171875,345.5418395996094,-276.0765686035156,5402.11962890625,331.2475891113281,-304.4508056640625,5310.39892578125,104.5010223388672,-605.1967163085938,4904.60009765625,-16.19485092163086,-586.7464599609375,4907.19677734375,-136.5040283203125,-363.8009033203125,4971.93505859375,-4.750102996826172,-234.58123779296875,4855.67822265625,75.57566833496094,-197.6212158203125,4817.57470703125,173.7294158935547,-198.71218872070312,4807.94677734375,105.77525329589844,-228.54920959472656,4799.337890625,212.84852600097656,-140.35287475585938,4931.6455078125,220.50552368164065,219.03375244140625,5026.47509765625,217.3667755126953,556.7799682617188,5136.70751953125,240.4754180908203,697.3483276367188,5036.84716796875,54.12179946899414,-138.57272338867188,4904.56591796875,42.56452560424805,225.990234375,4974.373046875,27.037858963012695,568.5737915039062,5080.6689453125,36.84334182739258,701.064453125,4991.3955078125,140.8332061767578,-712.6779174804688,4898.6240234375,188.76609802246097,-727.791259765625,4758.12060546875,210.2243804931641,-758.7493896484375,4793.93701171875,229.20462036132812,-751.81640625,4909.91552734375,165.51976013183594,-765.698486328125,4776.314453125,85.8252944946289,-786.9290161132812,4865.767578125
133.54888916015625,-139.22560119628906,4917.15380859375,133.86361694335938,-303.2323913574219,4900.0302734375,131.09056091308594,-434.9337158203125,4905.10986328125,131.48138427734375,-635.5714111328125,4901.6318359375,162.38577270507812,-602.69580078125,4905.70263671875,286.3624572753906,-557.3680419921875,4911.4794921875,365.6539001464844,-384.20068359375,5081.67236328125,432.7776489257813,-241.0592803955078,5226.45556640625,376.4273376464844,-263.2098388671875,5291.689453125,347.97430419921875,-270.30584716796875,5387.16064453125,353.2088317871094,-283.48101806640625,5310.783203125,100.39166259765624,-602.1773071289062,4900.65283203125,-18.28455924987793,-576.389404296875,4905.7783203125,-109.0536117553711,-340.4517822265625,4967.6318359375,33.24580383300781,-228.8450469970703,4847.5361328125,117.00894165039062,-188.93804931640625,4823.5625,214.48570251464844,-177.36341857910156,4822.345703125,150.25914001464844,-226.97311401367188,4798.18212890625,216.7510681152344,-140.46180725097656,4930.52294921875,219.81883239746097,216.5340118408203,5027.8037109375,212.7598876953125,551.3388061523438,5141.42822265625,230.8282165527344,697.0391235351562,5049.625,58.52182388305664,-138.11087036132812,4905.09814453125,44.40242767333984,224.3819580078125,4975.97900390625,24.678546905517575,566.2114868164062,5078.26708984375,38.51021957397461,698.5576171875,4990.66796875,132.63450622558594,-709.8223266601562,4887.990234375,195.89686584472656,-726.8319702148438,4754.69482421875,209.5442352294922,-760.2882690429688,4791.72021484375,214.33360290527344,-757.5100708007812,4908.763671875,167.15322875976562,-762.4238891601562,4768.61669921875,75.60044860839844,-777.2957763671875,4846.478515625
131.81210327148438,-140.66928100585938,4917.34521484375,132.16319274902344,-304.94476318359375,4900.865234375,129.4038543701172,-436.7759094238281,4906.71484375,132.34059143066406,-637.66552734375,4905.6708984375,162.86183166503906,-604.3133544921875,4909.3544921875,285.86627197265625,-555.8557739257812,4914.12255859375,356.5279541015625,-379.873046875,5085.69287109375,416.5093688964844,-234.49832153320312,5231.76904296875,344.37884521484375,-238.9883575439453,5283.90234375,328.8375549316406,-219.8843536376953,5380.81787109375,312.324951171875,-242.8761444091797,5291.02197265625,100.79229736328124,-604.6419067382812,4904.27734375,-18.289894104003903,-579.9307250976562,4908.78369140625,-110.18732452392578,-343.8096923828125,4969.603515625,29.60733985900879,-231.72857666015625,4846.5634765625,113.81461334228516,-192.0218963623047,4823.3564453125,211.58328247070312,-181.93148803710935,4822.86328125,144.65716552734375,-224.9959716796875,4796.21630859375,215.13363647460935,-141.82382202148438,4930.62890625,220.27462768554688,216.44786071777344,5024.80615234375,215.21337890625,552.1510620117188,5137.2265625,230.67694091796875,699.3294677734375,5046.91748046875,56.67742156982422,-139.62818908691406,4905.3662109375,44.03854751586914,223.5349578857422,4975.45166015625,26.175771713256836,565.1030883789062,5080.44775390625,37.98406600952149,699.9961547851562,4996.14453125,134.44204711914062,-712.1469116210938,4892.91650390625,193.70245361328125,-732.8659057617188,4758.1123046875,203.5373077392578,-768.8792114257812,4794.01953125,209.94497680664065,-770.1988525390625,4911.154296875,160.9001007080078,-765.0859375,4771.46484375,68.9725570678711,-770.890625,4850.3134765625
131.8090057373047,-140.66517639160156,4917.34619140625,132.15977478027344,-304.9406433105469,4900.86767578125,129.399658203125,-436.771484375,4906.72216796875,132.33966064453125,-637.6610107421875,4905.6953125,162.8604736328125,-604.3079833984375,4909.375,285.85736083984375,-555.8289184570312,4914.11572265625,356.4678039550781,-379.69232177734375,5085.54931640625,416.4015808105469,-234.16793823242188,5231.49609375,344.2253112792969,-238.52865600585935,5283.57666015625,328.7919616699219,-219.11717224121097,5380.4482421875,312.1033935546875,-242.284912109375,5290.38525390625,100.7907943725586,-604.6381225585938,4904.2998046875,-18.29210662841797,-579.9317626953125,4908.8115234375,-110.19934844970705,-343.8123474121094,4969.6220703125,29.577850341796875,-231.72735595703125,4846.56591796875,113.77841186523438,-192.01087951660156,4823.3515625,211.5456695556641,-181.90773010253903,4822.8515625,144.6143341064453,-224.9735107421875,4796.19677734375,215.13050842285156,-141.81973266601562,4930.62939453125,220.27261352539065,216.45181274414065,5024.80615234375,215.21209716796875,552.1546630859375,5137.22705078125,230.67567443847656,699.3349609375,5046.921875,56.674346923828125,-139.62405395507812,4905.36767578125,44.03490447998047,223.5400390625,4975.4462890625,26.16965103149414,565.111083984375,5080.431640625,37.98641204833984,700.0008544921875,4996.12451171875,134.44187927246094,-712.1434326171875,4892.947265625,193.6903533935547,-732.8702392578125,4758.13916015625,203.5309600830078,-768.8798217773438,4794.04833984375,209.95018005371097,-770.1890258789062,4911.18310546875,160.89138793945312,-765.0911254882812,4771.49658203125,68.97200775146484,-770.8948364257812,4850.3544921875
131.80953979492188,-140.6645050048828,4917.34619140625,132.1605987548828,-304.9400939941406,4900.86767578125,129.40066528320312,-436.7710266113281,4906.72265625,132.3423614501953,-637.6607055664062,4905.6982421875,162.86289978027344,-604.3074340820312,4909.37744140625,285.8597717285156,-555.8275146484375,4914.11328125,356.4704284667969,-379.6631774902344,5085.5185546875,416.4039916992187,-234.11341857910156,5231.43994140625,344.2373962402344,-238.4792938232422,5283.5341796875,328.842041015625,-219.0454559326172,5380.4072265625,312.1235656738281,-242.2243194580078,5290.36865234375,100.79318237304688,-604.6380615234375,4904.30224609375,-18.29014778137207,-579.9330444335938,4908.81298828125,-110.20293426513672,-343.8137512207031,4969.6162109375,29.57458114624023,-231.72775268554688,4846.56103515625,113.77428436279295,-192.00860595703125,4823.34765625,211.541259765625,-181.9015655517578,4822.849609375,144.61007690429688,-224.9685211181641,4796.19189453125,215.131103515625,-141.81890869140625,4930.62939453125,220.27249145507812,216.45265197753903,5024.80712890625,215.21090698242188,552.1552734375,5137.22998046875,230.6744842529297,699.3377075195312,5046.92724609375,56.674808502197266,-139.62351989746094,4905.36767578125,44.03458786010742,223.54095458984375,4975.44580078125,26.168325424194336,565.1126098632812,5080.43017578125,37.986106872558594,700.002685546875,4996.1240234375,134.44525146484375,-712.143310546875,4892.951171875,193.7005157470703,-732.8724365234375,4758.146484375,203.54232788085935,-768.8795776367188,4794.0576171875,209.9570770263672,-770.1826171875,4911.1923828125,160.90330505371094,-765.0950317382812,4771.5048828125,68.98118591308594,-770.901611328125,4850.35986328125
131.99476623535156,-138.58978271484375,4920.4677734375,135.3237762451172,-303.01104736328125,4903.08447265625,135.5679473876953,-435.1583862304687,4907.02294921875,142.69131469726562,-636.26416015625,4904.88037109375,172.69190979003906,-602.2295532226562,4907.2978515625,297.89727783203125,-559.0316772460938,4903.30224609375,356.811767578125,-376.7740783691406,5073.37646484375,329.1181640625,-163.7752685546875,5082.63232421875,310.4524230957031,-159.28216552734375,5169.80078125,276.8514404296875,-168.70274353027344,5263.6845703125,298.93804931640625,-163.74166870117188,5200.4736328125,110.37145233154295,-603.8601684570312,4905.119140625,-8.879944801330566,-578.5860595703125,4905.80126953125,-113.42813110351562,-343.45025634765625,4949.40234375,6.862126350402832,-224.9349822998047,4811.986328125,101.01935577392578,-205.68450927734375,4812.31787109375,199.3488006591797,-202.34616088867188,4815.87646484375,126.93727111816406,-235.50685119628903,4790.64111328125,215.74514770507812,-138.09617614746094,4931.83740234375,219.44036865234375,221.0846405029297,5025.00634765625,214.71792602539065,558.2775268554688,5134.78271484375,230.57090759277344,706.0770874023438,5045.01123046875,56.47337341308594,-139.03489685058594,4910.21533203125,39.62989807128906,227.32916259765625,4964.0888671875,22.290014266967773,568.0162353515625,5073.9248046875,39.00264358520508,700.3087158203125,4985.91650390625,145.76583862304688,-710.7572631835938,4891.66455078125,188.9761962890625,-724.4409790039062,4749.779296875,211.5134429931641,-755.7305297851562,4784.490234375,234.24624633789065,-750.0235595703125,4899.63916015625,166.32984924316406,-762.44189453125,4768.2998046875,89.71822357177734,-784.4771118164062,4859.92333984375
133.4069366455078,-138.00656127929688,4921.2646484375,136.38282775878906,-300.369384765625,4902.68603515625,134.7378692626953,-430.9786682128906,4906.30859375,138.47616577148438,-629.8467407226562,4907.0634765625,168.50355529785156,-596.6700439453125,4910.83203125,295.0492248535156,-563.1112670898438,4914.3955078125,389.04205322265625,-367.2464904785156,5044.396484375,337.58746337890625,-215.3742218017578,4904.9677734375,316.6911315917969,-153.5013427734375,4964.2802734375,280.1808166503906,-104.72958374023438,5042.30859375,297.17401123046875,-144.04421997070312,4988.17236328125,107.131103515625,-597.299072265625,4904.97021484375,-11.207684516906738,-574.7550659179688,4902.85498046875,-110.96560668945312,-340.3306579589844,4943.3486328125,18.751890182495117,-227.27200317382812,4814.140625,100.89574432373048,-179.57276916503906,4813.98095703125,195.6155548095703,-169.83644104003906,4834.0283203125,142.40589904785156,-213.2147216796875,4802.40087890625,215.0342712402344,-138.5421600341797,4939.02001953125,218.5521240234375,217.5422515869141,5026.8525390625,213.73410034179688,552.32861328125,5130.58740234375,231.1471710205078,706.1290283203125,5056.4228515625,59.79996871948242,-137.52359008789062,4905.25341796875,40.52091979980469,223.76319885253903,4962.99267578125,23.79414749145508,559.5520629882812,5074.48583984375,39.43136215209961,699.6431274414062,5003.30810546875,141.0321502685547,-703.681396484375,4895.11474609375,196.5191345214844,-711.1519165039062,4758.95849609375,206.8126220703125,-750.1934204101562,4790.572265625,215.77230834960935,-763.0020141601562,4905.65966796875,164.13369750976562,-744.0514526367188,4769.70947265625,74.87963104248047,-757.077392578125,4848.91162109375
132.3722381591797,-138.30369567871094,4916.3466796875,136.19517517089844,-301.5260925292969,4899.23046875,135.68824768066406,-432.6734924316406,4904.11962890625,141.2535858154297,-632.366455078125,4903.4365234375,170.8214111328125,-598.8155517578125,4909.28759765625,295.3988952636719,-559.1754760742188,4923.8369140625,387.1790161132813,-366.8132629394531,5062.51318359375,373.08203125,-216.0560760498047,4912.1103515625,296.17730712890625,-181.3155517578125,4939.12158203125,232.2206573486328,-106.0618133544922,4950.62060546875,314.09967041015625,-202.57180786132812,5016.38037109375,109.6491470336914,-599.9382934570312,4899.7353515625,-8.39950180053711,-574.3621215820312,4892.3876953125,-110.0380401611328,-345.22796630859375,4957.92236328125,30.154048919677734,-238.4781188964844,4832.78759765625,112.92638397216795,-194.3879241943359,4815.28076171875,210.02386474609375,-183.31472778320312,4814.4306640625,142.5457000732422,-213.39874267578125,4797.2724609375,214.7693328857422,-138.0325164794922,4932.1640625,220.46690368652344,218.2251434326172,5025.6865234375,219.2619781494141,552.34423828125,5136.603515625,230.5511474609375,699.8033447265625,5048.037109375,58.07117462158203,-138.54823303222656,4902.08349609375,41.171669006347656,224.046875,4962.462890625,27.68362808227539,559.2810668945312,5080.77197265625,47.67877578735352,693.3914184570312,4998.49951171875,145.22120666503906,-706.3881225585938,4890.9931640625,198.5622711181641,-731.62060546875,4755.41796875,214.716064453125,-762.7118530273438,4793.1669921875,227.7847137451172,-752.944580078125,4908.6708984375,170.97972106933594,-766.0054931640625,4773.3984375,85.58464050292969,-775.639404296875,4857.9541015625
133.56570434570312,-136.84115600585938,4918.4248046875,137.7442626953125,-299.79022216796875,4900.57373046875,137.4691162109375,-430.8210144042969,4904.56298828125,139.75637817382812,-630.3447265625,4906.5634765625,169.84634399414062,-597.2452392578125,4911.9111328125,295.4176025390625,-561.1716918945312,4925.8466796875,390.69866943359375,-363.2078552246094,5053.2998046875,401.9221496582031,-230.3112335205078,4886.99365234375,325.0436096191406,-187.76388549804688,4897.60498046875,289.0514831542969,-103.95813751220705,4858.30224609375,310.6282043457031,-180.7334747314453,4948.443359375,108.71643829345705,-597.4920043945312,4902.47705078125,-9.264275550842283,-571.8714599609375,4896.5771484375,-109.11141204833984,-340.0967712402344,4953.91552734375,26.613161087036133,-229.92166137695312,4827.25341796875,113.40602111816406,-191.0016326904297,4821.47021484375,210.12319946289065,-177.84361267089844,4823.02685546875,142.19505310058594,-209.15951538085935,4802.92919921875,215.77392578125,-136.51779174804688,4934.71630859375,219.62722778320312,219.2798309326172,5028.4521484375,216.2003173828125,553.6128540039062,5137.40380859375,230.51394653320312,698.6431884765625,5045.69775390625,59.43495178222656,-137.1327667236328,4903.73388671875,41.26742935180664,225.2126007080078,4962.705078125,24.6484317779541,559.05078125,5083.3369140625,46.04575729370117,691.0853271484375,4998.44482421875,142.48556518554688,-704.4988403320312,4895.12646484375,199.07359313964844,-729.0007934570312,4760.921875,214.5752410888672,-760.0119018554688,4798.93017578125,224.8854827880859,-750.40185546875,4914.59375,171.38262939453125,-763.5972290039062,4778.17333984375,84.2336196899414,-774.059814453125,4860.62158203125
131.81044006347656,-139.07371520996094,4920.80712890625,135.6573028564453,-301.22039794921875,4901.4580078125,135.6062774658203,-431.8042907714844,4901.765625,141.0769805908203,-630.4834594726562,4904.58740234375,170.16473388671875,-596.999267578125,4911.41455078125,293.7618408203125,-560.1502075195312,4933.6884765625,369.3399353027344,-359.2902526855469,5067.693359375,395.91510009765625,-210.31887817382812,4918.71240234375,316.744140625,-171.55728149414062,4920.1796875,289.08807373046875,-95.2358627319336,4863.63330078125,297.3270263671875,-184.1399078369141,4874.103515625,109.884033203125,-598.2926025390625,4898.72900390625,-7.966526031494141,-577.390869140625,4885.60888671875,-115.11437225341795,-348.0453796386719,4934.38427734375,34.429473876953125,-239.77989196777344,4824.12060546875,121.91558074951172,-203.00636291503903,4821.89892578125,216.83782958984375,-181.97471618652344,4823.7880859375,144.4603271484375,-209.7150421142578,4805.79931640625,213.70118713378903,-139.06741333007812,4937.03515625,220.8747100830078,216.82029724121097,5024.43896484375,220.3924865722656,551.349609375,5128.33837890625,240.44541931152344,698.3143310546875,5042.205078125,57.9659423828125,-139.07940673828125,4906.17431640625,41.252872467041016,222.6818389892578,4960.09423828125,28.26592254638672,556.6354370117188,5076.74267578125,47.385528564453125,690.40869140625,4995.2392578125,145.6378173828125,-704.3244018554688,4893.6220703125,187.65158081054688,-724.1895751953125,4754.033203125,211.2867126464844,-752.3033447265625,4789.7705078125,234.43484497070312,-739.47216796875,4902.78125,166.79856872558594,-761.4053344726562,4774.6240234375,92.68955993652344,-780.7127685546875,4866.955078125
131.5435333251953,-140.32789611816406,4921.76513671875,135.61048889160156,-303.5401611328125,4901.72705078125,135.00914001464844,-435.01666259765625,4904.150390625,141.77227783203125,-635.067626953125,4902.99755859375,171.1090087890625,-601.29443359375,4909.3984375,296.8240966796875,-562.0185546875,4914.34765625,376.5119934082031,-375.5750122070313,5068.6328125,369.40625,-181.07229614257812,4980.0498046875,296.2883605957031,-143.7692413330078,4946.2216796875,288.70819091796875,-105.9687957763672,4854.359375,306.17535400390625,-172.84449768066406,4883.109375,109.97378540039062,-602.7501220703125,4898.90283203125,-9.827733039855955,-588.5230712890625,4886.77685546875,-103.97697448730467,-356.7207946777344,4956.0458984375,44.86293411254883,-246.72796630859375,4843.60888671875,120.78784942626952,-191.7008819580078,4825.02587890625,217.68231201171875,-178.1522979736328,4829.16650390625,152.30027770996094,-208.11341857910156,4800.1552734375,213.83645629882812,-140.3875274658203,4938.953125,219.72900390625,216.8771209716797,5031.50244140625,214.73074340820312,552.8935546875,5138.74267578125,236.21957397460935,698.52392578125,5048.388671875,57.33638381958008,-140.27413940429688,4906.2666015625,40.78580474853515,223.2965545654297,4965.32177734375,17.87669563293457,560.14501953125,5079.65673828125,37.5713996887207,688.7385864257812,4988.3876953125,146.37112426757812,-709.1760864257812,4890.3857421875,180.13580322265625,-716.7218627929688,4746.328125,209.95619201660156,-743.4104614257812,4778.91064453125,239.9728240966797,-733.0804443359375,4891.39990234375,165.6435546875,-757.5613403320312,4766.2666015625,101.28227996826172,-790.978759765625,4862.876953125
130.37950134277344,-140.64700317382812,4922.5908203125,133.90615844726562,-304.3394775390625,4901.43115234375,134.0537567138672,-436.3224487304687,4901.328125,138.41970825195312,-637.1447143554688,4905.021484375,168.25196838378906,-603.4583740234375,4910.7255859375,294.5218200683594,-568.0048828125,4927.9931640625,375.2480773925781,-369.9073181152344,5068.1123046875,387.2958068847656,-190.2931976318359,4951.24169921875,304.740966796875,-156.85430908203125,4953.81103515625,299.5913391113281,-108.6860809326172,4866.3388671875,307.2159423828125,-172.31991577148438,4870.9521484375,106.9110336303711,-604.4362182617188,4900.02734375,-12.92548370361328,-584.61669921875,4892.515625,-117.78600311279295,-352.4231262207031,4947.11328125,23.81429100036621,-232.9764862060547,4833.44384765625,107.96703338623048,-190.5350799560547,4815.4951171875,205.7907867431641,-181.0399627685547,4815.89501953125,140.66888427734375,-217.8269500732422,4794.78759765625,213.7104034423828,-140.5641632080078,4935.83837890625,220.8933868408203,218.6049041748047,5026.3173828125,221.2162170410156,557.0249633789062,5130.33642578125,239.87893676757812,703.2461547851562,5039.09814453125,55.23636245727539,-140.7217254638672,4910.64453125,38.02153396606445,224.2349548339844,4969.42919921875,21.488317489624023,564.3135375976562,5079.3037109375,39.179683685302734,701.9421997070312,5000.65673828125,142.1748504638672,-711.8585205078125,4894.1708984375,195.28028869628903,-743.9507446289062,4759.0380859375,213.04185485839844,-772.1390991210938,4798.6953125,227.0283203125,-754.4742431640625,4913.82275390625,169.00205993652344,-778.2706298828125,4779.62353515625,84.42011260986328,-785.5625610351562,4866.18408203125
132.57754516601562,-140.49993896484375,4921.81689453125,136.4534912109375,-303.4527282714844,4901.26318359375,136.67303466796875,-434.7859497070313,4902.72900390625,139.58645629882812,-634.5913696289062,4909.06884765625,169.47247314453125,-601.2040405273438,4914.49365234375,295.5563659667969,-568.730224609375,4933.9306640625,381.3114013671875,-378.1451721191406,5079.12744140625,397.84765625,-202.8513641357422,4958.2255859375,331.3057861328125,-170.52333068847656,4909.33642578125,301.00701904296875,-146.45791625976562,4817.6630859375,328.32080078125,-217.08349609375,4871.2197265625,108.4931640625,-601.8930053710938,4903.46875,-10.407641410827637,-580.43212890625,4895.19580078125,-108.7974090576172,-345.6835021972656,4944.6396484375,37.85786819458008,-236.94825744628903,4828.6669921875,124.24803924560548,-200.56341552734375,4810.53662109375,221.7935333251953,-193.4294281005859,4810.20166015625,156.05133056640625,-232.71788024902344,4790.92138671875,215.47589111328125,-140.2123260498047,4935.16943359375,221.81495666503903,216.96871948242188,5026.2255859375,220.86851501464844,553.157470703125,5131.62353515625,238.5782012939453,701.1209716796875,5044.7041015625,57.82445526123047,-140.75929260253906,4909.7763671875,39.91087341308594,223.0552673339844,4963.95556640625,21.553003311157227,562.1294555664062,5070.95849609375,39.32199478149414,699.697998046875,4993.80615234375,142.8679656982422,-709.1026611328125,4899.27734375,199.22775268554688,-728.6326293945312,4763.85693359375,219.72561645507812,-756.4813842773438,4802.080078125,231.34716796875,-743.043701171875,4917.4619140625,176.86920166015625,-766.35546875,4782.4853515625,93.74177551269533,-786.7950439453125,4867.51220703125
