381.3545837402344,111.34050750732422,2446.39013671875,426.508544921875,-47.00556564331055,2399.4287109375,459.1540222167969,-178.80447387695312,2382.080322265625,575.55810546875,-310.5111083984375,2270.18798828125,582.4979248046875,-280.73785400390625,2305.942138671875,663.2583618164062,-202.61338806152344,2384.667236328125,708.6727294921875,-53.52638626098633,2599.263427734375,714.720947265625,155.9169464111328,2674.415283203125,757.5338134765625,226.4094696044922,2716.113525390625,764.84130859375,326.5562744140625,2690.1923828125,719.2013549804688,278.0977478027344,2701.653076171875,529.8757934570312,-298.18994140625,2272.80712890625,411.6963806152344,-295.66363525390625,2228.55908203125,207.85031127929688,-147.573974609375,2326.251708984375,151.46580505371094,67.58738708496094,2362.853759765625,127.11551666259766,153.50994873046875,2406.740478515625,140.83033752441406,245.22947692871097,2449.05078125,167.32923889160156,179.23458862304688,2409.991943359375,464.830322265625,129.52090454101562,2465.351806640625,523.6082763671875,509.0365295410156,2477.1123046875,532.2658081054688,868.8292236328125,2549.962890625,592.0982666015625,965.4475708007812,2410.634765625,306.080810546875,94.94644165039062,2429.291748046875,303.16192626953125,477.3716735839844,2461.697021484375,276.3697204589844,826.1033325195312,2585.604736328125,255.5430603027344,959.2742309570312,2489.705078125,621.0677490234375,-350.0752868652344,2220.0888671875,643.3897094726562,-199.71896362304688,2194.03564453125,682.974365234375,-233.1658477783203,2179.889404296875,721.30419921875,-342.4208068847656,2217.2724609375,640.5439453125,-228.3182830810547,2153.543701171875,592.8385620117188,-340.6375732421875,2123.197509765625
380.5542907714844,110.37069702148438,2450.240966796875,425.6768493652344,-47.740699768066406,2402.577392578125,458.5850830078125,-179.4571533203125,2385.296875,580.168701171875,-306.1353759765625,2273.17822265625,585.7056884765625,-276.9732360839844,2309.66162109375,665.82470703125,-190.01608276367188,2379.201904296875,702.4793701171875,-44.82172393798828,2598.040283203125,712.3201904296875,161.95245361328125,2679.77392578125,752.0093994140625,232.9874267578125,2723.552490234375,760.2410888671875,322.3602294921875,2671.63427734375,711.2889404296875,281.9738464355469,2702.78125,534.1822509765625,-294.8992614746094,2275.106689453125,417.0553283691406,-292.75738525390625,2228.185791015625,210.5441741943359,-148.44558715820312,2325.79833984375,150.12371826171875,65.33727264404297,2363.759033203125,123.07988739013672,153.23385620117188,2401.7177734375,142.96914672851562,248.8738555908203,2430.775146484375,164.7467498779297,174.49964904785156,2407.251953125,464.2422180175781,128.98731994628906,2467.71142578125,524.054931640625,508.2879638671875,2478.88427734375,532.6465454101562,868.612548828125,2548.713134765625,593.298583984375,966.10791015625,2410.396240234375,305.0892028808594,93.58325958251952,2434.48681640625,302.9809265136719,476.3985900878906,2460.979248046875,277.4844055175781,824.8935546875,2585.620849609375,247.0025634765625,958.9547119140624,2493.67822265625,627.559326171875,-343.6086730957031,2223.238037109375,648.6182861328125,-193.2898712158203,2196.105712890625,685.5777587890625,-227.0861053466797,2176.701904296875,726.710693359375,-337.2687072753906,2207.779052734375,640.229736328125,-221.35287475585935,2156.020751953125,587.4031982421875,-332.6269836425781,2130.842041015625
380.3865051269531,107.06565856933594,2456.094970703125,429.050048828125,-50.22843933105469,2408.198974609375,464.87066650390625,-181.44532775878903,2391.125244140625,589.107177734375,-300.5566101074219,2273.13671875,594.1838989257812,-272.53741455078125,2310.66748046875,670.4569091796875,-186.2041015625,2385.55029296875,713.49365234375,-31.16327476501465,2596.87255859375,722.7794799804688,176.1560821533203,2678.287841796875,766.63427734375,241.691650390625,2726.740966796875,771.0571899414062,336.92254638671875,2685.5380859375,711.6477661132812,293.6968994140625,2701.59130859375,542.7606201171875,-290.7362060546875,2275.90771484375,424.4930725097656,-288.75543212890625,2231.341064453125,214.71435546875,-148.45909118652344,2329.07177734375,148.71328735351562,64.17640686035156,2366.3828125,124.31058502197266,151.5449981689453,2407.63671875,145.60963439941406,250.025634765625,2424.0400390625,151.2872314453125,176.92666625976562,2402.73681640625,463.7965698242187,127.5706024169922,2473.501953125,524.7138061523438,507.4846801757813,2476.954345703125,531.1962280273438,868.278076171875,2547.7626953125,592.1431274414062,965.127685546875,2408.738525390625,305.1719970703125,88.57544708251953,2440.3984375,301.6271667480469,472.5782165527344,2456.778564453125,271.9961853027344,819.83544921875,2585.705810546875,241.33360290527344,956.9462280273438,2497.9248046875,637.1210327148438,-334.8477478027344,2221.337646484375,648.0875244140625,-183.6077423095703,2192.013427734375,676.321044921875,-216.8143615722656,2160.479736328125,725.4046630859375,-327.585205078125,2173.41357421875,626.5836791992188,-210.888671875,2156.43017578125,568.0606079101562,-322.079345703125,2148.046142578125
377.4888000488281,104.78229522705078,2460.17626953125,428.69036865234375,-52.72518157958984,2415.63623046875,466.7343444824219,-183.73849487304688,2401.94970703125,595.8324584960938,-290.01397705078125,2277.056884765625,599.7702026367188,-264.0353088378906,2316.169921875,671.799560546875,-174.1380615234375,2391.10595703125,719.72021484375,-12.2056303024292,2596.17529296875,729.9830932617188,190.67784118652344,2688.080322265625,771.9923095703125,259.66619873046875,2733.299072265625,763.7115478515625,346.7640075683594,2677.30419921875,717.9898681640625,307.0215759277344,2716.480224609375,549.0916748046875,-282.4773864746094,2280.436767578125,431.1570129394531,-283.1492614746094,2234.896240234375,214.9722900390625,-153.6450958251953,2333.68994140625,148.2487335205078,59.45490264892578,2367.10400390625,123.4537353515625,145.28884887695312,2411.284423828125,144.87869262695312,244.1761474609375,2424.963623046875,142.6195526123047,173.34097290039062,2403.430419921875,460.657958984375,127.2427749633789,2476.357177734375,524.9759521484375,506.6806640625,2476.4296875,531.384765625,867.8619995117188,2545.5859375,591.4154052734375,965.8524780273438,2406.921875,302.4914855957031,84.52870178222656,2445.5849609375,300.49615478515625,468.8616333007813,2454.273681640625,268.20068359375,814.384521484375,2587.343505859375,243.30386352539065,958.8270263671876,2510.069091796875,645.1742553710938,-319.0113830566406,2223.2880859375,643.4172973632812,-172.5143280029297,2174.322021484375,670.4934692382812,-208.07041931152344,2144.357666015625,727.666259765625,-313.5511779785156,2165.7353515625,620.3120727539062,-205.28614807128903,2144.896484375,568.5341186523438,-319.4959716796875,2156.70263671875
376.5053405761719,108.85462188720705,2462.89453125,430.6730041503906,-45.17613220214844,2417.478515625,471.7960815429687,-173.41775512695312,2402.646728515625,596.0284423828125,-282.5252990722656,2279.373291015625,600.9180297851562,-255.8125,2317.1953125,673.41650390625,-165.72792053222656,2388.397216796875,726.8944702148438,-4.519924640655518,2588.557373046875,731.0708618164062,193.0904235839844,2685.90771484375,774.3186645507812,258.83245849609375,2732.544189453125,776.4002075195312,341.0448303222656,2671.119140625,728.5173950195312,304.4033508300781,2723.2392578125,549.9649658203125,-274.73309326171875,2283.541015625,432.7684631347656,-276.8454284667969,2240.325439453125,215.3874969482422,-154.85816955566406,2337.324462890625,148.6643829345703,55.29961013793945,2371.4248046875,119.80809020996094,140.00027465820312,2412.57861328125,143.51478576660156,237.19302368164065,2425.66357421875,137.8669891357422,171.70045471191406,2401.763427734375,458.3399658203125,133.4591522216797,2477.051025390625,523.9810180664062,508.03314208984375,2473.583251953125,530.4171142578125,864.53173828125,2544.019775390625,590.0799560546875,968.1981201171876,2412.245849609375,302.7114562988281,86.66763305664062,2450.12890625,300.6040954589844,466.4820861816406,2457.3291015625,268.5152587890625,810.177001953125,2582.755615234375,244.75682067871097,959.3912963867188,2519.67041015625,643.431884765625,-312.9128112792969,2225.978271484375,649.4890747070312,-163.2826385498047,2196.3974609375,678.981689453125,-195.2507781982422,2165.814208984375,731.0807495117188,-302.91107177734375,2179.869384765625,629.7150268554688,-191.13177490234375,2161.05712890625,575.8668212890625,-303.0151062011719,2152.47900390625
375.46148681640625,106.67189025878906,2469.318115234375,431.3302612304687,-46.55577850341797,2418.24365234375,473.67962646484375,-174.95870971679688,2398.568115234375,598.818603515625,-276.9520263671875,2267.4482421875,603.9110717773438,-251.5860137939453,2306.631591796875,677.845703125,-161.48101806640625,2378.5205078125,729.3553466796875,1.5686750411987305,2580.611572265625,731.4683227539062,198.84835815429688,2682.80126953125,774.5087890625,261.2377014160156,2735.376708984375,770.656494140625,342.2801513671875,2671.096435546875,725.2017211914062,314.872314453125,2712.8837890625,552.3052368164062,-270.2321472167969,2272.791015625,433.1150207519531,-272.3006286621094,2232.0380859375,217.67446899414065,-153.5183563232422,2342.63623046875,144.84628295898438,55.90210723876953,2380.89013671875,119.02913665771484,142.24713134765625,2422.636962890625,140.35096740722656,239.6522979736328,2442.87744140625,128.72479248046875,172.9336395263672,2411.1923828125,457.7246398925781,131.36807250976562,2485.212646484375,525.6189575195312,508.55560302734375,2471.219970703125,528.197021484375,867.5375366210938,2545.087646484375,587.6181640625,969.0108032226562,2409.51708984375,301.28118896484375,84.40225219726562,2454.9853515625,298.8642883300781,467.4064025878906,2462.826171875,269.6767578125,821.0899047851562,2568.7900390625,249.75982666015625,962.2678833007812,2485.51171875,646.228759765625,-304.26702880859375,2211.504638671875,652.9813842773438,-151.3619384765625,2195.0732421875,681.2962646484375,-180.94078063964844,2160.455810546875,733.0859985351562,-290.756103515625,2163.032958984375,631.5284423828125,-175.97943115234375,2157.7880859375,575.7208862304688,-287.14202880859375,2140.999267578125
374.63629150390625,105.83918762207033,2476.65087890625,429.7209777832031,-46.992801666259766,2423.471923828125,471.9157104492187,-175.27120971679688,2402.510498046875,598.4345092773438,-257.5302734375,2259.339111328125,603.307373046875,-235.85791015625,2300.716796875,674.8084716796875,-149.50755310058594,2379.404541015625,731.0066528320312,8.890644073486328,2583.9970703125,732.271728515625,208.11233520507812,2682.458984375,779.5738525390625,260.70367431640625,2741.69580078125,775.5065307617188,348.3636474609375,2686.759521484375,732.6351928710938,317.8234558105469,2730.949462890625,551.7952880859375,-253.74826049804688,2266.30615234375,431.9777221679687,-264.68426513671875,2228.866943359375,216.79795837402344,-155.8760528564453,2349.873046875,141.07608032226562,51.70136642456055,2392.5537109375,109.94270324707033,135.78916931152344,2435.31591796875,137.5745849609375,233.45521545410156,2442.6572265625,123.8681411743164,167.2104949951172,2425.252685546875,457.1980285644531,130.69390869140625,2490.74072265625,527.13330078125,507.243408203125,2469.471923828125,524.4231567382812,864.8529052734375,2550.040283203125,590.6451416015625,965.6605834960938,2417.104248046875,300.186767578125,83.42658233642578,2463.9453125,300.8495788574219,466.5529174804687,2458.460693359375,268.37109375,818.6461791992188,2568.91796875,243.93719482421875,961.4379272460938,2489.626220703125,645.6502685546875,-276.8262634277344,2199.97412109375,636.7706909179688,-133.92945861816406,2143.34912109375,666.374267578125,-169.2831268310547,2115.965576171875,728.698486328125,-269.6987609863281,2144.007080078125,616.2824096679688,-169.36192321777344,2115.3818359375,570.919921875,-285.1932067871094,2132.26171875
376.5130920410156,106.93132019042967,2481.703369140625,429.7228393554687,-45.8155632019043,2427.475341796875,470.77490234375,-174.0430908203125,2405.72314453125,594.4493408203125,-252.13986206054688,2258.397705078125,600.0452880859375,-231.86520385742188,2300.283447265625,674.6792602539062,-150.1295928955078,2380.500732421875,730.288818359375,15.200749397277832,2578.99609375,738.8567504882812,207.7014923095703,2688.80908203125,782.2183227539062,265.80120849609375,2745.57763671875,775.4777221679688,348.2273864746094,2683.63720703125,710.2469482421875,317.33734130859375,2696.277099609375,548.0332641601562,-248.36444091796875,2266.17138671875,428.0457153320313,-258.9508972167969,2230.044189453125,213.955322265625,-152.4615020751953,2353.815673828125,141.31936645507812,51.2089729309082,2414.514892578125,118.5746841430664,139.96839904785156,2452.379638671875,129.1586151123047,230.86480712890625,2496.432373046875,133.6888885498047,170.3475341796875,2443.602783203125,459.2794799804687,131.29293823242188,2494.294921875,527.4447021484375,507.1061706542969,2468.516845703125,526.87158203125,863.796142578125,2549.878173828125,586.9542846679688,963.6345825195312,2413.813720703125,301.8790283203125,84.96337127685547,2470.348876953125,301.1965637207031,467.1830139160156,2458.55810546875,270.08837890625,819.2752685546875,2566.91845703125,243.9668426513672,961.7101440429688,2488.210205078125,640.575439453125,-269.721923828125,2197.86083984375,630.2841186523438,-124.64871978759766,2148.28125,657.8956909179688,-158.93655395507812,2117.84130859375,720.3766479492188,-260.8591003417969,2137.917724609375,607.9482421875,-158.54013061523438,2119.995849609375,562.3422241210938,-274.3676452636719,2134.168212890625
376.8526306152344,108.2435073852539,2482.720703125,429.8314208984375,-44.25154495239258,2428.3701171875,470.8623352050781,-172.01773071289062,2405.20361328125,592.9351806640625,-247.02212524414065,2255.3994140625,598.9303588867188,-227.42404174804688,2297.4716796875,673.8466796875,-146.5193634033203,2377.91552734375,730.3431396484375,16.551151275634766,2577.49462890625,738.7555541992188,207.66555786132812,2689.049560546875,783.5079956054688,266.02362060546875,2744.22509765625,774.0872192382812,346.1602478027344,2679.935302734375,708.3857421875,315.7906799316406,2694.887939453125,546.6689453125,-243.60443115234375,2263.774658203125,426.2946166992187,-253.75604248046875,2229.520263671875,215.08412170410156,-150.81536865234375,2360.16455078125,141.72032165527344,50.27688980102539,2427.015380859375,116.49333190917967,137.13885498046875,2467.241455078125,115.35879516601562,226.84422302246097,2514.52001953125,130.9697265625,166.0091552734375,2462.810791015625,459.5260314941406,132.54391479492188,2495.1259765625,527.4774780273438,507.7897338867187,2469.122314453125,526.9976196289062,863.914794921875,2550.46923828125,583.5121459960938,963.256591796875,2412.877685546875,302.3023986816406,86.33075714111328,2471.533935546875,302.29071044921875,467.94189453125,2458.820068359375,272.53125,820.068359375,2565.526123046875,248.4942626953125,962.9962158203124,2487.5732421875,638.342529296875,-263.3804626464844,2194.133056640625,625.9738159179688,-117.20928192138672,2149.190673828125,649.69970703125,-151.15728759765625,2115.41796875,711.7969360351562,-254.42916870117188,2126.798828125,600.309814453125,-149.96688842773438,2122.573486328125,554.1867065429688,-265.1393737792969,2138.611572265625
381.69671630859375,109.98160552978516,2492.588134765625,435.6489562988281,-38.09746170043945,2428.442138671875,477.9521179199219,-163.52162170410156,2397.078369140625,589.9165649414062,-249.84996032714844,2245.7919921875,598.5852661132812,-228.57052612304688,2286.50390625,676.6531372070312,-146.2332000732422,2362.101806640625,731.3106689453125,14.690741539001465,2563.55078125,738.989013671875,204.7295379638672,2676.513671875,793.4677124023438,250.27012634277344,2734.7607421875,774.0073852539062,336.9943542480469,2682.596923828125,714.805908203125,309.9043884277344,2707.41357421875,544.2999267578125,-244.32504272460935,2256.09716796875,421.8179016113281,-244.2924346923828,2229.067626953125,215.73960876464844,-144.34402465820312,2369.28515625,143.4183349609375,53.78593444824219,2444.75146484375,109.65118408203124,134.88409423828125,2490.153076171875,131.9267120361328,224.32003784179688,2532.18212890625,132.50794982910156,170.28712463378906,2486.246826171875,464.1648559570313,134.7484588623047,2504.77734375,530.5216674804688,508.98193359375,2468.24853515625,528.210693359375,864.2352905273438,2551.584716796875,585.685302734375,963.0906372070312,2414.29150390625,307.3315734863281,87.64824676513672,2481.596435546875,300.90185546875,468.2254333496094,2457.2177734375,274.0660095214844,820.49609375,2562.84228515625,247.5265960693359,959.0316772460938,2478.4150390625,631.7050170898438,-270.7119445800781,2183.43505859375,620.4021606445312,-118.01022338867188,2176.91357421875,639.3986206054688,-142.87661743164062,2133.66259765625,698.388671875,-246.3928985595703,2113.07958984375,591.0821533203125,-142.89869689941406,2145.9970703125,542.5849609375,-257.8088073730469,2138.30029296875
386.25347900390625,109.47421264648438,2500.349853515625,439.8633117675781,-38.2447395324707,2432.9296875,481.8660583496094,-163.66722106933594,2398.387939453125,588.8910522460938,-248.87322998046875,2241.584228515625,599.0694580078125,-227.2238311767578,2282.01708984375,676.4189453125,-140.866943359375,2355.045654296875,732.876708984375,19.373952865600582,2558.246337890625,731.1912841796875,210.1647796630859,2672.33447265625,788.8168334960938,247.02430725097656,2734.294189453125,776.654052734375,339.3802490234375,2689.031005859375,714.8425903320312,314.93353271484375,2711.037353515625,543.4740600585938,-244.09361267089844,2253.996826171875,419.5397033691406,-240.8750457763672,2231.22607421875,216.65206909179688,-140.71543884277344,2378.329833984375,143.52561950683594,56.15557861328125,2459.40673828125,107.1154327392578,133.4832000732422,2510.104736328125,154.52706909179688,209.67874145507812,2558.163818359375,134.40814208984375,171.7091827392578,2510.412353515625,469.22900390625,133.7233428955078,2513.198486328125,535.021484375,508.9805603027344,2467.493896484375,528.2879638671875,865.1799926757812,2554.4052734375,586.1455688476562,960.4368896484376,2413.619384765625,311.4307861328125,87.60769653320312,2488.763671875,304.0588073730469,469.1708679199219,2453.0712890625,273.82904052734375,821.14794921875,2564.96142578125,246.36898803710935,960.0946655273438,2479.91748046875,628.366943359375,-269.2786560058594,2177.121826171875,611.4555053710938,-117.7113037109375,2198.63037109375,627.2294921875,-133.89939880371094,2149.97607421875,687.6907348632812,-229.8339080810547,2106.3271484375,580.0618896484375,-138.3974151611328,2166.294189453125,534.6044921875,-253.03965759277344,2142.6015625
389.82574462890625,109.74603271484376,2507.232666015625,440.8893127441406,-38.65767288208008,2437.26171875,481.1617431640625,-164.6291046142578,2400.103271484375,581.0201416015625,-243.6493682861328,2234.240478515625,593.188232421875,-223.5699005126953,2275.19775390625,674.59814453125,-140.2540283203125,2348.60498046875,733.7653198242188,19.780366897583008,2552.8876953125,737.2056884765625,210.6321563720703,2668.94140625,789.7607421875,253.4530487060547,2732.23583984375,771.9057006835938,341.953125,2680.46337890625,712.2783203125,315.7234191894531,2703.394775390625,536.0289916992188,-239.39317321777344,2249.048095703125,410.9388732910156,-234.72152709960935,2229.681640625,215.0032958984375,-134.21942138671875,2387.9775390625,146.0949249267578,59.7958869934082,2481.71044921875,116.01873016357422,140.86941528320312,2531.658935546875,106.69654083251952,224.2669982910156,2590.1640625,145.1605682373047,184.73402404785156,2520.068115234375,473.6803283691406,133.13607788085938,2518.819580078125,538.8423461914062,509.3042297363281,2464.68310546875,529.0786743164062,866.0911865234375,2556.35302734375,586.32421875,963.5142211914062,2415.676513671875,314.2103576660156,88.6541976928711,2496.7841796875,306.19879150390625,471.3460998535156,2453.8642578125,276.03448486328125,825.46435546875,2565.031005859375,239.6895751953125,960.6976318359376,2475.86083984375,617.5511474609375,-261.4557800292969,2166.870849609375,602.6954345703125,-108.43486785888672,2184.697509765625,617.0650634765625,-126.20952606201172,2135.871826171875,675.639892578125,-224.43849182128903,2093.10400390625,570.0792236328125,-129.7597198486328,2153.638671875,522.6063232421875,-245.0663604736328,2134.250244140625
389.5081481933594,110.57176971435548,2507.77294921875,439.9088745117187,-37.6314811706543,2437.594482421875,479.7577819824219,-163.1844940185547,2399.416748046875,577.0804443359375,-240.5745086669922,2231.723876953125,589.8096923828125,-220.87789916992188,2272.6064453125,671.9517822265625,-138.02230834960938,2345.288330078125,732.9216918945312,21.07630729675293,2549.1982421875,737.231689453125,211.12843322753903,2665.82275390625,789.1256713867188,252.81936645507812,2730.183349609375,773.2715454101562,343.4772644042969,2681.96044921875,712.0181884765625,315.4994201660156,2701.667236328125,532.3804321289062,-236.4793701171875,2247.19091796875,407.1897888183594,-231.31556701660156,2230.102294921875,215.1599273681641,-131.9312744140625,2393.053466796875,148.17169189453125,60.67474365234375,2490.122802734375,119.4728546142578,141.0806121826172,2541.607177734375,114.80397033691406,224.3109588623047,2600.609130859375,146.82113647460938,184.19705200195312,2530.359375,473.3165893554687,133.7589874267578,2518.99560546875,538.6096801757812,509.2027282714844,2464.529296875,530.188232421875,865.66796875,2555.129150390625,584.3778686523438,962.05810546875,2412.92138671875,313.9344177246094,89.662841796875,2497.653076171875,306.5673828125,471.7379455566406,2454.836181640625,277.658447265625,825.2637329101562,2566.159912109375,242.09307861328125,959.5270385742188,2475.729248046875,612.5823364257812,-257.74517822265625,2163.79296875,592.4848022460938,-105.16326141357422,2177.560546875,606.5189208984375,-123.78474426269533,2129.052734375,667.7235107421875,-220.86492919921875,2087.953125,560.12890625,-128.510986328125,2147.84521484375,516.6376953125,-245.78317260742188,2132.735595703125
402.9471435546875,117.54441833496094,2519.72314453125,444.8869934082031,-30.948631286621097,2445.267578125,478.3462829589844,-157.51441955566406,2404.998779296875,564.6732177734375,-227.7599945068359,2228.699462890625,579.99072265625,-210.44622802734375,2269.70166015625,667.3584594726562,-131.81224060058594,2340.619873046875,734.9376831054688,25.176197052001953,2543.628662109375,737.4998779296875,214.76925659179688,2660.49609375,787.0465698242188,259.9551696777344,2724.17041015625,773.1956176757812,344.5460205078125,2665.68896484375,712.9992065429688,321.8681335449219,2687.37841796875,521.0325927734375,-223.68946838378903,2246.786865234375,395.1732482910156,-214.9073181152344,2241.13134765625,212.0095977783203,-110.0538558959961,2410.16259765625,143.6206512451172,76.19934844970703,2517.431640625,123.65028381347656,150.44154357910156,2580.69921875,164.30674743652344,232.54335021972656,2535.8720703125,141.89398193359375,199.13385009765625,2549.560302734375,487.8362121582031,137.32208251953125,2528.095703125,542.8966064453125,511.97802734375,2461.742431640625,535.4157104492188,869.9728393554688,2544.06884765625,576.8634643554688,970.213623046875,2400.542236328125,326.3989562988281,99.71002960205078,2512.173095703125,308.1528625488281,478.7306823730469,2453.063720703125,284.54632568359375,832.0541381835938,2564.662109375,240.52902221679688,969.34423828125,2483.35107421875,596.0209350585938,-242.00732421875,2158.215087890625,585.541015625,-107.97370910644533,2233.962158203125,590.0404663085938,-105.59339141845705,2180.45263671875,638.638671875,-176.81137084960938,2094.503662109375,547.5296020507812,-118.60674285888672,2203.785400390625,496.89739990234375,-221.4753265380859,2151.96240234375
407.43548583984375,118.77860260009766,2523.56787109375,447.5694274902344,-29.808774948120117,2447.742431640625,479.7257690429687,-156.43087768554688,2405.9384765625,559.4584350585938,-226.78578186035156,2226.249755859375,576.3424682617188,-209.60336303710935,2266.76806640625,665.923828125,-131.5160369873047,2335.8935546875,735.119873046875,24.585411071777344,2539.547119140625,739.5236206054688,210.69158935546875,2662.429443359375,780.2433471679688,258.9619140625,2730.163330078125,771.0281982421875,341.4275207519531,2667.605712890625,709.2900390625,317.81488037109375,2683.1943359375,516.4522094726562,-222.5530548095703,2245.9306640625,390.5898742675781,-210.29135131835935,2243.791748046875,213.1942443847656,-103.4480972290039,2418.272705078125,149.3144989013672,81.97542572021484,2530.34423828125,132.56243896484375,154.51925659179688,2596.67041015625,157.25437927246094,247.05616760253903,2561.163330078125,150.06039428710938,203.54849243164065,2562.2392578125,492.6744079589844,137.90310668945312,2531.2080078125,543.9369506835938,513.1083374023438,2461.73681640625,538.076416015625,871.5670166015625,2544.568115234375,583.7114868164062,971.06298828125,2401.46484375,330.57177734375,101.53318786621094,2516.678466796875,309.01947021484375,480.3951416015625,2454.12255859375,285.65673828125,834.9773559570312,2563.5625,246.0926055908203,967.340087890625,2471.9521484375,588.2301025390625,-241.0426483154297,2154.5517578125,566.9605712890625,-98.01911926269533,2209.0849609375,570.9473266601562,-103.58382415771484,2155.692626953125,624.9298706054688,-183.1228790283203,2080.701416015625,529.74853515625,-116.2899398803711,2181.567626953125,487.5547180175781,-229.89210510253903,2147.047607421875
409.9569091796875,120.2100601196289,2525.4873046875,448.4477233886719,-28.223865509033203,2449.36669921875,479.4316101074219,-153.87303161621094,2404.82470703125,553.9600830078125,-217.38357543945312,2220.937255859375,571.9296875,-201.7694091796875,2261.50244140625,663.3292846679688,-126.17206573486328,2330.412109375,737.6190185546875,25.25563621520996,2535.0322265625,744.0667724609375,209.69287109375,2659.437255859375,785.567138671875,258.1512145996094,2726.27783203125,774.7892456054688,341.2543640136719,2665.21240234375,713.267333984375,316.2605895996094,2680.98828125,511.606689453125,-213.8697204589844,2241.8818359375,386.1975708007813,-200.11077880859375,2244.86181640625,217.8459930419922,-95.13762664794922,2428.281982421875,157.071044921875,84.63302612304688,2549.880615234375,146.32212829589844,153.65609741210938,2620.723876953125,181.3490447998047,240.44192504882812,2580.365966796875,161.2041778564453,216.2188720703125,2566.074951171875,495.1826477050781,138.79815673828125,2532.33544921875,546.6644287109375,512.5025634765625,2459.718017578125,541.3406982421875,869.9269409179688,2543.4423828125,586.56005859375,972.197021484375,2402.683349609375,333.1051025390625,103.44834899902344,2519.311767578125,311.66119384765625,481.0934753417969,2454.61669921875,290.26678466796875,834.8272094726562,2564.416015625,247.69920349121097,968.32177734375,2476.532470703125,580.6853637695312,-228.94773864746097,2148.160400390625,564.891845703125,-94.18670654296876,2221.417236328125,566.2503051757812,-92.86526489257812,2167.739990234375,614.9451904296875,-162.62954711914062,2080.78955078125,526.1567993164062,-108.20720672607422,2193.70703125,480.2333679199219,-215.5718231201172,2147.11083984375
421.8572082519531,122.99800872802734,2536.0224609375,454.4226684570313,-23.0648136138916,2454.172607421875,481.0086364746094,-148.8365478515625,2408.681640625,550.5816650390625,-201.93348693847656,2220.46435546875,569.4611206054688,-187.8773193359375,2260.98681640625,669.0462646484375,-120.4900131225586,2325.96044921875,742.837890625,26.86926651000977,2532.46630859375,749.5834350585938,214.47991943359375,2650.4912109375,776.214599609375,256.8940734863281,2727.7412109375,774.2192993164062,339.2430114746094,2665.392333984375,713.6502685546875,318.47833251953125,2674.17041015625,509.0165100097656,-200.3226318359375,2242.7841796875,383.8620910644531,-194.08197021484375,2253.110595703125,223.1241455078125,-80.3819351196289,2436.703857421875,153.59446716308594,92.88607025146484,2561.482666015625,149.31863403320312,154.0627899169922,2639.36279296875,161.9666748046875,250.4989471435547,2610.1806640625,152.05723571777344,210.50128173828125,2608.717529296875,507.35748291015625,139.27000427246094,2541.00244140625,549.0711059570312,510.1671142578125,2456.1787109375,543.4027709960938,865.2921752929688,2543.694580078125,579.5425415039062,968.8624267578124,2402.103515625,344.7578430175781,108.32483673095705,2531.531494140625,310.9393005371094,480.98150634765625,2452.99560546875,290.20806884765625,833.5338745117188,2562.13720703125,250.15545654296875,965.5762939453124,2472.04296875,575.0833129882812,-209.5038604736328,2146.6953125,541.1009521484375,-88.19895935058594,2234.63330078125,539.1994018554688,-81.1935806274414,2181.614013671875,593.769775390625,-131.98350524902344,2086.047607421875,503.9181213378906,-105.7461166381836,2207.131591796875,474.286376953125,-213.70248413085935,2150.92529296875
425.4887390136719,125.83154296875,2537.54541015625,454.390625,-22.386417388916016,2461.0654296875,477.9980773925781,-148.7515869140625,2418.788330078125,538.64990234375,-199.87977600097656,2228.684814453125,558.9456176757812,-184.48724365234375,2267.593994140625,660.773681640625,-113.89456939697266,2322.76904296875,742.9384155273438,23.804590225219727,2530.215576171875,746.8167724609375,212.1999664306641,2643.8798828125,788.0950927734375,254.16014099121097,2713.756103515625,775.6024780273438,338.38189697265625,2656.646728515625,716.799072265625,315.4629821777344,2674.176513671875,498.7510681152344,-200.21527099609375,2253.23291015625,374.4296569824219,-189.55555725097656,2253.43701171875,225.52525329589844,-65.4583511352539,2437.282958984375,151.44895935058594,85.03933715820312,2583.9951171875,144.79464721679688,152.8146209716797,2654.983642578125,144.50804138183594,245.74691772460935,2616.013671875,149.57200622558594,204.32630920410156,2613.856689453125,510.6702575683594,140.4608154296875,2541.38427734375,548.6058959960938,508.7556762695313,2456.542724609375,546.6749877929688,861.6058959960938,2541.80126953125,580.2520751953125,966.0830078125,2401.97412109375,348.67681884765625,112.63968658447266,2534.083740234375,309.3330993652344,481.11236572265625,2452.549560546875,295.1304931640625,830.7268676757812,2562.68994140625,246.56114196777344,963.1459350585938,2479.9208984375,558.979248046875,-206.94448852539065,2154.22802734375,532.37451171875,-79.54840087890625,2233.646240234375,523.9365844726562,-77.62067413330078,2181.249267578125,567.7598266601562,-135.68312072753906,2085.4580078125,492.9990539550781,-100.16092681884766,2212.8037109375,460.3626708984375,-212.61817932128903,2171.06591796875
442.3381958007813,133.43824768066406,2538.7265625,459.3660278320313,-15.578895568847656,2463.163818359375,472.9524536132813,-142.3534698486328,2421.085693359375,522.2923583984375,-192.14686584472656,2229.106689453125,544.9090576171875,-179.58009338378906,2267.310791015625,653.5596923828125,-116.73167419433594,2315.833984375,738.9163818359375,23.21389389038086,2517.830322265625,747.0520629882812,209.7500457763672,2631.009765625,787.1480102539062,256.28228759765625,2697.673095703125,769.63232421875,343.070556640625,2647.595458984375,710.0529174804688,310.119384765625,2660.14111328125,483.6856689453125,-190.12872314453125,2254.910400390625,362.4992980957031,-168.41087341308594,2267.896728515625,226.3550720214844,-54.40951919555664,2464.686279296875,165.1219940185547,110.84467315673828,2598.20654296875,163.6079864501953,165.22959899902344,2679.23779296875,145.7028350830078,242.7899475097656,2618.736328125,162.3969268798828,224.7618103027344,2637.01171875,527.7301025390625,141.4412384033203,2542.186767578125,551.185546875,505.8668212890625,2449.073974609375,547.3334350585938,854.1838989257812,2540.61279296875,577.1826782226562,965.8565673828124,2407.423095703125,365.3365478515625,126.22159576416016,2535.6064453125,308.8983154296875,489.8536682128906,2456.18994140625,302.57843017578125,836.119873046875,2568.0927734375,242.22315979003903,962.2700805664062,2485.810302734375,539.2328491210938,-198.5721740722656,2154.373779296875,515.5745849609375,-75.14093780517578,2238.558349609375,505.6540222167969,-71.28437042236328,2186.9541015625,546.0996704101562,-125.39979553222656,2088.57958984375,475.8465881347656,-94.7407455444336,2218.31884765625,441.917724609375,-204.6446533203125,2173.793212890625
447.144775390625,133.83108520507812,2541.42578125,461.8160705566406,-17.065271377563477,2468.287109375,473.5988464355469,-145.06776428222656,2428.46826171875,514.5299682617188,-192.5271453857422,2233.449951171875,538.9205932617188,-181.1122283935547,2271.04638671875,650.9962158203125,-117.42591857910156,2310.73193359375,738.4911499023438,24.34737968444824,2511.29638671875,746.746337890625,209.34393310546875,2627.901123046875,791.9531860351562,252.88731384277344,2693.587158203125,771.9884033203125,345.1280517578125,2655.026123046875,711.03173828125,307.4851379394531,2665.861083984375,476.9090881347656,-190.14895629882812,2260.822021484375,355.01416015625,-167.13095092773438,2263.65234375,231.0212249755859,-37.793548583984375,2459.80322265625,173.21124267578125,110.82543182373048,2613.68310546875,181.14642333984375,171.9716796875,2689.628173828125,206.45013427734375,268.44805908203125,2679.924072265625,175.7123565673828,240.4197998046875,2639.90771484375,532.8447875976562,140.92495727539062,2543.98095703125,552.3505859375,506.075927734375,2449.340087890625,550.1336059570312,855.0866088867188,2541.51416015625,574.5773315429688,963.2764892578124,2403.890380859375,369.8653259277344,127.4342269897461,2539.121337890625,310.8288879394531,491.0464172363281,2457.47265625,300.89764404296875,840.8692016601562,2560.384521484375,244.21176147460935,963.55126953125,2469.926025390625,528.4796142578125,-197.9710998535156,2157.84619140625,503.7888793945313,-70.77354431152344,2236.56884765625,494.3687744140625,-69.15370178222656,2184.630859375,535.960693359375,-127.53114318847656,2088.876708984375,464.1983642578125,-91.32992553710938,2216.746826171875,430.7563171386719,-203.351806640625,2176.565185546875
457.8605346679687,138.6951446533203,2549.284423828125,470.1856994628906,-11.979788780212402,2476.40966796875,480.334228515625,-138.8820037841797,2434.052978515625,506.2766723632813,-185.6584625244141,2236.951171875,533.4296264648438,-175.18887329101562,2272.71533203125,649.8407592773438,-118.0723876953125,2308.348388671875,741.1976928710938,25.238365173339844,2505.052490234375,749.1419067382812,208.4540100097656,2623.2578125,792.8899536132812,250.65008544921875,2690.420654296875,763.0615234375,336.987548828125,2645.83203125,709.9298706054688,302.9964294433594,2665.663818359375,470.8330993652344,-182.56588745117188,2266.808837890625,350.5540771484375,-157.45579528808594,2281.197998046875,230.2433319091797,-28.890609741210938,2479.071533203125,178.2880096435547,123.0308837890625,2630.850830078125,179.7223663330078,180.30938720703125,2709.77880859375,183.2211456298828,271.50390625,2669.11328125,179.21646118164062,248.97080993652344,2640.287841796875,543.3828735351562,145.186279296875,2550.327880859375,556.3319702148438,506.2724914550781,2444.15478515625,550.9521484375,853.601806640625,2538.32177734375,574.466064453125,964.82958984375,2403.6650390625,380.7412414550781,132.84182739257812,2548.34375,318.32147216796875,491.6928405761719,2454.27880859375,306.7963562011719,840.2002563476562,2557.63916015625,245.8544158935547,959.0919189453124,2465.767578125,514.7565307617188,-190.83285522460935,2160.7529296875,496.7351989746094,-61.69180679321289,2237.2197265625,484.9849853515625,-61.03955841064453,2185.898681640625,520.6209716796875,-122.39833068847656,2090.051513671875,455.9259948730469,-81.6793441772461,2219.789306640625,418.2001037597656,-193.42254638671875,2183.996826171875
464.8839721679687,131.18203735351562,2552.091552734375,470.4302978515625,-17.270267486572266,2467.591064453125,475.46246337890625,-142.1691436767578,2412.426025390625,484.5934753417969,-174.17503356933594,2207.126708984375,515.342041015625,-167.4477081298828,2241.96923828125,634.9435424804688,-120.8232650756836,2289.6689453125,736.7521362304688,21.037757873535156,2488.6435546875,753.6484375,208.71490478515625,2606.368896484375,796.3770751953125,246.1411590576172,2679.051513671875,762.903076171875,335.5895080566406,2639.134521484375,710.8174438476562,299.4826965332031,2657.903076171875,451.0747985839844,-172.29867553710938,2240.4462890625,332.1676330566406,-149.07737731933594,2274.99365234375,228.2248077392578,-16.348644256591797,2485.55517578125,185.66192626953125,135.95040893554688,2645.61328125,185.4089202880859,188.1507568359375,2730.11181640625,183.9694061279297,271.36346435546875,2671.581298828125,172.89712524414062,266.027587890625,2648.583984375,552.0994873046875,135.5807342529297,2550.08837890625,560.0147094726562,502.2220153808594,2437.882568359375,549.9400024414062,853.6771240234375,2541.378662109375,575.224853515625,965.2269287109376,2403.08544921875,386.2379150390625,127.21552276611328,2553.898193359375,319.8299560546875,491.0060729980469,2453.855224609375,309.2376403808594,845.7439575195312,2559.796875,253.95315551757812,965.3651733398438,2460.30810546875,487.0753173828125,-173.40025329589844,2128.916259765625,469.65191650390625,-42.885616302490234,2208.6552734375,489.7459411621094,-38.76606369018555,2159.1142578125,553.0928955078125,-111.5671844482422,2085.387451171875,441.2445068359375,-47.266170501708984,2168.2783203125,397.1575317382813,-140.2802734375,2096.455810546875
464.7531127929687,131.28176879882812,2552.18994140625,470.0482177734375,-17.139955520629883,2467.69775390625,474.8923950195313,-142.0140838623047,2412.53662109375,483.2403869628906,-174.02243041992188,2207.251953125,514.1153564453125,-167.3202362060547,2241.97314453125,633.8948974609375,-120.75968170166016,2289.19677734375,736.4540405273438,21.11908721923828,2487.69287109375,753.8237915039062,208.8156890869141,2605.22265625,796.7816772460938,246.06576538085935,2677.833984375,763.2759399414062,335.80291748046875,2638.659912109375,711.1193237304688,299.38201904296875,2657.15869140625,449.853759765625,-172.11984252929688,2240.687255859375,331.1595764160156,-148.70277404785156,2275.727294921875,228.3939514160156,-15.57023811340332,2486.533203125,186.80223083496097,136.9488525390625,2646.565185546875,186.6131896972656,189.4966735839844,2730.822021484375,185.58517456054688,274.28167724609375,2674.626220703125,178.24058532714844,265.9008483886719,2644.921630859375,551.9495239257812,135.60552978515625,2550.05908203125,559.9995727539062,502.1233520507813,2437.75732421875,550.38037109375,853.5693359375,2541.03271484375,575.5142211914062,965.0518798828124,2402.710693359375,386.1242980957031,127.38282775878906,2554.111328125,319.9007263183594,491.1974792480469,2454.3671875,309.9408264160156,845.6554565429688,2561.010498046875,253.98611450195312,965.465087890625,2462.1875,485.434326171875,-173.25076293945312,2129.051025390625,472.1167907714844,-42.54521560668945,2209.200439453125,490.2550659179687,-38.63216018676758,2158.906982421875,550.096435546875,-111.95983123779295,2082.855224609375,442.1069641113281,-46.771759033203125,2169.9970703125,394.5579528808594,-139.53640747070312,2100.13720703125
467.6007995605469,133.81625366210938,2559.600830078125,468.35650634765625,-14.811203002929688,2474.7822265625,470.15771484375,-139.36993408203125,2418.22705078125,462.5733947753906,-169.11236572265625,2212.252197265625,496.1100463867187,-163.08229064941406,2244.646484375,619.4109497070312,-114.98026275634766,2280.49755859375,731.2742309570312,23.632347106933594,2476.801513671875,756.0978393554688,212.6329040527344,2591.509033203125,791.98974609375,248.20428466796875,2668.824951171875,761.236328125,340.755126953125,2633.736328125,708.8738403320312,301.56292724609375,2644.655517578125,431.7944030761719,-167.29515075683594,2248.201904296875,315.13232421875,-137.29324340820312,2285.653564453125,231.42990112304688,4.54770040512085,2499.71142578125,190.82992553710935,151.0242156982422,2666.002197265625,191.2404327392578,203.3769989013672,2750.557373046875,168.05804443359375,285.7062072753906,2695.2080078125,191.40328979492188,266.5041809082031,2653.4814453125,554.6697387695312,138.25338745117188,2552.601318359375,561.5210571289062,501.6771545410156,2428.76318359375,551.0646362304688,850.7091064453125,2541.6748046875,574.173828125,966.5432739257812,2406.25146484375,389.0869140625,129.81509399414062,2565.91259765625,323.80755615234375,490.7525939941406,2453.6396484375,311.80914306640625,845.2931518554688,2561.747314453125,259.81378173828125,964.2281494140624,2459.349853515625,458.8273315429687,-167.45028686523438,2134.004638671875,454.3367309570313,-33.96581268310547,2210.9404296875,451.47259521484375,-31.45777130126953,2157.386474609375,490.2387390136719,-100.98371124267578,2065.46240234375,413.0046997070313,-45.83896255493164,2186.1708984375,359.2685546875,-150.2123260498047,2141.302001953125
468.98626708984375,132.6651153564453,2561.473876953125,465.6656494140625,-11.560932159423828,2467.325927734375,464.4705505371094,-133.97581481933594,2404.24072265625,448.5787963867187,-154.6946563720703,2196.238037109375,483.6329650878906,-150.57676696777344,2227.76953125,610.0506591796875,-110.82132720947266,2266.38818359375,725.7399291992188,24.601333618164062,2465.07666015625,758.1568603515625,206.92184448242188,2591.031982421875,795.4130249023438,250.49685668945312,2664.233154296875,758.800537109375,340.5711975097656,2626.388427734375,727.9562377929688,299.3137512207031,2662.49169921875,419.0055541992187,-153.974365234375,2233.62646484375,308.22216796875,-127.03430938720705,2289.54248046875,234.5158538818359,17.428070068359375,2507.7578125,191.83856201171875,156.76931762695312,2681.530517578125,203.5679626464844,210.30535888671875,2765.3095703125,230.01405334472656,307.4930419921875,2784.619384765625,256.004150390625,243.48562622070312,2683.962890625,556.5546264648438,136.16445922851562,2553.0244140625,561.5101318359375,500.4970397949219,2423.92626953125,552.2371826171875,850.3056640625,2542.3681640625,569.5826416015625,965.4843139648438,2403.965087890625,390.0220642089844,129.5095977783203,2569.093017578125,323.26983642578125,491.8564453125,2453.5224609375,315.9038391113281,848.3911743164062,2563.95703125,252.61831665039065,960.5333862304688,2458.512939453125,441.8938293457031,-149.51901245117188,2117.816162109375,452.6006774902344,-27.41891098022461,2212.956298828125,447.3624267578125,-17.129060745239258,2160.15771484375,475.7760009765625,-76.25538635253906,2056.808837890625,408.976318359375,-32.465538024902344,2189.140625,343.9915771484375,-125.60103607177734,2133.388671875
474.1521911621094,139.6150665283203,2573.41015625,466.2073669433594,-11.10866641998291,2491.10107421875,460.5598449707031,-134.07815551757812,2429.976318359375,426.6317443847656,-154.9226531982422,2224.59130859375,464.2528381347656,-152.1916961669922,2253.01806640625,594.2596435546875,-111.98162841796876,2274.40478515625,722.3421020507812,22.49462890625,2465.251708984375,753.2550659179688,213.6905059814453,2576.79248046875,797.6927490234375,251.93408203125,2648.71533203125,758.833740234375,345.1522521972656,2623.3720703125,744.5582275390625,286.74359130859375,2671.974853515625,400.3802490234375,-152.7770233154297,2264.21484375,294.52777099609375,-111.72159576416016,2320.513916015625,237.12667846679688,30.126251220703125,2544.5771484375,217.25860595703125,185.91534423828125,2707.55126953125,222.15863037109375,236.67892456054688,2793.464111328125,232.48794555664065,338.4417419433594,2797.0224609375,230.47662353515625,311.67401123046875,2714.59375,561.1658935546875,141.60533142089844,2561.36669921875,565.1605224609375,499.1647033691406,2416.59765625,556.357421875,848.1282958984375,2535.22998046875,575.3897705078125,969.9105224609376,2403.334228515625,395.6881103515625,137.82037353515625,2584.2705078125,323.00384521484375,492.4479675292969,2452.138671875,315.7573547363281,848.4892578125,2561.608154296875,245.5261993408203,962.6369018554688,2463.501708984375,413.7027893066406,-149.80308532714844,2147.113037109375,431.6990356445313,-17.458602905273438,2225.458740234375,411.4783630371094,-13.950207710266112,2175.579345703125,419.8216857910156,-80.78466796875,2073.6630859375,384.609619140625,-30.083362579345703,2215.027587890625,321.12860107421875,-135.5349578857422,2186.908203125
483.08099365234375,141.60238647460938,2572.893798828125,478.988525390625,-30.02452850341797,2551.337890625,466.3624572753906,-147.8735809326172,2480.023681640625,425.9345703125,-149.71820068359375,2273.3935546875,464.2874145507813,-154.38502502441406,2301.088134765625,596.8267211914062,-121.10131072998048,2277.709716796875,722.6082153320312,26.494197845458984,2462.700927734375,753.1093139648438,216.58164978027344,2579.03759765625,799.1094970703125,252.6416473388672,2651.873046875,757.9718017578125,344.2600402832031,2621.9453125,745.3532104492188,284.69384765625,2677.444580078125,400.8072814941406,-146.47569274902344,2314.027587890625,297.1224670410156,-96.75022888183594,2369.200927734375,237.21031188964844,52.00293731689453,2590.2294921875,217.2351837158203,211.81005859375,2751.318359375,231.2396697998047,272.6271667480469,2830.16015625,245.47854614257812,352.87310791015625,2893.153076171875,243.2330322265625,324.0387878417969,2771.782958984375,570.2074584960938,141.42556762695312,2557.760498046875,569.0618896484375,498.8847351074219,2406.215087890625,562.3927001953125,846.750244140625,2535.16015625,570.7977905273438,969.3583374023438,2401.3427734375,404.51519775390625,141.76182556152344,2586.540283203125,322.09771728515625,495.5662536621094,2450.7099609375,317.5267333984375,849.8436279296875,2573.430419921875,246.4196319580078,961.8212890625,2471.705810546875,412.4540100097656,-137.49497985839844,2196.289306640625,419.1940612792969,-4.841238021850586,2277.80078125,403.90869140625,-1.2091872692108154,2225.840576171875,424.2604064941406,-67.0363998413086,2124.013916015625,373.4312438964844,-18.560449600219727,2262.462890625,315.3992614746094,-125.85751342773438,2226.881591796875
481.8119812011719,142.49229431152344,2571.899658203125,476.0030212402344,-29.115333557128903,2550.38037109375,460.2165222167969,-142.22291564941406,2472.299560546875,408.8852233886719,-130.58859252929688,2268.396484375,448.6042785644531,-137.28958129882812,2293.652099609375,580.9712524414062,-105.49378967285156,2267.294921875,719.2476196289062,29.681943893432617,2452.91650390625,753.5439453125,216.11651611328125,2574.07177734375,798.043212890625,255.6619415283203,2646.04296875,754.3642578125,338.90533447265625,2599.6982421875,742.2811889648438,296.1502685546875,2664.149658203125,385.9759521484375,-129.76419067382812,2310.44580078125,285.70257568359375,-83.11448669433594,2374.015625,235.97918701171875,54.470272064208984,2604.646240234375,228.6487579345703,211.6040954589844,2769.44140625,234.25558471679688,293.801025390625,2827.113037109375,256.0128173828125,365.3082885742187,2898.0126953125,225.66607666015625,328.1356506347656,2772.028076171875,568.7423706054688,141.5896759033203,2555.63134765625,568.7449340820312,498.0514221191406,2401.606201171875,564.0747680664062,844.69189453125,2534.04833984375,569.4027099609375,967.1759643554688,2399.923828125,403.4229431152344,143.3062286376953,2586.5693359375,321.9636535644531,496.9808044433594,2449.6640625,319.5352783203125,851.971435546875,2570.539306640625,245.01158142089844,959.7826538085938,2466.73974609375,391.4705505371094,-113.37198638916016,2193.041259765625,414.3240356445313,11.389531135559082,2283.628173828125,397.111328125,20.427762985229492,2232.936767578125,406.56585693359375,-38.835113525390625,2125.60986328125,366.82135009765625,3.0923755168914795,2269.732177734375,297.4072265625,-95.44252014160156,2229.43701171875
482.5895690917969,136.8292694091797,2579.0185546875,474.2473449707031,-36.855472564697266,2546.55078125,453.1714782714844,-139.7056884765625,2451.8095703125,387.3965148925781,-100.64348602294922,2250.6005859375,429.5133972167969,-110.88651275634766,2272.579345703125,570.8656616210938,-100.44205474853516,2272.94091796875,723.6844482421875,28.28548812866211,2460.421142578125,760.7288818359375,221.2215881347656,2579.95263671875,801.4652709960938,264.52728271484375,2654.656494140625,757.46728515625,350.1194152832031,2607.577880859375,742.6795654296875,304.8819580078125,2669.689453125,366.8320617675781,-105.3577117919922,2294.776123046875,278.2311706542969,-72.9155502319336,2384.775146484375,227.83485412597656,54.22321701049805,2628.160888671875,218.46710205078125,221.099853515625,2790.322265625,224.88446044921875,300.16680908203125,2855.706298828125,251.54263305664065,363.8876037597656,2935.19677734375,232.1103515625,329.342529296875,2803.1875,570.998291015625,136.11431884765625,2560.12744140625,571.5468139648438,496.9182739257813,2394.6669921875,566.0415649414062,847.8806762695312,2538.53857421875,568.95458984375,965.5455932617188,2394.842041015625,402.8675231933594,137.47396850585938,2596.053466796875,322.240478515625,496.0525512695313,2447.2626953125,315.70703125,857.3944702148438,2575.078369140625,256.5317687988281,963.4388427734376,2454.83349609375,364.816650390625,-73.11986541748047,2177.851318359375,417.7193603515625,25.13763999938965,2291.5654296875,397.3903198242187,48.409217834472656,2245.46728515625,386.7569885253906,13.67802906036377,2125.134765625,367.3543395996094,27.304683685302734,2282.070068359375,276.9032897949219,-49.903995513916016,2229.787109375
488.1712646484375,144.59292602539062,2587.4453125,481.62982177734375,-32.58713912963867,2576.41943359375,459.7380981445313,-146.97068786621094,2495.141845703125,393.4383544921875,-142.00497436523438,2289.442138671875,435.7678527832031,-148.4327392578125,2312.8701171875,569.122314453125,-112.22442626953124,2278.713623046875,730.0357666015625,29.144540786743164,2451.443115234375,767.145751953125,220.75205993652344,2574.91455078125,805.0740356445312,258.4263000488281,2654.50927734375,775.0418090820312,349.5910339355469,2605.896240234375,743.4568481445312,313.92059326171875,2654.261474609375,372.8358459472656,-139.30345153808594,2333.9990234375,278.48004150390625,-77.47994232177734,2400.49951171875,232.91555786132812,55.35683059692383,2643.15966796875,229.45700073242188,225.00482177734375,2804.101318359375,240.18264770507812,306.5174560546875,2866.540283203125,263.4245300292969,368.9851379394531,2948.64990234375,254.2064208984375,317.0274353027344,2862.03466796875,576.470947265625,142.64208984375,2566.40771484375,573.28857421875,497.5575256347656,2384.951904296875,564.7234497070312,843.9630126953125,2543.2607421875,569.6856079101562,962.5993041992188,2399.394775390625,408.5475158691406,146.35206604003906,2606.415771484375,327.0489501953125,499.0091857910156,2440.432861328125,312.6469421386719,859.0988159179688,2575.819091796875,249.39015197753903,959.3168334960938,2451.681640625,370.6589965820313,-126.93911743164062,2212.826171875,395.0240173339844,10.011837005615234,2291.89306640625,410.565673828125,8.449746131896973,2238.3935546875,447.39752197265625,-81.91707611083984,2158.322998046875,360.86431884765625,12.30831241607666,2253.399169921875,285.16595458984375,-71.134765625,2187.6181640625
485.8551330566406,147.35069274902344,2587.501220703125,485.8008728027344,-29.129505157470703,2592.728271484375,466.2136840820313,-145.28076171875,2514.95751953125,396.7447204589844,-137.17599487304688,2311.80322265625,439.3683166503906,-142.93154907226562,2334.232177734375,572.1130981445312,-107.69698333740234,2300.297607421875,738.612060546875,34.35915756225586,2464.277099609375,764.1717529296875,230.66329956054688,2580.454345703125,804.8770751953125,269.66326904296875,2657.287109375,766.5765380859375,348.58087158203125,2596.130126953125,750.75634765625,309.2445068359375,2673.700927734375,376.9552917480469,-136.17520141601562,2356.468505859375,285.854736328125,-83.8364028930664,2433.279052734375,232.50765991210935,57.262020111083984,2667.572021484375,228.7658233642578,232.7710876464844,2819.92236328125,239.3144073486328,311.96533203125,2884.3046875,271.0013732910156,376.81884765625,2960.7119140625,252.84445190429688,346.2496337890625,2862.718505859375,573.5835571289062,146.6981658935547,2566.380859375,574.1617431640625,494.7630615234375,2377.131103515625,563.7416381835938,832.0419921875,2548.880126953125,571.3048095703125,955.4622192382812,2410.739501953125,406.7465515136719,147.93911743164062,2606.546630859375,323.4183044433594,499.2550354003906,2444.49462890625,310.8816223144531,858.528564453125,2575.494140625,261.6289367675781,967.4591674804688,2453.820068359375,372.4015502929687,-120.97663116455078,2236.43603515625,394.2690124511719,16.152076721191406,2313.9365234375,407.2159729003906,15.237363815307615,2260.0859375,443.93841552734375,-72.93707275390625,2178.74365234375,358.4643249511719,16.888484954833984,2277.3427734375,283.9537048339844,-69.36560821533203,2215.52783203125
483.1033020019531,150.6693878173828,2591.8251953125,482.4625244140625,-25.51375389099121,2600.5048828125,461.8075866699219,-143.31936645507812,2525.7900390625,386.33502197265625,-140.0037078857422,2324.8603515625,429.5930786132813,-145.1104736328125,2346.10546875,560.5114135742188,-109.61762237548828,2306.372802734375,732.5789794921875,36.853702545166016,2459.97900390625,765.1817016601562,233.6871337890625,2573.04638671875,802.6246948242188,276.16839599609375,2649.5849609375,765.2639770507812,355.6376037597656,2588.73046875,746.6361694335938,316.2546081542969,2662.09423828125,367.9021606445313,-138.0679931640625,2370.0244140625,278.5283203125,-84.20079803466797,2447.60400390625,227.93104553222656,64.5760726928711,2677.414306640625,228.12596130371097,248.2650604248047,2819.501708984375,243.06466674804688,322.9951477050781,2888.067626953125,272.5325927734375,381.2821044921875,2970.301513671875,262.63079833984375,357.9286804199219,2860.452392578125,570.5319213867188,149.26942443847656,2569.86279296875,573.9019165039062,493.8441467285156,2375.085693359375,561.161865234375,830.3849487304688,2547.370849609375,571.3258666992188,957.1717529296876,2412.714599609375,404.2651062011719,151.93179321289062,2611.629638671875,323.16058349609375,498.813720703125,2440.05126953125,316.4239501953125,856.2390747070312,2575.448974609375,269.8404541015625,966.08349609375,2453.76123046875,359.71063232421875,-125.59168243408205,2249.9814453125,384.4998779296875,17.147451400756836,2315.204833984375,397.7593078613281,11.161006927490234,2261.808837890625,432.74560546875,-84.65074920654297,2188.95654296875,348.9971923828125,15.524089813232422,2278.410888671875,272.8096618652344,-73.92403411865234,2223.850830078125
482.1202697753906,151.3914031982422,2577.922119140625,473.5790710449219,-21.99117851257324,2559.77099609375,450.7069091796875,-132.22238159179688,2477.332275390625,366.6823425292969,-121.24581909179688,2282.56787109375,410.6318054199219,-125.1838836669922,2301.340087890625,547.7086181640625,-102.45040130615234,2285.45458984375,720.1129150390625,28.370380401611328,2447.484130859375,763.7394409179688,220.25747680664065,2560.46240234375,798.5878295898438,263.9151306152344,2636.320068359375,777.7732543945312,350.285400390625,2579.03076171875,730.0729370117188,324.955810546875,2607.109130859375,350.4930725097656,-122.9886703491211,2328.04541015625,260.216064453125,-85.55349731445312,2411.72412109375,219.46710205078125,31.009063720703125,2657.966552734375,214.7164001464844,207.66976928710935,2804.828125,236.48614501953125,298.0167236328125,2845.47607421875,268.52740478515625,380.640380859375,2899.731689453125,255.74270629882812,317.4443359375,2835.774658203125,568.720703125,149.3556365966797,2556.6171875,573.6232299804688,494.8388366699219,2372.188232421875,561.54736328125,828.3209838867188,2541.74072265625,566.8818969726562,957.5346069335938,2411.869384765625,404.0289001464844,153.22715759277344,2597.133544921875,323.61822509765625,502.55023193359375,2440.372314453125,310.76495361328125,858.9612426757812,2566.361572265625,249.2677001953125,961.6048583984376,2447.545654296875,336.1728820800781,-104.07888793945312,2210.72705078125,345.3275146484375,24.59192276000977,2120.871826171875,377.8190002441406,-17.455223083496094,2107.646728515625,429.7683715820313,-111.52227783203124,2169.57177734375,327.6048583984375,-16.894550323486328,2097.920166015625,272.46197509765625,-127.24144744873048,2132.7529296875
481.8666076660156,151.27505493164062,2577.43994140625,473.2110595703125,-22.18076515197754,2559.236572265625,450.212890625,-132.33815002441406,2476.620849609375,366.05609130859375,-121.01475524902344,2281.822265625,410.0344848632813,-124.9999008178711,2300.5751953125,547.1931762695312,-102.27912139892578,2284.786865234375,719.4694213867188,28.31526756286621,2447.351318359375,762.8822631835938,220.1887359619141,2560.65380859375,797.2760620117188,264.0674743652344,2636.647216796875,777.471435546875,350.5510559082031,2579.07763671875,720.09423828125,321.7385559082031,2595.34326171875,349.8807678222656,-122.82593536376952,2327.326416015625,259.5674743652344,-85.5950698852539,2411.15234375,218.84364318847656,29.952749252319336,2658.024658203125,214.2157745361328,206.1343688964844,2805.636474609375,236.41680908203125,296.5199890136719,2846.086181640625,274.5420227050781,374.257080078125,2903.625244140625,257.41326904296875,316.2674255371094,2835.185791015625,568.5016479492188,149.1913299560547,2556.101318359375,573.9867553710938,494.7394104003906,2371.4111328125,562.2256469726562,828.69580078125,2540.44873046875,567.8775024414062,957.9225463867188,2410.479248046875,403.7439880371094,153.15403747558594,2596.68212890625,323.47802734375,502.7320861816406,2439.946044921875,311.0935363769531,859.0581665039062,2566.765625,250.6223297119141,962.7803955078124,2448.24560546875,335.5025329589844,-103.7137680053711,2209.9892578125,340.72222900390625,25.003738403320312,2119.75537109375,372.9041442871094,-16.924551010131836,2105.340576171875,427.57672119140625,-110.76323699951172,2165.357421875,322.336181640625,-16.59634780883789,2097.48779296875,269.0045166015625,-127.22276306152344,2134.41748046875
481.8666076660156,151.27505493164062,2577.43994140625,473.2110595703125,-22.18076515197754,2559.236572265625,450.212890625,-132.33815002441406,2476.620849609375,366.05609130859375,-121.01475524902344,2281.822265625,410.0344848632813,-124.9999008178711,2300.5751953125,547.1931762695312,-102.27912139892578,2284.786865234375,719.4694213867188,28.31526756286621,2447.351318359375,762.8822631835938,220.1887359619141,2560.65380859375,797.2760620117188,264.0674743652344,2636.647216796875,777.471435546875,350.5510559082031,2579.07763671875,720.09423828125,321.7385559082031,2595.34326171875,349.8807678222656,-122.82593536376952,2327.326416015625,259.5674743652344,-85.5950698852539,2411.15234375,218.84364318847656,29.952749252319336,2658.024658203125,214.2157745361328,206.1343688964844,2805.636474609375,236.41680908203125,296.5199890136719,2846.086181640625,274.5420227050781,374.257080078125,2903.625244140625,257.41326904296875,316.2674255371094,2835.185791015625,568.5016479492188,149.1913299560547,2556.101318359375,573.9867553710938,494.7394104003906,2371.4111328125,562.2256469726562,828.69580078125,2540.44873046875,567.8775024414062,957.9225463867188,2410.479248046875,403.7439880371094,153.15403747558594,2596.68212890625,323.47802734375,502.7320861816406,2439.946044921875,311.0935363769531,859.0581665039062,2566.765625,250.6223297119141,962.7803955078124,2448.24560546875,335.5025329589844,-103.7137680053711,2209.9892578125,340.72222900390625,25.003738403320312,2119.75537109375,372.9041442871094,-16.924551010131836,2105.340576171875,427.57672119140625,-110.76323699951172,2165.357421875,322.336181640625,-16.59634780883789,2097.48779296875,269.0045166015625,-127.22276306152344,2134.41748046875
478.7727355957031,149.094970703125,2577.91748046875,465.7895812988281,-24.85533142089844,2560.025146484375,438.5060424804687,-136.27725219726562,2479.45166015625,354.25225830078125,-123.77948760986328,2283.80224609375,398.2307434082031,-129.43775939941406,2302.63671875,536.7590942382812,-112.7434539794922,2286.13134765625,715.982666015625,15.729724884033203,2444.70166015625,766.6488037109375,208.62698364257812,2555.113525390625,793.5077514648438,273.9137878417969,2618.149658203125,778.9287109375,360.6829528808594,2558.671142578125,721.1964721679688,317.84716796875,2545.539794921875,338.01995849609375,-124.31326293945312,2329.532958984375,249.3453063964844,-84.6223373413086,2414.790771484375,209.79315185546875,22.46553421020508,2666.895263671875,221.89796447753903,210.2816467285156,2800.572998046875,238.2024078369141,269.90283203125,2881.59130859375,253.44464111328125,323.2764587402344,2970.00146484375,264.6738586425781,304.9371337890625,2853.181640625,565.1105346679688,145.08815002441406,2554.22314453125,572.3983154296875,491.0442810058594,2366.912353515625,565.97119140625,825.2850341796875,2539.103271484375,566.6513061523438,958.3778686523438,2411.864990234375,400.9180603027344,152.70809936523438,2599.283935546875,320.1753234863281,496.94781494140625,2427.614013671875,315.6258239746094,851.1268920898438,2565.218994140625,271.6307373046875,968.69873046875,2451.4619140625,324.231689453125,-106.02489471435548,2211.486083984375,340.581298828125,21.880172729492188,2120.289306640625,370.1613159179687,-22.49548721313477,2106.787841796875,416.930908203125,-119.91537475585938,2168.813232421875,319.7200012207031,-18.65101432800293,2097.753173828125,257.658447265625,-125.4231185913086,2134.242431640625
478.7431335449219,149.09942626953125,2577.759765625,465.7815246582031,-24.86932373046875,2559.9423828125,438.5478515625,-136.4192352294922,2479.5166015625,354.452392578125,-124.33396911621094,2283.760986328125,398.4176330566406,-129.9512481689453,2302.64501953125,536.9810791015625,-113.30970764160156,2286.32080078125,715.9495239257812,15.443876266479492,2444.975830078125,766.4036865234375,208.5959625244141,2555.063232421875,793.239990234375,274.1337585449219,2617.85546875,778.359375,359.9869689941406,2557.125732421875,720.8638916015625,317.7314453125,2545.2177734375,338.1811828613281,-124.772705078125,2329.4814453125,249.4618682861328,-84.80103302001953,2414.57177734375,209.98727416992188,23.595102310180664,2666.14404296875,222.44630432128903,212.67333984375,2798.018798828125,240.4615936279297,274.7159118652344,2876.83349609375,255.8833923339844,333.9697570800781,2961.389404296875,267.88043212890625,309.6712646484375,2845.662109375,565.0899658203125,145.0912322998047,2554.08056640625,572.2977294921875,490.93121337890625,2366.509765625,565.7918090820312,825.308837890625,2538.474365234375,566.4210815429688,958.2618408203124,2411.075927734375,400.88043212890625,152.71377563476562,2599.1123046875,320.10064697265625,496.8241882324219,2427.154296875,315.42303466796875,851.15234375,2564.425048828125,272.3429870605469,968.734619140625,2450.31591796875,324.4898986816406,-106.73114776611328,2211.379150390625,340.7153015136719,21.232276916503903,2120.227783203125,370.4105224609375,-23.08112335205078,2106.763427734375,417.2892150878906,-120.42023468017578,2168.846435546875,319.9728698730469,-19.340110778808594,2097.650390625,258.07452392578125,-126.2543487548828,2134.02392578125
478.7418823242187,149.10031127929688,2577.766845703125,465.77880859375,-24.869009017944336,2559.954345703125,438.5437927246094,-136.4215850830078,2479.5322265625,354.4477233886719,-124.3373565673828,2283.77685546875,398.4129028320313,-129.95556640625,2302.660400390625,536.9783935546875,-113.32025909423828,2286.345703125,715.9393310546875,15.415519714355469,2445.024169921875,766.4063110351562,208.55677795410156,2555.125244140625,793.273193359375,274.0715637207031,2617.928466796875,778.380859375,359.907958984375,2557.177734375,720.9152221679688,317.7430725097656,2545.404296875,338.1766357421875,-124.77484893798828,2329.497314453125,249.46322631835935,-84.7966079711914,2414.591064453125,210.0211944580078,23.61017417907715,2666.164306640625,222.51510620117188,212.7057647705078,2798.01123046875,240.68714904785156,274.7575988769531,2876.782958984375,256.2468566894531,334.0739440917969,2961.269775390625,267.957275390625,309.66912841796875,2845.708740234375,565.0885620117188,145.09088134765625,2554.0869140625,572.2925415039062,490.9266662597656,2366.507080078125,565.7913818359375,825.3040161132812,2538.47314453125,566.4207153320312,958.2741088867188,2411.092041015625,400.8793029785156,152.71580505371094,2599.1201171875,320.110107421875,496.81793212890625,2427.139404296875,315.4326171875,851.1568603515625,2564.383544921875,272.4073791503906,968.740234375,2450.25439453125,324.4853515625,-106.73493194580078,2211.39453125,340.68646240234375,21.238624572753903,2120.2529296875,370.3854064941406,-23.07023811340332,2106.78125,417.2818603515625,-120.40961456298828,2168.8505859375,319.9462890625,-19.334197998046875,2097.673828125,258.06396484375,-126.25892639160156,2134.04443359375
477.6651916503906,155.8585205078125,2580.1611328125,462.75482177734375,-17.512798309326172,2561.55908203125,435.9143371582031,-132.55535888671875,2486.602294921875,355.3941650390625,-128.53785705566406,2289.48779296875,398.9733276367187,-133.02992248535156,2309.296142578125,538.0166625976562,-116.36637115478516,2302.048095703125,718.0123291015625,10.427430152893066,2460.176513671875,771.056396484375,209.724365234375,2556.244140625,795.1473999023438,280.12457275390625,2614.42822265625,783.8884887695312,356.14605712890625,2541.431396484375,735.9558715820312,327.0260009765625,2547.715576171875,338.3471374511719,-127.43413543701172,2334.80810546875,245.8228454589844,-85.1887435913086,2414.15625,210.64312744140625,23.816370010375977,2665.485595703125,229.7389373779297,218.03787231445312,2787.935791015625,255.58184814453125,279.81646728515625,2864.47998046875,277.47918701171875,335.7094421386719,2949.6318359375,271.15313720703125,294.4298400878906,2862.819580078125,563.871337890625,150.94796752929688,2556.8291015625,571.95751953125,491.0412902832031,2360.65673828125,561.38427734375,822.6680908203125,2536.0458984375,568.1741943359375,958.593505859375,2412.5625,399.9293212890625,160.28656005859375,2601.20068359375,314.29193115234375,495.5496215820313,2416.415283203125,311.141357421875,846.1080932617188,2561.077392578125,278.50341796875,971.2611694335938,2452.18505859375,326.63714599609375,-113.94383239746094,2216.134765625,344.3381652832031,17.655029296875,2131.20068359375,369.934326171875,-27.431150436401367,2113.129150390625,414.7410888671875,-130.7227325439453,2165.921875,319.4142761230469,-20.10021591186523,2108.201171875,253.66482543945312,-124.77043151855467,2143.401123046875
472.8125,165.72865295410156,2584.74853515625,458.0238037109375,-6.408601760864258,2563.424560546875,434.3718566894531,-125.38806915283205,2495.212890625,358.3468322753906,-134.2743682861328,2297.68017578125,401.2804565429687,-137.38888549804688,2318.5234375,539.5081787109375,-121.02749633789062,2309.44775390625,717.6634521484375,7.057025909423828,2466.176025390625,767.3873901367188,210.43167114257812,2552.113037109375,796.6773681640625,285.2866516113281,2600.766845703125,784.69580078125,355.68292236328125,2523.194091796875,737.9801635742188,329.500732421875,2546.831787109375,340.4607238769531,-130.26953125,2342.235595703125,249.3311462402344,-83.4402084350586,2419.4970703125,212.5197296142578,28.7404727935791,2667.582275390625,231.7003173828125,226.91807556152344,2781.079345703125,250.6960296630859,285.9272766113281,2861.029296875,263.4447937011719,348.0063171386719,2943.0302734375,263.5282287597656,308.9637145996094,2855.393310546875,558.9830932617188,161.006591796875,2563.10595703125,571.6212768554688,492.080810546875,2356.164794921875,559.814208984375,816.7216186523438,2540.123046875,570.541748046875,953.0568237304688,2418.824951171875,395.1087341308594,169.9867706298828,2604.264404296875,312.0399169921875,500.6630554199219,2414.4775390625,315.22906494140625,847.631103515625,2562.53955078125,290.60406494140625,974.2698974609376,2454.6396484375,331.2548522949219,-124.57706451416016,2223.34814453125,340.7119140625,15.69358253479004,2153.92626953125,366.02972412109375,-26.00179672241211,2129.3623046875,416.0304870605469,-132.77996826171875,2166.778564453125,315.4182434082031,-19.676273345947266,2128.278564453125,254.63870239257812,-129.0332794189453,2154.574462890625
472.7917175292969,165.81407165527344,2584.705078125,458.06695556640625,-6.3374786376953125,2563.423828125,434.47369384765625,-125.36233520507812,2495.26513671875,358.5225830078125,-134.4296417236328,2297.707763671875,401.4512634277344,-137.5064697265625,2318.569091796875,539.6717529296875,-121.07181549072266,2309.474365234375,717.839599609375,7.439598560333252,2465.847900390625,767.3350219726562,211.05584716796875,2551.355712890625,796.7012939453125,286.1943359375,2599.527587890625,784.7562255859375,355.88629150390625,2521.313232421875,738.5753173828125,330.4442138671875,2545.054931640625,340.6180114746094,-130.40269470214844,2342.2548828125,249.3809814453125,-83.60787963867188,2419.414794921875,212.10317993164065,28.55642890930176,2667.444091796875,230.85400390625,226.6291351318359,2781.20458984375,249.26727294921875,284.53729248046875,2862.093505859375,262.08245849609375,344.48492431640625,2945.65771484375,261.6032409667969,307.07647705078125,2857.45361328125,558.96923828125,161.1165313720703,2563.077880859375,571.5587768554688,492.0901184082031,2355.957763671875,559.5849609375,816.908935546875,2539.60595703125,570.0322875976562,952.7489624023438,2417.723388671875,395.0816345214844,170.050048828125,2604.207275390625,311.7564392089844,500.5424499511719,2414.196533203125,314.54852294921875,847.7553100585938,2561.7109375,289.5074157714844,973.8558959960938,2453.2724609375,331.45147705078125,-124.7994155883789,2223.357666015625,341.6033020019531,15.274897575378418,2153.631103515625,366.8379821777344,-26.5699520111084,2129.234130859375,416.35247802734375,-133.44085693359375,2167.0380859375,316.2518005371094,-20.064849853515625,2127.996826171875,255.0059509277344,-129.14231872558594,2154.384033203125
473.8635864257813,181.98843383789065,2591.92578125,459.3800964355469,9.178921699523926,2570.903076171875,437.8477783203125,-112.18585205078124,2505.2548828125,361.2607116699219,-133.7835693359375,2308.1328125,404.4546203613281,-134.8067626953125,2329.026123046875,543.3504638671875,-120.77997589111328,2318.87255859375,721.385498046875,11.429503440856934,2473.912109375,759.4075927734375,218.58070373535156,2558.86376953125,797.1265258789062,296.858642578125,2595.46240234375,775.7210083007812,358.197509765625,2511.956787109375,728.5156860351562,335.4321594238281,2547.174560546875,343.34478759765625,-127.66764831542967,2352.616943359375,249.743408203125,-81.52677154541016,2428.05517578125,212.2650451660156,42.272499084472656,2671.527099609375,230.1187744140625,245.48277282714844,2777.7109375,240.36622619628903,291.3736267089844,2867.68310546875,253.3667755126953,358.92242431640625,2945.677734375,257.9925842285156,301.4910888671875,2873.5419921875,560.8656616210938,177.0596466064453,2572.50146484375,575.4329833984375,498.6483459472656,2348.846435546875,560.9915771484375,819.6032104492188,2541.50634765625,569.852783203125,948.8792724609376,2411.673583984375,395.4099426269531,186.43292236328125,2609.441650390625,311.58148193359375,509.4745178222656,2404.650390625,310.3233337402344,851.5541381835938,2566.781494140625,296.15521240234375,974.1449584960938,2451.659423828125,333.6770935058594,-128.81500244140625,2233.220947265625,355.1836242675781,11.832818031311035,2166.05810546875,376.6481018066406,-31.618446350097656,2140.46826171875,417.3605651855469,-143.46377563476562,2175.69482421875,326.6165771484375,-20.790517807006836,2139.867919921875,256.3103942871094,-125.18476104736328,2164.704345703125
475.2384948730469,186.93711853027344,2593.178466796875,458.5352478027344,14.597251892089844,2570.89453125,435.6991882324219,-106.33607482910156,2505.0771484375,361.2332458496094,-136.57803344726562,2308.423095703125,404.1606140136719,-136.84275817871094,2329.814208984375,543.08935546875,-121.49435424804688,2324.282958984375,720.9117431640625,13.634339332580566,2476.73193359375,759.3985595703125,220.32481384277344,2562.21484375,794.5088500976562,301.3426513671875,2595.106201171875,775.3406982421875,362.0911865234375,2510.71435546875,728.0276489257812,337.0610046386719,2548.8173828125,342.8697509765625,-128.34957885742188,2352.347900390625,253.50042724609375,-79.74311065673828,2431.1572265625,212.6677093505859,44.60197067260742,2673.61376953125,226.26934814453125,251.5859832763672,2772.58056640625,234.8885498046875,302.52099609375,2859.8984375,246.9733428955078,371.6134948730469,2936.590087890625,251.11749267578125,311.9053955078125,2866.163818359375,562.1583862304688,181.00230407714844,2573.925537109375,576.5449829101562,499.7501831054687,2346.652099609375,560.4705810546875,816.98681640625,2544.80615234375,572.1220092773438,949.2213134765624,2418.380615234375,396.8589782714844,192.288818359375,2610.539794921875,311.4913024902344,512.3047485351562,2402.13525390625,310.0650634765625,855.449462890625,2561.435546875,294.65179443359375,972.1402587890624,2440.63671875,334.5227355957031,-134.9238739013672,2233.102783203125,355.2601318359375,7.0112199783325195,2168.693603515625,379.0171203613281,-35.4970703125,2143.62451171875,421.0525817871094,-146.60687255859375,2179.3466796875,328.8230285644531,-25.991527557373047,2140.855224609375,260.338134765625,-132.44979858398438,2161.19677734375
474.9697570800781,197.74644470214844,2593.06396484375,462.6453247070313,25.783897399902344,2574.80029296875,443.6663513183594,-98.5490264892578,2516.568359375,370.3736572265625,-142.4961395263672,2323.67626953125,413.0364074707031,-140.01026916503906,2344.710205078125,549.830322265625,-120.42710876464844,2330.510986328125,723.8075561523438,17.816028594970703,2481.289794921875,760.8563842773438,223.47181701660156,2565.7451171875,802.6139526367188,303.5400390625,2590.27001953125,774.4099731445312,362.4373779296875,2508.04248046875,732.1858520507812,340.11279296875,2552.662109375,351.9601135253906,-132.45306396484375,2366.82958984375,259.8896484375,-82.50310516357422,2440.042724609375,214.3371734619141,49.80173110961914,2675.177490234375,216.5420379638672,257.9063415527344,2768.886962890625,233.47494506835935,298.2496032714844,2859.64453125,246.90066528320312,364.5410461425781,2937.6044921875,238.6648712158203,308.12457275390625,2866.10302734375,561.3472900390625,193.60714721679688,2573.749755859375,576.7907104492188,504.5505676269531,2340.46630859375,558.8881225585938,816.1303100585938,2542.5263671875,572.553466796875,949.8343505859376,2419.731689453125,397.0793151855469,201.47901916503903,2610.48046875,308.4382019042969,514.5040893554688,2397.929443359375,304.9732971191406,855.3988037109375,2555.831787109375,285.3143310546875,971.1129760742188,2436.339599609375,343.6298828125,-146.14947509765625,2249.02587890625,369.844482421875,3.6407856941223145,2213.5419921875,387.3280944824219,-33.6775016784668,2178.043701171875,422.8181762695313,-151.42808532714844,2185.228515625,338.4175109863281,-20.781465530395508,2182.8232421875,263.976806640625,-123.93180847167967,2188.2431640625
476.0351867675781,210.2756805419922,2595.591552734375,467.6257019042969,38.86100769042969,2575.90869140625,451.3249816894531,-84.86644744873047,2516.765380859375,378.0166015625,-142.95555114746094,2328.502197265625,420.6222229003906,-137.39598083496094,2348.658935546875,556.8379516601562,-117.21309661865234,2334.61376953125,726.5426025390625,22.602542877197266,2487.08837890625,760.1696166992188,229.70919799804688,2567.160400390625,802.758056640625,308.2193908691406,2593.9130859375,775.1460571289062,362.8251037597656,2509.045654296875,723.50732421875,339.0502624511719,2543.976806640625,359.75933837890625,-131.27330017089844,2371.11474609375,263.63519287109375,-82.25892639160156,2438.737060546875,219.35867309570312,46.6810302734375,2674.841552734375,213.29974365234375,256.1422424316406,2763.21435546875,226.40464782714844,302.7384338378906,2851.165771484375,234.7033843994141,349.59429931640625,2942.33544921875,241.03836059570312,323.9046630859375,2850.73974609375,562.0999145507812,208.30337524414065,2575.996826171875,576.1450805664062,510.7825927734375,2333.985107421875,557.0502319335938,817.5271606445312,2540.82568359375,573.5305786132812,950.7696533203124,2418.8447265625,398.42681884765625,212.05419921875,2613.2607421875,308.4252624511719,515.4619750976562,2390.144775390625,309.83538818359375,852.6796264648438,2552.70166015625,280.3000183105469,972.5748901367188,2440.424072265625,350.66448974609375,-152.0944366455078,2254.851318359375,370.7132568359375,1.7776638269424438,2243.44677734375,393.8825988769531,-29.046974182128903,2205.3642578125,435.6845703125,-144.33653259277344,2200.0263671875,344.2027587890625,-19.386882781982425,2206.583984375,276.49090576171875,-125.33930206298828,2189.738525390625
473.5311584472656,225.59912109375,2586.655517578125,472.5315856933594,55.534034729003906,2594.1884765625,462.0817565917969,-74.38817596435547,2555.03857421875,399.10601806640625,-128.74423217773438,2365.313720703125,440.0672912597656,-123.2915496826172,2387.219970703125,570.3814086914062,-107.93810272216795,2349.951904296875,734.6739501953125,32.05386734008789,2501.4130859375,761.0636596679688,240.3866424560547,2571.276123046875,806.1554565429688,314.40496826171875,2601.779541015625,788.3236694335938,368.1410217285156,2515.60986328125,727.7005615234375,343.941162109375,2538.56201171875,379.0686645507813,-118.16913604736328,2406.62158203125,268.0618591308594,-80.11370849609375,2451.07763671875,217.42507934570312,41.89188003540039,2685.0361328125,215.01715087890625,251.8369903564453,2763.426025390625,223.46713256835935,309.5035095214844,2843.367919921875,227.65579223632812,366.4159851074219,2927.11962890625,240.5477600097656,333.0830383300781,2838.039794921875,558.5711059570312,224.28677368164065,2568.31201171875,574.9349365234375,521.8104248046875,2329.28076171875,559.5626831054688,822.7236328125,2535.42138671875,573.7479248046875,954.7196044921876,2415.710693359375,396.8468933105469,226.7825164794922,2603.19677734375,307.20947265625,528.39404296875,2387.313720703125,303.0915832519531,856.3004760742188,2556.305419921875,285.6427917480469,969.0579223632812,2437.853271484375,375.6531677246094,-136.61219787597656,2291.3974609375,373.2641906738281,-4.699453830718994,2213.27392578125,379.4134521484375,-49.6131591796875,2185.034912109375,424.5895690917969,-159.59765625,2207.2890625,335.6694641113281,-35.43747329711914,2204.385498046875,279.2156066894531,-130.4641876220703,2262.80615234375
474.7793884277344,233.16342163085935,2586.819580078125,472.6578063964844,63.08715057373047,2577.2412109375,462.986328125,-66.92445373535156,2537.843505859375,398.08990478515625,-124.51659393310548,2349.56103515625,439.29486083984375,-117.31272888183594,2370.558349609375,572.6317749023438,-93.8313980102539,2353.13818359375,743.7002563476562,30.49559211730957,2510.9677734375,766.3026123046875,238.4175720214844,2583.830078125,811.041259765625,314.99737548828125,2608.09423828125,789.68505859375,363.52288818359375,2519.576171875,733.1441650390625,340.8688659667969,2542.544189453125,378.5341491699219,-114.61663818359376,2391.303955078125,273.0143127441406,-79.22615051269531,2449.46875,220.4842834472656,39.438114166259766,2684.94873046875,212.59201049804688,249.6727294921875,2762.667236328125,233.21560668945312,289.9891357421875,2850.707275390625,240.18797302246097,352.5360412597656,2930.23876953125,239.77349853515625,303.7919921875,2855.181884765625,559.2297973632812,233.3035125732422,2565.626220703125,573.16650390625,529.0928955078125,2323.85888671875,555.9269409179688,825.1633911132812,2537.2099609375,573.3565063476562,951.8405151367188,2412.107666015625,398.6267395019531,233.0370635986328,2605.930908203125,303.3909606933594,530.3088989257812,2385.971435546875,303.1670227050781,858.6676635742188,2554.72265625,278.709716796875,970.4805297851562,2436.447998046875,373.3433532714844,-133.60255432128906,2276.148193359375,367.77532958984375,-1.0259449481964111,2199.09814453125,384.2113952636719,-44.17815017700195,2172.18359375,438.385986328125,-148.3710174560547,2201.56103515625,336.3572082519531,-35.94572830200195,2183.792236328125,283.0965881347656,-138.64700317382812,2231.422607421875
475.9691467285156,234.46194458007812,2592.23046875,469.6020812988281,65.11882019042969,2566.9912109375,459.3084411621094,-63.17596054077149,2520.132568359375,395.0285034179687,-123.5769271850586,2331.21240234375,436.3540344238281,-115.87886810302734,2352.39404296875,571.1126708984375,-89.66602325439453,2352.280029296875,743.1978759765625,28.9030818939209,2515.857421875,768.3544311523438,236.55970764160156,2592.40234375,809.8455810546875,316.97283935546875,2611.476806640625,790.0203247070312,363.5399475097656,2520.88623046875,735.40380859375,340.2806396484375,2548.390380859375,375.15765380859375,-113.24681854248048,2373.00732421875,277.9793395996094,-74.64152526855469,2443.836181640625,224.07911682128903,35.75639343261719,2684.723388671875,211.2831115722656,244.82376098632812,2768.415771484375,227.17320251464844,297.379638671875,2851.478759765625,232.5089874267578,359.81494140625,2931.959716796875,240.93177795410156,320.9092712402344,2847.306396484375,561.8782348632812,233.75697326660156,2575.28857421875,574.2098999023438,525.3580932617188,2325.033203125,563.1368408203125,819.5274047851562,2544.90673828125,567.3810424804688,947.26611328125,2418.285888671875,398.5010986328125,235.09764099121097,2607.508056640625,302.55615234375,531.2633056640625,2382.622314453125,304.30450439453125,859.3009643554688,2556.536376953125,280.28118896484375,972.5082397460938,2438.1875,370.4565124511719,-133.67987060546875,2257.400146484375,366.8719787597656,3.4721791744232178,2186.7568359375,389.2340393066406,-37.357627868652344,2159.88232421875,445.6188354492187,-140.71690368652344,2190.859130859375,339.6103210449219,-32.28437423706055,2165.614501953125,286.59185791015625,-140.83168029785156,2200.810546875
476.1189575195313,238.79229736328125,2592.453125,471.59820556640625,69.33029174804688,2567.35205078125,462.7868957519531,-60.086891174316406,2523.269775390625,401.3162231445313,-124.4260482788086,2334.6630859375,442.3149719238281,-115.76978302001952,2356.1318359375,576.3308715820312,-85.84938049316406,2356.18408203125,747.6213989257812,29.84508895874023,2522.723876953125,768.422119140625,237.56814575195312,2600.53173828125,814.255615234375,316.80828857421875,2613.789306640625,790.637939453125,363.5085144042969,2524.15478515625,735.6644287109375,338.4170227050781,2548.90087890625,380.8671875,-113.74093627929688,2376.100830078125,282.5556945800781,-74.0732650756836,2444.797607421875,224.7321624755859,35.072906494140625,2685.413330078125,210.56678771972656,248.03668212890625,2758.52978515625,225.48895263671875,301.1391906738281,2841.451416015625,228.29786682128903,370.3924255371094,2916.3154296875,241.3044281005859,322.9384460449219,2838.072998046875,561.7455444335938,239.23626708984375,2574.034423828125,573.3412475585938,531.142578125,2323.966796875,557.4848022460938,825.3624267578125,2543.617919921875,571.8796997070312,944.6207275390624,2409.629638671875,398.9057312011719,238.39195251464844,2609.0625,303.2022705078125,532.8509521484375,2381.69873046875,307.1807556152344,860.082275390625,2557.26611328125,285.5433349609375,967.1732788085938,2432.866943359375,377.6396179199219,-136.05963134765625,2260.764892578125,379.5477600097656,13.12875747680664,2221.218505859375,402.2741088867187,-21.584575653076172,2187.025390625,455.4123229980469,-130.68789672851562,2197.095947265625,352.543212890625,-16.52154541015625,2191.868408203125,296.0961608886719,-128.64649963378906,2200.871826171875
476.52838134765625,242.51271057128903,2596.142578125,471.94622802734375,73.3433837890625,2572.69091796875,463.5591125488281,-56.3836555480957,2530.78564453125,404.5540161132813,-112.07892608642578,2339.363037109375,445.1847229003906,-105.40221405029295,2361.897705078125,580.4234008789062,-84.53046417236328,2357.938720703125,750.3411865234375,32.63409423828125,2523.56787109375,772.8060913085938,239.31588745117188,2601.744873046875,816.8710327148438,318.7252197265625,2617.740478515625,791.8088989257812,364.8807067871094,2528.58251953125,736.7769165039062,339.1082763671875,2552.947998046875,383.5904541015625,-102.28996276855467,2380.599365234375,280.9373474121094,-67.36442565917969,2444.65673828125,224.5993194580078,35.09712219238281,2687.628173828125,210.79893493652344,248.50424194335935,2757.324462890625,225.75779724121097,301.91644287109375,2839.675048828125,235.18113708496097,365.6435546875,2918.384765625,242.05905151367188,317.5771179199219,2840.168701171875,562.0903930664062,242.6115570068359,2578.711669921875,573.4402465820312,531.045654296875,2326.412109375,556.9842529296875,824.2872924804688,2545.456298828125,572.179443359375,947.173583984375,2415.63427734375,399.3733520507813,242.4235992431641,2611.86083984375,303.7558288574219,534.2711791992188,2383.072021484375,303.97479248046875,862.482666015625,2554.41455078125,280.95086669921875,970.7262573242188,2431.947021484375,382.2271728515625,-120.39305877685548,2264.8525390625,373.2879638671875,21.48347282409668,2205.937744140625,394.2203979492187,-16.687063217163086,2174.666015625,453.02880859375,-121.16638946533205,2193.746826171875,345.1415100097656,-12.723512649536133,2183.746337890625,295.360595703125,-124.07074737548828,2213.185302734375
475.3018493652344,250.51510620117188,2596.70263671875,472.027587890625,82.18975067138672,2575.88134765625,464.1273498535156,-46.89554977416992,2535.0517578125,408.8105773925781,-98.7595672607422,2343.04443359375,448.7626647949219,-92.22061920166016,2366.13671875,583.530517578125,-74.52881622314453,2365.044677734375,757.0380249023438,33.394710540771484,2530.25,768.802490234375,240.7307281494141,2604.4892578125,814.0084228515625,319.5372619628906,2615.868408203125,789.6448974609375,353.5596923828125,2522.03076171875,731.4288940429688,334.5899353027344,2553.419921875,387.3170166015625,-90.09378051757812,2383.874755859375,282.5836486816406,-61.896671295166016,2446.108642578125,219.6306610107422,35.79709243774414,2687.303955078125,208.84732055664065,247.855224609375,2756.53076171875,221.9178924560547,295.0399475097656,2842.099609375,229.57241821289065,365.6437377929687,2913.90380859375,241.6228790283203,310.7816162109375,2843.244140625,560.0335083007812,251.1388702392578,2578.335205078125,575.4578247070312,534.9527587890625,2325.12060546875,553.3892211914062,829.3194580078125,2537.747802734375,579.7723388671875,952.44677734375,2411.749755859375,398.8956298828125,249.95263671875,2613.26513671875,303.7301025390625,536.1224365234375,2381.65234375,302.79302978515625,862.3048095703125,2551.217529296875,286.53143310546875,973.1858520507812,2431.627197265625,387.78619384765625,-105.67446899414062,2268.591064453125,372.3448791503906,31.322978973388672,2202.718505859375,394.6641845703125,-7.226754188537598,2173.592041015625,457.7290344238281,-107.10147857666016,2197.643798828125,345.8466491699219,-4.984391689300537,2182.72314453125,301.5519104003906,-115.90528869628906,2218.15673828125
477.0443420410156,252.40850830078125,2602.859130859375,474.8680725097656,82.91310119628906,2584.935791015625,466.9097900390625,-45.78988265991211,2540.87109375,412.5888671875,-94.34001159667967,2346.657470703125,452.5798645019531,-88.14938354492188,2370.22607421875,588.080322265625,-71.01138305664062,2370.783447265625,763.9281616210938,34.30673599243164,2537.20263671875,770.8706665039062,241.9240570068359,2614.35888671875,796.816162109375,329.3520202636719,2626.5,789.7434692382812,353.17510986328125,2526.297119140625,726.143798828125,324.4002990722656,2552.686767578125,390.728271484375,-86.43861389160156,2387.707275390625,285.51947021484375,-61.46124649047851,2451.698974609375,220.16656494140625,37.023311614990234,2693.364501953125,209.00411987304688,251.7238922119141,2757.67919921875,230.2585296630859,304.96270751953125,2838.467041015625,242.349609375,377.06060791015625,2908.845947265625,241.37350463867188,319.962158203125,2839.34912109375,562.3495483398438,253.1809234619141,2585.196533203125,575.7586059570312,536.5322875976562,2328.61767578125,555.2161254882812,832.5570678710938,2542.08935546875,575.6309814453125,947.3018798828124,2406.243408203125,400.1208801269531,251.7119903564453,2618.7861328125,305.6053771972656,534.684814453125,2380.08349609375,310.22198486328125,860.6430053710938,2553.8046875,293.4981689453125,973.24072265625,2434.802490234375,391.9317321777344,-99.90829467773438,2271.60107421875,386.48876953125,40.409759521484375,2209.537841796875,407.8302612304687,1.414395809173584,2179.809814453125,464.6396179199219,-103.04788208007812,2202.84912109375,358.6678161621094,6.128798961639404,2187.304931640625,306.80328369140625,-103.71232604980467,2217.560546875
477.0829162597656,252.9978485107422,2609.51123046875,477.3800659179687,83.02959442138672,2590.744873046875,470.49554443359375,-44.949710845947266,2543.176513671875,422.3932495117187,-88.7685546875,2345.51611328125,461.7145690917969,-82.6788101196289,2370.4951171875,597.6231689453125,-65.90563201904297,2375.168212890625,775.330078125,38.53223419189453,2541.513916015625,782.7898559570312,241.27316284179688,2632.41162109375,811.2338256835938,329.03265380859375,2629.610107421875,790.4152221679688,354.4382019042969,2531.38671875,731.5338134765625,314.20086669921875,2560.120361328125,399.1643676757813,-82.34519958496094,2386.24560546875,292.15557861328125,-61.82465744018555,2449.627197265625,217.9146423339844,36.25535202026367,2689.84814453125,209.81527709960935,248.57427978515625,2764.253662109375,221.2613983154297,305.5068664550781,2844.898193359375,231.07037353515625,382.2380676269531,2911.078125,243.6698303222656,319.11810302734375,2845.89013671875,562.5443115234375,255.1531219482422,2591.343994140625,576.6058959960938,537.7887573242188,2332.1904296875,555.5484008789062,833.9872436523438,2547.376708984375,577.4129028320312,951.218505859375,2413.130615234375,400.0186462402344,251.05435180664065,2625.893310546875,308.0688781738281,531.5068969726562,2381.320556640625,302.6667785644531,861.5560302734375,2549.738525390625,278.0006103515625,973.373291015625,2430.6494140625,403.942626953125,-92.4681167602539,2269.5146484375,397.8111877441406,51.89113998413086,2216.17626953125,413.89117431640625,13.834230422973633,2181.951416015625,468.3370056152344,-94.2862548828125,2192.458984375,366.0132751464844,20.00607109069824,2195.4052734375,312.8382873535156,-89.71839141845703,2225.473876953125
477.7789306640625,256.7237548828125,2616.8076171875,478.9722595214844,86.91442108154297,2598.98095703125,473.5633544921875,-41.916072845458984,2554.1845703125,428.03411865234375,-89.33967590332031,2357.073974609375,466.9747314453125,-82.58971405029297,2382.34619140625,602.662109375,-65.12008666992188,2383.8349609375,780.9075927734375,44.35934066772461,2545.673828125,787.0020751953125,246.5598907470703,2637.066650390625,788.47998046875,338.6108703613281,2632.857421875,773.4783325195312,350.0654296875,2531.1787109375,721.0673217773438,301.84381103515625,2564.2705078125,404.34271240234375,-82.3741683959961,2397.363525390625,294.7395324707031,-62.08686447143555,2455.82275390625,214.1882476806641,36.54351806640625,2693.318603515625,205.3691864013672,246.70013427734375,2772.607177734375,228.5914001464844,300.5054016113281,2852.683349609375,241.84214782714844,377.0396728515625,2918.255859375,256.11431884765625,320.63568115234375,2843.78466796875,563.2872314453125,259.13720703125,2599.542236328125,576.93798828125,536.2327270507812,2335.280029296875,552.9479370117188,837.534912109375,2541.97607421875,581.8832397460938,952.5408935546876,2407.50048828125,400.67230224609375,254.5474395751953,2632.376953125,309.2631530761719,527.2587890625,2379.86962890625,302.2960510253906,857.215087890625,2547.1953125,280.6414489746094,974.9405517578124,2433.68603515625,410.4939575195313,-94.44676208496094,2281.058349609375,401.5886840820313,51.58514404296875,2233.656494140625,417.6596984863281,15.199393272399902,2197.775146484375,473.6622009277344,-92.29572296142578,2203.1953125,369.97711181640625,20.137298583984375,2212.12451171875,318.8532409667969,-91.277587890625,2238.53076171875
479.6868896484375,271.1338195800781,2611.995849609375,489.3118896484375,105.83667755126952,2627.980712890625,485.7941284179687,-22.11119270324707,2591.893310546875,439.1354675292969,-80.15707397460938,2403.659912109375,477.2964782714844,-70.64264678955078,2426.93798828125,606.9017944335938,-52.085697174072266,2401.9521484375,788.5457153320312,46.51964569091797,2555.812744140625,783.5892944335938,247.0450134277344,2636.640869140625,793.618408203125,336.2670593261719,2636.3955078125,754.4816284179688,352.1194763183594,2544.920166015625,719.2939453125,303.75396728515625,2559.552490234375,416.6873779296875,-72.36070251464844,2443.08984375,297.6144104003906,-58.45906829833984,2468.86572265625,212.70260620117188,36.143402099609375,2698.575927734375,207.17172241210935,245.91343688964844,2761.23095703125,220.5222015380859,298.45428466796875,2841.273193359375,237.05995178222656,372.041015625,2905.450439453125,241.87799072265625,308.3144226074219,2844.482666015625,562.5562744140625,274.14544677734375,2593.240234375,578.1002197265625,542.0158081054688,2333.74365234375,552.9906616210938,839.1157836914062,2529.605712890625,579.425048828125,954.8372192382812,2401.45849609375,404.9599304199219,268.4180603027344,2628.908935546875,310.9145202636719,529.9037475585938,2380.281494140625,308.3093566894531,850.8148193359375,2544.4814453125,285.9540100097656,970.9436645507812,2440.090576171875,420.5771484375,-89.72944641113281,2330.41259765625,418.56341552734375,52.86745071411133,2284.47314453125,436.5167541503906,17.272174835205078,2250.79345703125,488.461669921875,-88.4919204711914,2260.156005859375,389.1273193359375,22.90737533569336,2260.744384765625,335.2785339355469,-84.77517700195312,2281.45849609375
479.82421875,278.9560852050781,2614.10205078125,490.7428588867187,114.22501373291016,2630.361328125,488.7844543457031,-13.316408157348633,2594.057861328125,450.5508117675781,-70.58076477050781,2404.286865234375,487.5313415527344,-60.88328552246094,2429.09912109375,617.56787109375,-42.91193008422851,2408.205322265625,794.2342529296875,55.26874923706055,2566.8779296875,781.968505859375,256.56610107421875,2643.305419921875,782.5713500976562,346.0999755859375,2642.64453125,740.69873046875,356.5892639160156,2551.915283203125,703.09912109375,310.7215881347656,2586.328125,426.49420166015625,-63.22064971923828,2442.692138671875,307.31097412109375,-51.38960647583008,2467.37255859375,214.3161163330078,37.451133728027344,2695.4267578125,202.51437377929688,244.0809326171875,2765.15576171875,223.77049255371097,297.37213134765625,2842.6328125,246.13217163085935,372.4696044921875,2902.748046875,250.7586212158203,307.396240234375,2841.505126953125,562.6693115234375,282.705810546875,2596.45947265625,578.6436157226562,545.9716796875,2333.76513671875,551.9356689453125,840.282470703125,2531.836669921875,580.1014404296875,955.1044311523438,2403.90087890625,405.1191101074219,275.57476806640625,2630.01123046875,313.2235412597656,534.6025390625,2379.543212890625,302.7752990722656,855.56591796875,2541.143798828125,285.0086364746094,973.6946411132812,2434.294189453125,435.1545715332031,-79.88893127441406,2330.491455078125,411.6144409179687,51.63006591796875,2263.602294921875,420.90289306640625,10.69037628173828,2232.837890625,479.156005859375,-91.14757537841795,2244.28955078125,378.3855590820313,17.84622573852539,2255.301513671875,339.3796691894531,-84.20201873779297,2309.22119140625
477.7952270507813,298.0273742675781,2606.166259765625,488.59136962890625,135.1944122314453,2623.343994140625,488.5548095703125,7.710874080657959,2592.4072265625,450.164794921875,-57.9476432800293,2407.7724609375,486.7740478515625,-46.63155746459961,2431.52392578125,616.6340942382812,-29.63759994506836,2419.88720703125,790.2191162109375,58.67864990234375,2583.201171875,786.5863647460938,266.8648986816406,2629.613525390625,769.3822021484375,338.30181884765625,2580.167236328125,680.2110595703125,308.346923828125,2548.09521484375,686.4459838867188,283.4306335449219,2550.9521484375,426.5647888183594,-49.38242721557617,2445.614990234375,309.9866943359375,-43.1888542175293,2477.274658203125,200.54055786132812,27.413427352905273,2701.121337890625,199.17051696777344,240.2054443359375,2738.35009765625,231.9011688232422,298.96246337890625,2805.953857421875,272.365966796875,374.4679260253906,2852.907470703125,247.99200439453125,305.23199462890625,2807.862548828125,560.0840454101562,301.8230285644531,2590.42822265625,581.87744140625,559.0350341796875,2327.844970703125,548.6239013671875,847.5217895507812,2526.600341796875,592.6082763671875,960.4754638671876,2404.1376953125,403.5917663574219,294.6046447753906,2620.358154296875,306.67138671875,548.28759765625,2372.2802734375,305.71942138671875,857.4326782226562,2548.01171875,284.1434326171875,968.4401245117188,2436.90576171875,434.486572265625,-70.68446350097656,2335.40576171875,416.3175048828125,49.83098220825195,2251.80078125,442.5239562988281,10.645981788635254,2231.110107421875,507.519775390625,-76.7190170288086,2272.807373046875,394.6941528320313,10.458924293518066,2236.092529296875,356.1964111328125,-93.7720947265625,2282.742919921875
479.0130920410156,306.5393981933594,2613.038330078125,488.669677734375,142.27621459960938,2627.96240234375,488.3003234863281,13.575151443481444,2598.248779296875,451.3179016113281,-58.15299606323242,2414.093017578125,487.9898986816406,-46.35476303100586,2438.103271484375,619.0006103515625,-29.225027084350582,2429.763427734375,793.2785034179688,64.25806427001953,2592.195068359375,788.62255859375,274.554931640625,2635.685302734375,768.0169677734375,343.8478088378906,2583.4697265625,679.3554077148438,308.39947509765625,2553.52880859375,684.4335327148438,288.15924072265625,2562.2021484375,427.1658935546875,-48.05987930297851,2451.58544921875,311.0599365234375,-38.34031295776367,2487.058349609375,199.6605682373047,29.29789924621582,2712.91845703125,198.580078125,244.68966674804688,2743.226318359375,225.75112915039065,306.577880859375,2811.42626953125,265.4294738769531,382.7986755371094,2859.291015625,238.5865478515625,312.92034912109375,2815.45263671875,561.8793334960938,309.968017578125,2597.157470703125,584.9237060546875,558.6113891601562,2323.109375,551.0782470703125,845.2783813476562,2528.58984375,589.155029296875,957.6707763671876,2402.0244140625,404.2889404296875,303.4476318359375,2627.358642578125,306.05218505859375,550.400146484375,2369.433837890625,303.8265380859375,859.3378295898438,2550.413330078125,284.2871398925781,967.8646850585938,2435.000244140625,436.3225402832031,-73.18050384521484,2341.482177734375,426.3792724609375,55.1718864440918,2266.83203125,451.7341613769531,16.304719924926758,2243.73583984375,511.7181396484375,-77.66455841064453,2280.55126953125,403.4650573730469,17.963695526123047,2247.17822265625,358.4864807128906,-88.45567321777344,2284.25927734375
479.7841796875,320.626220703125,2616.561279296875,488.6326904296875,156.84291076660156,2636.031494140625,489.6130065917969,27.47330093383789,2609.5869140625,465.0107421875,-52.466461181640625,2426.812255859375,499.9849548339844,-39.44365692138672,2452.62939453125,630.6333618164062,-19.46143913269043,2445.685791015625,806.4193115234375,68.36943817138672,2609.522705078125,773.2970581054688,278.9950256347656,2635.02880859375,749.8474731445312,345.1331787109375,2580.0400390625,662.9481201171875,307.09442138671875,2548.265625,670.5300903320312,288.4032897949219,2558.040283203125,438.4256591796875,-40.85200881958008,2462.13916015625,322.6199951171875,-28.47256088256836,2497.642333984375,201.104736328125,33.783958435058594,2719.7138671875,191.1359100341797,248.3268585205078,2753.737060546875,216.71218872070312,301.4014892578125,2829.520751953125,232.8674468994141,376.3412780761719,2891.10302734375,245.563232421875,320.3466491699219,2818.547607421875,563.2894897460938,323.7113952636719,2604.563720703125,586.6595458984375,552.46142578125,2313.86865234375,551.9281616210938,826.4607543945312,2535.657470703125,588.886962890625,949.2650756835938,2418.88330078125,404.48382568359375,317.84417724609375,2627.3798828125,295.60858154296875,555.708251953125,2365.372802734375,301.8655700683594,861.6220703125,2551.12353515625,278.4656066894531,968.3590698242188,2434.827392578125,454.87109375,-70.75071716308594,2354.131103515625,434.1016540527344,54.61412048339844,2276.767578125,442.5765686035156,11.262215614318848,2249.671630859375,498.548583984375,-89.9465560913086,2269.6591796875,400.36712646484375,21.05893898010254,2271.24755859375,359.4681396484375,-74.92805480957031,2333.120849609375
481.7532348632813,326.119873046875,2621.103271484375,490.6913757324219,161.85794067382812,2639.0205078125,490.3178405761719,32.68279266357422,2610.478271484375,466.2138366699219,-51.50660705566406,2429.1435546875,501.1714172363281,-37.8057746887207,2454.7783203125,632.12109375,-17.59252166748047,2449.8115234375,805.9296875,73.12167358398438,2614.918212890625,772.579345703125,283.3766784667969,2645.92333984375,745.1622924804688,347.00543212890625,2589.5595703125,660.2349853515625,306.6286926269531,2554.8896484375,668.0712280273438,289.8058776855469,2572.29833984375,439.48388671875,-39.15152740478515,2464.21826171875,324.5472412109375,-28.07410049438477,2503.53955078125,200.50152587890625,30.176036834716797,2725.863037109375,197.1861114501953,246.6857147216797,2749.7880859375,215.30812072753903,293.2679748535156,2831.945556640625,221.55609130859375,367.5419616699219,2896.36083984375,245.21096801757812,315.56988525390625,2823.392578125,565.0300903320312,329.0740966796875,2606.6435546875,587.7552490234375,554.4981689453125,2312.449462890625,549.3967895507812,830.1455688476562,2532.634765625,590.4088745117188,950.216796875,2413.913330078125,406.6588134765625,323.4559326171875,2634.142333984375,296.8970642089844,558.380126953125,2368.908935546875,302.70849609375,864.8134155273438,2555.088623046875,277.8065185546875,964.908203125,2432.941162109375,456.2400512695313,-71.46011352539062,2356.734375,437.1263427734375,60.86142349243164,2290.855224609375,449.0605163574219,20.677339553833008,2260.226806640625,506.8176879882813,-80.77918243408203,2274.263671875,404.9729614257813,27.141664505004883,2279.36474609375,362.69476318359375,-75.89046478271484,2328.003173828125
481.9786682128906,343.1535339355469,2624.4453125,491.9794921875,180.22897338867188,2645.230712890625,492.8776550292969,53.102970123291016,2611.417236328125,467.8426513671875,-44.14299011230469,2438.17236328125,502.6994323730469,-27.912643432617188,2461.94970703125,633.1513061523438,-8.910263061523438,2464.302001953125,809.5912475585938,74.55934143066406,2628.20849609375,785.494873046875,286.80499267578125,2639.783203125,752.0314331054688,344.7413024902344,2581.375,661.8693237304688,307.57501220703125,2560.83251953125,676.6995239257812,302.6988525390625,2572.06494140625,441.57421875,-29.92450523376465,2472.548095703125,327.183837890625,-22.78591537475586,2512.25537109375,198.94390869140625,30.531126022338867,2731.70166015625,200.42539978027344,246.22561645507812,2751.7626953125,215.24998474121097,299.7818908691406,2829.587158203125,220.43331909179688,373.2422180175781,2894.186767578125,250.35658264160156,322.6436462402344,2816.5732421875,565.210693359375,346.79705810546875,2612.957763671875,587.280029296875,560.63818359375,2312.750244140625,544.8641967773438,834.2877807617188,2531.478515625,583.6347045898438,955.7177124023438,2414.82666015625,406.9246520996094,339.8680114746094,2634.803955078125,290.5614318847656,560.6552124023438,2363.21826171875,303.9239196777344,861.156005859375,2554.737548828125,277.6218566894531,965.1951904296876,2437.447021484375,457.1787414550781,-69.43462371826172,2368.00732421875,441.3267822265625,64.66509246826172,2306.919189453125,462.6867370605469,27.862838745117188,2277.6875,524.2241821289062,-69.3785171508789,2298.397216796875,415.43743896484375,29.803686141967773,2287.131591796875,372.9825439453125,-78.49834442138672,2319.869140625
483.7178649902344,351.8114929199219,2627.61865234375,495.3321838378906,191.89939880371097,2654.408447265625,498.090576171875,64.44084930419922,2629.205810546875,470.6033325195313,-36.92595672607422,2461.572265625,505.4083557128906,-20.146541595458984,2483.968994140625,634.1632080078125,-3.07494592666626,2474.148193359375,811.5631713867188,77.51766204833984,2633.626220703125,792.2435302734375,287.90740966796875,2638.498291015625,757.581298828125,346.4246520996094,2583.070556640625,666.4082641601562,309.59027099609375,2578.166015625,679.7169799804688,309.8247375488281,2582.256591796875,445.2100830078125,-21.845563888549805,2495.5087890625,329.24969482421875,-15.074257850646973,2524.934326171875,199.19105529785156,31.979475021362305,2741.016357421875,205.2585296630859,245.35462951660156,2756.27880859375,216.688720703125,306.2579345703125,2827.58544921875,218.4546813964844,376.9274291992187,2893.67626953125,234.90557861328125,329.2865295410156,2818.41455078125,565.9036254882812,355.85858154296875,2616.14599609375,586.636474609375,555.9560546875,2311.864013671875,544.0452270507812,830.5991821289062,2522.301025390625,584.2933349609375,952.5619506835938,2409.863037109375,409.6073913574219,348.16204833984375,2637.9638671875,291.3899230957031,558.9473266601562,2365.265380859375,298.4534912109375,859.9443359375,2548.152587890625,278.557373046875,965.4570922851562,2433.541748046875,458.9365539550781,-64.06434631347656,2393.255126953125,449.740966796875,72.10297393798828,2340.23828125,475.1637573242187,37.90899658203125,2312.213134765625,534.00048828125,-58.9676628112793,2334.474609375,427.6231384277344,38.920536041259766,2315.098388671875,383.2463684082031,-70.25511932373047,2334.15625
486.4913940429687,370.320556640625,2632.38623046875,498.6748352050781,211.86312866210935,2663.99609375,501.1929931640625,85.90763854980469,2633.831298828125,476.8216247558594,-32.737850189208984,2478.228759765625,511.0418090820313,-13.057351112365724,2498.80859375,639.4535522460938,4.193454742431641,2490.405517578125,816.29736328125,88.5667953491211,2647.259765625,784.8924560546875,296.8226623535156,2642.79150390625,751.8744506835938,357.8788146972656,2589.58447265625,671.4033813476562,308.85601806640625,2617.022705078125,668.9618530273438,317.6399841308594,2587.56884765625,451.00823974609375,-14.728776931762695,2510.172607421875,335.193603515625,-9.101903915405272,2538.851806640625,199.30262756347656,31.85787773132324,2751.591064453125,201.0358734130859,245.0174560546875,2759.797607421875,212.72640991210935,302.3737487792969,2833.5625,212.1929168701172,378.8782348632813,2892.320556640625,247.70706176757812,327.9954833984375,2816.4013671875,568.5159912109375,374.5064697265625,2621.7548828125,587.654541015625,558.5645751953125,2308.759033203125,551.7825317382812,837.16943359375,2513.322265625,584.4669799804688,963.4190063476562,2404.03125,412.5261840820313,366.5459289550781,2641.972900390625,284.56463623046875,558.761962890625,2361.60791015625,298.5390930175781,859.161376953125,2542.915283203125,278.7664794921875,972.9507446289062,2437.234130859375,466.1511840820313,-67.05414581298828,2413.320556640625,456.7638244628906,76.30453491210938,2387.616943359375,483.6853942871094,48.55491256713867,2354.60791015625,543.0256958007812,-49.97697067260742,2359.875,436.211669921875,48.57221984863281,2355.7314453125,393.0721130371094,-62.24815368652344,2351.373779296875
488.4515686035156,380.9235534667969,2630.437255859375,503.0357360839844,230.69577026367188,2680.97216796875,508.14593505859375,104.03418731689452,2669.89013671875,491.488525390625,-20.540193557739254,2522.506591796875,524.0453491210938,0.4593655467033386,2542.7890625,645.9939575195312,9.313632011413574,2506.508544921875,822.4447021484375,94.92784881591795,2655.908447265625,785.8367309570312,297.75079345703125,2637.41552734375,780.4992065429688,358.7862243652344,2577.193115234375,704.2324829101562,299.98602294921875,2572.770263671875,688.2667236328125,328.77813720703125,2592.41357421875,464.77398681640625,-1.800134778022766,2552.09765625,347.925537109375,-2.373835563659668,2562.70703125,202.7719268798828,38.41756820678711,2763.637451171875,199.96002197265625,247.7373962402344,2754.282470703125,211.52772521972656,302.35906982421875,2828.032958984375,210.1149749755859,374.4941711425781,2889.463134765625,242.46531677246097,329.5100402832031,2811.687744140625,568.9757080078125,385.11529541015625,2619.6591796875,587.307861328125,559.5184936523438,2308.504150390625,556.3036499023438,834.5814819335938,2508.240478515625,592.282958984375,963.1031494140624,2407.6259765625,415.83941650390625,377.1436462402344,2640.156005859375,281.5689392089844,563.0443725585938,2366.828369140625,309.01641845703125,858.5509643554688,2542.61865234375,280.2033996582031,971.4771728515624,2442.294921875,483.7709045410156,-57.630340576171875,2460.248046875,469.7048034667969,77.35640716552734,2414.056640625,479.1773986816406,42.40052032470703,2379.67529296875,530.8856811523438,-58.190086364746094,2379.5029296875,437.3248291015625,47.83463287353515,2399.54248046875,393.3106384277344,-54.81644058227539,2434.0341796875
489.7153625488281,384.7625732421875,2634.29638671875,505.9713745117187,234.37171936035156,2684.508544921875,511.9437561035156,107.67941284179688,2672.303466796875,488.0565185546875,-18.864362716674805,2527.268798828125,521.646728515625,2.184189796447754,2545.872802734375,646.3328247070312,17.87105941772461,2523.13232421875,824.9461059570312,104.46656799316406,2669.92041015625,767.8400268554688,300.5765075683594,2635.07666015625,788.5746459960938,341.7929992675781,2562.470458984375,699.3086547851562,343.813720703125,2599.15966796875,665.6888427734375,338.0221252441406,2592.698486328125,462.738525390625,0.4886165261268616,2557.76708984375,346.0716552734375,4.425994873046875,2571.0625,201.68812561035156,39.28252410888672,2774.076171875,208.70005798339844,248.65347290039065,2762.126708984375,218.06512451171875,301.99078369140625,2837.272705078125,215.7913818359375,366.5089111328125,2906.810302734375,248.8482208251953,334.60394287109375,2816.703857421875,570.2237548828125,389.6566467285156,2622.890380859375,591.6007690429688,560.0480346679688,2309.1669921875,553.0256958007812,834.435791015625,2509.29638671875,590.3701171875,959.7813720703124,2404.87158203125,417.117431640625,380.3493957519531,2644.581787109375,281.8483581542969,563.7060546875,2369.4091796875,307.2989501953125,860.0263671875,2545.0390625,281.9796447753906,971.479248046875,2441.849609375,477.3920593261719,-56.76226806640625,2465.822509765625,470.2114562988281,79.8731460571289,2422.378662109375,490.8671875,46.99131774902344,2390.874267578125,545.59619140625,-51.54539489746094,2401.91357421875,444.8097229003906,49.839317321777344,2398.107421875,398.0064392089844,-56.13448715209961,2414.8369140625
489.4624938964844,395.3122863769531,2637.828125,506.1051940917969,247.6434783935547,2689.3447265625,512.8036499023438,122.48699188232422,2679.296630859375,498.2042846679687,-11.163846015930176,2543.072265625,530.0111694335938,11.766515731811523,2561.22998046875,652.2416381835938,24.184633255004883,2533.16259765625,829.0575561523438,106.3969268798828,2679.203125,773.1572875976562,299.8510437011719,2643.7138671875,793.6783447265625,331.9220886230469,2567.840576171875,707.285888671875,348.01568603515625,2604.605712890625,672.9404296875,339.5441589355469,2601.250244140625,471.6014099121094,8.757450103759766,2571.18115234375,356.5682067871094,7.044465065002441,2585.53466796875,208.6334991455078,40.88484191894531,2781.971923828125,198.89794921875,246.73138427734375,2761.811767578125,202.67526245117188,308.3075866699219,2829.255615234375,197.63638305664065,379.1847229003906,2890.2333984375,242.7067413330078,335.81787109375,2806.11328125,568.9310302734375,400.4453430175781,2626.868896484375,595.784423828125,556.1927490234375,2311.30419921875,550.2326049804688,823.1931762695312,2512.30615234375,589.6982421875,953.0993041992188,2418.267578125,417.8022155761719,390.6835632324219,2647.71044921875,281.655029296875,566.5487670898438,2374.16552734375,303.3984069824219,861.450439453125,2543.671630859375,285.06658935546875,974.5806884765624,2443.8974609375,490.9746398925781,-52.33380126953125,2484.430908203125,476.251220703125,76.7162094116211,2427.88671875,488.8058166503906,40.06494903564453,2397.326416015625,542.6466674804688,-57.2862548828125,2408.0166015625,446.11676025390625,45.491180419921875,2413.8408203125,403.43115234375,-54.515037536621094,2452.8076171875
489.5650939941406,395.33795166015625,2638.183837890625,506.2711791992187,247.7349395751953,2689.798828125,513.0586547851562,122.57357025146484,2680.105712890625,498.6389770507813,-11.566742897033691,2544.383056640625,530.4132690429688,11.453509330749512,2562.468994140625,652.660400390625,23.88253402709961,2534.56103515625,829.03466796875,106.36498260498048,2680.923828125,773.4659423828125,299.82989501953125,2645.144775390625,793.9490966796875,331.8750305175781,2569.26416015625,707.7748413085938,347.6512756347656,2606.637939453125,673.3081665039062,339.70989990234375,2602.75146484375,472.0097961425781,8.431493759155273,2572.40283203125,357.0200500488281,6.71044921875,2586.9658203125,209.9740753173828,41.38142013549805,2783.879638671875,200.31369018554688,247.09767150878903,2762.687744140625,205.86257934570312,309.3027038574219,2829.41015625,202.43209838867188,381.18609619140625,2889.290771484375,246.18243408203125,336.08782958984375,2805.13720703125,569.019287109375,400.4960021972656,2627.217529296875,596.1228637695312,556.076904296875,2311.649169921875,550.143798828125,823.0523681640625,2512.5048828125,589.2520751953125,952.9508056640624,2418.348388671875,417.9177856445313,390.6866760253906,2648.072509765625,281.37408447265625,566.2651977539062,2374.606689453125,303.09228515625,861.2352905273438,2543.8974609375,283.7670593261719,974.1820678710938,2444.13671875,491.4729309082031,-52.95070266723633,2485.8974609375,476.68890380859375,75.06786346435547,2427.119873046875,489.5623168945313,37.96066665649414,2397.26220703125,543.6492919921875,-58.99846649169922,2409.92236328125,446.7550964355469,43.51375961303711,2413.406005859375,404.1573181152344,-55.960445404052734,2453.75634765625
492.5065002441406,399.5268249511719,2645.081298828125,509.4157409667969,255.8093109130859,2704.80322265625,517.491943359375,130.93003845214844,2703.02734375,506.76019287109375,-7.020279884338379,2572.07958984375,537.8861083984375,16.58396339416504,2590.075927734375,660.4059448242188,23.292953491210938,2564.023681640625,835.940185546875,118.73654174804688,2701.42041015625,784.409912109375,307.7681884765625,2646.353515625,795.536865234375,330.65966796875,2565.782470703125,719.0743408203125,350.1149597167969,2618.366455078125,678.5419921875,341.0576171875,2613.21044921875,479.5321350097656,13.701960563659668,2598.65625,365.1129150390625,9.278549194335938,2612.99072265625,219.57110595703125,51.34770202636719,2808.16552734375,203.57762145996097,251.81185913085935,2763.06201171875,226.27200317382812,322.3479309082031,2815.8505859375,224.5771026611328,401.9437561035156,2864.30126953125,250.9593963623047,336.39996337890625,2705.856689453125,571.7440185546875,404.7902221679687,2635.3125,599.0866088867188,552.2990112304688,2317.670166015625,551.128662109375,820.755126953125,2513.479248046875,589.1347045898438,951.7078247070312,2421.66357421875,421.0545349121094,394.7806091308594,2653.89013671875,282.77880859375,566.267578125,2380.742431640625,293.9066467285156,864.3687133789062,2542.314208984375,265.2378845214844,970.7699584960938,2438.71923828125,501.14459228515625,-50.13223648071289,2515.0908203125,484.3673706054687,62.24833679199219,2431.599853515625,495.6429748535156,19.680011749267575,2409.849853515625,549.555908203125,-72.74779510498047,2440.262451171875,453.8316955566406,29.085908889770508,2426.22509765625,412.8416137695313,-58.59329605102539,2488.27392578125
493.0362548828125,401.072998046875,2648.422607421875,512.7314453125,256.37652587890625,2706.68115234375,520.2906494140625,131.15956115722656,2698.803466796875,501.073486328125,-13.092697143554688,2574.593017578125,533.501953125,10.990694046020508,2589.897216796875,658.2962036132812,23.308000564575195,2577.838623046875,836.6512451171875,119.71080780029295,2712.7587890625,783.3994140625,307.1711120605469,2651.10400390625,793.5986938476562,333.56634521484375,2571.10107421875,717.94482421875,351.59356689453125,2626.048828125,677.0282592773438,343.3866271972656,2620.869873046875,475.4026794433594,9.283863067626951,2601.6787109375,361.81488037109375,11.062918663024902,2624.62353515625,224.16427612304688,56.58762741088867,2826.000244140625,204.85476684570312,251.66339111328125,2759.55126953125,234.76617431640625,324.249267578125,2806.29638671875,240.1438751220703,406.8815612792969,2849.929443359375,252.45526123046875,330.9187316894531,2693.806640625,572.156982421875,406.6593627929687,2635.549560546875,598.8014526367188,552.3189086914062,2315.326904296875,552.6444091796875,822.6015014648438,2511.54150390625,585.9290771484375,956.05712890625,2420.22705078125,421.6896667480469,396.0355529785156,2660.031005859375,280.9483947753906,566.0449829101562,2385.27685546875,293.8532409667969,865.4096069335938,2547.455810546875,268.04364013671875,969.6263427734376,2440.0068359375,491.9505920410156,-58.88084411621094,2519.798095703125,482.9088745117187,58.142578125,2440.569580078125,510.8318481445313,21.357328414916992,2423.2421875,568.899169921875,-62.47224807739258,2468.8720703125,464.7736511230469,20.52002716064453,2422.27978515625,424.10498046875,-80.7629165649414,2459.960693359375
494.56048583984375,402.10882568359375,2649.265380859375,512.6135864257812,257.6097106933594,2709.568603515625,518.4625244140625,132.40150451660156,2696.68359375,504.65191650390625,-15.674591064453123,2575.55712890625,536.40283203125,9.251527786254885,2591.232421875,661.9291381835938,22.652372360229492,2587.56005859375,840.9676513671875,122.08065795898438,2720.460693359375,784.2767944335938,307.1341552734375,2653.168212890625,792.1226196289062,331.05816650390625,2571.908203125,718.1414184570312,351.1978454589844,2628.778076171875,677.0062255859375,343.35601806640625,2624.58935546875,477.84466552734375,7.1608500480651855,2601.2998046875,366.5007019042969,10.173835754394531,2634.349609375,231.63198852539065,59.93802261352539,2837.361572265625,206.4198303222656,253.05438232421875,2765.758056640625,227.67788696289065,340.4604797363281,2783.033203125,224.0031890869141,433.6605224609375,2793.27197265625,251.8911590576172,327.7873840332031,2689.83544921875,574.070556640625,407.0533142089844,2637.310302734375,599.5604858398438,553.4096069335938,2316.342529296875,552.611572265625,824.8325805664062,2512.24072265625,585.9501953125,955.443603515625,2416.2099609375,422.86273193359375,397.650146484375,2660.045654296875,270.3607177734375,568.317138671875,2390.904541015625,286.1545715332031,870.41259765625,2549.51025390625,286.1563720703125,980.9389038085938,2444.7646484375,497.714599609375,-63.12038040161133,2521.623046875,485.1932373046875,55.8668212890625,2445.2119140625,502.77740478515625,15.90792465209961,2421.98876953125,558.6098022460938,-76.05908966064453,2453.10791015625,458.1241455078125,21.29701805114746,2432.506591796875,414.6543884277344,-74.5550537109375,2480.686767578125
493.2044067382813,403.6827697753906,2652.130615234375,512.3245239257812,263.3304748535156,2720.334228515625,520.2601928710938,137.94528198242188,2716.843994140625,512.7153930664062,-14.462142944335938,2601.4453125,543.4346923828125,11.69763469696045,2616.859375,668.3413696289062,22.380821228027344,2604.489013671875,844.7096557617188,125.36707305908205,2737.1103515625,786.9161987304688,301.94525146484375,2651.942626953125,793.3065185546875,331.8707580566406,2572.7978515625,719.4102783203125,356.9922790527344,2627.340576171875,680.2296752929688,343.690673828125,2630.989990234375,484.8603210449219,8.635908126831055,2625.604736328125,371.9949645996094,9.52097988128662,2651.888671875,234.0818328857422,63.51900863647461,2850.960205078125,209.4900054931641,250.8431701660156,2766.44580078125,228.92266845703125,338.654541015625,2782.540283203125,223.2617950439453,431.5969848632813,2791.999267578125,248.90423583984375,328.47406005859375,2691.732666015625,572.581787109375,409.0202941894531,2640.862060546875,605.56201171875,553.4077758789062,2320.67626953125,551.977294921875,825.3237915039062,2512.666259765625,589.4260864257812,953.8425903320312,2416.054443359375,421.6263732910156,398.86968994140625,2662.2919921875,269.8222351074219,562.7151489257812,2389.7177734375,284.491943359375,865.7870483398438,2544.65673828125,286.8179016113281,980.11083984375,2444.684326171875,508.1592712402344,-63.91978454589844,2549.34130859375,491.4455261230469,47.8994255065918,2464.088134765625,501.1673583984375,4.546769142150879,2442.667724609375,554.0625610351562,-88.97980499267578,2473.24072265625,459.8941650390625,15.226487159729004,2460.1376953125,418.5715942382813,-70.8155746459961,2525.09619140625
493.2104797363281,403.6174621582031,2652.08447265625,513.5234985351562,264.3018493652344,2721.587890625,522.0140991210938,139.09413146972656,2724.17822265625,515.2238159179688,-15.401840209960938,2611.9638671875,545.7697143554688,11.20021915435791,2626.79833984375,670.7817993164062,22.39473533630371,2618.16845703125,842.9918823242188,132.3697509765625,2750.06298828125,789.022705078125,304.7554626464844,2655.005126953125,792.5984497070312,331.6413879394531,2574.718017578125,723.3186645507812,355.6495666503906,2635.27490234375,681.3214111328125,344.7738952636719,2636.57421875,487.3006286621094,7.976263999938965,2635.66943359375,375.882080078125,10.001300811767578,2666.931396484375,235.6996612548828,70.69393920898438,2862.050537109375,212.6649169921875,252.3301544189453,2766.109375,230.49473571777344,341.2401123046875,2776.260498046875,223.8112640380859,434.4651184082031,2777.526611328125,248.04457092285156,330.4600524902344,2694.384521484375,572.2510986328125,408.7106628417969,2639.193359375,601.7186279296875,551.13623046875,2318.289794921875,552.808837890625,826.5404663085938,2505.736328125,588.3443603515625,961.045654296875,2417.2578125,421.93609619140625,399.0246887207031,2663.70947265625,265.33819580078125,562.2032470703125,2394.0517578125,290.6917724609375,866.169677734375,2544.83447265625,280.72930908203125,976.8922119140624,2441.62841796875,510.8972778320313,-65.8382568359375,2560.917724609375,501.6297607421875,43.08015060424805,2471.196044921875,514.107666015625,-0.6369650363922119,2452.23193359375,564.74560546875,-92.23946380615234,2490.862548828125,471.152587890625,9.826701164245604,2464.98388671875,424.5364074707031,-74.90914916992188,2527.775146484375
487.3279724121094,408.3526916503906,2654.041748046875,509.7519836425781,273.2128601074219,2727.884521484375,522.7291259765625,150.33993530273438,2742.45703125,520.6281127929688,-10.11069107055664,2641.878662109375,550.1289672851562,17.95499038696289,2654.9189453125,673.0054321289062,28.20249366760254,2636.32666015625,836.3014526367188,147.62515258789062,2767.39453125,793.9768676757812,306.31512451171875,2649.248779296875,802.3174438476562,325.9858093261719,2568.015869140625,750.1874389648438,392.9654846191406,2609.0068359375,686.3233642578125,344.7973327636719,2635.282958984375,492.2129821777344,13.891517639160156,2663.59130859375,379.8844909667969,11.270792961120604,2686.725830078125,241.8710021972656,82.22274017333984,2877.103515625,216.00308227539065,254.1525726318359,2768.723876953125,232.61166381835935,341.81243896484375,2783.533447265625,223.76171875,433.4582214355469,2793.836181640625,246.3880157470703,328.5233459472656,2688.380126953125,565.7832641601562,415.3268432617187,2642.980224609375,596.5850830078125,550.9141845703125,2322.64404296875,554.5711059570312,825.9808959960938,2506.909912109375,573.8834228515625,960.4476318359376,2416.078857421875,416.5813598632813,402.0638122558594,2664.016357421875,265.29266357421875,564.2588500976562,2394.776123046875,290.56976318359375,864.8209838867188,2545.64013671875,280.5863342285156,971.759765625,2440.427490234375,517.9545288085938,-63.51417922973633,2594.78076171875,506.0462341308594,30.14305305480957,2491.177001953125,516.4619750976562,-15.8470458984375,2478.5185546875,566.8382568359375,-101.2870635986328,2527.41357421875,474.8757934570313,-2.490464687347412,2491.64013671875,430.4971008300781,-74.86934661865234,2568.150634765625
487.75579833984375,406.6666870117187,2653.571044921875,510.7312316894531,271.5891418457031,2728.4296875,524.173583984375,148.78086853027344,2746.254638671875,516.0650634765625,-12.728511810302734,2646.507080078125,546.5231323242188,15.068695068359377,2658.32568359375,670.4727783203125,26.93362617492676,2646.19140625,838.2994384765625,147.20701599121094,2772.115234375,795.3109741210938,306.5324401855469,2653.925537109375,802.9857177734375,324.9127197265625,2572.04150390625,757.4046630859375,397.1912231445313,2612.546875,687.5901489257812,345.38262939453125,2642.425048828125,488.72076416015625,11.892080307006836,2669.162841796875,377.4005126953125,10.808659553527832,2698.367919921875,240.09852600097656,88.28080749511719,2887.7578125,218.44796752929688,258.6858825683594,2774.866455078125,235.06005859375,344.30560302734375,2799.896240234375,226.43731689453125,434.7456359863281,2819.5458984375,249.7583465576172,330.6896667480469,2695.61474609375,566.3949584960938,413.5824890136719,2641.91455078125,599.64453125,553.335693359375,2322.362548828125,554.9556274414062,828.7135620117188,2507.519775390625,575.5407104492188,959.2791748046876,2410.519775390625,416.8434143066406,400.430419921875,2664.082275390625,264.8095397949219,563.3644409179688,2394.222900390625,291.90313720703125,865.0794677734375,2544.94873046875,275.28955078125,972.5162353515624,2440.377197265625,510.8880310058594,-66.53437042236328,2599.72216796875,496.6195373535156,29.34967041015625,2497.8447265625,519.36376953125,-12.43167209625244,2486.1611328125,578.4859008789062,-88.15901184082031,2541.64892578125,474.0289001464844,-9.383930206298828,2491.55810546875,434.2201843261719,-94.9802703857422,2556.645751953125
488.04693603515625,402.955322265625,2654.469482421875,511.9102478027344,272.5838317871094,2738.36865234375,525.2875366210938,150.58676147460938,2764.127685546875,513.3663330078125,-15.249117851257324,2670.351318359375,544.5018920898438,12.745038032531738,2680.55615234375,667.891357421875,27.60652732849121,2661.798583984375,835.2393188476562,154.6991729736328,2783.767822265625,806.5504760742188,315.2148742675781,2661.302490234375,806.9414672851562,305.8388366699219,2577.16015625,765.1329956054688,390.4337768554687,2566.126708984375,696.2754516601562,346.0064697265625,2648.8857421875,486.6258850097656,10.652944564819336,2692.681396484375,374.6839904785156,11.8366117477417,2721.622802734375,241.0504913330078,118.71305847167967,2900.53271484375,224.8587188720703,269.0948181152344,2759.93115234375,225.99456787109375,359.4111022949219,2772.25,232.214599609375,447.3729248046875,2802.983642578125,272.5072021484375,360.0491027832031,2719.2021484375,566.87841796875,408.7743225097656,2641.089599609375,600.20458984375,558.6268310546875,2324.341064453125,554.6956176757812,833.35791015625,2513.052001953125,581.9262084960938,957.9673461914062,2408.83056640625,416.9611206054687,397.7080993652344,2666.53466796875,260.4730529785156,563.1903686523438,2398.660400390625,292.1890869140625,868.525146484375,2544.66748046875,264.5959777832031,965.89208984375,2431.86376953125,506.6382751464844,-70.98312377929688,2625.553466796875,496.6474914550781,20.069583892822266,2517.986572265625,520.213134765625,-22.27630043029785,2509.42041015625,577.2966918945312,-95.09577941894533,2571.570556640625,474.4502258300781,-19.26495361328125,2512.567626953125,431.8472595214844,-102.19722747802734,2580.2275390625
487.9343872070313,402.4751892089844,2658.402099609375,512.1823120117188,271.1746520996094,2741.377197265625,525.9388427734375,149.66339111328125,2770.363037109375,518.1555786132812,-18.64728355407715,2679.766845703125,548.687744140625,10.269895553588867,2689.61181640625,672.5691528320312,28.296358108520508,2675.64453125,837.2177124023438,162.6490020751953,2794.52392578125,806.91943359375,315.1593933105469,2661.895751953125,805.7794189453125,305.45166015625,2577.61181640625,763.7962036132812,390.0143737792969,2565.28515625,696.2619018554688,346.25732421875,2651.257568359375,490.6605224609375,7.189586639404297,2701.430419921875,380.0001525878906,11.250515937805176,2735.5791015625,241.59071350097656,132.77420043945312,2901.806396484375,206.4928436279297,265.7789001464844,2747.1787109375,220.48922729492188,348.7922668457031,2711.693115234375,221.2961883544922,411.0442504882813,2781.569091796875,259.91070556640625,365.3932495117187,2719.345703125,566.7996215820312,407.9862976074219,2644.076171875,599.5127563476562,559.9071044921875,2327.395263671875,556.0684204101562,840.8889770507812,2508.546142578125,579.021728515625,963.9652099609376,2400.959228515625,416.818115234375,397.5055847167969,2671.320556640625,260.5563049316406,560.6046142578125,2400.85791015625,291.9486083984375,867.1912231445312,2546.036376953125,265.15594482421875,968.3473510742188,2435.962890625,512.904541015625,-75.54466247558594,2635.994384765625,495.1195068359375,4.297651290893555,2520.421630859375,520.3931884765625,-37.71316146850586,2515.055419921875,582.951904296875,-101.76333618164062,2581.85400390625,474.5679931640625,-36.3876953125,2519.608642578125,438.03851318359375,-114.29572296142578,2596.57958984375
488.203369140625,403.94085693359375,2658.417236328125,513.1712036132812,275.93658447265625,2744.9609375,528.2404174804688,157.07675170898438,2781.0537109375,521.3092651367188,-15.404865264892578,2700.546630859375,551.585693359375,14.001787185668944,2708.777587890625,674.7803344726562,27.853618621826172,2689.797607421875,840.7218627929688,166.1842041015625,2799.824462890625,811.0357666015625,320.1197509765625,2670.1015625,810.1338500976562,297.4960021972656,2588.71240234375,769.8524169921875,381.9872741699219,2603.725341796875,700.078125,345.6778564453125,2655.97998046875,493.78424072265625,11.416837692260742,2720.531005859375,382.2880554199219,12.626036643981934,2750.17919921875,239.8673553466797,132.88548278808594,2912.28076171875,216.43600463867188,272.75714111328125,2762.791015625,233.6789398193359,352.6254577636719,2722.81982421875,224.9123992919922,412.9537353515625,2793.29150390625,264.5006408691406,367.8365783691406,2726.79150390625,566.6964111328125,409.5231018066406,2644.028564453125,599.5432739257812,559.6549682617188,2328.21337890625,555.35205078125,838.0831298828125,2510.403076171875,581.1658325195312,962.4815063476562,2406.134521484375,417.4227294921875,398.9071350097656,2671.39208984375,261.3031921386719,559.8582153320312,2401.552001953125,286.31060791015625,866.77099609375,2543.78515625,261.3091125488281,968.56640625,2434.79345703125,516.3986206054688,-74.46845245361328,2660.255615234375,495.1534423828125,2.1090433597564697,2543.8134765625,520.8616943359375,-39.4400520324707,2538.901611328125,585.4570922851562,-100.72245025634766,2605.548095703125,475.31976318359375,-38.71571350097656,2544.327392578125,441.7083740234375,-115.06945037841795,2623.40576171875
487.0040893554687,403.4924926757813,2662.86279296875,513.6890869140625,275.7515563964844,2752.852294921875,529.5267944335938,155.64707946777344,2790.052978515625,525.8880004882812,-22.306486129760746,2715.682373046875,555.9865112304688,8.33858585357666,2722.869140625,679.8414916992188,28.144853591918945,2702.846435546875,843.0173950195312,175.51153564453125,2812.14013671875,811.2958374023438,324.45806884765625,2673.294189453125,810.5785522460938,292.30975341796875,2594.008544921875,765.5900268554688,377.0027770996094,2589.4423828125,698.1591186523438,345.5689392089844,2656.99755859375,497.4678039550781,5.1508097648620605,2734.7353515625,384.5834655761719,10.73222541809082,2764.3994140625,243.9451141357422,142.91122436523438,2923.587158203125,220.22171020507812,278.8572082519531,2767.03857421875,232.02734375,361.0877380371094,2727.22216796875,224.1989288330078,414.4270629882813,2804.677978515625,267.2532043457031,378.2637634277344,2731.832763671875,566.3267211914062,409.15765380859375,2647.3828125,599.5845336914062,554.5499267578125,2324.4541015625,554.2403564453125,833.673828125,2513.127197265625,574.0296630859375,957.3155517578124,2403.452392578125,415.4753723144531,398.3839416503906,2676.822021484375,259.3892822265625,558.2225952148438,2400.51708984375,285.70587158203125,867.6466064453125,2547.391357421875,265.4765319824219,966.3131713867188,2432.022705078125,522.1116943359375,-83.81424713134766,2677.3349609375,497.9903869628906,-3.60676646232605,2561.70654296875,525.8131713867188,-44.37627029418945,2555.617431640625,593.42431640625,-105.69597625732422,2621.6201171875,479.6700744628906,-45.75907516479492,2560.81396484375,448.48736572265625,-126.90624237060548,2638.243408203125
487.6976013183594,403.5173645019531,2663.8857421875,514.7088012695312,277.4184265136719,2755.2568359375,531.5385131835938,158.9400177001953,2795.80810546875,529.9519653320312,-22.65566635131836,2732.4677734375,559.628173828125,8.578956604003906,2737.869873046875,682.8653564453125,28.338726043701172,2716.42431640625,845.3463745117188,181.41476440429688,2816.91943359375,823.4367065429688,330.57391357421875,2677.313720703125,813.39013671875,294.2419738769531,2600.7890625,766.888916015625,377.19927978515625,2589.88525390625,709.2640380859375,348.50506591796875,2675.614990234375,501.2754211425781,5.523726463317871,2749.6962890625,388.3601379394531,12.761514663696287,2777.462158203125,246.27719116210935,146.05628967285156,2933.23681640625,215.8264007568359,281.69805908203125,2778.42138671875,228.66342163085935,364.7865295410156,2741.4365234375,223.7538146972656,417.6006164550781,2819.151611328125,255.30821228027344,367.14593505859375,2728.7392578125,566.8446655273438,409.6474914550781,2648.9482421875,599.249755859375,552.643310546875,2326.022216796875,554.095458984375,831.8715209960938,2512.763916015625,588.5939331054688,957.93896484375,2410.48828125,416.32720947265625,397.9895629882813,2677.355712890625,256.9476318359375,559.7221069335938,2405.419921875,286.9062194824219,871.4924926757812,2544.0244140625,257.5517883300781,968.9171142578124,2430.1728515625,526.9380493164062,-86.20661163330078,2697.986083984375,490.6266479492187,-12.995407104492188,2581.42724609375,517.9889526367188,-53.82374572753906,2574.865966796875,592.2662963867188,-110.88690185546876,2636.828369140625,472.755859375,-55.0705680847168,2584.75244140625,450.3741455078125,-131.5758514404297,2669.122802734375
487.1882934570313,402.9370422363281,2664.544921875,514.0645141601562,278.54638671875,2757.889892578125,531.1397705078125,161.72943115234375,2802.40869140625,531.1314697265625,-21.69640350341797,2745.47021484375,560.5159301757812,9.880736351013184,2749.89404296875,684.2164306640625,27.317848205566406,2730.2314453125,846.1697387695312,184.3144989013672,2824.494873046875,821.4329223632812,328.6296691894531,2680.758544921875,814.760009765625,291.9977111816406,2604.142822265625,766.5673828125,373.64361572265625,2591.947998046875,707.2088012695312,343.7382507324219,2675.678466796875,502.2218322753906,6.80866813659668,2761.580322265625,389.3934631347656,10.534177780151367,2789.700439453125,246.382568359375,152.97756958007812,2935.6552734375,209.44239807128903,272.79925537109375,2769.9755859375,228.68533325195312,358.0100402832031,2742.0224609375,218.80743408203125,418.7786560058594,2812.9990234375,252.7171936035156,369.8276672363281,2742.818603515625,566.2357177734375,408.7905578613281,2649.58544921875,599.988525390625,552.3784790039062,2327.611328125,554.8494873046875,832.9774169921875,2511.410400390625,580.8533325195312,958.68310546875,2406.5888671875,415.90771484375,397.65869140625,2678.034423828125,256.1838684082031,558.0506591796875,2406.15771484375,287.1515808105469,869.6569213867188,2543.710693359375,259.3769836425781,969.7179565429688,2432.059814453125,528.7233276367188,-86.33154296875,2713.244140625,499.3973388671875,-18.245145797729492,2591.95361328125,525.1263427734375,-60.41118621826172,2588.518310546875,594.7489624023438,-116.95943450927734,2655.8388671875,479.6532897949219,-59.24028778076172,2596.890869140625,451.3382873535156,-129.93121337890625,2684.271484375
487.7042846679687,403.2901611328125,2667.457275390625,514.6690063476562,280.961181640625,2762.388671875,531.7875366210938,165.282958984375,2808.3671875,535.0046997070312,-20.464197158813477,2762.86181640625,563.7319946289062,11.67134952545166,2765.44921875,686.6190795898438,27.519487380981445,2742.90380859375,845.9396362304688,190.5424041748047,2828.40478515625,835.6982421875,330.41827392578125,2679.804931640625,808.821533203125,291.8494873046875,2609.1884765625,762.4744262695312,373.5372009277344,2593.662109375,727.6404418945312,340.585205078125,2710.892578125,505.6855163574219,8.364423751831055,2777.0537109375,392.9864807128906,13.061100006103516,2803.51513671875,247.57135009765625,158.30691528320312,2942.410400390625,205.62318420410156,273.56756591796875,2775.763427734375,228.04132080078125,348.5788269042969,2728.710693359375,214.8268585205078,413.7745361328125,2794.51513671875,251.3799743652344,374.0801696777344,2742.86474609375,566.4066162109375,408.95062255859375,2652.396484375,600.6509399414062,551.884765625,2331.79150390625,554.9779663085938,834.6585083007812,2509.45556640625,581.4977416992188,958.095458984375,2403.156982421875,416.7348937988281,398.1858520507813,2681.038330078125,255.7316436767578,556.749755859375,2410.745361328125,285.9255676269531,869.090087890625,2543.207763671875,252.32064819335935,970.4696044921876,2435.26806640625,533.7966918945312,-86.6916732788086,2734.72900390625,501.75537109375,-25.017335891723633,2611.39892578125,528.8937377929688,-66.14844512939453,2609.58349609375,600.4536743164062,-117.08775329589844,2678.56005859375,483.62152099609375,-66.2991714477539,2618.0712890625,458.2923278808594,-134.05078125,2708.025390625
487.70654296875,403.2918701171875,2667.480224609375,514.671142578125,280.968994140625,2762.4189453125,531.791015625,165.30015563964844,2808.419921875,535.0053100585938,-20.458580017089844,2762.963134765625,563.7329711914062,11.677294731140137,2765.541259765625,686.6212158203125,27.51794815063477,2742.997314453125,845.9386596679688,190.5503387451172,2828.485107421875,835.708740234375,330.4001770019531,2679.8603515625,808.81005859375,291.82147216796875,2609.2578125,762.4597778320312,373.5089721679687,2593.740478515625,727.6715698242188,340.53076171875,2711.008056640625,505.686767578125,8.37397575378418,2777.14794921875,392.9905700683594,13.081175804138184,2803.618896484375,247.61050415039065,158.35763549804688,2942.518310546875,205.63739013671875,273.6089782714844,2775.871826171875,228.05838012695312,348.6253662109375,2728.82861328125,214.84849548339844,413.7849731445313,2794.669677734375,251.4061584472656,374.1221618652344,2742.986572265625,566.4085083007812,408.9498901367187,2652.417236328125,600.6488647460938,551.8603515625,2331.8017578125,554.9879760742188,834.6512451171875,2509.4404296875,581.5054321289062,958.0750732421876,2403.126220703125,416.7374877929687,398.1898193359375,2681.063232421875,255.72216796875,556.748291015625,2410.77490234375,285.95806884765625,869.089111328125,2543.224853515625,252.37315368652344,970.4672241210938,2435.278076171875,533.7960205078125,-86.69327545166016,2734.84765625,501.73394775390625,-25.049108505249023,2611.508056640625,528.8740234375,-66.1792221069336,2609.6982421875,600.4463500976562,-117.0989761352539,2678.67626953125,483.6031494140625,-66.3302230834961,2618.192626953125,458.2903137207031,-134.06219482421875,2708.166015625
488.8878784179687,406.1650085449219,2675.26953125,516.6188354492188,286.3697509765625,2774.60888671875,534.8767700195312,173.45187377929688,2828.3369140625,540.2494506835938,-15.87563705444336,2794.706298828125,568.9104614257812,16.7264347076416,2796.044677734375,692.61279296875,34.45400619506836,2775.380126953125,837.6736450195312,218.8797912597656,2845.36328125,822.3179321289062,339.3876953125,2679.6064453125,819.4771728515625,278.6905517578125,2619.711669921875,761.793701171875,350.90045166015625,2594.71533203125,719.8626098632812,269.74468994140625,2644.366943359375,510.2391357421875,13.78268051147461,2806.26904296875,395.4613037109375,23.954479217529297,2823.608154296875,251.95652770996097,186.3307342529297,2947.234375,229.5590057373047,303.01495361328125,2776.376220703125,242.76217651367188,347.1165771484375,2696.877197265625,250.2406463623047,389.66546630859375,2613.271484375,284.46636962890625,384.91357421875,2705.024658203125,567.9745483398438,411.5213012695313,2659.651611328125,601.1581420898438,548.6718139648438,2334.208984375,556.6734008789062,836.4442138671875,2507.787109375,580.638427734375,961.0484619140624,2400.76904296875,417.5719604492187,401.3349609375,2689.35302734375,250.376708984375,551.8543701171875,2415.59521484375,285.13824462890625,865.5266723632812,2548.835693359375,265.92828369140625,967.3102416992188,2436.60888671875,540.1362915039062,-84.15789794921875,2770.701904296875,500.9716796875,-35.68203353881836,2642.686279296875,530.6075439453125,-75.43437957763672,2643.71240234375,607.324462890625,-115.9425048828125,2715.0625,485.4100036621094,-77.37480926513672,2653.6884765625,466.4554138183594,-138.26454162597656,2750.6953125
486.22271728515625,403.8151245117187,2679.56298828125,515.3101196289062,286.1224365234375,2783.181396484375,534.781005859375,173.4115753173828,2839.509521484375,539.8741455078125,-17.43422508239746,2804.616455078125,568.822021484375,15.429109573364258,2805.974365234375,693.2581176757812,36.056129455566406,2785.474853515625,838.4920654296875,224.60104370117188,2851.669189453125,843.6317749023438,342.44952392578125,2681.161376953125,805.4396362304688,286.0869140625,2628.490966796875,756.0181884765625,349.0205383300781,2574.388671875,735.314697265625,285.7408447265625,2635.438232421875,509.6824035644531,12.452706336975098,2816.588623046875,395.3628234863281,26.274009704589844,2840.264404296875,253.5915374755859,197.3847198486328,2958.487060546875,226.36105346679688,320.9820861816406,2790.9609375,243.3703765869141,342.2281188964844,2702.3642578125,285.02484130859375,377.9776611328125,2624.896240234375,333.3368835449219,338.89813232421875,2721.331298828125,566.0029296875,409.8048400878906,2663.970703125,599.736328125,545.4871215820312,2334.541259765625,562.4326171875,839.7376098632812,2504.83056640625,592.7922973632812,959.59423828125,2391.87890625,414.2814331054687,398.4139404296875,2693.623291015625,247.26963806152344,553.5139770507812,2418.220458984375,290.030029296875,868.9050903320312,2552.9326171875,263.2841796875,968.984130859375,2438.875,539.5783081054688,-86.20378875732422,2780.0625,507.3910827636719,-41.37228012084961,2647.443359375,537.88916015625,-80.83963012695312,2651.40576171875,611.3334350585938,-118.33399963378906,2729.140380859375,491.7899475097656,-83.44363403320312,2658.651611328125,467.6636047363281,-142.7445068359375,2756.72900390625
487.3606567382813,403.5149230957031,2680.76416015625,516.233154296875,286.9393310546875,2784.361083984375,535.4838256835938,175.2031707763672,2841.124755859375,542.8463134765625,-16.385644912719727,2818.930908203125,571.2875366210938,16.624332427978516,2818.44580078125,694.6253051757812,36.23585510253906,2794.9013671875,837.1739501953125,227.7914276123047,2852.708984375,847.8466796875,338.62847900390625,2679.163818359375,801.542724609375,285.7520751953125,2630.29248046875,755.7445678710938,349.1646728515625,2574.53076171875,740.6851806640625,285.80609130859375,2631.650634765625,512.3922729492188,13.72385025024414,2828.56103515625,398.429931640625,30.07534408569336,2848.917236328125,253.3396453857422,201.77484130859375,2959.048095703125,232.2122344970703,320.2796630859375,2788.43115234375,247.39471435546875,333.7674255371094,2698.522216796875,300.264892578125,375.9815979003906,2632.656005859375,340.49566650390625,337.8293151855469,2718.589111328125,566.6828002929688,409.2006530761719,2665.054931640625,599.6992797851562,543.7346801757812,2337.215087890625,564.1529541015625,839.4973754882812,2501.388671875,599.6802368164062,957.7113037109376,2389.578857421875,415.8323974609375,398.3878479003906,2694.929931640625,247.58042907714844,552.4312133789062,2422.24365234375,287.97686767578125,867.8754272460938,2552.635498046875,258.8978271484375,968.7025756835938,2440.97265625,543.5120239257812,-86.22159576416016,2799.02294921875,506.6171875,-41.365196228027344,2668.50732421875,536.4915771484375,-81.06529998779297,2671.24755859375,612.1720581054688,-119.33512878417967,2745.47509765625,490.9582214355469,-82.94746398925781,2680.39453125,470.2323303222656,-141.39671325683594,2778.993408203125
487.6697692871094,402.5768432617187,2680.624267578125,516.7915649414062,288.4616394042969,2786.833740234375,536.1986083984375,178.47093200683594,2846.832763671875,544.0093383789062,-13.504356384277344,2828.663330078125,572.4240112304688,19.5168399810791,2827.873291015625,696.9508056640625,34.43500518798828,2807.416015625,834.168212890625,232.81268310546875,2853.903076171875,827.22412109375,343.54693603515625,2680.12744140625,796.4893798828125,281.9020690917969,2629.3115234375,743.62646484375,342.892578125,2577.236572265625,721.587890625,284.5517578125,2629.972412109375,513.41015625,16.759157180786133,2837.277099609375,399.04046630859375,29.65833282470703,2857.76220703125,255.3426055908203,208.69004821777344,2957.49560546875,250.3220672607422,336.4953308105469,2792.47509765625,249.84402465820312,340.58233642578125,2700.40234375,300.893798828125,376.2986450195313,2629.46435546875,349.5186767578125,345.5584411621094,2709.651123046875,566.92138671875,407.7222595214844,2664.422607421875,599.7482299804688,545.86328125,2338.10546875,564.5985717773438,843.0346069335938,2499.73095703125,596.3572387695312,959.7276611328124,2385.24609375,416.2050476074219,397.9369812011719,2695.234130859375,247.27894592285156,551.4043579101562,2422.685791015625,288.42120361328125,866.248291015625,2554.20068359375,250.58514404296875,962.1300048828124,2440.839599609375,544.992919921875,-83.72505187988281,2810.20068359375,509.44525146484375,-46.629207611083984,2676.91943359375,541.0385131835938,-84.70166778564453,2682.2060546875,616.4602661132812,-115.9398422241211,2759.891845703125,495.4246215820313,-88.3207015991211,2690.3515625,474.8887939453125,-143.15255737304688,2791.032470703125
487.8363037109375,402.3828125,2681.350341796875,517.0485229492188,288.5032958984375,2787.8779296875,536.6143188476562,178.97711181640625,2848.77099609375,544.9215087890625,-13.281867027282717,2833.2265625,573.2606201171875,19.811838150024418,2831.9716796875,697.7694702148438,35.03985595703125,2811.33251953125,833.276123046875,235.3070373535156,2855.15673828125,824.1688232421875,341.9748229980469,2678.862060546875,792.9383544921875,279.5486755371094,2629.26171875,739.9517211914062,340.2321472167969,2576.886962890625,717.8825073242188,282.8381652832031,2630.036865234375,514.2351684570312,17.028867721557617,2841.440185546875,399.8696594238281,30.058395385742188,2862.120361328125,257.1595764160156,210.54693603515625,2960.882080078125,251.4190368652344,336.5694885253906,2794.4189453125,250.4304656982422,339.530517578125,2702.27197265625,300.76031494140625,374.05950927734375,2630.193115234375,349.7295837402344,344.4108581542969,2710.417236328125,567.1078491210938,407.49896240234375,2665.08154296875,599.6767578125,544.6359252929688,2338.167236328125,564.8856811523438,842.554931640625,2498.764404296875,597.1851196289062,958.9295654296876,2384.014404296875,416.3536682128906,397.7693481445313,2696.0205078125,247.1650848388672,550.53125,2423.061767578125,288.71075439453125,865.8253173828125,2553.712158203125,251.2783660888672,961.1839599609376,2439.698486328125,546.0816040039062,-83.77330780029297,2815.72119140625,511.2516174316406,-49.561309814453125,2681.42431640625,542.9909057617188,-87.3860092163086,2687.700927734375,618.0565795898438,-116.69232940673828,2766.5380859375,497.3225402832031,-91.04962158203124,2695.619384765625,476.34808349609375,-143.9261474609375,2797.30224609375
488.8580932617187,401.568115234375,2687.3955078125,518.1532592773438,288.9120788574219,2795.439697265625,538.2591552734375,181.8160095214844,2860.607666015625,549.226806640625,-11.046141624450684,2854.554931640625,577.1414184570312,22.366554260253903,2851.68408203125,701.6638793945312,36.562557220458984,2829.615234375,834.9639282226562,239.78565979003903,2867.67236328125,783.321044921875,337.2082214355469,2693.109375,781.9649658203125,270.69183349609375,2639.05615234375,728.3180541992188,331.0137634277344,2586.75,687.1112670898438,263.45343017578125,2644.041748046875,518.0855712890625,19.24026107788086,2861.25439453125,403.013916015625,30.22127914428711,2879.792724609375,255.54823303222656,219.54136657714844,2952.181396484375,224.70957946777344,331.2142028808594,2778.12744140625,256.58990478515625,336.10064697265625,2691.64892578125,302.2320556640625,381.3969421386719,2622.333984375,350.7587585449219,329.0400390625,2740.029541015625,568.2083129882812,406.5064392089844,2671.029541015625,601.1963500976562,538.93701171875,2341.81640625,566.34912109375,843.4740600585938,2490.29052734375,609.6987915039062,957.1051025390624,2376.179931640625,417.3045043945313,397.1150207519531,2702.153564453125,248.01315307617188,546.3700561523438,2426.83984375,287.35015869140625,864.9188232421875,2551.074951171875,254.86082458496097,957.6001586914062,2433.186279296875,551.3753051757812,-82.36689758300781,2840.530517578125,517.8267822265625,-57.62455368041992,2703.692626953125,547.3185424804688,-96.65660858154295,2713.150390625,621.0397338867188,-123.64349365234376,2794.222900390625,501.5119323730469,-96.8889617919922,2721.3955078125,477.9905700683594,-139.63455200195312,2827.33642578125
489.59527587890625,401.9201354980469,2688.3623046875,520.1803588867188,291.266845703125,2800.088134765625,541.2201538085938,185.21324157714844,2868.726806640625,550.3372802734375,-9.51121711730957,2867.22998046875,578.7487182617188,23.830562591552734,2862.9716796875,704.113037109375,37.1416015625,2838.828125,834.5989379882812,247.0749053955078,2860.54931640625,775.119873046875,281.7952880859375,2664.005859375,789.219970703125,253.124267578125,2583.662109375,752.5427856445312,342.7799987792969,2589.172607421875,674.3903198242188,262.740966796875,2588.51611328125,519.348876953125,21.50258445739746,2873.8193359375,403.7329406738281,35.559486389160156,2893.30517578125,259.1904296875,232.73619079589844,2957.732666015625,224.94387817382812,312.5575866699219,2765.55224609375,280.7529296875,334.84307861328125,2694.448486328125,322.31732177734375,382.7213439941406,2623.207763671875,333.6689453125,332.3243408203125,2798.0146484375,569.5033569335938,406.64202880859375,2671.1640625,600.7957153320312,537.88818359375,2337.97705078125,566.4608154296875,843.869384765625,2490.3505859375,616.402099609375,955.8037719726562,2375.14111328125,417.53863525390625,397.6622009277344,2703.87109375,242.67620849609375,542.1097412109375,2425.485595703125,286.79669189453125,863.306884765625,2549.594482421875,241.280517578125,959.6896362304688,2437.38232421875,551.558837890625,-81.79369354248047,2854.830322265625,517.55224609375,-57.36903762817383,2716.75244140625,548.5737915039062,-95.75006103515624,2726.26513671875,623.4235229492188,-120.8045883178711,2808.285400390625,502.3655395507813,-97.59078979492188,2734.3525390625,479.6075134277344,-141.97564697265625,2840.902099609375
489.2645263671875,401.5379333496094,2688.85400390625,520.6079711914062,293.4435729980469,2803.19580078125,542.1365966796875,189.3756103515625,2875.014404296875,552.072998046875,-5.5942535400390625,2877.7265625,580.3261108398438,27.806997299194336,2872.335205078125,704.7855224609375,40.998497009277344,2842.965087890625,838.9378662109375,248.16790771484375,2871.997314453125,777.4212036132812,286.7725524902344,2676.470458984375,793.0654296875,254.06521606445312,2597.830078125,781.4505004882812,350.4679870605469,2594.068603515625,710.830810546875,245.7839508056641,2576.216796875,520.99755859375,25.483905792236328,2884.05419921875,405.4712829589844,43.14507293701172,2902.186767578125,257.8880920410156,238.22666931152344,2967.60986328125,224.10731506347656,327.18096923828125,2779.037109375,289.1241760253906,299.8558349609375,2718.04736328125,320.734619140625,365.1343078613281,2655.8984375,329.8934631347656,324.75506591796875,2824.609619140625,569.1485595703125,405.60504150390625,2670.801025390625,596.3267211914062,536.4397583007812,2336.499267578125,567.794921875,843.7427978515625,2488.595458984375,605.82568359375,963.131103515625,2375.97509765625,417.22955322265625,397.8704223632813,2705.13330078125,239.34800720214844,539.885498046875,2426.699951171875,284.74017333984375,861.92724609375,2549.642333984375,257.5761413574219,965.9913940429688,2438.022216796875,553.435791015625,-78.24064636230469,2866.904541015625,521.091552734375,-66.54886627197266,2726.550048828125,553.64990234375,-102.62581634521484,2739.66796875,628.0020751953125,-117.56224822998048,2824.790771484375,507.3468017578125,-105.94700622558594,2747.133056640625,484.4324035644531,-142.69998168945312,2856.710693359375
489.9605407714844,402.0787048339844,2690.810546875,520.9663696289062,295.6120300292969,2807.079345703125,543.0049438476562,194.79591369628903,2883.56005859375,552.8977661132812,-0.3533512353897095,2890.489501953125,581.280029296875,32.98512268066406,2884.8740234375,706.5562744140625,45.530799865722656,2857.98828125,841.3489990234375,254.23834228515625,2872.4404296875,781.6732177734375,274.5735778808594,2673.302490234375,800.0009155273438,264.40185546875,2589.1533203125,800.5040893554688,361.0017395019531,2600.89892578125,709.8153076171875,241.19772338867188,2586.5517578125,521.67724609375,30.88507080078125,2895.656494140625,405.8668823242187,51.01704406738281,2910.147216796875,252.5846405029297,236.2869110107422,2990.658447265625,245.604248046875,341.6929626464844,2807.401611328125,312.2169494628906,293.10809326171875,2763.573974609375,353.8778991699219,361.6587829589844,2711.4736328125,338.9358215332031,323.9903259277344,2873.085693359375,570.088134765625,406.35589599609375,2673.359130859375,595.763427734375,537.1583251953125,2338.368408203125,569.6331787109375,843.3477783203125,2494.216552734375,619.6283569335938,956.5985107421876,2379.587890625,417.7059631347656,398.2218322753906,2706.547119140625,238.9713134765625,540.0315551757812,2427.88671875,289.8720703125,862.8247680664062,2548.086669921875,247.6168670654297,961.7915649414062,2436.213623046875,554.4402465820312,-73.31288146972656,2881.186767578125,516.388671875,-69.93821716308594,2741.604736328125,550.1369018554688,-104.7525405883789,2755.387939453125,628.1222534179688,-113.75856018066406,2838.28466796875,504.1623840332031,-108.40664672851562,2764.879638671875,486.1858215332031,-139.43814086914062,2877.2939453125
490.4372253417969,401.720947265625,2691.016845703125,520.7819213867188,296.4281311035156,2808.338134765625,542.877197265625,197.6359710693359,2887.22509765625,554.8372192382812,3.1710267066955566,2901.555419921875,582.8336181640625,36.540626525878906,2894.630615234375,706.408935546875,53.06393051147461,2862.965087890625,843.1115112304688,259.890380859375,2882.151611328125,785.0140991210938,273.17425537109375,2682.13720703125,815.1577758789062,269.71185302734375,2600.975830078125,804.0182495117188,366.2872924804687,2602.696533203125,713.2598266601562,236.2372589111328,2600.947265625,523.3206176757812,34.22673034667969,2905.57861328125,407.5772399902344,54.139854431152344,2920.094970703125,252.56732177734375,238.46128845214844,2998.78515625,248.54266357421875,340.96112060546875,2814.001953125,315.91650390625,291.8768005371094,2772.10302734375,357.7920227050781,360.2404479980469,2720.076416015625,340.6773986816406,324.41253662109375,2881.47607421875,570.6829223632812,406.5696411132813,2674.61328125,595.8781127929688,537.0369873046875,2339.78076171875,571.9510498046875,845.2683715820312,2491.257568359375,605.1292724609375,959.849609375,2372.14599609375,418.076171875,397.3486633300781,2705.808837890625,238.92904663085935,536.734375,2426.581298828125,284.9578857421875,859.746826171875,2547.309814453125,264.3482360839844,965.5694580078124,2435.8115234375,557.138916015625,-70.00830078125,2895.041748046875,523.1278686523438,-72.45266723632812,2754.5263671875,555.799560546875,-107.13465881347656,2770.8486328125,631.1784057617188,-113.61830139160156,2856.223388671875,509.5552673339844,-109.5548858642578,2779.15576171875,487.87103271484375,-135.00949096679688,2892.21142578125
489.6820373535156,402.8932495117187,2692.5537109375,521.2999267578125,299.6575927734375,2812.2958984375,543.9757690429688,199.50584411621097,2890.204345703125,556.5274658203125,4.8812479972839355,2911.656494140625,584.5850830078125,38.226173400878906,2903.715576171875,709.2977905273438,53.621238708496094,2873.715576171875,845.1974487304688,262.7096862792969,2887.2509765625,793.6843872070312,324.1455078125,2693.58154296875,818.1961059570312,275.0997314453125,2626.004150390625,797.3431396484375,367.7913513183594,2603.4345703125,724.9204711914062,252.531982421875,2619.37890625,524.74169921875,36.08235549926758,2914.346923828125,408.347900390625,55.72735977172851,2928.201904296875,258.6026916503906,245.1599273681641,3008.475341796875,245.2261962890625,338.7352294921875,2818.423095703125,309.65966796875,286.23516845703125,2775.160400390625,357.1068420410156,340.7762756347656,2712.015380859375,341.5210266113281,324.28338623046875,2881.318359375,570.1856689453125,408.0291442871094,2675.724853515625,594.86865234375,535.0867309570312,2337.87353515625,570.620849609375,844.7236938476562,2489.82958984375,606.39404296875,963.1649169921876,2374.261474609375,417.08837890625,398.261962890625,2707.729248046875,237.21568298339844,536.1311645507812,2426.2109375,287.5628356933594,860.0239868164062,2547.209716796875,251.61209106445312,964.1093139648438,2437.0380859375,559.1316528320312,-68.79316711425781,2907.762939453125,514.2869873046875,-75.08065032958984,2769.78369140625,547.9730224609375,-109.74930572509766,2784.685302734375,629.9447021484375,-114.4980010986328,2864.584716796875,502.2821960449219,-111.44994354248048,2796.60498046875,489.0248107910156,-133.4071502685547,2912.20166015625
491.6566467285156,403.2264404296875,2693.682861328125,523.2457885742188,301.11676025390625,2814.27099609375,545.9869995117188,202.8381805419922,2894.392578125,556.3265991210938,8.887588500976562,2921.387451171875,584.696533203125,41.606201171875,2912.191162109375,709.1198120117188,54.90291595458984,2880.359619140625,847.1072998046875,262.5661926269531,2891.937744140625,763.71435546875,288.08453369140625,2701.464599609375,824.5523071289062,253.96177673339844,2649.51513671875,797.9642944335938,337.79364013671875,2607.20263671875,713.6935424804688,246.9588928222656,2595.701416015625,524.981689453125,40.54020309448242,2923.488525390625,408.977294921875,60.700164794921875,2939.167236328125,254.7908477783203,252.37095642089844,3003.719482421875,251.65345764160156,327.4581604003906,2805.336669921875,318.7416076660156,272.0119934082031,2770.77587890625,359.7334289550781,333.7247009277344,2709.833740234375,344.21923828125,319.9071044921875,2874.566162109375,572.0760498046875,407.8576049804687,2676.537841796875,596.9795532226562,535.2747192382812,2339.0595703125,571.3927001953125,844.2484130859375,2491.695068359375,607.3378295898438,958.8823852539062,2372.53857421875,419.1390075683594,399.05029296875,2709.143310546875,238.938232421875,533.6727294921875,2426.530517578125,286.6747741699219,859.0739135742188,2543.909912109375,247.9941864013672,961.3194580078124,2433.068115234375,557.96728515625,-64.85413360595703,2919.626953125,518.5541381835938,-77.80985260009766,2780.5458984375,554.0760498046875,-109.54351806640624,2797.486572265625,633.2930908203125,-106.3421630859375,2880.1015625,508.2625122070313,-114.25275421142578,2807.9267578125,492.5943298339844,-134.21176147460938,2923.5146484375
491.7208862304687,403.2659301757813,2694.412109375,523.3479614257812,301.326904296875,2815.20703125,546.1705932617188,203.4977569580078,2895.923095703125,556.499755859375,9.790197372436523,2925.062744140625,584.8802490234375,42.413116455078125,2915.49462890625,709.4755249023438,55.3102912902832,2883.996826171875,847.7334594726562,262.9371643066406,2894.7900390625,765.2090454101562,286.95660400390625,2703.6669921875,826.5775146484375,249.868896484375,2654.3935546875,802.36865234375,332.83587646484375,2608.985107421875,713.484375,249.4491271972656,2597.92578125,525.1484375,41.47836685180664,2926.823974609375,409.2282104492187,62.06922912597656,2942.86474609375,256.8299865722656,254.9888458251953,3008.275634765625,253.31887817382812,329.08685302734375,2809.451171875,319.8401184082031,272.93341064453125,2774.8505859375,361.077880859375,333.9524841308594,2713.32763671875,346.2001953125,321.23651123046875,2878.300048828125,572.159912109375,407.83892822265625,2677.21044921875,596.9760131835938,534.8837280273438,2339.454833984375,571.266357421875,844.1104736328125,2491.821044921875,606.563232421875,959.0122680664062,2372.6474609375,419.1854553222656,399.1422424316406,2709.923583984375,238.65220642089844,533.7799682617188,2427.374267578125,287.4922790527344,859.1649780273438,2544.6953125,249.8957061767578,961.8404541015624,2433.80419921875,558.1322021484375,-63.99153900146485,2924.114990234375,517.94921875,-78.83705139160156,2785.392578125,553.1192016601562,-110.76351928710938,2802.75048828125,632.7455444335938,-107.20282745361328,2885.010009765625,507.2746276855469,-114.66476440429688,2813.45703125,491.8169860839844,-132.39413452148438,2929.47705078125
491.7550048828125,403.2688293457031,2694.774169921875,523.4218139648438,301.46533203125,2815.676025390625,546.3096923828125,203.9239044189453,2896.7236328125,556.8521728515625,10.41533088684082,2927.10009765625,585.1959838867188,43.00688171386719,2917.316162109375,709.801025390625,55.8488883972168,2885.82763671875,847.7902221679688,263.708984375,2895.597412109375,765.40966796875,286.5273132324219,2704.262451171875,826.985595703125,248.43035888671875,2656.02685546875,803.4817504882812,330.86077880859375,2609.287841796875,712.0888061523438,251.7366180419922,2598.94677734375,525.4671630859375,42.08123779296875,2928.66650390625,409.56982421875,62.72365951538086,2944.81787109375,257.4678649902344,255.91856384277344,3010.11865234375,253.34539794921875,329.5389404296875,2811.12548828125,319.73492431640625,273.27239990234375,2776.45263671875,360.8478698730469,334.0812072753906,2714.63671875,346.4338073730469,321.81793212890625,2879.71044921875,572.1898803710938,407.8255920410156,2677.54345703125,596.893310546875,534.5264282226562,2339.6455078125,571.2322998046875,843.78125,2491.97314453125,606.7149658203125,958.5437622070312,2372.717529296875,419.2233581542969,399.1598205566406,2710.31201171875,238.58010864257812,533.4843139648438,2427.67822265625,287.5107116699219,858.9666137695312,2544.704833984375,250.14132690429688,961.4981689453124,2433.600830078125,558.5628051757812,-63.370147705078125,2926.624267578125,518.4419555664062,-79.46111297607422,2788.020751953125,553.73095703125,-111.117919921875,2805.63134765625,633.3404541015625,-106.60942840576172,2887.86279296875,507.9002380371094,-115.10635375976562,2816.367431640625,492.50335693359375,-131.9772186279297,2932.524658203125
492.27484130859375,405.1209716796875,2700.9873046875,524.2041625976562,304.6475524902344,2823.4033203125,547.5464477539062,209.0220184326172,2907.021728515625,563.0729370117188,16.887500762939453,2945.68212890625,590.5606079101562,49.721405029296875,2934.001708984375,714.8935546875,62.232460021972656,2900.205078125,851.1187133789062,272.0997314453125,2895.81591796875,753.266357421875,339.09271240234375,2722.468017578125,755.1595458984375,274.7097473144531,2663.691162109375,753.115234375,341.8546142578125,2592.54541015625,667.8176879882812,262.6346740722656,2695.47509765625,530.9187622070312,47.94721221923828,2946.388916015625,413.8244018554687,62.55387496948242,2962.445068359375,264.4897155761719,264.0937194824219,3008.199951171875,256.5933837890625,327.104248046875,2805.212646484375,321.73114013671875,268.20068359375,2772.010986328125,354.7488708496094,333.51239013671875,2709.604736328125,351.5422058105469,321.9315185546875,2871.927734375,572.888427734375,409.6971740722656,2683.71728515625,596.7427368164062,535.3692626953125,2344.511474609375,570.1045532226562,846.3167114257812,2494.967041015625,599.02734375,959.4061889648438,2371.866943359375,419.58203125,400.9944152832031,2716.560546875,238.6801300048828,532.9144287109375,2431.934814453125,287.122314453125,857.6964721679688,2553.35693359375,265.8519592285156,970.3662109375,2447.457275390625,566.4932861328125,-56.95532989501953,2948.388916015625,512.5864868164062,-79.003173828125,2815.040771484375,550.030029296875,-109.62611389160156,2830.181640625,637.7203979492188,-100.9920654296875,2903.7646484375,505.4953002929687,-113.68517303466795,2845.730712890625,502.25006103515625,-126.13160705566406,2963.677490234375
492.26080322265625,405.8656921386719,2702.080078125,524.32275390625,305.6719970703125,2825.017578125,547.8807983398438,210.7257843017578,2909.650634765625,564.17529296875,18.859312057495117,2950.785400390625,591.5921630859375,51.719932556152344,2938.75927734375,716.2387084960938,64.8732681274414,2905.60498046875,851.4484252929688,275.8924865722656,2903.92724609375,754.533447265625,342.6116638183594,2729.55859375,752.8427124023438,274.730712890625,2674.638671875,750.8654174804688,336.177490234375,2598.322509765625,667.4515991210938,265.8787536621094,2710.093505859375,531.8319091796875,49.828617095947266,2951.01904296875,414.6099548339844,64.91477966308594,2967.060302734375,265.94415283203125,268.51025390625,3007.80517578125,253.09890747070312,332.02911376953125,2804.88623046875,317.42608642578125,273.11175537109375,2769.77490234375,351.5179443359375,335.5621032714844,2704.84033203125,350.1018981933594,326.6058654785156,2868.918212890625,572.9974975585938,410.4849548339844,2684.788818359375,597.909912109375,535.508544921875,2344.823974609375,570.167236328125,847.466064453125,2494.212890625,601.8779907226562,959.1377563476562,2370.149169921875,419.45703125,401.7003173828125,2717.67236328125,237.9584503173828,532.3302001953125,2432.123779296875,284.32733154296875,858.8952026367188,2551.10205078125,257.6957702636719,970.6353149414062,2445.076171875,567.9216918945312,-55.04194641113281,2954.41845703125,516.2305908203125,-78.61370849609375,2820.21240234375,552.4500732421875,-110.01956939697266,2836.908203125,638.8601684570312,-102.26520538330078,2912.355712890625,507.4142150878906,-112.39991760253906,2851.557373046875,501.2029418945313,-122.0152587890625,2969.83349609375
493.0263366699219,406.7330932617187,2705.689453125,525.547119140625,309.7182922363281,2832.248046875,549.3200073242188,216.04747009277344,2919.361572265625,561.45703125,22.45807647705078,2959.355712890625,589.6981811523438,54.91058349609375,2947.1689453125,713.806884765625,70.75691223144531,2910.406494140625,869.0799560546875,269.18292236328125,2918.498779296875,786.1031494140625,333.87890625,2734.936767578125,749.0905151367188,263.5275573730469,2697.5625,717.0441284179688,333.244384765625,2635.68603515625,692.365478515625,290.006103515625,2787.018798828125,529.6953125,54.38431930541992,2960.134765625,412.9500427246094,77.3114242553711,2975.533447265625,259.8719787597656,279.00445556640625,3018.6884765625,255.5526123046875,321.7951965332031,2808.7919921875,321.759521484375,259.87738037109375,2781.80517578125,345.90802001953125,324.4281005859375,2713.707275390625,352.5448303222656,326.6924743652344,2874.107177734375,574.2033081054688,410.9225463867187,2688.04150390625,598.1415405273438,531.277099609375,2344.078125,570.5396728515625,844.5028076171875,2495.537109375,599.6605224609375,960.3792724609376,2373.34814453125,419.8255004882813,402.9552612304687,2721.603515625,238.06802368164065,531.89990234375,2432.77880859375,283.97613525390625,862.1432495117188,2547.757568359375,258.3238220214844,969.0860595703124,2435.38525390625,563.4578857421875,-51.965572357177734,2962.50634765625,517.4368286132812,-77.22496032714844,2825.64404296875,554.280029296875,-107.5652313232422,2843.78564453125,637.9526977539062,-96.89793395996094,2922.8984375,508.5688171386719,-111.5483169555664,2856.801025390625,498.1841125488281,-121.63410949707033,2975.4423828125
491.7838745117187,407.5496826171875,2707.71240234375,525.4097290039062,309.7486877441406,2833.668701171875,550.2513427734375,215.62493896484375,2920.266357421875,565.0087890625,23.012279510498047,2965.1669921875,592.8314819335938,55.54464340209961,2952.037841796875,716.62939453125,72.09078216552734,2913.91357421875,865.932861328125,275.5057067871094,2906.373779296875,771.0653686523438,320.09918212890625,2722.246826171875,726.5006713867188,246.4811553955078,2704.024658203125,699.800537109375,325.9496154785156,2651.917236328125,689.2944946289062,287.3586730957031,2797.92919921875,532.8014526367188,54.588436126708984,2965.257568359375,415.5145568847656,76.14776611328125,2979.801513671875,265.2597961425781,280.2303466796875,3023.777099609375,237.749267578125,317.10992431640625,2814.211181640625,302.4408264160156,255.22068786621097,2783.3046875,335.6667175292969,312.52728271484375,2712.413330078125,336.6170349121094,317.71771240234375,2877.509765625,573.0220336914062,412.756591796875,2690.06787109375,597.4545288085938,531.6213989257812,2345.079833984375,569.1204833984375,845.70947265625,2495.741943359375,601.1295776367188,956.3336791992188,2369.152099609375,418.52789306640625,402.8543701171875,2723.62353515625,238.02130126953125,530.4364013671875,2432.771484375,284.4750671386719,860.8217163085938,2548.634521484375,252.210205078125,965.5789184570312,2435.601318359375,567.9712524414062,-51.38018035888672,2970.201171875,517.4239501953125,-74.68052673339844,2834.37255859375,556.350830078125,-103.8728485107422,2850.084716796875,642.7892456054688,-91.72982788085938,2926.191162109375,511.3762512207031,-110.3304672241211,2864.806884765625,506.3591613769531,-124.4092788696289,2983.55810546875
491.7910461425781,407.552734375,2707.726806640625,525.4192504882812,309.75732421875,2833.68798828125,550.263916015625,215.6447296142578,2920.29833984375,565.0327758789062,23.04033851623535,2965.23681640625,592.8538208007812,55.57219696044922,2952.10205078125,716.6600341796875,72.12046813964844,2914.00244140625,866.0020751953125,275.51318359375,2906.568359375,771.2139892578125,320.1985168457031,2722.421142578125,726.6687622070312,246.55535888671875,2704.249755859375,699.8881225585938,326.00091552734375,2652.1474609375,689.5206298828125,287.43731689453125,2798.1787109375,532.8231811523438,54.614646911621094,2965.320556640625,415.5359497070313,76.16824340820312,2979.876708984375,265.2763671875,280.22625732421875,3023.960693359375,237.6734161376953,317.2325439453125,2814.427734375,302.32525634765625,255.30349731445312,2783.515380859375,335.55084228515625,312.5725402832031,2712.5927734375,336.51690673828125,317.7914123535156,2877.722900390625,573.029541015625,412.7597351074219,2690.0810546875,597.4586791992188,531.6121215820312,2345.086181640625,569.1165161132812,845.7045288085938,2495.74267578125,601.1095581054688,956.3404541015624,2369.157470703125,418.53472900390625,402.8573303222656,2723.638427734375,238.02479553222656,530.4257202148438,2432.779296875,284.4942321777344,860.820556640625,2548.616455078125,252.2725830078125,965.537841796875,2435.532470703125,567.9998779296875,-51.35148620605469,2970.285400390625,517.45947265625,-74.68574523925781,2834.458740234375,556.3739013671875,-103.88666534423828,2850.186767578125,642.8085327148438,-91.74626159667967,2926.299072265625,511.3949279785156,-110.32189178466795,2864.906494140625,506.3586730957031,-124.35298919677734,2983.663818359375
492.9469299316406,407.5552673339844,2712.245849609375,526.6367797851562,309.9556579589844,2839.458740234375,551.6788330078125,216.5039520263672,2927.75439453125,567.3285522460938,23.66441535949707,2975.927978515625,595.17529296875,56.295989990234375,2962.292236328125,719.2576904296875,79.46704864501953,2926.215087890625,888.5440673828125,268.5293273925781,2927.884521484375,763.8860473632812,306.1866455078125,2759.32666015625,703.8745727539062,243.5877685546875,2776.65185546875,687.229736328125,334.3306579589844,2740.102783203125,733.59716796875,290.9637756347656,2871.049560546875,534.798095703125,55.24911117553711,2975.447021484375,416.86566162109375,76.96343231201172,2989.826416015625,266.29156494140625,283.0782165527344,3031.169921875,241.56491088867188,302.4764709472656,2817.7744140625,309.4294738769531,247.4151611328125,2779.975341796875,327.572021484375,308.2973937988281,2705.961181640625,346.1290588378906,314.62762451171875,2870.707275390625,574.64599609375,412.8260192871094,2694.6533203125,598.526123046875,530.8037719726562,2347.2646484375,568.3515625,846.3529663085938,2498.833740234375,602.256103515625,959.4213256835938,2373.672119140625,419.2752685546875,402.8023681640625,2728.110107421875,238.4583282470703,528.56787109375,2434.230224609375,285.97247314453125,859.8362426757812,2552.845947265625,264.8509521484375,968.3551635742188,2439.561767578125,570.6524658203125,-51.0207405090332,2982.155517578125,520.7185668945312,-70.736083984375,2844.69677734375,557.543701171875,-102.65113067626952,2861.05419921875,643.7490234375,-96.40133666992188,2939.05224609375,511.754150390625,-106.1552276611328,2875.072509765625,503.7561645507813,-120.18804931640624,2994.30810546875
492.8305969238281,408.2702331542969,2712.489501953125,526.5578002929688,311.26318359375,2840.054443359375,551.724609375,218.76907348632812,2929.235107421875,568.3131103515625,26.83401107788086,2980.267578125,596.009521484375,59.41486358642578,2966.2724609375,720.501953125,82.36595153808594,2931.7041015625,887.6930541992188,273.14312744140625,2930.68212890625,770.44189453125,308.8554992675781,2756.59228515625,712.9815063476562,242.84500122070312,2769.015625,727.3165283203125,336.8662414550781,2740.8515625,733.1099853515625,285.2835998535156,2865.298095703125,535.6123657226562,58.19953918457031,2979.1943359375,417.5305480957031,79.10625457763672,2993.1015625,264.2091979980469,280.06024169921875,3047.117919921875,228.8055725097656,321.6725158691406,2838.55029296875,291.39056396484375,258.123291015625,2805.340087890625,323.035888671875,307.7442321777344,2727.609375,332.1623229980469,324.6766357421875,2894.860107421875,574.493408203125,413.52581787109375,2694.895263671875,598.8037719726562,529.5070190429688,2347.03173828125,569.5223999023438,846.2455444335938,2495.921630859375,607.790771484375,957.7596435546876,2370.725341796875,419.1916809082031,403.5310363769531,2728.355224609375,238.42332458496097,527.0775756835938,2433.70263671875,285.0254211425781,859.0545654296875,2550.223876953125,263.3468933105469,967.3352661132812,2436.912109375,572.0525512695312,-47.698848724365234,2987.597900390625,525.0337524414062,-71.57366180419922,2849.8388671875,562.0693359375,-102.42706298828124,2867.62646484375,646.6610717773438,-92.80677795410156,2946.96240234375,516.1138916015625,-106.38665008544922,2880.888916015625,506.1528015136719,-117.67626953125,3000.215576171875
492.7999572753906,408.41693115234375,2712.52490234375,526.5444946289062,311.4991760253906,2840.12548828125,551.738037109375,219.17771911621097,2929.4521484375,568.58740234375,27.46538734436035,2981.130126953125,596.229736328125,60.022830963134766,2966.993408203125,720.4375610351562,83.28206634521484,2931.680419921875,884.7760009765625,276.3789367675781,2925.39990234375,766.6597290039062,307.6816101074219,2751.080322265625,709.86376953125,241.3816680908203,2764.861083984375,721.3536987304688,335.0641784667969,2734.403076171875,725.9973754882812,285.83154296875,2860.21142578125,535.8557739257812,58.7874641418457,2979.98291015625,417.7797546386719,79.62535095214844,2993.90478515625,264.205322265625,281.0751953125,3045.120361328125,229.2615203857422,319.39080810546875,2835.8740234375,292.21978759765625,255.7760467529297,2803.54248046875,323.4797668457031,304.8161926269531,2725.304931640625,332.5404968261719,323.6721496582031,2892.22021484375,574.4486694335938,413.6568908691406,2694.912353515625,598.7088623046875,529.3316040039062,2346.994384765625,569.6371459960938,846.1218872070312,2495.706298828125,608.155029296875,957.7464599609376,2370.716064453125,419.17376708984375,403.69183349609375,2728.40673828125,238.3602294921875,527.0939331054688,2433.78125,285.0937805175781,859.0739135742188,2550.09912109375,263.47894287109375,967.5244140625,2436.966552734375,572.4151611328125,-47.02753448486328,2988.7158203125,524.926513671875,-71.36370086669922,2851.219970703125,562.0341186523438,-102.13902282714844,2868.972900390625,646.8905029296875,-92.22669982910156,2947.967041015625,516.1336669921875,-106.0759735107422,2882.4091796875,506.601318359375,-116.98432159423828,3001.790283203125
493.2619934082031,411.66302490234375,2717.28271484375,526.0140380859375,316.17523193359375,2846.69775390625,550.2978515625,223.54666137695312,2936.40576171875,569.7390747070312,32.08219909667969,2989.85595703125,596.9903564453125,64.92471313476562,2975.2919921875,721.2479858398438,89.67183685302734,2940.02734375,871.6564331054688,292.0321350097656,2907.454345703125,761.0328979492188,329.2943420410156,2728.836669921875,716.3733520507812,258.9762268066406,2698.691650390625,714.8441772460938,356.3726501464844,2718.531982421875,670.6253051757812,289.521728515625,2807.836669921875,536.5430908203125,63.06049346923828,2988.54833984375,417.9954528808594,83.75867462158203,3001.04150390625,262.6038818359375,287.90411376953125,3036.821044921875,182.1260528564453,328.7821960449219,2840.49853515625,223.5540313720703,256.564453125,2793.9521484375,243.7717437744141,276.1569519042969,2700.384033203125,230.29347229003903,268.0323486328125,2753.575927734375,575.2341918945312,416.5644226074219,2700.15380859375,598.9810791015625,520.9138793945312,2347.7421875,568.25634765625,839.3204345703125,2494.5947265625,612.0988159179688,959.4755859375,2379.07470703125,419.3440551757813,407.24322509765625,2732.728759765625,229.5528564453125,520.6831665039062,2438.678466796875,286.74127197265625,855.767578125,2543.37109375,262.576904296875,969.9931640625,2436.07177734375,574.5223999023438,-42.46038818359375,2998.1123046875,523.4781494140625,-65.4433822631836,2861.28955078125,560.9177856445312,-96.63794708251952,2877.925537109375,647.9107055664062,-87.82292938232422,2955.10498046875,515.2271118164062,-100.44888305664062,2892.4677734375,508.4998474121094,-112.33141326904295,3012.229248046875
492.3512878417969,413.32916259765625,2714.700927734375,524.9064331054688,315.8990783691406,2841.87939453125,549.6275024414062,225.03305053710935,2932.51025390625,571.3885498046875,36.333621978759766,2991.65869140625,598.1080932617188,68.89684295654297,2976.06787109375,722.0928344726562,92.9827117919922,2941.31884765625,871.6425170898438,295.1080627441406,2911.238037109375,761.9901733398438,318.2093200683594,2730.642822265625,691.656982421875,273.9673156738281,2700.94482421875,714.6712646484375,368.7923889160156,2717.76171875,671.62890625,290.82537841796875,2811.68505859375,537.9526977539062,66.73670959472656,2989.46826171875,420.0309753417969,85.83633422851562,3005.35791015625,262.13568115234375,286.3147888183594,3043.454345703125,203.95166015625,316.3789367675781,2838.43359375,239.92613220214844,246.62193298339844,2784.894775390625,242.3951416015625,278.1947021484375,2692.86474609375,229.03836059570312,259.1396179199219,2744.937744140625,574.0609741210938,419.1285095214844,2698.2275390625,599.2046508789062,522.4119262695312,2347.115966796875,568.63720703125,839.5684204101562,2493.384765625,613.6226196289062,957.2994995117188,2376.824951171875,418.6700439453125,408.099609375,2729.5556640625,229.74200439453125,520.5322875976562,2436.375732421875,286.27008056640625,853.6260375976562,2543.005615234375,263.2022705078125,972.0839233398438,2441.112548828125,577.060791015625,-37.5580940246582,3002.195556640625,526.3902587890625,-68.57266235351562,2867.463623046875,564.8489379882812,-97.4969711303711,2885.212646484375,651.5113525390625,-82.07544708251953,2961.02099609375,519.5753784179688,-102.22164916992188,2900.15966796875,513.8941040039062,-108.70614624023438,3019.911865234375
493.2529296875,414.6054382324219,2718.406982421875,525.4124755859375,313.5241394042969,2843.120849609375,549.720458984375,221.4891662597656,2932.956787109375,572.7855834960938,34.240230560302734,2996.999267578125,599.4146728515625,66.81889343261719,2981.098876953125,722.5108032226562,95.72897338867188,2946.14599609375,862.5770874023438,303.77325439453125,2908.573486328125,735.8245239257812,316.2951354980469,2738.041015625,675.6361694335938,286.2392578125,2680.744140625,678.6566772460938,383.8031921386719,2698.213134765625,623.0143432617188,287.8165588378906,2780.12890625,538.9705200195312,64.1965103149414,2993.49658203125,421.1886596679687,85.4571304321289,3009.01513671875,261.8002624511719,286.37744140625,3040.56640625,235.28565979003903,311.02679443359375,2828.0859375,254.79551696777344,236.8091278076172,2771.8349609375,238.9329071044922,282.12213134765625,2687.009521484375,224.943603515625,252.2816619873047,2737.765869140625,575.0110473632812,419.4636840820313,2701.26171875,600.1583251953125,519.8090209960938,2348.7392578125,567.6520385742188,837.0714111328125,2495.591552734375,604.820068359375,955.9557495117188,2377.0927734375,419.5280456542969,410.2245178222656,2733.867431640625,230.2127990722656,522.7174682617188,2440.288818359375,290.8539733886719,856.26708984375,2544.94189453125,252.5871734619141,961.4532470703124,2433.17724609375,579.1927490234375,-39.414764404296875,3009.38916015625,529.219482421875,-65.60189056396484,2873.14404296875,567.2875366210938,-95.52967071533205,2890.278564453125,653.61669921875,-83.4444580078125,2967.3232421875,521.78173828125,-100.25607299804688,2904.736572265625,515.0572509765625,-110.52253723144533,3024.3466796875
493.26861572265625,415.3786010742187,2719.0009765625,525.5418090820312,314.45367431640625,2843.98193359375,549.9627075195312,222.66566467285156,2934.18994140625,573.2030639648438,35.508766174316406,2998.9248046875,599.826904296875,68.08325958251953,2982.906982421875,723.0411376953125,96.9908676147461,2947.978759765625,863.3619384765625,304.79632568359375,2908.718505859375,736.3653564453125,315.8792419433594,2738.057861328125,678.4014892578125,285.19915771484375,2678.726806640625,677.3345336914062,383.55914306640625,2691.869873046875,621.8466796875,287.8155822753906,2775.9931640625,539.334716796875,65.44572448730469,2995.310302734375,421.4900512695313,86.88008880615234,3010.85546875,263.99383544921875,288.4327697753906,3048.884521484375,232.43275451660156,325.2926330566406,2838.700439453125,250.430908203125,259.5729675292969,2772.184326171875,241.6884002685547,296.1742858886719,2682.18896484375,226.1369171142578,279.5189514160156,2738.99169921875,575.0831909179688,420.2459716796875,2701.80517578125,599.204833984375,519.35546875,2348.559326171875,568.0308837890625,837.5946655273438,2494.246337890625,606.1557006835938,957.7618408203124,2377.15625,419.4927673339844,410.989501953125,2734.507568359375,230.2095184326172,522.2874755859375,2440.09130859375,288.65240478515625,857.2398681640625,2542.440673828125,245.87765502929688,961.8109741210938,2431.559814453125,579.6799926757812,-38.156009674072266,3011.576171875,529.4630126953125,-65.97721862792969,2875.618896484375,567.6228637695312,-95.689697265625,2893.043212890625,654.1386108398438,-82.62055206298828,2969.8564453125,522.1109619140625,-100.30226135253906,2907.64404296875,515.5966186523438,-109.21214294433594,3027.469970703125
490.298583984375,423.80865478515625,2726.02001953125,523.5849609375,316.9308166503906,2845.878173828125,549.3788452148438,224.19822692871097,2934.904541015625,572.7953491210938,37.88159942626953,3002.499267578125,599.3843994140625,70.18663024902344,2985.77783203125,721.9066162109375,98.19818115234376,2947.40283203125,868.8430786132812,303.65338134765625,2920.37841796875,743.2364501953125,326.58563232421875,2749.62646484375,700.8342895507812,285.72662353515625,2683.5341796875,662.7344360351562,377.1228637695313,2675.676025390625,625.260986328125,289.28912353515625,2773.590087890625,538.9165649414062,67.83799743652344,2998.6318359375,420.809814453125,87.13480377197266,3015.766845703125,259.1716003417969,286.9789733886719,3046.3076171875,193.56480407714844,329.3445739746094,2845.01611328125,230.99526977539065,270.5203857421875,2780.033935546875,203.3244781494141,262.3360290527344,2686.759765625,227.6403350830078,289.99969482421875,2732.843994140625,572.1396484375,430.369140625,2709.1416015625,597.6402587890625,507.9142456054687,2350.294189453125,566.15576171875,828.10888671875,2492.361328125,607.056884765625,954.6026611328124,2382.888427734375,416.4989013671875,417.8927917480469,2741.240234375,230.93536376953125,517.5880126953125,2439.95849609375,284.5563659667969,855.113525390625,2537.51123046875,228.1356506347656,960.504150390625,2433.517333984375,579.254150390625,-35.651283264160156,3016.284423828125,530.4188842773438,-66.54192352294922,2880.33984375,568.6334228515625,-95.68316650390624,2898.7216796875,654.4346923828125,-80.51334381103516,2976.10986328125,522.9763793945312,-100.2938461303711,2913.01123046875,515.4066162109375,-106.84333801269533,3033.037841796875
491.21673583984375,423.0940856933594,2726.368408203125,524.69384765625,316.07501220703125,2846.529052734375,550.629638671875,223.2224884033203,2935.8037109375,574.3942260742188,36.740718841552734,3004.083740234375,600.9806518554688,69.09002685546875,2987.18359375,723.777587890625,96.85480499267578,2948.5419921875,867.4603881835938,305.1053161621094,2920.317138671875,740.2462768554688,322.8136291503906,2749.5615234375,695.45068359375,281.68878173828125,2684.9755859375,650.754150390625,369.0970458984375,2668.51318359375,622.5768432617188,286.4978332519531,2777.837158203125,540.4060668945312,66.71483612060547,3000.168701171875,422.2268981933594,86.76422882080078,3017.766357421875,260.8940124511719,286.8536682128906,3052.709228515625,192.32208251953125,333.3614501953125,2852.828125,233.29893493652344,270.6848449707031,2793.53564453125,202.6456756591797,258.30023193359375,2701.445068359375,226.5506591796875,291.9684753417969,2738.520263671875,573.2140502929688,429.6310119628906,2709.345703125,599.2720947265625,506.2869262695313,2349.5380859375,565.3629760742188,827.0390625,2491.65966796875,606.4913940429688,953.9968872070312,2382.22705078125,417.2762145996094,417.199462890625,2741.718505859375,230.71580505371097,517.934326171875,2440.434814453125,287.7960510253906,855.7726440429688,2537.72265625,225.4659881591797,964.10400390625,2439.78173828125,580.9639282226562,-36.90016174316406,3018.115966796875,534.8663940429688,-66.8263931274414,2880.663330078125,572.53173828125,-96.39771270751952,2899.7861328125,656.8655395507812,-82.20304107666016,2979.31982421875,526.435791015625,-100.75760650634766,2913.056884765625,516.1123657226562,-107.86188507080078,3033.1064453125
490.4559326171875,424.6698303222656,2727.39501953125,524.72412109375,315.5538635253906,2846.512451171875,551.2996215820312,221.9759521484375,2935.762451171875,576.554443359375,35.40055465698242,3006.012939453125,603.0084838867188,67.90250396728516,2988.630615234375,728.04736328125,95.9582748413086,2955.669189453125,871.6547241210938,303.1838073730469,2912.525634765625,769.4281005859375,303.3940124511719,2723.742919921875,695.1384887695312,270.0888671875,2687.4658203125,650.0939331054688,359.2974548339844,2683.444580078125,672.7195434570312,291.0888977050781,2805.3916015625,542.2105712890625,65.27525329589844,3001.928955078125,423.48724365234375,86.44287109375,3018.495361328125,259.06549072265625,286.3935546875,3048.679443359375,187.5707092285156,335.0767822265625,2849.225341796875,232.12855529785156,270.9764099121094,2793.4072265625,199.30108642578125,255.0255126953125,2702.123291015625,227.001953125,290.31304931640625,2736.681884765625,572.6920776367188,430.9288635253906,2709.470458984375,599.4411010742188,512.660400390625,2349.03125,567.1382446289062,834.4578857421875,2493.309814453125,603.7635498046875,955.0889892578124,2374.248046875,416.2999267578125,419.02581787109375,2743.558349609375,230.58673095703125,521.34130859375,2440.146484375,292.711181640625,858.5697631835938,2542.534912109375,224.0315399169922,960.7313842773438,2441.049072265625,583.6508178710938,-38.41508865356445,3020.7734375,530.78759765625,-66.17041015625,2884.546875,569.6972045898438,-95.98915100097656,2901.31103515625,658.1668701171875,-82.68099212646484,2977.239501953125,524.1177978515625,-100.9280776977539,2916.80810546875,519.7152099609375,-110.41632080078124,3037.63134765625
490.9549865722656,425.9089660644531,2729.02734375,524.7565307617188,315.92059326171875,2848.4912109375,550.9813232421875,222.95474243164065,2939.336669921875,578.2227783203125,35.9241828918457,3010.18310546875,604.4368896484375,68.73757934570312,2992.49951171875,728.2112426757812,100.25040435791016,2955.749755859375,869.4002685546875,310.2439270019531,2911.29833984375,757.240478515625,304.8392639160156,2727.2080078125,681.2129516601562,273.9544372558594,2691.421630859375,632.6395263671875,358.1609802246094,2716.76025390625,681.8726196289062,292.73406982421875,2826.413330078125,543.468505859375,65.64875030517578,3006.207275390625,424.0143432617187,85.88204956054688,3022.656005859375,258.76141357421875,287.9017639160156,3042.86181640625,198.14056396484375,308.5320739746094,2834.097412109375,183.2930450439453,291.8538513183594,2740.326171875,181.4657745361328,250.85446166992188,2650.513427734375,222.0895538330078,297.720947265625,2724.28515625,573.4212036132812,430.5126953125,2709.9326171875,599.6356201171875,518.203125,2349.1640625,568.1177368164062,841.0296630859375,2495.164794921875,604.08203125,960.18896484375,2373.3310546875,416.5915832519531,421.7575378417969,2746.245849609375,236.79364013671875,518.0138549804688,2435.375732421875,286.8509216308594,858.1986694335938,2540.118408203125,232.06874084472656,959.55322265625,2428.7392578125,586.0188598632812,-38.125022888183594,3025.13818359375,537.3826904296875,-62.96328353881836,2886.082763671875,576.2887573242188,-92.91992950439452,2903.31298828125,662.6582641601562,-80.6005859375,2982.558837890625,530.1220092773438,-98.7878875732422,2917.349365234375,522.1702880859375,-111.5617446899414,3038.228759765625
491.275146484375,425.6615905761719,2729.61572265625,525.341796875,316.04888916015625,2848.986328125,551.5466918945312,222.1190948486328,2938.53173828125,578.5949096679688,36.33925247192383,3011.794921875,604.80615234375,68.86707305908203,2993.767822265625,729.04052734375,98.90594482421876,2958.10986328125,869.476806640625,308.957763671875,2913.891357421875,760.4120483398438,302.25933837890625,2728.3876953125,674.2941284179688,299.9812927246094,2704.555908203125,618.9612426757812,379.28375244140625,2731.1962890625,699.212646484375,293.4403381347656,2837.36181640625,543.9026489257812,65.95806884765625,3007.35205078125,424.47760009765625,85.29827880859375,3023.6533203125,258.83197021484375,286.4723815917969,3043.7314453125,201.6484375,303.5340270996094,2834.03759765625,187.40444946289065,290.64434814453125,2739.733154296875,186.8546142578125,255.4581756591797,2647.638427734375,223.19747924804688,298.1952209472656,2724.29443359375,573.5609130859375,430.2312622070313,2710.32861328125,601.7507934570312,512.0869140625,2348.94384765625,567.2496337890625,835.2904052734375,2492.04052734375,612.7512817382812,954.4826049804688,2373.87548828125,417.0744934082031,421.5409240722656,2747.007568359375,234.7364196777344,520.0607299804688,2439.041015625,288.88946533203125,859.8240356445312,2541.135986328125,227.05422973632812,960.7327880859376,2433.4697265625,586.3496704101562,-37.38813781738281,3027.7216796875,537.2200927734375,-62.43124771118164,2889.130126953125,575.2557983398438,-93.16097259521484,2906.69140625,661.745361328125,-82.26252746582031,2985.73779296875,529.0169677734375,-97.64942932128906,2920.73388671875,520.6874389648438,-108.8570327758789,3041.549560546875
491.27783203125,425.6702270507813,2729.618408203125,525.3424072265625,316.058837890625,2848.99072265625,551.5463256835938,222.13433837890625,2938.54150390625,578.5908203125,36.36091995239258,3011.821533203125,604.8026733398438,68.88668060302734,2993.791748046875,729.039306640625,98.92361450195312,2958.140869140625,869.4922485351562,308.978759765625,2913.993408203125,760.4423217773438,302.3244934082031,2728.479736328125,674.3151245117188,300.12384033203125,2704.6748046875,619.0531616210938,379.46136474609375,2731.357666015625,699.2943115234375,293.53741455078125,2837.4794921875,543.8990478515625,65.97982025146484,3007.375732421875,424.474853515625,85.32576751708984,3023.675048828125,258.8390197753906,286.50909423828125,3043.73681640625,201.661865234375,303.5509948730469,2834.039794921875,187.43881225585935,290.6472473144531,2739.734375,186.908447265625,255.447265625,2647.644775390625,223.24118041992188,298.1962585449219,2724.30322265625,573.5636596679688,430.23870849609375,2710.33203125,601.783203125,512.1012573242188,2348.95166015625,567.25927734375,835.2953491210938,2492.062744140625,612.7810668945312,954.4981079101562,2373.91650390625,417.0771179199219,421.5506591796875,2747.009765625,234.7404327392578,520.0764770507812,2439.044677734375,288.9067687988281,859.8424682617188,2541.1220703125,227.0833740234375,960.7321166992188,2433.431396484375,586.3441772460938,-37.36506271362305,3027.755126953125,537.2044067382812,-62.47737503051758,2889.18017578125,575.2459716796875,-93.19388580322266,2906.75146484375,661.7417602539062,-82.24789428710938,2985.7841796875,529.0092163085938,-97.68241119384766,2920.80078125,520.693359375,-108.83670043945312,3041.621826171875
490.2587890625,424.611083984375,2727.025146484375,524.271728515625,316.4995422363281,2847.19384765625,550.7998046875,225.2079162597656,2938.850341796875,579.4825439453125,41.0561408996582,3014.16552734375,605.3373413085938,73.54561614990234,2995.8486328125,728.40087890625,103.05939483642578,2957.081787109375,870.9000244140625,309.9970703125,2908.74951171875,740.9910278320312,316.64190673828125,2737.8818359375,691.9596557617188,301.84112548828125,2664.904296875,600.474365234375,341.654052734375,2672.293701171875,632.4749145507812,288.751220703125,2791.933837890625,544.5946655273438,70.19837188720703,3009.322509765625,425.38433837890625,89.69711303710938,3024.65625,257.21014404296875,286.64959716796875,3054.537109375,202.51626586914065,300.95819091796875,2844.548828125,198.97943115234375,289.5780944824219,2749.294921875,205.99932861328125,252.900634765625,2658.322509765625,229.38491821289065,289.1572265625,2738.03515625,572.4798583984375,430.0605773925781,2708.655517578125,604.4608764648438,513.78759765625,2348.98974609375,567.901123046875,837.2967529296875,2488.60400390625,609.3784790039062,959.6461791992188,2372.859130859375,416.1164855957031,419.6970825195313,2743.58935546875,234.2507171630859,520.3228149414062,2437.16455078125,289.6576843261719,855.6513671875,2549.528564453125,261.2022705078125,967.6790161132812,2439.490966796875,587.9188842773438,-32.20991134643555,3030.93603515625,537.822509765625,-64.59098052978516,2894.637451171875,575.6385498046875,-94.5041961669922,2913.6337890625,662.5020141601562,-79.87501525878906,2991.209228515625,529.57666015625,-97.80925750732422,2928.152587890625,521.9696044921875,-102.07193756103516,3049.149169921875
488.802978515625,424.7060241699219,2726.014404296875,522.400390625,316.40277099609375,2845.50048828125,548.6076049804688,224.77891540527344,2936.390869140625,578.0806274414062,42.15580368041992,3013.621826171875,603.6959838867188,74.4238510131836,2994.89111328125,727.6992797851562,102.30715942382812,2959.28466796875,871.738525390625,309.6968688964844,2922.58447265625,761.8892211914062,308.9665222167969,2738.750732421875,710.0330200195312,294.29913330078125,2668.033935546875,619.456787109375,336.0072326660156,2671.272216796875,653.6188354492188,289.4359130859375,2796.30078125,543.171875,71.0344467163086,3008.54345703125,424.9367370605469,91.82440948486328,3026.7919921875,260.0295715332031,291.294677734375,3051.463134765625,224.3923492431641,289.208740234375,2837.5556640625,205.49249267578125,284.64752197265625,2743.819091796875,200.5939788818359,256.2127685546875,2650.092041015625,229.0621337890625,287.5478515625,2728.129150390625,570.8790283203125,430.48382568359375,2708.173095703125,604.8500366210938,514.3903198242188,2349.78564453125,567.014404296875,837.6394653320312,2487.169677734375,611.9892578125,961.0338134765624,2374.599609375,414.7913513183594,419.4959106445313,2742.1025390625,233.9891662597656,516.0823974609375,2434.9814453125,293.7743835449219,849.1243286132812,2548.753173828125,265.68682861328125,969.1254272460938,2448.06201171875,586.8018798828125,-30.671171188354492,3031.2001953125,537.5829467773438,-65.59182739257812,2895.658203125,576.8441772460938,-93.50071716308594,2914.382080078125,663.1620483398438,-74.54631042480469,2991.13671875,531.2255249023438,-99.03185272216795,2929.175537109375,524.6681518554688,-103.4659423828125,3049.892333984375
488.3139953613281,423.1571350097656,2726.359619140625,522.6675415039062,317.2455139160156,2847.17041015625,549.0452880859375,224.48326110839844,2936.338623046875,578.5843505859375,41.93954086303711,3012.354736328125,604.1009521484375,74.22989654541016,2993.816162109375,727.4209594726562,104.57891845703124,2959.15185546875,873.8331909179688,309.0367736816406,2920.127197265625,761.0151977539062,312.4585876464844,2738.79443359375,710.3952026367188,293.3539123535156,2668.536376953125,620.7265014648438,336.437744140625,2670.7939453125,661.3861694335938,289.5515441894531,2803.72998046875,543.753173828125,70.75850677490234,3007.48486328125,425.6536254882813,93.42092895507812,3021.84423828125,261.5407409667969,289.6410217285156,3064.279052734375,226.70452880859375,313.24957275390625,2852.1171875,221.06358337402344,296.64630126953125,2758.261474609375,221.75538635253903,259.0834045410156,2667.955078125,242.8642578125,292.3341064453125,2746.83056640625,570.0806274414062,428.8843078613281,2708.12939453125,605.0138549804688,514.1494750976562,2351.16015625,566.7490844726562,837.4462280273438,2485.89990234375,610.0802001953125,960.5602416992188,2373.0771484375,414.5814514160156,417.99267578125,2742.798583984375,235.5841827392578,510.9496765136719,2434.66845703125,293.5971374511719,844.6990966796875,2544.26416015625,264.6655578613281,970.7476196289062,2452.234375,587.324462890625,-30.78603744506836,3029.4873046875,543.1815795898438,-63.72985076904297,2892.141357421875,580.9073486328125,-92.53257751464844,2912.24267578125,664.1141967773438,-75.98334503173828,2992.44287109375,534.7220458984375,-97.12865447998048,2925.05078125,523.0585327148438,-102.10994720458984,3045.039794921875
488.3289184570313,423.2899169921875,2726.702392578125,522.71923828125,317.34716796875,2847.78271484375,549.139404296875,224.6981201171875,2937.32177734375,578.9574584960938,42.32454299926758,3014.3544921875,604.4566650390625,74.57164001464844,2995.56689453125,727.8514404296875,104.8559112548828,2960.427001953125,874.03955078125,309.34228515625,2918.53271484375,759.4015502929688,308.76739501953125,2737.965087890625,707.9185791015625,288.3587951660156,2668.55224609375,618.6842041015625,332.5417785644531,2672.312744140625,659.9462280273438,288.16790771484375,2804.316162109375,544.05517578125,71.14093017578125,3009.39453125,425.7538757324219,93.59203338623048,3023.830810546875,260.0086364746094,290.7291259765625,3056.796142578125,227.23617553710935,303.322265625,2843.06787109375,222.4562225341797,288.7696533203125,2748.691650390625,223.56732177734375,255.56260681152344,2656.555419921875,243.8079376220703,285.76690673828125,2737.1220703125,570.202392578125,428.9469604492187,2708.39794921875,604.9141845703125,513.4423217773438,2350.700439453125,567.1318969726562,837.0288696289062,2486.1474609375,612.2636108398438,961.5047607421876,2375.177001953125,414.5,418.1886901855469,2743.208740234375,234.4927520751953,511.5112609863281,2435.17138671875,293.72320556640625,846.16015625,2542.9501953125,263.7943115234375,970.6539306640624,2448.77099609375,587.7779541015625,-30.404739379882812,3031.88037109375,540.4887084960938,-63.91397857666016,2895.50244140625,579.8834228515625,-91.53306579589844,2914.19580078125,665.0376586914062,-72.59007263183594,2992.02099609375,534.2529296875,-97.89088439941406,2928.411376953125,526.531494140625,-104.2082977294922,3048.82275390625
488.91656494140625,425.5750427246094,2728.3017578125,523.0317993164062,316.20086669921875,2847.294921875,549.8652954101562,225.66029357910156,2939.606201171875,578.9654541015625,42.27687454223633,3016.6201171875,604.7113647460938,74.55986785888672,2997.791015625,728.64404296875,103.7878646850586,2961.663818359375,874.7224731445312,310.44525146484375,2923.984375,771.5984497070312,308.3941345214844,2735.62841796875,685.2943725585938,303.7124938964844,2713.750732421875,587.377197265625,312.0759582519531,2694.999755859375,699.1296997070312,294.83465576171875,2842.646728515625,544.0606689453125,71.38921356201172,3011.7158203125,425.39599609375,91.99911499023438,3029.618896484375,259.96661376953125,291.80926513671875,3055.60888671875,228.77947998046875,290.0877380371094,2840.397216796875,220.8713836669922,286.0683898925781,2744.810791015625,224.5205841064453,256.88092041015625,2650.973876953125,243.62371826171875,285.76336669921875,2732.1005859375,571.07861328125,430.8868408203125,2709.62841796875,603.005126953125,513.4629516601562,2349.689453125,570.9163208007812,838.9149780273438,2485.849609375,605.5112915039062,967.8068237304688,2375.0478515625,414.8274536132813,420.7851867675781,2745.140380859375,236.03660583496097,514.3873291015625,2434.70361328125,292.0962829589844,851.7857666015625,2540.353515625,241.02395629882812,958.7088012695312,2433.453857421875,587.4771118164062,-30.817806243896484,3034.087646484375,544.4685668945312,-64.17943572998047,2895.621337890625,583.2923583984375,-92.05036163330078,2915.6630859375,666.2054443359375,-73.37222290039062,2996.619140625,537.009765625,-98.30689239501952,2928.399658203125,525.2269897460938,-104.74633026123048,3048.96533203125
489.19927978515625,425.1920471191406,2728.230224609375,523.590576171875,316.15087890625,2846.885009765625,550.610107421875,225.63490295410156,2938.700439453125,580.9783325195312,42.698829650878906,3014.995361328125,606.380615234375,75.03118896484375,2996.0537109375,729.531982421875,103.83560180664062,2958.150146484375,874.6787109375,310.9884033203125,2924.029541015625,769.0673828125,309.69036865234375,2737.657470703125,700.0068359375,294.72412109375,2683.65283203125,607.7578125,332.06451416015625,2676.17431640625,689.7487182617188,293.3592834472656,2827.79345703125,546.0079956054688,71.61113739013672,3010.434814453125,427.6884765625,93.32540893554688,3027.24755859375,258.2948303222656,288.5849304199219,3055.7392578125,228.9455718994141,287.0103454589844,2840.80810546875,221.05279541015625,284.5751037597656,2745.404541015625,224.79931640625,257.2522277832031,2651.263671875,243.60939025878903,285.7899169921875,2732.166259765625,571.1223754882812,430.6288757324219,2709.481689453125,604.6312866210938,513.972900390625,2350.804443359375,569.4881591796875,838.3965454101562,2486.3974609375,607.869140625,963.0469360351562,2372.695556640625,415.3256530761719,420.2894592285156,2745.13671875,236.0845947265625,511.6026306152344,2435.364501953125,291.0572814941406,849.0643310546875,2538.368408203125,241.3643035888672,957.732666015625,2433.17822265625,589.8948974609375,-30.209138870239254,3032.234375,540.4782104492188,-64.0655746459961,2896.445556640625,579.6488647460938,-92.2567901611328,2914.978271484375,666.0927124023438,-74.13277435302734,2991.845703125,534.0003662109375,-97.7081298828125,2929.757080078125,527.4658813476562,-102.90357208251952,3050.4814453125
488.8011474609375,425.6319885253906,2729.3935546875,523.558837890625,318.14306640625,2849.626220703125,550.4910278320312,225.85153198242188,2939.917236328125,580.017333984375,42.248085021972656,3015.5791015625,605.6574096679688,74.70401000976562,2997.04150390625,729.4578857421875,103.45867919921876,2960.68603515625,873.49072265625,311.1437683105469,2922.947265625,768.7169189453125,304.1515808105469,2735.93017578125,691.681396484375,297.0821228027344,2691.83154296875,600.3082885742188,334.3331298828125,2676.092529296875,691.0330200195312,293.4074401855469,2832.038330078125,545.0719604492188,71.24844360351562,3010.83447265625,426.2219848632813,92.22126007080078,3025.816650390625,260.2149963378906,289.95526123046875,3059.580322265625,229.7554931640625,286.7597961425781,2844.55517578125,222.46083068847656,282.41387939453125,2749.0546875,224.16160583496097,257.3365783691406,2654.108642578125,243.47686767578125,286.74359130859375,2734.330810546875,570.8641357421875,431.520263671875,2710.934326171875,604.708984375,512.976318359375,2351.3916015625,569.4293823242188,838.3363647460938,2485.82275390625,607.7205810546875,963.146240234375,2371.944580078125,414.8013610839844,420.3222961425781,2746.038818359375,236.85595703125,510.5123596191406,2434.658203125,290.0958557128906,846.8765258789062,2543.505126953125,253.8722686767578,962.2239990234376,2439.64111328125,588.722412109375,-30.850276947021484,3032.51953125,539.677490234375,-64.96835327148438,2896.464111328125,579.5042114257812,-92.4896011352539,2914.77978515625,665.8178100585938,-73.01627349853516,2991.68115234375,533.9517822265625,-98.97068786621094,2929.631591796875,527.7614135742188,-105.0061492919922,3050.482421875
487.5275268554687,425.8748779296875,2729.007080078125,522.4547729492188,317.11065673828125,2847.745361328125,549.7313232421875,225.2418975830078,2938.1181640625,579.212646484375,41.79043960571289,3013.485107421875,604.8448486328125,74.28665161132812,2995.150146484375,728.9674072265625,103.83038330078124,2961.22021484375,873.7122802734375,309.9176940917969,2919.832763671875,763.8807983398438,304.77752685546875,2735.99853515625,687.4927368164062,296.5072021484375,2691.217529296875,596.4569702148438,334.68975830078125,2676.60693359375,689.17822265625,293.3904113769531,2832.754638671875,544.2799682617188,70.69699096679688,3008.636962890625,425.8834838867187,92.1659927368164,3025.166015625,260.12457275390625,289.8493347167969,3057.8642578125,230.4354248046875,286.650390625,2843.011474609375,222.24717712402344,282.592041015625,2747.69384765625,224.1827850341797,257.16064453125,2652.9765625,243.51206970214844,286.3217468261719,2733.343994140625,569.4710083007812,432.1246032714844,2710.627685546875,604.9647216796875,512.0828857421875,2351.39453125,566.7828369140625,836.11328125,2487.0498046875,622.3198852539062,959.247802734375,2378.93505859375,413.635498046875,420.2392272949219,2745.580322265625,236.51126098632812,509.9264526367187,2434.147216796875,290.219970703125,845.1546020507812,2544.75439453125,259.32513427734375,963.9161376953124,2443.357666015625,587.965087890625,-31.228988647460938,3030.311279296875,539.4112548828125,-64.28693389892578,2894.025390625,579.1769409179688,-91.86019134521484,2912.2080078125,665.1375122070312,-72.90059661865234,2989.404541015625,533.6513671875,-98.51810455322266,2926.861572265625,527.142578125,-105.5204086303711,3047.48876953125
489.37445068359375,427.4357299804687,2727.564208984375,523.51171875,319.1923828125,2845.673095703125,549.8941040039062,225.76644897460935,2933.56103515625,578.11181640625,43.961063385009766,3010.27734375,603.78662109375,75.9330825805664,2991.7333984375,726.9466552734375,104.83294677734376,2956.753662109375,874.079833984375,308.64251708984375,2922.261474609375,764.3756713867188,312.18560791015625,2739.774169921875,690.011474609375,299.9115295410156,2693.557861328125,597.651123046875,332.73797607421875,2678.237548828125,690.1257934570312,294.072265625,2834.538818359375,543.55615234375,72.857421875,3005.17431640625,425.75286865234375,94.76415252685548,3020.08349609375,264.1868896484375,289.9884948730469,3071.259521484375,226.8265380859375,324.38348388671875,2861.675048828125,232.65277099609375,297.7138671875,2770.478515625,234.0395050048828,267.63604736328125,2677.72607421875,248.18931579589844,287.0481262207031,2763.24658203125,570.9252319335938,433.640869140625,2709.68017578125,603.3455810546875,513.8823852539062,2352.444580078125,569.8342895507812,837.27734375,2485.45654296875,615.8851928710938,963.9646606445312,2378.61181640625,415.8365478515625,421.84027099609375,2743.690673828125,234.3448028564453,511.30218505859375,2437.302490234375,291.8837585449219,845.8228149414062,2541.199462890625,257.32666015625,964.9202880859376,2442.883056640625,586.3783569335938,-28.51414680480957,3027.718017578125,538.2225952148438,-62.680477142333984,2892.51123046875,576.19677734375,-91.4269790649414,2911.815185546875,661.5317993164062,-74.57148742675781,2989.157958984375,530.5050048828125,-95.52113342285156,2925.95458984375,522.286376953125,-98.9665298461914,3045.921630859375
489.6838989257813,428.9446411132813,2728.708251953125,524.1661987304688,320.26141357421875,2847.178466796875,550.7379150390625,225.81825256347656,2934.665283203125,579.69677734375,42.6672248840332,3009.864013671875,605.3621215820312,75.04485321044922,2991.59619140625,729.3358154296875,103.76891326904295,2957.4794921875,874.6300659179688,310.0877685546875,2922.9951171875,767.564208984375,312.6563415527344,2737.99462890625,694.0296630859375,294.5033874511719,2691.741455078125,602.58642578125,333.3351745605469,2698.669921875,686.401611328125,292.4674377441406,2830.4873046875,544.90283203125,71.59014129638672,3005.0009765625,426.54058837890625,92.4688720703125,3020.666259765625,262.29290771484375,290.4680480957031,3054.779541015625,227.39585876464844,305.2140808105469,2841.65087890625,234.3127899169922,291.7497863769531,2747.30078125,240.9190216064453,263.8449401855469,2653.70703125,249.05691528320312,284.58721923828125,2738.42626953125,571.53076171875,435.3355407714844,2710.748779296875,603.6920776367188,513.5639038085938,2351.6064453125,564.2406005859375,838.4314575195312,2482.926513671875,605.2847900390625,964.8353271484376,2372.70361328125,415.87896728515625,423.18170166015625,2744.9033203125,233.7383270263672,513.9451293945312,2437.60693359375,292.6924743652344,849.5953979492188,2541.690673828125,253.5646209716797,966.4343872070312,2441.425537109375,588.2590942382812,-30.223459243774418,3026.647705078125,543.7265014648438,-58.78634262084961,2888.321044921875,581.4119873046875,-88.35320281982422,2907.472900390625,664.8825073242188,-74.5687484741211,2988.058349609375,535.1948852539062,-93.18012237548828,2920.2275390625,523.708984375,-101.8197784423828,3040.124267578125
489.4855346679687,428.706298828125,2727.251708984375,523.0419921875,318.4692077636719,2843.547607421875,549.0611572265625,224.57232666015625,2930.93603515625,578.9884643554688,43.20813751220703,3007.771240234375,604.3265991210938,75.33845520019531,2989.0966796875,727.6400146484375,103.70101165771484,2954.4833984375,875.55615234375,307.6947937011719,2925.941650390625,766.5339965820312,319.6181640625,2743.5341796875,703.4412231445312,296.7476501464844,2686.04931640625,614.2590942382812,339.9067077636719,2690.052734375,688.7627563476562,293.1988220214844,2829.781005859375,544.204345703125,71.80598449707031,3002.755859375,426.69732666015625,93.06351470947266,3020.20263671875,262.74603271484375,289.69287109375,3055.13671875,231.1315155029297,293.2749328613281,2841.964599609375,233.47547912597656,290.1658020019531,2746.900634765625,241.5948944091797,264.0979309082031,2653.337890625,248.9519195556641,285.8935852050781,2736.5986328125,571.006103515625,434.6302490234375,2709.344970703125,603.5236206054688,512.9019165039062,2351.883544921875,563.8662109375,836.7792358398438,2481.4912109375,613.5213623046875,962.5025024414062,2375.272216796875,415.9748229980469,423.3644104003906,2743.399169921875,234.0574951171875,513.571533203125,2437.718505859375,291.0935974121094,850.041748046875,2534.718505859375,231.42498779296875,956.8056030273438,2434.4248046875,587.89013671875,-29.134370803833008,3025.277587890625,537.0926513671875,-51.45579528808594,2888.65673828125,575.8888549804688,-81.22494506835938,2904.368408203125,662.7203979492188,-70.19721984863281,2980.998779296875,530.6273193359375,-87.34053039550781,2919.063720703125,525.2741088867188,-101.95355224609376,3038.28515625
489.8546752929687,433.6033630371094,2730.044189453125,522.3464965820312,316.0631408691406,2838.696044921875,548.915771484375,226.4619903564453,2929.884765625,577.5924682617188,42.96377182006836,3000.67529296875,603.0919799804688,75.46734619140625,2983.1572265625,727.3029174804688,103.79464721679688,2953.210205078125,875.5233764648438,306.66064453125,2923.5390625,765.626953125,318.8100891113281,2742.259521484375,703.8311157226562,292.29156494140625,2685.255126953125,618.9517211914062,339.6368103027344,2703.688232421875,687.2840576171875,292.78582763671875,2828.30615234375,543.0591430664062,71.83361053466797,2996.522705078125,425.907958984375,92.15103149414062,3015.453125,267.7399597167969,290.7098083496094,3060.244140625,236.98580932617188,295.35955810546875,2847.480224609375,236.22450256347656,287.623779296875,2752.8798828125,239.772216796875,264.3564147949219,2658.5361328125,248.8197479248047,287.8628234863281,2740.282470703125,571.2286376953125,439.90179443359375,2712.5234375,604.2305908203125,515.0562133789062,2355.3271484375,562.086181640625,838.5882568359375,2482.7529296875,605.6421508789062,960.5067138671876,2370.263427734375,416.4761657714844,427.9237976074219,2745.843505859375,237.06292724609375,514.0659790039062,2438.55224609375,290.2657470703125,850.234375,2535.7197265625,233.77574157714844,955.54736328125,2432.676513671875,586.035400390625,-29.786415100097656,3015.801513671875,539.3531494140625,-50.54767608642578,2877.84765625,577.4673461914062,-80.54621887207031,2894.375732421875,661.8214721679688,-70.61653900146484,2973.4677734375,531.8748168945312,-86.61209869384766,2907.62890625,522.9472045898438,-102.31143188476562,3026.2109375
489.8499450683594,433.9231567382813,2729.81396484375,522.2819213867188,316.5324401855469,2838.330078125,548.7764282226562,226.80682373046875,2929.17724609375,576.7745361328125,43.00855255126953,2998.7333984375,602.351318359375,75.480712890625,2981.418701171875,726.4512329101562,103.0703125,2951.06005859375,876.3621215820312,303.848876953125,2918.586669921875,765.1669921875,315.0601806640625,2738.361328125,699.9060668945312,288.8816223144531,2685.37841796875,617.0679321289062,338.37921142578125,2706.5576171875,691.2089233398438,292.66876220703125,2828.91650390625,542.3917236328125,71.99579620361328,2994.78759765625,425.4642028808594,92.71498107910156,3013.681884765625,269.0867919921875,291.7759094238281,3060.576171875,238.3835906982422,299.0702209472656,2848.158935546875,239.42123413085935,293.0246887207031,2753.560302734375,245.8633270263672,270.4207458496094,2659.33740234375,253.2662811279297,290.7825012207031,2742.8935546875,571.1151123046875,440.1653747558594,2712.279052734375,604.0938110351562,514.659912109375,2355.42578125,562.3128051757812,838.05712890625,2482.074462890625,605.2224731445312,960.4158935546876,2370.15185546875,416.5695495605469,428.2942810058594,2745.6259765625,236.0303497314453,514.5908813476562,2439.6005859375,291.1656799316406,850.209716796875,2535.930419921875,236.7354431152344,956.477294921875,2433.069580078125,584.9431762695312,-29.770471572875977,3013.389404296875,536.53955078125,-45.73831558227539,2875.59228515625,574.73095703125,-76.32168579101562,2890.59619140625,659.988037109375,-69.26201629638672,2968.8046875,529.351318359375,-82.72396087646484,2904.195068359375,521.883056640625,-102.3743896484375,3022.13134765625
491.0216064453125,435.58734130859375,2730.894775390625,523.3224487304688,318.6010437011719,2838.625,549.5078125,227.6182098388672,2927.324951171875,576.4788208007812,42.37909698486328,2990.2392578125,602.0505981445312,75.06704711914062,2973.94873046875,725.244384765625,102.6553955078125,2942.7978515625,871.9741821289062,304.69659423828125,2913.91796875,757.6560668945312,316.8248291015625,2737.017578125,696.859130859375,288.54254150390625,2680.66357421875,614.1702270507812,337.1400451660156,2702.14208984375,679.6820678710938,291.6486511230469,2822.6513671875,542.4527587890625,71.56245422363281,2987.47509765625,426.3675231933594,91.68287658691406,3008.193359375,270.80084228515625,285.5138244628906,3070.0498046875,238.30291748046875,303.4172058105469,2859.653076171875,245.195068359375,297.7322998046875,2765.767822265625,255.7009735107422,280.048828125,2671.372314453125,260.3876037597656,294.43194580078125,2757.497802734375,571.8569946289062,441.7911682128906,2713.39453125,604.689453125,514.52001953125,2358.0947265625,563.8798828125,837.759521484375,2480.428955078125,612.4825439453125,958.9192504882812,2370.900634765625,418.1287841796875,429.9930725097656,2746.675537109375,235.53350830078125,515.3743896484375,2443.873046875,290.1373291015625,850.7528076171875,2534.515380859375,230.8677520751953,955.9432983398438,2434.5009765625,584.183837890625,-30.523941040039062,3002.355224609375,534.1453857421875,-31.599994659423828,2865.0263671875,570.4305419921875,-65.32746887207031,2876.7734375,656.10498046875,-69.97114562988281,2953.815673828125,525.0964965820312,-70.27454376220703,2890.268310546875,517.4457397460938,-99.54906463623048,3005.541748046875
491.0283203125,435.5877075195313,2730.885498046875,523.3272705078125,318.5987548828125,2838.612548828125,549.5101318359375,227.60678100585935,2927.30322265625,576.4595336914062,42.357295989990234,2990.194091796875,602.0355224609375,75.04537963867188,2973.910888671875,725.24072265625,102.61671447753906,2942.7919921875,872.0551147460938,304.6025695800781,2913.962646484375,757.7839965820312,316.8030700683594,2737.03759765625,697.0017700195312,288.5438537597656,2680.656982421875,614.3189086914062,337.15765380859375,2702.1201171875,679.7799682617188,291.6200256347656,2822.639892578125,542.4361572265625,71.54366302490234,2987.430908203125,426.3475036621094,91.67542266845705,3008.115966796875,270.79779052734375,285.5442199707031,3069.892822265625,238.39422607421875,303.4179382324219,2859.479736328125,245.3565368652344,297.718994140625,2765.600830078125,255.9619903564453,279.9825134277344,2671.22705078125,260.57568359375,294.42669677734375,2757.33935546875,571.8636474609375,441.7917785644531,2713.38671875,604.7047729492188,514.53125,2358.0908203125,563.8953247070312,837.7670288085938,2480.431640625,612.5067749023438,958.9307250976562,2370.912353515625,418.1355285644531,429.9932556152344,2746.6650390625,235.54638671875,515.3823852539062,2443.86279296875,290.1501159667969,850.756591796875,2534.51611328125,230.8845062255859,955.95556640625,2434.509033203125,584.1572875976562,-30.547813415527344,3002.301025390625,534.1109619140625,-31.561016082763672,2864.97509765625,570.390869140625,-65.29918670654297,2876.706298828125,656.0687255859375,-69.9878921508789,2953.741455078125,525.0570068359375,-70.24388122558594,2890.2021484375,517.4078979492188,-99.5625991821289,3005.464111328125
492.4963989257813,442.4020080566406,2734.45458984375,523.6600341796875,320.97283935546875,2836.426513671875,549.0904541015625,227.1057891845703,2921.471435546875,572.2048950195312,37.65520477294922,2968.873046875,598.3460693359375,70.93165588378906,2955.43896484375,721.726806640625,99.77310180664062,2928.755126953125,876.8231811523438,296.20098876953125,2932.83203125,797.5215454101562,320.2947692871094,2739.78369140625,751.1531372070312,276.25482177734375,2680.4697265625,659.804443359375,309.0643005371094,2667.87646484375,720.6439208984375,286.73089599609375,2819.60205078125,538.8869018554688,67.48646545410156,2968.42041015625,424.1359252929687,86.6373062133789,2994.023681640625,265.27197265625,282.7275695800781,3030.89453125,239.6140899658203,298.9825744628906,2820.32666015625,294.2082824707031,304.8799743652344,2744.139404296875,335.64984130859375,332.6889343261719,2661.8916015625,251.10682678222656,310.4312438964844,2727.303466796875,573.01513671875,448.4936218261719,2717.101318359375,604.8783569335938,507.178955078125,2360.6796875,568.6613159179688,832.855224609375,2473.4814453125,605.2830810546875,963.2412109375,2371.23828125,419.88909912109375,436.908935546875,2750.10302734375,236.4989318847656,512.844970703125,2447.093994140625,287.2216491699219,849.0836181640625,2530.83056640625,223.89651489257812,957.5746459960938,2438.123291015625,578.4576416015625,-35.81940460205078,2974.971923828125,528.0048828125,-14.121975898742676,2840.178955078125,562.3456420898438,-50.9040641784668,2846.3623046875,647.649169921875,-71.22998046875,2920.49755859375,517.0662231445312,-55.39543533325195,2859.493896484375,508.4367980957031,-100.7103500366211,2968.8408203125
493.3855895996094,443.0501403808594,2734.12060546875,524.4732666015625,321.7815856933594,2835.656982421875,549.57763671875,226.36708068847656,2918.55224609375,569.768310546875,35.05635070800781,2956.883544921875,596.3728637695312,68.48204040527344,2945.2177734375,720.0252075195312,96.79524230957033,2920.92431640625,877.3887939453125,289.65826416015625,2940.379150390625,804.2772216796875,329.9200439453125,2748.163330078125,766.9430541992188,286.8378601074219,2682.4423828125,675.9578247070312,303.036865234375,2650.972412109375,723.5692749023438,286.01318359375,2818.148193359375,536.9483032226562,65.2602767944336,2957.6796875,422.5235595703125,85.27325439453125,2982.672119140625,270.2337951660156,283.8057861328125,3028.624755859375,250.8594665527344,308.7213439941406,2818.77734375,309.5139465332031,319.1668395996094,2746.48876953125,356.8885192871094,346.3795166015625,2667.5986328125,263.4855651855469,322.3022155761719,2727.642822265625,573.71142578125,449.2213439941406,2716.8974609375,605.7446899414062,507.0003967285156,2361.278564453125,568.9356079101562,832.8624877929688,2470.600830078125,605.0999755859375,959.9774780273438,2364.849853515625,420.9522705078125,437.4853210449219,2749.6513671875,237.3541259765625,512.6210327148438,2447.667724609375,286.17303466796875,848.5572509765625,2530.028076171875,216.21006774902344,955.1495361328124,2440.614501953125,574.9660034179688,-38.51829528808594,2959.495849609375,531.4951171875,-3.2449886798858643,2825.5400390625,564.3294677734375,-41.469696044921875,2829.80615234375,645.3139038085938,-71.1331787109375,2905.17626953125,518.5011596679688,-45.583038330078125,2840.498046875,503.587890625,-100.05162811279295,2944.53662109375
494.0644226074219,449.7041931152344,2736.439697265625,523.686767578125,322.5789794921875,2829.530517578125,548.89501953125,229.685546875,2914.16796875,566.08740234375,37.56737518310547,2943.49658203125,593.077880859375,70.9345932006836,2933.580078125,715.6539306640625,101.07920837402344,2909.71240234375,879.3347778320312,270.4039001464844,2988.50830078125,809.3291625976562,342.9023742675781,2806.061767578125,765.3464965820312,315.5440673828125,2736.741943359375,736.445068359375,277.0439758300781,2652.411865234375,729.5142211914062,293.4139404296875,2872.1015625,533.86572265625,68.0043716430664,2945.52783203125,420.1343078613281,87.41893005371094,2971.1279296875,263.2489929199219,277.1722106933594,3029.500244140625,211.1505584716797,350.28631591796875,2838.4755859375,268.40814208984375,324.7774963378906,2769.5400390625,312.7156066894531,330.6717224121094,2685.20654296875,256.712646484375,341.9166259765625,2742.242431640625,573.9639892578125,455.776123046875,2719.306640625,605.515869140625,504.2548828125,2364.223388671875,568.3762817382812,828.8367919921875,2471.37451171875,605.0675048828125,960.0146484375,2372.43505859375,422.0154724121094,444.2288513183594,2751.88916015625,237.1314392089844,508.4348449707031,2450.481201171875,284.4151611328125,844.298828125,2525.806640625,199.33172607421875,953.6195068359376,2456.5107421875,570.2122192382812,-35.72088623046875,2942.712646484375,528.7798461914062,10.752838134765623,2812.420166015625,559.480224609375,-29.064809799194336,2813.869140625,638.4507446289062,-67.7682113647461,2886.28759765625,513.7509765625,-31.594757080078125,2824.3583984375,496.2193908691406,-92.0821762084961,2923.84326171875
493.8985290527344,449.72454833984375,2736.335693359375,523.4893798828125,322.6078186035156,2829.353759765625,548.625244140625,229.40472412109375,2913.60498046875,565.3792724609375,37.091285705566406,2941.425048828125,592.4351806640625,70.46215057373047,2931.769775390625,714.9308471679688,100.73654174804688,2907.889892578125,878.0123291015625,270.0106201171875,2987.7626953125,807.0374145507812,343.1343994140625,2806.023193359375,762.4406127929688,316.0596923828125,2737.022216796875,733.0669555664062,277.7398376464844,2652.811279296875,727.7645874023438,293.503662109375,2872.556640625,533.2377319335938,67.5739517211914,2943.69580078125,419.4693298339844,87.09737396240234,2968.858642578125,262.6554260253906,277.4019775390625,3025.21875,214.3254852294922,346.9532165527344,2831.965576171875,272.7308044433594,320.4199523925781,2764.437255859375,318.1380310058594,325.95269775390625,2680.703125,261.0494689941406,337.4177551269531,2736.50634765625,573.7728881835938,455.7919921875,2719.2177734375,605.2943725585938,504.2958984375,2364.260009765625,567.9427490234375,828.9569702148438,2470.71826171875,602.9647827148438,960.08837890625,2371.211669921875,421.8722839355469,444.2532958984375,2751.77197265625,237.05162048339844,508.463623046875,2450.47265625,284.3907165527344,844.1569213867188,2525.9765625,199.68980407714844,953.4782104492188,2456.332763671875,569.3367919921875,-36.17274856567383,2940.0703125,527.08642578125,11.652588844299316,2810.5869140625,557.8831787109375,-28.086584091186523,2811.415771484375,637.3203125,-67.39273834228516,2882.932373046875,512.234375,-30.851457595825195,2822.121826171875,495.4075927734375,-92.48654174804688,2920.974609375
493.6610107421875,449.8619384765625,2735.7578125,523.1251831054688,322.9457702636719,2828.302734375,547.7384033203125,227.2661590576172,2909.315185546875,561.0210571289062,33.810035705566406,2924.174560546875,588.5814208984375,67.16459655761719,2916.710205078125,709.2501831054688,97.4300765991211,2886.3603515625,871.7054443359375,277.5068054199219,2935.9453125,779.1337890625,330.5852966308594,2757.676513671875,729.1527099609375,295.17919921875,2696.941650390625,696.6220092773438,245.26268005371097,2620.658447265625,707.305908203125,288.5506286621094,2836.357666015625,529.5291137695312,64.55674743652344,2928.547119140625,416.01373291015625,84.70508575439453,2952.763427734375,263.104736328125,273.8855895996094,3019.45751953125,222.47203063964844,355.85064697265625,2829.9921875,288.51531982421875,329.7626647949219,2770.129150390625,349.2570495605469,335.7397155761719,2697.14501953125,285.6092529296875,335.97259521484375,2751.2236328125,573.3179321289062,455.9539489746094,2718.75146484375,606.6378784179688,504.1815490722656,2364.95947265625,567.71337890625,828.5067138671875,2468.683837890625,596.086181640625,959.2293090820312,2367.3486328125,421.8309020996094,444.3684997558594,2751.09326171875,237.48507690429688,508.1732177734375,2450.637451171875,283.2037658691406,842.931640625,2526.73974609375,197.3122406005859,949.769287109375,2455.693603515625,563.644775390625,-39.05160140991211,2917.94970703125,521.6961669921875,15.558831214904783,2791.547119140625,551.7842407226562,-24.528833389282227,2790.27197265625,630.68603515625,-68.39167785644531,2859.167236328125,506.2755432128906,-27.103832244873047,2801.035888671875,488.9724426269531,-93.0592041015625,2896.563232421875
494.24945068359375,451.2067565917969,2739.831787109375,524.2320556640625,325.12481689453125,2832.949951171875,548.6162719726562,226.5760955810547,2910.214599609375,556.878662109375,32.60484313964844,2905.723388671875,585.2866821289062,65.76480102539062,2901.7666015625,706.95703125,94.66664123535156,2875.088623046875,872.2868041992188,272.2912292480469,2922.16943359375,780.48046875,332.7213439941406,2746.210205078125,735.4860229492188,297.8554382324219,2681.566162109375,683.7261962890625,263.7633056640625,2607.400146484375,697.4353637695312,293.4563293457031,2817.153076171875,526.1885375976562,63.522071838378906,2912.990478515625,412.6456298828125,84.41877746582031,2935.56005859375,261.6239013671875,272.4844970703125,3008.07568359375,232.33865356445312,359.0260009765625,2818.889404296875,297.6943359375,352.6937255859375,2753.394775390625,362.227294921875,332.4935302734375,2686.661865234375,328.0086669921875,344.4417419433594,2771.03125,573.7891845703125,457.6788330078125,2722.984375,607.4808349609375,502.31683349609375,2369.281494140625,567.0316162109375,828.2374267578125,2465.515869140625,590.5765380859375,954.587158203125,2357.987548828125,422.5250244140625,445.3705749511719,2755.023681640625,238.75881958007812,504.9905090332031,2453.970703125,278.5144348144531,839.7408447265625,2531.173095703125,196.44239807128903,946.2160034179688,2455.69091796875,557.701416015625,-39.21067810058594,2892.275634765625,516.5667724609375,21.609411239624023,2768.709228515625,546.863525390625,-18.12969017028809,2765.613525390625,625.3231811523438,-65.02306365966797,2832.724365234375,501.3467102050781,-21.514501571655273,2775.80908203125,483.6516723632813,-92.36771392822266,2867.47119140625
493.660888671875,450.8283996582031,2739.122802734375,523.59033203125,325.03753662109375,2832.37451171875,547.5652465820312,224.72918701171875,2907.252685546875,553.4735107421875,31.339927673339844,2893.020263671875,582.2700805664062,64.26958465576172,2890.83984375,704.905517578125,92.2536392211914,2868.59033203125,878.373046875,261.5160217285156,2915.8818359375,791.1257934570312,322.3760070800781,2738.00927734375,739.9262084960938,288.84027099609375,2677.52880859375,704.6166381835938,238.8288421630859,2602.862060546875,715.1802368164062,289.3401184082031,2816.233154296875,523.1646118164062,62.19768524169922,2901.72607421875,409.743408203125,82.69874572753906,2924.646240234375,266.3047180175781,269.4307556152344,3013.318603515625,235.3721618652344,372.2061462402344,2832.959228515625,298.9766540527344,366.6313171386719,2765.8251953125,359.2734680175781,370.3200073242187,2692.625244140625,327.2055969238281,355.2832336425781,2780.55615234375,573.1454467773438,457.3768005371094,2722.445556640625,606.7620239257812,500.0016174316406,2368.854248046875,566.8095703125,825.9798583984375,2463.860107421875,590.0646362304688,953.4624633789062,2357.8818359375,421.9862060546875,444.9234313964844,2754.16162109375,238.7071533203125,500.094482421875,2452.39501953125,275.9208679199219,834.8751220703125,2529.16259765625,198.4851226806641,946.1802978515624,2456.107421875,553.47412109375,-39.638824462890625,2875.985107421875,512.8231201171875,22.350799560546875,2753.0107421875,543.3527221679688,-17.123291015625,2749.64404296875,621.5757446289062,-64.29592895507812,2816.64111328125,497.8374938964844,-20.903282165527344,2759.484619140625,479.99273681640625,-92.88825988769533,2850.077880859375
493.649658203125,450.65081787109375,2737.68896484375,523.3965454101562,324.86444091796875,2830.46875,547.012451171875,223.44113159179688,2903.51025390625,551.6578369140625,30.81905746459961,2884.42724609375,580.6212768554688,63.53464889526367,2883.15087890625,703.2562255859375,90.62958526611328,2861.24169921875,879.8799438476562,255.9634704589844,2908.21435546875,792.5369262695312,319.5614318847656,2731.8271484375,739.27197265625,288.1192626953125,2672.253173828125,701.0645751953125,239.8380889892578,2598.12109375,716.4304809570312,289.5033264160156,2811.012451171875,521.59326171875,61.588584899902344,2893.825927734375,407.96087646484375,82.2828598022461,2914.201416015625,261.04547119140625,270.1357116699219,2992.84423828125,238.74505615234375,366.709228515625,2808.311767578125,303.74713134765625,362.62408447265625,2742.677490234375,364.94769287109375,368.8038024902344,2670.646728515625,331.2272644042969,353.5191650390625,2756.387451171875,572.9915771484375,457.18499755859375,2721.109130859375,607.0927734375,499.733154296875,2368.26708984375,567.3078002929688,825.209228515625,2462.64599609375,590.6157836914062,951.315185546875,2355.557373046875,422.10357666015625,444.7586669921875,2752.6396484375,238.54763793945312,500.28179931640625,2451.939208984375,276.88525390625,834.09033203125,2529.329833984375,201.3413543701172,946.5746459960938,2456.7392578125,551.2279663085938,-39.564720153808594,2865.634521484375,514.6450805664062,24.210792541503903,2742.625244140625,544.18017578125,-15.91394329071045,2739.5498046875,619.713623046875,-65.43683624267578,2807.553466796875,498.4893798828125,-18.61485481262207,2748.451904296875,477.10888671875,-90.65447998046876,2837.93212890625
494.830322265625,454.7498474121094,2737.58544921875,521.7008666992188,325.88458251953125,2826.21142578125,542.9578247070312,221.70472717285156,2895.41845703125,545.2659912109375,30.64681625366211,2867.408203125,574.47509765625,63.01368713378906,2867.201171875,697.2490234375,90.46495819091795,2848.721435546875,872.4002075195312,251.8660430908203,2909.482177734375,795.3751831054688,313.5037841796875,2728.291015625,739.5496826171875,288.281494140625,2668.427734375,697.6426391601562,246.1068420410156,2592.909912109375,718.6636352539062,284.6241149902344,2807.083251953125,515.7526245117188,61.16002655029297,2878.66650390625,403.419921875,80.43319702148438,2905.005126953125,266.2396545410156,263.6108703613281,3006.766845703125,256.805419921875,380.970703125,2834.185302734375,310.1009521484375,363.1871643066406,2761.05224609375,353.09912109375,371.05902099609375,2677.300048828125,327.7701721191406,358.4551696777344,2760.293701171875,574.2687377929688,460.8822326660156,2722.417236328125,606.8756103515625,499.8208923339844,2369.961669921875,565.6212768554688,824.8921508789062,2461.84765625,590.69580078125,954.8305053710938,2360.579345703125,423.1971435546875,449.2200012207031,2751.263427734375,238.59832763671875,497.41156005859375,2451.04296875,279.0423889160156,830.869140625,2524.7724609375,211.47055053710935,943.3839111328124,2445.5263671875,543.8092041015625,-38.59479141235352,2845.431884765625,510.4745178222656,29.17642593383789,2724.08349609375,540.4580078125,-10.405253410339355,2720.474853515625,614.1791381835938,-61.538841247558594,2788.782958984375,494.6640625,-13.882713317871094,2727.799072265625,471.3579406738281,-89.22022247314453,2813.608642578125
494.42926025390625,452.7805786132813,2738.097412109375,521.158447265625,323.598876953125,2826.0029296875,541.9528198242188,217.5580596923828,2892.214111328125,542.6878662109375,28.346940994262695,2854.623779296875,572.170654296875,60.36017990112305,2856.280029296875,694.1630249023438,90.65550231933594,2837.990966796875,870.75341796875,245.49378967285156,2909.641357421875,794.032958984375,314.539306640625,2731.26171875,741.0344848632812,289.4126281738281,2668.967041015625,703.0314331054688,248.45339965820312,2590.88671875,716.350830078125,280.016845703125,2806.575439453125,513.403076171875,58.508975982666016,2867.1708984375,401.0679931640625,82.39508819580078,2888.7412109375,266.1954040527344,260.5658264160156,3001.25927734375,253.4149932861328,389.50836181640625,2837.65869140625,309.773681640625,358.7413330078125,2771.595703125,356.33270263671875,371.1985473632813,2690.456787109375,314.0323791503906,364.9325866699219,2754.90869140625,573.7654418945312,458.787353515625,2722.80126953125,606.3054809570312,497.8748474121094,2370.735107421875,561.4898681640625,821.8512573242188,2463.487548828125,573.515625,953.3272705078124,2362.102783203125,422.8883056640625,447.364013671875,2751.890625,238.7925567626953,497.5264892578125,2452.12841796875,277.4573974609375,830.2159423828125,2528.543212890625,207.6795654296875,945.9537353515624,2456.489501953125,540.7606811523438,-39.6055793762207,2829.185546875,506.3768005371094,25.64780044555664,2706.9306640625,537.1826782226562,-13.284564018249512,2703.966064453125,611.702392578125,-61.80018615722656,2773.1162109375,491.5005187988281,-17.639684677124023,2711.20751953125,469.5856018066406,-92.16761016845705,2797.918701171875
494.405517578125,452.323974609375,2736.640380859375,520.5919799804688,319.0950622558594,2819.294677734375,541.5997314453125,212.95437622070312,2885.94140625,542.2930297851562,24.461761474609375,2842.486572265625,571.8814697265625,56.464595794677734,2845.23583984375,694.1735229492188,88.75238800048828,2830.236572265625,870.7169189453125,240.34280395507812,2910.70947265625,794.946533203125,312.10455322265625,2732.34375,740.6529541015625,288.6773376464844,2670.180419921875,700.8151245117188,249.0269470214844,2592.015625,716.6720581054688,279.3922424316406,2808.3134765625,512.9103393554688,54.34109115600586,2855.873291015625,400.91217041015625,79.17840576171875,2879.733642578125,265.0750427246094,256.5365295410156,2993.88671875,253.9550018310547,394.9931335449219,2837.36376953125,309.50634765625,357.22613525390625,2773.94921875,352.45556640625,373.7305603027344,2691.255859375,313.3696594238281,367.64349365234375,2752.24462890625,574.0601806640625,458.961669921875,2722.103515625,606.0318603515625,497.6725158691406,2368.961181640625,559.8615112304688,821.8247680664062,2463.82373046875,576.38671875,950.5502319335938,2358.857666015625,422.577392578125,446.3384704589844,2749.7490234375,237.7204132080078,497.8804016113281,2449.535888671875,279.5535888671875,830.4334106445312,2529.043212890625,212.0936737060547,947.174072265625,2455.523193359375,540.39013671875,-42.865501403808594,2814.90673828125,499.723876953125,29.269725799560547,2698.1123046875,528.864501953125,-10.607566833496094,2691.206298828125,606.4821166992188,-64.885986328125,2752.74951171875,483.5594177246094,-13.761344909667969,2701.57861328125,465.0786437988281,-91.63971710205078,2786.55615234375
492.5739440917969,450.6670227050781,2737.531982421875,517.9927368164062,317.28594970703125,2820.541015625,537.965087890625,208.9573516845703,2884.205322265625,534.4989013671875,22.167190551757812,2833.174560546875,564.8485717773438,53.36125183105469,2837.364013671875,689.161865234375,78.90184783935547,2824.911865234375,858.4297485351562,253.22360229492188,2866.465576171875,775.9537963867188,277.6358947753906,2678.295654296875,697.3699340820312,293.1107482910156,2647.2568359375,614.9268798828125,289.7439270019531,2597.430908203125,730.8464965820312,278.6021423339844,2783.057861328125,505.70941162109375,52.211299896240234,2847.610595703125,393.41015625,77.93637084960938,2869.73193359375,259.7997131347656,250.8192138671875,2993.61572265625,261.6863098144531,400.2295837402344,2846.7490234375,311.30078125,359.244384765625,2780.322509765625,320.77716064453125,380.071533203125,2688.38330078125,316.99365234375,400.4228515625,2738.93359375,572.3965454101562,456.9832763671875,2723.238037109375,606.6146240234375,498.3406677246094,2370.18017578125,559.482177734375,823.5050048828125,2462.52001953125,580.3612670898438,950.8312377929688,2356.316650390625,420.5944213867187,444.9713745117187,2750.42138671875,236.9372406005859,499.93353271484375,2449.579345703125,283.24078369140625,831.82763671875,2531.100830078125,218.21632385253903,947.0044555664062,2452.70263671875,531.1831665039062,-44.01871490478515,2802.872802734375,500.0059509277344,24.798986434936523,2681.05859375,529.8033447265625,-15.120189666748049,2677.66455078125,602.3555297851562,-67.3255386352539,2746.9404296875,483.7536315917969,-18.271015167236328,2684.350830078125,458.57318115234375,-94.04521942138672,2769.6982421875
491.99322509765625,447.9092712402344,2732.894775390625,516.0977783203125,316.2105407714844,2817.359130859375,533.9927368164062,204.8644866943359,2874.788818359375,528.8951416015625,20.12060546875,2820.43212890625,559.36865234375,50.77253341674805,2825.266845703125,682.8616943359375,77.05827331542969,2813.09716796875,848.8818359375,249.7748260498047,2865.3603515625,775.8675537109375,281.1915588378906,2675.52783203125,692.7328491210938,300.50787353515625,2671.532958984375,601.2662353515625,309.6217346191406,2644.264404296875,757.3397216796875,246.6908721923828,2783.290283203125,500.5098571777344,49.9954833984375,2835.3046875,388.1851501464844,74.85934448242188,2854.8486328125,253.36599731445312,243.2254180908203,2980.93701171875,258.9337463378906,398.6732482910156,2842.23388671875,308.1982116699219,360.4465942382813,2774.59228515625,315.5417785644531,378.90045166015625,2682.466552734375,319.27117919921875,398.5107116699219,2737.6181640625,571.4693603515625,453.398193359375,2718.772216796875,606.439453125,500.9215393066406,2368.481201171875,562.8019409179688,823.5689086914062,2464.63330078125,576.0325927734375,953.1721801757812,2361.38427734375,420.3260498046875,442.9596557617187,2745.629638671875,237.1230010986328,501.2046203613281,2447.37158203125,282.1759033203125,830.6107788085938,2531.929443359375,219.89149475097656,948.9122314453124,2457.658935546875,525.0416870117188,-45.08525085449219,2789.0146484375,497.6184387207031,26.903152465820312,2669.033203125,529.4742431640625,-11.068914413452148,2665.875732421875,600.120849609375,-62.217742919921875,2736.91259765625,483.5875549316406,-16.80440902709961,2669.58740234375,457.630126953125,-96.9621353149414,2749.692138671875
491.0177001953125,448.1435241699219,2731.3837890625,513.8961181640625,311.8641662597656,2809.250244140625,531.3932495117188,199.87896728515625,2866.106689453125,525.5064697265625,15.801429748535156,2808.33056640625,556.1011962890625,46.43793487548828,2813.26806640625,679.1111450195312,75.53651428222656,2800.045166015625,844.3488159179688,246.1202392578125,2862.973388671875,772.9816284179688,279.3396911621094,2672.383056640625,714.0224609375,223.96437072753903,2644.3359375,658.3064575195312,166.86181640625,2590.819091796875,723.255126953125,240.22756958007812,2771.222900390625,497.2886657714844,45.43867874145508,2824.216796875,386.481689453125,70.74837493896484,2851.638671875,255.0231781005859,243.4947204589844,2976.31884765625,263.8021240234375,400.8013916015625,2839.269775390625,310.9516906738281,361.6315612792969,2770.4248046875,312.972900390625,375.2037048339844,2676.9990234375,325.0858154296875,390.6555480957031,2737.704345703125,570.6090087890625,453.1944885253906,2716.838623046875,606.4887084960938,501.3520812988281,2366.01611328125,559.6620483398438,823.3299560546875,2465.22705078125,586.5582885742188,954.0908203125,2365.630126953125,419.2467041015625,443.5888366699219,2744.499755859375,236.75827026367188,501.4606628417969,2444.9013671875,282.3251953125,830.262939453125,2534.148681640625,224.2979736328125,951.0904541015624,2459.87548828125,521.1818237304688,-48.94498825073242,2775.71728515625,494.0369262695313,24.056814193725582,2655.951171875,523.4895629882812,-15.859933853149414,2652.00634765625,593.4363403320312,-70.89334106445312,2721.15869140625,477.4024353027344,-18.806997299194336,2657.30126953125,449.3474426269531,-96.97439575195312,2738.983154296875
491.6669616699219,446.4204406738281,2730.460693359375,514.0637817382812,309.50189208984375,2807.2802734375,530.8561401367188,195.9420166015625,2861.09326171875,524.4597778320312,13.675138473510742,2797.992919921875,555.1618041992188,44.000938415527344,2803.99755859375,678.4822998046875,72.46205139160156,2792.6318359375,843.0107421875,240.8581085205078,2862.728271484375,775.5475463867188,279.490966796875,2671.77734375,691.4652099609375,269.2774658203125,2659.430908203125,605.1001586914062,250.8105010986328,2621.672119140625,757.894287109375,233.69569396972656,2777.005126953125,496.2896728515625,42.97296524047851,2814.557373046875,384.9188232421875,66.82624053955078,2840.88818359375,247.74229431152344,236.0319976806641,2964.164794921875,257.4455871582031,395.0929260253906,2829.27783203125,306.1631774902344,357.0426025390625,2760.920654296875,307.9258117675781,367.8990173339844,2667.152587890625,314.46771240234375,383.3334655761719,2726.736328125,571.284912109375,451.3976440429687,2716.119140625,605.6085815429688,503.2973327636719,2365.740234375,563.434814453125,825.34716796875,2466.579833984375,586.8413696289062,955.1585693359376,2364.931396484375,419.8719787597656,441.9322204589844,2743.39306640625,237.4827880859375,503.9076232910156,2444.632568359375,287.0909118652344,831.5279541015625,2535.811279296875,225.2219696044922,949.0648193359376,2459.445556640625,520.0318603515625,-50.06825256347656,2763.5009765625,493.1984558105469,29.260448455810547,2647.787841796875,524.3343505859375,-9.147770881652832,2642.235107421875,594.549072265625,-65.69412231445312,2709.8447265625,478.2867431640625,-14.207013130187988,2645.974365234375,451.2326049804687,-98.40961456298828,2721.751953125
491.35308837890625,445.00445556640625,2727.715087890625,513.160888671875,309.17919921875,2806.26220703125,528.3732299804688,192.6681976318359,2853.503662109375,519.9913330078125,11.990443229675291,2786.822021484375,550.9813842773438,41.8372917175293,2793.37109375,674.476806640625,68.27188873291016,2780.665283203125,837.9573974609375,238.9761962890625,2846.549072265625,773.4951782226562,275.732177734375,2654.441162109375,689.2876586914062,268.9360046386719,2641.279296875,602.1797485351562,254.1463928222656,2603.880126953125,741.2818603515625,261.5517272949219,2766.80517578125,492.185546875,41.203914642333984,2804.010009765625,381.15228271484375,67.44107055664062,2828.883056640625,246.5568084716797,232.16860961914065,2960.241455078125,258.5448913574219,392.5216979980469,2827.442626953125,306.4593505859375,354.5171813964844,2758.631591796875,309.5474548339844,366.27386474609375,2665.112060546875,307.03851318359375,372.8945007324219,2726.037353515625,570.9832153320312,449.7984924316406,2713.896484375,605.7083129882812,504.9248352050781,2364.452392578125,562.9007568359375,825.56494140625,2468.202880859375,577.1044311523438,959.6299438476562,2370.762451171875,419.5470886230469,440.6814575195313,2740.17578125,237.42706298828125,505.015625,2442.22021484375,288.1006164550781,831.6582641601562,2534.871826171875,230.3260040283203,953.2236328125,2462.027587890625,514.8501586914062,-50.92375564575195,2751.09814453125,489.85162353515625,24.71318817138672,2632.72802734375,519.7536010742188,-14.75811767578125,2628.501220703125,588.503173828125,-70.7754898071289,2697.826904296875,473.6454772949219,-18.271957397460938,2632.6083984375,444.4891052246094,-98.63260650634766,2711.5146484375
491.3537292480469,445.0030822753906,2727.7119140625,513.1609497070312,309.17626953125,2806.257568359375,528.3726196289062,192.6630401611328,2853.49462890625,519.9923095703125,11.987834930419922,2786.804443359375,550.9823608398438,41.83438491821289,2793.35595703125,674.4794311523438,68.2659683227539,2780.657470703125,837.9683227539062,238.95523071289065,2846.5615234375,773.5274658203125,275.7381286621094,2654.451171875,689.3228149414062,268.9310607910156,2641.274658203125,602.2589721679688,254.0968017578125,2603.790283203125,741.3294067382812,261.4524230957031,2766.80419921875,492.1859130859375,41.200714111328125,2803.99267578125,381.1499328613281,67.43363952636719,2828.859375,246.52182006835935,232.1561584472656,2960.191650390625,258.5153503417969,392.5009460449219,2827.382568359375,306.4393310546875,354.494384765625,2758.579345703125,309.5308837890625,366.2410583496094,2665.05810546875,307.013427734375,372.8673095703125,2725.980712890625,570.9841918945312,449.7975158691406,2713.894287109375,605.7144165039062,504.9312744140625,2364.450927734375,562.9041137695312,825.5690307617188,2468.210205078125,577.1107788085938,959.6370239257812,2370.773681640625,419.5473937988281,440.67974853515625,2740.171875,237.4352874755859,505.0182495117187,2442.21142578125,288.10455322265625,831.65966796875,2534.872802734375,230.3316650390625,953.2278442382812,2462.031005859375,514.85205078125,-50.92491149902344,2751.077392578125,489.8563537597656,24.71939468383789,2632.7109375,519.7581176757812,-14.752010345458984,2628.482177734375,588.506103515625,-70.774169921875,2697.80615234375,473.6498718261719,-18.26572608947754,2632.58837890625,444.4913024902344,-98.6309814453125,2711.48974609375
489.6961059570313,442.9510192871094,2723.193359375,510.5330810546875,306.4187316894531,2799.1640625,524.6558837890625,188.6004180908203,2841.5849609375,515.9320678710938,11.391803741455078,2768.67138671875,546.864501953125,40.67556381225586,2776.48876953125,670.6555786132812,64.16888427734375,2767.736572265625,844.2555541992188,216.37954711914065,2847.165283203125,802.6363525390625,279.9290771484375,2656.840087890625,742.1996459960938,247.0484619140625,2606.793701171875,692.71044921875,214.13958740234375,2532.078125,752.5906982421875,213.8960876464844,2739.083740234375,488.279052734375,39.961875915527344,2786.6201171875,376.8348693847656,61.54621505737305,2811.430419921875,230.52001953125,215.2980499267578,2941.2119140625,237.7688140869141,375.255859375,2809.207275390625,292.1541748046875,341.7038269042969,2743.57080078125,308.0018310546875,367.6348876953125,2654.787109375,306.06829833984375,369.5997009277344,2715.076416015625,569.0237426757812,447.6970520019531,2709.96533203125,605.578857421875,508.7815551757813,2363.490234375,563.1995239257812,825.3040161132812,2474.343505859375,592.1216430664062,959.056884765625,2381.224609375,418.1629333496094,438.67132568359375,2735.1220703125,241.4290771484375,509.7364196777344,2437.534912109375,288.68475341796875,832.7012329101562,2538.273681640625,232.25782775878903,954.2489624023438,2465.927490234375,510.7755126953125,-49.85042190551758,2730.83154296875,483.09759521484375,28.709150314331055,2615.856201171875,513.7950439453125,-9.634971618652344,2610.106201171875,584.1211547851562,-65.9302749633789,2676.67138671875,468.050048828125,-14.430509567260742,2614.390869140625,441.6697387695313,-97.72130584716795,2690.3359375
489.0370178222656,441.5745544433594,2717.6259765625,508.4635620117187,304.90142822265625,2791.395263671875,520.9039306640625,185.6580047607422,2827.228271484375,514.0712280273438,9.443685531616213,2755.242431640625,544.53662109375,38.697078704833984,2763.323486328125,666.8727416992188,64.87907409667969,2754.506103515625,845.702880859375,209.37228393554688,2831.45166015625,814.2039794921875,282.6612243652344,2644.254150390625,776.2135009765625,237.84017944335935,2583.5517578125,750.5616455078125,200.17483520507812,2500.423583984375,804.8201904296875,188.25230407714844,2708.80859375,486.2390441894531,37.72731018066406,2772.616455078125,375.7550964355469,59.52008056640625,2797.72705078125,227.3981781005859,202.76580810546875,2933.723876953125,207.79547119140625,339.0937194824219,2780.453857421875,270.9231872558594,303.1451416015625,2725.71142578125,321.1241149902344,362.44183349609375,2674.26611328125,332.26019287109375,335.6274108886719,2800.337890625,567.9288940429688,446.0583801269531,2705.157470703125,605.3339233398438,510.65618896484375,2361.954345703125,563.6973876953125,823.8490600585938,2475.300537109375,590.7225952148438,949.8119506835938,2373.23779296875,417.896728515625,437.5312194824219,2728.868896484375,241.3966064453125,518.3805541992188,2436.6259765625,290.7001953125,837.0869140625,2541.74072265625,249.03497314453125,957.9813842773438,2461.021728515625,509.7494812011719,-51.50202941894531,2717.78515625,480.0455932617187,27.924646377563477,2605.16259765625,509.9332885742187,-10.422196388244627,2598.2587890625,580.907470703125,-67.7308120727539,2661.88671875,464.5918273925781,-14.72983169555664,2603.705810546875,439.5341491699219,-97.88538360595705,2679.0087890625
488.6066284179687,441.2488403320313,2716.795166015625,507.6282653808594,304.1307373046875,2790.261474609375,519.4949951171875,184.04933166503903,2823.97802734375,511.6510925292969,10.479524612426758,2745.343505859375,542.3377075195312,39.211673736572266,2754.65185546875,665.0563354492188,64.89228820800781,2747.6103515625,845.5916137695312,204.45323181152344,2830.416015625,819.5221557617188,290.2738952636719,2647.479736328125,776.0291748046875,243.77159118652344,2591.794189453125,742.9270629882812,203.6521453857422,2512.39501953125,796.7088623046875,202.4685821533203,2719.833251953125,483.9194030761719,38.34503936767578,2763.663818359375,373.3273620605469,60.369815826416016,2788.762939453125,223.438720703125,202.64944458007812,2924.65869140625,207.91653442382812,342.8497314453125,2774.08984375,269.8744812011719,306.2253112792969,2718.279296875,320.0697937011719,367.924072265625,2669.5107421875,330.7464599609375,335.7006530761719,2799.833251953125,567.6250610351562,445.58599853515625,2704.43115234375,604.37451171875,512.1832275390625,2361.08740234375,564.484375,824.546630859375,2478.526611328125,590.6481323242188,950.83642578125,2376.310546875,417.352294921875,437.33782958984375,2727.944580078125,240.9569396972656,521.6613159179688,2436.090576171875,291.82220458984375,839.32373046875,2544.931396484375,246.61886596679688,957.1414184570312,2461.26416015625,507.03466796875,-49.06787872314453,2705.571533203125,482.5828247070313,33.98524856567383,2594.0859375,510.988525390625,-5.485840320587158,2586.8310546875,578.4868774414062,-67.1357421875,2650.427490234375,465.3626708984375,-7.991686344146728,2591.45361328125,435.5234069824219,-91.67770385742188,2664.616455078125
487.6512756347656,437.5802307128906,2711.78369140625,506.4629211425781,303.5522155761719,2790.843994140625,517.2877197265625,182.36029052734375,2820.7978515625,509.0518493652344,11.263593673706056,2736.890380859375,539.8389892578125,39.50592803955078,2747.327880859375,662.6336059570312,65.52399444580078,2743.056396484375,851.1045532226562,199.298583984375,2817.406005859375,829.6995849609375,279.24700927734375,2631.198974609375,776.6543579101562,238.35826110839844,2579.512939453125,733.8157348632812,201.0643615722656,2503.445068359375,785.357177734375,205.5163421630859,2709.599853515625,481.3299255371094,38.7501106262207,2755.803955078125,371.3502807617187,61.03403091430664,2783.328857421875,221.9162750244141,201.7040252685547,2921.45068359375,216.7187957763672,349.78472900390625,2777.8330078125,255.985107421875,301.9183044433594,2711.0166015625,304.6170959472656,370.6178588867187,2670.735107421875,335.05419921875,325.3795166015625,2805.833251953125,566.7803344726562,441.7355346679687,2700.0,604.65283203125,514.7177124023438,2358.0244140625,564.0855102539062,824.6513671875,2481.651611328125,595.794189453125,949.1039428710938,2378.714599609375,416.2971496582031,433.8332214355469,2722.409423828125,240.41835021972656,526.1327514648438,2432.6005859375,290.545654296875,841.9451904296875,2547.176513671875,235.8961181640625,959.2206420898438,2468.4912109375,504.4141540527344,-47.037818908691406,2695.297119140625,483.1925048828125,38.4180908203125,2584.944580078125,511.0167236328125,-1.4242231845855713,2577.419921875,576.4149169921875,-65.39754486083984,2640.9453125,465.2794189453125,-3.197968006134033,2581.287353515625,432.8139953613281,-87.63753509521484,2652.466552734375
486.2027893066406,434.1579895019531,2708.430908203125,504.486328125,300.54156494140625,2787.013427734375,515.2435302734375,180.07606506347656,2817.724853515625,507.255126953125,12.72982406616211,2728.2255859375,537.8857421875,40.47520446777344,2739.666748046875,660.0663452148438,65.04608154296875,2729.168212890625,853.7222290039062,188.73724365234375,2804.33935546875,830.6912841796875,287.3710632324219,2628.505859375,773.6671752929688,259.29888916015625,2573.21044921875,725.0747680664062,240.19436645507812,2494.4013671875,786.2560424804688,200.84466552734375,2691.855224609375,479.6031494140625,39.421142578125,2747.947998046875,368.5417175292969,58.56418228149414,2771.125,217.0885009765625,187.0144805908203,2916.8916015625,213.3203582763672,340.843994140625,2780.701171875,255.21066284179688,297.0644836425781,2713.197509765625,304.2498779296875,366.6099853515625,2675.871826171875,334.02313232421875,324.68414306640625,2808.88232421875,565.0692749023438,438.3317260742187,2697.17822265625,604.634521484375,519.2794799804688,2358.714599609375,562.3829956054688,826.9148559570312,2483.69677734375,596.0452880859375,946.0091552734376,2376.238525390625,415.0854187011719,430.3943786621094,2718.578125,240.4947204589844,527.0549926757812,2431.199462890625,289.05908203125,840.7758178710938,2547.971435546875,246.07275390625,957.9274291992188,2463.30859375,502.7377624511719,-43.83964920043945,2684.784912109375,482.7249145507813,42.36195755004883,2575.5458984375,508.5590515136719,1.5748255252838137,2567.357666015625,572.3580322265625,-64.98236083984375,2629.01220703125,463.0779724121094,1.7173514366149902,2572.241455078125,428.8479614257813,-81.11973571777344,2643.699462890625
485.0762634277344,432.0135192871094,2701.748046875,503.852294921875,300.4496154785156,2781.628662109375,513.6736450195312,179.5304412841797,2807.088623046875,505.5780944824219,11.992528915405272,2720.66015625,536.01806640625,39.758487701416016,2731.487060546875,657.611572265625,64.73262786865234,2726.224853515625,859.8991088867188,172.73280334472656,2797.63916015625,830.8496704101562,275.0797119140625,2626.419189453125,782.3079833984375,248.0759429931641,2563.82080078125,735.7422485351562,239.5561065673828,2482.712158203125,737.5157470703125,237.48141479492188,2645.16357421875,478.1579895019531,38.7559814453125,2739.982666015625,368.6179809570313,57.202919006347656,2766.90673828125,201.82899475097656,174.31089782714844,2902.38623046875,218.08181762695312,333.79632568359375,2776.011474609375,254.82208251953125,289.4775695800781,2706.68603515625,299.7071838378906,369.9110107421875,2700.613525390625,336.843017578125,324.4184875488281,2811.638427734375,563.298828125,435.8133850097656,2689.620361328125,604.05517578125,520.778076171875,2354.68359375,566.4462890625,824.8796997070312,2483.833740234375,602.4152221679688,946.5223999023438,2381.755859375,414.5395812988281,428.58697509765625,2712.684326171875,240.5796356201172,532.3904418945312,2430.2578125,293.5947265625,843.0899658203125,2546.72998046875,241.10365295410156,956.1489868164062,2463.64306640625,500.979248046875,-44.83608627319336,2678.354248046875,482.4339599609375,46.604759216308594,2574.435302734375,507.5699157714844,6.22637939453125,2564.223876953125,569.9525756835938,-63.84275817871094,2622.0029296875,462.3861999511719,6.719857215881348,2569.027099609375,427.1624755859375,-78.7018814086914,2635.58203125
484.0547180175781,431.8958129882813,2699.13037109375,502.8774108886719,301.9598693847656,2780.168701171875,512.1022338867188,181.42462158203125,2804.671630859375,503.7647399902344,18.31182861328125,2712.058837890625,534.0699462890625,45.57293701171875,2723.6884765625,655.0699462890625,67.61366271972656,2711.157470703125,858.8872680664062,166.97027587890625,2786.661865234375,823.700927734375,269.5987854003906,2617.952880859375,781.84130859375,239.7317657470703,2552.4501953125,733.3718872070312,230.90628051757812,2473.044921875,752.3775634765625,197.9923858642578,2629.999755859375,476.5732421875,44.05967712402344,2732.576171875,366.1739501953125,56.73778533935547,2756.790771484375,202.507080078125,169.9549560546875,2897.114013671875,218.68402099609375,332.8782958984375,2776.89453125,253.72799682617188,290.7974853515625,2705.8955078125,299.4613952636719,370.331787109375,2701.466064453125,339.22991943359375,322.35400390625,2806.641845703125,561.8173217773438,435.27783203125,2686.4912109375,603.4022216796875,522.5611572265625,2354.04833984375,566.1000366210938,825.6504516601562,2481.423583984375,605.1099853515625,947.3104248046876,2381.796142578125,413.9327087402344,428.84613037109375,2710.527587890625,241.74559020996097,532.4295043945312,2429.049072265625,294.9615478515625,841.6029052734375,2544.69677734375,239.87269592285156,956.6131591796876,2467.51416015625,498.9833068847656,-36.498050689697266,2667.74609375,476.3787231445313,50.01731872558594,2561.369873046875,503.5960693359375,10.951333045959473,2552.64208984375,568.9344482421875,-53.436405181884766,2612.6826171875,458.6424255371094,9.15550422668457,2557.160888671875,427.765380859375,-75.46727752685547,2625.896484375
484.524658203125,431.8112182617187,2698.36572265625,502.8411865234375,300.15283203125,2777.420166015625,511.3964538574219,178.75698852539062,2799.261962890625,503.5238952636719,16.752824783325195,2703.793701171875,533.8232421875,43.96487808227539,2715.913818359375,655.5364990234375,66.07107543945312,2708.543701171875,867.6931762695312,157.32106018066406,2772.19140625,820.0938720703125,286.2628173828125,2625.444091796875,762.695556640625,267.0804138183594,2567.949951171875,708.8582763671875,265.4492492675781,2491.3134765625,726.0713500976562,254.26564025878903,2657.78857421875,476.1866149902344,42.15730667114258,2724.75390625,366.2901306152344,54.873741149902344,2752.288818359375,201.0052490234375,165.85345458984375,2893.513671875,215.03334045410156,333.8149719238281,2779.28369140625,245.0912628173828,294.2012023925781,2704.4130859375,289.8871154785156,374.604736328125,2706.85009765625,334.1751708984375,323.2913513183594,2809.22705078125,562.4725341796875,435.01519775390625,2685.6416015625,605.3399047851562,528.289306640625,2354.125,567.3045654296875,830.2808837890625,2485.876953125,612.9760131835938,950.0136108398438,2386.11376953125,414.2356567382813,428.9220581054687,2709.839599609375,247.16502380371097,530.8155517578125,2423.6806640625,294.43768310546875,840.026611328125,2544.032470703125,240.39508056640625,957.3792724609376,2468.975341796875,498.9032897949219,-37.4760856628418,2658.490234375,481.4929809570313,56.13519287109375,2556.8134765625,506.36480712890625,15.94044303894043,2545.853271484375,567.8619384765625,-55.60882568359375,2602.2109375,461.2776794433594,16.610172271728516,2550.43408203125,425.283447265625,-69.8287353515625,2614.724853515625
485.999755859375,430.6565551757813,2696.564453125,503.4900207519531,298.4153747558594,2774.0751953125,511.51031494140625,176.97552490234375,2794.079345703125,503.1962890625,16.904146194458008,2696.32666015625,533.4939575195312,43.79093551635742,2708.805908203125,654.8514404296875,65.73873901367188,2700.30078125,872.0048828125,144.75405883789062,2761.186767578125,830.2984619140625,292.6683044433594,2632.308349609375,761.4525146484375,283.87701416015625,2586.299072265625,697.8554077148438,287.8520812988281,2517.9560546875,738.1237182617188,290.8534240722656,2682.870361328125,476.0055541992187,41.97277069091797,2717.663818359375,366.3152160644531,54.98018264770508,2744.721435546875,194.7975921630859,160.46157836914062,2881.625732421875,205.1783447265625,335.4808654785156,2779.091796875,240.5315093994141,302.4389343261719,2703.61328125,294.0683898925781,374.01702880859375,2682.49267578125,324.1182861328125,325.8613586425781,2811.00244140625,563.8329467773438,433.7823486328125,2684.334228515625,605.3448486328125,529.6102905273438,2354.26904296875,567.8272705078125,830.2990112304688,2487.094482421875,612.1741943359375,947.696533203125,2384.643798828125,415.8141479492187,427.837890625,2707.593017578125,248.57839965820312,531.5518798828125,2423.221923828125,295.1378479003906,840.331298828125,2542.6640625,239.81787109375,956.9122924804688,2468.066650390625,498.4173278808594,-36.46422576904297,2650.295166015625,473.7149658203125,53.579593658447266,2547.383056640625,498.6058044433594,13.597023010253906,2536.219482421875,564.2865600585938,-55.05415725708008,2590.910400390625,453.9497985839844,13.650808334350586,2543.29248046875,423.2596130371094,-71.23039245605469,2611.77978515625
483.722412109375,431.2882385253906,2694.259765625,501.70953369140625,299.23614501953125,2769.8603515625,510.11962890625,178.3084259033203,2787.473876953125,501.6217346191406,21.58655166625977,2686.8134765625,531.7350463867188,48.03559112548828,2699.685546875,652.9911499023438,65.69332885742188,2692.052978515625,881.10791015625,107.46300506591795,2742.4990234375,855.2156982421875,289.6632080078125,2666.266357421875,781.1661987304688,304.3982849121094,2632.5205078125,707.4962768554688,333.0240478515625,2583.885986328125,755.09765625,322.1515808105469,2686.7783203125,474.6811218261719,45.95880126953125,2708.68505859375,365.6129760742187,55.25780487060547,2736.513916015625,193.46083068847656,153.55673217773438,2875.002685546875,202.51544189453125,328.76898193359375,2775.4619140625,236.28335571289065,302.5069274902344,2697.365966796875,287.5407409667969,376.6437072753906,2683.3310546875,323.26116943359375,327.02294921875,2801.846435546875,561.0120849609375,434.9052429199219,2682.188720703125,604.4453125,530.552490234375,2354.807373046875,568.0813598632812,829.58642578125,2486.055908203125,608.8497314453125,948.9461059570312,2386.166259765625,414.02691650390625,428.0266418457031,2705.14501953125,253.0330047607422,530.811279296875,2419.7060546875,291.0924987792969,838.3990478515625,2538.84716796875,238.0128173828125,957.3851928710938,2468.57763671875,496.73736572265625,-30.362058639526367,2639.9169921875,478.14788818359375,56.38738632202149,2534.20751953125,502.7037353515625,16.01758575439453,2525.3701171875,564.3930053710938,-51.48585510253906,2584.461181640625,458.09326171875,16.918928146362305,2530.40869140625,423.318115234375,-64.90746307373047,2599.38037109375
484.9509582519531,430.319580078125,2694.600830078125,502.3990783691406,297.63067626953125,2769.385498046875,509.9664306640625,176.25096130371094,2784.595458984375,499.3536376953125,21.71394157409668,2680.615478515625,529.8123779296875,47.61685562133789,2693.858642578125,651.04638671875,64.481689453125,2683.455322265625,879.6854248046875,106.44505310058594,2731.977783203125,858.2578125,290.33038330078125,2658.14599609375,780.583251953125,314.0895690917969,2642.35888671875,698.4765625,349.17498779296875,2616.87646484375,746.55126953125,300.34600830078125,2619.814697265625,472.7670593261719,45.874996185302734,2703.190185546875,363.6269226074219,55.7151985168457,2730.8115234375,187.1582946777344,147.7425537109375,2868.415283203125,202.66213989257812,328.028564453125,2779.01318359375,236.52658081054688,304.5308837890625,2700.025634765625,270.6156311035156,382.8518371582031,2732.178955078125,313.4638671875,329.71160888671875,2823.3037109375,562.2801513671875,433.61181640625,2682.400146484375,605.0971069335938,529.2900390625,2354.740478515625,570.4205932617188,830.6619873046875,2481.49072265625,608.3883666992188,951.5779418945312,2382.222900390625,415.21978759765625,427.350830078125,2705.6025390625,252.36761474609375,530.5596313476562,2421.136474609375,292.2450256347656,839.6160888671875,2536.34619140625,234.7251739501953,956.0326538085938,2465.095458984375,493.6813659667969,-29.201887130737305,2632.62744140625,479.2219543457031,61.2315788269043,2529.283447265625,504.2853393554687,21.22718048095703,2520.068115234375,563.7178344726562,-48.22672271728515,2579.326171875,459.4743957519531,21.856971740722656,2523.257568359375,422.1096496582031,-62.47044372558594,2587.826904296875
484.7109375,430.2953186035156,2693.85107421875,502.0262451171875,297.40679931640625,2768.372314453125,509.371337890625,175.8595428466797,2782.505615234375,498.27825927734375,22.658899307250977,2676.552001953125,528.8189086914062,48.32145690917969,2690.09716796875,650.0738525390625,64.88925170898438,2679.192626953125,879.42919921875,106.19229888916016,2725.0517578125,856.7103271484375,289.91015625,2651.08544921875,778.8518676757812,312.3815612792969,2634.2685546875,700.2479248046875,348.94024658203125,2600.950927734375,744.9608154296875,297.92755126953125,2612.111328125,471.7674865722656,46.59912109375,2699.464111328125,362.5656127929687,56.0675048828125,2727.060546875,184.90618896484375,145.38677978515625,2864.998046875,199.88075256347656,327.314697265625,2778.801513671875,235.25875854492188,305.9588928222656,2699.849853515625,267.5205383300781,383.8590393066406,2734.8359375,308.60858154296875,329.7392272949219,2826.558837890625,562.0634155273438,433.555908203125,2681.692138671875,605.414306640625,530.0526123046875,2354.27294921875,570.8239135742188,831.0669555664062,2482.056884765625,609.2879028320312,952.2039184570312,2383.2001953125,414.9588317871094,427.3551025390625,2704.815185546875,252.8376007080078,530.9447021484375,2419.98974609375,291.97955322265625,840.056884765625,2535.48681640625,234.48532104492188,956.110595703125,2463.567138671875,492.4341125488281,-27.636070251464844,2627.91455078125,478.3553161621094,63.347137451171875,2524.9658203125,503.1105346679687,23.194496154785156,2515.5166015625,562.206298828125,-46.94547271728515,2574.340087890625,458.3050537109375,24.133573532104492,2518.826904296875,420.494384765625,-60.20779037475586,2583.15576171875
485.4111633300781,429.9551086425781,2693.33251953125,500.8428039550781,296.17596435546875,2765.54833984375,507.0939636230469,174.7913360595703,2777.807373046875,493.1476745605469,27.959867477416992,2664.559814453125,524.0137939453125,52.48418426513672,2678.99365234375,644.4173583984375,64.8485107421875,2660.501953125,873.1680297851562,94.85865020751952,2713.375,854.1688842773438,276.8720703125,2636.0771484375,777.5532836914062,307.22998046875,2632.788818359375,700.6619873046875,352.3824157714844,2607.998291015625,740.9133911132812,298.3671875,2615.052978515625,467.2589721679687,50.85979461669922,2688.9287109375,357.4859924316406,55.142059326171875,2713.819091796875,179.4694366455078,133.0135498046875,2856.67919921875,184.5643768310547,317.10357666015625,2775.715087890625,230.28045654296875,311.86895751953125,2699.7626953125,247.1156768798828,387.0151672363281,2748.191162109375,286.68597412109375,334.1788635253906,2834.660888671875,562.6448974609375,432.7975158691406,2682.093994140625,604.903564453125,530.1182250976562,2356.028076171875,571.6314086914062,830.5294799804688,2482.65234375,618.9727783203125,946.8719482421876,2382.800537109375,415.76611328125,427.3919372558594,2703.466552734375,253.36412048339844,530.2135620117188,2419.958984375,292.2804870605469,838.6087646484375,2534.1376953125,237.07012939453125,957.3148193359376,2465.906494140625,486.2115478515625,-19.501331329345703,2613.62255859375,475.2492370605469,64.84454345703125,2505.417236328125,500.5226135253906,24.573545455932617,2499.264892578125,557.7538452148438,-41.21395492553711,2563.9697265625,455.7768859863281,25.29354476928711,2500.91357421875,416.4040222167969,-55.18128967285156,2568.495361328125
487.829345703125,431.4176025390625,2691.030517578125,502.2057189941406,295.4530029296875,2757.6328125,508.5765075683594,174.50318908691406,2768.251220703125,493.9696044921875,29.56595993041992,2654.096923828125,524.8709106445312,53.33343124389648,2669.130615234375,645.7774047851562,64.31615447998047,2658.604248046875,875.660400390625,91.9736557006836,2701.97607421875,851.0755004882812,280.1379089355469,2646.47216796875,775.4439697265625,309.219970703125,2633.3564453125,702.997802734375,357.5820617675781,2603.405029296875,737.5643920898438,298.8808898925781,2616.17529296875,468.22314453125,52.58456039428711,2678.15478515625,359.0459899902344,57.892059326171875,2703.053466796875,175.46478271484375,120.34976196289062,2844.505859375,169.8596954345703,302.6719665527344,2761.95849609375,211.1129150390625,302.1370849609375,2683.79638671875,230.27330017089844,377.2466125488281,2730.580322265625,274.01129150390625,334.5489501953125,2811.822021484375,564.8252563476562,434.58111572265625,2680.86865234375,605.7116088867188,530.349609375,2355.878173828125,572.4063110351562,827.5728149414062,2485.95263671875,620.1265258789062,947.9091186523438,2392.43701171875,418.3988037109375,428.5649719238281,2700.19384765625,253.92588806152344,532.7359619140625,2420.35693359375,291.6400451660156,838.9213256835938,2536.32275390625,241.05580139160156,956.4262084960938,2464.05810546875,487.0483093261719,-17.123620986938477,2602.900390625,469.7264404296875,62.9919319152832,2493.15185546875,495.1956787109375,23.09296989440918,2487.15478515625,556.1690673828125,-39.360389709472656,2550.87451171875,450.7840881347656,23.227203369140625,2490.8974609375,416.099365234375,-55.11306381225586,2562.550537109375
490.5498962402344,431.7629089355469,2688.212890625,503.6881713867187,295.4877014160156,2752.6298828125,508.3054809570313,174.94802856445312,2761.59521484375,494.8418273925781,31.69415855407715,2646.70703125,525.4175415039062,55.37904739379883,2661.943603515625,645.5974731445312,64.29354858398438,2648.6865234375,875.9579467773438,83.6081771850586,2687.255859375,851.677734375,272.89324951171875,2639.56884765625,778.482177734375,308.091552734375,2631.0400390625,708.1473999023438,366.8058166503906,2629.145751953125,736.74658203125,294.24267578125,2619.1484375,469.0447998046875,54.23442840576172,2670.788330078125,360.9532775878906,59.450103759765625,2697.7822265625,174.63966369628906,110.76725769042967,2838.061767578125,152.5535888671875,290.1047058105469,2754.225830078125,195.4979705810547,294.66302490234375,2677.63037109375,205.74026489257812,377.4752197265625,2643.70458984375,256.78485107421875,346.1014404296875,2782.37255859375,567.0426025390625,433.8630676269531,2677.0546875,605.9884033203125,532.5631103515625,2354.53857421875,572.7704467773438,826.3384399414062,2488.24951171875,621.130615234375,947.0986938476562,2397.02734375,421.5730285644531,429.86907958984375,2698.274658203125,257.65997314453125,534.4378051757812,2420.381103515625,289.3978271484375,838.4386596679688,2539.07763671875,252.5769500732422,960.7650146484376,2468.02294921875,488.33154296875,-14.337152481079102,2595.343505859375,472.4314880371094,65.9620361328125,2486.387939453125,493.7615051269531,24.117074966430664,2479.50341796875,551.9547729492188,-42.84822845458984,2540.23681640625,450.0309448242187,28.241352081298828,2485.56982421875,412.5873718261719,-45.86941909790039,2559.412841796875
491.0683898925781,429.493408203125,2687.72705078125,503.9967956542969,293.4216003417969,2750.989501953125,508.8898620605469,173.3255615234375,2758.1572265625,498.0665588378906,31.761497497558594,2642.242431640625,528.1079711914062,55.50456619262695,2657.9287109375,646.6074829101562,63.63700485229492,2636.56494140625,875.2128295898438,84.21967315673828,2678.31103515625,851.52392578125,271.8980407714844,2627.75390625,778.1028442382812,306.56256103515625,2623.720947265625,708.6692504882812,365.4588623046875,2629.35302734375,739.4996337890625,295.6843566894531,2625.613525390625,471.9292297363281,53.68021011352539,2666.19921875,362.8009338378906,57.58672332763672,2686.254638671875,173.2778778076172,102.11087036132812,2822.652099609375,150.2877197265625,285.0045471191406,2749.587158203125,195.19773864746097,293.1969299316406,2674.90478515625,203.5910491943359,376.43701171875,2642.6474609375,254.2287139892578,341.6492919921875,2777.209716796875,567.3252563476562,431.9908447265625,2677.514892578125,607.3753051757812,533.828857421875,2357.74755859375,574.3276977539062,825.667724609375,2492.15673828125,623.637451171875,943.74560546875,2399.20654296875,422.30419921875,427.2413635253906,2696.935546875,259.5050354003906,534.6385498046875,2421.35888671875,290.7793884277344,836.767333984375,2540.834716796875,259.4125671386719,961.17236328125,2472.180908203125,492.5470275878906,-13.603609085083008,2590.59619140625,470.6330871582031,68.43740844726562,2484.803466796875,489.3128662109375,26.00841903686523,2475.654052734375,549.415283203125,-43.91487884521485,2529.9921875,446.7183837890625,31.89695930480957,2485.61962890625,412.9455871582031,-41.22112274169922,2561.435302734375
494.869873046875,430.7270202636719,2688.742431640625,506.6890869140625,292.096923828125,2747.8349609375,511.7828369140625,171.50735473632812,2753.84521484375,499.56549072265625,32.52167892456055,2633.9619140625,529.9453735351562,55.63376235961914,2650.321533203125,648.9105224609375,63.69855117797851,2629.039306640625,878.4769897460938,82.77775573730469,2670.97021484375,848.541015625,274.0085754394531,2636.9990234375,775.1400146484375,308.3148498535156,2627.406005859375,704.9227905273438,366.3725891113281,2618.40966796875,733.1561279296875,295.2095642089844,2611.308349609375,473.53857421875,54.17847442626953,2658.533203125,363.8764343261719,57.58134460449219,2677.996337890625,172.55845642089844,94.1319580078125,2815.7587890625,160.32437133789062,281.8094177246094,2750.7138671875,188.4348602294922,292.82220458984375,2668.216796875,193.44076538085935,374.61724853515625,2631.02880859375,208.4558868408203,314.04718017578125,2658.71923828125,571.5775756835938,433.5303039550781,2679.9765625,606.3829956054688,530.9326171875,2356.93017578125,576.0742797851562,823.13427734375,2493.995361328125,617.5902709960938,946.262451171875,2402.827880859375,425.69921875,428.1991882324219,2696.647216796875,260.34600830078125,534.6590576171875,2420.72216796875,293.00469970703125,837.4674682617188,2541.3466796875,256.20318603515625,962.8153686523438,2476.06640625,493.60601806640625,-11.62962245941162,2580.994384765625,464.7944641113281,70.39314270019531,2476.212646484375,483.0494689941406,27.837081909179688,2465.97314453125,546.8533935546875,-42.04918670654297,2516.79150390625,440.9924621582031,33.65930938720703,2478.61279296875,412.1200256347656,-39.627716064453125,2556.839111328125
494.0360107421875,431.5909118652344,2685.409912109375,505.7010192871094,293.0040283203125,2744.260498046875,509.916015625,172.40463256835938,2747.96142578125,498.6307678222656,35.56577682495117,2625.811279296875,528.848876953125,58.42096328735352,2642.720458984375,647.7326049804688,63.990211486816406,2620.85791015625,875.28466796875,84.585205078125,2670.98681640625,845.2537841796875,271.1212158203125,2617.627685546875,773.7861328125,310.3145446777344,2617.8681640625,707.411376953125,372.3517150878906,2628.435302734375,734.4824829101562,300.25323486328125,2621.93310546875,472.4512939453125,56.74974060058594,2650.56298828125,362.7047119140625,57.34571075439453,2669.204833984375,168.02503967285156,83.86219024658203,2804.125732421875,169.2286834716797,276.754150390625,2755.979736328125,175.08685302734375,298.37359619140625,2671.123291015625,194.04058837890625,372.6673889160156,2624.177001953125,224.907958984375,315.0821228027344,2660.9052734375,570.5872192382812,433.9729309082031,2675.845947265625,606.99560546875,534.6679077148438,2354.333740234375,577.7056884765625,822.9844970703125,2498.9013671875,618.9736938476562,947.4180908203124,2409.681640625,425.0064392089844,429.44293212890625,2694.034423828125,258.828125,540.4959716796875,2420.831298828125,294.9097900390625,839.6865234375,2548.4462890625,266.5718688964844,965.3968505859376,2480.031005859375,493.05755615234375,-7.656924247741699,2572.128173828125,462.1959533691406,69.54039001464844,2464.47412109375,481.046630859375,26.944108963012695,2455.815185546875,546.276611328125,-39.751983642578125,2508.8427734375,439.0333251953125,32.59431457519531,2468.5283203125,411.94329833984375,-37.8686408996582,2549.7763671875
492.0075073242187,430.7966003417969,2684.273193359375,502.92242431640625,290.95416259765625,2740.270263671875,506.4814147949219,170.28961181640625,2742.767578125,497.0556335449219,33.758522033691406,2620.086669921875,526.971923828125,56.90449523925781,2637.14697265625,644.99951171875,63.87752151489258,2611.332763671875,873.4585571289062,77.91858673095703,2659.687255859375,849.5645141601562,269.07666015625,2621.7294921875,779.3738403320312,310.1830139160156,2616.3662109375,709.1123046875,366.81103515625,2631.34228515625,742.63916015625,299.1142272949219,2614.232177734375,470.5744323730469,54.548828125,2644.85888671875,360.4308166503906,53.248008728027344,2661.03173828125,164.7723388671875,78.2374267578125,2794.869384765625,159.5371856689453,271.48236083984375,2748.346923828125,174.50506591796875,295.7956848144531,2665.347900390625,195.7432403564453,377.6887817382813,2634.901611328125,226.41180419921875,316.38531494140625,2662.91259765625,568.5484008789062,432.85162353515625,2674.48583984375,607.1336059570312,534.3345947265625,2353.437255859375,576.0302124023438,820.8132934570312,2501.3203125,627.6493530273438,946.5164794921876,2419.549072265625,422.9872131347656,428.9435119628906,2693.09912109375,259.1510009765625,541.4579467773438,2419.034912109375,294.8052978515625,839.733154296875,2548.982421875,263.7644348144531,966.479736328125,2483.689453125,492.1027221679687,-9.335484504699709,2566.229736328125,461.42779541015625,70.49427795410156,2460.440185546875,478.7178955078125,27.459300994873047,2450.7294921875,542.9066162109375,-42.10318374633789,2501.31201171875,437.18408203125,34.23710632324219,2464.444091796875,409.5945739746094,-36.61056137084961,2545.2041015625
491.3318481445313,429.5050354003906,2683.048095703125,501.9720764160156,287.8277893066406,2735.967041015625,504.04296875,166.96485900878906,2727.09130859375,492.5523986816406,31.232177734375,2602.65478515625,522.8955078125,54.06744766235352,2619.767822265625,642.9814453125,62.53882598876953,2603.4677734375,873.0054321289062,76.25641632080078,2648.748779296875,851.4551391601562,271.1106262207031,2628.330322265625,778.662841796875,308.2312316894531,2623.896240234375,706.3392333984375,363.0144653320313,2638.04296875,742.0223999023438,304.62249755859375,2614.25537109375,466.3294677734375,52.049442291259766,2627.944580078125,356.9229736328125,52.09246826171875,2650.756591796875,163.6265411376953,76.6317138671875,2789.646484375,162.7293701171875,272.6052551269531,2751.79345703125,174.56288146972656,295.21221923828125,2667.4599609375,206.83604431152344,377.7322387695313,2650.268310546875,230.03659057617188,315.668701171875,2663.545166015625,568.1490478515625,431.5528564453125,2673.085205078125,606.83056640625,534.4295654296875,2351.11767578125,578.0045776367188,817.886474609375,2507.753173828125,629.976318359375,947.87646484375,2431.942138671875,422.06243896484375,427.6583862304687,2692.03173828125,258.4011535644531,541.8613891601562,2416.956298828125,292.8893737792969,839.3453369140625,2552.09716796875,267.9482727050781,965.7167358398438,2482.360107421875,486.8181457519531,-11.441908836364746,2548.202880859375,463.62255859375,76.1033706665039,2446.000732421875,482.3967895507813,33.918495178222656,2434.577880859375,543.5177612304688,-38.892066955566406,2485.2646484375,439.6103210449219,39.27912521362305,2445.289306640625,406.451171875,-37.95463562011719,2518.3154296875
490.2037658691406,429.3755798339844,2679.374267578125,500.94036865234375,287.4576416015625,2729.4521484375,503.3653869628906,167.05091857910156,2722.730712890625,492.0030517578125,33.2472038269043,2597.518310546875,522.1837768554688,55.83341979980469,2614.758544921875,641.3350219726562,62.50656509399414,2595.423583984375,868.9078369140625,77.0765151977539,2646.55712890625,847.257080078125,269.41693115234375,2614.773193359375,776.5286254882812,309.0428771972656,2622.443603515625,709.4970703125,364.9295959472656,2649.534912109375,736.458984375,304.7805480957031,2610.49951171875,465.9010620117187,53.66920852661133,2622.918701171875,356.8253479003906,52.56059646606445,2644.61279296875,163.92286682128906,77.64827728271484,2781.9501953125,163.66766357421875,272.9657897949219,2745.824951171875,176.6337127685547,296.6141357421875,2662.393798828125,219.0699462890625,375.6181945800781,2657.3525390625,235.1774444580078,321.4333801269531,2663.221435546875,566.5853271484375,431.49310302734375,2668.9990234375,605.910888671875,538.125732421875,2350.083984375,578.1498413085938,818.757080078125,2508.723388671875,631.6807861328125,949.8184204101562,2437.604248046875,421.32720947265625,427.4661254882813,2688.72998046875,258.83526611328125,543.3656616210938,2415.70849609375,293.3706970214844,836.4984741210938,2556.370361328125,269.0420837402344,967.3229370117188,2496.866943359375,486.30712890625,-8.665639877319336,2542.8994140625,463.5552062988281,75.45890808105469,2438.6279296875,481.410888671875,32.81755447387695,2428.453125,541.574951171875,-38.97298049926758,2480.611328125,439.0467224121094,39.22085189819336,2439.376953125,405.5784606933594,-34.646827697753906,2514.88134765625
490.9585876464844,430.5098876953125,2679.220703125,498.741455078125,285.77154541015625,2723.98779296875,498.6298828125,165.32546997070312,2709.7958984375,486.8005065917969,30.067890167236328,2584.7099609375,517.2312622070312,52.671512603759766,2602.035400390625,637.413330078125,61.13087463378906,2585.89013671875,866.3560180664062,74.85910034179688,2637.008544921875,847.571044921875,270.0587463378906,2616.015380859375,777.0519409179688,311.6399230957031,2617.587646484375,707.8919677734375,367.65625,2640.41943359375,738.2865600585938,305.1080627441406,2605.83251953125,460.5902404785156,50.95218276977539,2610.0,351.3077392578125,51.7137451171875,2633.70703125,158.9117431640625,71.10833740234375,2774.89111328125,161.44354248046875,267.9355773925781,2741.12548828125,173.36351013183594,300.5551452636719,2660.091552734375,213.8943634033203,378.0292053222656,2637.474365234375,237.5900115966797,318.18359375,2661.4267578125,567.8573608398438,431.5990295410156,2669.373046875,604.997802734375,539.014404296875,2348.49072265625,578.765380859375,819.0175170898438,2512.04931640625,633.6735229492188,949.7396850585938,2439.432373046875,421.6155395507813,429.5278015136719,2688.100830078125,257.9429626464844,542.3278198242188,2412.200439453125,298.96875,832.5035400390625,2561.17919921875,267.94781494140625,963.8427124023438,2504.00634765625,481.0154113769531,-12.3844633102417,2530.037109375,460.8761596679687,79.08057403564453,2430.545654296875,478.6936340332031,36.80535125732422,2417.872802734375,537.5740966796875,-39.199607849121094,2466.623779296875,435.9400329589844,42.89783477783203,2428.4345703125,400.2160949707031,-35.87208557128906,2498.658935546875
489.59173583984375,428.3901672363281,2675.108154296875,496.9913635253906,284.35028076171875,2720.65869140625,496.6576843261719,164.01609802246094,2708.790771484375,487.6296997070313,30.335620880126953,2582.59033203125,517.5641479492188,52.83913040161133,2600.59912109375,636.7553100585938,57.67892837524414,2579.193603515625,863.4255981445312,75.53349304199219,2635.673095703125,840.788818359375,269.948486328125,2616.81201171875,773.0536499023438,315.4898681640625,2615.23046875,705.1532592773438,373.2698059082031,2636.280029296875,734.5889892578125,304.35821533203125,2605.6162109375,460.9728698730469,50.791465759277344,2607.554443359375,351.0114440917969,47.895565032958984,2625.749267578125,160.91505432128906,70.771240234375,2768.314208984375,161.3957061767578,267.3279113769531,2736.4443359375,175.82049560546875,302.19036865234375,2657.05322265625,217.11004638671875,380.2771911621094,2639.56982421875,236.09640502929688,319.8001403808594,2658.8603515625,566.2415771484375,429.1642456054687,2665.1044921875,605.0399780273438,543.2981567382812,2347.830810546875,578.9175415039062,820.1327514648438,2514.84130859375,635.9265747070312,952.5810546875,2448.260498046875,420.4732360839844,427.692138671875,2684.12890625,257.4395751953125,547.81591796875,2412.2158203125,300.4339294433594,836.2042236328125,2561.95263671875,263.624267578125,966.1635131835938,2506.1943359375,482.992919921875,-11.480749130249023,2527.581298828125,453.01513671875,75.24707794189453,2426.89013671875,470.5475463867187,32.93081283569336,2414.490966796875,534.5662231445312,-39.78937911987305,2461.016845703125,428.8082885742187,38.69402694702149,2428.25390625,400.644287109375,-37.53246307373047,2503.98291015625
486.1009521484375,425.37249755859375,2674.7744140625,495.9664611816406,279.68670654296875,2716.390869140625,496.5787963867187,159.7829132080078,2697.501953125,484.245361328125,27.920515060424805,2568.660400390625,514.747314453125,50.224491119384766,2586.33203125,634.6117553710938,56.98182678222656,2566.626220703125,861.1798095703125,73.62451934814453,2627.466796875,839.129150390625,269.23822021484375,2612.882080078125,770.0945434570312,312.2049865722656,2623.083740234375,704.937255859375,368.7798767089844,2654.8740234375,726.3709716796875,299.2099304199219,2603.805419921875,458.1502685546875,47.94772720336914,2594.80859375,348.5042419433594,47.08331680297851,2617.25537109375,158.11514282226562,70.06812286376953,2760.94970703125,160.9502716064453,268.9381103515625,2740.97314453125,174.28616333007812,301.29852294921875,2659.973388671875,216.46739196777344,376.0706787109375,2631.6806640625,237.873046875,318.64825439453125,2661.923583984375,562.9111328125,427.4742126464844,2663.92333984375,604.9202880859375,543.6549072265625,2346.40087890625,578.8466796875,820.2852783203125,2516.165283203125,634.9647216796875,955.21435546875,2452.406982421875,416.8377990722656,423.4773559570313,2684.559326171875,257.6716003417969,547.9109497070312,2410.66943359375,299.8189697265625,837.7584838867188,2560.597412109375,274.80584716796875,970.989013671875,2504.54345703125,478.1463623046875,-13.043992042541504,2512.822998046875,457.7410278320313,80.17498779296875,2414.86328125,474.9251403808594,37.857669830322266,2401.331298828125,533.6158447265625,-39.57699966430664,2448.231689453125,432.3476867675781,44.27744674682617,2412.5517578125,396.6141052246094,-35.181243896484375,2482.14501953125
484.8323974609375,424.8443908691406,2672.221435546875,493.6307373046875,278.2608337402344,2709.682373046875,494.4412231445313,158.7005157470703,2690.093994140625,481.5935974121094,27.648956298828125,2560.970703125,512.1392822265625,49.643829345703125,2578.77001953125,631.5657958984375,56.07033920288086,2557.742431640625,857.0184936523438,73.66342163085938,2620.722900390625,839.2491455078125,269.2561340332031,2605.044677734375,769.7686157226562,311.1260986328125,2615.54541015625,704.3080444335938,367.2251281738281,2647.057861328125,728.7046508789062,299.0892639160156,2608.531982421875,455.61273193359375,47.712890625,2587.078125,345.8671875,47.653358459472656,2607.9580078125,155.88438415527344,64.6401138305664,2752.276123046875,162.39706420898438,263.5427551269531,2738.049072265625,175.24032592773438,304.8454284667969,2661.328369140625,228.4698486328125,377.4558410644531,2655.4609375,231.57699584960935,316.8602600097656,2658.07373046875,561.6431884765625,426.9627075195313,2662.47021484375,604.3563232421875,543.8281860351562,2345.977783203125,578.09716796875,820.4691162109375,2514.52490234375,634.6953125,956.8657836914062,2455.213623046875,415.5687255859375,422.9342041015625,2681.014892578125,257.5207214355469,547.4628295898438,2407.310791015625,298.5759582519531,835.5524291992188,2559.562744140625,279.569580078125,971.0362548828124,2507.403564453125,475.3797302246094,-12.989893913269045,2505.06982421875,456.7153625488281,82.50672912597656,2409.338623046875,471.909912109375,39.87777328491211,2394.758544921875,528.3360595703125,-40.46424102783203,2439.009521484375,429.9342956542969,47.741092681884766,2406.95556640625,392.5862121582031,-31.33927345275879,2475.794189453125
484.5310974121094,420.705322265625,2670.04296875,491.9759521484375,273.2834167480469,2704.40087890625,491.0028076171875,154.95240783691406,2678.383544921875,476.3006286621094,27.222410202026367,2546.15771484375,507.1323547363281,48.536338806152344,2564.292236328125,627.329833984375,56.04557037353515,2548.69140625,852.4609375,71.73038482666016,2613.33544921875,835.6112060546875,267.98431396484375,2608.7197265625,768.4415893554688,314.5721435546875,2611.751220703125,702.0028076171875,372.1964111328125,2638.040771484375,728.6369018554688,300.20245361328125,2602.00927734375,450.64453125,46.83707809448242,2572.921875,341.27813720703125,47.600921630859375,2595.711181640625,154.55889892578125,65.18525695800781,2744.171630859375,163.99827575683594,264.1773986816406,2733.0849609375,181.8329620361328,305.20526123046875,2657.2158203125,234.42254638671875,378.0805969238281,2665.22705078125,232.4291076660156,318.04632568359375,2655.28466796875,561.33154296875,422.2630615234375,2660.08544921875,600.8484497070312,546.0492553710938,2345.8037109375,578.2279052734375,822.977294921875,2514.42919921875,631.0272216796875,959.3931274414062,2451.739501953125,415.2767333984375,419.3006286621094,2679.022216796875,257.741455078125,546.017333984375,2406.0126953125,297.8809509277344,834.7133178710938,2557.383056640625,284.34332275390625,975.4794921875,2519.424560546875,469.41058349609375,-11.97822380065918,2489.313720703125,452.4696960449219,88.7923812866211,2398.80419921875,470.9569396972656,48.058837890625,2382.6845703125,528.3598022460938,-32.23256301879883,2425.764892578125,427.8518981933594,52.98879623413086,2392.18896484375,390.0318603515625,-32.35520553588867,2452.8046875
484.69244384765625,420.7534484863281,2666.048095703125,489.8976440429687,273.5062561035156,2701.03125,487.5523681640625,155.097412109375,2675.9189453125,471.2007751464844,29.458030700683594,2542.097900390625,502.2689208984375,50.22187423706055,2560.390380859375,622.303955078125,56.368167877197266,2543.72900390625,847.9041137695312,71.2191390991211,2606.222412109375,837.0419311523438,267.79217529296875,2605.7177734375,771.1566162109375,316.1232604980469,2607.715087890625,705.65283203125,375.0781555175781,2633.132080078125,730.9625854492188,298.97637939453125,2597.801025390625,445.8460388183594,48.91350936889648,2569.210693359375,336.32476806640625,48.03675079345703,2590.784912109375,153.07980346679688,63.68285369873047,2743.426513671875,160.6678924560547,262.0445556640625,2724.939697265625,177.72952270507812,303.3786315917969,2649.139892578125,225.0751190185547,378.7860107421875,2663.277099609375,232.5400848388672,319.000244140625,2650.329833984375,561.5126953125,421.2303161621094,2656.625,600.7188720703125,547.220458984375,2343.474365234375,578.0745849609375,822.37353515625,2514.48828125,636.3179931640625,956.6923217773438,2452.416015625,415.4202270507813,420.3234252929687,2674.545166015625,256.6702880859375,548.9725952148438,2403.4853515625,299.5891418457031,836.7171630859375,2555.33837890625,272.0242919921875,973.1560668945312,2510.285400390625,463.74456787109375,-8.85334587097168,2484.7880859375,454.353515625,88.6468505859375,2389.868896484375,474.8078308105469,47.75286483764648,2376.962890625,528.7523803710938,-30.15871810913086,2427.944091796875,430.9625244140625,52.297119140625,2382.111083984375,388.5843505859375,-31.605907440185547,2441.54931640625
484.05963134765625,418.7977294921875,2664.584716796875,488.9352416992187,270.1098937988281,2692.744873046875,485.9974060058594,152.97561645507812,2662.36865234375,467.9332580566406,25.045230865478516,2531.003662109375,499.264404296875,45.83446502685547,2548.7958984375,619.3414916992188,50.6341667175293,2532.1455078125,843.8132934570312,73.72358703613281,2596.035888671875,835.3707275390625,268.9939880371094,2619.364990234375,769.7476196289062,316.9290466308594,2610.743896484375,702.1646118164062,377.3663940429687,2624.507568359375,733.0423583984375,310.6157531738281,2600.616943359375,442.872802734375,45.2519645690918,2557.828125,333.35333251953125,47.077850341796875,2579.25390625,150.2479705810547,61.79629898071289,2732.091552734375,161.07765197753906,260.49615478515625,2720.503662109375,184.5799865722656,308.4269714355469,2650.5546875,244.58596801757812,371.871826171875,2672.89306640625,233.3401031494141,316.9583740234375,2649.8564453125,560.8056640625,419.439697265625,2654.686767578125,600.1364135742188,547.3203735351562,2342.3818359375,578.3193969726562,822.4308471679688,2513.466796875,632.2595825195312,955.1316528320312,2444.480224609375,414.8543395996094,418.2188415527344,2673.510009765625,256.9486389160156,549.7523193359375,2403.41552734375,302.156494140625,837.1456909179688,2555.148681640625,270.10595703125,972.9495849609376,2511.240234375,459.8966674804687,-14.248881340026855,2474.457275390625,450.2628479003906,92.04468536376952,2389.56494140625,469.639892578125,52.24785232543945,2372.324462890625,523.19921875,-31.08359146118164,2414.308349609375,426.0215148925781,57.0131721496582,2378.92919921875,383.3890075683594,-31.471267700195312,2431.056884765625
483.0042114257813,418.987548828125,2662.302734375,487.8069763183594,270.4914855957031,2690.231201171875,484.4093017578125,153.56016540527344,2659.86474609375,467.7004089355469,27.94550323486328,2526.49951171875,498.7842712402344,48.56633377075195,2544.764892578125,617.2896728515625,50.74515151977539,2519.7626953125,838.8870239257812,73.54586029052734,2591.927734375,834.313720703125,269.2475891113281,2609.4326171875,768.6064453125,317.4922790527344,2605.843505859375,701.8507690429688,377.0747375488281,2625.266357421875,730.6051025390625,309.8757019042969,2592.2958984375,442.4397583007813,47.53899383544922,2553.48974609375,331.99261474609375,45.767845153808594,2568.212646484375,150.79391479492188,62.23286056518555,2722.560791015625,160.69654846191406,261.0086975097656,2723.41455078125,183.2183532714844,305.7119445800781,2651.21337890625,242.8299560546875,368.7262573242187,2675.20458984375,233.34304809570312,314.55841064453125,2650.443359375,559.5512084960938,419.4891662597656,2651.806396484375,600.1641235351562,549.6295776367188,2341.173583984375,578.1754760742188,823.3953857421875,2513.439208984375,623.7402954101562,962.2977905273438,2451.550537109375,413.97845458984375,418.53521728515625,2671.767822265625,257.5747985839844,549.2691650390625,2401.0693359375,299.30096435546875,835.77099609375,2554.38330078125,279.4365539550781,974.7147216796876,2513.98583984375,460.1637573242187,-10.379932403564451,2469.353759765625,451.4134216308594,92.25102996826172,2380.298828125,470.8385009765625,51.828372955322266,2364.864990234375,523.8348388671875,-29.680517196655273,2410.552734375,427.2421569824219,56.903709411621094,2370.89990234375,384.1068420410156,-29.21585273742676,2426.117431640625
483.4183654785156,419.0097961425781,2662.2373046875,486.8759765625,269.07373046875,2686.34033203125,482.1612854003906,151.94581604003906,2654.62646484375,463.3309631347656,24.88783073425293,2521.692626953125,494.8802490234375,45.392295837402344,2539.743896484375,614.5342407226562,50.34502410888672,2518.00048828125,838.7710571289062,72.97242736816406,2585.5712890625,834.925537109375,269.0618896484375,2608.6318359375,768.3944702148438,316.72015380859375,2603.716796875,701.3526000976562,377.2731018066406,2621.121337890625,731.9228515625,309.2373962402344,2602.064697265625,438.29791259765625,45.07438659667969,2548.769287109375,327.035400390625,45.6763801574707,2561.343017578125,146.5873260498047,62.58433151245117,2718.27294921875,158.72933959960938,262.12518310546875,2723.4931640625,180.8084259033203,304.3172302246094,2649.16162109375,238.96482849121097,371.7028503417969,2665.12255859375,233.13897705078125,314.8970031738281,2649.7529296875,560.231201171875,418.9694213867187,2650.96728515625,599.01171875,550.4464111328125,2338.88671875,577.1432495117188,824.8148193359375,2513.128662109375,627.3695678710938,960.462646484375,2445.90234375,414.1528625488281,419.0462341308594,2672.400146484375,256.42144775390625,551.1001586914062,2401.075927734375,299.91607666015625,840.8514404296875,2551.1201171875,266.7968444824219,976.951904296875,2507.340576171875,455.0606384277344,-13.97893238067627,2464.611083984375,448.7551879882813,91.09780883789062,2377.217041015625,470.3929138183594,51.45538711547851,2362.00439453125,523.1143188476562,-30.051645278930664,2409.20166015625,426.1644592285156,55.162227630615234,2365.436279296875,382.0667114257813,-33.94080352783203,2416.03955078125
483.7117309570313,413.3811950683594,2660.197998046875,485.0730590820313,262.3059387207031,2678.89306640625,479.2183532714844,146.601318359375,2641.612060546875,461.0574951171875,21.395668029785156,2506.28466796875,492.5752258300781,41.68885803222656,2524.834716796875,613.1986083984375,49.80447006225586,2508.598876953125,836.5075073242188,71.66221618652344,2581.114013671875,835.1334838867188,268.2940368652344,2603.541748046875,769.2749633789062,317.4134826660156,2604.689208984375,703.8305053710938,377.5693054199219,2629.177001953125,730.5571899414062,310.0108337402344,2595.726806640625,435.8320007324219,41.1597785949707,2533.635986328125,325.69061279296875,45.00727081298828,2554.777099609375,144.70045471191406,60.20963287353515,2712.0615234375,155.48867797851562,260.255859375,2717.71826171875,179.85614013671875,307.284423828125,2646.855224609375,238.24588012695312,373.1336059570313,2668.49267578125,238.9021148681641,313.3296813964844,2650.595703125,560.8291625976562,412.8004760742187,2649.8896484375,598.46142578125,551.1294555664062,2339.8193359375,574.6181030273438,827.2708740234375,2512.33056640625,629.0706787109375,961.3679809570312,2444.455322265625,414.1715087890625,413.90484619140625,2669.493408203125,256.87054443359375,550.4122314453125,2399.1865234375,300.0897216796875,838.8707885742188,2553.331298828125,279.1383361816406,979.3573608398438,2515.17333984375,453.0550231933594,-16.643524169921875,2448.4267578125,445.5273742675781,91.73338317871094,2364.769287109375,465.1018981933594,51.90994644165039,2347.10400390625,517.7045288085938,-32.901817321777344,2388.837158203125,421.1590576171875,56.843528747558594,2353.026123046875,376.8484802246094,-32.75648498535156,2403.10302734375
481.8809814453125,413.2647705078125,2659.232421875,483.3868103027344,261.84124755859375,2672.8935546875,477.8816223144531,147.63853454589844,2631.630126953125,461.3102722167969,17.873912811279297,2500.780029296875,492.5450134277344,39.049171447753906,2518.69580078125,612.9019165039062,45.921756744384766,2501.095703125,835.4502563476562,71.08058166503906,2573.933837890625,833.2034912109375,266.83038330078125,2601.309326171875,768.3016357421875,317.05169677734375,2601.871826171875,702.821533203125,377.0186462402344,2626.300048828125,731.4583129882812,309.3768615722656,2599.634765625,435.8500671386719,38.3079719543457,2527.330078125,325.4022521972656,40.6733283996582,2546.23876953125,146.54847717285156,60.15751647949219,2705.03515625,152.73731994628906,259.84381103515625,2717.485595703125,178.27008056640625,305.62469482421875,2646.352294921875,232.2863006591797,378.2562561035156,2645.77783203125,238.1775054931641,313.4008483886719,2652.894775390625,558.9539794921875,413.1357727050781,2649.306884765625,597.397705078125,551.8790893554688,2339.985595703125,578.089111328125,826.843017578125,2514.17529296875,635.8781127929688,960.6303100585938,2448.96337890625,412.380859375,413.3811340332031,2668.182861328125,257.32489013671875,550.2926025390625,2397.314453125,298.9037170410156,837.8688354492188,2552.684326171875,279.18280029296875,978.82470703125,2516.343017578125,453.8490295410156,-22.145387649536133,2444.305419921875,446.3504943847656,93.69298553466795,2371.6435546875,462.47711181640625,54.878082275390625,2349.086181640625,513.1766967773438,-35.73271560668945,2378.95458984375,419.4303283691406,61.27816390991211,2358.6513671875,374.0299987792969,-30.33901023864746,2403.524658203125
481.501220703125,407.2490234375,2656.26513671875,481.6920776367187,255.53778076171875,2669.08544921875,475.53326416015625,140.58221435546875,2629.5556640625,457.52044677734375,16.442276000976562,2493.19970703125,489.0332946777344,36.473289489746094,2512.052001953125,609.82958984375,44.44611740112305,2496.9609375,831.9719848632812,72.13703918457031,2571.14013671875,822.556640625,266.81268310546875,2605.654052734375,760.0218505859375,319.499267578125,2597.496337890625,698.2879028320312,386.7349853515625,2610.599853515625,722.6085205078125,314.47930908203125,2595.87451171875,432.2400817871094,36.106346130371094,2520.580810546875,321.6487121582031,39.81653594970703,2539.334716796875,143.90150451660156,57.741817474365234,2700.037841796875,156.27783203125,256.8739929199219,2719.269287109375,177.05023193359375,305.9856262207031,2648.6611328125,231.33746337890625,378.4381103515625,2653.0419921875,237.63555908203125,311.9404296875,2650.419921875,558.6829833984375,406.5112609863281,2646.385498046875,598.0073852539062,551.8353881835938,2339.697265625,577.13818359375,828.1627197265625,2512.37109375,634.512939453125,961.7994995117188,2445.965576171875,411.9030456542969,407.9143371582031,2665.173828125,258.1488952636719,551.4948120117188,2396.443115234375,300.82940673828125,836.6309204101562,2556.876953125,277.9517822265625,974.960693359375,2512.39990234375,449.642822265625,-21.138999938964844,2435.01611328125,443.92340087890625,90.61349487304688,2355.744384765625,463.0260620117187,51.260231018066406,2336.558837890625,514.308837890625,-35.88414001464844,2375.035888671875,419.1259765625,56.55746841430664,2342.5244140625,373.3951721191406,-34.3717155456543,2388.816162109375
480.3927612304687,401.506103515625,2656.325439453125,482.2066650390625,248.7987060546875,2664.817138671875,476.7170104980469,133.96522521972656,2623.159423828125,457.6479797363281,13.054966926574709,2482.9365234375,489.4407653808594,32.648921966552734,2502.202392578125,611.0584716796875,43.26089096069336,2491.37939453125,832.1895751953125,74.40402221679688,2570.5107421875,816.5831298828125,267.05963134765625,2617.209716796875,758.2435302734375,321.5884094238281,2596.2685546875,694.1295776367188,387.9754638671875,2588.257080078125,720.635986328125,314.8422546386719,2593.41748046875,432.4456787109375,32.05085372924805,2511.148193359375,322.3208312988281,38.68635177612305,2534.40380859375,146.194091796875,57.88663864135742,2698.370849609375,153.85183715820312,257.7472839355469,2721.716796875,179.34825134277344,307.1782531738281,2652.378662109375,232.1615447998047,381.31695556640625,2654.78564453125,237.89114379882812,313.26068115234375,2656.69140625,557.7824096679688,401.81146240234375,2645.28515625,598.0807495117188,550.8131103515625,2338.7294921875,576.8953857421875,827.8056640625,2513.14306640625,634.3768920898438,963.8541870117188,2450.030029296875,410.6070861816406,401.2307434082031,2666.28076171875,258.0863342285156,548.5386962890625,2396.86279296875,299.1476135253906,836.6122436523438,2555.59814453125,278.3970947265625,976.5044555664062,2512.746826171875,449.3230590820313,-23.083023071289062,2423.52783203125,437.7366638183594,88.64070892333984,2343.760986328125,454.6585693359375,48.728572845458984,2323.18359375,508.43023681640625,-39.14850997924805,2357.8095703125,411.338134765625,54.636627197265625,2333.067626953125,368.7123107910156,-35.78605270385742,2384.299072265625
479.0983581542969,396.1866455078125,2655.242431640625,479.9073181152344,242.3699188232422,2661.8603515625,473.4451599121094,127.53627014160156,2618.0283203125,453.85247802734375,5.506865501403809,2477.21630859375,485.9082946777344,25.28276252746582,2496.4658203125,608.0140991210938,38.33716583251953,2484.684326171875,827.5117797851562,75.52217102050781,2570.18408203125,807.3386840820312,267.517333984375,2623.041015625,750.7482299804688,320.0422668457031,2592.314208984375,686.9993286132812,383.6445617675781,2568.10205078125,713.0838623046875,313.2346496582031,2600.97900390625,428.5660705566406,24.68433952331543,2505.6484375,317.0360412597656,31.24810028076172,2525.604736328125,143.27455139160156,54.96214294433594,2693.798095703125,152.1212158203125,256.3004455566406,2715.4384765625,180.54937744140625,305.06146240234375,2646.0126953125,231.5194549560547,380.5976867675781,2655.885009765625,237.96575927734375,313.2545166015625,2653.151611328125,556.9737548828125,396.11077880859375,2643.9599609375,595.7857666015625,551.2938842773438,2337.7412109375,574.4956665039062,830.0150756835938,2513.45849609375,639.3681640625,961.4955444335938,2445.32763671875,408.8746948242187,396.2550659179687,2665.416259765625,257.41143798828125,548.1427612304688,2395.06396484375,300.8641052246094,836.821533203125,2556.61083984375,277.6767883300781,977.3211059570312,2513.629150390625,445.299560546875,-31.006038665771484,2417.5244140625,442.90625,87.62964630126953,2345.76220703125,460.3919677734375,48.62996673583984,2323.25732421875,509.257568359375,-43.986854553222656,2354.928955078125,416.3260803222656,55.22872543334961,2330.361572265625,367.1261901855469,-38.02644729614258,2371.19580078125
476.2530517578125,389.2235412597656,2651.92919921875,476.854248046875,235.2430725097656,2656.578125,470.8473510742187,120.44718933105467,2612.38037109375,453.1275329589844,0.298716127872467,2469.56982421875,484.9261474609375,19.975767135620117,2489.3935546875,607.1370239257812,34.24637222290039,2479.501953125,825.851806640625,74.3252944946289,2566.08544921875,807.4197998046875,267.5245361328125,2615.527099609375,751.2235717773438,322.8567199707031,2589.184326171875,684.009033203125,381.2389526367187,2561.26708984375,708.2418212890625,313.13916015625,2597.3125,427.4770812988281,18.937713623046875,2498.07177734375,316.3824768066406,26.531211853027344,2520.338134765625,140.7279052734375,53.958648681640625,2686.191162109375,151.0819091796875,253.9997100830078,2717.947021484375,178.55419921875,304.1658935546875,2649.072265625,231.678466796875,378.0155944824219,2637.45068359375,237.89683532714844,307.08294677734375,2652.903564453125,554.2755737304688,389.2091064453125,2641.362548828125,596.5302124023438,550.8870239257812,2338.751220703125,574.1760864257812,830.358154296875,2513.508056640625,639.8134765625,961.722900390625,2445.6611328125,405.896728515625,389.2365417480469,2661.45751953125,257.4573669433594,547.058837890625,2392.57177734375,300.310546875,835.4281616210938,2555.233154296875,278.4446105957031,977.1224365234376,2515.28466796875,445.2852783203125,-35.411014556884766,2409.248779296875,433.3923645019531,75.55201721191406,2326.796875,453.0679016113281,35.81713104248047,2307.562744140625,508.7828674316406,-50.005157470703125,2346.4638671875,408.7755126953125,40.13275909423828,2315.163330078125,366.8374938964844,-51.94447326660156,2365.785888671875
472.9114685058594,381.9809875488281,2651.7861328125,473.7332763671875,227.30905151367188,2653.242919921875,467.3606567382813,112.72113037109376,2607.19091796875,453.884765625,-6.199859142303467,2461.90380859375,485.1629638671875,13.735323905944824,2482.64599609375,607.823974609375,29.594602584838867,2474.6162109375,823.7667846679688,73.20207214355469,2568.809326171875,804.0361328125,266.3514099121094,2621.17822265625,746.4375610351562,319.3700866699219,2592.167724609375,681.3427124023438,380.953369140625,2564.835205078125,704.7994995117188,312.7352600097656,2601.385498046875,427.35308837890625,11.758685111999512,2490.296630859375,315.537841796875,17.360469818115234,2511.906494140625,140.64129638671875,51.774784088134766,2678.7138671875,151.28887939453125,248.8831329345703,2728.75048828125,179.43910217285156,302.4681396484375,2662.290283203125,226.7511444091797,376.2295227050781,2633.99365234375,228.67822265625,298.37481689453125,2655.423828125,551.1139526367188,382.2874145507813,2640.2021484375,596.250244140625,550.3720703125,2339.89013671875,572.260498046875,830.7206420898438,2515.578369140625,641.1823120117188,961.4309692382812,2448.146728515625,402.3928527832031,381.7046813964844,2662.23193359375,257.9306335449219,549.6546020507812,2395.509033203125,300.9731140136719,840.6334838867188,2556.266357421875,274.2525939941406,979.9652709960938,2509.306640625,447.6163940429687,-41.337684631347656,2400.731201171875,425.6225891113281,69.04673767089844,2318.623291015625,441.9714965820313,28.587692260742188,2297.390380859375,501.7297973632813,-57.839298248291016,2329.64453125,399.0630798339844,33.690696716308594,2311.091552734375,363.3103942871094,-57.38870620727539,2368.803955078125
472.4808654785156,378.8950500488281,2650.21875,473.5132751464844,223.4342498779297,2651.498046875,467.4173278808594,107.9732666015625,2605.89453125,454.6401672363281,-13.112850189208984,2461.087158203125,485.95697021484375,7.256217479705811,2481.794677734375,609.1182250976562,24.220951080322266,2473.90625,824.9135131835938,72.13130950927734,2569.451904296875,803.164794921875,266.6311950683594,2619.935302734375,745.77685546875,319.7850646972656,2589.558837890625,676.0445556640625,373.7478332519531,2556.512939453125,704.792236328125,313.9810485839844,2603.1474609375,427.8431701660156,5.133055210113525,2489.37744140625,315.4041442871094,10.668957710266112,2510.841796875,140.1078643798828,46.14596939086914,2678.82861328125,149.67153930664062,244.56668090820312,2728.127197265625,179.259765625,298.9131164550781,2662.29150390625,226.60037231445312,373.0646362304687,2633.53466796875,228.27783203125,296.5227355957031,2657.060546875,551.0895385742188,379.32171630859375,2638.630615234375,593.931640625,549.4135131835938,2337.065185546875,569.66455078125,831.5135498046875,2513.112060546875,631.3550415039062,967.4317626953124,2446.986572265625,401.5959777832031,378.5102844238281,2660.668212890625,257.15728759765625,549.1874389648438,2393.36083984375,300.2201232910156,840.3585205078125,2557.305419921875,274.4716491699219,980.6802978515624,2510.320068359375,448.607421875,-49.08930969238281,2399.959228515625,432.9709777832031,63.917667388916016,2318.75927734375,449.9293823242187,23.429737091064453,2297.49267578125,506.6705322265625,-65.1141586303711,2331.32861328125,406.18121337890625,29.010963439941406,2308.931396484375,365.5708312988281,-63.09101104736328,2362.8232421875
472.1748962402344,355.6147155761719,2654.046630859375,473.3693542480469,197.59967041015625,2648.15234375,469.3995971679687,78.05652618408203,2607.226806640625,453.4259643554687,-32.35792541503906,2450.43701171875,485.7550048828125,-13.998373985290527,2472.912841796875,610.74609375,3.046618700027466,2461.0390625,822.0847778320312,70.87457275390625,2564.618408203125,805.9663696289062,269.15252685546875,2616.461181640625,746.3125,322.408447265625,2586.634033203125,675.3878784179688,377.5993041992187,2553.52392578125,707.4990234375,308.9579772949219,2607.61181640625,426.6585388183594,-15.74877643585205,2480.8154296875,312.3075866699219,-6.163517951965332,2501.28857421875,134.28651428222656,42.858360290527344,2669.18798828125,154.0814971923828,237.675537109375,2739.84765625,172.58480834960938,293.03228759765625,2668.86669921875,214.2242889404297,368.5486450195313,2631.109130859375,221.480224609375,296.22003173828125,2659.157470703125,552.2753295898438,356.6195373535156,2643.341796875,587.4439697265625,547.3528442382812,2346.200927734375,571.0802612304688,838.1827392578125,2519.83349609375,643.680419921875,964.949951171875,2440.89599609375,399.9447937011719,354.7086486816406,2663.69970703125,267.1768493652344,547.3212280273438,2397.40869140625,302.81781005859375,843.5482177734375,2565.960205078125,273.8611755371094,982.2091674804688,2508.74072265625,446.3099365234375,-63.613407135009766,2385.5166015625,429.2804565429687,55.68787384033203,2309.605712890625,445.2752685546875,15.505120277404783,2285.30029296875,502.86566162109375,-76.90043640136719,2313.052978515625,401.25579833984375,21.076265335083008,2298.671142578125,360.4982604980469,-74.87081909179688,2349.849365234375
472.92767333984375,350.7842712402344,2652.087646484375,475.1477661132813,192.0891876220703,2642.851318359375,471.53521728515625,72.03512573242188,2601.28955078125,451.98590087890625,-39.93210220336914,2444.733642578125,484.9881896972656,-21.408267974853516,2466.53857421875,610.7201538085938,-5.367025852203369,2453.83251953125,823.3407592773438,63.72541809082031,2557.07275390625,791.1747436523438,264.4419860839844,2594.42578125,734.7216796875,326.978515625,2610.710205078125,672.1136474609375,369.29534912109375,2551.036376953125,689.2796020507812,302.96661376953125,2600.404052734375,425.7463989257813,-22.97626495361328,2475.71484375,311.5338134765625,-11.142098426818848,2499.145751953125,134.86268615722656,39.96916580200195,2669.82373046875,143.09486389160156,242.80992126464844,2720.74755859375,179.94915771484375,302.0228576660156,2660.1533203125,222.14456176757812,380.8908996582031,2629.216796875,221.97654724121097,296.25836181640625,2654.416259765625,553.2247924804688,352.6229553222656,2639.797119140625,587.4786987304688,550.8062133789062,2345.152587890625,571.4750366210938,841.7647705078125,2522.139404296875,641.3046875,967.0623779296876,2436.738525390625,400.5202026367187,349.1262512207031,2663.170654296875,268.76605224609375,548.808349609375,2399.050537109375,306.19036865234375,847.5123901367188,2566.594482421875,283.909423828125,988.625244140625,2510.1884765625,443.4194030761719,-71.751953125,2379.827392578125,426.5689392089844,43.42959213256836,2296.442138671875,443.6917114257813,1.93122398853302,2274.7060546875,502.07464599609375,-88.4507064819336,2309.118896484375,399.07720947265625,7.688078880310059,2286.833984375,358.1262512207031,-86.24654388427734,2342.7880859375
472.85748291015625,350.5647888183594,2651.9140625,475.0799255371094,191.79913330078125,2642.690185546875,471.4912414550781,71.62406921386719,2601.3056640625,451.95556640625,-40.95880126953125,2445.0849609375,484.9677734375,-22.33267593383789,2466.826416015625,610.7376708984375,-6.265990257263184,2453.96826171875,823.4959716796875,63.61980819702149,2556.64697265625,790.6161499023438,264.5230407714844,2592.859375,733.4074096679688,326.7101135253906,2608.003173828125,671.72216796875,366.91607666015625,2545.890380859375,688.24853515625,302.09454345703125,2597.341796875,425.7028198242187,-23.898571014404297,2476.025146484375,311.4366149902344,-12.051029205322266,2499.445556640625,134.7010955810547,39.440528869628906,2670.104248046875,142.76528930664062,242.51751708984375,2720.48779296875,179.671142578125,301.64813232421875,2659.783203125,221.9346923828125,380.6056518554687,2629.04150390625,221.7972412109375,295.97998046875,2654.1845703125,553.1880493164062,352.4043273925781,2639.6064453125,587.4083251953125,550.7221069335938,2344.859130859375,571.4264526367188,841.8005981445312,2521.938720703125,641.3023071289062,967.3793334960938,2436.84619140625,400.41986083984375,348.9059753417969,2663.012451171875,268.447509765625,548.7288208007812,2398.896728515625,306.05706787109375,847.279052734375,2566.983154296875,283.78594970703125,988.7274169921876,2511.23388671875,443.3871154785156,-73.02780151367188,2380.26611328125,426.5422668457031,40.75587463378906,2294.876708984375,443.9231262207031,-1.0518953800201416,2273.901611328125,502.4737854003906,-90.6875,2310.09814453125,399.2100830078125,4.748229026794434,2285.720703125,358.2909851074219,-88.43846130371094,2343.0390625
470.3517761230469,345.41009521484375,2644.907470703125,471.6068115234375,186.4421234130859,2635.953125,467.56243896484375,65.92101287841797,2595.189208984375,449.21331787109375,-48.50407028198242,2439.900146484375,482.1061706542969,-29.763906478881836,2461.82080078125,607.8675537109375,-11.55199146270752,2450.42333984375,820.5598754882812,63.627830505371094,2550.10986328125,786.15185546875,263.99163818359375,2589.092529296875,730.5016479492188,325.4735107421875,2611.6484375,670.3239135742188,362.3939514160156,2545.95458984375,681.9263305664062,300.47869873046875,2591.590576171875,422.668701171875,-30.939817428588867,2470.375,308.1077880859375,-17.101600646972656,2491.83154296875,134.11160278320312,35.4189453125,2665.376220703125,142.4303741455078,237.48109436035156,2720.535888671875,180.50460815429688,296.3448181152344,2660.13818359375,227.8308258056641,376.503662109375,2642.244384765625,223.20590209960935,292.2996826171875,2655.697021484375,550.8544311523438,346.7124328613281,2633.070068359375,588.127197265625,551.1101684570312,2342.395751953125,571.2657470703125,841.372314453125,2521.450439453125,643.6646728515625,970.5492553710938,2443.817626953125,397.759033203125,344.2357177734375,2655.581787109375,268.72003173828125,549.915771484375,2393.991943359375,304.4668884277344,845.7542724609375,2567.95947265625,285.1274719238281,986.9473876953124,2510.042236328125,441.2089538574219,-81.32018280029297,2375.292724609375,424.0870666503906,31.209558486938477,2288.050537109375,439.5458984375,-11.531792640686035,2267.322509765625,497.1138000488281,-102.06570434570312,2303.249267578125,395.4436340332031,-4.2580885887146,2280.7197265625,354.26336669921875,-95.18087005615234,2341.637451171875
468.76568603515625,340.6366882324219,2640.004150390625,470.75250244140625,182.4298095703125,2636.860107421875,467.0945129394531,62.29174041748047,2597.373779296875,453.2754821777344,-54.114601135253906,2444.583251953125,485.3241271972656,-34.992881774902344,2466.888671875,609.5236206054688,-15.967830657958984,2449.817138671875,819.6549682617188,62.27126693725586,2548.856201171875,787.5867309570312,263.0399169921875,2580.3203125,738.4093017578125,321.313232421875,2618.8095703125,672.0767211914062,354.58282470703125,2558.148193359375,681.3843383789062,295.4453125,2585.30615234375,426.0535278320313,-36.24836730957031,2473.873046875,311.2857360839844,-21.94551658630371,2489.097412109375,133.76417541503906,36.88452911376953,2654.643310546875,145.83328247070312,233.2703399658203,2723.1396484375,179.7206573486328,298.7208251953125,2668.1318359375,220.6313934326172,374.33734130859375,2629.60595703125,216.3102569580078,293.3426208496094,2654.876220703125,548.8640747070312,341.8642883300781,2628.84912109375,587.5455932617188,546.5760498046875,2341.275390625,571.73046875,833.5068359375,2521.81640625,628.3889770507812,968.6395874023438,2443.438720703125,396.5374145507813,339.52972412109375,2650.063232421875,271.98480224609375,552.6982421875,2395.355224609375,302.5318603515625,846.84814453125,2569.00146484375,286.39434814453125,988.4172973632812,2513.56689453125,447.1070861816406,-87.84919738769531,2380.75390625,421.78521728515625,17.1490535736084,2287.74560546875,436.75592041015625,-26.40134620666504,2269.19189453125,498.3035583496094,-112.49736785888672,2307.197021484375,393.7375793457031,-19.06279563903809,2284.888916015625,359.0267333984375,-105.61154174804688,2354.253173828125
469.38671875,330.6535949707031,2640.238037109375,467.9287109375,171.78533935546875,2629.228271484375,461.8280029296875,53.080169677734375,2583.603759765625,444.1037902832031,-64.30960083007812,2430.42236328125,476.9534912109375,-45.722381591796875,2452.553955078125,602.615966796875,-25.981374740600582,2442.400390625,811.7034301757812,60.779273986816406,2540.41162109375,791.7827758789062,264.0302429199219,2574.443115234375,747.9880981445312,317.81085205078125,2625.219970703125,674.8216552734375,346.11285400390625,2569.10009765625,683.6380004882812,284.5257568359375,2581.41650390625,417.3471374511719,-45.59455490112305,2460.027099609375,304.20147705078125,-25.103012084960938,2483.68310546875,133.28787231445312,37.455326080322266,2657.03369140625,144.7107696533203,234.63204956054688,2727.382080078125,175.30422973632812,298.05926513671875,2667.3251953125,221.72164916992188,376.4475708007813,2641.06494140625,216.8770751953125,292.3382568359375,2654.672607421875,550.060302734375,330.66241455078125,2629.427978515625,583.6710815429688,546.8829956054688,2346.889404296875,570.3040161132812,839.56640625,2522.389404296875,629.7694091796875,972.4313354492188,2440.06787109375,396.6398620605469,330.64569091796875,2649.986083984375,276.7569580078125,547.2757568359375,2392.8212890625,302.2813720703125,842.1973266601562,2570.245361328125,286.1404724121094,984.3164672851562,2513.54638671875,436.6438598632813,-98.35533142089844,2366.372314453125,425.4602355957031,14.166571617126465,2278.11669921875,442.7986145019531,-28.442298889160156,2258.61572265625,498.1117858886719,-118.60291290283205,2298.836181640625,397.731201171875,-21.5124568939209,2268.572998046875,352.6474609375,-112.82882690429688,2326.086669921875
466.2852783203125,323.78521728515625,2638.505859375,465.3929748535156,164.90016174316406,2629.46240234375,460.18994140625,44.528907775878906,2588.58740234375,442.0080261230469,-67.3893051147461,2431.58349609375,474.9074096679687,-49.68457794189453,2454.296630859375,600.159423828125,-30.0511417388916,2440.600830078125,809.8037109375,53.99367904663086,2539.3525390625,794.6371459960938,258.2875671386719,2568.33544921875,760.2615966796875,318.9054870605469,2618.5556640625,682.99462890625,346.9456787109375,2568.213623046875,688.6220703125,285.0884094238281,2580.324951171875,415.3491516113281,-49.63703536987305,2461.81640625,301.5558166503906,-30.695087432861328,2483.134765625,132.80714416503906,36.408721923828125,2656.65185546875,144.78700256347656,235.2333526611328,2721.6279296875,180.23670959472656,297.47064208984375,2663.11572265625,226.6553955078125,376.792724609375,2640.10107421875,216.52183532714844,291.7633361816406,2652.12353515625,546.9122924804688,323.9430236816406,2627.778076171875,583.3654174804688,542.0802001953125,2347.38916015625,568.3001098632812,835.0856323242188,2521.746337890625,638.572998046875,966.40478515625,2445.95703125,393.5803833007813,323.6429138183594,2648.1796875,277.48193359375,542.8008422851562,2391.767822265625,299.3570556640625,840.4605102539062,2564.57763671875,291.9699401855469,986.6624145507812,2517.561279296875,434.4018249511719,-99.1665267944336,2366.4521484375,417.37457275390625,1.4365166425704956,2265.77587890625,436.2890625,-42.4042854309082,2251.17578125,495.8520202636719,-124.72246551513672,2300.817138671875,391.1155700683594,-36.21331024169922,2260.9853515625,350.701904296875,-121.77056121826172,2329.59033203125
465.2343444824219,320.10333251953125,2635.473876953125,464.7876281738281,162.70907592773438,2619.68212890625,460.2890319824219,45.484825134277344,2572.451904296875,443.6631164550781,-74.41758728027344,2422.776611328125,476.12542724609375,-55.07109451293945,2444.2392578125,600.9940185546875,-35.338104248046875,2435.07177734375,805.41357421875,53.89235305786133,2536.49267578125,798.6551513671875,255.13958740234375,2578.26904296875,762.9901733398438,318.3119201660156,2623.28955078125,687.1276245117188,347.6567687988281,2572.665283203125,692.6299438476562,280.6734619140625,2574.828125,416.9540100097656,-55.59529113769531,2451.912353515625,304.05975341796875,-38.23038864135742,2475.366455078125,135.86215209960938,35.7448844909668,2644.380859375,140.3211212158203,232.2679748535156,2713.138916015625,180.88873291015625,298.5395202636719,2664.0126953125,227.20697021484375,377.3808898925781,2641.494140625,216.5216827392578,291.9183654785156,2654.0751953125,545.5264892578125,320.8216552734375,2626.04345703125,583.2701416015625,540.527099609375,2349.81494140625,568.06640625,831.9973754882812,2522.710693359375,634.4510498046875,962.5571899414062,2444.3623046875,392.8313293457031,319.45562744140625,2643.977783203125,277.7021789550781,543.7177124023438,2394.62255859375,301.569580078125,841.19677734375,2563.29248046875,283.0286865234375,984.6621704101562,2514.0,436.4591064453125,-109.62017059326172,2359.8896484375,411.5093994140625,-11.141911506652832,2259.994384765625,428.7979431152344,-55.05846405029297,2244.6513671875,491.6209411621094,-136.43431091308594,2290.102294921875,384.9235229492187,-48.47788619995117,2258.0966796875,350.3333435058594,-132.16973876953125,2330.86279296875
462.8536376953125,313.8954772949219,2629.919921875,461.7174377441406,157.43319702148438,2614.366943359375,456.2574157714844,40.2509651184082,2569.201171875,438.2990112304687,-80.25099182128906,2421.655517578125,470.7982482910156,-61.23398971557617,2442.828857421875,594.508056640625,-40.89640045166016,2430.341064453125,797.8986206054688,51.34893035888672,2527.50830078125,801.2538452148438,251.67852783203125,2568.0419921875,766.5747680664062,309.8343200683594,2619.2060546875,692.575439453125,346.5832214355469,2571.844970703125,697.4998779296875,274.5148620605469,2573.67529296875,411.9708557128906,-60.883792877197266,2450.38525390625,299.43084716796875,-39.74694061279297,2468.337890625,136.00933837890625,37.43694686889648,2638.3974609375,141.0145721435547,231.3688201904297,2710.62060546875,180.49191284179688,298.9959716796875,2663.523193359375,227.6139984130859,376.9773254394531,2642.05419921875,216.0806427001953,291.13153076171875,2650.749755859375,542.4658203125,314.40557861328125,2618.972412109375,583.072265625,542.5184936523438,2352.874755859375,570.4027709960938,834.3419799804688,2521.34716796875,628.3280639648438,969.0208740234376,2445.400146484375,391.0638732910156,313.4354553222656,2639.7919921875,281.6222229003906,541.1356201171875,2394.028564453125,301.1642150878906,838.4319458007812,2559.383544921875,291.4368896484375,985.8748779296876,2524.13037109375,430.7395935058594,-115.79566955566406,2359.505126953125,416.7823791503906,-18.16799545288086,2257.863037109375,432.9987182617187,-62.70647048950195,2244.19189453125,488.762451171875,-145.64260864257812,2294.148193359375,388.9360046386719,-54.128570556640625,2254.59765625,346.296630859375,-134.8590545654297,2325.30126953125
464.1361083984375,303.0743713378906,2635.80078125,459.4935607910156,148.7128448486328,2596.626220703125,452.9953308105469,34.0955924987793,2541.45458984375,433.9196472167969,-100.21446228027344,2402.93603515625,466.99114990234375,-79.48056030273438,2422.744384765625,591.5087280273438,-51.325233459472656,2423.082275390625,793.777587890625,50.53860855102539,2521.12890625,801.5313720703125,251.84005737304688,2569.288818359375,763.390869140625,319.4183044433594,2606.346435546875,687.5489501953125,351.7839050292969,2556.2265625,695.3908081054688,284.0065612792969,2570.581787109375,407.3757019042969,-77.91730499267578,2430.184326171875,298.6915588378906,-46.18035507202149,2461.38525390625,136.80740356445312,37.88238525390625,2634.4609375,148.48582458496094,230.12875366210935,2717.525390625,181.8937835693359,300.1689147949219,2667.015625,227.0137634277344,383.5975036621094,2667.540283203125,216.6168670654297,292.0550842285156,2651.593017578125,545.0133666992188,303.042724609375,2626.3408203125,575.5307006835938,532.71533203125,2354.0634765625,569.6326904296875,829.8568115234375,2522.62255859375,610.94287109375,969.7982177734376,2440.773193359375,391.20556640625,303.1028747558594,2644.33154296875,283.4056091308594,539.0641479492188,2398.888671875,307.71539306640625,840.6273193359375,2565.254638671875,282.1228332519531,982.9462890625,2512.497802734375,426.0355224609375,-141.43136596679688,2343.26513671875,416.1536560058594,-25.405101776123047,2259.4033203125,434.5106506347656,-67.0151596069336,2238.663330078125,489.64990234375,-158.26878356933594,2276.733642578125,389.0857238769531,-60.93769836425781,2247.591552734375,343.351318359375,-155.03460693359375,2299.98095703125
464.6394348144531,298.04315185546875,2631.84033203125,458.88671875,144.15354919433594,2590.521728515625,452.36474609375,29.22223472595215,2535.783935546875,432.22320556640625,-106.18643188476562,2398.282958984375,465.4798278808594,-85.49954223632812,2417.9033203125,590.5750732421875,-59.67213821411133,2415.374755859375,788.5679931640625,48.080055236816406,2516.285888671875,804.8739624023438,246.8897705078125,2572.640869140625,762.2041625976562,317.7296447753906,2596.45361328125,685.966064453125,349.31121826171875,2546.29296875,699.403564453125,284.4230041503906,2574.92578125,405.8387451171875,-83.4712142944336,2425.39501953125,297.2563781738281,-50.64812469482422,2456.159912109375,136.8513946533203,38.33293151855469,2628.430419921875,147.94166564941406,230.3064422607422,2712.6025390625,180.79904174804688,300.6154479980469,2661.975830078125,221.3710174560547,382.3917236328125,2635.962646484375,216.2841796875,291.7694396972656,2645.054443359375,545.772216796875,297.04052734375,2624.278564453125,575.801513671875,532.8952026367188,2356.918701171875,571.5103759765625,831.6123657226562,2523.25390625,624.173828125,972.3764038085938,2449.469482421875,391.4784240722656,298.9472961425781,2638.658935546875,282.1366882324219,537.33984375,2395.8662109375,306.4992370605469,839.3941650390625,2561.878662109375,283.4920349121094,983.2437744140624,2511.80908203125,423.9925842285156,-147.86712646484375,2338.913818359375,412.4905395507813,-39.777130126953125,2245.062255859375,434.0868835449219,-81.87559509277344,2228.82568359375,491.8803405761719,-166.4962158203125,2277.154541015625,387.9627685546875,-77.6619873046875,2235.006103515625,344.4768371582031,-169.6481170654297,2292.9619140625
464.0780029296875,292.8057861328125,2627.646484375,457.5498046875,138.64881896972656,2585.920654296875,450.0389404296875,25.112905502319336,2527.769775390625,428.0718078613281,-113.7477569580078,2393.3486328125,461.6701965332031,-92.7387466430664,2412.27392578125,586.5263671875,-64.2406997680664,2410.942138671875,784.9009399414062,45.566036224365234,2510.372314453125,803.0607299804688,244.19308471679688,2568.656982421875,760.3502807617188,313.4018249511719,2597.443115234375,686.1342163085938,348.86260986328125,2546.390869140625,698.7100219726562,289.4372253417969,2573.5693359375,401.95159912109375,-90.18727111816406,2420.171142578125,293.9454040527344,-54.294677734375,2450.645263671875,138.73867797851562,37.92828750610352,2626.836669921875,148.90869140625,228.50762939453125,2715.46923828125,180.70819091796875,299.0669250488281,2664.101318359375,223.3321228027344,383.29010009765625,2652.08740234375,216.79893493652344,291.7760314941406,2648.621337890625,545.3659057617188,291.53228759765625,2619.6337890625,575.4892578125,531.8110961914062,2355.054931640625,569.6718139648438,828.507080078125,2526.616943359375,622.9877319335938,965.0775756835938,2444.90673828125,390.777099609375,293.95416259765625,2634.8720703125,282.8015441894531,540.5670776367188,2398.461669921875,305.8666076660156,843.0792236328125,2565.60009765625,272.1098327636719,983.82275390625,2511.76611328125,419.1468811035156,-156.88514709472656,2334.90576171875,402.7061767578125,-57.42399215698242,2232.129150390625,426.29986572265625,-99.79515075683594,2219.373291015625,488.0515747070313,-177.51052856445312,2274.572021484375,379.9101257324219,-97.20695495605467,2225.32958984375,340.5734558105469,-186.1524658203125,2291.06005859375
463.0212097167969,286.93463134765625,2621.921875,456.1249084472656,132.1209259033203,2581.755615234375,448.06939697265625,16.90372085571289,2526.62255859375,425.5157165527344,-121.79226684570312,2391.68798828125,459.2449340820313,-100.81752014160156,2410.578369140625,583.7647705078125,-70.18997955322266,2407.232421875,781.6614990234375,41.2846565246582,2506.72607421875,802.7250366210938,240.79782104492188,2562.095947265625,765.4989013671875,313.1666259765625,2591.130126953125,686.8737182617188,349.1084899902344,2547.2265625,699.2576904296875,289.0024108886719,2571.010498046875,399.4631042480469,-98.25775146484376,2418.712890625,292.11016845703125,-60.89320373535156,2450.41552734375,139.71192932128906,37.939544677734375,2626.04052734375,147.33737182617188,232.26661682128903,2707.264892578125,189.51808166503903,298.6705627441406,2657.59765625,232.73016357421875,382.1759338378906,2642.020263671875,223.0194091796875,293.0613708496094,2650.0244140625,544.2894287109375,285.7563171386719,2612.510009765625,575.1082153320312,531.9725952148438,2352.7509765625,569.6194458007812,828.8193969726562,2525.13525390625,624.5494384765625,968.0750122070312,2448.652587890625,389.7380981445313,287.9971923828125,2630.40869140625,287.22698974609375,540.6865844726562,2397.15185546875,305.100830078125,843.678955078125,2565.18017578125,273.25677490234375,984.3966674804688,2509.451904296875,416.344482421875,-164.8313751220703,2333.0673828125,402.806640625,-73.7746810913086,2222.088623046875,426.4315185546875,-117.21871948242188,2213.310302734375,486.5321044921875,-190.63389587402344,2276.067626953125,379.8671875,-113.92937469482422,2218.001953125,338.44122314453125,-197.21585083007812,2289.90185546875
463.0220642089844,286.93035888671875,2621.916015625,456.1252746582031,132.1151123046875,2581.7490234375,448.0697326660156,16.895645141601562,2526.617431640625,425.5162048339844,-121.80850982666016,2391.6884765625,459.2457275390625,-100.83253479003906,2410.578125,583.766845703125,-70.20458984375,2407.228515625,781.6680908203125,41.27978515625,2506.708740234375,802.729736328125,240.79966735839844,2562.063232421875,765.49853515625,313.1719665527344,2591.0849609375,686.876220703125,349.09539794921875,2547.1591796875,699.256591796875,289.00433349609375,2570.951904296875,399.4632568359375,-98.2724838256836,2418.71240234375,292.1087646484375,-60.90620040893555,2450.412353515625,139.70484924316406,37.93805694580078,2626.02978515625,147.32716369628906,232.27207946777344,2707.24365234375,189.505126953125,298.67645263671875,2657.57275390625,232.71278381347656,382.1843566894531,2641.99072265625,223.0000762939453,293.0689697265625,2649.9970703125,544.2911376953125,285.7518310546875,2612.504150390625,575.1083984375,531.9732055664062,2352.744873046875,569.6192016601562,828.8209228515625,2525.134521484375,624.5419311523438,968.083984375,2448.656005859375,389.7381591796875,287.9930725097656,2630.403076171875,287.2358093261719,540.6881103515625,2397.142578125,305.1175537109375,843.679443359375,2565.17919921875,273.3022766113281,984.4090576171876,2509.4599609375,416.3450622558594,-164.8509979248047,2333.0693359375,402.8117065429687,-73.819580078125,2222.0673828125,426.4334716796875,-117.2679672241211,2213.299072265625,486.5304870605469,-190.6729278564453,2276.07373046875,379.8689880371094,-113.9740219116211,2217.9912109375,338.43780517578125,-197.24070739746097,2289.912841796875
467.1817626953125,274.0006103515625,2610.895263671875,458.9322204589844,120.15025329589844,2563.68896484375,447.9290771484375,11.51058864593506,2495.33642578125,425.6689758300781,-142.50770568847656,2376.020751953125,459.52056884765625,-118.87981414794922,2392.013671875,586.02978515625,-93.13096618652344,2390.006591796875,771.5636596679688,36.4187126159668,2495.335693359375,796.851806640625,235.20135498046875,2556.430908203125,782.4266967773438,300.76129150390625,2611.733154296875,733.7646484375,370.41351318359375,2563.7138671875,717.3076171875,308.5101318359375,2588.0087890625,399.4436645507813,-116.41342163085938,2400.924072265625,290.5455627441406,-83.08158874511719,2434.68505859375,151.45162963867188,36.81612777709961,2610.63134765625,146.08921813964844,227.49441528320312,2703.463623046875,185.6157684326172,301.9684753417969,2662.70751953125,219.74676513671875,377.62152099609375,2614.596923828125,221.5718994140625,292.7909851074219,2649.338134765625,548.6513061523438,273.3282775878906,2598.84912109375,570.5493774414062,539.0690307617188,2354.61083984375,576.0487670898438,834.7335815429688,2533.418701171875,617.393310546875,969.5061645507812,2439.829345703125,393.7171325683594,274.60687255859375,2621.757568359375,288.6262512207031,541.4383544921875,2402.154541015625,311.6462707519531,844.964111328125,2573.29150390625,269.26641845703125,980.3651733398438,2509.202880859375,416.3119201660156,-192.18667602539065,2322.278564453125,401.697265625,-93.6906967163086,2216.683837890625,422.04986572265625,-138.2035369873047,2204.025146484375,481.4886779785156,-219.07749938964844,2259.13916015625,375.866455078125,-132.34515380859375,2211.955078125,333.447509765625,-217.480224609375,2282.364013671875
466.4579162597656,269.2621154785156,2605.962646484375,457.0379333496094,114.93778228759766,2561.53857421875,445.14508056640625,5.893856048583984,2494.401611328125,422.8553161621094,-148.0803680419922,2375.582763671875,456.67926025390625,-124.7019500732422,2391.791015625,582.8975830078125,-98.80970764160156,2388.113525390625,764.01904296875,36.161094665527344,2493.311279296875,795.7317504882812,232.9063720703125,2556.740234375,773.1641235351562,297.3504333496094,2610.37353515625,735.8839111328125,375.3140869140625,2565.375244140625,716.0516357421875,307.1727294921875,2583.9375,396.64398193359375,-121.74639892578124,2400.110107421875,287.86773681640625,-85.9210433959961,2430.86669921875,152.05706787109375,33.45022201538086,2609.09716796875,150.8925018310547,220.97134399414065,2707.51708984375,180.30015563964844,296.1495666503906,2660.364013671875,213.54872131347656,379.6098937988281,2627.1884765625,221.28054809570312,293.2242126464844,2646.63525390625,547.7935180664062,267.72735595703125,2594.047607421875,570.0601806640625,538.4112548828125,2356.26513671875,579.090576171875,836.5194702148438,2529.65625,609.8936767578125,976.310791015625,2439.9658203125,393.114013671875,270.64605712890625,2616.707275390625,288.0459899902344,538.2916870117188,2399.1015625,312.0339660644531,842.340576171875,2567.951904296875,276.9971008300781,981.9684448242188,2509.376708984375,413.6364135742187,-197.77883911132812,2322.0068359375,396.9378356933594,-101.35202026367188,2215.157470703125,417.4188232421875,-145.84844970703125,2203.000732421875,478.0702819824219,-225.21408081054688,2258.58056640625,371.379150390625,-140.20013427734375,2211.426025390625,330.5887451171875,-224.2950439453125,2283.685546875
463.9393615722656,266.2662353515625,2599.1748046875,454.7711181640625,112.7416763305664,2556.21337890625,444.8956298828125,-2.73287296295166,2502.683837890625,421.380859375,-149.91064453125,2377.9931640625,455.1555480957031,-127.60792541503906,2394.92236328125,580.1073608398438,-102.2810516357422,2384.085693359375,756.0599365234375,36.78092193603515,2488.404541015625,788.5587158203125,231.05125427246097,2553.98193359375,767.9515380859375,295.296142578125,2607.61474609375,735.8238525390625,376.10308837890625,2565.28173828125,716.644287109375,313.8447265625,2583.938720703125,395.6253051757813,-124.80512237548828,2403.673095703125,284.8485412597656,-92.75563049316406,2427.279541015625,149.4722900390625,28.125547409057617,2602.14453125,156.24826049804688,219.2100524902344,2689.53076171875,179.3805694580078,301.1647033691406,2652.646728515625,213.40298461914065,389.7759704589844,2657.938232421875,215.13145446777344,301.4054260253906,2636.3056640625,544.7439575195312,264.6162414550781,2587.82666015625,571.49462890625,536.5191650390625,2355.9814453125,577.80615234375,834.1634521484375,2525.21728515625,614.7368774414062,978.3739013671876,2448.0380859375,391.0743408203125,267.75408935546875,2609.407958984375,288.16644287109375,538.3772583007812,2398.94189453125,309.64447021484375,842.6726684570312,2562.33154296875,269.95599365234375,985.3870239257812,2519.220947265625,411.69134521484375,-196.7137451171875,2322.66259765625,394.00921630859375,-116.84605407714844,2204.362060546875,415.4832458496094,-161.74244689941406,2198.609375,476.9201354980469,-230.7400054931641,2264.489990234375,369.5791015625,-156.16029357910156,2205.79736328125,330.2877197265625,-229.99728393554688,2287.999755859375
463.022216796875,259.7041931152344,2592.545654296875,453.6295166015625,107.11985778808594,2549.693603515625,444.079345703125,-9.845942497253418,2501.34228515625,421.9377746582031,-153.23690795898438,2373.761474609375,455.3313598632813,-131.23219299316406,2391.17626953125,578.7914428710938,-102.81358337402344,2379.61328125,749.0728759765625,38.195655822753906,2487.305419921875,784.0943603515625,230.45936584472656,2553.716796875,770.0962524414062,293.81134033203125,2609.696533203125,737.9564208984375,376.0038146972656,2571.512939453125,719.3287963867188,318.3671569824219,2587.513671875,396.1159362792969,-129.10995483398438,2399.872314453125,285.53289794921875,-98.0672836303711,2422.332275390625,150.4497528076172,23.090131759643555,2595.1337890625,152.65077209472656,213.2292022705078,2681.90966796875,186.5004119873047,295.70513916015625,2658.138427734375,211.33319091796875,381.68072509765625,2627.721923828125,220.2489318847656,295.9562072753906,2640.61669921875,543.2354125976562,258.18145751953125,2580.385986328125,570.536376953125,536.6024780273438,2359.795654296875,579.010009765625,836.31298828125,2521.124267578125,612.8377075195312,985.178466796875,2454.12548828125,390.6904602050781,261.07733154296875,2603.5107421875,293.1966857910156,535.4556274414062,2398.90869140625,306.85235595703125,838.7066040039062,2560.86328125,284.3880920410156,985.9823608398438,2524.35595703125,412.7134094238281,-198.46682739257812,2317.604248046875,385.0834045410156,-137.86810302734375,2191.06103515625,410.2996215820313,-180.8220672607422,2190.64599609375,478.9866943359375,-234.12205505371097,2262.5390625,364.52874755859375,-178.3647918701172,2198.635986328125,334.35369873046875,-242.9594268798828,2290.896484375
463.4040832519531,251.72021484375,2589.63525390625,452.6510009765625,99.52865600585938,2543.456298828125,442.8474731445313,-18.241682052612305,2495.765869140625,423.4426879882813,-164.57635498046875,2369.91015625,456.5293273925781,-141.54112243652344,2387.017822265625,580.2094116210938,-112.33042907714844,2374.189208984375,740.18359375,39.03583526611328,2485.8251953125,782.5465087890625,230.63510131835935,2552.4736328125,768.6965942382812,295.532470703125,2607.2373046875,739.4171142578125,381.9480285644531,2575.67138671875,719.2715454101562,319.45281982421875,2586.54248046875,397.0511169433594,-140.48558044433594,2395.78271484375,285.2086181640625,-111.68357849121094,2417.443359375,152.97308349609375,19.876480102539062,2586.26416015625,151.71664428710938,213.96563720703125,2666.069580078125,190.89480590820312,297.6235656738281,2659.11181640625,219.15296936035156,382.5688781738281,2627.62109375,220.7279357910156,294.5667419433594,2639.565673828125,544.2129516601562,249.05093383789065,2579.615234375,571.472900390625,529.6556396484375,2359.460693359375,581.7816162109375,831.3169555664062,2519.950439453125,615.4202270507812,984.864501953125,2462.41357421875,390.5351867675781,254.12722778320312,2598.67041015625,293.766357421875,536.1900024414062,2401.81689453125,310.3289794921875,842.1439208984375,2561.354736328125,277.72491455078125,987.7808227539062,2523.34521484375,415.059814453125,-211.02496337890625,2314.237548828125,383.1917724609375,-150.91481018066406,2187.80419921875,408.3086242675781,-194.15011596679688,2186.808837890625,479.50982666015625,-247.47201538085935,2256.933837890625,362.6674499511719,-191.43605041503903,2196.393798828125,335.3281555175781,-255.54359436035156,2290.455810546875
462.8696594238281,245.46209716796875,2590.2705078125,451.5303649902344,92.10003662109376,2541.526611328125,441.1506958007813,-25.78727912902832,2490.265625,422.3972778320313,-177.47683715820312,2367.06640625,455.7397155761719,-153.476806640625,2383.698974609375,579.9255981445312,-120.90170288085938,2368.678466796875,736.33984375,38.92578125,2480.165283203125,781.0987548828125,232.01632690429688,2548.70361328125,782.6282958984375,284.1573486328125,2618.420654296875,743.3390502929688,350.5135192871094,2558.422119140625,721.0179443359375,324.1606750488281,2589.13818359375,395.5471496582031,-152.5547637939453,2392.586181640625,282.6829528808594,-122.02410125732422,2414.2822265625,154.3306884765625,17.510906219482422,2584.2236328125,153.403564453125,211.84194946289065,2669.897705078125,194.9009704589844,295.0566711425781,2657.953369140625,218.50929260253903,382.47357177734375,2625.94580078125,219.66668701171875,295.20501708984375,2635.450439453125,544.6754760742188,242.54920959472656,2580.40478515625,571.67724609375,527.4573974609375,2358.727783203125,580.4329833984375,831.5992431640625,2523.373291015625,615.2696533203125,982.867431640625,2455.547119140625,389.1017456054687,248.08876037597656,2599.1669921875,301.044677734375,537.5228271484375,2401.090087890625,316.6495666503906,843.1539306640625,2570.100830078125,285.0443115234375,987.0276489257812,2519.18408203125,414.1842041015625,-226.08078002929688,2312.05615234375,382.16558837890625,-165.6834259033203,2183.83984375,406.1280212402344,-210.25579833984375,2183.00732421875,477.362548828125,-265.7391357421875,2253.630859375,360.1913757324219,-205.88758850097656,2193.29541015625,331.74383544921875,-268.73773193359375,2289.611083984375
462.1847229003906,238.59896850585935,2584.724365234375,451.4080810546875,84.8691177368164,2536.387939453125,441.316162109375,-33.01465606689453,2484.68359375,420.5438537597656,-185.972900390625,2363.020263671875,454.1918640136719,-161.80978393554688,2378.923583984375,578.3496704101562,-128.30059814453125,2364.432373046875,725.7417602539062,40.44608688354492,2475.72412109375,776.4371948242188,229.22430419921875,2552.4091796875,782.2195434570312,281.4002685546875,2622.004150390625,746.71435546875,354.6227111816406,2567.7197265625,717.7652587890625,321.7049865722656,2588.200927734375,394.0781555175781,-160.78321838378906,2388.769287109375,283.07757568359375,-126.64179229736328,2414.989990234375,159.9773406982422,18.609031677246097,2584.4736328125,152.26400756835938,214.0048370361328,2667.972412109375,193.26600646972656,297.6676940917969,2656.599365234375,218.73587036132812,384.0554504394531,2622.9306640625,220.5159149169922,297.9494934082031,2638.32373046875,544.0567016601562,236.07443237304688,2574.5,570.1405029296875,525.0109252929688,2357.27978515625,579.5904541015625,827.0728759765625,2526.503662109375,617.703857421875,976.4610595703124,2455.836669921875,388.357177734375,240.87545776367188,2593.944091796875,301.1904296875,535.2344360351562,2402.0546875,315.9630432128906,843.8204345703125,2566.557373046875,282.6297912597656,988.185791015625,2517.61376953125,411.4342956542969,-235.12176513671875,2308.521240234375,377.7249145507813,-177.5044708251953,2179.2705078125,402.93218994140625,-221.460693359375,2179.1005859375,475.7514953613281,-273.9538879394531,2250.60595703125,356.8393249511719,-218.19705200195312,2189.354248046875,330.1009826660156,-280.41436767578125,2286.735107421875
461.6081237792969,232.1316375732422,2583.144775390625,451.1384582519531,78.68360137939453,2533.20263671875,441.3926696777344,-39.75479888916016,2482.3056640625,421.6330871582031,-190.6935272216797,2357.595947265625,455.1673889160156,-166.64910888671875,2374.06298828125,579.21630859375,-131.76905822753906,2360.46875,719.4450073242188,40.81558990478515,2475.757080078125,770.994873046875,229.2684326171875,2553.3798828125,783.3299560546875,279.28021240234375,2623.840576171875,750.0469360351562,359.4005432128906,2578.390869140625,721.322998046875,324.608154296875,2596.8037109375,394.9483947753906,-166.07940673828125,2383.7685546875,283.5357666015625,-132.81924438476562,2410.04443359375,162.17410278320312,15.343114852905272,2578.7353515625,149.9269256591797,212.91864013671875,2657.074951171875,196.34950256347656,294.57379150390625,2654.040771484375,229.5992889404297,380.9871826171875,2627.673583984375,219.54660034179688,295.1134033203125,2635.758056640625,543.4920654296875,230.1375732421875,2572.105712890625,571.2977294921875,523.4751586914062,2360.31591796875,581.4078369140625,829.2939453125,2523.525634765625,623.2298583984375,979.8827514648438,2457.12890625,387.7697143554687,233.9297790527344,2593.09912109375,301.9873352050781,528.7710571289062,2400.480712890625,311.9975891113281,838.1111450195312,2564.848876953125,290.4444274902344,987.4163818359376,2524.207275390625,412.8882141113281,-238.9164581298828,2302.094970703125,371.8839416503906,-188.6094512939453,2171.70263671875,399.0635070800781,-231.44216918945312,2172.46533203125,476.82763671875,-277.5132751464844,2243.41650390625,353.2165222167969,-229.73150634765625,2184.340576171875,332.8489685058594,-288.7018127441406,2285.392578125
460.9591979980469,226.37794494628903,2580.08251953125,450.2912292480469,73.77420043945312,2526.4267578125,439.8346252441406,-42.912052154541016,2471.00537109375,421.2097778320313,-199.32351684570312,2352.23095703125,454.5755920410156,-173.9279327392578,2367.2470703125,579.0543212890625,-140.12799072265625,2351.885498046875,709.6741943359375,37.08238983154297,2472.670654296875,766.1056518554688,224.1320648193359,2551.7001953125,777.3982543945312,282.92034912109375,2615.516357421875,753.552001953125,373.5624084472656,2586.259765625,721.4463500976562,323.25738525390625,2593.2158203125,394.3669128417969,-174.19204711914062,2377.93701171875,282.0376281738281,-143.3373565673828,2404.591796875,172.39492797851562,12.82528018951416,2575.044677734375,150.39083862304688,211.4714508056641,2649.91064453125,194.07931518554688,294.9381103515625,2649.174072265625,228.1822204589844,381.33050537109375,2622.950439453125,218.238037109375,294.9146423339844,2632.207275390625,542.7691040039062,225.2539825439453,2567.013427734375,566.1306762695312,523.9374389648438,2360.67724609375,582.6434326171875,828.4638671875,2527.5791015625,620.846923828125,978.4874877929688,2456.7841796875,387.1875915527344,227.3914794921875,2591.8671875,301.9931335449219,528.2107543945312,2406.672119140625,315.3210754394531,841.7662353515625,2564.553955078125,274.97674560546875,985.1946411132812,2516.27587890625,412.5769653320313,-249.9519195556641,2298.640869140625,375.7244262695313,-196.27821350097656,2167.94580078125,402.9792785644531,-239.2157287597656,2168.53125,478.61322021484375,-287.1438903808594,2241.003173828125,356.6504211425781,-237.8119201660156,2178.96044921875,332.9855651855469,-299.4495849609375,2278.03125
459.0726013183594,220.90342712402344,2578.175048828125,450.0119934082031,68.44683074951172,2522.734619140625,440.7688598632813,-45.63558197021485,2461.319580078125,424.6480712890625,-206.0184783935547,2346.81591796875,457.71044921875,-179.8057861328125,2361.38916015625,582.1920776367188,-144.07933044433594,2348.079345703125,707.9358520507812,36.60844421386719,2470.0546875,760.5917358398438,223.16986083984375,2553.95703125,777.8731079101562,280.76739501953125,2617.7880859375,755.3023071289062,373.0467834472656,2592.1171875,722.0177612304688,324.58453369140625,2597.76904296875,397.2801513671875,-180.34657287597656,2371.59326171875,285.20208740234375,-149.5016632080078,2400.431640625,177.96290588378906,9.811923027038574,2570.35986328125,157.23699951171875,207.27325439453125,2649.944091796875,199.6887054443359,291.5357360839844,2646.271484375,228.38377380371097,379.8387145996094,2619.154052734375,219.29791259765625,295.2834167480469,2630.6259765625,541.477783203125,219.70974731445312,2567.989990234375,566.2009887695312,517.8652954101562,2359.617431640625,580.1142578125,825.1353759765625,2523.32421875,620.4448852539062,975.6858520507812,2453.921630859375,384.7641906738281,221.97982788085935,2587.359130859375,302.5230712890625,527.60888671875,2407.16943359375,313.96893310546875,840.5532836914062,2568.13818359375,289.4839172363281,987.3466796875,2518.212158203125,416.9534606933594,-258.4058837890625,2294.559326171875,374.1954345703125,-209.54522705078125,2163.408935546875,402.8006896972656,-251.72787475585935,2164.2978515625,482.3278198242187,-295.3970642089844,2235.697265625,356.7089538574219,-251.3739776611328,2176.24267578125,338.0882568359375,-310.90252685546875,2277.965576171875
458.06439208984375,215.1064453125,2573.852783203125,450.67474365234375,61.98807144165039,2518.73388671875,442.1909484863281,-51.29237365722656,2455.04296875,430.9215698242187,-215.1294403076172,2344.001708984375,463.3043518066406,-187.7418975830078,2358.29833984375,587.1124267578125,-147.55311584472656,2348.553466796875,703.4808349609375,38.83795547485352,2472.602294921875,762.3795776367188,223.59878540039065,2557.7314453125,778.07958984375,286.8029479980469,2616.805908203125,755.8993530273438,380.1219177246094,2593.68505859375,722.5088500976562,324.9808044433594,2600.06103515625,402.6409301757813,-189.4484710693359,2367.94580078125,289.9618835449219,-158.37942504882812,2395.483154296875,189.30409240722656,5.567312240600586,2566.04931640625,161.64747619628906,203.71011352539065,2643.314453125,200.4142303466797,289.98858642578125,2647.310302734375,225.0335235595703,381.8605041503906,2628.364501953125,220.46484375,293.16162109375,2623.85205078125,540.611328125,215.0349578857422,2562.984375,564.8832397460938,518.6824951171875,2360.9033203125,574.64599609375,826.6824340820312,2525.490966796875,617.0364990234375,974.300048828125,2450.1630859375,383.628173828125,215.1708984375,2583.6533203125,303.5649719238281,524.8204345703125,2407.45068359375,314.0150146484375,839.3565673828125,2567.41162109375,285.6894836425781,985.6176147460938,2516.660888671875,424.96002197265625,-269.0579833984375,2292.818359375,374.4251708984375,-223.31190490722656,2162.885986328125,403.5263366699219,-265.3262634277344,2163.08642578125,487.5153198242187,-306.8516540527344,2231.065673828125,358.0425720214844,-265.11138916015625,2177.591064453125,345.61248779296875,-322.724853515625,2281.70263671875
457.2894592285156,210.70274353027344,2569.380126953125,449.1761169433594,56.67652130126953,2514.50537109375,439.9127807617187,-57.21550369262695,2450.693115234375,429.2723388671875,-223.3473358154297,2341.255615234375,461.70367431640625,-195.5189971923828,2355.283447265625,585.8311767578125,-153.82350158691406,2347.44775390625,699.960693359375,33.76689529418945,2474.283203125,757.5765380859375,219.7373504638672,2560.26513671875,777.7109375,285.021728515625,2616.30322265625,755.2437133789062,378.2431335449219,2591.07421875,722.3055419921875,325.2299499511719,2599.91796875,400.7401428222656,-197.3323211669922,2364.960693359375,287.3126525878906,-167.4070281982422,2393.27783203125,186.9462127685547,-0.8093863725662231,2563.368408203125,162.27455139160156,199.94464111328125,2637.803955078125,201.24615478515625,285.6400146484375,2651.5595703125,231.97946166992188,377.3544921875,2639.61328125,225.5377655029297,288.8419494628906,2634.05615234375,540.14697265625,210.48492431640625,2557.74072265625,564.7493896484375,519.4832153320312,2360.591064453125,579.2457275390625,828.134033203125,2527.27490234375,614.2666015625,978.40380859375,2451.479248046875,382.57318115234375,210.899169921875,2579.875732421875,305.6976318359375,524.6689453125,2405.80224609375,313.3650817871094,841.8099975585938,2564.637451171875,271.2237243652344,982.5405883789062,2506.02880859375,423.51702880859375,-278.2316589355469,2290.52734375,370.2204895019531,-241.4994201660156,2158.040771484375,402.92437744140625,-281.05615234375,2159.9775390625,489.9271545410156,-312.9762878417969,2230.292724609375,357.23004150390625,-284.1854553222656,2174.261474609375,348.7223205566406,-339.0973205566406,2280.87890625
457.531005859375,204.2525634765625,2570.469482421875,448.66986083984375,49.68901062011719,2513.262939453125,439.3519287109375,-62.335445404052734,2444.16845703125,429.4602966308594,-232.8575134277344,2338.50244140625,462.06597900390625,-204.4945373535156,2352.2353515625,588.018798828125,-165.320068359375,2342.685302734375,699.6358032226562,25.79595184326172,2470.648193359375,755.60986328125,214.2930603027344,2556.535400390625,775.7908935546875,282.0333251953125,2610.755859375,758.741455078125,380.2677307128906,2603.5322265625,723.7985229492188,322.8565368652344,2597.601806640625,400.4874877929687,-205.89073181152344,2361.302734375,286.98248291015625,-173.46292114257812,2390.751953125,193.7440185546875,0.1564621925354004,2561.09716796875,169.15049743652344,200.8636932373047,2640.631103515625,204.6386260986328,289.8006591796875,2646.204833984375,230.01039123535156,382.5771484375,2626.1181640625,225.76942443847656,295.4859924316406,2632.52783203125,541.4124755859375,202.6968994140625,2561.6796875,563.881103515625,511.38861083984375,2358.277099609375,575.25537109375,821.2462158203125,2528.983642578125,618.3392333984375,966.928955078125,2445.570556640625,381.8913879394531,205.6553497314453,2578.3955078125,306.5455322265625,524.6389770507812,2406.799072265625,313.7037048339844,841.2044067382812,2573.1318359375,286.2585754394531,980.5270385742188,2500.588623046875,424.1090393066406,-289.6029968261719,2288.880859375,374.6620178222656,-249.35183715820312,2154.589599609375,406.96197509765625,-289.7687683105469,2156.7138671875,492.183349609375,-324.5758056640625,2229.381103515625,360.4705505371094,-292.4637145996094,2169.78564453125,348.08563232421875,-349.6009216308594,2275.965576171875
456.6171875,199.1846923828125,2567.032470703125,449.6614685058594,43.04351043701172,2511.272705078125,440.9638366699219,-68.89092254638672,2440.59765625,433.5400390625,-242.614501953125,2337.90771484375,465.9271240234375,-213.46836853027344,2351.329833984375,590.9149169921875,-168.31044006347656,2346.9482421875,700.6885375976562,22.119909286499023,2480.199462890625,751.4816284179688,214.97882080078125,2562.4658203125,775.435791015625,288.1283264160156,2608.265625,758.1677856445312,386.92132568359375,2601.6748046875,730.0558471679688,329.1739807128906,2602.03515625,403.9720458984375,-215.34036254882812,2360.0673828125,290.6222229003906,-179.65293884277344,2389.07763671875,204.4989013671875,0.5212128162384033,2558.5283203125,174.8733367919922,200.6485137939453,2640.98681640625,200.7834930419922,292.4725646972656,2655.038330078125,217.3802795410156,389.1198425292969,2643.052001953125,224.78672790527344,299.911376953125,2638.75048828125,540.8172607421875,199.06851196289065,2556.8544921875,563.857421875,513.5298461914062,2358.751220703125,576.696044921875,819.6575927734375,2539.76806640625,616.3796997070312,956.8746337890624,2439.962158203125,380.6902465820313,199.28944396972656,2576.210693359375,306.17584228515625,523.9260864257812,2410.614990234375,314.7286071777344,843.0138549804688,2576.248046875,283.5011291503906,979.333984375,2497.85791015625,429.0975646972656,-300.7507629394531,2289.188232421875,383.6185302734375,-256.38812255859375,2153.897705078125,416.0450439453125,-297.07135009765625,2155.878173828125,499.418701171875,-334.1721496582031,2230.55615234375,368.9132995605469,-300.15716552734375,2167.4599609375,353.1586608886719,-360.668701171875,2272.0654296875
455.8389587402344,193.7892303466797,2564.882568359375,449.1151123046875,35.93556594848633,2509.365478515625,440.51800537109375,-76.57583618164062,2437.313232421875,437.0556640625,-253.59669494628903,2336.400390625,469.1250305175781,-223.5597381591797,2350.046875,594.70947265625,-176.28958129882812,2349.48681640625,704.5440673828125,15.494897842407228,2485.290283203125,746.6151733398438,217.75457763671875,2554.0,778.9457397460938,288.9527587890625,2599.33935546875,765.842529296875,389.5249328613281,2600.515869140625,733.73828125,332.681640625,2599.100341796875,406.482177734375,-226.10154724121097,2357.7861328125,293.2497863769531,-188.30731201171875,2389.23681640625,209.7572021484375,-0.8448511362075806,2555.80322265625,177.08432006835938,203.21099853515625,2632.623291015625,204.5059509277344,294.8817138671875,2650.409912109375,220.49026489257812,393.02105712890625,2643.14013671875,223.6217803955078,303.9480285644531,2633.441162109375,540.8487548828125,193.670166015625,2554.92529296875,564.318359375,514.6870727539062,2360.98095703125,571.9705200195312,825.1600341796875,2541.3359375,623.26123046875,961.4219360351562,2442.715087890625,379.1818542480469,193.89659118652344,2573.861328125,307.028564453125,524.7813720703125,2411.92822265625,314.0862731933594,844.9213256835938,2582.7158203125,288.2773132324219,979.3585205078124,2496.47412109375,434.1805725097656,-313.09136962890625,2288.113037109375,384.5375671386719,-263.27508544921875,2154.676025390625,417.2102966308594,-304.41845703125,2154.235595703125,503.3638000488281,-344.7108459472656,2225.753662109375,369.9894714355469,-307.9001159667969,2167.147705078125,356.9471740722656,-372.7860412597656,2270.80859375
453.7839050292969,186.3679046630859,2565.57373046875,451.7659301757813,26.094018936157227,2511.392578125,445.6892700195313,-83.93475341796875,2432.95068359375,444.9568481445313,-265.2430419921875,2335.376220703125,476.8775939941406,-234.0418701171875,2348.3525390625,602.0462646484375,-181.95846557617188,2348.79052734375,712.26513671875,11.741161346435549,2486.69189453125,744.365966796875,217.7397003173828,2556.821533203125,778.2431640625,287.2528991699219,2605.4013671875,789.575927734375,384.0745239257813,2573.801025390625,734.698486328125,328.2568359375,2597.71435546875,413.6524963378906,-237.4576873779297,2356.36865234375,299.7525939941406,-197.22381591796875,2387.409912109375,218.32220458984375,-3.756448745727539,2552.477783203125,184.6811065673828,202.50814819335935,2629.548828125,201.5595245361328,296.9526062011719,2651.0859375,245.90077209472656,375.3423156738281,2696.1962890625,236.1132354736328,314.066162109375,2643.291015625,539.6766357421875,188.58897399902344,2555.804443359375,565.6866455078125,514.1979370117188,2362.28125,573.3280029296875,826.0252685546875,2547.654296875,621.4931640625,961.1880493164062,2442.882080078125,376.3306884765625,184.3650665283203,2574.383056640625,305.4902648925781,521.1575317382812,2415.03662109375,312.2148742675781,847.6129150390625,2581.842041015625,272.15350341796875,976.873779296875,2490.150634765625,442.9562377929687,-326.56011962890625,2288.070556640625,386.0260925292969,-274.8036804199219,2156.52490234375,420.8278198242187,-314.79132080078125,2153.764892578125,512.0208129882812,-353.4953918457031,2221.88671875,373.7976379394531,-320.8504333496094,2168.259765625,367.1491394042969,-389.8582458496094,2271.37939453125
452.822509765625,182.2393798828125,2562.422607421875,451.8985900878906,20.46699905395508,2510.97314453125,446.3170776367187,-89.8843994140625,2432.171142578125,446.2195434570313,-273.5940246582031,2337.686279296875,478.1396789550781,-241.9523773193359,2350.14208984375,601.6767578125,-185.0631866455078,2352.328857421875,713.0869140625,8.058354377746582,2491.7353515625,747.4474487304688,215.6011199951172,2558.4580078125,781.8360595703125,285.21295166015625,2607.109375,794.1006469726562,384.4571838378906,2583.201171875,735.3633422851562,326.7124938964844,2597.684814453125,414.7087707519531,-245.425048828125,2358.201171875,302.4145812988281,-200.9919891357422,2390.987548828125,218.8614196777344,-7.746279239654541,2556.69287109375,188.4402618408203,204.2505340576172,2620.56298828125,209.1812744140625,296.54937744140625,2648.55712890625,211.2980194091797,380.9349365234375,2704.12939453125,257.4618835449219,294.8008728027344,2653.44921875,538.9947509765625,184.85191345214844,2552.660400390625,566.2911376953125,514.4749145507812,2363.6806640625,574.0736694335938,825.53076171875,2552.67578125,619.134033203125,961.6075439453124,2446.70751953125,375.11724853515625,179.88356018066406,2571.225341796875,306.2628173828125,521.4760131835938,2418.348876953125,313.08502197265625,848.358154296875,2586.990478515625,279.05987548828125,976.2660522460938,2490.137451171875,444.4391174316406,-335.9967041015625,2291.37890625,386.8466796875,-289.43182373046875,2157.612060546875,422.2048950195313,-329.23895263671875,2156.284912109375,514.0736083984375,-364.6044616699219,2226.002197265625,375.0774841308594,-335.31549072265625,2171.02001953125,369.09417724609375,-400.8946228027344,2276.880615234375
453.1220703125,171.9134063720703,2562.508544921875,453.0252380371094,9.579673767089844,2506.171142578125,447.8330078125,-101.65093994140624,2425.724853515625,445.9151306152344,-290.1347351074219,2335.197265625,478.4988098144531,-257.9388122558594,2346.616455078125,606.1847534179688,-206.5177764892578,2343.566162109375,715.7554931640625,-11.362165451049805,2487.613037109375,746.2569580078125,198.4982757568359,2557.83642578125,782.6646118164062,272.0119934082031,2601.1005859375,815.486328125,366.3951721191406,2572.02001953125,736.9373779296875,307.8034973144531,2592.47607421875,414.35980224609375,-260.90673828125,2355.482666015625,299.3134765625,-218.8687438964844,2387.748046875,223.35549926757812,-15.807732582092283,2550.669189453125,197.72547912597656,198.5838623046875,2618.1513671875,199.9928436279297,292.60260009765625,2651.727783203125,196.7393798828125,387.9108276367187,2688.745849609375,238.4216461181641,313.3133544921875,2653.92724609375,540.2171020507812,175.56414794921875,2551.83935546875,567.1279907226562,513.6943969726562,2368.486083984375,578.9940795898438,829.9141235351562,2557.313232421875,616.9307250976562,959.9700317382812,2438.134765625,374.5846862792969,168.62135314941406,2572.12939453125,307.0141906738281,518.2362670898438,2425.301513671875,313.13592529296875,850.0438842773438,2594.20849609375,275.314697265625,973.0326538085938,2489.31396484375,443.3551635742187,-354.541748046875,2290.083740234375,390.17926025390625,-304.1514587402344,2153.75244140625,427.7975158691406,-342.7524719238281,2152.7119140625,518.481201171875,-377.5014343261719,2226.72216796875,379.7066955566406,-351.615478515625,2164.735595703125,371.0575256347656,-422.7887878417969,2268.582763671875
455.0097961425781,168.65940856933594,2558.219482421875,455.3755798339844,5.550220489501953,2503.567138671875,451.2681884765625,-109.81248474121094,2428.8193359375,446.4981384277344,-294.7430114746094,2330.84033203125,479.6189270019531,-263.5634765625,2343.66455078125,607.1534423828125,-211.2839508056641,2344.6435546875,717.1737060546875,-16.791149139404297,2489.784912109375,747.93505859375,192.5528259277344,2562.1904296875,786.06640625,268.1509094238281,2600.2900390625,823.1171875,355.67926025390625,2642.96533203125,737.1630249023438,309.1542053222656,2599.9140625,415.3248901367187,-265.75018310546875,2352.151611328125,301.25567626953125,-222.1875,2386.356689453125,224.49655151367188,-20.17432403564453,2550.69921875,197.0041046142578,195.50119018554688,2614.07275390625,194.43896484375,288.8902587890625,2649.654296875,190.04620361328125,381.86431884765625,2692.366455078125,227.85594177246097,311.1933288574219,2650.3359375,542.2142333984375,172.38946533203125,2547.6708984375,566.9844360351562,514.4232788085938,2370.460205078125,573.0457763671875,831.2035522460938,2559.420166015625,623.8646850585938,958.469482421875,2441.7333984375,376.3737182617187,165.29583740234375,2567.731689453125,306.95977783203125,518.3781127929688,2429.173828125,309.68817138671875,850.8115844726562,2597.8486328125,278.24212646484375,975.2708129882812,2492.294677734375,443.0301513671875,-357.34564208984375,2283.167724609375,396.2301635742187,-322.43121337890625,2139.6513671875,432.697021484375,-361.8920593261719,2144.721435546875,519.6921997070312,-389.8158874511719,2225.92333984375,383.907470703125,-367.9732360839844,2155.85986328125,369.3916320800781,-425.8487854003906,2267.214111328125
456.4626159667969,162.41358947753906,2552.5966796875,455.6732177734375,-1.5684068202972412,2499.654296875,450.3292846679687,-117.26820373535156,2425.06982421875,446.67529296875,-306.2954406738281,2334.359619140625,479.653076171875,-274.3349914550781,2345.862060546875,607.482666015625,-222.1493377685547,2346.795654296875,716.9103393554688,-29.810741424560547,2496.04052734375,745.85888671875,181.9040679931641,2563.30810546875,790.9307250976562,255.46095275878903,2598.068359375,822.2705078125,345.3172302246094,2640.91943359375,714.5862426757812,309.3262634277344,2598.423095703125,415.2884216308594,-276.6579895019531,2354.62841796875,301.79827880859375,-231.2296600341797,2389.141357421875,226.80548095703125,-27.66402053833008,2553.156494140625,196.1333770751953,190.2644195556641,2608.212158203125,199.8760223388672,278.9873962402344,2654.502685546875,209.36570739746097,366.69830322265625,2706.85400390625,215.2815399169922,309.8662109375,2637.53173828125,543.75634765625,165.6170654296875,2541.37255859375,565.5494995117188,514.8729248046875,2376.864013671875,577.6513061523438,831.726318359375,2566.650146484375,624.1475219726562,958.7817993164062,2446.4970703125,377.7460021972656,159.5248565673828,2562.7177734375,303.9726867675781,515.5291748046875,2432.278076171875,309.7087097167969,850.411376953125,2597.41650390625,279.91839599609375,972.6809692382812,2488.427978515625,443.5446472167969,-370.875,2289.1396484375,397.8302001953125,-331.92584228515625,2146.024169921875,435.1582946777344,-370.8039855957031,2150.248046875,521.8049926757812,-399.69915771484375,2231.798583984375,386.2869873046875,-378.3435668945313,2160.493896484375,371.5442199707031,-440.4840698242187,2269.746826171875
456.42633056640625,160.0535125732422,2549.6552734375,456.3138732910156,-4.338950157165527,2497.019287109375,451.97119140625,-121.5042953491211,2424.2431640625,448.89202880859375,-312.15020751953125,2336.1044921875,481.8655700683594,-280.0265197753906,2347.498046875,609.5879516601562,-226.9584503173828,2348.38037109375,717.1176147460938,-32.61180114746094,2497.2216796875,743.42626953125,180.4406890869141,2562.60302734375,793.3899536132812,242.97830200195312,2610.275634765625,837.50048828125,333.6909484863281,2637.76025390625,725.2149658203125,294.5313415527344,2534.752197265625,417.3001403808594,-282.11700439453125,2355.651611328125,303.87615966796875,-234.4615173339844,2388.119873046875,224.6863555908203,-31.006336212158203,2551.069091796875,193.30580139160156,186.32943725585935,2609.56396484375,197.39190673828125,275.13232421875,2656.04345703125,210.33836364746097,362.2862243652344,2708.9267578125,214.14064025878903,306.51287841796875,2638.0859375,543.9479370117188,163.38116455078125,2539.075439453125,565.6389770507812,514.705322265625,2377.423583984375,574.433837890625,832.9666748046875,2566.267822265625,624.5968017578125,957.5477294921876,2444.541259765625,377.5042419433594,157.0528106689453,2559.195556640625,303.7177429199219,516.0760498046875,2435.2373046875,312.23748779296875,852.2935180664062,2598.984375,281.132080078125,972.5856323242188,2487.75,446.1002197265625,-377.48681640625,2291.7216796875,406.4363708496094,-343.0201110839844,2145.398681640625,441.5375061035156,-383.6347351074219,2152.548828125,524.3655395507812,-413.1704406738281,2238.05712890625,391.982421875,-388.0956115722656,2161.679443359375,370.87164306640625,-444.165771484375,2273.395263671875
455.2483215332031,157.1439666748047,2544.935546875,455.9109497070313,-7.580950736999512,2492.73046875,452.3576354980469,-126.3241729736328,2422.22021484375,450.6535034179687,-318.56817626953125,2337.02099609375,483.4075317382813,-285.9081115722656,2347.71533203125,611.5951538085938,-233.5966339111328,2349.43994140625,720.2061767578125,-41.92033386230469,2501.446533203125,737.9310913085938,173.9670867919922,2560.99462890625,787.18994140625,238.53302001953125,2606.8603515625,809.8151245117188,337.8922424316406,2630.724365234375,696.2886352539062,287.7158203125,2541.33251953125,418.8464965820313,-288.5116882324219,2356.308349609375,304.79937744140625,-243.0886688232422,2390.29931640625,225.64056396484375,-39.0839729309082,2553.07080078125,191.94821166992188,178.67002868652344,2609.6513671875,202.59622192382812,262.09954833984375,2664.523681640625,224.6706390380859,346.88751220703125,2718.437255859375,226.2873687744141,300.3083190917969,2638.60009765625,542.8299560546875,160.89932250976562,2534.197509765625,565.82275390625,516.3362426757812,2380.92578125,576.2431640625,838.6737060546875,2563.4560546875,621.06494140625,961.2665405273438,2437.41064453125,376.2721557617187,153.75758361816406,2554.618408203125,304.2805480957031,516.1469116210938,2438.325927734375,308.7857666015625,853.1019287109375,2601.643798828125,280.2062683105469,971.4371948242188,2487.402099609375,448.2457885742187,-384.6938781738281,2293.642822265625,406.9728393554687,-355.39349365234375,2146.462158203125,443.19732666015625,-394.9044494628906,2154.573974609375,527.2555541992188,-419.8689880371094,2240.5283203125,393.7652282714844,-400.4002990722656,2164.10205078125,374.62548828125,-453.8762512207031,2277.5869140625
455.3035583496094,156.92063903808594,2544.9609375,456.047119140625,-7.894680023193359,2492.758544921875,452.57769775390625,-126.76931762695312,2422.331298828125,451.1458129882813,-319.2201232910156,2337.336669921875,483.8749084472656,-286.5038146972656,2348.0400390625,612.099609375,-234.1115570068359,2350.05078125,720.2654418945312,-42.48064804077149,2502.66455078125,737.9558715820312,173.38397216796875,2562.723876953125,787.0042724609375,238.0660400390625,2608.745361328125,806.6986083984375,338.7467041015625,2629.722900390625,694.8895874023438,286.04345703125,2542.940673828125,419.2720031738281,-289.14935302734375,2356.550537109375,305.0503234863281,-243.84519958496097,2390.349853515625,225.14459228515625,-39.78769302368164,2552.916748046875,190.9099578857422,178.05189514160156,2609.2958984375,200.31890869140625,261.66033935546875,2664.213134765625,216.7444610595703,345.652587890625,2721.387939453125,223.61227416992188,300.14532470703125,2638.574951171875,542.931396484375,160.7080078125,2534.25146484375,566.0043334960938,516.3434448242188,2380.966064453125,576.2650146484375,838.7930297851562,2563.68017578125,621.4369506835938,961.63623046875,2437.8740234375,376.2856750488281,153.50540161132812,2554.6181640625,304.1577453613281,516.0413818359375,2438.2275390625,308.498046875,853.1624145507812,2601.633056640625,279.93121337890625,971.6796875,2487.455810546875,448.8506164550781,-385.4366760253906,2294.01953125,407.6424560546875,-357.55255126953125,2146.464599609375,443.9057312011719,-396.9794006347656,2154.98193359375,527.9610595703125,-421.07958984375,2241.272216796875,394.4460754394531,-402.4206848144531,2164.53173828125,375.2518615722656,-454.8532104492187,2278.5634765625
453.0028381347656,152.09133911132812,2534.632080078125,456.4059143066406,-12.283161163330078,2485.13818359375,456.39788818359375,-134.21543884277344,2422.0986328125,457.0872192382813,-325.4832763671875,2337.9970703125,489.3209228515625,-293.00067138671875,2349.4453125,617.2802124023438,-242.65396118164065,2353.8330078125,716.6424560546875,-48.49855422973633,2506.02197265625,740.5147094726562,163.6990203857422,2571.04296875,782.376708984375,233.8481903076172,2614.802001953125,785.2161865234375,334.6163024902344,2589.267822265625,697.8005981445312,270.3794250488281,2558.567626953125,424.9553833007813,-295.5613708496094,2356.16845703125,310.54876708984375,-250.30091857910156,2385.859375,227.9750518798828,-51.650360107421875,2550.637451171875,198.3428497314453,165.74574279785156,2605.004150390625,195.6172637939453,250.1389312744141,2658.17236328125,191.0680694580078,333.7547302246094,2716.789794921875,226.2805328369141,285.1424560546875,2639.125732421875,540.2466430664062,156.424560546875,2526.239501953125,567.0598754882812,514.511962890625,2386.605224609375,573.724365234375,838.291259765625,2561.826416015625,622.2415771484375,961.3154907226562,2439.280029296875,374.3312377929687,148.18386840820312,2542.199951171875,305.45123291015625,513.3892211914062,2442.177734375,308.7952575683594,850.8946533203125,2598.786865234375,280.6685791015625,972.6066284179688,2489.646240234375,455.91168212890625,-391.3147583007813,2295.04052734375,404.8170471191406,-379.1510314941406,2149.58544921875,441.7332458496094,-417.0924987792969,2159.55419921875,531.0980224609375,-431.7018432617187,2241.321044921875,393.4327392578125,-421.6472778320313,2172.903564453125,382.67279052734375,-461.7239685058594,2291.974853515625
451.9240417480469,147.36016845703125,2528.51171875,455.6500549316406,-17.69520378112793,2480.15234375,456.7106018066406,-141.85682678222656,2421.007568359375,457.1029357910156,-334.255859375,2338.481201171875,489.4777526855469,-301.80328369140625,2349.997802734375,616.5198364257812,-248.77035522460935,2357.044677734375,712.8361206054688,-51.97420883178711,2508.710205078125,739.3018188476562,159.72190856933594,2575.830322265625,779.0457763671875,232.7998046875,2617.084228515625,785.8023681640625,333.0247497558594,2589.40771484375,695.266845703125,264.1907958984375,2571.11376953125,424.9046325683594,-303.91705322265625,2356.07861328125,311.0757751464844,-255.95330810546875,2384.78759765625,228.2506561279297,-54.566219329833984,2546.970947265625,194.1957244873047,160.27484130859375,2610.048583984375,195.72750854492188,247.0717315673828,2659.64208984375,208.0969390869141,331.3970947265625,2716.435546875,221.2229766845703,278.7642822265625,2645.81201171875,539.5050659179688,151.30101013183594,2521.809326171875,568.6768188476562,513.38671875,2391.1640625,572.6131591796875,838.302978515625,2565.879638671875,615.1808471679688,958.5025634765624,2437.918701171875,372.9483642578125,143.80654907226562,2534.5556640625,305.9593200683594,512.7855224609375,2444.713623046875,311.7038269042969,851.3270874023438,2600.74853515625,279.88995361328125,972.3267822265624,2491.33447265625,455.96923828125,-400.5953674316406,2296.02587890625,414.748291015625,-377.6570434570313,2148.43115234375,449.5380554199219,-417.7193298339844,2158.320068359375,533.0034790039062,-440.9353637695313,2244.565185546875,400.2445068359375,-421.02789306640625,2168.370849609375,380.2926330566406,-467.6884460449219,2284.072998046875
451.8223876953125,144.19378662109375,2528.77197265625,455.2362365722656,-21.812931060791016,2480.33251953125,455.8667907714844,-146.9485626220703,2421.503662109375,455.3932800292969,-339.9727783203125,2337.57421875,488.12298583984375,-307.7863464355469,2349.859130859375,614.9518432617188,-252.88665771484375,2360.25439453125,711.969482421875,-55.307342529296875,2512.985595703125,739.9729614257812,159.63511657714844,2572.8017578125,771.782470703125,235.14439392089844,2617.54248046875,786.3558349609375,335.110595703125,2589.818603515625,703.2764892578125,267.8429870605469,2551.624267578125,423.0875244140625,-309.1779479980469,2354.87744140625,308.3853759765625,-260.7912902832031,2382.409912109375,227.55775451660156,-58.65502166748047,2547.1103515625,195.8160095214844,156.96917724609375,2613.0595703125,198.16683959960935,241.3353271484375,2667.654541015625,235.1847686767578,313.560791015625,2731.0263671875,222.76080322265625,278.18011474609375,2646.0751953125,539.7973022460938,148.23780822753906,2521.11279296875,569.8292236328125,515.250732421875,2398.481201171875,572.2814331054688,844.7333374023438,2568.83544921875,617.969482421875,956.2381591796876,2432.943603515625,372.4915466308594,140.547119140625,2535.678466796875,307.0685119628906,512.9915771484375,2450.122802734375,307.5790100097656,854.8353881835938,2603.86865234375,283.5810241699219,973.8432006835938,2489.04345703125,454.1902465820313,-406.4444885253906,2294.54052734375,421.0046691894531,-389.3830871582031,2143.288330078125,456.2697143554687,-428.4095764160156,2156.628662109375,535.4714965820312,-446.72265625,2248.80908203125,406.29339599609375,-432.653564453125,2163.956787109375,380.53900146484375,-476.1687622070313,2280.482421875
450.989013671875,138.723388671875,2524.40771484375,453.8174133300781,-27.161121368408203,2476.8154296875,454.23040771484375,-153.33811950683594,2420.966552734375,456.7177429199219,-346.9574279785156,2339.590087890625,488.87548828125,-314.1518249511719,2351.350830078125,614.7938232421875,-257.6321105957031,2360.128662109375,709.1365356445312,-58.43110275268555,2511.436279296875,736.4698486328125,156.298583984375,2570.54833984375,771.3859252929688,229.93028259277344,2615.691162109375,788.3065795898438,331.4099426269531,2597.151123046875,710.2643432617188,273.0023193359375,2565.748046875,424.0237121582031,-316.55596923828125,2356.5791015625,308.5291748046875,-270.24853515625,2383.1171875,228.53765869140625,-66.75191497802734,2545.5859375,195.1051483154297,148.92501831054688,2608.821044921875,199.4431915283203,229.2243194580078,2668.77587890625,192.3596954345703,324.56494140625,2706.4365234375,238.10372924804688,251.7067718505859,2647.164794921875,538.7818603515625,142.44874572753906,2516.64013671875,569.0919799804688,512.3516235351562,2405.916748046875,572.4041137695312,842.8676147460938,2572.518310546875,615.5281982421875,957.2149658203124,2438.67578125,371.8222961425781,135.36407470703125,2531.411865234375,308.004150390625,509.2659606933594,2455.198486328125,307.52154541015625,852.5993041992188,2603.615234375,280.8135681152344,971.0359497070312,2489.309326171875,456.4953002929687,-413.8254089355469,2297.4697265625,425.9005126953125,-394.3284606933594,2146.30224609375,461.603271484375,-432.8451843261719,2159.495849609375,539.2374267578125,-451.47271728515625,2252.598388671875,411.6971435546875,-438.20452880859375,2165.758056640625,384.677978515625,-484.5206909179687,2280.614990234375
450.8450622558594,138.07925415039062,2525.55126953125,453.7231140136719,-28.096363067626953,2477.24658203125,454.2607421875,-154.60475158691406,2421.203125,457.6187438964844,-348.7668762207031,2339.6474609375,489.7343444824219,-315.8334655761719,2351.69287109375,616.0380859375,-259.38433837890625,2361.384765625,710.5588989257812,-59.9683837890625,2513.605712890625,738.7911376953125,155.06988525390625,2573.53125,771.479736328125,230.7279052734375,2617.509765625,786.0245971679688,332.8252868652344,2598.711181640625,705.1740112304688,268.2106628417969,2560.915771484375,424.6659851074219,-318.3154602050781,2356.418212890625,308.6020812988281,-271.5691833496094,2381.346435546875,228.4954071044922,-66.58252716064453,2543.151123046875,194.4890594482422,148.9296112060547,2608.859375,202.64149475097656,228.47000122070312,2669.884521484375,197.453857421875,323.2579345703125,2709.9501953125,224.14630126953125,249.73806762695312,2656.907958984375,538.902099609375,141.80067443847656,2517.99560546875,567.5816040039062,513.2378540039062,2408.219482421875,571.6229858398438,845.8414306640625,2572.921142578125,616.9092407226562,957.071044921875,2436.509033203125,371.440185546875,134.72349548339844,2532.364501953125,309.0712585449219,511.0374145507813,2461.566650390625,308.6816711425781,855.9830322265625,2608.856201171875,278.8874816894531,971.1712646484376,2491.363037109375,457.8059387207031,-415.82513427734375,2297.418212890625,415.8404235839844,-398.5021667480469,2148.285400390625,452.2532043457031,-437.2156372070313,2159.41845703125,536.8312377929688,-455.0391845703125,2246.907958984375,402.7919921875,-442.0460205078125,2169.568115234375,384.1831970214844,-486.3494873046875,2287.2431640625
450.4031372070313,136.63687133789062,2524.4482421875,453.4694519042969,-29.428213119506836,2475.873046875,454.2578430175781,-156.09996032714844,2420.256591796875,458.5509643554687,-350.6737365722656,2339.81884765625,490.5160217285156,-317.63092041015625,2351.935546875,616.7879028320312,-261.1716613769531,2361.673095703125,710.5999755859375,-59.952335357666016,2511.871826171875,738.9605712890625,155.5492706298828,2569.90966796875,773.061279296875,229.5290679931641,2615.606201171875,788.7245483398438,333.0268249511719,2610.292724609375,701.3875122070312,267.1416931152344,2560.76123046875,425.4259338378906,-320.1849060058594,2356.1552734375,309.06866455078125,-273.2823181152344,2379.25244140625,228.8690490722656,-67.68234252929688,2540.157958984375,194.34959411621097,147.08326721191406,2607.8876953125,210.62860107421875,224.5715484619141,2669.892333984375,216.91796875,318.982421875,2710.64306640625,226.66812133789065,241.010986328125,2663.694091796875,538.4608154296875,140.41424560546875,2517.093017578125,567.4513549804688,512.3294677734375,2409.249755859375,572.162109375,845.2676391601562,2573.1240234375,618.1006469726562,957.7569580078124,2438.007080078125,370.9976501464844,133.2306365966797,2531.08056640625,309.76190185546875,510.2093200683594,2463.224853515625,309.30908203125,855.6060791015625,2609.302001953125,277.8258361816406,970.1504516601562,2491.6572265625,459.17340087890625,-417.9533081054687,2297.970703125,421.9560852050781,-399.3665161132813,2147.759033203125,458.0798950195313,-438.0983581542969,2159.698486328125,539.8502807617188,-456.53851318359375,2249.667236328125,408.3391418457031,-443.1216735839844,2168.2177734375,386.0901794433594,-488.5226745605469,2284.81591796875
447.77587890625,134.11184692382812,2516.92529296875,451.8504943847656,-30.941530227661133,2469.57763671875,454.2151489257813,-158.7050018310547,2419.321533203125,460.9783020019531,-352.3807678222656,2341.015869140625,492.3082275390625,-319.417724609375,2353.611328125,617.1890869140625,-263.2762451171875,2367.535888671875,707.8642578125,-57.2689323425293,2509.379638671875,742.7984008789062,155.67662048339844,2566.777099609375,778.5877685546875,228.8747100830078,2610.997314453125,777.391845703125,332.72491455078125,2616.965576171875,695.5015869140625,261.21759033203125,2522.542236328125,427.6244812011719,-322.0892639160156,2356.166259765625,310.142333984375,-278.21710205078125,2373.585693359375,228.0315399169922,-75.3792953491211,2533.58203125,189.8491973876953,134.610107421875,2608.264892578125,205.89173889160156,212.06675720214844,2669.147216796875,208.3586273193359,305.68994140625,2710.1875,227.1220245361328,232.02487182617188,2655.702880859375,535.3385620117188,137.7309112548828,2511.844970703125,566.7527465820312,508.36962890625,2410.908203125,572.6231689453125,841.2236938476562,2568.54541015625,615.7057495117188,956.4170532226562,2436.62158203125,368.8167114257813,130.84837341308594,2521.5068359375,310.1505126953125,507.6252746582031,2468.34716796875,307.3906555175781,853.6139526367188,2605.56787109375,272.23394775390625,966.6111450195312,2489.242431640625,462.8175964355469,-419.4517822265625,2299.992919921875,416.4664916992187,-399.2199096679687,2153.791015625,452.0647888183594,-438.6004028320313,2163.0498046875,538.5308837890625,-459.4176940917969,2246.632568359375,403.26226806640625,-442.423095703125,2174.770751953125,387.849365234375,-487.6143493652344,2291.524169921875
447.7263793945313,133.27490234375,2516.61474609375,451.8965148925781,-31.83987808227539,2469.138427734375,454.36090087890625,-159.6895751953125,2418.89501953125,461.3013916015625,-353.4194641113281,2340.424560546875,492.621826171875,-320.4644470214844,2353.16357421875,617.6253662109375,-264.5429382324219,2367.628662109375,710.1367797851562,-59.0338249206543,2509.29052734375,748.8554077148438,152.56883239746094,2569.6396484375,782.5064697265625,224.30091857910156,2617.868896484375,780.8748779296875,328.2067565917969,2611.94970703125,702.1467895507812,262.73193359375,2565.126953125,427.8915100097656,-323.1039733886719,2355.487060546875,310.3985290527344,-278.8894958496094,2372.481201171875,229.2330017089844,-75.80825805664062,2532.908935546875,191.589111328125,133.90402221679688,2609.01611328125,208.015625,210.33255004882812,2671.17431640625,210.51564025878903,303.2370300292969,2713.95263671875,228.57720947265625,230.55502319335935,2658.187255859375,535.3441162109375,136.91653442382812,2511.645751953125,566.9487915039062,507.9622802734375,2411.4375,572.9332275390625,840.439208984375,2570.346435546875,617.6285400390625,956.7304077148438,2439.79052734375,368.7175903320313,129.99107360839844,2521.095458984375,310.9188232421875,507.2796325683594,2469.054931640625,309.5208435058594,852.4392700195312,2608.92724609375,276.0273132324219,968.2357177734376,2494.75,463.2514343261719,-420.4985046386719,2299.334716796875,416.3303833007813,-401.4754333496094,2153.060302734375,452.2771606445313,-440.5465393066406,2162.458740234375,539.1725463867188,-460.2140502929687,2245.975341796875,403.5095520019531,-444.679443359375,2174.3408203125,388.7488708496094,-489.32562255859375,2291.46435546875
447.1512451171875,134.21270751953125,2511.171142578125,450.1933898925781,-31.06159019470215,2465.0703125,452.4036865234375,-162.3018341064453,2425.1533203125,458.9153137207031,-354.3229064941406,2343.31201171875,490.2645263671875,-321.7799072265625,2356.77001953125,615.5638427734375,-266.2184753417969,2367.784912109375,710.9655151367188,-63.5699348449707,2510.930419921875,752.2257080078125,148.7037811279297,2565.81298828125,785.8948364257812,218.1060333251953,2617.08837890625,785.2760620117188,321.8899230957031,2622.724609375,722.4426879882812,258.00604248046875,2608.462646484375,425.6065979003906,-324.1936950683594,2358.75390625,307.8365783691406,-280.4974670410156,2373.702880859375,232.17214965820312,-74.8008804321289,2532.8291015625,193.7477264404297,131.32723999023438,2616.957275390625,209.08218383789065,210.04327392578125,2676.244384765625,209.3118896484375,301.92120361328125,2720.921630859375,226.81982421875,231.76356506347656,2660.911865234375,534.6361694335938,137.3372802734375,2505.742431640625,567.7202758789062,510.3865356445313,2416.123046875,573.6791381835938,844.310546875,2570.722900390625,617.7900390625,959.3968505859376,2439.2587890625,368.2622375488281,131.39512634277344,2516.066650390625,309.7508850097656,508.4459838867187,2467.26123046875,307.40606689453125,851.6807861328125,2610.406982421875,273.5313415527344,970.02197265625,2499.33740234375,460.7804565429687,-420.55523681640625,2301.075439453125,412.7838745117187,-402.44097900390625,2155.2685546875,449.7582092285156,-440.50006103515625,2164.388916015625,537.3964233398438,-458.0161437988281,2247.35205078125,401.2420043945313,-445.9688415527344,2176.455078125,388.22747802734375,-491.24224853515625,2293.350830078125
448.9054870605469,135.0330352783203,2509.677001953125,451.1127624511719,-30.485063552856445,2466.052001953125,452.4513549804687,-161.22947692871094,2425.640380859375,456.6030578613281,-352.6510314941406,2343.5615234375,488.2660827636719,-320.4917297363281,2356.796142578125,612.9459228515625,-264.15191650390625,2366.5634765625,709.703369140625,-61.59737777709961,2507.6953125,752.127197265625,148.62428283691406,2567.152099609375,786.2255859375,218.46766662597656,2617.11328125,784.5159912109375,321.96173095703125,2623.095947265625,725.4269409179688,257.4627990722656,2613.2978515625,423.7681884765625,-322.33984375,2359.297119140625,307.4421081542969,-276.22015380859375,2375.561767578125,232.41099548339844,-70.67334747314453,2534.038330078125,197.50405883789065,134.84217834472656,2619.681640625,208.05621337890625,210.80630493164065,2683.04736328125,206.12384033203125,303.1516418457031,2726.111572265625,227.30160522460935,230.68658447265625,2673.20703125,536.152587890625,137.7611541748047,2503.740478515625,567.1339721679688,510.30474853515625,2415.374267578125,574.519775390625,843.84326171875,2568.56787109375,613.3095703125,957.890380859375,2435.14697265625,370.2309875488281,132.57298278808594,2515.02978515625,309.9523010253906,508.6610412597656,2468.5107421875,306.7304992675781,853.3327026367188,2605.668212890625,262.95068359375,963.7025756835938,2490.54150390625,457.5412292480469,-418.6437683105469,2301.28125,411.61761474609375,-401.9942321777344,2155.038330078125,448.2115783691406,-440.0128479003906,2165.032470703125,534.4832153320312,-456.9352416992187,2249.099853515625,399.6413269042969,-445.1256713867187,2176.5029296875,384.9613342285156,-488.9259948730469,2293.426025390625
447.72760009765625,135.10400390625,2507.90869140625,449.4217529296875,-30.968799591064453,2466.059326171875,450.4107666015625,-162.49237060546875,2427.99560546875,453.5894470214844,-353.292236328125,2344.172119140625,485.4310607910156,-321.36724853515625,2357.6298828125,609.4900512695312,-263.4482727050781,2367.051513671875,709.659423828125,-62.35371398925781,2508.14697265625,752.6140747070312,147.9666748046875,2567.301513671875,788.3475341796875,213.92950439453125,2621.317626953125,778.9032592773438,317.2127990722656,2623.35791015625,726.8353881835938,257.16326904296875,2616.646484375,420.8982849121094,-322.96978759765625,2360.2548828125,305.542236328125,-274.307861328125,2376.524658203125,233.3752593994141,-67.0701675415039,2534.364990234375,199.2835693359375,137.69488525390625,2622.40576171875,211.94732666015625,211.25296020507812,2688.2548828125,206.75521850585935,300.39013671875,2737.491455078125,227.94561767578125,234.43797302246097,2675.993408203125,535.0051879882812,137.5708465576172,2501.652587890625,566.7667236328125,510.27435302734375,2413.37841796875,573.3118286132812,842.3992309570312,2570.09375,611.8038330078125,961.1372680664062,2440.6123046875,369.0255126953125,132.87954711914062,2513.550048828125,308.1256408691406,509.5030212402344,2470.6875,307.9412536621094,854.4969482421875,2607.588623046875,254.43067932128903,966.4052734375,2498.07275390625,454.1622009277344,-418.9445495605469,2301.284912109375,411.7491760253906,-401.463623046875,2153.9990234375,448.2747497558594,-439.4130859375,2164.63427734375,532.5733032226562,-456.5597229003906,2250.72412109375,399.4355773925781,-444.8170776367187,2174.87646484375,382.0745849609375,-489.5175476074219,2291.15966796875
450.3103332519531,134.05162048339844,2507.07373046875,451.4455871582031,-32.02571105957031,2466.13232421875,451.8061828613281,-163.22447204589844,2427.571533203125,455.2355041503906,-352.77691650390625,2341.619384765625,486.9901123046875,-320.9370422363281,2355.271728515625,610.2189331054688,-261.84710693359375,2365.69970703125,709.2847900390625,-60.641571044921875,2506.7763671875,752.485107421875,148.34048461914062,2569.322998046875,786.615966796875,214.40939331054688,2624.03857421875,777.3311767578125,316.7882385253906,2636.905517578125,728.7887573242188,257.21539306640625,2623.930419921875,422.5603637695313,-322.80120849609375,2358.197998046875,306.9952697753906,-275.49163818359375,2375.671875,237.20001220703125,-68.6273422241211,2534.471923828125,204.711181640625,135.15109252929688,2624.641845703125,215.8158721923828,208.8824462890625,2690.385498046875,212.2191619873047,299.03448486328125,2737.604736328125,239.1535797119141,230.3765106201172,2681.3583984375,537.376953125,136.497802734375,2499.565185546875,566.5653076171875,509.2567138671875,2412.79541015625,571.815673828125,842.477783203125,2566.0908203125,614.9744262695312,956.93017578125,2434.55859375,371.7985229492187,131.84579467773438,2513.844482421875,309.479736328125,507.6100158691406,2469.9033203125,311.2821960449219,851.1930541992188,2609.031982421875,272.19073486328125,966.4447021484376,2497.23193359375,455.8242492675781,-417.8381958007813,2298.021728515625,412.9434814453125,-400.60931396484375,2151.049072265625,448.66351318359375,-439.2042236328125,2161.7490234375,532.995361328125,-457.473876953125,2247.353271484375,399.8462829589844,-443.4693603515625,2172.313232421875,382.2688598632813,-486.82855224609375,2288.896484375
450.7324523925781,134.9251708984375,2505.40087890625,451.5689697265625,-31.379743576049805,2465.931884765625,451.7170104980469,-162.9871368408203,2429.162841796875,452.7134094238281,-352.1690368652344,2342.706298828125,484.836181640625,-320.5753479003906,2355.943115234375,608.0172119140625,-261.576904296875,2366.11669921875,708.329345703125,-62.0218505859375,2508.28466796875,749.4800415039062,146.89990234375,2571.82177734375,782.6712036132812,213.8472442626953,2625.928955078125,766.2100830078125,315.5864562988281,2616.15771484375,736.21142578125,256.6763610839844,2628.798095703125,420.4974060058594,-322.07537841796875,2359.85986328125,306.72125244140625,-272.570068359375,2381.75732421875,243.31137084960935,-65.28887176513672,2542.342041015625,212.830810546875,139.1423797607422,2631.31103515625,219.52296447753903,212.37969970703125,2698.084716796875,211.7632293701172,301.9470520019531,2745.751220703125,240.0627899169922,235.4989318847656,2686.290283203125,537.6859130859375,137.2787322998047,2497.326904296875,566.5020141601562,510.3462829589844,2413.0517578125,571.6666870117188,841.6528930664062,2569.81103515625,614.8707275390625,956.532470703125,2438.848876953125,372.3226318359375,132.8028564453125,2512.681396484375,310.4618225097656,508.63616943359375,2471.231201171875,311.4325866699219,849.4752197265625,2616.261474609375,283.2392578125,969.0142211914062,2505.8740234375,452.24951171875,-417.0593872070313,2298.95654296875,412.22259521484375,-402.4524841308594,2151.017822265625,446.763427734375,-441.607177734375,2163.2470703125,529.1570434570312,-459.7972412109375,2250.60986328125,397.7268981933594,-444.404296875,2173.085205078125,377.2049255371094,-484.3756103515625,2290.296630859375
450.4537963867187,133.8605499267578,2502.55908203125,450.4830932617187,-32.50537872314453,2462.85595703125,450.3353271484375,-165.06585693359375,2429.321533203125,449.0785217285156,-354.1604919433594,2342.3525390625,481.60211181640625,-323.05718994140625,2355.8779296875,606.4898071289062,-267.30865478515625,2364.683349609375,705.405517578125,-64.96338653564453,2504.182373046875,747.9371337890625,144.06407165527344,2566.96484375,783.4461059570312,212.0896759033203,2618.28662109375,780.43505859375,308.3196105957031,2656.52294921875,730.0106811523438,258.5304260253906,2625.20654296875,417.1826171875,-323.6135559082031,2359.387939453125,303.670654296875,-272.3276672363281,2378.90185546875,243.14984130859375,-66.059814453125,2542.179443359375,222.65521240234375,140.72694396972656,2628.90869140625,228.9864196777344,209.0779266357422,2700.798828125,217.84033203125,293.63800048828125,2756.417724609375,243.06167602539065,232.85662841796875,2692.19384765625,537.4970092773438,135.74774169921875,2494.715576171875,565.6827392578125,509.1800537109375,2410.704345703125,575.1089477539062,838.9530639648438,2571.017822265625,608.0050659179688,958.5633544921876,2441.139892578125,371.9631042480469,132.1587677001953,2509.632080078125,310.275390625,509.1929931640625,2477.586181640625,311.30181884765625,855.1063232421875,2610.732666015625,262.6983337402344,968.7572631835938,2501.066650390625,447.9306335449219,-418.9756774902344,2298.413330078125,412.3547668457031,-406.2752990722656,2149.0634765625,446.647705078125,-445.1886596679687,2162.81884765625,526.4525146484375,-462.0598449707031,2252.916748046875,397.31109619140625,-448.0346984863281,2171.201416015625,373.3384704589844,-486.6882629394531,2288.287353515625
450.21441650390625,132.32916259765625,2500.937744140625,450.6163635253906,-34.124046325683594,2462.382568359375,450.6833190917969,-166.5924835205078,2429.062255859375,448.9762878417969,-357.2588806152344,2346.143310546875,481.5398559570313,-325.9822082519531,2358.98583984375,605.566162109375,-268.62335205078125,2367.404541015625,703.9527587890625,-66.72605895996094,2507.404296875,748.0256958007812,141.5467987060547,2570.8125,782.6302490234375,212.1929473876953,2618.93994140625,775.5811767578125,313.75689697265625,2637.490478515625,728.3136596679688,255.26654052734375,2621.650146484375,417.188232421875,-326.327392578125,2362.537841796875,304.40142822265625,-273.325927734375,2380.787353515625,244.53582763671875,-66.43928527832031,2543.057861328125,224.82583618164065,138.29090881347656,2634.13330078125,233.00782775878903,209.94357299804688,2702.38720703125,221.90853881835935,296.21826171875,2755.11376953125,242.07814025878903,231.4304962158203,2695.12060546875,537.114990234375,134.4697265625,2492.60205078125,566.539794921875,507.8614501953125,2410.67822265625,574.2379760742188,835.8807373046875,2573.78759765625,599.9249877929688,954.6029052734376,2441.744384765625,371.8523864746094,130.39892578125,2508.4541015625,310.30804443359375,507.3619995117187,2480.282470703125,311.71832275390625,854.6746215820312,2608.626953125,255.7951202392578,964.7730712890624,2499.083251953125,447.6665954589844,-422.9056701660156,2303.610107421875,402.69146728515625,-406.52728271484375,2157.349853515625,437.93743896484375,-445.5248107910156,2167.857666015625,523.27880859375,-464.22271728515625,2252.164794921875,389.29541015625,-448.9079284667969,2179.2490234375,372.9882507324219,-490.7417297363281,2296.420654296875
449.678955078125,128.46107482910156,2499.50634765625,450.53662109375,-38.5873908996582,2460.36279296875,450.7988586425781,-171.1708221435547,2425.204345703125,448.6195373535156,-364.6647338867187,2346.7822265625,481.3724060058594,-332.7486572265625,2358.2119140625,606.3052978515625,-275.665771484375,2364.03515625,705.678466796875,-69.45462799072266,2499.0595703125,746.2377319335938,140.59022521972656,2562.2294921875,775.3640747070312,212.82449340820312,2612.3271484375,772.7805786132812,312.4375,2641.81298828125,726.46826171875,255.45164489746097,2614.879150390625,416.8423156738281,-333.3939514160156,2363.125732421875,303.5135192871094,-281.32122802734375,2384.1279296875,247.87527465820312,-69.41024780273438,2543.26806640625,225.77540588378903,137.5404815673828,2631.045654296875,238.3168029785156,209.9896697998047,2698.396484375,235.3582000732422,299.13787841796875,2748.168212890625,252.512939453125,230.4842834472656,2690.340087890625,536.8783569335938,130.99851989746094,2490.587890625,566.0083618164062,507.1369323730469,2413.7587890625,569.0762939453125,836.0230712890625,2578.71630859375,598.3072509765625,951.7377319335938,2443.75048828125,371.04742431640625,126.17295837402344,2507.548095703125,310.6315002441406,504.9167785644531,2478.9912109375,312.33184814453125,850.3668212890625,2616.509521484375,271.58087158203125,962.3524780273438,2501.2880859375,446.8553466796875,-431.64068603515625,2305.76123046875,401.552490234375,-411.1589965820313,2159.440185546875,437.97314453125,-449.7029724121094,2168.686279296875,523.9818725585938,-469.1840515136719,2252.871337890625,389.2151489257813,-454.8265686035156,2179.852783203125,373.752197265625,-501.4580383300781,2295.885498046875
449.5252685546875,125.99353790283205,2496.91748046875,449.8053894042969,-40.883941650390625,2456.31787109375,449.79437255859375,-173.82264709472656,2421.978759765625,449.6435546875,-369.6811218261719,2349.03662109375,482.0801696777344,-336.99560546875,2359.330078125,606.914794921875,-279.1072082519531,2361.154052734375,704.5880737304688,-71.55896759033203,2495.888671875,746.2127685546875,139.0461883544922,2557.255126953125,774.7364501953125,208.6126708984375,2611.475341796875,762.8411254882812,311.94879150390625,2612.111328125,723.9085083007812,253.6853179931641,2604.3955078125,417.5350036621094,-338.3423767089844,2364.726318359375,303.17218017578125,-287.7168273925781,2384.373046875,248.2644500732422,-74.8530502319336,2542.951171875,228.8732757568359,134.32688903808594,2626.562255859375,247.25335693359375,209.964599609375,2689.03759765625,241.80714416503903,291.8924560546875,2749.965576171875,257.32568359375,251.3589324951172,2604.2119140625,536.6665649414062,128.62586975097656,2486.698974609375,560.2824096679688,507.5971984863281,2420.757568359375,574.347412109375,842.885498046875,2572.543212890625,593.2542724609375,960.017822265625,2436.723388671875,370.9461059570313,123.61984252929688,2506.132080078125,311.80523681640625,503.3805236816406,2483.9990234375,309.8894348144531,852.9168090820312,2611.845458984375,257.563232421875,962.1024780273438,2498.389404296875,448.4866638183594,-437.8849792480469,2309.912109375,395.9490661621094,-419.84661865234375,2165.539306640625,432.862060546875,-458.2569885253906,2173.626953125,523.0285034179688,-476.3193664550781,2253.85986328125,384.6721496582031,-463.2141418457031,2187.28173828125,374.9929809570313,-507.9505920410156,2304.813720703125
448.7136840820313,124.5678939819336,2493.63330078125,448.5402221679687,-42.29578399658203,2452.43212890625,448.28997802734375,-175.46327209472656,2418.569091796875,448.7458190917969,-373.705078125,2351.8828125,481.1026306152344,-340.5654296875,2361.080322265625,606.6032104492188,-283.856201171875,2361.6826171875,705.3706665039062,-75.29127502441406,2494.431640625,749.571533203125,135.6411895751953,2553.44091796875,776.4640502929688,210.8556976318359,2600.615966796875,771.7352905273438,306.7491149902344,2640.84912109375,723.5604858398438,250.5065460205078,2609.53173828125,416.5220947265625,-341.9718017578125,2366.623046875,300.7747497558594,-293.79541015625,2384.8876953125,247.57373046875,-79.96135711669922,2543.091552734375,229.4035797119141,131.4549102783203,2621.662353515625,251.47488403320312,208.1712188720703,2681.7001953125,253.83743286132812,288.55889892578125,2744.96240234375,250.50509643554688,236.7240295410156,2560.419189453125,535.9628295898438,126.92904663085938,2483.703369140625,559.9451293945312,507.0462341308594,2422.996337890625,572.209228515625,842.1925048828125,2575.922607421875,594.249755859375,959.3096313476562,2440.38134765625,370.0372924804687,122.43875122070312,2502.587646484375,313.0329284667969,503.29400634765625,2491.213134765625,309.6885070800781,854.5382690429688,2615.1064453125,258.273193359375,962.5806274414062,2499.968505859375,447.7791748046875,-443.1824951171875,2314.93505859375,398.6703796386719,-425.9494018554687,2169.138671875,436.2876892089844,-463.52386474609375,2178.12841796875,524.7472534179688,-479.6918640136719,2260.769775390625,387.8450622558594,-469.6712036132813,2190.483642578125,376.08587646484375,-515.0140991210938,2307.69482421875
448.6181335449219,123.50537109375,2493.27099609375,448.3111572265625,-43.49149703979492,2452.191650390625,448.0037536621094,-176.87054443359375,2418.83984375,447.97991943359375,-375.7779541015625,2353.7705078125,480.4267578125,-342.5740051269531,2362.55126953125,606.0023193359375,-285.8387756347656,2361.69580078125,705.5770874023438,-75.13263702392578,2490.7197265625,749.3655395507812,137.18264770507812,2545.413330078125,775.9081420898438,214.094482421875,2590.09033203125,766.6422729492188,311.9107360839844,2624.66455078125,722.7762451171875,253.8281707763672,2597.66064453125,415.8328552246094,-343.8738098144531,2368.39892578125,300.23114013671875,-295.1035461425781,2386.522216796875,249.145263671875,-78.41242980957031,2541.780029296875,233.8798370361328,135.46705627441406,2614.4619140625,258.6806335449219,214.22850036621097,2670.76708984375,267.446044921875,297.0592346191406,2730.30126953125,270.65533447265625,236.99038696289065,2548.30419921875,535.91015625,125.80982971191406,2483.25048828125,559.9840698242188,506.0991516113281,2422.227294921875,572.5498657226562,841.4981079101562,2575.09375,594.0504150390625,958.0390014648438,2438.830810546875,369.9031372070313,121.42733764648438,2502.306884765625,312.91241455078125,502.5109558105469,2490.891845703125,309.9862976074219,853.9326171875,2614.9462890625,257.77154541015625,961.5951538085938,2499.672607421875,446.783447265625,-445.6008605957031,2317.387451171875,394.3694763183594,-432.5685424804687,2172.2109375,431.6638793945313,-470.4132690429687,2181.593017578125,521.9144897460938,-485.1342468261719,2262.65869140625,383.42340087890625,-475.3928833007813,2195.3095703125,373.8523864746094,-516.5648803710938,2314.324951171875
448.701416015625,117.41273498535156,2483.4619140625,448.7382507324219,-49.377197265625,2442.0771484375,449.5728759765625,-183.9787139892578,2414.581298828125,450.1620178222656,-384.7588806152344,2356.100341796875,482.4322509765625,-351.01806640625,2363.11962890625,607.8422241210938,-294.6589050292969,2355.59765625,705.8406982421875,-81.37874603271484,2481.143798828125,745.98291015625,132.23255920410156,2532.826171875,772.3796997070312,213.49822998046875,2568.9130859375,772.1349487304688,309.53204345703125,2609.044921875,714.2266235351562,257.2313232421875,2573.89990234375,418.033203125,-352.7067565917969,2370.324462890625,299.1981506347656,-312.9076843261719,2388.7939453125,235.0510101318359,-94.30912017822266,2535.96728515625,253.04266357421875,116.16930389404295,2454.9794921875,270.3333435058594,204.65773010253903,2497.929443359375,273.03521728515625,302.5391845703125,2527.567626953125,350.1199645996094,175.33981323242188,2406.553466796875,535.6763305664062,120.37516021728516,2471.60009765625,558.4478149414062,503.0986022949219,2430.294677734375,573.8493041992188,841.4716186523438,2575.493896484375,593.7557983398438,959.4917602539062,2440.445068359375,370.2723083496094,114.74139404296876,2494.158203125,314.4212341308594,495.8594055175781,2497.572998046875,307.98199462890625,850.25830078125,2611.8037109375,249.76727294921875,962.964599609375,2504.6923828125,448.9085693359375,-455.6944274902344,2322.074462890625,393.6763000488281,-450.53033447265625,2177.57470703125,428.71392822265625,-489.8522644042969,2189.1044921875,519.8807373046875,-504.096435546875,2269.085693359375,380.6671447753906,-490.6122741699219,2204.1787109375,371.64501953125,-521.743896484375,2326.150390625
448.0971374511719,114.3511734008789,2480.052978515625,446.1668090820313,-52.98846054077149,2438.220458984375,446.0327453613281,-188.87094116210935,2414.6875,448.6831359863281,-392.0189208984375,2361.870849609375,480.7638854980469,-357.7433776855469,2368.35546875,606.9237060546875,-302.0119934082031,2359.27001953125,710.51953125,-87.07948303222656,2479.539794921875,748.2418212890625,131.40786743164062,2513.188720703125,776.408203125,214.18185424804688,2545.1845703125,762.695556640625,314.9979553222656,2568.925048828125,730.1754150390625,255.62107849121097,2554.64111328125,416.041748046875,-359.6628723144531,2374.7841796875,296.0511779785156,-321.28924560546875,2392.065673828125,234.7659912109375,-97.26055145263672,2534.1044921875,259.3309326171875,114.16928100585938,2454.938720703125,308.7949523925781,199.8890380859375,2438.964599609375,336.8355407714844,292.4923400878906,2404.54833984375,369.0902099609375,152.1890106201172,2388.1376953125,535.4182739257812,116.3422393798828,2468.058837890625,559.4993286132812,501.4411926269531,2437.204345703125,573.1782836914062,845.0181274414062,2573.649169921875,593.6478881835938,958.1109008789062,2433.642333984375,369.3558654785156,112.55574035644533,2490.86865234375,315.8713073730469,495.3406982421875,2502.087890625,305.584716796875,851.5490112304688,2615.019775390625,246.02394104003903,963.9818115234376,2507.383056640625,448.331298828125,-464.1889953613281,2329.78271484375,393.80322265625,-452.29693603515625,2184.782470703125,428.8768005371094,-492.28955078125,2194.749267578125,519.8758544921875,-510.34283447265625,2274.86181640625,380.5532531738281,-493.7039489746094,2209.528564453125,370.71044921875,-530.5382080078125,2330.3388671875
