79.90707397460938,201.1939392089844,2566.564208984375,68.78764343261719,44.385597229003906,2556.718017578125,56.780487060546875,-80.79546356201172,2563.183837890625,59.12456130981445,-271.5477600097656,2544.524658203125,87.19522857666016,-240.79632568359375,2556.31591796875,203.42678833007812,-191.62538146972656,2557.422119140625,250.89833068847656,47.66446304321289,2560.75732421875,261.15380859375,207.9090118408203,2433.68359375,265.18603515625,233.07618713378903,2352.57958984375,256.6419372558594,276.8713684082031,2268.259521484375,224.4949951171875,197.9290313720703,2337.37060546875,29.884416580200195,-239.4439239501953,2540.7041015625,-67.97136688232422,-197.51011657714844,2494.370849609375,-150.49057006835938,36.75632095336914,2504.748046875,34.38954162597656,103.219482421875,2438.40380859375,69.41893768310547,21.095827102661133,2418.212646484375,135.52597045898438,77.02400970458984,2454.196044921875,85.54743194580078,35.07899475097656,2396.940185546875,158.2861785888672,194.56057739257812,2583.69140625,290.99810791015625,519.0856323242188,2539.022216796875,302.6343078613281,854.9556884765625,2573.007568359375,434.93951416015625,943.9517211914062,2529.060791015625,9.229190826416016,207.1755523681641,2551.1201171875,44.19658660888672,552.9844970703125,2613.160888671875,74.79679870605469,883.0740966796875,2694.504150390625,60.135929107666016,944.5821533203124,2556.089111328125,63.116817474365234,-341.1960754394531,2526.238525390625,179.27749633789062,-337.4613952636719,2444.878662109375,175.59385681152344,-374.6653442382813,2477.194091796875,124.48574829101562,-389.7086486816406,2575.625,151.42869567871094,-372.989013671875,2437.900634765625,40.05492401123047,-398.3009643554687,2456.22998046875
80.68513488769531,200.54421997070312,2564.4306640625,71.94317626953125,44.44904708862305,2552.932861328125,62.7691535949707,-80.53556060791016,2553.76220703125,61.88661193847656,-271.0277404785156,2543.57080078125,90.38453674316406,-240.40443420410156,2553.817138671875,207.06787109375,-194.1553497314453,2558.700439453125,250.7306365966797,44.642120361328125,2564.1337890625,262.2749938964844,208.2596435546875,2443.179931640625,263.03228759765625,233.3415069580078,2362.37548828125,256.4828796386719,272.9562072753906,2276.338134765625,226.95803833007812,198.1825714111328,2340.381103515625,33.29399490356445,-238.79507446289065,2538.49658203125,-65.82115936279297,-197.8690948486328,2495.433349609375,-147.2198944091797,35.72188186645508,2500.0927734375,37.37154769897461,101.88509368896484,2435.74609375,72.1913070678711,20.145095825195312,2415.602294921875,136.49166870117188,76.88467407226562,2452.42138671875,86.72858428955078,31.257394790649418,2395.940185546875,158.7952117919922,194.92312622070312,2581.354736328125,291.7254638671875,517.544921875,2536.80029296875,303.7472839355469,851.36474609375,2574.7158203125,433.2024536132813,942.7645874023438,2530.1689453125,10.249860763549805,205.61300659179688,2549.16943359375,44.81947326660156,549.3170776367188,2613.564208984375,73.68588256835938,876.7470092773438,2699.380859375,64.3160629272461,930.3447265625,2558.040771484375,64.6247329711914,-341.1356201171875,2528.427490234375,179.83099365234375,-340.803955078125,2446.79833984375,175.29640197753906,-377.6736450195313,2479.030517578125,124.5829849243164,-391.0763244628906,2577.29931640625,151.08154296875,-375.36871337890625,2440.0576171875,39.67081069946289,-397.3766174316406,2458.958984375
80.66663360595703,200.5847320556641,2564.46142578125,71.91242218017578,44.4996337890625,2552.966064453125,62.72828674316406,-80.47655487060547,2553.801513671875,61.83662033081055,-270.9563293457031,2543.596435546875,90.3394546508789,-240.33615112304688,2553.827392578125,207.00738525390625,-194.0503387451172,2558.530517578125,250.55789184570312,44.77183532714844,2563.04150390625,261.61383056640625,207.19171142578125,2440.459228515625,262.18890380859375,231.52468872070312,2359.430419921875,255.4072723388672,270.42498779296875,2273.091796875,226.0921936035156,196.1813507080078,2337.845947265625,33.24320983886719,-238.72476196289065,2538.5419921875,-65.91241455078125,-197.8085479736328,2495.58154296875,-147.3917999267578,35.733238220214844,2500.491943359375,37.07781600952149,102.0321807861328,2435.975830078125,71.93580627441406,20.32342529296875,2415.79638671875,136.18788146972656,77.1372299194336,2452.57080078125,86.45911407470703,31.4683837890625,2396.113037109375,158.77247619628906,194.9580535888672,2581.380126953125,291.7338562011719,517.5468139648438,2536.84814453125,303.7926025390625,851.3446655273438,2574.7646484375,433.2413940429687,942.7244262695312,2530.195068359375,10.235153198242188,205.65855407714844,2549.205078125,44.85446548461914,549.341064453125,2613.571044921875,73.783935546875,876.7550048828125,2699.345458984375,64.3427734375,930.375,2558.028564453125,64.56433868408203,-341.05877685546875,2528.447265625,179.58633422851562,-340.33917236328125,2446.57568359375,175.1747589111328,-377.3004760742187,2478.715087890625,124.69628143310548,-391.0421752929687,2577.050537109375,150.8739013671875,-374.9249572753906,2439.803466796875,39.542823791503906,-397.1437377929687,2458.88427734375
80.45428466796875,200.8241424560547,2569.1943359375,72.25357055664062,43.876319885253906,2559.776611328125,63.05443572998047,-81.55622863769531,2564.77490234375,63.8475341796875,-272.4758605957031,2548.705078125,92.18737030029295,-241.8008575439453,2559.97314453125,208.119384765625,-192.18826293945312,2563.67919921875,250.8587188720703,47.88832473754883,2560.393798828125,262.2424621582031,207.9414825439453,2433.31396484375,279.75433349609375,238.9455108642578,2356.155029296875,259.31463623046875,269.1435546875,2268.0439453125,253.4973297119141,286.59051513671875,2366.410888671875,34.85614013671875,-240.2126617431641,2544.554931640625,-63.55330276489258,-197.43136596679688,2500.34033203125,-146.9984893798828,36.61280822753906,2502.804931640625,38.77019882202149,100.92678833007812,2437.100341796875,72.62696075439453,18.448806762695312,2416.53125,136.15042114257812,76.45209503173828,2453.759033203125,86.34681701660156,27.836929321289062,2397.6298828125,159.0277862548828,195.7228851318359,2585.7880859375,292.67608642578125,519.4072875976562,2539.036376953125,302.9027404785156,854.9874877929688,2574.874755859375,435.2584533691406,943.7706298828124,2530.911376953125,9.60110855102539,205.42417907714844,2554.23095703125,44.86534118652344,551.12548828125,2615.8564453125,74.88477325439453,880.6312255859375,2699.1572265625,64.1819839477539,932.4085083007812,2556.531982421875,67.23004913330078,-342.3651428222656,2531.35888671875,177.98690795898438,-333.46197509765625,2443.248779296875,177.06198120117188,-371.7355041503906,2474.461181640625,132.4764862060547,-391.03668212890625,2575.238037109375,150.49351501464844,-369.3424377441406,2436.8134765625,41.04705810546875,-397.6790161132813,2461.06298828125
80.97479248046875,203.0389709472656,2569.87744140625,70.11158752441406,46.14608001708984,2558.50927734375,59.19919967651367,-79.43517303466797,2559.2392578125,60.96837615966797,-270.66522216796875,2543.530029296875,89.12232208251953,-239.7970733642578,2554.983154296875,203.88824462890625,-186.9854278564453,2556.608154296875,246.64459228515625,53.30897903442383,2565.68505859375,271.19036865234375,223.0870056152344,2453.4619140625,273.70745849609375,250.1394195556641,2372.809326171875,260.5341491699219,284.34490966796875,2284.622802734375,257.3343811035156,301.69964599609375,2387.401611328125,31.82578468322754,-238.49105834960935,2539.0751953125,-67.25633239746094,-195.48733520507812,2496.141845703125,-143.42430114746094,41.09910202026367,2508.6171875,43.18560791015625,101.1067352294922,2440.297607421875,72.8022232055664,18.423728942871097,2414.15625,134.86233520507812,76.7469253540039,2453.63671875,86.1827392578125,28.0003662109375,2395.458251953125,159.31556701660156,196.3342437744141,2587.549072265625,292.80029296875,520.8192138671875,2541.90478515625,302.06597900390625,857.2530517578125,2574.61669921875,434.2974548339844,943.7797241210938,2525.191162109375,10.33147430419922,209.08493041992188,2553.942138671875,48.699913024902344,554.2074584960938,2619.8291015625,81.11653900146484,883.0570068359375,2706.830322265625,67.43468475341797,932.8485717773438,2563.511962890625,64.80551147460938,-340.6766662597656,2526.32421875,177.76498413085938,-336.74359130859375,2440.3330078125,174.96591186523438,-374.49847412109375,2472.17578125,127.63239288330078,-390.7199401855469,2572.426513671875,149.2369384765625,-371.8925476074219,2433.880126953125,38.29594802856445,-396.38519287109375,2456.278076171875
80.86046600341797,202.2183074951172,2570.012939453125,71.17300415039062,45.60303497314453,2558.943359375,61.10728454589844,-79.74030303955078,2560.56982421875,63.07727813720703,-270.5140075683594,2544.89306640625,91.15755462646484,-239.68209838867188,2556.235595703125,207.0123291015625,-190.0354156494141,2555.89892578125,246.7759246826172,50.17647171020508,2565.18017578125,269.0983581542969,228.62039184570312,2467.807861328125,273.7210998535156,255.6843719482422,2387.466064453125,260.8684387207031,283.8639831542969,2297.36669921875,253.86819458007812,295.3363037109375,2386.055419921875,33.948509216308594,-238.45457458496097,2540.53515625,-65.48455810546875,-197.05918884277344,2497.57861328125,-145.8065643310547,37.50303268432617,2510.44775390625,38.980560302734375,101.5630874633789,2442.348876953125,70.71866607666016,19.664100646972656,2417.002685546875,134.2906036376953,76.74479675292969,2455.34814453125,84.1692123413086,29.992021560668945,2397.995849609375,159.14756774902344,196.1555023193359,2587.2783203125,292.24371337890625,519.9332275390625,2541.98095703125,303.1700744628906,855.4407348632812,2575.399658203125,434.989501953125,943.9359741210938,2529.823974609375,10.265551567077637,207.68539428710935,2554.444091796875,46.179317474365234,552.741455078125,2617.507080078125,75.85814666748047,881.64013671875,2702.08349609375,71.98242950439453,934.764892578125,2559.74853515625,66.94644165039062,-340.354248046875,2527.716796875,177.94674682617188,-331.77801513671875,2440.083740234375,177.31236267089844,-369.4411315917969,2471.9697265625,132.4764862060547,-387.3829650878906,2572.77685546875,150.93603515625,-368.0638732910156,2434.186279296875,41.80400848388672,-397.2192077636719,2458.39453125
80.63630676269531,201.65040588378903,2571.1767578125,71.39014434814453,44.767425537109375,2560.028564453125,61.53963851928711,-80.7808609008789,2562.247314453125,67.84159088134766,-271.1414489746094,2540.295166015625,95.24657440185548,-240.02626037597656,2552.721435546875,208.27865600585935,-183.99757385253903,2557.34814453125,247.086669921875,56.85832977294922,2563.425048828125,269.49859619140625,223.876220703125,2446.997802734375,277.6448059082031,255.4050140380859,2368.44384765625,257.9057312011719,292.97882080078125,2282.97998046875,254.88365173339844,304.8587951660156,2381.405029296875,37.956974029541016,-239.57017517089844,2536.923095703125,-62.163299560546875,-197.39041137695312,2495.87939453125,-147.2594451904297,35.86962890625,2509.208740234375,37.09493637084961,102.41790008544922,2441.339599609375,71.44181060791016,20.28114318847656,2419.95849609375,135.424560546875,78.40131378173828,2456.36767578125,82.97799682617188,27.006532669067383,2402.4912109375,159.07032775878906,195.8014678955078,2588.43408203125,292.3418884277344,519.8728637695312,2541.485107421875,302.68829345703125,855.74951171875,2576.65478515625,434.0079345703125,943.5172119140624,2527.439453125,9.908899307250977,206.92466735839844,2555.615234375,45.63009262084961,552.6151123046875,2618.392333984375,75.12080383300781,882.1927490234375,2702.537109375,71.93504333496094,934.3584594726562,2559.577880859375,73.31665802001953,-340.3835754394531,2520.81689453125,177.3395538330078,-331.982666015625,2424.662841796875,178.94117736816406,-369.8945007324219,2456.3388671875,141.94801330566406,-388.1887817382813,2560.406982421875,149.65414428710938,-368.11090087890625,2420.688720703125,42.38249206542969,-396.7454528808594,2453.252685546875
80.6124267578125,201.6480255126953,2571.534912109375,71.34356689453125,44.84002304077149,2560.498046875,61.42647933959961,-80.63228607177734,2563.01513671875,67.50984191894531,-270.9671936035156,2541.6494140625,94.9071044921875,-239.8729248046875,2554.0673828125,207.99415588378903,-184.16580200195312,2559.40478515625,247.39015197753903,56.41630172729492,2567.24169921875,270.90966796875,224.19039916992188,2452.315673828125,280.6134948730469,253.2980194091797,2373.054443359375,261.93243408203125,288.2889404296875,2286.320556640625,262.09039306640625,304.1212463378906,2387.054931640625,37.6992301940918,-239.3775329589844,2538.09033203125,-62.145225524902344,-197.1403656005859,2496.605224609375,-146.44448852539062,36.318214416503906,2509.106689453125,38.180545806884766,101.88363647460938,2441.34326171875,72.00415802001953,19.6259765625,2419.795654296875,136.34872436523438,77.21031951904297,2456.2939453125,84.36283111572266,27.538013458251953,2401.63427734375,159.0006866455078,195.7988739013672,2588.806396484375,292.40625,519.6185913085938,2541.873046875,302.92974853515625,855.3378295898438,2576.8193359375,434.3567504882813,942.8956909179688,2527.803955078125,9.926297187805176,206.9224548339844,2555.96044921875,45.77933883666992,552.502197265625,2618.246337890625,75.55058288574219,881.9901733398438,2701.928466796875,70.37255096435547,933.63720703125,2558.9228515625,72.94096374511719,-340.23828125,2522.400634765625,177.54745483398438,-331.42462158203125,2427.02783203125,178.9841766357422,-369.40716552734375,2458.5869140625,141.33084106445312,-388.04437255859375,2562.29443359375,149.95187377929688,-367.5586853027344,2422.763427734375,42.555667877197266,-396.4138488769531,2454.500244140625
81.06739044189453,200.17703247070312,2572.89111328125,71.6843032836914,43.248043060302734,2561.8291015625,61.52614212036133,-82.29463958740234,2564.9599609375,64.47868347167969,-273.006103515625,2544.923095703125,92.37496948242188,-242.2658538818359,2557.234375,206.99061584472656,-189.57101440429688,2562.9833984375,250.81906127929688,49.95842361450195,2580.1708984375,276.97369384765625,220.6999664306641,2469.9833984375,278.88671875,249.0755157470703,2389.81640625,264.14154052734375,285.8405456542969,2302.97216796875,266.63922119140625,301.3387145996094,2405.847412109375,35.19341278076172,-240.91873168945312,2541.032958984375,-63.922271728515625,-197.45159912109375,2498.811279296875,-145.5482177734375,37.208274841308594,2510.58935546875,39.844913482666016,101.60086059570312,2443.2802734375,72.7886734008789,19.247167587280273,2420.455810546875,135.83346557617188,77.62455749511719,2458.140625,89.96910095214844,35.33773422241211,2398.5205078125,159.49899291992188,194.2637634277344,2590.2509765625,292.68865966796875,518.5647583007812,2543.85107421875,303.0698547363281,854.6262817382812,2578.2197265625,434.12249755859375,943.3286743164062,2529.806396484375,10.34217357635498,205.50929260253903,2557.236572265625,45.23743438720703,551.4097290039062,2619.9248046875,73.8663558959961,881.3189086914062,2703.486083984375,66.51585388183594,931.5014038085938,2559.9228515625,68.81295013427734,-342.54888916015625,2526.160400390625,184.54861450195312,-337.6882629394531,2444.119140625,180.67019653320312,-375.7906799316406,2475.39013671875,130.00601196289062,-393.1412048339844,2573.74169921875,156.2599639892578,-372.7231140136719,2436.302490234375,44.6781005859375,-397.39111328125,2454.6513671875
79.95652770996094,199.48504638671875,2573.70166015625,71.676513671875,42.707218170166016,2563.04052734375,61.6588249206543,-82.5497055053711,2569.0390625,68.73136138916016,-271.8725891113281,2541.18359375,95.82013702392578,-241.16358947753903,2555.046875,209.0232696533203,-186.36260986328125,2563.98583984375,249.97433471679688,53.82923889160156,2570.32373046875,273.0830078125,228.9332733154297,2467.101806640625,282.6686096191406,258.7102966308594,2388.139892578125,262.5982971191406,290.86529541015625,2300.6953125,260.9494934082031,306.284912109375,2398.438232421875,38.87849044799805,-240.29556274414065,2538.30859375,-60.53580856323242,-196.9446563720703,2497.169921875,-143.30068969726562,36.55463409423828,2514.677490234375,40.727317810058594,101.53311157226562,2445.194091796875,72.07154083251953,19.945898056030273,2418.28857421875,134.907470703125,77.58867645263672,2457.0810546875,86.26769256591797,32.136966705322266,2398.52099609375,158.08412170410156,194.1136016845703,2592.013671875,288.9447326660156,518.7113647460938,2545.165771484375,303.25946044921875,854.5223999023438,2575.244140625,435.0301513671875,942.9716186523438,2529.2373046875,9.505435943603516,204.3287353515625,2557.18896484375,45.301570892333984,549.7980346679688,2618.705810546875,74.38130187988281,879.0514526367188,2702.57275390625,66.31478881835938,930.7431640625,2559.831298828125,74.67913818359375,-340.3664245605469,2519.63427734375,175.1603546142578,-328.2020263671875,2420.420654296875,179.76560974121094,-365.2796936035156,2452.68994140625,146.87657165527344,-383.4668273925781,2558.000244140625,149.45462036132812,-365.8250732421875,2417.939697265625,45.04242706298828,-399.6168823242187,2454.149169921875
80.37728118896484,199.4374237060547,2574.520263671875,72.53612518310547,42.917877197265625,2564.98583984375,63.12313079833984,-82.13746643066406,2570.221435546875,65.99100494384766,-271.9197998046875,2548.322998046875,93.71460723876952,-241.4619598388672,2561.144287109375,208.5363922119141,-190.2576141357422,2565.7236328125,249.6188507080078,49.15957260131836,2577.3515625,265.2464599609375,223.37535095214844,2472.1484375,281.1998596191406,256.9332580566406,2395.986572265625,263.6024475097656,289.6076965332031,2308.434326171875,260.79937744140625,300.666015625,2400.694091796875,36.89215469360352,-239.87416076660156,2544.525146484375,-60.332149505615234,-195.4625244140625,2500.14306640625,-138.23085021972656,39.42917251586914,2512.802490234375,47.84196472167969,99.9359893798828,2446.16650390625,76.97332763671875,18.083139419555664,2418.29345703125,136.057861328125,77.57559204101562,2459.60107421875,90.14682006835938,27.66044044494629,2400.0615234375,158.1631317138672,194.38003540039065,2593.57177734375,285.15130615234375,520.0935668945312,2549.868408203125,303.43585205078125,855.2562866210938,2576.34423828125,434.356201171875,941.720947265625,2525.698486328125,10.234363555908203,203.99789428710935,2557.3408203125,45.258766174316406,548.87890625,2618.074951171875,74.25384521484375,877.6935424804688,2700.580810546875,66.69883728027344,932.2330322265624,2559.239990234375,70.3812026977539,-341.0104064941406,2528.953857421875,182.85350036621097,-332.624755859375,2443.644775390625,179.9429931640625,-371.9486083984375,2473.16650390625,132.7766876220703,-393.58154296875,2571.9296875,154.3250732421875,-367.1042785644531,2435.25390625,43.77872467041016,-392.33935546875,2456.1796875
80.6331558227539,198.76231384277344,2576.53955078125,72.99372100830078,42.3741340637207,2565.7451171875,64.27064514160156,-82.78092956542969,2567.49853515625,64.8325424194336,-272.96759033203125,2549.9990234375,92.71672058105467,-242.62550354003903,2562.691162109375,208.84616088867188,-195.11001586914065,2571.1279296875,249.8737945556641,44.40764999389648,2577.977294921875,274.5330810546875,229.1732635498047,2495.000244140625,292.4896240234375,268.6609802246094,2422.239501953125,273.98394775390625,320.754638671875,2344.911376953125,283.5411071777344,318.8944396972656,2445.036865234375,36.29588317871094,-240.6252593994141,2544.871337890625,-61.00529479980469,-196.5461273193359,2500.4404296875,-139.99876403808594,37.60410690307617,2517.466796875,44.01820755004883,101.12760925292967,2448.222412109375,74.25761413574219,19.858888626098633,2419.93603515625,134.8676300048828,78.57695007324219,2460.04443359375,90.8433609008789,33.98805236816406,2399.9541015625,158.2724609375,193.6241149902344,2596.0341796875,283.85467529296875,519.3682250976562,2549.651123046875,303.0796813964844,854.3397216796875,2576.26220703125,433.6764526367187,942.462158203125,2527.891845703125,10.622382164001465,203.39564514160156,2558.960205078125,44.986351013183594,548.4659423828125,2618.208251953125,73.37352752685547,877.4939575195312,2699.537109375,66.80748748779297,935.8238525390624,2559.730224609375,68.61363220214844,-342.51513671875,2532.310546875,189.6726531982422,-336.01953125,2459.60986328125,183.76910400390625,-374.3048095703125,2490.006103515625,126.1964874267578,-392.9370422363281,2583.6845703125,162.44708251953125,-371.03021240234375,2449.3837890625,50.46173095703125,-396.5773010253906,2458.96435546875
81.20703125,199.6218414306641,2577.5732421875,72.2076644897461,43.21624374389648,2567.193603515625,61.85776138305664,-81.79431915283203,2571.7236328125,66.37657165527344,-271.6683654785156,2550.902099609375,93.76641082763672,-240.92189025878903,2563.754150390625,208.95494079589844,-190.62469482421875,2569.151123046875,250.00978088378903,48.813446044921875,2580.51220703125,264.8241271972656,219.2726898193359,2469.209228515625,302.7283020019531,271.9789123535156,2414.74072265625,271.3614807128906,328.9874572753906,2345.39306640625,282.06695556640625,316.8734436035156,2440.427490234375,37.05462265014648,-239.87466430664065,2546.71630859375,-60.5250129699707,-198.40695190429688,2500.307861328125,-140.72747802734375,35.65578079223633,2513.964111328125,44.23199462890625,101.31234741210938,2449.11865234375,74.90677642822266,20.8552188873291,2418.9296875,134.86830139160156,78.62755584716797,2461.401611328125,89.40621948242188,33.76921081542969,2399.867431640625,158.92742919921875,193.88040161132812,2596.70263671875,283.9674987792969,520.2696533203125,2552.387939453125,303.6341247558594,855.37841796875,2578.61328125,433.4367980957031,941.85400390625,2525.1787109375,11.123135566711426,204.7991485595703,2560.32373046875,47.66038513183594,549.4854125976562,2621.2998046875,78.9598388671875,878.194091796875,2703.404541015625,67.47351837158203,932.58154296875,2562.26806640625,71.45040893554688,-340.82867431640625,2531.949462890625,189.25848388671875,-334.9800720214844,2453.939697265625,184.30694580078125,-373.4647521972656,2484.285400390625,130.7495880126953,-392.2769470214844,2580.33154296875,161.2232208251953,-369.6383666992187,2444.666015625,49.46725082397461,-394.1217651367187,2459.0439453125
80.3162612915039,197.90081787109375,2577.986328125,73.29666137695312,41.621925354003906,2566.277099609375,63.515438079833984,-83.24757385253906,2572.633544921875,70.60791778564453,-271.54559326171875,2542.014892578125,97.39618682861328,-241.24473571777344,2556.907958984375,212.78382873535156,-193.720458984375,2571.99169921875,249.74481201171875,46.02669143676758,2586.123046875,265.50897216796875,218.40252685546875,2478.2744140625,270.63470458984375,240.5342712402344,2396.70751953125,242.29161071777344,292.3395080566406,2322.2734375,289.79510498046875,290.208984375,2407.529296875,41.010704040527344,-239.9250640869141,2539.003173828125,-59.3341178894043,-198.6743621826172,2498.9833984375,-136.31402587890625,36.058589935302734,2515.545166015625,48.76655197143555,100.37007904052734,2450.259765625,77.54495239257812,20.37093734741211,2417.343994140625,135.59877014160156,78.59314727783203,2461.63818359375,91.52750396728516,36.30936050415039,2397.033203125,157.65615844726562,192.88812255859375,2598.524169921875,284.3346252441406,518.1600952148438,2553.0478515625,304.2168273925781,853.17822265625,2576.435791015625,434.3182373046875,943.180908203125,2530.512939453125,10.575480461120604,202.4209747314453,2559.46630859375,45.29533767700195,547.4567260742188,2617.738037109375,72.77285766601562,876.7084350585938,2697.809326171875,66.69781494140625,934.0386352539062,2557.642578125,76.80160522460938,-339.4981689453125,2519.57861328125,180.1784210205078,-328.6746826171875,2423.867919921875,183.40744018554688,-365.5451354980469,2456.3095703125,147.1300048828125,-382.9500427246094,2560.266357421875,154.30442810058594,-365.9612426757813,2420.72265625,48.81541442871094,-398.5681457519531,2453.61328125
80.4177017211914,197.7733612060547,2578.291748046875,73.44439697265625,41.54417037963867,2566.557373046875,63.69741439819336,-83.28990173339844,2572.87841796875,70.8552017211914,-271.4986572265625,2542.103271484375,97.58935546875,-241.2280731201172,2557.115234375,212.9572906494141,-194.1300048828125,2573.31396484375,250.6316375732422,45.158504486083984,2591.44580078125,267.95953369140625,220.0116424560547,2488.038818359375,273.031005859375,240.11924743652344,2405.973876953125,244.44927978515625,289.4029846191406,2329.9736328125,287.92132568359375,281.2838439941406,2400.951416015625,41.28448867797851,-239.87890625,2539.02197265625,-58.844390869140625,-198.51632690429688,2498.683837890625,-135.85598754882812,36.13726806640625,2515.04931640625,49.485713958740234,100.58548736572266,2450.85546875,78.61044311523438,20.596773147583008,2418.301025390625,136.07675170898438,79.11967468261719,2462.901611328125,93.49481964111328,36.83420181274414,2398.0966796875,157.72601318359375,192.77833557128903,2598.853515625,284.23541259765625,518.0069580078125,2553.459716796875,303.9909973144531,852.9227905273438,2576.8876953125,433.7605285644531,943.1123657226562,2530.581298828125,10.70539665222168,202.27761840820312,2559.75,45.3071174621582,547.1394653320312,2618.4482421875,72.52095031738281,876.1011352539062,2699.340576171875,65.99855041503906,933.3427734375,2559.209716796875,77.11080932617188,-339.4082336425781,2519.627197265625,182.0659942626953,-329.97406005859375,2425.5673828125,184.48243713378903,-366.6566162109375,2458.267822265625,146.41029357910156,-383.1365966796875,2561.694091796875,155.96383666992188,-367.06683349609375,2422.229736328125,49.74018096923828,-398.6462097167969,2453.595458984375
80.56344604492188,197.77691650390625,2578.331298828125,73.63369750976562,41.570709228515625,2566.60205078125,63.947208404541016,-83.2527084350586,2572.826171875,71.34210205078125,-271.3845520019531,2541.827880859375,98.03247833251952,-241.1038055419922,2556.877197265625,213.32516479492188,-193.90023803710935,2573.1474609375,250.76287841796875,45.37104034423828,2591.472900390625,267.94158935546875,220.3094024658203,2488.249755859375,274.3399353027344,239.6551513671875,2406.1083984375,246.4084014892578,288.0540466308594,2329.32080078125,284.2987060546875,274.791748046875,2392.278564453125,41.73707580566406,-239.80303955078125,2538.7822265625,-58.436771392822266,-198.4990234375,2498.549072265625,-135.56002807617188,36.02522659301758,2515.62548828125,49.55382537841797,100.7742919921875,2451.184326171875,78.67202758789062,20.922578811645508,2418.330078125,136.02877807617188,79.4822998046875,2462.991943359375,93.9114227294922,37.41633605957031,2398.15576171875,157.85984802246094,192.8038787841797,2598.892822265625,284.23004150390625,518.010986328125,2553.395263671875,303.9340515136719,852.8832397460938,2576.713623046875,433.61669921875,943.052978515625,2530.219482421875,10.861881256103516,202.2613220214844,2559.789794921875,45.44552993774414,547.0569458007812,2618.549560546875,72.6201171875,876.0088500976562,2699.265380859375,67.7044906616211,932.9722290039062,2558.982421875,77.68396759033203,-339.2479553222656,2519.2734375,182.67123413085935,-329.0697326660156,2425.361328125,185.22618103027344,-365.8230895996094,2457.9599609375,147.13400268554688,-382.75836181640625,2561.285888671875,156.7505645751953,-366.26904296875,2421.8974609375,50.66157913208008,-398.42474365234375,2453.064697265625
81.02653503417969,197.865966796875,2580.09375,74.34606170654297,41.676239013671875,2568.357177734375,64.88810729980469,-83.15099334716797,2574.424560546875,72.6825180053711,-271.12872314453125,2542.79541015625,99.32183074951172,-240.83819580078125,2557.89453125,214.76808166503903,-194.19813537597656,2574.531494140625,252.2985076904297,44.68143081665039,2596.804931640625,270.1183776855469,223.0704345703125,2499.855224609375,282.0790710449219,237.7245635986328,2417.380126953125,253.9867706298828,286.4693603515625,2340.890869140625,260.95477294921875,259.3315734863281,2383.126708984375,43.000526428222656,-239.61480712890625,2539.90771484375,-57.5471076965332,-198.03195190429688,2500.9716796875,-133.43829345703125,36.83070755004883,2518.305419921875,51.83287048339844,99.11510467529295,2452.025390625,80.04618072509766,18.689781188964844,2419.830322265625,136.302001953125,78.64898681640625,2463.99951171875,95.53832244873048,33.20838165283203,2400.270263671875,158.30471801757812,193.01226806640625,2600.699462890625,284.32794189453125,518.3010864257812,2555.287109375,304.45635986328125,853.1270141601562,2578.0751953125,432.7762145996094,941.8922729492188,2525.58349609375,11.341392517089844,202.2427520751953,2561.512939453125,45.68343353271485,546.9395141601562,2620.635498046875,72.45487976074219,875.9422607421875,2701.03466796875,72.46398162841797,933.223388671875,2560.822509765625,79.14737701416016,-338.8899841308594,2520.0087890625,187.56288146972656,-329.5834655761719,2430.01953125,187.888671875,-367.2008972167969,2461.70556640625,145.75917053222656,-385.5509643554687,2563.18603515625,160.68316650390625,-365.86322021484375,2424.706787109375,52.683963775634766,-395.5122985839844,2451.406005859375
79.0982666015625,197.5531768798828,2582.595703125,73.77686309814453,41.11199188232422,2571.6044921875,65.64550018310547,-83.97102355957031,2576.6259765625,74.1008529663086,-272.2277526855469,2545.77392578125,100.49417114257812,-241.83351135253903,2561.2060546875,215.6739196777344,-194.2893829345703,2578.006103515625,251.8977508544922,45.423866271972656,2595.392822265625,268.360595703125,225.2608337402344,2500.5048828125,281.86865234375,236.62887573242188,2417.6708984375,254.86090087890625,286.9177551269531,2341.683349609375,261.0317077636719,259.51483154296875,2382.657470703125,44.41790390014648,-240.71978759765625,2542.291259765625,-54.53605270385742,-197.65060424804688,2500.66455078125,-133.97401428222656,36.286502838134766,2517.88134765625,51.767974853515625,101.14188385009766,2454.872802734375,80.80921936035156,21.493881225585938,2421.2744140625,136.77572631835938,80.55541229248047,2467.168701171875,97.48884582519533,38.32533264160156,2401.58447265625,156.20970153808594,193.40936279296875,2604.242431640625,284.99053955078125,517.5667724609375,2556.046630859375,304.07879638671875,852.8781127929688,2577.105224609375,433.817626953125,943.366455078125,2530.94970703125,9.563490867614746,201.28982543945312,2563.076171875,45.498565673828125,546.423095703125,2620.611328125,73.71507263183594,875.716796875,2700.648681640625,72.52024841308594,934.6187744140624,2560.96337890625,80.99077606201172,-340.12738037109375,2523.317626953125,187.8719482421875,-326.4240417480469,2431.8623046875,189.05099487304688,-365.2513122558594,2462.106201171875,148.7762908935547,-387.8454895019531,2563.596435546875,161.1819610595703,-362.74713134765625,2425.61279296875,53.80437469482422,-394.3819885253906,2452.98974609375
78.02767181396484,196.90182495117188,2582.367431640625,73.06929016113281,40.42793655395508,2573.05224609375,64.33513641357422,-84.30252075195312,2582.300048828125,75.6841049194336,-271.5623779296875,2547.255615234375,101.51847076416016,-241.1763916015625,2563.55810546875,215.0048065185547,-190.2431182861328,2581.3916015625,251.22996520996097,49.89358901977539,2587.131103515625,272.0217590332031,234.6868133544922,2503.532470703125,282.2795104980469,241.00003051757812,2419.746337890625,258.1050109863281,292.18212890625,2343.46826171875,261.99029541015625,267.0542907714844,2385.286376953125,45.596412658691406,-240.4223175048828,2544.27587890625,-53.21968460083008,-198.10450744628903,2501.740966796875,-133.04653930664062,35.65190887451172,2517.565185546875,52.15254592895508,100.02848815917967,2452.868896484375,81.47096252441406,19.902698516845703,2420.821533203125,136.89012145996094,80.35165405273438,2465.44970703125,99.7152328491211,39.36614227294922,2399.888916015625,154.99166870117188,193.1489715576172,2604.439453125,284.8753967285156,516.7265625,2556.748046875,304.1741027832031,851.8922119140625,2576.907958984375,433.2786865234375,942.7822265625,2530.096435546875,8.625849723815918,200.2859344482422,2562.464111328125,44.90290451049805,545.1560668945312,2620.159912109375,73.06548309326172,874.2645874023438,2700.170166015625,68.23263549804688,932.0067138671876,2560.171630859375,83.69392395019531,-338.7895812988281,2523.324462890625,195.5585479736328,-327.77423095703125,2437.779052734375,193.99105834960935,-366.7667541503906,2467.74658203125,147.78077697753906,-388.7063598632813,2566.752197265625,168.1920623779297,-363.2293395996094,2429.874755859375,58.69145584106445,-391.78363037109375,2451.31396484375
79.24996948242188,196.88052368164065,2581.969970703125,75.68539428710938,40.93773651123047,2572.572265625,68.51597595214844,-83.5188217163086,2580.69677734375,80.04618835449219,-270.4866943359375,2547.951904296875,105.9177703857422,-239.90399169921875,2563.39697265625,217.81320190429688,-185.6287384033203,2577.950927734375,249.3557586669922,53.76224136352539,2594.832763671875,265.2385559082031,218.48629760742188,2476.996337890625,278.2273864746094,237.20709228515625,2395.7890625,257.1462097167969,305.83660888671875,2334.1181640625,266.3838806152344,276.14117431640625,2370.353759765625,49.89262390136719,-239.6186065673828,2545.075927734375,-48.71271896362305,-197.37660217285156,2503.10595703125,-136.08116149902344,32.59773635864258,2520.550537109375,46.812252044677734,100.51698303222656,2455.28076171875,79.04894256591797,20.59552764892578,2426.635009765625,136.9978790283203,80.26411437988281,2468.302490234375,95.42761993408205,37.28203582763672,2406.05126953125,156.16696166992188,193.8394012451172,2603.258544921875,283.9128723144531,517.0545654296875,2556.65283203125,304.39825439453125,851.0137939453125,2575.5166015625,432.42327880859375,941.5874633789062,2527.226806640625,9.890541076660156,199.6228179931641,2562.77294921875,45.16682434082031,543.5692749023438,2618.9072265625,72.69068145751953,871.66796875,2698.1103515625,66.63301086425781,930.236572265625,2559.093505859375,87.92491149902344,-337.7364807128906,2524.826416015625,195.1927795410156,-327.6722106933594,2434.259521484375,195.2786865234375,-365.9947204589844,2464.83642578125,154.05410766601562,-386.34613037109375,2565.911865234375,167.80763244628906,-363.2830505371094,2428.295654296875,60.00423431396485,-391.9450378417969,2455.2626953125
80.12567901611328,197.214111328125,2584.717041015625,74.62663269042969,40.73894119262695,2574.105224609375,67.5718002319336,-84.51371002197266,2575.47705078125,75.12570190429688,-274.1643371582031,2554.35888671875,101.7798843383789,-243.1009826660156,2567.90625,216.0128631591797,-191.97836303710935,2580.119140625,254.7107086181641,47.104522705078125,2600.83642578125,269.0245056152344,226.6304626464844,2504.977294921875,281.54315185546875,240.72265625,2422.39892578125,260.1886291503906,295.1402893066406,2347.453857421875,262.9745788574219,268.0039978027344,2389.588623046875,45.498085021972656,-242.7716064453125,2549.564208984375,-52.14822769165039,-199.18170166015625,2505.43798828125,-135.05816650390625,33.62606430053711,2521.891845703125,49.711944580078125,99.45714569091795,2457.005859375,79.46157836914062,19.642642974853516,2424.415283203125,136.0142822265625,79.20948791503906,2468.934326171875,93.05152130126952,31.620927810668945,2406.09423828125,157.47792053222656,193.0850830078125,2605.516845703125,285.10272216796875,517.5214233398438,2555.916259765625,303.7597351074219,852.8908081054688,2576.9130859375,432.9812316894531,941.3175048828124,2525.552001953125,10.373778343200684,200.93743896484375,2565.9609375,45.16925048828125,546.6140747070312,2621.07421875,73.22123718261719,876.5316162109375,2698.69189453125,66.9081802368164,931.6915893554688,2557.608642578125,81.56629180908203,-343.1687927246094,2535.38671875,197.88980102539065,-329.77642822265625,2456.213134765625,194.60401916503903,-369.8092041015625,2484.68505859375,143.13780212402344,-394.9577331542969,2580.3603515625,170.83010864257812,-364.805419921875,2445.635498046875,60.17839813232422,-393.5081481933594,2460.29541015625
79.26298522949219,197.49072265625,2583.593505859375,76.14122009277344,40.96736145019531,2574.531982421875,69.3539810180664,-83.90483093261719,2583.352294921875,80.53172302246094,-271.5215759277344,2550.30322265625,106.51171112060548,-240.9265899658203,2565.961669921875,220.8700714111328,-190.94053649902344,2580.5341796875,256.05767822265625,48.134891510009766,2605.15087890625,269.4725341796875,228.1575469970703,2510.416259765625,281.97698974609375,241.6438446044922,2427.798095703125,260.9822692871094,292.9483947753906,2350.6748046875,262.2623596191406,266.3423156738281,2393.906005859375,50.375526428222656,-240.453369140625,2547.31787109375,-48.185157775878906,-197.3880615234375,2504.966552734375,-133.8147735595703,34.102142333984375,2523.259521484375,49.889625549316406,101.38993072509766,2457.32958984375,81.65792083740234,21.09467315673828,2428.19482421875,135.93431091308594,83.9766845703125,2470.80419921875,98.87545776367188,39.30427551269531,2407.005859375,156.63900756835938,194.74826049804688,2604.308349609375,287.15594482421875,518.1242065429688,2557.193359375,305.7486267089844,853.2213745117188,2578.656494140625,434.8556213378906,943.3070678710938,2530.367431640625,9.489625930786133,199.96371459960935,2564.914306640625,45.39171600341797,545.1461181640625,2620.7734375,73.8837661743164,874.3616333007812,2700.1064453125,66.73379516601562,927.4697265625,2558.39599609375,88.34910583496094,-339.0010986328125,2527.045654296875,197.4818572998047,-327.04278564453125,2438.181396484375,198.5081024169922,-364.5121765136719,2470.048583984375,155.77560424804688,-383.6087951660156,2571.1728515625,171.67926025390625,-364.0931396484375,2432.73828125,64.23149871826172,-396.6484069824219,2458.396240234375
78.52186584472656,195.46435546875,2582.9267578125,76.02911376953125,39.16694259643555,2574.590087890625,69.92308807373047,-85.57571411132812,2582.55419921875,81.9880599975586,-273.14007568359375,2551.52685546875,107.7204360961914,-242.33914184570312,2566.979736328125,220.12355041503903,-189.49009704589844,2584.460205078125,253.59231567382812,50.25830841064453,2598.36865234375,268.35260009765625,227.1610107421875,2498.851806640625,281.8611145019531,240.329345703125,2416.493896484375,258.6604309082031,297.4369812011719,2344.45556640625,264.0904846191406,270.53363037109375,2384.59814453125,51.77938079833984,-242.27870178222656,2548.076904296875,-47.21539306640625,-201.4416961669922,2505.09228515625,-135.40029907226562,28.805240631103516,2520.849609375,45.741737365722656,102.75198364257812,2456.114501953125,80.16423797607422,24.011455535888672,2426.26318359375,136.53485107421875,84.88536834716797,2468.708251953125,94.62206268310548,38.647708892822266,2406.822021484375,155.4983367919922,193.08041381835935,2604.604736328125,286.5658874511719,515.5706787109375,2557.587646484375,306.29345703125,850.2037963867188,2575.715576171875,433.8904418945313,942.4204711914062,2528.437255859375,9.108789443969728,197.6140594482422,2563.37890625,45.597869873046875,542.2044677734375,2618.6044921875,74.21939849853516,870.90673828125,2697.44775390625,66.88314819335938,933.1409912109376,2559.80517578125,90.17668914794922,-340.7008056640625,2529.036865234375,198.73719787597656,-326.6961364746094,2440.1669921875,199.08872985839844,-365.7332763671875,2469.965576171875,156.70620727539062,-389.0616455078125,2570.128173828125,172.0603485107422,-362.72515869140625,2433.019775390625,64.23736572265625,-393.9799499511719,2457.79296875
78.68952941894531,196.1302032470703,2585.224853515625,76.18415069580078,40.31416702270508,2575.442626953125,70.40116882324219,-84.19515228271484,2582.238037109375,80.9949951171875,-270.90972900390625,2548.61572265625,106.8743667602539,-240.62144470214844,2564.526611328125,221.73422241210935,-194.9908447265625,2583.98193359375,254.6996154785156,34.271209716796875,2653.606689453125,261.75286865234375,229.5764312744141,2598.7197265625,275.50762939453125,219.97552490234375,2516.129150390625,276.5494689941406,265.41802978515625,2433.19873046875,299.5948486328125,304.3205871582031,2534.79296875,51.12019729614258,-239.83689880371097,2545.5546875,-49.48798751831055,-199.80746459960935,2506.52197265625,-136.0027313232422,30.245452880859375,2524.4248046875,44.18039321899414,103.77149200439452,2458.2109375,80.49453735351562,24.299665451049805,2433.721923828125,138.4608154296875,85.72932434082031,2472.545166015625,96.2016372680664,39.80337905883789,2413.076416015625,155.9107666015625,193.6341094970703,2605.206298828125,286.51666259765625,515.337646484375,2558.154052734375,306.35174560546875,849.1309204101562,2575.91650390625,432.8003845214844,942.2913208007812,2528.849609375,9.05574893951416,198.38104248046875,2567.206787109375,45.66564178466797,542.3668823242188,2620.445068359375,74.16561889648438,870.7890625,2696.76611328125,67.96654510498047,927.9044799804688,2557.281005859375,88.6694107055664,-338.0325927734375,2525.229248046875,197.785888671875,-326.1841125488281,2437.29736328125,198.26080322265625,-363.9302978515625,2468.518798828125,155.12782287597656,-383.8185119628906,2568.79052734375,171.6895751953125,-362.6975708007813,2431.284912109375,64.24346923828125,-394.2142639160156,2456.01416015625
78.43312072753906,196.3542938232422,2585.65380859375,75.90617370605469,40.583953857421875,2576.05615234375,70.0030746459961,-83.84073638916016,2583.4404296875,80.79975891113281,-270.7560119628906,2551.42626953125,106.66454315185548,-240.30076599121097,2566.99658203125,221.30039978027344,-193.11032104492188,2583.542236328125,253.4342041015625,43.98459243774414,2618.27490234375,256.5130310058594,222.09466552734375,2521.095458984375,303.5126647949219,207.23870849609375,2452.7744140625,289.5638732910156,295.6305236816406,2422.2880859375,316.3961181640625,295.9782409667969,2481.3896484375,50.87797927856445,-239.76931762695312,2548.17822265625,-49.91661834716797,-200.22802734375,2509.252197265625,-136.4044647216797,29.73027610778809,2527.268798828125,43.016971588134766,103.04199981689452,2459.01220703125,77.96734619140625,23.822425842285156,2431.976318359375,136.98782348632812,84.07322692871094,2470.97705078125,95.41578674316406,37.57708740234375,2413.190185546875,155.63880920410156,193.87405395507812,2605.581298828125,286.4886474609375,515.2022705078125,2557.599609375,306.5212707519531,848.9010620117188,2574.607177734375,432.8628234863281,942.0333862304688,2527.405029296875,8.81335163116455,198.59085083007812,2567.68408203125,44.690818786621094,542.5726318359375,2620.610595703125,72.54515838623047,870.9846801757812,2696.668701171875,62.79399871826172,929.0474853515624,2557.838623046875,88.51490020751953,-338.0432434082031,2528.611572265625,196.9434509277344,-325.0467834472656,2440.074951171875,197.14642333984375,-363.737060546875,2470.092529296875,154.66175842285156,-386.1067199707031,2570.073486328125,170.26541137695312,-360.9596557617187,2433.18603515625,62.635475158691406,-391.6595153808594,2457.9501953125
79.14407348632812,197.12452697753903,2585.682373046875,77.39161682128906,41.133670806884766,2574.061279296875,71.98987579345703,-83.6894302368164,2579.55224609375,83.8143081665039,-271.70770263671875,2552.191650390625,109.7203369140625,-240.5947723388672,2566.613525390625,222.9533538818359,-191.65261840820312,2588.85302734375,252.0323944091797,48.89640045166016,2586.97998046875,256.7420349121094,171.27952575683594,2424.62255859375,330.682861328125,205.0143890380859,2401.73828125,265.3044738769531,273.3408203125,2407.570556640625,284.9091491699219,264.6048278808594,2458.775390625,53.53864288330078,-240.9729156494141,2548.5732421875,-47.42093276977539,-200.82501220703125,2509.9404296875,-136.20166015625,28.850942611694336,2527.89697265625,43.39915466308594,102.95606231689452,2459.593017578125,78.27156829833984,23.784250259399418,2431.654541015625,136.8304901123047,84.37772369384766,2471.30712890625,94.17076873779295,37.391204833984375,2412.5810546875,156.28839111328125,194.70375061035156,2606.543212890625,288.3480224609375,516.0072021484375,2556.0869140625,306.39306640625,850.4666137695312,2574.931884765625,434.6227111816406,943.7379760742188,2532.025146484375,9.57965087890625,199.30743408203125,2566.87109375,45.439727783203125,544.0243530273438,2620.1689453125,73.61131286621094,872.9193115234375,2697.3603515625,66.88264465332031,931.764892578125,2558.31640625,91.74264526367188,-339.6587829589844,2530.975830078125,199.27359008789065,-327.0017395019531,2440.8134765625,200.36920166015625,-365.0973205566406,2471.736572265625,159.177490234375,-385.9219665527344,2572.859375,173.00527954101562,-363.5265808105469,2434.988037109375,65.8719482421875,-395.3191833496094,2461.635009765625
79.78646087646484,198.33810424804688,2586.504150390625,77.90515899658203,42.8007698059082,2575.3818359375,72.03912353515625,-81.51448059082031,2582.74365234375,80.83540344238281,-269.7150573730469,2560.003173828125,107.22566223144533,-238.74822998046875,2573.428955078125,221.7764129638672,-190.87905883789065,2587.593505859375,255.76919555664065,47.99574661254883,2599.046630859375,260.7908935546875,208.09588623046875,2474.767822265625,321.03936767578125,202.6970367431641,2416.239013671875,265.1086120605469,278.76092529296875,2413.58154296875,308.756103515625,293.4691162109375,2441.392333984375,51.08658218383789,-238.7229461669922,2555.8583984375,-48.756629943847656,-197.7630920410156,2516.2587890625,-131.61021423339844,33.73552703857422,2527.220458984375,48.50472640991211,102.52359771728516,2456.67578125,81.60980987548828,22.370323181152344,2430.352294921875,137.96929931640625,85.16935729980469,2469.0693359375,96.45890045166016,36.88846206665039,2409.657470703125,156.72918701171875,195.93052673339844,2607.157470703125,288.5159912109375,515.95458984375,2555.464599609375,306.0608825683594,849.4378051757812,2573.497314453125,432.5544738769531,942.4493408203124,2526.980224609375,10.40381908416748,200.50912475585935,2567.880126953125,45.387733459472656,544.1759643554688,2621.369384765625,72.48948669433594,872.2933349609375,2697.619140625,67.160400390625,928.2141723632812,2557.8203125,87.57301330566406,-338.06329345703125,2540.47021484375,205.33872985839844,-327.1300048828125,2464.703369140625,201.01063537597656,-366.3214111328125,2493.669189453125,147.13978576660156,-389.068115234375,2587.796142578125,178.47679138183594,-361.9481201171875,2454.150390625,67.95341491699219,-389.3970947265625,2466.293701171875
80.8543701171875,198.9333648681641,2588.79638671875,78.95084381103516,43.261451721191406,2579.977294921875,73.23753356933594,-80.85159301757812,2590.158935546875,84.6043472290039,-267.3939208984375,2557.28271484375,110.72254180908205,-236.75343322753903,2571.923095703125,225.7423095703125,-189.98019409179688,2585.8564453125,257.883056640625,48.85531997680664,2602.071533203125,264.753662109375,227.7947998046875,2507.049072265625,311.2702331542969,205.10801696777344,2440.6787109375,263.3998107910156,281.761962890625,2413.2529296875,308.2423095703125,295.8426818847656,2440.273681640625,54.31120300292969,-236.7242126464844,2555.26416015625,-47.13626480102539,-197.59022521972656,2517.990966796875,-131.4844512939453,33.12250900268555,2532.944580078125,47.60868835449219,102.89689636230467,2460.833251953125,79.6773452758789,23.39906311035156,2431.443115234375,137.01463317871094,84.8298110961914,2470.89453125,94.69720458984376,37.18064880371094,2411.719970703125,158.25885009765625,196.91799926757812,2607.6640625,291.5718688964844,515.8807983398438,2553.574462890625,307.7579650878906,849.1932373046875,2575.176025390625,433.8456115722656,943.089111328125,2529.38623046875,11.055342674255373,200.75070190429688,2571.782470703125,45.14912033081055,545.063720703125,2621.36181640625,72.00904083251953,873.9520263671875,2694.17626953125,66.9482192993164,933.136474609375,2555.730712890625,92.08753204345705,-334.483154296875,2534.031494140625,203.72116088867188,-328.34710693359375,2449.025634765625,202.2795867919922,-365.056884765625,2481.331298828125,155.92559814453125,-380.62554931640625,2580.76123046875,176.8220672607422,-364.2576293945313,2443.3896484375,68.0406265258789,-392.0206604003906,2465.972900390625
80.88629150390625,198.8248291015625,2588.918701171875,78.96156311035156,43.15382385253906,2580.1123046875,73.22003936767578,-80.95101165771484,2590.364501953125,84.44291687011719,-267.5260009765625,2557.634033203125,110.59246826171876,-236.88983154296875,2572.226318359375,225.65541076660156,-190.1671905517578,2585.961669921875,257.8117980957031,48.68896484375,2601.805419921875,264.45452880859375,227.2051544189453,2505.977783203125,291.67437744140625,199.0770263671875,2431.47119140625,238.96435546875,274.89849853515625,2411.667724609375,289.5027770996094,282.8056945800781,2416.6953125,54.167293548583984,-236.83950805664065,2555.6162109375,-47.27988815307617,-197.62701416015625,2518.427734375,-131.3295440673828,33.178104400634766,2533.600830078125,47.6909294128418,102.7819595336914,2461.150146484375,79.7204360961914,23.2282657623291,2431.87109375,137.11636352539062,84.72028350830078,2471.1396484375,94.72376251220705,36.969139099121094,2412.1083984375,158.29324340820312,196.8011779785156,2607.7724609375,291.62384033203125,515.7405395507812,2553.607421875,307.8241271972656,849.0513305664062,2575.177734375,433.8930358886719,942.9393310546876,2529.3251953125,11.085025787353516,200.6496124267578,2571.91748046875,45.242713928222656,544.9237670898438,2621.699951171875,72.07933044433594,873.7418212890625,2694.825927734375,67.2723388671875,932.7120971679688,2556.281494140625,91.86444091796876,-334.63861083984375,2534.432373046875,202.91847229003903,-328.4829406738281,2448.67431640625,201.64939880371097,-365.2544860839844,2480.916015625,155.95925903320312,-380.9585876464844,2580.63037109375,175.93304443359375,-364.3459167480469,2443.152099609375,67.27294158935547,-392.0081176757813,2466.427490234375
81.17109680175781,199.48190307617188,2590.4677734375,79.16566467285156,43.44502258300781,2581.193603515625,74.01344299316406,-81.02185821533203,2591.195068359375,84.41622161865234,-268.203125,2558.879638671875,110.91866302490234,-237.4822540283203,2572.9658203125,226.2060089111328,-189.8542938232422,2584.385498046875,259.51080322265625,49.59204864501953,2598.105712890625,262.6141052246094,224.1759033203125,2494.117431640625,292.96929931640625,195.7024078369141,2420.72119140625,238.74380493164065,272.779052734375,2411.596435546875,291.6417541503906,286.3568115234375,2414.431396484375,54.0860595703125,-237.394775390625,2557.24267578125,-47.86604690551758,-198.2827606201172,2520.433837890625,-129.5017852783203,33.79805374145508,2539.0234375,48.536895751953125,102.51087951660156,2461.979736328125,79.21672058105469,22.701412200927734,2431.277587890625,136.6319580078125,84.93693542480469,2469.89501953125,94.35107421875,38.98138427734375,2409.959228515625,159.42919921875,197.52642822265625,2606.446533203125,292.3423767089844,517.48681640625,2551.573486328125,306.92547607421875,851.4417724609375,2577.070556640625,433.6897583007813,942.0321655273438,2525.39501953125,10.602325439453123,201.24525451660156,2576.058837890625,45.85007095336914,546.163818359375,2626.809814453125,74.63018035888672,875.5108032226562,2700.75537109375,62.069480895996094,931.1240844726562,2560.901123046875,91.3630828857422,-335.580810546875,2535.744384765625,198.2662353515625,-329.2822570800781,2444.327880859375,199.07211303710935,-365.6712036132813,2477.199951171875,158.4263458251953,-380.4966735839844,2579.510009765625,171.46029663085938,-365.656005859375,2440.64306640625,64.1804428100586,-394.41943359375,2469.69287109375
81.37138366699219,198.40505981445312,2590.21875,79.48968505859375,42.171836853027344,2580.362060546875,74.66719818115234,-82.67324829101562,2587.780517578125,84.87586212158203,-270.46722412109375,2557.364501953125,111.51760864257812,-239.54766845703125,2570.936767578125,226.3277130126953,-190.4100341796875,2582.783447265625,259.55145263671875,49.14687728881836,2600.4853515625,262.7131652832031,223.7118377685547,2495.88427734375,292.9045104980469,196.01663208007812,2421.981689453125,238.8410797119141,273.21575927734375,2411.57421875,291.3193054199219,285.7353210449219,2414.826171875,54.483497619628906,-239.63641357421875,2555.62255859375,-48.53455352783203,-199.6327667236328,2522.3818359375,-131.30715942382812,32.443851470947266,2540.818359375,46.17340850830078,103.07585906982422,2463.413818359375,77.11040496826172,23.603431701660156,2431.715576171875,136.01292419433594,84.66073608398438,2470.304443359375,93.4877700805664,38.517181396484375,2411.6455078125,159.54115295410156,196.3934326171875,2607.18115234375,293.5754089355469,515.86474609375,2548.9833984375,305.9774169921875,850.3242797851562,2575.491943359375,433.69580078125,941.9755859375,2527.39208984375,10.882258415222168,200.2190399169922,2574.92333984375,45.96187973022461,545.6221313476562,2626.057373046875,73.29215240478516,875.3795166015625,2701.003173828125,66.40995788574219,925.9708251953124,2558.6298828125,91.67005157470705,-338.18939208984375,2534.87255859375,198.3144073486328,-328.063720703125,2443.178466796875,200.2242889404297,-364.7488403320313,2475.78271484375,160.1732635498047,-381.6207275390625,2578.187744140625,172.50506591796875,-365.2052307128906,2439.22509765625,65.9892578125,-397.2955932617187,2468.27001953125
81.7257308959961,197.8216094970703,2590.583984375,80.30767822265625,41.85552978515625,2580.9072265625,75.77290344238281,-82.73867797851562,2588.89306640625,85.83189392089844,-270.3780517578125,2559.648681640625,112.49866485595705,-239.42320251464844,2572.84033203125,227.28857421875,-190.2860412597656,2582.23388671875,258.287841796875,49.77936935424805,2581.855712890625,257.888916015625,211.27688598632812,2458.594970703125,301.0592346191406,196.70101928710935,2387.614501953125,239.78466796875,265.4122314453125,2409.583251953125,296.6880187988281,289.4385681152344,2403.566650390625,55.47557067871094,-239.6219940185547,2557.901611328125,-47.758148193359375,-200.1497039794922,2525.42626953125,-131.37664794921875,31.17023468017578,2543.578369140625,45.32904815673828,102.13468933105467,2465.696533203125,76.1927490234375,22.967018127441406,2433.6376953125,135.4891815185547,83.55575561523438,2471.95458984375,93.53211975097656,39.0111198425293,2413.320556640625,159.7687530517578,196.0638885498047,2607.47705078125,293.25885009765625,515.2066650390625,2550.05712890625,306.42657470703125,849.1181640625,2575.408203125,432.922119140625,942.443603515625,2528.3203125,11.350892066955566,199.4066162109375,2575.35107421875,45.61750030517578,544.1376953125,2627.220458984375,72.51100158691406,873.4034423828125,2701.71337890625,66.59078979492188,927.0970458984376,2560.729736328125,92.49640655517578,-338.1159973144531,2537.581787109375,197.02816772460935,-328.8803405761719,2443.776611328125,199.092529296875,-365.7913208007813,2475.980224609375,161.14332580566406,-382.8631896972656,2578.93310546875,170.6143035888672,-365.5232543945313,2440.114990234375,64.48025512695312,-396.1665954589844,2471.225830078125
84.83467102050781,197.33551025390625,2588.321533203125,81.89248657226562,41.45118713378906,2583.62890625,77.20677185058594,-82.86156463623047,2592.26708984375,83.18000030517578,-271.87762451171875,2575.88916015625,110.68673706054688,-240.6635284423828,2586.163818359375,225.63478088378903,-191.8425140380859,2581.18408203125,254.6699676513672,48.001258850097656,2583.897705078125,258.13330078125,232.099853515625,2498.94091796875,296.5311584472656,209.63035583496097,2427.465576171875,232.61000061035156,276.1953430175781,2407.255859375,292.0343017578125,283.2375793457031,2408.638427734375,53.37937545776367,-240.79507446289065,2572.8291015625,-47.00716400146485,-202.51199340820312,2531.869140625,-131.61993408203125,28.49443244934082,2540.91455078125,44.58500289916992,101.6280288696289,2464.9345703125,75.7176284790039,23.394248962402344,2431.355712890625,134.91470336914062,83.07000732421875,2470.823486328125,94.02896118164062,37.85295867919922,2412.71826171875,163.147216796875,195.41197204589844,2603.11962890625,292.95794677734375,516.6478881835938,2553.42236328125,307.4671630859375,849.9398193359375,2577.974853515625,432.5152587890625,943.4071044921876,2528.42578125,14.21681022644043,199.0700531005859,2574.97705078125,45.90900802612305,543.4111938476562,2626.69140625,72.86432647705078,872.1021118164062,2700.847412109375,66.287841796875,927.5284423828124,2560.86669921875,88.04070281982422,-340.96234130859375,2558.439208984375,207.46424865722656,-334.2168884277344,2484.745849609375,200.68211364746097,-373.83538818359375,2512.66064453125,144.17874145507812,-396.0816345214844,2605.38427734375,179.04478454589844,-367.3621826171875,2472.9169921875,67.06314849853516,-389.4303588867187,2482.6962890625
84.47850036621094,199.7553253173828,2590.658203125,81.27548217773438,44.190914154052734,2583.568603515625,76.61563873291016,-80.14938354492188,2588.406494140625,82.51620483398438,-268.9302978515625,2572.451171875,110.00164031982422,-237.74607849121097,2582.6162109375,225.80145263671875,-191.20545959472656,2581.6650390625,252.19541931152344,48.60778045654297,2582.64404296875,257.3543395996094,229.92041015625,2492.626953125,270.64019775390625,201.2971343994141,2414.704833984375,231.79183959960935,253.8680419921875,2482.724853515625,273.33111572265625,248.3374786376953,2382.002685546875,52.76313781738281,-237.89141845703125,2569.35888671875,-50.2075309753418,-202.0289764404297,2533.39013671875,-127.0952377319336,31.279638290405273,2542.69775390625,49.36075210571289,100.52481842041016,2464.486083984375,77.3582992553711,22.357084274291992,2428.43505859375,135.27330017089844,82.22957611083984,2469.173095703125,94.08858489990234,34.587135314941406,2410.456298828125,162.50839233398438,197.4379119873047,2606.25537109375,293.37603759765625,516.7783813476562,2550.964599609375,307.46563720703125,849.5377197265625,2576.432861328125,432.2851257324219,943.5936279296876,2528.2158203125,14.115497589111328,201.8450469970703,2576.593505859375,46.099117279052734,546.11865234375,2625.0869140625,72.89607238769531,875.0471801757812,2695.96484375,66.17157745361328,931.2659912109376,2556.540771484375,87.3349838256836,-337.9543151855469,2555.16943359375,203.37095642089844,-332.88336181640625,2476.48291015625,198.2211456298828,-371.3898315429687,2506.126220703125,145.92286682128906,-390.53717041015625,2601.7724609375,174.92552185058594,-366.7079772949219,2467.1513671875,63.870506286621094,-389.4914855957031,2482.40185546875
83.51529693603516,200.12661743164065,2590.102294921875,80.84586334228516,44.21751022338867,2582.598388671875,76.78142547607422,-80.42247009277344,2587.54443359375,84.30960083007812,-269.7434997558594,2573.695068359375,111.6339111328125,-238.1270751953125,2583.35693359375,224.9450531005859,-185.17823791503903,2581.2744140625,251.2625732421875,55.19557189941406,2580.65966796875,260.8360595703125,232.2994384765625,2482.00390625,266.1037902832031,200.3800506591797,2404.20166015625,240.46009826660156,254.96676635742188,2477.02197265625,277.463134765625,251.01792907714844,2373.855224609375,54.191253662109375,-238.94070434570312,2570.418701171875,-48.78399658203125,-201.90335083007812,2534.822509765625,-127.65868377685548,31.299158096313477,2544.888916015625,48.82980728149414,100.66223907470705,2465.64013671875,75.79002380371094,22.637561798095703,2428.00634765625,130.44708251953125,84.69638061523438,2470.41943359375,95.519287109375,37.515384674072266,2409.4580078125,162.06544494628906,198.1149139404297,2603.95654296875,297.4408264160156,516.7925415039062,2550.710693359375,307.1873474121094,850.3682250976562,2577.45703125,433.0465698242187,942.8494262695312,2527.66162109375,12.683168411254885,201.940673828125,2577.609130859375,46.185577392578125,546.5648803710938,2628.251953125,74.45665740966797,875.6859130859375,2701.28369140625,66.97117614746094,930.964111328125,2561.15478515625,89.66124725341797,-339.07373046875,2557.142578125,205.74134826660156,-333.7412109375,2477.971435546875,200.5840606689453,-372.5101318359375,2507.4541015625,148.4053497314453,-392.1924743652344,2603.347900390625,177.13206481933594,-367.5228271484375,2468.48974609375,65.82147216796875,-390.2185668945313,2483.9560546875
83.50566864013672,200.14077758789065,2590.1025390625,80.82833862304688,44.235408782958984,2582.6015625,76.75618743896484,-80.40081787109375,2587.560302734375,84.2492904663086,-269.7212829589844,2573.74658203125,111.5811004638672,-238.10809326171875,2583.392822265625,224.89466857910156,-185.1748809814453,2581.227294921875,251.2586975097656,55.18724060058594,2580.3603515625,260.79962158203125,232.1163330078125,2481.398681640625,265.8873596191406,200.06842041015625,2403.639404296875,240.43637084960935,254.79025268554688,2476.4228515625,276.946533203125,250.5336151123047,2373.010498046875,54.135589599609375,-238.91497802734375,2570.473388671875,-48.84639358520508,-201.872802734375,2534.910888671875,-127.6946792602539,31.331897735595703,2544.988037109375,48.76042938232422,100.67066192626952,2465.656494140625,75.68951416015625,22.644214630126953,2428.009765625,130.36854553222656,84.69660949707031,2470.39892578125,95.3436508178711,37.54292297363281,2409.4248046875,162.05441284179688,198.12548828125,2603.953125,297.4368896484375,516.7886962890625,2550.69482421875,307.20037841796875,850.3565673828125,2577.431884765625,433.0557556152344,942.8256225585938,2527.6171875,12.674793243408203,201.95803833007812,2577.612548828125,46.20415115356445,546.5739135742188,2628.237060546875,74.50958251953125,875.69287109375,2701.22802734375,67.00228881835938,930.885009765625,2561.07080078125,89.58438110351562,-339.0539855957031,2557.206298828125,205.57421875,-333.69970703125,2477.91064453125,200.45657348632812,-372.4686279296875,2507.398193359375,148.3874969482422,-392.1603088378906,2603.346435546875,176.9617156982422,-367.4859619140625,2468.4599609375,65.67504119873047,-390.20220947265625,2484.047607421875
83.50566864013672,200.14077758789065,2590.1025390625,80.82833862304688,44.235408782958984,2582.6015625,76.75618743896484,-80.40081787109375,2587.560302734375,84.2492904663086,-269.7212829589844,2573.74658203125,111.5811004638672,-238.10809326171875,2583.392822265625,224.89466857910156,-185.1748809814453,2581.227294921875,251.2586975097656,55.18724060058594,2580.3603515625,260.79962158203125,232.1163330078125,2481.398681640625,265.8873596191406,200.06842041015625,2403.639404296875,240.43637084960935,254.79025268554688,2476.4228515625,276.946533203125,250.5336151123047,2373.010498046875,54.135589599609375,-238.91497802734375,2570.473388671875,-48.84639358520508,-201.872802734375,2534.910888671875,-127.6946792602539,31.331897735595703,2544.988037109375,48.76042938232422,100.67066192626952,2465.656494140625,75.68951416015625,22.644214630126953,2428.009765625,130.36854553222656,84.69660949707031,2470.39892578125,95.3436508178711,37.54292297363281,2409.4248046875,162.05441284179688,198.12548828125,2603.953125,297.4368896484375,516.7886962890625,2550.69482421875,307.20037841796875,850.3565673828125,2577.431884765625,433.0557556152344,942.8256225585938,2527.6171875,12.674793243408203,201.95803833007812,2577.612548828125,46.20415115356445,546.5739135742188,2628.237060546875,74.50958251953125,875.69287109375,2701.22802734375,67.00228881835938,930.885009765625,2561.07080078125,89.58438110351562,-339.0539855957031,2557.206298828125,205.57421875,-333.69970703125,2477.91064453125,200.45657348632812,-372.4686279296875,2507.398193359375,148.3874969482422,-392.1603088378906,2603.346435546875,176.9617156982422,-367.4859619140625,2468.4599609375,65.67504119873047,-390.20220947265625,2484.047607421875
83.25626373291016,200.54112243652344,2594.252197265625,80.36406707763672,44.50114059448242,2586.375244140625,75.33413696289062,-80.05915069580078,2594.505126953125,83.88214111328125,-267.63189697265625,2564.419921875,110.9865493774414,-236.8371734619141,2577.0771484375,225.56382751464844,-186.35845947265625,2578.482666015625,256.607177734375,53.6517219543457,2582.8046875,267.22869873046875,237.46092224121097,2496.94140625,274.10662841796875,211.07879638671875,2417.12646484375,241.73194885253903,267.16259765625,2486.149169921875,274.1598815917969,248.97265625,2381.076171875,53.6284065246582,-236.7421417236328,2563.491943359375,-50.06048202514648,-197.20236206054688,2532.606201171875,-125.16132354736328,37.18838119506836,2548.2861328125,52.95506286621094,101.17110443115234,2467.642333984375,75.95841217041016,23.05452537536621,2427.445556640625,130.2633819580078,84.23258209228516,2471.748046875,95.80347442626952,37.419647216796875,2408.97265625,161.7069549560547,198.339599609375,2609.05908203125,297.3730163574219,516.7973022460938,2553.048828125,307.2281188964844,850.9466552734375,2576.502197265625,433.9558410644531,942.45947265625,2526.591064453125,12.513823509216309,202.52635192871097,2580.89990234375,45.410675048828125,547.8689575195312,2629.371337890625,72.46155548095703,877.9961547851562,2699.8154296875,61.62564849853515,930.6697998046876,2558.74658203125,89.72801971435547,-335.32000732421875,2541.9814453125,196.3037872314453,-328.3162841796875,2450.31689453125,197.18310546875,-364.9768371582031,2482.855712890625,156.86651611328125,-380.65338134765625,2585.122802734375,169.46548461914062,-364.62060546875,2446.40283203125,62.29521179199219,-393.5364074707031,2475.532470703125
83.82454681396484,201.62432861328125,2593.470703125,81.4721908569336,45.78250503540039,2587.141357421875,76.90055847167969,-78.55646514892578,2595.521240234375,83.88584899902344,-267.1704406738281,2575.28662109375,111.29143524169922,-235.9955291748047,2585.949462890625,224.882080078125,-184.17198181152344,2580.127197265625,255.2228240966797,55.44355392456055,2586.705322265625,262.4161682128906,240.35577392578125,2503.756591796875,277.6338806152344,216.2008819580078,2424.551513671875,237.91622924804688,270.6332702636719,2490.7744140625,272.61798095703125,248.4584045410156,2385.07373046875,53.868804931640625,-236.21978759765625,2573.1123046875,-48.23667907714844,-197.749267578125,2536.83349609375,-128.032470703125,34.91389846801758,2547.31005859375,48.909767150878906,101.3384780883789,2466.987060546875,75.1369857788086,22.56000709533691,2430.600830078125,130.3336181640625,84.6986312866211,2472.0244140625,93.9700698852539,38.18963241577149,2411.021484375,161.97055053710938,199.8078765869141,2609.1513671875,298.18408203125,517.3657836914062,2553.254638671875,306.6815490722656,851.0068359375,2575.969970703125,434.26617431640625,943.1565551757812,2530.574951171875,13.356842041015623,203.2622985839844,2579.3310546875,45.88239288330078,547.953857421875,2628.1962890625,72.04914093017578,877.3688354492188,2699.4169921875,63.84616470336914,926.200439453125,2557.08056640625,89.01544952392578,-335.86102294921875,2556.40625,205.31932067871097,-332.8674011230469,2477.640625,200.02740478515625,-370.73779296875,2508.183349609375,147.49905395507812,-387.6107482910156,2604.319091796875,176.75173950195312,-366.8684387207031,2469.029296875,65.45658111572266,-389.0413513183594,2484.68701171875
83.52374267578125,200.72396850585935,2594.1826171875,81.16458129882812,44.65079498291016,2586.785888671875,77.210693359375,-80.12810516357422,2591.412109375,84.55290985107422,-269.4156494140625,2574.72705078125,111.89859771728516,-237.95787048339844,2585.013427734375,225.5653533935547,-185.61212158203125,2580.774658203125,252.349853515625,54.94864273071289,2581.73388671875,262.78271484375,245.56082153320312,2512.238037109375,281.8653564453125,226.294189453125,2432.373046875,235.57394409179688,277.21966552734375,2497.345458984375,270.91357421875,248.06448364257812,2390.821533203125,54.46492004394531,-238.49224853515625,2571.760498046875,-47.886474609375,-200.99041748046875,2534.5224609375,-128.57577514648438,31.971141815185547,2541.136474609375,51.46887969970703,99.06077575683594,2467.611083984375,75.26029205322266,22.812545776367188,2424.39794921875,125.36278533935548,83.82093811035156,2473.61474609375,95.83096313476562,36.63487243652344,2407.65185546875,161.87387084960938,198.81117248535156,2609.553466796875,298.0260925292969,516.8699340820312,2552.456298828125,306.7411804199219,851.0184326171875,2576.390869140625,434.0960998535156,942.3450927734376,2527.748779296875,12.871973037719728,202.4488525390625,2580.322265625,45.58805465698242,547.7162475585938,2629.45947265625,72.20610809326172,877.85791015625,2700.00830078125,63.6569709777832,924.6923217773438,2556.7392578125,89.8974380493164,-338.5639343261719,2557.13916015625,205.2831115722656,-332.2843322753906,2476.78515625,200.84315490722656,-371.000732421875,2506.5322265625,149.73587036132812,-390.82366943359375,2603.097900390625,176.9515380859375,-366.4734497070313,2467.726318359375,65.949462890625,-390.3948059082031,2484.356689453125
83.35350799560547,199.67958068847656,2594.812255859375,81.30447387695312,43.6021842956543,2586.841796875,77.03604888916016,-81.07239532470703,2593.943603515625,86.989013671875,-268.58221435546875,2563.677490234375,113.77236938476562,-237.65220642089844,2576.70947265625,227.25161743164065,-184.98785400390625,2582.429931640625,254.18728637695312,55.55353927612305,2587.23779296875,263.95758056640625,244.9637451171875,2514.336181640625,282.4761962890625,226.58282470703125,2434.1142578125,235.54652404785156,278.1775817871094,2498.1181640625,270.42108154296875,247.94168090820312,2392.618408203125,56.57212829589844,-237.85321044921875,2562.430419921875,-46.57196807861328,-197.55601501464844,2530.633544921875,-126.0178680419922,35.532249450683594,2544.972900390625,53.59233856201172,99.45079803466795,2467.559326171875,75.12092590332031,22.750682830810547,2423.927001953125,125.33366394042967,84.1624526977539,2472.557861328125,96.251953125,33.32119369506836,2408.114990234375,161.7316436767578,197.8685302734375,2610.126708984375,297.09661865234375,516.144287109375,2551.990478515625,306.9122009277344,850.2527465820312,2576.87939453125,433.417724609375,942.9063110351562,2528.431640625,12.676485061645508,201.3126983642578,2581.002197265625,45.48496627807617,546.8369750976562,2628.698486328125,72.30509948730469,877.302978515625,2697.931884765625,58.243064880371094,927.2939453125,2556.143310546875,93.48192596435548,-336.2142028808594,2541.205810546875,192.09689331054688,-328.7989501953125,2441.02001953125,196.03097534179688,-365.2281799316406,2473.606201171875,164.4215850830078,-380.5908203125,2578.95849609375,165.4011993408203,-365.39892578125,2439.55078125,61.276912689208984,-395.17034912109375,2477.587646484375
82.10539245605469,199.93130493164065,2594.627685546875,80.33816528320312,43.969200134277344,2587.343017578125,76.21304321289062,-80.5853500366211,2594.49755859375,88.10462188720703,-267.6411437988281,2563.298583984375,114.62813568115234,-236.47218322753903,2576.15380859375,226.0203399658203,-179.55259704589844,2578.440673828125,253.8875274658203,60.69363784790039,2578.466552734375,265.29962158203125,252.78807067871097,2513.848388671875,269.3189697265625,262.1138610839844,2430.18603515625,240.8947296142578,276.058837890625,2519.298828125,281.0053405761719,276.69427490234375,2403.8681640625,57.33137130737305,-237.3129119873047,2562.536865234375,-46.052772521972656,-199.00233459472656,2529.494384765625,-126.98622131347656,33.1721305847168,2546.043212890625,51.016822814941406,98.89593505859376,2466.978515625,76.3245620727539,20.328306198120117,2429.28564453125,126.95345306396484,84.73960876464844,2473.202880859375,94.60903930664062,34.956485748291016,2410.283935546875,160.2009735107422,198.28330993652344,2610.96484375,295.7977600097656,516.2941284179688,2553.988037109375,306.72198486328125,850.2083129882812,2576.521240234375,433.2174072265625,942.7353515625,2528.346435546875,11.683173179626465,201.41737365722656,2579.895751953125,45.653194427490234,546.3631591796875,2628.455810546875,72.65335845947266,876.2699584960938,2698.667724609375,63.76166534423828,926.1094970703124,2556.564453125,95.1619110107422,-335.0228271484375,2540.469482421875,192.88787841796875,-329.3171691894531,2439.495849609375,196.93728637695312,-365.3032531738281,2472.486083984375,166.15907287597656,-379.1586608886719,2578.17919921875,166.05953979492188,-365.78656005859375,2438.71875,62.23163604736328,-394.6040954589844,2477.94482421875
81.79785919189453,199.72756958007812,2594.9091796875,79.96118927001953,43.81075668334961,2587.65185546875,75.7145004272461,-80.6844253540039,2595.124267578125,87.53197479248047,-267.82147216796875,2564.73291015625,114.03025817871094,-236.6364288330078,2577.5595703125,225.367919921875,-179.70863342285156,2580.2587890625,252.7815093994141,60.51856231689453,2580.218017578125,264.1666564941406,252.48252868652344,2515.394287109375,268.9730224609375,259.6778259277344,2431.587890625,239.5397796630859,275.6334533691406,2520.00390625,275.750244140625,273.0858459472656,2402.583251953125,56.80146789550781,-237.47482299804688,2563.733154296875,-46.39178466796875,-199.3040771484375,2530.055419921875,-127.70602416992188,32.813011169433594,2544.3095703125,50.902008056640625,98.15939331054688,2466.46240234375,76.6332778930664,19.383296966552734,2429.5634765625,126.6469497680664,84.20621490478516,2473.522705078125,94.91141510009766,34.35832214355469,2410.3857421875,159.86427307128906,198.0465087890625,2611.268310546875,295.61688232421875,515.9177856445312,2554.514404296875,306.651123046875,849.7240600585938,2577.1357421875,433.1661376953125,942.3041381835938,2529.27880859375,11.401928901672363,201.24343872070312,2580.157470703125,45.54184341430664,546.0390014648438,2628.926513671875,72.55793762207031,875.727783203125,2699.6767578125,63.922664642333984,925.3142700195312,2557.515869140625,94.60568237304688,-335.2818908691406,2542.209228515625,195.5831298828125,-331.2028503417969,2444.46484375,197.96665954589844,-367.2434692382813,2477.536865234375,163.58547973632812,-380.5869140625,2582.145751953125,168.19674682617188,-367.20849609375,2442.80322265625,62.72441101074219,-394.2828369140625,2478.639404296875
80.73453521728516,198.31524658203125,2594.64990234375,78.32526397705078,42.131736755371094,2588.294921875,74.09304809570312,-82.63917541503906,2594.13671875,82.56218719482422,-271.3462829589844,2571.551025390625,109.50508880615234,-240.1572723388672,2583.63623046875,222.77972412109375,-186.7224884033203,2585.831787109375,250.7800750732422,53.80137252807617,2586.7841796875,260.9097595214844,242.7727508544922,2512.66845703125,269.9608459472656,259.1275634765625,2430.386474609375,241.0062561035156,274.4436340332031,2519.224609375,277.7599792480469,271.04791259765625,2401.342529296875,52.4533805847168,-240.4052276611328,2568.72021484375,-48.136043548583984,-200.69900512695312,2528.90673828125,-130.097900390625,31.75720596313477,2539.98291015625,50.12467575073242,98.05056762695312,2465.93310546875,77.75822448730469,18.8531436920166,2431.02978515625,126.78794860839844,84.54139709472656,2475.1083984375,94.36774444580078,35.14464569091797,2410.91845703125,158.885986328125,196.4376678466797,2611.166748046875,292.6275634765625,516.0701293945312,2556.306396484375,307.2297058105469,850.3580322265625,2577.186767578125,433.9357604980469,941.953857421875,2527.14599609375,10.261938095092772,200.0083465576172,2579.755859375,45.18766021728515,545.1146850585938,2629.53955078125,73.8135986328125,875.0443725585938,2700.9658203125,63.82947540283203,924.4782104492188,2558.59912109375,88.64801788330078,-339.9032897949219,2551.890380859375,206.5820770263672,-331.9956970214844,2475.36865234375,201.1704864501953,-371.3741149902344,2504.102783203125,146.98448181152344,-393.2771911621094,2598.571044921875,178.51771545410156,-365.94970703125,2464.651123046875,66.98052215576172,-390.0908203125,2477.217041015625
80.70270538330078,197.3039703369141,2595.957763671875,78.75875091552734,40.9725456237793,2587.5107421875,73.94335174560547,-83.89537811279297,2594.768310546875,86.01205444335938,-271.13433837890625,2561.610595703125,112.37478637695312,-240.13406372070312,2575.552978515625,225.13722229003903,-186.01248168945312,2585.29931640625,253.91293334960935,54.580421447753906,2595.4970703125,259.9703674316406,245.15870666503903,2524.24951171875,274.4284362792969,254.18569946289065,2441.478271484375,238.39759826660156,276.4456787109375,2526.3251953125,274.86053466796875,269.8323059082031,2408.579833984375,55.292625427246094,-240.59722900390625,2560.401611328125,-47.80780029296875,-202.0869598388672,2525.645263671875,-131.66940307617188,29.824928283691406,2541.382080078125,47.718719482421875,98.6991729736328,2466.783935546875,76.8726806640625,19.579500198364254,2432.584716796875,127.48119354248048,84.92806243896484,2475.6748046875,96.26007843017578,37.58820724487305,2412.366455078125,158.61508178710938,195.35435485839844,2614.109375,291.2344970703125,515.4329833984375,2555.785400390625,305.4534912109375,850.39892578125,2574.19677734375,433.6624145507813,941.310791015625,2525.940185546875,10.445698738098145,199.06202697753903,2579.58984375,45.83843231201172,544.7174072265625,2629.0263671875,73.79817962646484,875.2939453125,2700.19677734375,64.0618896484375,925.2059326171876,2557.733642578125,93.44229125976562,-338.45782470703125,2538.121337890625,195.36062622070312,-326.315185546875,2441.41162109375,199.03306579589844,-363.5293884277344,2473.26416015625,164.19122314453125,-382.2831115722656,2577.2470703125,169.52723693847656,-363.5105895996094,2438.124267578125,64.70296478271484,-396.5794372558594,2471.8896484375
80.64124298095703,196.27195739746097,2595.738525390625,78.51348114013672,40.10936737060547,2587.327392578125,73.42876434326172,-84.49883270263672,2596.33740234375,85.06845092773438,-271.4462585449219,2562.561767578125,111.56310272216795,-240.52459716796875,2576.284423828125,224.94302368164065,-187.57159423828125,2583.117919921875,254.65628051757812,52.79766082763672,2588.641357421875,260.8406982421875,242.82492065429688,2516.56201171875,271.40679931640625,258.1185607910156,2434.216796875,240.12840270996097,275.59619140625,2521.9072265625,276.7894592285156,270.7318420410156,2403.99658203125,54.37874603271485,-240.9313812255859,2561.777587890625,-48.24183654785156,-201.9310607910156,2526.561767578125,-130.2979278564453,30.574708938598633,2538.408935546875,49.51189422607422,99.50689697265624,2465.51025390625,81.33561706542969,19.577198028564453,2436.181640625,128.30044555664062,88.6328125,2477.35693359375,97.23711395263672,37.25800323486328,2414.431640625,158.7613525390625,194.30108642578125,2612.568115234375,288.18389892578125,515.8657836914062,2557.605712890625,305.9320373535156,850.1911010742188,2577.926025390625,432.54351806640625,942.0277709960938,2527.83837890625,10.196908950805664,198.04917907714844,2580.562255859375,44.97829818725586,543.3897705078125,2629.958984375,73.2717514038086,873.608642578125,2700.921630859375,61.85905456542969,927.3849487304688,2560.171630859375,92.21354675292967,-338.63330078125,2538.829345703125,194.76133728027344,-325.72900390625,2443.109619140625,197.64402770996097,-363.7506408691406,2473.993896484375,161.9420166015625,-384.533447265625,2577.16845703125,168.37713623046875,-362.36334228515625,2438.74560546875,62.95157241821289,-394.5250244140625,2471.064208984375
80.40707397460938,196.06092834472656,2595.687744140625,78.27754974365234,40.050537109375,2585.76025390625,73.5058822631836,-84.70067596435547,2591.760986328125,85.70513153076172,-271.6244201660156,2558.4873046875,111.97003936767578,-240.6838836669922,2572.55078125,224.99380493164065,-187.7733154296875,2583.467529296875,251.86651611328125,52.7431526184082,2592.020751953125,259.228515625,242.7660675048828,2520.272216796875,272.6726989746094,256.2170104980469,2438.059814453125,238.8308868408203,276.0065612792969,2524.25341796875,275.82366943359375,270.2826843261719,2406.60107421875,55.033782958984375,-241.13330078125,2557.191162109375,-48.55765151977539,-203.91281127929688,2523.060302734375,-129.4389190673828,28.84379005432129,2535.94384765625,50.68817901611328,99.2732162475586,2465.536376953125,81.44921112060547,20.656831741333008,2431.94677734375,127.27734375,88.15989685058594,2476.734130859375,96.60525512695312,37.477020263671875,2411.6572265625,158.41419982910156,193.90328979492188,2612.862060546875,285.74066162109375,516.3074340820312,2558.83154296875,305.8746337890625,850.4876098632812,2576.96875,432.8529357910156,942.0052490234376,2527.44580078125,10.064623832702637,198.00656127929688,2580.20068359375,45.10520935058594,543.3267211914062,2628.54443359375,73.05813598632812,873.37158203125,2699.799072265625,63.82645797729492,926.982177734375,2558.8916015625,93.2243881225586,-338.82110595703125,2534.986083984375,196.6539001464844,-327.51690673828125,2440.099609375,199.56625366210935,-364.62994384765625,2472.037109375,162.94300842285156,-382.9247131347656,2575.311767578125,170.69146728515625,-364.5077209472656,2436.464111328125,65.27764129638672,-396.8229370117187,2468.501953125
80.55577850341797,196.25668334960935,2596.074462890625,78.56018829345703,40.2951545715332,2586.189208984375,73.87725830078125,-84.41305541992188,2592.267578125,86.69924926757812,-271.2557678222656,2559.1435546875,112.8129653930664,-240.25241088867188,2573.304931640625,225.6277008056641,-187.1654052734375,2585.009521484375,252.16824340820312,53.25783920288086,2594.799560546875,259.8459167480469,243.7429351806641,2524.5205078125,274.6653747558594,257.3971252441406,2442.608154296875,239.3736114501953,277.0763244628906,2528.2080078125,273.3992919921875,269.5408935546875,2408.889892578125,55.966407775878906,-240.8542938232422,2557.697509765625,-47.54916763305664,-203.9154357910156,2523.165283203125,-128.9806365966797,28.561384201049805,2536.02734375,51.152347564697266,99.3092269897461,2466.1611328125,82.25436401367188,20.688072204589844,2432.982666015625,127.71308135986328,88.43488311767578,2477.712646484375,97.32504272460938,37.44194030761719,2412.691162109375,158.52784729003906,194.16783142089844,2613.289794921875,285.6263427734375,516.5418701171875,2559.31884765625,305.6123962402344,850.622314453125,2577.347900390625,432.4960632324219,941.8717651367188,2527.276123046875,10.244943618774414,198.14028930664065,2580.55029296875,44.914306640625,543.3485717773438,2629.095947265625,72.40300750732422,873.225341796875,2700.760009765625,62.763668060302734,927.4406127929688,2560.16650390625,94.49267578125,-338.4202880859375,2535.7138671875,200.66212463378903,-327.03680419921875,2443.98681640625,202.80523681640625,-363.9497375488281,2476.190185546875,163.17074584960938,-381.8968811035156,2578.367431640625,175.03575134277344,-364.1808471679687,2439.767822265625,68.91180419921875,-396.9129333496094,2468.7529296875
80.5138168334961,196.3056182861328,2596.0595703125,78.52481079101562,40.35641098022461,2586.2001953125,73.83975982666016,-84.33775329589844,2592.334228515625,86.68960571289062,-271.18408203125,2559.339599609375,112.79852294921876,-240.1683654785156,2573.47119140625,225.59326171875,-187.0428009033203,2585.0732421875,252.1853790283203,53.371219635009766,2594.402587890625,259.812744140625,243.6174468994141,2523.526123046875,274.19036865234375,256.72125244140625,2441.452880859375,239.2126617431641,276.8595275878906,2527.065673828125,271.4483337402344,268.6508483886719,2407.20068359375,55.95294570922851,-240.7926025390625,2557.880859375,-47.59330749511719,-203.9599609375,2523.361572265625,-129.2450408935547,28.426721572875977,2536.030517578125,50.80209732055664,99.25462341308594,2466.078369140625,81.89897155761719,20.64320373535156,2432.894287109375,127.37394714355467,88.39632415771484,2477.580810546875,96.92149353027344,37.337257385253906,2412.61279296875,158.47933959960938,194.2230224609375,2613.272216796875,285.5677490234375,516.5601196289062,2559.260498046875,305.5849914550781,850.6123657226562,2577.2197265625,432.47406005859375,941.8109741210938,2527.116943359375,10.208874702453612,198.18357849121097,2580.5380859375,44.83894729614258,543.3871459960938,2628.91845703125,72.32337951660156,873.2884521484375,2700.32763671875,62.837913513183594,927.0343627929688,2559.55810546875,94.48963165283205,-338.3572998046875,2535.95654296875,200.1708221435547,-326.649169921875,2443.7275390625,202.4604034423828,-363.6969299316406,2475.7587890625,163.35830688476562,-382.0531921386719,2578.0576171875,174.5012969970703,-363.7558898925781,2439.486328125,68.52073669433594,-396.5433349609375,2468.889404296875
79.30885314941406,199.13856506347656,2596.563232421875,76.83661651611328,42.81471633911133,2586.69482421875,70.9230728149414,-82.0572738647461,2594.211181640625,85.81494140625,-268.5904846191406,2557.8017578125,111.49231719970705,-237.5891571044922,2573.03173828125,224.1134033203125,-184.21302795410156,2587.987548828125,252.38612365722656,56.44686508178711,2600.74951171875,260.51959228515625,244.2293701171875,2522.3369140625,273.5874938964844,257.4929504394531,2439.85986328125,239.4855194091797,276.69720458984375,2526.2919921875,271.8484802246094,268.8321228027344,2406.063720703125,54.8047981262207,-238.32571411132812,2556.36328125,-47.81477355957031,-200.3180694580078,2519.49169921875,-130.0150146484375,32.41856384277344,2533.813232421875,51.9045295715332,100.15324401855467,2464.164306640625,82.15068054199219,20.513080596923828,2432.05712890625,127.55084228515624,88.79270935058594,2476.490966796875,98.87340545654295,39.16643905639648,2410.850830078125,156.83975219726562,196.66058349609375,2616.393310546875,285.1568603515625,518.9078369140625,2559.27734375,304.1129150390625,853.865966796875,2576.7880859375,434.0042419433594,941.615966796875,2526.90771484375,9.395830154418944,201.3730926513672,2578.681640625,44.995704650878906,547.0737915039062,2628.96728515625,73.18021392822266,877.6296997070312,2700.99755859375,63.87622833251953,926.6220703125,2558.1015625,94.56402587890624,-335.40582275390625,2533.224853515625,204.0950927734375,-327.7486572265625,2444.60791015625,203.3211212158203,-365.5039367675781,2476.06396484375,159.69992065429688,-383.5505676269531,2576.874267578125,176.5982666015625,-363.4409484863281,2438.79052734375,67.82144165039062,-391.0948486328125,2464.062744140625
79.49658966064453,197.6004180908203,2596.4296875,77.830810546875,41.57537078857422,2584.996826171875,73.5870132446289,-83.39403533935547,2587.934326171875,86.54960632324219,-270.668212890625,2556.17626953125,112.56944274902344,-239.57046508789065,2570.440673828125,225.6490020751953,-187.37022399902344,2584.7119140625,253.95834350585935,53.0069465637207,2596.744384765625,261.0199890136719,241.2555389404297,2520.047119140625,273.09625244140625,258.42474365234375,2438.254150390625,240.27503967285156,276.6350402832031,2525.260986328125,272.05059814453125,268.8861389160156,2405.05712890625,55.843238830566406,-240.20648193359375,2554.175048828125,-47.407615661621094,-202.17431640625,2519.63134765625,-131.718505859375,29.4045352935791,2534.9091796875,48.57671356201172,99.3102035522461,2463.981689453125,79.77774810791016,20.12572479248047,2431.99462890625,125.84004974365234,88.30110168457031,2475.6474609375,96.3250503540039,39.44685363769531,2410.489013671875,157.21072387695312,195.4007873535156,2615.12548828125,284.2573547363281,518.1065673828125,2560.60986328125,304.7094421386719,852.5250854492188,2578.427490234375,433.0545043945313,941.9813842773438,2528.2763671875,9.418346405029297,199.5839385986328,2579.57080078125,45.26605987548828,545.1136474609375,2627.642333984375,73.1427993774414,875.4710693359375,2698.63037109375,69.74425506591797,927.2449951171876,2556.66259765625,94.5277328491211,-338.0692443847656,2533.262451171875,203.29129028320312,-328.2248229980469,2444.20751953125,203.55242919921875,-365.8071594238281,2475.779541015625,160.89576721191406,-384.427001953125,2576.73974609375,176.6488494873047,-364.5304260253906,2438.674560546875,68.81149291992188,-394.58734130859375,2464.5458984375
78.29736328125,198.20591735839844,2596.23974609375,76.61398315429688,42.13714599609375,2585.27001953125,72.1494140625,-82.7926025390625,2589.60009765625,86.78402709960938,-269.98797607421875,2558.0263671875,112.45162963867188,-238.68829345703125,2572.49462890625,225.05972290039065,-185.89637756347656,2588.3095703125,259.6419982910156,53.39875793457031,2604.962158203125,269.0043029785156,238.2625274658203,2520.6220703125,227.4394989013672,267.2813415527344,2453.07958984375,247.4256591796875,281.31048583984375,2544.643798828125,257.58306884765625,300.761474609375,2437.043701171875,55.8651123046875,-239.75669860839844,2555.7578125,-46.992862701416016,-202.53578186035156,2519.191162109375,-131.2340545654297,29.13287353515625,2533.747802734375,49.72794723510742,99.16495513916016,2464.625,80.76691436767578,20.22188949584961,2431.875244140625,127.0040283203125,87.66207885742188,2476.48828125,96.32058715820312,37.46342468261719,2411.365234375,156.0682830810547,196.06748962402344,2614.72900390625,284.1429138183594,518.1012573242188,2558.517333984375,304.06365966796875,852.5305786132812,2577.1474609375,432.8792114257813,941.6849975585938,2527.632568359375,8.167900085449219,200.1342315673828,2579.5673828125,43.251468658447266,545.662841796875,2628.37890625,70.91133880615234,876.041748046875,2699.461669921875,64.0765609741211,926.9113159179688,2557.280029296875,95.45941162109376,-337.3397521972656,2535.206298828125,206.3348846435547,-327.43280029296875,2448.786376953125,204.81253051757812,-366.18170166015625,2478.88330078125,159.49221801757812,-387.32086181640625,2578.181396484375,178.74810791015625,-362.67572021484375,2441.321533203125,69.5356216430664,-390.39788818359375,2463.850830078125
78.08021545410156,197.79917907714844,2596.091552734375,76.13587188720703,41.765838623046875,2584.896728515625,71.51466369628906,-83.1575698852539,2588.850830078125,85.43101501464844,-270.2448425292969,2556.44287109375,111.23563385009766,-239.09982299804688,2570.98779296875,224.1117706298828,-186.62887573242188,2585.825439453125,259.64984130859375,52.710548400878906,2599.12109375,268.174560546875,234.7626495361328,2508.837158203125,221.2686462402344,269.31243896484375,2447.71142578125,250.38934326171875,280.9159851074219,2537.13037109375,256.17889404296875,304.97021484375,2433.29150390625,54.61520767211914,-239.90077209472656,2554.372802734375,-48.13734436035156,-202.18617248535156,2518.0546875,-131.86949157714844,29.63969039916992,2532.6064453125,49.365966796875,99.66073608398438,2464.2578125,80.84209442138672,20.600690841674805,2432.241943359375,126.81517028808594,88.28955841064453,2476.73046875,96.70020294189452,38.09958267211914,2411.630615234375,155.8472442626953,195.50636291503903,2614.5419921875,284.16632080078125,517.4555053710938,2558.63330078125,304.5238037109375,851.8052368164062,2577.586181640625,432.9378662109375,941.2833862304688,2527.6708984375,7.95424747467041,199.86669921875,2579.453857421875,44.24552154541016,545.0975341796875,2629.216552734375,73.09333801269531,875.1123657226562,2701.341796875,64.5377197265625,925.563720703125,2559.121337890625,93.822509765625,-337.5201110839844,2533.316650390625,205.53445434570312,-323.53204345703125,2448.57861328125,204.37644958496097,-362.9906005859375,2477.747314453125,158.25033569335938,-387.2819519042969,2575.933837890625,178.71751403808594,-359.0960693359375,2439.951416015625,69.7923812866211,-389.3670043945313,2460.43701171875
77.86415100097656,197.884765625,2594.649169921875,75.5897445678711,41.837615966796875,2582.756591796875,70.43611907958984,-83.1072006225586,2587.11767578125,85.24534606933594,-270.1027526855469,2554.083984375,110.87651824951172,-238.89256286621097,2568.850830078125,223.71385192871097,-186.6748504638672,2585.264892578125,259.2596130371094,52.41583251953125,2603.90771484375,271.2359619140625,235.90036010742188,2516.76611328125,237.4091796875,275.29827880859375,2450.1318359375,239.79331970214844,274.0019836425781,2544.8896484375,267.5115966796875,315.3782958984375,2449.13525390625,54.30198669433594,-239.86228942871097,2551.99658203125,-48.485713958740234,-202.185302734375,2515.57568359375,-132.87889099121094,29.455556869506836,2531.090087890625,47.95284652709961,99.97543334960938,2461.9130859375,79.90937042236328,20.7448673248291,2430.689453125,126.76173400878906,88.4874496459961,2474.256591796875,94.57484436035156,36.14813995361328,2410.5615234375,155.60922241210938,195.32937622070312,2613.310791015625,284.0482482910156,517.893310546875,2560.31494140625,305.61309814453125,852.3267211914062,2579.101318359375,433.5322265625,941.5581665039062,2527.26953125,7.757998943328857,200.18907165527344,2577.82080078125,44.69382858276367,545.74609375,2625.918212890625,74.05289459228516,876.0855102539062,2697.05419921875,63.2752571105957,930.291259765625,2556.3017578125,94.00560760498048,-337.29022216796875,2530.741455078125,210.52362060546875,-325.2147521972656,2452.311767578125,207.07188415527344,-364.66461181640625,2481.347412109375,155.13497924804688,-388.17047119140625,2576.8427734375,183.6103515625,-360.3298950195313,2442.171875,73.1649398803711,-388.7422180175781,2456.55908203125
77.42314910888672,198.17527770996097,2594.753662109375,76.12577819824219,41.91523742675781,2582.693115234375,71.34550476074219,-83.19908142089844,2587.5078125,86.56280517578125,-270.1947021484375,2553.182861328125,112.11487579345705,-239.0192108154297,2568.326171875,224.48143005371097,-185.61831665039065,2585.45849609375,257.8898620605469,54.08057403564453,2604.552001953125,268.6641540527344,234.87208557128903,2511.196044921875,233.8465576171875,278.6075134277344,2447.70556640625,240.36428833007812,274.5784606933594,2542.322021484375,267.4151611328125,317.7120666503906,2448.07080078125,55.554195404052734,-239.9329833984375,2551.142578125,-46.803749084472656,-201.72116088867188,2513.58642578125,-132.66929626464844,29.785335540771484,2528.391357421875,49.898921966552734,102.2533187866211,2465.208984375,80.08049774169922,25.44496154785156,2426.662841796875,127.57557678222656,88.47469329833984,2476.4375,96.48236846923828,37.63752746582031,2410.373046875,154.94766235351562,195.98458862304688,2614.79736328125,284.6368103027344,518.0556640625,2558.751708984375,304.34991455078125,853.0202026367188,2578.29833984375,432.7582092285156,941.3153686523438,2525.371337890625,7.515884876251221,200.15072631835935,2576.679443359375,45.23454666137695,545.7588500976562,2627.23974609375,74.42896270751953,875.8779907226562,2701.605224609375,69.80883026123047,927.8831787109376,2559.470703125,95.53510284423828,-337.2969970703125,2529.379150390625,207.02601623535156,-326.0894775390625,2443.5185546875,206.07566833496097,-364.5690002441406,2474.1171875,160.37071228027344,-385.5070190429687,2573.49462890625,180.1865997314453,-362.04541015625,2436.261474609375,71.2174072265625,-391.81494140625,2458.35400390625
77.4028091430664,196.9625244140625,2594.274658203125,75.45219421386719,40.442867279052734,2582.637939453125,69.77375793457031,-84.7703628540039,2588.62646484375,85.8868637084961,-271.2991943359375,2550.771484375,111.27762603759766,-240.28265380859375,2566.676025390625,223.93788146972656,-186.8955078125,2583.28759765625,258.91162109375,53.01472473144531,2601.5068359375,268.7752990722656,234.51763916015625,2508.76953125,232.7305145263672,279.68658447265625,2446.818115234375,240.86024475097656,274.9713134765625,2541.420166015625,267.130615234375,318.89923095703125,2447.7294921875,54.73426055908203,-241.06842041015625,2549.129638671875,-47.498329162597656,-201.91549682617188,2511.671630859375,-132.84423828125,30.050546646118164,2528.335205078125,49.54291915893555,103.3698959350586,2464.609375,79.73790740966797,27.93536376953125,2423.150146484375,127.7341079711914,89.36443328857422,2474.67529296875,96.18245697021484,38.06499481201172,2408.3984375,154.8301239013672,194.4479827880859,2615.11767578125,284.7308654785156,517.1473388671875,2559.890869140625,303.88372802734375,852.7715454101562,2577.1669921875,433.7403564453125,942.9653930664062,2530.59326171875,7.583193302154541,199.22998046875,2575.479736328125,45.077003479003906,545.3314819335938,2626.471923828125,74.44930267333984,876.0010375976562,2700.635498046875,64.45088958740234,927.8055419921876,2558.463623046875,95.25061798095705,-338.00189208984375,2525.706298828125,203.7386779785156,-323.4590759277344,2436.229248046875,205.1593475341797,-361.71527099609375,2467.20556640625,163.25491333007812,-383.4292297363281,2568.263427734375,178.0120086669922,-360.505859375,2430.090087890625,70.79344177246094,-394.1310729980469,2455.8125
77.56639862060547,196.81521606445312,2594.201416015625,75.61100769042969,40.4501838684082,2582.56103515625,69.94956970214844,-84.64479064941406,2588.459716796875,85.77230834960938,-270.9593505859375,2550.371826171875,111.14595794677734,-240.0592803955078,2566.415771484375,223.915283203125,-187.61875915527344,2584.3193359375,260.69598388671875,51.47403335571289,2606.18359375,272.66363525390625,233.77420043945312,2515.725341796875,245.62933349609375,274.1408996582031,2446.42138671875,235.1861572265625,271.14569091796875,2540.7724609375,276.7349548339844,318.6217041015625,2457.202880859375,54.725440979003906,-240.68463134765625,2548.664306640625,-47.25899887084961,-201.45294189453125,2510.962890625,-132.87255859375,30.12959671020508,2527.976806640625,49.47331619262695,103.77107238769533,2465.167236328125,79.24300384521484,28.352514266967773,2423.568115234375,127.50758361816406,89.39977264404297,2475.13037109375,94.51847076416016,38.3541145324707,2408.578369140625,154.91464233398438,194.29702758789065,2615.034912109375,284.6002502441406,516.6594848632812,2559.535888671875,304.071533203125,851.9494018554688,2576.518310546875,433.6151123046875,941.4411010742188,2528.31787109375,7.818080425262451,199.0859832763672,2575.414794921875,45.067012786865234,544.8386840820312,2626.573974609375,74.23724365234375,875.2510375976562,2700.4345703125,64.5835189819336,927.0023193359376,2558.3779296875,95.07374572753906,-337.5731506347656,2525.2490234375,206.08367919921875,-325.8040771484375,2438.724853515625,206.05816650390625,-363.65283203125,2470.154052734375,161.1041717529297,-383.4519348144531,2570.168701171875,179.98867797851562,-362.4929809570313,2432.3271484375,71.7005844116211,-394.1319580078125,2455.451416015625
78.24982452392578,196.1807861328125,2591.712646484375,77.09133911132812,40.38116455078125,2580.697509765625,72.34481048583984,-84.2386474609375,2586.9853515625,86.40373229980469,-270.42364501953125,2551.40966796875,111.9231948852539,-239.6995086669922,2567.101806640625,225.76461791992188,-191.31629943847656,2586.1455078125,256.22711181640625,44.755489349365234,2629.4462890625,252.31146240234375,213.80357360839844,2517.017578125,297.04547119140625,284.8464050292969,2509.343017578125,215.4690399169922,239.65367126464844,2493.46142578125,267.244140625,313.08184814453125,2546.773681640625,55.7855224609375,-239.98817443847656,2549.2197265625,-44.89873504638672,-200.9230194091797,2509.3076171875,-138.4605712890625,26.662155151367188,2524.129638671875,42.13526916503906,104.46892547607422,2464.008056640625,75.90258026123047,28.326690673828125,2427.9306640625,126.7168960571289,89.60517120361328,2475.98583984375,90.01792907714844,43.83269882202149,2409.77294921875,155.6171417236328,194.22161865234375,2611.28662109375,283.23516845703125,516.4172973632812,2558.874267578125,306.3606262207031,850.064697265625,2577.400634765625,432.8778381347656,942.6203002929688,2529.156982421875,8.484304428100586,197.9474639892578,2574.06201171875,45.77003860473633,542.2930908203125,2625.199462890625,75.72309112548828,871.006103515625,2700.179931640625,72.83352661132812,929.2044677734376,2560.982666015625,95.10140991210938,-337.1693420410156,2527.244873046875,211.361083984375,-324.9454345703125,2448.977783203125,208.51303100585935,-363.6851806640625,2478.851318359375,156.84149169921875,-385.8127136230469,2574.552490234375,185.1322021484375,-360.6679382324219,2439.614990234375,75.37776184082031,-390.56494140625,2454.38134765625
78.07471466064453,196.17889404296875,2591.52587890625,76.99481201171875,40.41285705566406,2580.50341796875,72.33773040771484,-84.19011688232422,2586.657470703125,86.7510757446289,-270.2484436035156,2550.78076171875,112.19257354736328,-239.51646423339844,2566.55859375,225.80105590820312,-190.79071044921875,2585.940185546875,254.8234710693359,45.27354431152344,2629.974609375,250.2527008056641,214.27651977539065,2517.58154296875,292.55950927734375,286.59063720703125,2508.369384765625,212.8962249755859,238.0637359619141,2492.7373046875,262.978515625,312.1802673339844,2547.783203125,56.0920295715332,-239.8664703369141,2548.602783203125,-44.53458786010742,-200.8987579345703,2508.521484375,-138.78021240234375,26.368825912475582,2522.999755859375,41.77690887451172,104.96790313720705,2463.953369140625,76.11238861083984,28.940916061401367,2428.219482421875,126.45500946044922,90.4620361328125,2476.42236328125,89.96810150146484,44.26738357543945,2410.133544921875,155.41946411132812,194.25596618652344,2611.12255859375,282.9369812011719,516.41064453125,2558.71728515625,306.11468505859375,849.991943359375,2577.06640625,432.72894287109375,942.5289916992188,2529.162841796875,8.32955551147461,197.91290283203125,2573.854736328125,45.10553359985352,542.2398071289062,2624.97265625,74.56295013427734,870.8872680664062,2700.108642578125,69.63118743896484,929.2579345703124,2561.076416015625,95.5906219482422,-336.9225158691406,2526.51513671875,210.3834228515625,-325.0858154296875,2446.107421875,208.45428466796875,-363.2170104980469,2476.80859375,158.6184539794922,-383.8998107910156,2573.770263671875,184.4059600830078,-361.2657775878906,2437.92138671875,75.26884460449219,-392.0155334472656,2455.119873046875
79.18067932128906,195.41732788085935,2593.7646484375,77.81841278076172,39.82664489746094,2580.631591796875,72.67855834960938,-84.8172378540039,2585.22216796875,86.30192565917969,-270.6233215332031,2547.822021484375,111.8042221069336,-240.17465209960935,2564.0380859375,226.44415283203125,-196.14056396484375,2587.98681640625,259.3299865722656,35.94976806640625,2647.595947265625,246.9953765869141,159.7945556640625,2487.2197265625,273.83184814453125,231.59762573242188,2522.253173828125,245.9372711181641,197.87258911132812,2438.414794921875,225.6245574951172,253.4818115234375,2525.107666015625,55.82926559448242,-240.05392456054688,2545.702880859375,-44.521270751953125,-200.0078125,2506.014404296875,-146.2379150390625,23.89588928222656,2522.013427734375,31.272798538208008,107.84545135498048,2461.1650390625,72.5062026977539,30.649385452270508,2437.175048828125,126.6242446899414,94.60696411132812,2477.453369140625,88.57128143310547,49.89107894897461,2415.809814453125,156.23387145996094,193.0002593994141,2614.40771484375,278.3712463378906,517.1437377929688,2561.592529296875,306.1894836425781,850.5347900390625,2576.20263671875,432.843017578125,941.8778686523438,2526.191162109375,9.6984281539917,197.5969085693359,2575.149658203125,44.5098762512207,542.1849365234375,2625.7373046875,72.6484375,871.2760620117188,2699.32958984375,67.31914520263672,929.0859985351562,2560.087646484375,94.93553161621094,-337.12841796875,2523.036865234375,206.94219970703125,-326.5965576171875,2438.63232421875,206.9328155517578,-363.125732421875,2471.276123046875,160.5515594482422,-380.01165771484375,2570.64990234375,181.70462036132812,-363.7862243652344,2433.1025390625,73.9836196899414,-396.32122802734375,2455.200927734375
77.17648315429688,194.1103057861328,2592.341796875,75.0885009765625,38.27893829345703,2580.41259765625,68.56010437011719,-86.13109588623047,2590.073974609375,85.38371276855469,-270.8702697753906,2548.041748046875,110.17172241210938,-240.5196990966797,2565.603271484375,225.0526580810547,-196.13917541503903,2588.362060546875,268.24200439453125,26.483997344970703,2673.142578125,250.6608428955078,143.853271484375,2508.2021484375,259.0206604003906,220.2165985107422,2543.0693359375,245.3252410888672,200.989501953125,2451.393310546875,204.59500122070312,230.57476806640625,2538.211669921875,54.53654861450195,-240.6077423095703,2546.08837890625,-43.941650390625,-199.87289428710935,2502.298828125,-145.00013732910156,24.44730758666992,2520.203369140625,33.051326751708984,111.64276123046876,2465.096923828125,72.37174987792969,36.85429763793945,2431.757568359375,128.02964782714844,95.45956420898438,2477.8671875,84.76817321777344,49.906063079833984,2414.62109375,154.57447814941406,191.57188415527344,2611.953857421875,278.43182373046875,515.7423095703125,2561.09130859375,306.3309326171875,849.40966796875,2576.65234375,432.3289489746094,941.7476806640624,2526.2919921875,7.383286952972412,196.39930725097656,2574.65673828125,43.52129364013672,541.18359375,2625.324951171875,73.23743438720703,870.5000610351562,2698.7978515625,67.32083892822266,926.4412841796876,2558.66064453125,95.40087890625,-336.6428527832031,2521.673095703125,205.08563232421875,-324.712646484375,2434.232666015625,206.8343963623047,-360.6880187988281,2467.509765625,163.33160400390625,-377.0305786132813,2568.385009765625,180.6727752685547,-362.6643676757813,2429.962158203125,74.31040954589844,-397.5900268554687,2455.327880859375
79.63217163085938,194.46710205078125,2590.4130859375,78.15581512451172,38.920597076416016,2575.20166015625,72.62828826904297,-85.81428527832031,2580.030517578125,88.94766998291016,-272.61761474609375,2548.18994140625,113.72467041015624,-241.46774291992188,2564.303955078125,227.16848754882812,-196.0539398193359,2591.72900390625,279.3416748046875,17.95656967163086,2692.1640625,258.6815490722656,111.96881866455078,2513.2177734375,224.45623779296875,184.46853637695312,2539.46435546875,242.10658264160156,199.819091796875,2447.737060546875,176.64918518066406,173.6889190673828,2513.067138671875,58.26139068603515,-242.37660217285156,2544.332763671875,-41.19962692260742,-204.72235107421875,2500.021484375,-145.60760498046875,18.748075485229492,2502.915771484375,32.3933219909668,114.35005950927734,2463.99462890625,75.23201751708984,43.71857452392578,2426.227783203125,127.50141143798828,99.1784210205078,2479.612548828125,85.85474395751953,53.796531677246094,2412.09033203125,156.99168395996094,191.8029327392578,2610.14794921875,278.7727966308594,516.6654663085938,2558.77978515625,306.1006774902344,850.2843017578125,2576.0361328125,433.3637390136719,943.5487060546876,2530.849609375,9.87368106842041,196.86949157714844,2572.6171875,45.410438537597656,541.5206909179688,2624.511474609375,73.51222229003906,870.4048461914062,2700.45703125,73.355712890625,930.6280517578124,2561.98583984375,98.88289642333984,-339.7584533691406,2525.502685546875,204.85646057128903,-326.9482727050781,2433.72607421875,207.4910888671875,-363.85345458984375,2465.906005859375,168.14022827148438,-382.3769226074219,2568.09619140625,179.70712280273438,-364.41851806640625,2429.4951171875,74.02251434326172,-398.5352478027344,2458.512451171875
77.49816131591797,189.84654235839844,2588.746337890625,76.1881332397461,34.360469818115234,2575.077880859375,70.95886993408203,-90.20201873779295,2580.437255859375,87.75110626220703,-276.81951904296875,2549.243408203125,112.69361877441406,-245.4430694580078,2564.48974609375,226.0363006591797,-196.7842559814453,2585.198486328125,285.19317626953125,36.701663970947266,2606.210205078125,219.14132690429688,110.88939666748048,2429.256591796875,191.91329956054688,186.0168304443359,2455.947021484375,124.18904113769533,153.082763671875,2398.794189453125,154.58444213867188,162.68919372558594,2489.74755859375,56.79314041137695,-246.85983276367188,2546.05322265625,-40.30704116821289,-210.14694213867188,2496.42578125,-140.0198211669922,15.065998077392578,2501.52197265625,32.16762924194336,121.84928894042967,2467.212158203125,78.1899185180664,55.843284606933594,2425.33251953125,129.5009307861328,109.9342269897461,2480.79931640625,82.85040283203125,55.18373107910156,2415.569580078125,154.74313354492188,187.4554748535156,2608.54248046875,277.9168701171875,511.6950378417969,2559.75048828125,307.8606262207031,844.7537231445312,2574.847412109375,432.1451110839844,940.539794921875,2527.4765625,7.842957973480225,192.002685546875,2570.8955078125,44.45366668701172,536.0227661132812,2623.140625,75.08164978027344,864.2800903320312,2698.84765625,70.1894760131836,930.03662109375,2563.224365234375,97.54657745361328,-343.9289855957031,2526.69775390625,206.97994995117188,-327.7630310058594,2439.9296875,208.69448852539065,-365.3613586425781,2471.26025390625,165.3639678955078,-386.7651672363281,2571.093017578125,182.50753784179688,-365.3395690917969,2433.75341796875,76.2472152709961,-401.2467041015625,2457.42236328125
78.53572845458984,188.7769775390625,2587.87646484375,77.80721282958984,33.321617126464844,2573.713623046875,73.04178619384766,-91.29686737060548,2578.3330078125,91.44115447998048,-277.89044189453125,2547.83837890625,116.04845428466795,-246.27745056152344,2563.1484375,228.10655212402344,-196.0204620361328,2586.8603515625,290.15594482421875,37.269561767578125,2600.62939453125,219.000244140625,109.9128189086914,2425.00439453125,187.2242889404297,182.8155517578125,2452.829345703125,119.00497436523438,149.92587280273438,2396.23291015625,151.48194885253906,156.80599975585938,2486.31298828125,60.27838516235352,-248.17323303222656,2544.3515625,-36.82635116577149,-212.4426727294922,2494.004638671875,-133.6066131591797,14.101296424865724,2491.103759765625,37.20277404785156,124.30897521972656,2460.904052734375,88.8011474609375,56.62689208984375,2429.495361328125,140.45225524902344,113.2703857421875,2482.030517578125,92.45426177978516,51.99726104736328,2421.826904296875,155.68763732910156,186.5753173828125,2608.073486328125,277.9277648925781,511.08349609375,2558.568359375,307.511474609375,844.135498046875,2574.93017578125,431.5388488769531,941.5902709960938,2530.3349609375,8.964471817016602,190.7622985839844,2569.6640625,43.9577522277832,534.9475708007812,2622.0751953125,72.7524185180664,863.5162353515625,2697.24365234375,67.69141387939453,929.5648193359376,2561.7578125,101.88861083984376,-344.998291015625,2525.568603515625,209.7987365722656,-327.8179626464844,2437.090087890625,211.8373260498047,-366.0481262207031,2467.6318359375,170.22866821289062,-389.1606140136719,2567.823486328125,184.95361328125,-365.1043701171875,2430.62939453125,78.90067291259766,-400.7815856933594,2455.576171875
81.11065673828125,191.0318298339844,2588.693359375,80.34734344482422,35.712257385253906,2572.95166015625,75.783935546875,-88.99192810058594,2575.20849609375,92.55281066894533,-276.05047607421875,2546.554931640625,117.3205795288086,-244.5598297119141,2561.87060546875,229.52305603027344,-196.2261505126953,2588.75439453125,297.9314270019531,35.18082046508789,2604.477294921875,229.2268218994141,97.7930145263672,2424.05517578125,183.03302001953125,163.41921997070312,2449.737060546875,107.63622283935548,142.39149475097656,2396.69189453125,149.97186279296875,130.77996826171875,2480.118408203125,61.74503326416016,-246.03683471679688,2542.451416015625,-35.46525573730469,-210.78195190429688,2491.946044921875,-122.05565643310548,19.431114196777344,2477.328369140625,59.670127868652344,112.5744171142578,2454.0380859375,103.1637191772461,43.27413558959961,2414.830322265625,141.6071319580078,101.27227020263672,2476.445068359375,105.8126449584961,38.32749557495117,2407.031494140625,158.19837951660156,188.58090209960935,2609.1376953125,278.1464538574219,513.53466796875,2556.774169921875,306.4434509277344,846.7117309570312,2573.571044921875,431.8376159667969,941.4452514648438,2526.919189453125,11.597253799438477,193.241943359375,2570.257568359375,45.5416259765625,537.10693359375,2625.620849609375,72.95297241210938,865.13916015625,2703.7490234375,67.48897552490234,925.2687377929688,2565.53271484375,102.5422821044922,-343.4658508300781,2524.990966796875,211.32000732421875,-332.3641052246094,2436.58056640625,212.2508544921875,-369.4297180175781,2468.584716796875,169.55172729492188,-387.633056640625,2569.3408203125,185.591064453125,-369.2550048828125,2431.4033203125,78.54643249511719,-401.33349609375,2457.04638671875
84.45082092285156,187.79896545410156,2588.7333984375,81.551025390625,31.805620193481445,2578.794921875,74.74459838867188,-92.63111114501952,2588.283447265625,93.56082916259766,-277.648681640625,2548.170654296875,117.9653778076172,-246.8846435546875,2565.57275390625,230.27308654785156,-195.4190216064453,2586.32275390625,298.9442443847656,35.956546783447266,2606.075927734375,240.38734436035156,111.0770034790039,2426.530029296875,186.43934631347656,169.9261932373047,2453.853515625,115.84845733642578,150.98660278320312,2393.65380859375,153.8472442626953,131.82400512695312,2477.77978515625,62.43292617797851,-247.6955108642578,2545.744140625,-30.708332061767575,-208.58148193359375,2490.2861328125,-119.76750183105467,20.709142684936523,2470.9306640625,63.40460586547851,112.78334045410156,2452.723388671875,106.81265258789062,43.80144882202149,2412.5751953125,141.1099395751953,102.05145263671876,2476.5517578125,110.33248901367188,40.27654647827149,2404.1474609375,161.7755584716797,185.0906219482422,2608.682373046875,278.8656311035156,511.9959106445313,2558.758056640625,307.2604675292969,845.6956176757812,2574.35693359375,432.1809997558594,941.7926025390624,2528.418701171875,14.723703384399414,190.24119567871097,2570.744873046875,45.429317474365234,535.3248901367188,2623.46337890625,71.78567504882812,864.6122436523438,2698.6806640625,63.106597900390625,930.227783203125,2562.91455078125,104.35297393798828,-343.5944519042969,2522.505859375,214.99574279785156,-331.3251037597656,2436.2763671875,214.2975616455078,-370.03753662109375,2466.385986328125,169.37429809570312,-392.0618896484375,2565.57177734375,188.22802734375,-367.1495666503906,2428.82080078125,79.7179946899414,-397.2408752441406,2451.23095703125
85.18270111083984,186.9367828369141,2588.450439453125,81.7267074584961,31.198143005371097,2576.354248046875,74.33512878417969,-93.26071166992188,2583.977783203125,93.3576202392578,-278.23541259765625,2544.2890625,117.56619262695312,-247.5165557861328,2561.98095703125,228.98175048828125,-195.26266479492188,2585.007080078125,305.07452392578125,33.78386688232422,2602.900634765625,240.4468688964844,107.45451354980467,2424.977294921875,182.473388671875,161.6432342529297,2453.5185546875,109.06121063232422,143.2744140625,2396.697509765625,152.92799377441406,120.83189392089844,2476.878662109375,62.33420181274414,-248.2487030029297,2541.42529296875,-30.028789520263672,-208.3841857910156,2485.34228515625,-122.98966979980467,19.828826904296875,2476.019775390625,58.88956832885742,112.88023376464844,2452.072509765625,102.3273468017578,43.16342544555664,2413.371337890625,139.5856170654297,102.23938751220705,2474.8056640625,106.5445556640625,40.6170768737793,2404.494140625,162.2550048828125,183.6235809326172,2609.087646484375,277.7882080078125,510.9656982421875,2559.8310546875,307.4258117675781,844.3941040039062,2574.7294921875,432.1282043457031,941.3070068359376,2530.2763671875,15.683218955993652,189.92445373535156,2569.8408203125,45.81652069091797,534.7213134765625,2623.409912109375,71.21227264404297,863.7435302734375,2699.231689453125,67.96302795410156,931.2220458984376,2564.23974609375,104.37225341796876,-344.18206787109375,2518.837646484375,211.94552612304688,-334.76385498046875,2428.592529296875,213.49368286132812,-371.06500244140625,2461.498291015625,172.2510986328125,-387.0054626464844,2563.33935546875,186.296142578125,-371.9099426269531,2424.670654296875,79.67977905273438,-403.8375549316406,2452.60693359375
85.69538879394531,187.50979614257812,2587.641845703125,82.75640106201172,32.16290283203125,2574.128173828125,75.7532730102539,-92.16339111328124,2580.44384765625,93.67789459228516,-277.3685607910156,2543.04296875,117.85269927978516,-246.73272705078125,2560.735107421875,230.0102081298828,-197.21847534179688,2584.944580078125,314.9275817871094,27.151689529418945,2613.34326171875,252.220458984375,85.24723052978516,2429.486328125,201.83009338378903,148.6200714111328,2452.5244140625,119.62683868408205,141.97344970703125,2406.467529296875,169.03091430664062,114.51524353027344,2481.554443359375,63.02330017089844,-247.19918823242188,2539.41552734375,-29.86968994140625,-208.14646911621097,2484.072265625,-125.14850616455078,18.811687469482425,2484.720703125,54.34182357788086,113.18846893310548,2452.56005859375,96.196533203125,43.93357849121094,2411.73095703125,133.1929931640625,104.2769546508789,2471.820556640625,97.82561492919922,38.17435836791992,2404.205810546875,162.556640625,184.24037170410156,2608.509521484375,277.95733642578125,510.8326721191406,2558.51318359375,307.22283935546875,843.7305908203125,2572.249267578125,432.064697265625,940.7523193359376,2529.562255859375,16.38620376586914,190.45797729492188,2568.82470703125,44.72529983520508,534.9306030273438,2621.280029296875,68.84136962890625,863.7280883789062,2695.7294921875,63.2202033996582,929.5761108398438,2560.318115234375,104.45793151855467,-343.55364990234375,2518.49169921875,209.78453063964844,-326.8587646484375,2427.056640625,213.0453643798828,-364.4400939941406,2458.220703125,174.3018035888672,-386.0871276855469,2559.769287109375,185.2473907470703,-364.5068359375,2421.939697265625,80.3837661743164,-400.8675231933594,2450.2314453125
89.13311767578125,187.1004180908203,2588.198974609375,85.91390228271484,32.1024055480957,2574.357177734375,79.22149658203125,-92.0822296142578,2578.478271484375,96.75548553466795,-277.2182922363281,2542.50927734375,120.8478546142578,-246.6123046875,2560.15771484375,233.4450531005859,-198.88433837890625,2584.618408203125,329.6376647949219,12.044012069702148,2650.811279296875,260.875,54.63727188110352,2465.330078125,210.75184631347656,119.11143493652344,2485.03759765625,121.67089080810548,132.42178344726562,2457.209228515625,178.40823364257812,87.30509185791016,2516.85205078125,66.29859161376953,-247.02793884277344,2538.447509765625,-25.80539894104004,-208.28387451171875,2482.0576171875,-127.231689453125,15.015304565429688,2496.043212890625,48.92586135864258,111.26573181152344,2454.893310546875,88.59132385253906,43.37059783935547,2410.18310546875,124.91632843017578,104.35132598876952,2469.7490234375,90.5263671875,39.03471755981445,2401.8359375,165.8537139892578,183.6543731689453,2608.944580078125,276.9169616699219,511.10552978515625,2559.6611328125,307.1213073730469,843.2684936523438,2572.809814453125,430.78076171875,939.9747314453124,2527.317626953125,19.95079231262207,190.20790100097656,2569.49169921875,46.884796142578125,534.1034545898438,2621.800048828125,69.26113891601562,862.1729736328125,2696.923583984375,67.85761260986328,928.0350952148438,2561.746337890625,107.47595977783205,-343.46728515625,2518.528076171875,216.37652587890625,-332.1029052734375,2430.97705078125,217.21820068359375,-369.07025146484375,2462.872314453125,174.146484375,-387.3667907714844,2563.0849609375,190.83934020996097,-368.94036865234375,2425.659423828125,84.05451965332031,-401.18414306640625,2450.6318359375
86.99267578125,190.38282775878903,2585.382568359375,86.08904266357422,36.00895309448242,2569.240478515625,81.37771606445312,-87.98773956298828,2570.1318359375,98.937255859375,-273.5705261230469,2539.6474609375,122.87610626220705,-242.57582092285156,2556.5234375,234.7558135986328,-195.17083740234375,2583.0615234375,323.87286376953125,27.708023071289062,2596.763427734375,263.8177795410156,77.71353149414062,2410.71875,185.8386077880859,102.50403594970705,2428.701171875,105.80606842041016,135.69430541992188,2465.186279296875,161.9642333984375,35.19681167602539,2389.239013671875,68.61593627929688,-243.57142639160156,2534.547119140625,-25.250375747680664,-208.30186462402344,2479.44140625,-117.78456115722656,18.52235221862793,2478.63671875,56.964351654052734,120.54781341552734,2450.160400390625,103.33522033691406,53.249881744384766,2411.98095703125,125.93214416503906,119.59677124023438,2472.199951171875,107.70500183105467,51.27712631225586,2402.90673828125,163.187255859375,187.645263671875,2607.2978515625,276.8346252441406,513.5142822265625,2560.300537109375,308.416015625,844.5323486328125,2575.54150390625,431.11871337890625,940.1619873046876,2526.910888671875,18.284671783447266,192.8513946533203,2565.620361328125,43.62266540527344,535.8547973632812,2618.163330078125,63.606990814208984,863.0477905273438,2693.605712890625,67.01150512695312,932.9497680664062,2560.978271484375,109.72493743896484,-340.2979431152344,2517.6923828125,216.88177490234375,-331.8271179199219,2428.300537109375,218.14569091796875,-367.77294921875,2461.12939453125,176.81744384765625,-383.0161437988281,2562.246337890625,191.2232208251953,-368.6126098632813,2424.473388671875,85.07168579101562,-399.6832885742187,2452.053466796875
86.8083724975586,190.28509521484375,2585.47314453125,85.77911376953125,35.560325622558594,2569.31640625,80.92436981201172,-88.71070861816406,2570.361083984375,98.68032836914062,-274.788330078125,2540.358642578125,122.62801361083984,-243.66217041015625,2557.224609375,234.43894958496097,-195.41525268554688,2583.85595703125,323.11822509765625,28.498798370361328,2591.919677734375,260.3094787597656,73.51432800292969,2405.015869140625,182.60354614257812,99.53164672851562,2423.32958984375,107.23617553710938,136.51087951660156,2466.111572265625,164.99465942382812,33.411659240722656,2355.466796875,68.28136444091797,-244.75341796875,2535.113525390625,-25.538331985473633,-209.47882080078125,2479.396728515625,-116.55965423583984,18.538131713867188,2482.18896484375,58.39006423950195,119.76546478271484,2449.141845703125,103.32158660888672,52.10364532470703,2409.431884765625,127.1657943725586,118.55088806152344,2469.380126953125,108.00446319580078,51.12373352050781,2399.7880859375,163.18052673339844,187.48602294921875,2607.413330078125,277.0036315917969,514.009521484375,2559.54296875,307.34564208984375,845.8849487304688,2575.127685546875,431.2013244628906,941.3782958984376,2527.935791015625,17.94023895263672,192.80914306640625,2565.688720703125,43.35452651977539,536.406005859375,2619.52197265625,63.59954833984375,864.392822265625,2694.84521484375,64.2861099243164,932.5090942382812,2560.869140625,109.56659698486328,-341.7219543457031,2518.559326171875,216.83355712890625,-331.84954833984375,2428.948486328125,218.41661071777344,-368.0498962402344,2461.647216796875,177.1883087158203,-384.23626708984375,2562.930908203125,191.41661071777344,-368.90521240234375,2424.920654296875,85.30126953125,-401.0704040527344,2452.452880859375
86.84928131103516,190.2608184814453,2585.416259765625,85.83494567871094,35.5255012512207,2569.24755859375,81.0067367553711,-88.75643157958984,2570.224365234375,98.94227600097656,-274.81500244140625,2540.12109375,122.85037994384766,-243.6778564453125,2557.031005859375,234.59222412109375,-195.32423400878903,2583.802001953125,322.9638366699219,28.720125198364254,2592.15771484375,260.3205261230469,73.89087677001953,2405.21923828125,182.5951385498047,99.92660522460938,2423.452880859375,107.15029907226562,136.80148315429688,2466.2041015625,164.82229614257812,34.59552001953125,2354.975830078125,68.52213287353516,-244.79893493652344,2534.86474609375,-25.222681045532227,-209.5821228027344,2478.968017578125,-116.60747528076172,18.320755004882812,2480.559814453125,58.4006462097168,119.82291412353516,2448.5869140625,103.83070373535156,52.104248046875,2409.53125,126.96186065673828,118.86724090576172,2469.418701171875,108.61122131347656,51.12410354614258,2399.91845703125,163.22421264648438,187.4662628173828,2607.368896484375,277.0611572265625,514.0149536132812,2559.5126953125,307.4525146484375,845.9124145507812,2575.066162109375,431.3656005859375,941.3303833007812,2527.830078125,17.978652954101562,192.78077697753903,2565.62060546875,43.42377853393555,536.401123046875,2619.458251953125,63.71283721923828,864.4342041015625,2694.681640625,64.67584228515625,932.2781372070312,2560.556640625,109.90421295166016,-341.7313232421875,2518.2890625,217.56248474121097,-332.0308532714844,2429.11328125,218.99337768554688,-368.1856384277344,2461.875244140625,177.32620239257812,-384.2070617675781,2563.014404296875,192.1472930908203,-369.0860595703125,2425.03271484375,85.89617156982422,-401.1740417480469,2452.163818359375
86.84928131103516,190.2608184814453,2585.416259765625,85.83494567871094,35.5255012512207,2569.24755859375,81.0067367553711,-88.75643157958984,2570.224365234375,98.94227600097656,-274.81500244140625,2540.12109375,122.85037994384766,-243.6778564453125,2557.031005859375,234.59222412109375,-195.32423400878903,2583.802001953125,322.9638366699219,28.720125198364254,2592.15771484375,260.3205261230469,73.89087677001953,2405.21923828125,182.5951385498047,99.92660522460938,2423.452880859375,107.15029907226562,136.80148315429688,2466.2041015625,164.82229614257812,34.59552001953125,2354.975830078125,68.52213287353516,-244.79893493652344,2534.86474609375,-25.222681045532227,-209.5821228027344,2478.968017578125,-116.60747528076172,18.320755004882812,2480.559814453125,58.4006462097168,119.82291412353516,2448.5869140625,103.83070373535156,52.104248046875,2409.53125,126.96186065673828,118.86724090576172,2469.418701171875,108.61122131347656,51.12410354614258,2399.91845703125,163.22421264648438,187.4662628173828,2607.368896484375,277.0611572265625,514.0149536132812,2559.5126953125,307.4525146484375,845.9124145507812,2575.066162109375,431.3656005859375,941.3303833007812,2527.830078125,17.978652954101562,192.78077697753903,2565.62060546875,43.42377853393555,536.401123046875,2619.458251953125,63.71283721923828,864.4342041015625,2694.681640625,64.67584228515625,932.2781372070312,2560.556640625,109.90421295166016,-341.7313232421875,2518.2890625,217.56248474121097,-332.0308532714844,2429.11328125,218.99337768554688,-368.1856384277344,2461.875244140625,177.32620239257812,-384.2070617675781,2563.014404296875,192.1472930908203,-369.0860595703125,2425.03271484375,85.89617156982422,-401.1740417480469,2452.163818359375
86.18368530273438,189.20799255371097,2584.14697265625,84.82516479492188,34.353031158447266,2567.083251953125,79.83636474609375,-90.09814453125,2566.38671875,98.61378479003906,-276.06182861328125,2534.59521484375,122.3108367919922,-244.9795379638672,2552.045166015625,232.85462951660156,-194.7425079345703,2581.0400390625,308.3647766113281,34.45488357543945,2583.092529296875,258.1746520996094,82.15393829345703,2392.749267578125,179.07717895507812,107.90711212158205,2405.0625,99.60758209228516,142.87185668945312,2442.0244140625,167.31033325195312,36.97317886352539,2348.604736328125,68.1113510131836,-246.04103088378903,2529.350341796875,-24.29568862915039,-210.1929626464844,2471.3388671875,-116.5036163330078,17.63726806640625,2478.6123046875,57.064212799072266,121.50433349609376,2444.615478515625,105.60028076171876,52.17327117919922,2412.438720703125,128.29432678222656,123.07660675048828,2467.760498046875,111.29095458984376,51.73273849487305,2402.500244140625,162.4048614501953,186.0248260498047,2606.966064453125,277.410400390625,512.9085083007812,2560.65966796875,307.5797119140625,845.2447509765625,2577.2353515625,431.4938659667969,940.7991943359376,2529.49169921875,17.451688766479492,192.0783843994141,2563.570068359375,43.7706413269043,535.71435546875,2619.980712890625,64.822021484375,863.4583740234375,2698.300537109375,62.3498649597168,926.5048217773438,2561.642578125,109.98331451416016,-342.82379150390625,2512.18212890625,217.07127380371097,-333.38116455078125,2421.990478515625,219.10166931152344,-369.0631103515625,2455.335205078125,178.23910522460938,-383.977783203125,2557.138427734375,191.9764862060547,-370.80364990234375,2418.648681640625,86.1022720336914,-403.5986328125,2447.050048828125
86.92962646484375,189.60491943359375,2584.150146484375,84.47518920898438,35.28273010253906,2567.430419921875,79.412353515625,-88.66437530517578,2563.568115234375,98.2301254272461,-274.4672546386719,2535.037353515625,121.71932983398438,-243.2375640869141,2552.129150390625,231.0070037841797,-193.3981475830078,2584.47265625,328.56048583984375,26.30893898010254,2578.432861328125,269.3513488769531,80.87665557861328,2393.3642578125,195.4388732910156,115.3171157836914,2412.648681640625,123.62583923339844,154.70973205566406,2458.8232421875,174.29063415527344,48.40953826904297,2360.61767578125,67.90937805175781,-244.6179656982422,2529.067138671875,-23.750289916992188,-209.4411468505859,2470.2705078125,-113.3664093017578,18.440454483032227,2461.791259765625,61.46881103515625,122.92652130126952,2444.85400390625,110.9939956665039,56.31822967529297,2409.493896484375,128.7010040283203,122.83763885498048,2471.166015625,117.52450561523438,57.35665512084961,2399.626708984375,162.34109497070312,185.7652130126953,2608.520263671875,277.3115539550781,510.8438720703125,2558.899169921875,299.9356384277344,842.5191650390625,2576.792724609375,421.10589599609375,937.1435546875,2522.580078125,18.92778968811035,193.06736755371097,2562.17431640625,44.599815368652344,535.6862182617188,2617.39013671875,64.00566101074219,862.85986328125,2693.322021484375,62.48575973510742,927.480712890625,2557.97998046875,109.69245910644533,-341.351318359375,2513.875732421875,220.08628845214844,-334.6212463378906,2428.319580078125,219.8850860595703,-370.2314758300781,2461.5478515625,174.81040954589844,-384.0977478027344,2561.273681640625,194.29254150390625,-371.2605285644531,2423.946533203125,86.95807647705078,-401.2552795410156,2447.99365234375
86.02535247802734,188.2331390380859,2583.687744140625,84.83180236816406,33.18378448486328,2567.484130859375,79.7725601196289,-91.34659576416016,2567.422607421875,100.76818084716795,-276.801513671875,2533.398193359375,124.25220489501952,-245.555419921875,2550.910888671875,235.08718872070312,-194.8285369873047,2578.2392578125,313.8154296875,33.45351028442383,2579.449462890625,261.4677429199219,92.51547241210938,2392.770751953125,185.3163299560547,124.74386596679688,2408.34716796875,109.80995178222656,163.94329833984375,2449.307861328125,171.74795532226562,49.23587417602539,2360.134521484375,69.7706527709961,-247.13919067382812,2528.83251953125,-22.258535385131836,-210.76568603515625,2470.402587890625,-113.32640075683594,17.705291748046875,2463.53125,63.202842712402344,120.47956085205078,2443.558349609375,112.40452575683594,51.95296478271485,2410.517333984375,133.2767333984375,119.80819702148438,2470.29931640625,118.87347412109376,52.33869171142578,2400.703369140625,161.9307403564453,185.13751220703125,2607.718017578125,277.78631591796875,511.5697937011719,2558.72705078125,301.8686828613281,844.5164184570312,2577.234130859375,423.4612731933594,940.9109497070312,2525.0556640625,17.578109741210938,191.02459716796875,2562.0185546875,43.93231201171875,534.6807250976562,2619.666748046875,63.96761703491211,862.4664306640625,2699.008056640625,66.8785171508789,926.5726928710938,2562.74609375,112.80484008789062,-343.1996154785156,2510.123291015625,219.220458984375,-335.2490539550781,2418.857666015625,221.27786254882812,-370.7183532714844,2452.47265625,181.18765258789065,-384.5667114257813,2554.809814453125,193.7960662841797,-372.525390625,2416.01904296875,87.86479187011719,-404.31298828125,2445.62353515625
86.56316375732422,189.4040374755859,2583.464111328125,85.27678680419922,34.47815704345703,2567.15380859375,80.17384338378906,-89.9614028930664,2566.890380859375,100.1541748046875,-275.3589172363281,2532.694580078125,123.76597595214844,-244.2930908203125,2550.28173828125,235.18655395507812,-196.0506591796875,2579.270751953125,327.80401611328125,26.49712562561035,2590.3984375,288.7198791503906,116.5003662109375,2413.2236328125,217.0664978027344,155.13461303710938,2434.281982421875,149.0469207763672,200.8314514160156,2481.05859375,180.6370391845703,101.07781219482422,2407.051513671875,69.3592300415039,-245.53379821777344,2528.1083984375,-22.503406524658203,-209.21180725097656,2469.54541015625,-113.69467163085938,19.0037784576416,2462.114501953125,62.80339431762695,121.61491394042967,2442.53173828125,114.14704895019533,51.32246780395508,2417.64111328125,131.83172607421875,123.84651184082033,2472.6787109375,121.75872039794922,52.2728271484375,2407.573486328125,162.4022979736328,186.2431640625,2607.50732421875,279.13372802734375,512.1482543945312,2558.864013671875,304.7231140136719,844.7656860351562,2576.966064453125,427.4376220703125,940.0841674804688,2525.812744140625,18.175668716430664,192.25433349609375,2561.783447265625,44.803104400634766,535.608154296875,2619.600341796875,65.19206237792969,863.1068115234375,2699.013671875,68.09719848632812,928.5943603515624,2563.529052734375,111.8462142944336,-341.7484130859375,2509.375244140625,221.29251098632812,-338.9975280761719,2421.60986328125,220.9133758544922,-374.0575866699219,2455.66162109375,177.08189392089844,-385.0548400878906,2556.71728515625,194.5892333984375,-375.2959289550781,2418.38037109375,86.70194244384766,-402.66107177734375,2444.85986328125
86.45884704589844,189.26300048828125,2583.20458984375,84.88065338134766,34.42075729370117,2566.030029296875,79.88948059082031,-90.01675415039062,2563.98486328125,98.72835540771484,-275.4909362792969,2529.474853515625,122.37905883789062,-244.6778106689453,2547.4580078125,235.7106170654297,-201.19332885742188,2576.609130859375,340.9965515136719,14.31255054473877,2603.268310546875,309.1933288574219,123.86910247802734,2435.902099609375,255.22325134277344,179.92152404785156,2467.78857421875,209.6600341796875,240.18429565429688,2524.327880859375,225.0013427734375,161.32765197753906,2488.730712890625,68.24684143066406,-245.38796997070312,2524.587646484375,-24.914905548095703,-209.9302673339844,2467.549072265625,-116.9959945678711,18.06805992126465,2466.598388671875,62.35053253173828,114.62047576904295,2442.447265625,110.25572967529295,42.63153076171875,2415.6005859375,125.1014175415039,116.45661926269533,2469.75244140625,117.6864242553711,43.51466751098633,2405.247802734375,162.30133056640625,185.8262634277344,2607.22021484375,279.95477294921875,511.2589111328125,2557.44775390625,305.38226318359375,843.9224853515625,2575.4208984375,427.5220947265625,941.005615234375,2526.205810546875,18.068336486816406,192.362060546875,2561.548583984375,46.99056625366211,535.4146118164062,2620.212646484375,69.81961059570312,862.9441528320312,2698.946044921875,68.27802276611328,928.15185546875,2563.290771484375,110.15283966064452,-341.91387939453125,2506.1005859375,218.5623321533203,-338.1996765136719,2417.074951171875,219.4615478515625,-372.5255432128906,2451.862548828125,177.0025634765625,-382.49652099609375,2553.6181640625,192.7831573486328,-375.2420654296875,2414.908203125,85.9268798828125,-404.8267517089844,2443.161376953125
86.85298919677734,191.0169219970703,2581.13720703125,86.91767120361328,37.1883659362793,2559.1640625,83.33638763427734,-86.85521697998047,2553.4501953125,98.90066528320312,-273.08184814453125,2524.55224609375,123.040283203125,-242.2374267578125,2541.537109375,236.1885681152344,-201.80113220214844,2574.1748046875,334.48382568359375,17.147451400756836,2592.401611328125,316.8214111328125,152.3585205078125,2443.35107421875,283.10809326171875,215.3435516357422,2487.2890625,232.66119384765625,284.49981689453125,2526.405029296875,245.94146728515625,196.1512908935547,2506.59619140625,69.01029205322266,-242.6994781494141,2518.81591796875,-28.16002082824707,-210.701171875,2467.2939453125,-126.51838684082033,13.384998321533203,2483.3076171875,47.506229400634766,114.44482421875,2446.5361328125,86.57911682128906,50.67734146118164,2395.919921875,118.7364273071289,109.06281280517578,2460.06689453125,88.13445281982422,34.14384460449219,2395.158203125,162.8026123046875,187.7653045654297,2604.12451171875,276.5799865722656,513.9074096679688,2556.480712890625,305.8731689453125,845.2033081054688,2577.2919921875,427.87847900390625,941.7166748046876,2528.05126953125,18.365867614746097,193.94906616210935,2560.40869140625,46.93757629394531,535.9465942382812,2619.9375,69.07244110107422,862.4962768554688,2699.134521484375,67.9443588256836,930.9303588867188,2565.518310546875,109.12210083007812,-340.1822814941406,2503.21728515625,218.5694274902344,-338.0180358886719,2416.010009765625,218.4932098388672,-372.23724365234375,2450.733642578125,174.53964233398438,-381.5290222167969,2551.5986328125,192.39044189453125,-374.61041259765625,2413.493896484375,85.02308654785156,-402.6402893066406,2440.131591796875
87.8764877319336,190.8603973388672,2579.9052734375,87.51588439941406,37.06882858276367,2557.53857421875,82.47046661376953,-87.05528259277344,2555.5400390625,97.81932830810548,-273.0120544433594,2524.696044921875,122.26605224609376,-242.24853515625,2541.3994140625,236.9784240722656,-200.6511383056641,2566.25,328.404052734375,20.369962692260746,2593.426025390625,322.6191101074219,175.53143310546875,2464.1513671875,308.90771484375,237.40750122070312,2519.10009765625,245.52764892578125,306.81103515625,2514.007568359375,255.7519989013672,223.0706024169922,2529.826416015625,67.73210906982422,-242.65402221679688,2519.89453125,-29.09518814086914,-212.24725341796875,2466.755859375,-143.6552734375,4.118278503417969,2481.682373046875,31.622201919555664,104.57721710205078,2449.33544921875,67.59214782714844,45.09260940551758,2391.674072265625,104.37509155273438,95.8295440673828,2459.738525390625,89.01480102539062,33.4479866027832,2391.84033203125,163.9635772705078,187.40478515625,2602.43896484375,275.6446228027344,514.6082153320312,2556.828369140625,302.91400146484375,846.1141357421875,2577.729248046875,423.6302490234375,940.1434936523438,2521.004638671875,19.26542854309082,193.97645568847656,2559.58544921875,47.43060302734375,536.073974609375,2618.99462890625,69.3209457397461,862.3847045898438,2699.41845703125,61.83435821533203,929.1653442382812,2565.150634765625,107.7164077758789,-339.9102478027344,2502.5576171875,218.92950439453125,-343.51556396484375,2417.6328125,217.13999938964844,-376.67486572265625,2453.333740234375,170.90066528320312,-381.6855163574219,2553.4931640625,191.73101806640625,-379.396484375,2415.634033203125,83.05179595947266,-403.4991455078125,2440.817626953125
88.9444580078125,190.77395629882812,2579.138671875,88.21163177490234,37.08279037475586,2556.18017578125,84.357421875,-86.8919906616211,2549.15771484375,97.95983123779295,-274.0447998046875,2525.7001953125,122.88902282714844,-242.80438232421875,2540.711181640625,237.6830291748047,-200.85072326660156,2564.51708984375,328.4514465332031,20.869298934936523,2587.757568359375,309.33941650390625,166.60003662109375,2449.151611328125,306.71856689453125,232.83985900878903,2500.536376953125,254.10968017578125,309.8205871582031,2513.3720703125,255.90240478515625,221.8293304443359,2520.715576171875,67.99476623535156,-243.6943359375,2520.17138671875,-30.300594329833984,-213.6400146484375,2469.6083984375,-146.33740234375,1.8901675939559937,2484.90478515625,28.985679626464844,100.1760711669922,2446.74853515625,63.79008865356445,38.67118453979492,2390.52001953125,102.22633361816406,91.25738525390624,2456.216552734375,89.76606750488281,33.34304428100586,2389.1552734375,165.27102661132812,187.17396545410156,2600.802001953125,273.62530517578125,515.8883056640625,2558.3408203125,301.92779541015625,847.4125366210938,2577.064453125,424.1072387695313,941.3427124023438,2523.427734375,20.117431640625,194.020263671875,2559.604248046875,47.26179122924805,536.2201538085938,2618.74462890625,68.41070556640625,863.1264038085938,2696.8076171875,68.5622329711914,930.6451416015624,2562.713134765625,107.03703308105467,-341.855712890625,2506.15625,216.3902282714844,-342.92236328125,2418.798828125,215.45506286621097,-376.9972229003906,2453.655517578125,171.4058837890625,-384.7389221191406,2554.615966796875,189.2465362548828,-378.8197021484375,2416.456298828125,81.20521545410156,-403.8958435058594,2443.337890625
89.7354507446289,189.84100341796875,2579.15380859375,88.83899688720703,35.77656936645508,2557.812744140625,82.78368377685547,-88.41647338867188,2558.879638671875,97.04915618896484,-274.2879333496094,2526.105224609375,122.04004669189452,-243.64373779296875,2542.304931640625,237.8505401611328,-202.5350341796875,2563.0517578125,327.98065185546875,20.59364318847656,2574.59765625,313.7069091796875,166.6302032470703,2435.466552734375,303.2532653808594,232.29827880859375,2486.711669921875,265.63604736328125,310.0706787109375,2524.27294921875,255.2968292236328,213.94467163085935,2506.093017578125,66.82768249511719,-243.85220336914065,2522.460693359375,-29.736331939697266,-211.8094024658203,2469.60107421875,-148.71542358398438,2.417147159576416,2484.1298828125,27.4727783203125,100.89392852783205,2449.638671875,60.3564453125,42.94889450073242,2388.552001953125,99.86031341552734,90.61515045166016,2457.410400390625,90.42559814453124,33.9073486328125,2389.77880859375,165.97067260742188,186.3151397705078,2601.405029296875,273.21905517578125,515.679443359375,2558.5947265625,301.7939453125,847.36474609375,2579.28955078125,423.80181884765625,940.9735107421876,2524.27099609375,20.99079704284668,193.0204315185547,2559.088623046875,48.431373596191406,535.609375,2617.684814453125,70.19979095458984,862.619384765625,2696.447509765625,64.79829406738281,930.8433837890624,2562.66796875,106.21981048583984,-341.0714416503906,2503.134521484375,217.51707458496097,-343.5433654785156,2418.08935546875,216.75405883789065,-375.8262634277344,2454.67431640625,170.72608947753906,-379.61663818359375,2555.0849609375,191.3885498046875,-380.2966003417969,2417.066650390625,83.41506958007812,-407.0157165527344,2443.0595703125
90.0062026977539,189.15414428710935,2578.536865234375,89.31987762451172,34.90908432006836,2558.801025390625,84.1672592163086,-89.3019027709961,2558.628173828125,96.01602172851562,-275.7492980957031,2528.508544921875,121.46942138671876,-245.17710876464844,2544.087890625,238.11181640625,-205.20277404785156,2562.038330078125,323.4421691894531,19.30305290222168,2543.7734375,293.4208984375,155.7332305908203,2397.638427734375,297.2993469238281,225.47048950195312,2444.18115234375,302.216552734375,300.3501281738281,2501.096923828125,267.7213439941406,219.68739318847656,2477.036865234375,66.13836669921875,-245.01963806152344,2524.614990234375,-30.18423080444336,-213.5782470703125,2471.013427734375,-145.21420288085938,2.6279091835021973,2487.037353515625,36.03203582763672,88.99229431152344,2447.00927734375,64.45075225830078,27.621374130249023,2387.068359375,91.30743408203124,81.02275848388672,2457.76025390625,90.71817779541016,27.806257247924805,2381.8671875,166.22315979003906,185.96142578125,2600.838623046875,272.17242431640625,515.7708129882812,2558.8505859375,301.28582763671875,847.4657592773438,2577.345947265625,423.3440551757813,940.6704711914062,2521.861083984375,21.27802276611328,192.03317260742188,2558.426025390625,47.59302520751953,534.8963623046875,2615.460205078125,68.45633697509766,862.2968139648438,2692.511962890625,62.75200271606445,936.0570678710938,2561.753662109375,104.24183654785156,-342.9518127441406,2506.46923828125,209.82655334472656,-344.8758239746094,2414.46142578125,210.7770233154297,-378.1739807128906,2450.105712890625,171.1608123779297,-384.06585693359375,2553.08984375,183.00160217285156,-381.1241760253906,2414.096923828125,76.43338775634766,-406.7247924804687,2446.189453125
90.0062026977539,189.15414428710935,2578.536865234375,89.31987762451172,34.90908432006836,2558.801025390625,84.1672592163086,-89.3019027709961,2558.628173828125,96.01602172851562,-275.7492980957031,2528.508544921875,121.46942138671876,-245.17710876464844,2544.087890625,238.11181640625,-205.20277404785156,2562.038330078125,323.4421691894531,19.30305290222168,2543.7734375,293.4208984375,155.7332305908203,2397.638427734375,297.2993469238281,225.47048950195312,2444.18115234375,302.216552734375,300.3501281738281,2501.096923828125,267.7213439941406,219.68739318847656,2477.036865234375,66.13836669921875,-245.01963806152344,2524.614990234375,-30.18423080444336,-213.5782470703125,2471.013427734375,-145.21420288085938,2.6279091835021973,2487.037353515625,36.03203582763672,88.99229431152344,2447.00927734375,64.45075225830078,27.621374130249023,2387.068359375,91.30743408203124,81.02275848388672,2457.76025390625,90.71817779541016,27.806257247924805,2381.8671875,166.22315979003906,185.96142578125,2600.838623046875,272.17242431640625,515.7708129882812,2558.8505859375,301.28582763671875,847.4657592773438,2577.345947265625,423.3440551757813,940.6704711914062,2521.861083984375,21.27802276611328,192.03317260742188,2558.426025390625,47.59302520751953,534.8963623046875,2615.460205078125,68.45633697509766,862.2968139648438,2692.511962890625,62.75200271606445,936.0570678710938,2561.753662109375,104.24183654785156,-342.9518127441406,2506.46923828125,209.82655334472656,-344.8758239746094,2414.46142578125,210.7770233154297,-378.1739807128906,2450.105712890625,171.1608123779297,-384.06585693359375,2553.08984375,183.00160217285156,-381.1241760253906,2414.096923828125,76.43338775634766,-406.7247924804687,2446.189453125
88.68196868896484,189.39601135253903,2580.3857421875,87.58329772949219,34.54990768432617,2558.5439453125,83.03203582763672,-90.28520965576172,2553.48486328125,95.7195281982422,-278.7135314941406,2530.03564453125,121.60938262939452,-247.1409912109375,2543.408447265625,239.90557861328125,-207.9227600097656,2556.4287109375,332.05645751953125,15.711262702941896,2543.3388671875,278.19989013671875,156.13787841796875,2406.543212890625,285.4515686035156,224.6952209472656,2455.24365234375,313.5386657714844,288.21807861328125,2519.64111328125,266.7541809082031,220.57850646972656,2491.10791015625,65.20166778564453,-248.267333984375,2526.185302734375,-37.335411071777344,-222.4010467529297,2480.296875,-112.70284271240234,10.82576847076416,2451.289306640625,90.59504699707033,42.979705810546875,2456.019775390625,115.2105484008789,9.969292640686035,2375.001953125,135.22039794921875,34.55451202392578,2462.53857421875,149.84983825683594,-12.417975425720217,2374.128662109375,165.32012939453125,185.6947479248047,2602.7705078125,273.1100769042969,516.9037475585938,2560.056884765625,301.04669189453125,850.6365966796875,2577.767333984375,428.2302856445313,941.365478515625,2527.18408203125,19.573965072631836,192.73358154296875,2560.2001953125,48.103233337402344,537.4578247070312,2617.023193359375,70.13168334960938,866.57275390625,2694.795654296875,62.439701080322266,931.8779296875,2558.77099609375,103.7990951538086,-347.0352478027344,2510.18896484375,210.0284881591797,-347.953857421875,2417.70068359375,210.22276306152344,-382.7071533203125,2452.33203125,170.13748168945312,-391.45745849609375,2555.60302734375,182.27783203125,-383.783935546875,2416.02392578125,74.54092407226562,-408.3566589355469,2447.31103515625
86.88021850585938,185.2762908935547,2582.233154296875,86.10819244384766,30.45707893371582,2558.271484375,81.15912628173828,-94.64563751220705,2554.913330078125,94.55380249023438,-283.2203369140625,2530.2802734375,120.4861831665039,-251.527099609375,2543.533447265625,238.6188507080078,-210.2879638671875,2553.64306640625,340.3008728027344,10.044097900390623,2552.46533203125,273.7900695800781,140.25233459472656,2410.67578125,271.46295166015625,210.4080352783203,2457.822998046875,290.04119873046875,278.39215087890625,2521.356201171875,255.46499633789065,207.45843505859375,2492.90185546875,63.781455993652344,-252.8584899902344,2526.94775390625,-39.307376861572266,-227.43121337890625,2481.53076171875,-112.75555419921876,5.815908432006836,2444.962890625,90.24706268310548,37.77106857299805,2462.509765625,116.46620178222656,15.628785133361816,2378.179443359375,135.65440368652344,27.332090377807617,2468.697998046875,125.4027328491211,2.450092315673828,2367.9169921875,164.09849548339844,181.661376953125,2603.1015625,267.6066589355469,515.3958129882812,2564.45166015625,301.2200622558594,849.3997802734375,2578.185302734375,427.6323547363281,942.2296752929688,2528.5283203125,17.249107360839844,188.5360107421875,2563.415283203125,46.59935760498047,534.140625,2618.338623046875,69.00074005126953,864.0594482421875,2695.255859375,68.41947174072266,933.3594970703124,2560.69677734375,102.76009368896484,-351.5180969238281,2509.943603515625,207.04800415039065,-345.8885803222656,2415.056640625,208.86245727539065,-382.1173706054687,2448.223388671875,171.2784423828125,-396.2252807617187,2552.05615234375,180.08505249023438,-382.3621826171875,2412.4501953125,73.51237487792969,-410.95697021484375,2445.039794921875
86.70966339111328,184.2645568847656,2584.279052734375,85.77415466308594,29.216215133666992,2562.703857421875,79.39669799804688,-95.76354217529295,2564.1015625,93.792236328125,-282.6213684082031,2529.922607421875,119.681640625,-251.43316650390625,2544.3037109375,238.5129852294922,-211.8153076171875,2550.916259765625,347.8456726074219,4.550009727478027,2556.351806640625,250.95704650878903,111.23207092285156,2412.64892578125,252.74183654785156,187.12057495117188,2449.756103515625,278.0831604003906,263.7799377441406,2499.464111328125,252.0738220214844,196.0419158935547,2481.960205078125,62.7640495300293,-252.4130096435547,2528.606689453125,-40.40111541748047,-226.5509033203125,2483.836669921875,-120.35140991210938,4.061207294464111,2445.510009765625,82.88202667236328,32.22602081298828,2464.931396484375,110.73216247558594,-4.089506149291992,2386.304443359375,138.58285522460938,19.33868408203125,2472.100341796875,136.22262573242188,-28.235857009887695,2384.769287109375,163.2794952392578,180.61361694335935,2607.19580078125,267.1196594238281,513.5261840820312,2564.951171875,302.7274169921875,847.2308959960938,2573.80712890625,428.09466552734375,940.474365234375,2522.71142578125,17.663284301757812,187.5567626953125,2563.61376953125,46.786563873291016,533.1270751953125,2617.1455078125,68.58796691894531,863.3421630859375,2691.788330078125,68.99756622314453,931.16943359375,2556.609619140625,102.1682357788086,-349.70281982421875,2506.098388671875,207.90765380859375,-346.8834533691406,2412.867431640625,209.88441467285156,-381.2149658203125,2447.93310546875,170.79046630859375,-390.5646667480469,2551.654541015625,181.7809600830078,-383.9938659667969,2411.778076171875,75.34519958496094,-413.0969848632813,2444.054443359375
85.60541534423828,182.63531494140625,2586.178466796875,85.91642761230469,26.592567443847656,2568.65380859375,80.6602554321289,-98.79193878173828,2571.76171875,96.13677978515624,-285.6947937011719,2535.13525390625,121.88488006591795,-254.48471069335935,2550.104736328125,238.1612091064453,-208.0959930419922,2562.6953125,327.1684265136719,5.271926403045654,2487.13525390625,267.2617492675781,89.52286529541016,2311.107177734375,222.03594970703125,154.267822265625,2341.859130859375,190.00352478027344,226.4690093994141,2394.828369140625,187.94854736328125,126.37308502197266,2368.2099609375,64.88357543945312,-255.5192718505859,2534.038330078125,-36.958030700683594,-225.85357666015625,2487.712158203125,-138.95191955566406,-3.5223960876464844,2447.923095703125,67.09709930419922,-5.400768280029297,2431.343017578125,77.58143615722656,-30.873973846435547,2344.34521484375,135.81980895996094,-8.907943725585938,2414.09130859375,119.75508880615234,-65.87405395507812,2340.3583984375,161.9940643310547,180.03953552246094,2610.6474609375,268.3188171386719,513.1508178710938,2567.21484375,300.88214111328125,848.1849365234375,2576.580322265625,426.9561767578125,940.3142700195312,2523.615966796875,16.722410202026367,184.97605895996097,2564.11376953125,46.627071380615234,531.5949096679688,2617.485107421875,69.5156478881836,862.620361328125,2692.9345703125,62.01462936401367,928.71630859375,2556.591796875,104.97282409667967,-352.6278076171875,2510.41552734375,205.06814575195312,-340.6224060058594,2411.221435546875,209.312255859375,-378.0277404785156,2442.998291015625,176.6060333251953,-396.93267822265625,2547.987060546875,178.9515838623047,-377.8201293945313,2408.41796875,74.47079467773438,-410.66259765625,2444.521484375
81.49261474609375,181.144775390625,2587.23974609375,81.77802276611328,25.05552673339844,2569.373779296875,76.59420776367188,-100.41397857666016,2571.837646484375,95.47102355957033,-287.1462707519531,2535.3994140625,120.67894744873048,-255.4276885986328,2550.2861328125,236.0247039794922,-206.6492919921875,2563.08056640625,315.47198486328125,10.815053939819336,2488.123291015625,248.686767578125,83.53685760498047,2309.32421875,212.52584838867188,156.02044677734375,2334.408203125,181.22642517089844,229.6590881347656,2385.908447265625,162.01495361328125,131.58981323242188,2337.679931640625,63.644676208496094,-257.5406494140625,2534.3251953125,-40.41568374633789,-234.185791015625,2489.177734375,-147.67027282714844,-14.115154266357422,2449.82568359375,55.28779220581055,-40.28264617919922,2419.76025390625,53.96612548828125,-82.72886657714844,2338.93359375,122.28556060791016,-76.34883117675781,2402.493896484375,91.2767333984375,-94.90050506591795,2330.73291015625,157.88853454589844,178.4711151123047,2611.819091796875,266.1204528808594,511.4170227050781,2570.33251953125,301.0494384765625,846.3876953125,2579.965087890625,425.999755859375,940.8063354492188,2528.1044921875,12.603066444396973,183.55572509765625,2565.075439453125,44.53614044189453,530.10400390625,2618.977783203125,69.26439666748047,861.05419921875,2695.0009765625,62.653282165527344,928.2793579101562,2559.073974609375,105.50332641601562,-353.9723205566406,2510.734375,204.6351776123047,-339.6866760253906,2410.769287109375,209.37884521484375,-377.6411437988281,2441.858154296875,177.75949096679688,-398.5709533691406,2546.859619140625,178.6715545654297,-376.9883117675781,2407.55712890625,74.656005859375,-411.034423828125,2444.085205078125
72.40022277832031,177.45704650878906,2591.29833984375,75.2404556274414,21.93480682373047,2570.615478515625,71.5615234375,-103.44816589355467,2572.257568359375,92.89019012451172,-289.0234069824219,2532.62255859375,117.69619750976562,-257.2333679199219,2547.875,234.9310607910156,-213.65089416503903,2560.7451171875,317.9925842285156,10.021180152893066,2514.39208984375,249.47052001953125,61.038307189941406,2329.140625,195.1389923095703,122.67993927001952,2349.67333984375,141.5104217529297,185.01364135742188,2397.328125,150.8134002685547,89.45201110839844,2343.408203125,60.67228317260742,-259.9061279296875,2532.232177734375,-44.46236801147461,-240.3523101806641,2488.1416015625,-163.7383270263672,-27.355566024780273,2446.438720703125,34.165382385253906,-60.582401275634766,2397.382080078125,47.373966217041016,-134.7257537841797,2345.958740234375,129.47134399414062,-117.83208465576172,2387.20751953125,92.9344711303711,-114.2599105834961,2336.691162109375,148.6313934326172,175.54563903808594,2616.139404296875,258.7415771484375,507.30120849609375,2573.71826171875,294.65716552734375,841.8240356445312,2580.519287109375,414.4278259277344,939.6235961914062,2523.58984375,3.6592259407043457,179.18064880371094,2568.89794921875,42.407814025878906,525.308837890625,2618.0166015625,72.01944732666016,856.3095703125,2690.11669921875,68.2209243774414,933.232666015625,2559.535888671875,103.72513580322266,-355.19342041015625,2506.810546875,203.46218872070312,-339.10101318359375,2407.972412109375,207.66224670410156,-377.89697265625,2437.98681640625,175.25965881347656,-401.3970642089844,2542.05712890625,177.20614624023438,-376.0082092285156,2403.58349609375,72.78962707519531,-410.0292053222656,2438.51220703125
71.35497283935547,177.66455078125,2592.893310546875,74.5304946899414,22.20673942565918,2572.705322265625,71.25936126708984,-103.09009552001952,2574.344970703125,95.09371185302734,-288.2843017578125,2535.0712890625,119.45453643798828,-256.1498718261719,2550.224609375,235.86175537109375,-210.810302734375,2563.57421875,313.5409851074219,14.377058029174805,2516.22607421875,233.0011444091797,47.60802459716797,2331.942138671875,171.05862426757812,99.19944763183594,2357.70068359375,98.61225128173828,138.3509979248047,2404.999267578125,135.55372619628906,80.34646606445312,2319.097412109375,62.50092315673828,-259.638671875,2534.66064453125,-43.259464263916016,-243.0373992919922,2491.094482421875,-169.93341064453125,-33.84926986694336,2453.249267578125,27.99627113342285,-70.06820678710938,2407.181640625,37.160282135009766,-136.99856567382812,2346.0302734375,124.84423828125,-138.26600646972656,2378.017578125,82.08194732666016,-119.1487274169922,2338.041748046875,147.5396270751953,176.00013732910156,2617.693603515625,257.3228454589844,507.5719299316406,2575.257568359375,293.9061584472656,841.7733764648438,2581.336181640625,410.27825927734375,942.3887939453124,2522.662353515625,2.6559085845947266,179.16543579101562,2570.52978515625,40.51622772216797,525.2455444335938,2618.715087890625,68.99842834472656,856.170166015625,2690.373046875,67.78266143798828,931.057373046875,2558.700439453125,106.8070068359375,-354.2962341308594,2509.393798828125,200.72032165527344,-336.0595397949219,2405.508544921875,206.781982421875,-375.2679443359375,2434.591796875,180.3747711181641,-400.5828552246094,2539.8310546875,174.47061157226562,-373.0216064453125,2401.99755859375,72.41968536376953,-408.1905822753906,2442.10205078125
73.62142944335938,181.5410614013672,2591.99609375,74.488037109375,27.30831527709961,2569.47314453125,69.88304138183594,-97.2125473022461,2568.32275390625,92.93098449707033,-282.49066162109375,2534.85302734375,117.4110107421875,-250.07513427734375,2548.411865234375,232.7559814453125,-206.35491943359375,2567.98388671875,295.0716552734375,20.520151138305664,2513.796142578125,222.6714324951172,48.697235107421875,2326.64013671875,148.52490234375,83.71245574951172,2345.457275390625,70.13886260986328,111.86280822753906,2389.90576171875,117.393310546875,54.28822326660156,2301.352783203125,60.5141716003418,-254.03860473632812,2534.127197265625,-45.67230224609375,-240.6422119140625,2492.33251953125,-176.48904418945312,-34.155548095703125,2464.608642578125,13.549863815307615,-74.55039978027344,2398.557373046875,9.246416091918944,-157.10147094726562,2361.51220703125,98.12279510498048,-167.29173278808594,2336.8544921875,67.9049072265625,-137.51275634765625,2332.10400390625,149.62782287597656,178.51145935058594,2615.666748046875,253.03497314453125,509.98236083984375,2573.57373046875,285.8157653808594,842.1699829101562,2591.279541015625,381.6308288574219,956.5330810546876,2523.97119140625,5.083121299743652,184.27297973632812,2570.651611328125,39.316680908203125,528.4686279296875,2619.96728515625,66.21800231933594,857.8767700195312,2689.727294921875,62.66807174682617,933.6815185546876,2559.656005859375,104.12631225585938,-348.91064453125,2511.26123046875,201.9908142089844,-336.0047302246094,2411.431640625,205.8900909423828,-374.24517822265625,2441.662353515625,174.83255004882812,-395.70648193359375,2545.789306640625,175.16639709472656,-372.21771240234375,2407.919677734375,71.36644744873047,-403.6194763183594,2444.570068359375
72.35314178466797,182.8464202880859,2584.695556640625,73.70929718017578,27.859508514404297,2563.55224609375,71.37738037109375,-97.15119171142578,2561.08154296875,93.43289184570312,-284.3102111816406,2534.207763671875,118.47552490234376,-251.25196838378903,2545.478515625,233.65724182128903,-204.2569274902344,2560.8203125,274.1880187988281,32.78850173950195,2531.219970703125,221.21987915039065,45.061866760253906,2335.25830078125,139.47874450683594,64.83548736572266,2342.738525390625,52.416011810302734,81.47923278808594,2376.19580078125,112.68846893310548,44.86610412597656,2291.3515625,60.85245895385742,-255.80760192871097,2533.621337890625,-46.12825775146485,-242.4128875732422,2492.72998046875,-183.54437255859375,-38.40084457397461,2471.568603515625,4.078343391418457,-75.9442367553711,2395.416259765625,-7.825818061828613,-161.08729553222656,2365.86474609375,80.0372543334961,-188.97845458984375,2352.64697265625,68.56136322021484,-150.12774658203125,2347.382568359375,150.16395568847656,181.03375244140625,2602.973876953125,252.85369873046875,515.0719604492188,2569.997314453125,297.5419921875,846.8989868164062,2590.75732421875,384.6175537109375,969.4351196289062,2524.541259765625,2.187706470489502,184.4810028076172,2568.213134765625,39.267032623291016,529.3317260742188,2619.71337890625,69.75081634521484,858.6119384765625,2694.29638671875,67.67203521728516,932.1119384765624,2562.260986328125,103.81382751464844,-351.8799133300781,2512.840087890625,194.51512145996097,-329.30108642578125,2407.414306640625,202.5847930908203,-368.4638977050781,2435.86962890625,179.45394897460938,-395.6972961425781,2541.12548828125,169.58767700195312,-367.0553894042969,2404.076904296875,69.98835754394531,-406.1698303222656,2445.8818359375
71.99193572998047,182.465576171875,2584.1826171875,73.1613540649414,27.366579055786133,2563.1875,70.59552001953125,-97.72150421142578,2561.310302734375,92.1560287475586,-285.2901306152344,2536.174072265625,117.3530502319336,-252.1405792236328,2546.9140625,232.369873046875,-203.7997589111328,2559.6826171875,267.322021484375,33.35826110839844,2523.472900390625,211.71945190429688,37.37498092651367,2327.77685546875,129.8224334716797,56.021575927734375,2336.82763671875,43.23357391357422,71.85413360595703,2372.017333984375,101.82814025878906,35.74562454223633,2286.560791015625,59.598384857177734,-256.72467041015625,2535.5498046875,-47.84896087646485,-243.9486389160156,2495.50634765625,-183.1065368652344,-38.61948776245117,2471.693115234375,2.8073043823242188,-82.11310577392578,2394.208251953125,-10.93520450592041,-167.8193359375,2367.0166015625,75.9594955444336,-197.43736267089844,2351.061279296875,58.329612731933594,-161.57266235351562,2344.386474609375,149.8777618408203,180.59552001953125,2602.3359375,253.0498809814453,514.6873168945312,2569.2666015625,297.8832702636719,846.6700439453125,2590.326904296875,385.0567321777344,968.6215209960938,2522.9375,1.7588660717010498,184.1519012451172,2567.8134765625,39.36042404174805,529.3432006835938,2618.004150390625,70.71269989013672,859.0948486328125,2691.010009765625,67.0400619506836,935.0204467773438,2560.2890625,102.26782989501952,-353.1314697265625,2515.40869140625,189.3380889892578,-330.3330993652344,2406.90576171875,198.2832946777344,-369.66998291015625,2434.904052734375,178.75990295410156,-397.3246154785156,2540.845947265625,164.1772003173828,-368.0197143554687,2404.276611328125,65.9267349243164,-407.0498046875,2449.401123046875
71.76026916503906,183.40000915527344,2584.21630859375,71.03801727294922,28.771549224853516,2563.17529296875,67.36637878417969,-95.92841339111328,2562.116943359375,90.22679901123048,-282.71942138671875,2536.602783203125,115.30909729003906,-249.3472442626953,2546.369384765625,229.707275390625,-200.12071228027344,2557.579345703125,256.4561462402344,39.100379943847656,2535.501708984375,194.91400146484375,30.144033432006836,2342.38916015625,112.64154815673828,47.1591682434082,2348.415771484375,24.253189086914062,58.91632080078125,2379.765625,90.8767318725586,25.941415786743164,2292.40234375,57.42184066772461,-254.63198852539065,2537.078857421875,-51.66204452514648,-248.02622985839844,2501.160888671875,-192.64138793945312,-46.642913818359375,2485.961669921875,-18.11058807373047,-88.63833618164062,2386.040771484375,-24.395187377929688,-178.7276611328125,2377.71240234375,50.080997467041016,-191.21824645996097,2323.596923828125,40.9029426574707,-168.3206329345703,2327.887939453125,150.02029418945312,180.96678161621097,2599.411376953125,256.2831115722656,513.0314331054688,2566.7265625,291.3704528808594,843.3550415039062,2607.42138671875,369.88421630859375,966.448974609375,2533.0126953125,1.1897534132003784,185.5941619873047,2570.51416015625,38.79178237915039,529.6689453125,2621.128662109375,71.0199203491211,858.6361694335938,2692.62353515625,67.12480163574219,936.6538696289062,2563.66943359375,100.39105987548828,-350.2746887207031,2515.6611328125,183.6603546142578,-334.280029296875,2403.558837890625,193.84536743164065,-371.4016723632813,2433.81298828125,177.86544799804688,-391.8006286621094,2541.6328125,158.9224395751953,-372.1691589355469,2404.294189453125,62.79278564453125,-408.7639465332031,2454.837890625
71.42418670654297,184.513427734375,2588.33251953125,71.0701904296875,29.731155395507812,2567.814453125,69.3536376953125,-95.0197525024414,2563.912841796875,88.41564178466797,-282.17364501953125,2537.225341796875,114.39667510986328,-249.1511077880859,2545.864013671875,228.28536987304688,-197.94573974609375,2553.583251953125,252.7424163818359,42.197898864746094,2538.6279296875,187.1991424560547,41.10231018066406,2346.518310546875,112.71469116210938,33.221527099609375,2307.89208984375,20.303613662719727,27.78374671936035,2288.56591796875,87.34574890136719,21.6036434173584,2290.01171875,56.0463981628418,-253.6169281005859,2539.223388671875,-52.4563102722168,-241.31507873535156,2502.8544921875,-203.2183380126953,-46.757057189941406,2490.902587890625,-37.11594772338867,-106.63224792480467,2385.65087890625,-20.15873908996582,-191.69955444335935,2412.288330078125,20.845056533813477,-182.54344177246097,2329.372314453125,33.48588562011719,-175.9189453125,2319.8837890625,150.70578002929688,183.1416778564453,2597.312744140625,256.4551086425781,515.6065063476562,2565.072509765625,289.2464599609375,843.5922241210938,2623.962890625,358.3389892578125,966.8363037109376,2540.7861328125,-0.0675171613693237,185.7504119873047,2580.234619140625,37.66663360595703,530.712890625,2625.711669921875,72.64462280273438,860.1834106445312,2694.37744140625,61.497047424316406,934.4681396484376,2563.563232421875,96.6691665649414,-349.8702697753906,2515.77880859375,179.79360961914062,-334.64727783203125,2403.36962890625,190.91018676757812,-370.6684875488281,2434.650146484375,175.21511840820312,-388.5863342285156,2543.010986328125,156.0750732421875,-373.17926025390625,2405.08740234375,60.796600341796875,-411.0081481933594,2456.462890625
72.3792495727539,182.8754119873047,2595.0673828125,70.53997039794922,28.23783493041992,2574.407470703125,67.71337127685547,-96.30123138427734,2568.068115234375,87.94219970703125,-283.4612121582031,2543.34423828125,113.79167938232422,-250.09361267089844,2550.817138671875,227.22781372070312,-197.5860290527344,2552.93798828125,253.90660095214844,42.608455657958984,2552.753173828125,169.79017639160156,46.29119110107422,2368.216552734375,107.61849212646484,30.450199127197266,2313.669677734375,49.6452522277832,0.7825102806091309,2245.1953125,86.2638168334961,13.872023582458496,2295.45361328125,55.37200164794922,-255.22384643554688,2545.863037109375,-54.173728942871094,-245.4296112060547,2512.228515625,-205.49496459960935,-51.45649719238281,2501.63134765625,-47.356082916259766,-118.4932098388672,2388.984375,-31.519155502319336,-196.821533203125,2431.82568359375,29.661949157714844,-187.65139770507812,2362.541015625,31.0233154296875,-183.2738800048828,2342.529052734375,151.41600036621094,180.55601501464844,2605.391845703125,253.49533081054688,512.9918212890625,2564.872802734375,272.26812744140625,837.9820556640625,2642.221435546875,331.87548828125,964.6168212890624,2557.0595703125,1.108318567276001,184.9669189453125,2585.7578125,37.755001068115234,530.18115234375,2628.13720703125,71.50043487548828,859.9597778320312,2694.68798828125,58.38786697387695,930.528564453125,2562.137451171875,96.2903823852539,-351.3049621582031,2522.584716796875,175.10498046875,-334.5171203613281,2407.45556640625,187.02476501464844,-371.2834167480469,2437.492919921875,175.3501434326172,-391.3494873046875,2545.901611328125,151.0730743408203,-372.8102722167969,2409.282470703125,57.51899719238281,-410.75146484375,2463.4794921875
73.48893737792969,182.61915588378903,2599.18994140625,71.18574523925781,28.244421005249023,2576.066650390625,67.93038177490234,-96.37625885009766,2570.108642578125,85.826171875,-283.32769775390625,2541.464111328125,112.17893981933594,-250.30308532714844,2548.846435546875,226.2581024169922,-199.03823852539065,2551.190673828125,258.7047424316406,40.53190231323242,2556.392333984375,161.01809692382812,47.79566955566406,2378.640625,104.9712905883789,36.919708251953125,2316.669677734375,53.252681732177734,1.1848397254943848,2246.04052734375,83.42438507080078,14.59921932220459,2298.381591796875,53.57004165649414,-254.8493499755859,2545.36572265625,-57.29513168334961,-243.46075439453125,2516.69140625,-208.25189208984375,-48.77486801147461,2512.61767578125,-52.44779586791992,-117.5157470703125,2397.550537109375,-31.30088806152344,-194.56201171875,2440.536865234375,21.461986541748047,-193.49703979492188,2364.034423828125,38.67829513549805,-188.2338104248047,2361.8642578125,152.76197814941406,180.1320343017578,2607.8984375,252.02772521972656,513.2897338867188,2564.63671875,269.2724914550781,835.1246337890625,2655.246826171875,329.0701599121094,957.1569213867188,2563.563720703125,2.00494384765625,184.8619079589844,2591.337158203125,38.217376708984375,530.6436157226562,2631.07373046875,71.50040435791016,861.41552734375,2693.827392578125,64.20404815673828,933.2567749023438,2561.412109375,93.01437377929688,-350.88885498046875,2519.255126953125,174.32977294921875,-334.46539306640625,2405.72314453125,185.14773559570312,-371.6162109375,2435.7509765625,171.07650756835938,-392.2356262207031,2543.83740234375,149.7124481201172,-372.4445190429687,2406.82373046875,54.53861618041992,-409.4206237792969,2458.970703125
75.82058715820312,178.694091796875,2603.262451171875,73.24236297607422,23.116201400756836,2582.72412109375,70.5798568725586,-101.96876525878906,2573.23046875,86.5516357421875,-290.10357666015625,2544.43994140625,113.47492218017578,-256.98638916015625,2550.5810546875,227.32254028320312,-203.5718536376953,2549.546630859375,258.93499755859375,37.34302520751953,2557.388671875,153.45896911621094,26.481754302978516,2383.06201171875,113.23855590820312,72.42744445800781,2324.347412109375,57.08871841430664,-1.1063740253448486,2302.527099609375,70.42010498046875,22.497861862182617,2288.167236328125,54.43845748901367,-261.3212890625,2549.64013671875,-57.727664947509766,-246.6280517578125,2525.393310546875,-207.2018585205078,-49.11820602416992,2527.750244140625,-76.12332916259766,-117.2496566772461,2383.28515625,-37.16352462768555,-186.1565399169922,2428.599609375,13.585440635681152,-162.9788360595703,2353.6484375,24.640220642089844,-175.9425811767578,2361.939453125,155.7241668701172,176.48387145996094,2609.974365234375,248.7740478515625,512.8142700195312,2562.444091796875,254.7653350830078,828.9078369140625,2677.927001953125,313.36956787109375,944.333984375,2575.927001953125,3.768012046813965,180.68714904785156,2597.2099609375,38.12086486816406,528.9959716796875,2632.84033203125,71.29673767089844,862.1917724609375,2692.53369140625,56.322879791259766,931.3598022460938,2558.43017578125,92.53430938720705,-358.1412048339844,2522.094970703125,165.30992126464844,-331.6805114746094,2403.828125,178.5596160888672,-371.2568054199219,2429.9580078125,172.78663635253906,-400.8647155761719,2537.326171875,140.82662963867188,-370.04931640625,2403.68359375,49.51984405517578,-412.2212219238281,2459.988037109375
76.58092498779297,177.68922424316406,2605.400146484375,72.1104965209961,21.230459213256836,2585.3251953125,68.28531646728516,-104.52986145019533,2576.08642578125,83.36299133300781,-294.2103271484375,2550.17041015625,110.62191772460938,-260.74932861328125,2554.290283203125,225.9899139404297,-209.00848388671875,2553.0546875,255.1520233154297,33.52494430541992,2561.6728515625,136.48565673828125,20.11673927307129,2394.859375,111.18986511230467,85.8818130493164,2347.00927734375,64.6225357055664,10.209627151489258,2311.79296875,66.84379577636719,36.27991485595703,2291.18701171875,51.30400466918945,-265.2250671386719,2556.449951171875,-62.20830154418945,-249.41204833984375,2536.5419921875,-206.0189514160156,-46.07525634765625,2535.16015625,-72.5494155883789,-114.5459976196289,2391.430419921875,-47.06929016113281,-192.47552490234375,2432.517822265625,12.760791778564451,-148.90223693847656,2374.65966796875,0.6629303097724915,-172.66075134277344,2350.117919921875,157.14476013183594,175.03976440429688,2608.108642578125,244.4729766845703,514.0118408203125,2554.594970703125,251.91563415527344,820.8796997070312,2697.083740234375,288.2539978027344,941.8399047851562,2589.813720703125,3.9329826831817623,180.07835388183594,2602.957763671875,38.413230895996094,530.2636108398438,2639.064208984375,72.53509521484375,865.0606079101562,2699.85205078125,57.27983856201172,929.37548828125,2562.46728515625,88.41399383544922,-363.0491943359375,2528.80712890625,166.68035888671875,-332.6268615722656,2414.129638671875,178.4036407470703,-373.6671752929687,2439.217529296875,167.8458709716797,-407.7965393066406,2545.507568359375,141.58380126953125,-370.7960815429687,2411.38232421875,47.01405715942383,-414.1408386230469,2462.457763671875
78.095703125,174.1929931640625,2610.88916015625,73.84884643554688,17.13915252685547,2592.41845703125,70.36298370361328,-108.98165130615234,2583.728759765625,84.41529083251953,-298.9432678222656,2555.861328125,111.89908599853516,-265.45794677734375,2559.36865234375,227.9527587890625,-215.04527282714844,2551.794921875,265.4468078613281,27.085691452026367,2548.86962890625,140.47909545898438,14.93642520904541,2385.985595703125,126.33392333984376,97.94346618652344,2371.841064453125,81.79700469970703,39.10955429077149,2310.725830078125,70.30059051513672,50.32096099853515,2294.880615234375,52.528995513916016,-269.9040832519531,2563.394287109375,-60.834739685058594,-251.57383728027344,2543.1259765625,-211.3255615234375,-52.95214080810547,2558.5224609375,-73.17266082763672,-71.44710540771484,2403.780517578125,-28.311357498168945,-148.6671905517578,2425.60693359375,2.89418363571167,-99.627685546875,2351.5078125,5.106417655944824,-126.5268783569336,2344.34130859375,158.90830993652344,171.8910369873047,2611.8818359375,233.7436981201172,514.6461791992188,2557.762451171875,244.10435485839844,813.5478515625,2717.8916015625,258.7007141113281,937.6690673828124,2608.461669921875,5.223423004150391,176.26878356933594,2609.994140625,38.44125747680664,527.959228515625,2640.810546875,72.49263763427734,864.5099487304688,2696.4814453125,56.64884948730469,926.8058471679688,2557.822021484375,88.71133422851562,-367.79388427734375,2533.7802734375,165.9834442138672,-341.3013000488281,2417.037841796875,176.86749267578125,-382.4820251464844,2442.51123046875,167.15017700195312,-414.9918823242187,2549.67724609375,139.5618133544922,-378.7615356445313,2415.239990234375,44.36886215209961,-418.473388671875,2468.703857421875
75.77530670166016,170.4359588623047,2611.483154296875,71.99420166015625,14.50820255279541,2587.768798828125,69.08262634277344,-110.7453842163086,2573.24658203125,83.9737319946289,-301.3501892089844,2555.706787109375,111.18348693847656,-267.6234130859375,2556.642333984375,228.23849487304688,-220.2499237060547,2550.771728515625,271.1390380859375,19.850894927978516,2535.63818359375,151.139892578125,51.03590774536133,2372.2509765625,93.33349609375,104.90232849121094,2403.997314453125,108.95240783691406,90.4367446899414,2310.845458984375,70.46074676513672,78.8655776977539,2303.87939453125,52.13117599487305,-272.2349853515625,2562.3984375,-62.30812454223633,-254.75668334960935,2551.310546875,-209.2585906982422,-55.8952522277832,2580.611572265625,-84.77706146240234,-46.58882141113281,2414.60791015625,-39.457279205322266,-125.8954086303711,2422.536865234375,-0.6251074075698853,-87.41302490234375,2346.1650390625,-5.288094520568848,-102.28386688232422,2351.36962890625,156.36119079589844,168.82217407226562,2609.245361328125,215.10989379882812,514.8748168945312,2563.128662109375,224.4851837158203,804.8235473632812,2737.232177734375,238.9177093505859,932.4278564453124,2632.570556640625,3.1074509620666504,171.89120483398438,2613.5009765625,37.930450439453125,522.6578979492188,2641.980712890625,74.08118438720703,858.271484375,2696.27490234375,56.07836151123047,922.9571533203124,2559.439697265625,88.27825164794922,-371.1073913574219,2537.44384765625,166.6494598388672,-346.7958679199219,2421.430908203125,176.9897918701172,-387.5751037597656,2447.509033203125,166.04144287109375,-418.4439697265625,2554.723388671875,140.078369140625,-384.0096740722656,2419.895263671875,44.370819091796875,-422.26959228515625,2472.815185546875
74.92129516601562,171.38290405273438,2614.928955078125,72.30509948730469,15.39169216156006,2592.33056640625,70.45222473144531,-109.92266082763672,2579.07958984375,83.2507095336914,-300.34124755859375,2559.6298828125,110.7022933959961,-266.8425598144531,2559.77001953125,227.53921508789065,-221.32179260253903,2544.528076171875,275.1020812988281,18.16459083557129,2541.77587890625,154.19122314453125,67.21525573730469,2383.73876953125,97.5187530517578,116.08678436279295,2424.2275390625,114.55860900878906,101.82748413085938,2331.37060546875,58.83373260498047,81.53130340576172,2342.033203125,51.92595672607422,-271.0750732421875,2567.73291015625,-62.86098098754883,-254.6121826171875,2560.2265625,-208.1472320556641,-55.15110397338867,2591.9765625,-84.291748046875,-40.45181655883789,2426.100341796875,-40.53334426879883,-120.81492614746094,2430.569580078125,3.687929391860962,-79.87660217285156,2358.62451171875,-3.9388389587402344,-98.69186401367188,2367.26513671875,155.38357543945312,170.6249542236328,2610.845703125,212.7897796630859,517.327392578125,2570.4169921875,220.02151489257812,807.581298828125,2743.592041015625,230.88031005859375,935.4271850585938,2639.000732421875,2.3649187088012695,172.06639099121094,2618.61083984375,37.182491302490234,522.6392822265625,2645.991943359375,73.05226135253906,858.282958984375,2698.557373046875,55.29766845703125,921.9229125976562,2561.333984375,86.34075164794922,-369.933837890625,2540.72998046875,167.36268615722656,-347.5544738769531,2426.29736328125,175.6190948486328,-388.9840393066406,2452.0166015625,161.77151489257812,-420.5698547363281,2558.592529296875,139.34486389160156,-383.6000671386719,2423.9189453125,41.42520523071289,-418.4780578613281,2474.89306640625
78.66837310791016,165.64111328125,2620.12255859375,76.61515808105469,9.30143928527832,2598.063232421875,75.49324035644531,-116.35719299316406,2586.06982421875,86.32671356201172,-306.60443115234375,2561.339599609375,114.15333557128906,-273.33514404296875,2562.235595703125,231.8026123046875,-229.68734741210935,2546.06201171875,284.72955322265625,8.921697616577148,2536.83984375,175.91885375976562,106.62566375732422,2392.777099609375,109.00399780273438,131.85690307617188,2439.137451171875,122.13311004638672,113.91271209716795,2346.122314453125,82.01634216308594,107.46941375732422,2329.684326171875,55.28511428833008,-277.21868896484375,2570.427978515625,-59.2492790222168,-256.7091064453125,2567.3828125,-188.89610290527344,-49.363746643066406,2615.3935546875,-64.92950439453125,-13.40902614593506,2452.4423828125,-22.795900344848633,-94.53209686279295,2444.40869140625,0.6882417798042297,-57.73682403564453,2361.154296875,5.810547828674316,-80.85391998291016,2385.297607421875,159.0306854248047,165.63002014160156,2612.721435546875,194.6815643310547,516.89111328125,2582.87646484375,204.370849609375,809.8907470703125,2752.35888671875,205.0088806152344,941.92919921875,2652.070068359375,6.202131271362305,165.65110778808594,2626.79638671875,38.358009338378906,517.4052734375,2649.40185546875,72.7815170288086,854.60986328125,2696.30908203125,55.68033599853515,928.5169677734376,2563.95556640625,88.632080078125,-375.7973937988281,2540.50390625,156.45008850097656,-346.3107604980469,2419.02099609375,169.76666259765625,-387.6438903808594,2442.86181640625,168.55374145507812,-421.943115234375,2549.68603515625,130.5497283935547,-384.0706481933594,2418.558837890625,40.360164642333984,-426.0162658691406,2478.172607421875
80.95945739746094,163.4087371826172,2620.024658203125,80.16470336914062,7.251053810119629,2600.188232421875,80.80015563964844,-118.4337921142578,2593.86767578125,90.5445785522461,-307.9183654785156,2567.4833984375,118.34730529785156,-274.7926025390625,2567.74560546875,232.97244262695312,-229.7379913330078,2540.531494140625,295.8500671386719,5.8377685546875,2542.119140625,175.50326538085938,104.67388916015624,2409.346923828125,118.0819091796875,136.67630004882812,2463.174072265625,116.98607635498048,107.3755340576172,2372.4541015625,70.94367980957031,92.20779418945312,2373.620849609375,59.94214630126953,-278.6543273925781,2577.732666015625,-54.05489730834961,-257.14068603515625,2575.1982421875,-180.5103759765625,-51.22434997558594,2632.907470703125,-82.91902923583984,-19.577682495117188,2452.8466796875,-34.81975173950195,-97.23660278320312,2447.9052734375,5.9805588722229,-40.51411056518555,2385.4541015625,-0.2927817404270172,-76.39971160888672,2398.2578125,160.7135467529297,164.34217834472656,2609.481201171875,182.75653076171875,516.7101440429688,2598.364013671875,201.77175903320312,814.1609497070312,2756.863525390625,198.53961181640625,943.3468017578124,2653.792724609375,9.041666984558104,162.5670166015625,2629.5322265625,38.162254333496094,513.4821166992188,2652.222900390625,71.40284729003906,849.7985229492188,2698.66845703125,50.15778350830078,921.39208984375,2566.18505859375,92.0872039794922,-376.7441711425781,2546.14013671875,158.056640625,-346.0537109375,2424.450439453125,170.7158966064453,-388.1695556640625,2446.923095703125,170.6997528076172,-424.9857177734375,2552.54638671875,131.25953674316406,-383.0009765625,2423.585693359375,41.46869659423828,-423.9839172363281,2483.773193359375
81.4278335571289,162.39022827148438,2621.505859375,82.17847442626953,6.162956237792969,2603.299560546875,84.26334381103516,-119.4425048828125,2597.8076171875,94.7683334350586,-308.5009460449219,2569.838134765625,122.22320556640624,-275.1361083984375,2569.24951171875,233.6745758056641,-225.69894409179688,2537.341552734375,296.66455078125,9.133950233459473,2552.866943359375,167.60244750976562,106.34660339355467,2427.5478515625,104.0187759399414,122.29064178466795,2481.4912109375,117.64958953857422,108.58157348632812,2388.21044921875,67.36898040771484,88.08966064453125,2383.56689453125,64.33294677734375,-279.6237487792969,2581.44140625,-49.4527587890625,-257.4418640136719,2583.294677734375,-176.9642791748047,-51.68366241455078,2638.310546875,-81.26368713378906,-14.821037292480469,2458.421630859375,-51.38286209106445,-99.79434204101562,2442.8681640625,8.723444938659668,-36.87470245361328,2408.28076171875,-6.009146690368652,-85.89618682861328,2411.152587890625,160.75987243652344,164.26885986328125,2608.656005859375,183.19737243652344,516.47607421875,2612.67578125,203.0724639892578,815.8336791992188,2766.8349609375,195.71221923828125,940.6050415039062,2658.86962890625,9.890660285949709,160.69618225097656,2633.093017578125,39.08074951171875,511.4449157714844,2653.7041015625,72.71331787109375,847.656982421875,2698.556396484375,52.73828887939453,920.4216918945312,2566.65673828125,96.13732147216795,-377.1179809570313,2548.014404296875,151.3543701171875,-339.46502685546875,2423.102783203125,166.41336059570312,-382.3345642089844,2442.350830078125,175.6282501220703,-424.1249694824219,2545.598388671875,125.13035583496094,-376.7825622558594,2422.61279296875,41.27382278442383,-422.2001647949219,2487.790283203125
83.08236694335938,162.90711975097656,2628.440673828125,86.21540069580078,6.445333480834961,2610.03955078125,90.04265594482422,-119.31306457519533,2603.81298828125,102.83686065673828,-308.15069580078125,2573.067138671875,129.6648406982422,-274.2029724121094,2571.68310546875,234.9098358154297,-216.7966461181641,2532.070556640625,275.5113220214844,23.77386474609375,2538.990966796875,123.76292419433594,99.2375030517578,2423.91943359375,63.43968963623047,105.29264831542967,2483.564697265625,96.84226989746094,92.53765106201172,2395.079833984375,25.51358985900879,59.41493225097656,2388.2333984375,72.35440063476562,-279.94036865234375,2586.360595703125,-41.71025848388672,-258.50872802734375,2590.98193359375,-158.43138122558594,-64.18634796142578,2693.26025390625,-84.38998413085938,2.662494659423828,2511.37548828125,-49.867427825927734,-77.30522918701172,2483.110595703125,12.888729095458984,-15.687524795532228,2450.4814453125,-6.683554649353027,-73.11028289794922,2469.955322265625,162.6351318359375,165.93026733398438,2616.2802734375,180.6637725830078,519.007080078125,2622.026611328125,198.9627227783203,817.0794067382812,2780.15869140625,187.8215789794922,940.391357421875,2670.3974609375,11.346146583557127,160.18101501464844,2639.40625,39.374778747558594,511.784423828125,2657.894287109375,71.59495544433594,849.0023803710938,2700.890625,49.97543716430664,918.50146484375,2567.18408203125,104.52227783203124,-376.6022033691406,2550.333740234375,151.44473266601562,-335.9622497558594,2422.705322265625,167.89080810546875,-379.2430725097656,2440.03125,183.9774627685547,-423.2695617675781,2541.715087890625,125.31459045410156,-373.4472961425781,2423.1171875,45.8849983215332,-420.7145385742187,2492.744140625
86.44147491455078,162.78367614746094,2633.555419921875,90.5980224609375,5.9362945556640625,2614.51123046875,95.3297119140625,-120.1868667602539,2608.468017578125,111.70699310302734,-309.4826354980469,2578.58251953125,137.68727111816406,-274.79095458984375,2575.91455078125,238.5118408203125,-213.09524536132812,2530.4501953125,266.461181640625,29.5079345703125,2513.170166015625,95.34310913085938,73.21163940429688,2408.14697265625,41.11809158325195,83.52477264404297,2473.191162109375,19.654277801513672,47.76251220703125,2387.02734375,19.816848754882812,24.577747344970703,2471.15234375,80.96192932128906,-281.8365173339844,2592.859130859375,-33.37210464477539,-266.29339599609375,2608.994140625,-132.57908630371094,-89.92311096191406,2754.860107421875,-101.73635864257812,11.05061149597168,2575.555908203125,-53.46358108520508,-54.67396926879883,2533.28271484375,-4.689108371734619,16.092018127441406,2494.981689453125,-29.697917938232425,-41.24411392211914,2509.94970703125,166.2516632080078,166.35098266601562,2621.5947265625,185.453369140625,520.2467041015625,2634.921142578125,198.0207366943359,822.33642578125,2788.12744140625,193.6056671142578,937.0974731445312,2668.31103515625,14.47311782836914,159.56689453125,2644.341064453125,42.31978988647461,512.3193359375,2661.894775390625,73.94498443603516,850.8065795898438,2703.661376953125,57.40848159790039,916.483154296875,2566.802734375,114.2447738647461,-378.271240234375,2556.2470703125,145.4365234375,-333.4212646484375,2424.7880859375,164.09701538085938,-377.1856689453125,2438.7646484375,192.5467987060547,-424.1599731445313,2536.732177734375,119.63819885253906,-371.2294921875,2427.21337890625,49.13133239746094,-421.2985534667969,2504.642333984375
95.01676940917967,168.75917053222656,2626.984375,101.07276916503906,10.921612739562988,2610.289306640625,106.3624496459961,-115.89755249023438,2606.716796875,113.3357925415039,-307.6157531738281,2583.146240234375,141.21087646484375,-274.23199462890625,2579.574951171875,247.7827911376953,-220.41598510742188,2535.486328125,279.6146545410156,21.179527282714844,2501.6171875,91.15131378173828,62.027809143066406,2427.78076171875,52.5074462890625,83.45963287353516,2501.24365234375,32.36268997192383,31.71017074584961,2422.690185546875,44.76559066772461,28.14540672302246,2520.48828125,83.78043365478516,-277.8365783691406,2596.2607421875,-29.551372528076172,-250.62220764160156,2607.38330078125,-104.03082275390624,-62.529727935791016,2755.41943359375,-56.2176513671875,65.88603210449219,2597.468505859375,-23.389768600463867,27.088314056396484,2520.413330078125,1.760253667831421,26.578271865844727,2429.262451171875,23.38920211791992,20.4517765045166,2533.07763671875,176.04583740234375,172.23721313476562,2623.494873046875,188.82241821289065,527.521728515625,2648.83349609375,190.5446624755859,838.9707641601562,2786.750244140625,184.4551239013672,945.8841552734376,2658.8818359375,21.94930648803711,165.62286376953125,2630.131103515625,47.23768997192383,519.6826171875,2657.72265625,73.01773834228516,859.5634155273438,2705.62744140625,56.802459716796875,918.95751953125,2565.0673828125,112.5389404296875,-377.4967041015625,2563.021728515625,151.8956756591797,-333.8149108886719,2432.60205078125,168.73281860351562,-378.2080383300781,2447.733642578125,190.90782165527344,-425.7244262695313,2547.677734375,124.8924331665039,-371.1121215820313,2433.791748046875,48.78614807128906,-419.2395324707031,2507.94091796875
97.9779815673828,168.05987548828125,2635.838623046875,103.70709228515624,9.975701332092283,2617.13427734375,108.88701629638672,-117.02310943603516,2609.317626953125,111.99143981933594,-309.44049072265625,2586.058349609375,140.5450439453125,-276.5081787109375,2582.138671875,249.26092529296875,-227.0885467529297,2537.090576171875,278.63458251953125,16.323863983154297,2509.4375,91.50747680664062,74.00846862792969,2442.056884765625,52.16520309448242,83.1812515258789,2517.9501953125,44.27655792236328,51.33347702026367,2427.22412109375,41.58989334106445,24.958391189575195,2526.44677734375,83.050537109375,-278.987548828125,2599.417724609375,-29.775068283081055,-249.13609313964844,2612.324951171875,-110.44552612304688,-67.22439575195312,2765.956787109375,-51.709983825683594,68.13516998291016,2616.9443359375,-16.804494857788086,34.22083282470703,2538.19873046875,11.118797302246094,33.476375579833984,2447.575927734375,14.41932487487793,37.62408828735352,2530.04052734375,179.04595947265625,171.76600646972656,2629.34619140625,191.33119201660156,527.9483032226562,2656.671142578125,191.3047790527344,843.2440795898438,2788.12744140625,195.97413635253903,946.7481079101562,2656.814453125,24.875417709350582,164.71788024902344,2641.693115234375,47.78466033935547,520.5615844726562,2660.103515625,72.24052429199219,862.237548828125,2702.7607421875,57.84137344360352,919.1964721679688,2560.52294921875,109.6670913696289,-379.5370178222656,2566.0458984375,157.8560333251953,-328.3562316894531,2440.97607421875,171.64402770996094,-374.746337890625,2453.439697265625,186.34017944335935,-430.88323974609375,2550.62158203125,128.85975646972656,-364.1952819824219,2438.033447265625,46.514461517333984,-413.5813903808594,2504.855224609375
101.54861450195312,168.32337951660156,2641.6376953125,106.97379302978516,10.351523399353027,2623.212890625,111.97012329101562,-116.56240844726562,2615.93017578125,114.29582214355467,-309.0044860839844,2594.418212890625,142.80966186523438,-276.2000732421875,2589.693603515625,250.26661682128903,-227.0636749267578,2541.75830078125,270.3936462402344,17.418310165405273,2517.626220703125,82.55677032470703,67.05182647705078,2446.529296875,40.26302719116211,72.87882995605469,2521.059326171875,36.45502853393555,45.339351654052734,2428.773193359375,24.054594039916992,12.277826309204102,2522.804443359375,85.68203735351562,-278.40045166015625,2607.993896484375,-27.28901100158691,-251.22076416015625,2624.0986328125,-122.82080841064452,-58.60629653930664,2753.91748046875,-109.8299789428711,90.28814697265624,2607.107666015625,-60.52207565307617,43.280426025390625,2544.56298828125,-2.5797226428985596,35.37697219848633,2470.02783203125,-7.711727142333984,53.55972671508789,2550.918212890625,182.5119171142578,171.90480041503906,2634.770751953125,195.53436279296875,527.5892944335938,2663.654541015625,194.2671813964844,847.2415161132812,2783.1806640625,214.03298950195312,946.4140625,2650.147705078125,28.54043960571289,165.0938720703125,2647.830078125,50.17414093017578,520.8135986328125,2663.2080078125,73.58831787109375,862.706298828125,2701.808837890625,60.94641876220703,920.095703125,2559.73876953125,111.4869613647461,-379.208984375,2575.1171875,153.173828125,-326.3271484375,2448.587158203125,170.9824676513672,-371.1443481445313,2461.506591796875,191.8612060546875,-424.1742248535156,2559.1728515625,127.26646423339844,-364.4712829589844,2446.697021484375,50.50257110595703,-419.3904724121094,2515.613525390625
112.9446792602539,170.80136108398438,2645.30859375,114.83319091796876,12.78500270843506,2624.6240234375,118.0014190673828,-114.49954223632812,2619.8603515625,115.41223907470705,-307.2926940917969,2598.8935546875,144.25741577148438,-275.00128173828125,2592.375244140625,253.11260986328125,-229.154541015625,2543.8271484375,259.4213562011719,16.13663101196289,2516.71533203125,65.08466339111328,53.05738067626953,2455.067138671875,24.20429229736328,58.47906494140625,2530.5595703125,30.988304138183594,38.5673713684082,2436.35107421875,-6.650494575500488,-11.431962013244627,2510.653076171875,88.19020080566406,-276.0684814453125,2614.0439453125,-21.343759536743164,-246.85641479492188,2644.884033203125,-91.4354019165039,-33.71424865722656,2758.5849609375,-90.37702178955078,-79.61678314208984,2553.85107421875,-62.368350982666016,-167.88528442382812,2555.544677734375,-66.4551773071289,-186.36862182617188,2462.571044921875,-109.81248474121094,-154.13697814941406,2484.470947265625,193.5952606201172,173.2266387939453,2634.144287109375,198.7156982421875,528.0619506835938,2678.49072265625,198.0093994140625,853.775146484375,2782.067626953125,214.8116912841797,952.947265625,2648.3115234375,40.218502044677734,168.6143798828125,2655.375732421875,56.069969177246094,525.5010375976562,2652.851806640625,76.96414184570312,868.5844116210938,2686.698974609375,79.15592956542969,948.2453002929688,2554.94873046875,110.13663482666016,-377.5827941894531,2580.009521484375,148.66156005859375,-326.12225341796875,2451.65869140625,167.67832946777344,-370.3631286621094,2465.123046875,191.32470703125,-421.1678771972656,2563.5361328125,123.52622985839844,-364.9013671875,2450.900390625,48.99272918701172,-420.23828125,2522.18994140625
121.92778778076172,180.7770843505859,2647.91552734375,118.54000091552734,19.89974021911621,2630.9345703125,117.8065185546875,-109.38410186767578,2626.6630859375,114.15180206298828,-305.56005859375,2610.12841796875,143.48056030273438,-273.0677490234375,2602.364501953125,253.8079071044922,-228.71107482910156,2550.69287109375,253.5293731689453,18.249794006347656,2507.959716796875,50.652801513671875,39.40816879272461,2456.545654296875,16.247440338134766,58.78439712524414,2534.44287109375,26.592239379882812,34.4423942565918,2440.07861328125,11.968513488769531,17.959239959716797,2556.57568359375,86.83052062988281,-273.3835144042969,2625.07958984375,-23.66474342346191,-238.35330200195312,2653.188232421875,-89.41316986083984,-26.051626205444336,2778.966796875,-72.90888977050781,-81.39881134033203,2573.92626953125,-70.9661865234375,-174.0109100341797,2557.752197265625,-69.3268814086914,-186.7327117919922,2462.28173828125,-76.92365264892578,-168.69996643066406,2497.35009765625,202.82518005371097,180.8852081298828,2630.751953125,201.16294860839844,538.5032348632812,2693.51318359375,198.76332092285156,873.675537109375,2783.3037109375,205.02001953125,961.1055908203124,2637.750244140625,48.97906494140625,180.6795959472656,2663.392822265625,60.68099594116211,543.1415405273438,2657.634521484375,76.20817565917969,893.2073364257812,2670.597412109375,78.85968017578125,956.2092895507812,2527.554443359375,108.28102111816406,-377.3391723632813,2592.746826171875,149.0145721435547,-323.28424072265625,2463.678955078125,168.1875,-368.3675537109375,2476.980224609375,190.9582977294922,-421.2909240722656,2576.48046875,123.54588317871094,-362.6607666015625,2462.04248046875,47.00588607788086,-419.8868408203125,2532.6650390625
122.11475372314452,183.37535095214844,2651.807861328125,119.92623901367188,22.765100479125977,2634.149658203125,120.83655548095705,-106.37630462646484,2630.893798828125,117.36392211914062,-302.0323486328125,2611.501220703125,146.59213256835938,-269.4366149902344,2604.13818359375,257.8975524902344,-226.0158233642578,2554.228271484375,252.1472930908203,20.14148330688477,2509.243896484375,47.53148651123047,32.320289611816406,2463.230712890625,15.073895454406738,54.35188674926758,2541.129150390625,26.628978729248047,31.277523040771484,2446.72119140625,2.236222743988037,5.625165939331055,2556.966064453125,90.08741760253906,-270.1552429199219,2626.989013671875,-20.952880859375,-239.1327209472656,2656.93115234375,-86.21580505371094,-23.728891372680664,2776.86865234375,-84.47380828857422,-87.63619995117188,2573.963623046875,-79.97723388671875,-180.68331909179688,2562.087158203125,-65.83332061767578,-191.1187438964844,2467.50537109375,-80.00680541992188,-185.3907928466797,2516.177490234375,202.34320068359375,184.4344024658203,2632.23193359375,201.9501190185547,540.4261474609375,2701.1826171875,201.8619079589844,876.7703857421875,2784.629150390625,206.53675842285156,957.8602294921876,2635.64794921875,49.76924514770508,182.42034912109375,2669.460205078125,62.278602600097656,544.354736328125,2662.491455078125,79.07706451416016,893.9420166015625,2674.205810546875,70.01056671142578,944.3302612304688,2526.720703125,111.53092956542967,-373.4596557617187,2593.10400390625,148.58387756347656,-328.19793701171875,2459.829345703125,168.28692626953125,-372.1612548828125,2475.61669921875,193.85874938964844,-418.10064697265625,2577.697265625,123.30438995361328,-367.62005615234375,2461.524169921875,49.001747131347656,-420.0995178222656,2537.7373046875
127.21796417236328,186.2285919189453,2662.272705078125,125.40245056152344,25.855287551879883,2640.710205078125,126.90365600585938,-103.39024353027344,2635.180908203125,123.637451171875,-299.49993896484375,2617.52685546875,152.6998748779297,-266.84930419921875,2609.40234375,263.26458740234375,-224.52505493164065,2556.507568359375,252.6241912841797,21.563261032104492,2510.04541015625,45.93983459472656,30.35909652709961,2471.76806640625,15.820700645446776,49.60233688354492,2551.465087890625,23.738157272338867,28.388525009155273,2456.103515625,4.2351884841918945,-6.181668281555176,2562.348876953125,96.48748016357422,-267.5110168457031,2633.1923828125,-15.458248138427734,-239.71560668945312,2663.614501953125,-80.05826568603516,-16.34435272216797,2769.271728515625,-72.6452407836914,-99.54945373535156,2573.28564453125,-84.68017578125,-192.693359375,2578.17822265625,-65.1119155883789,-210.11558532714844,2485.468994140625,-65.10770416259766,-196.35203552246097,2500.712890625,207.4344787597656,188.0189208984375,2642.203125,205.3659515380859,545.9871826171875,2703.1904296875,203.79283142089844,883.4073486328125,2784.3291015625,213.596435546875,979.7879028320312,2644.719482421875,54.88321304321289,184.6141662597656,2680.370361328125,66.05705261230469,546.4735107421875,2657.6923828125,81.61911010742188,896.7655639648438,2651.4541015625,68.91496276855469,959.9229736328124,2508.99951171875,117.69316864013672,-371.20361328125,2599.822509765625,149.70938110351562,-323.558837890625,2465.845703125,169.18087768554688,-368.3366088867187,2479.755126953125,198.3778533935547,-417.2203979492187,2579.6591796875,123.65100860595705,-362.5391845703125,2467.815673828125,51.644500732421875,-415.3160095214844,2546.26220703125
135.39649963378906,185.314453125,2661.755126953125,130.3601837158203,23.913145065307617,2644.109130859375,129.247802734375,-105.8660125732422,2639.5556640625,126.30516052246094,-303.06182861328125,2626.0791015625,155.19448852539062,-270.3783874511719,2616.6484375,264.6025695800781,-225.85543823242188,2561.97412109375,253.81800842285156,19.957691192626953,2509.351318359375,44.02001190185547,28.01576232910156,2486.60009765625,19.47280502319336,45.4191780090332,2568.951171875,20.803630828857425,23.431745529174805,2473.0634765625,15.167889595031738,-10.60595703125,2581.86474609375,99.25914764404295,-270.70843505859375,2641.66259765625,-12.035883903503418,-241.56521606445312,2674.863525390625,-71.27213287353516,-9.879708290100098,2767.27880859375,-81.68065643310547,-111.99051666259766,2579.6650390625,-102.99080657958984,-203.7422790527344,2573.390869140625,-61.432640075683594,-225.200439453125,2488.747314453125,-59.91078567504883,-211.54132080078125,2510.2158203125,214.81085205078125,185.48318481445312,2637.54638671875,209.53448486328125,543.5337524414062,2705.6669921875,206.6293029785156,880.0177612304688,2795.805419921875,210.37860107421875,953.8199462890624,2642.068359375,63.78508377075195,185.16229248046875,2683.58544921875,73.08149719238281,548.9797973632812,2672.05126953125,87.57019805908203,900.6265869140625,2679.5439453125,85.83096313476562,965.7261962890624,2536.755615234375,120.23674774169922,-375.4173583984375,2609.9599609375,144.2471923828125,-324.7559509277344,2474.8173828125,168.35275268554688,-367.62249755859375,2488.18359375,204.74302673339844,-413.6419982910156,2587.58935546875,122.01524353027344,-366.2095947265625,2477.36279296875,57.14836120605469,-425.85345458984375,2557.778076171875
142.37838745117188,185.54234313964844,2673.244140625,140.70248413085938,22.19390869140625,2654.239013671875,142.51168823242188,-109.1582489013672,2648.80712890625,135.98936462402344,-308.1151123046875,2628.14599609375,165.23385620117188,-275.07611083984375,2618.414306640625,272.71746826171875,-225.67822265625,2560.342529296875,244.9064788818359,21.63456344604492,2505.982177734375,35.728885650634766,8.815656661987305,2463.638427734375,1.6952083110809326,25.92818832397461,2543.814208984375,13.690542221069336,5.522130012512207,2447.060302734375,-0.5886019468307495,-3.292769193649292,2570.478515625,109.86000061035156,-275.6111755371094,2646.37646484375,1.0085477828979492,-242.38946533203125,2688.141357421875,-36.056190490722656,3.016650676727295,2764.119873046875,-86.1169662475586,-110.5979995727539,2586.7421875,-110.1166534423828,-202.15380859375,2600.01611328125,-96.30901336669922,-224.74652099609375,2505.757080078125,-62.463279724121094,-217.38894653320312,2513.221435546875,222.39578247070312,187.70494079589844,2647.600830078125,214.87738037109375,551.419677734375,2709.60791015625,208.45835876464844,894.393310546875,2791.560546875,214.4468536376953,998.1829223632812,2653.66552734375,70.22319030761719,183.5922393798828,2696.367919921875,77.1701431274414,551.5717163085938,2675.39990234375,91.47151184082033,907.6557006835938,2679.739013671875,82.42788696289062,974.2789916992188,2535.77783203125,128.01901245117188,-380.6376037597656,2609.51220703125,143.70339965820312,-324.44989013671875,2473.35546875,167.20944213867188,-369.3282470703125,2483.133056640625,209.79605102539065,-421.67242431640625,2578.543212890625,119.68656158447266,-365.56689453125,2476.0390625,58.06915664672851,-426.7867126464844,2559.9609375
145.01864624023438,180.81358337402344,2678.09619140625,144.2332000732422,20.091251373291016,2659.3056640625,145.24586486816406,-108.83889770507812,2648.73876953125,140.6125946044922,-305.06121826171875,2632.831787109375,168.47793579101562,-272.4013977050781,2621.283447265625,270.96539306640625,-223.06100463867188,2559.041748046875,241.0090789794922,18.406450271606445,2498.862060546875,33.885047912597656,3.8281326293945312,2465.040771484375,3.604782819747925,24.995634078979492,2544.182373046875,11.863696098327637,3.151817321777344,2448.996826171875,-11.241936683654783,-29.3569393157959,2555.4443359375,115.29839324951172,-273.0308837890625,2651.240234375,10.947585105895996,-236.21327209472656,2695.7822265625,-25.743276596069336,4.187613487243652,2773.79736328125,-89.1369400024414,-106.83981323242188,2603.390380859375,-116.43171691894533,-196.33262634277344,2612.864990234375,-112.98653411865234,-223.8350524902344,2520.602783203125,-70.74016571044922,-203.0198211669922,2517.942626953125,222.67398071289065,183.74317932128903,2649.79248046875,214.87242126464844,541.148193359375,2713.458984375,209.6939697265625,877.101318359375,2800.267578125,207.9255828857422,968.6043701171876,2657.097900390625,74.99342346191406,178.1718292236328,2703.618896484375,76.3943862915039,540.409912109375,2684.896484375,85.85716247558594,890.9474487304688,2687.70751953125,55.35932922363281,932.5276489257812,2540.119384765625,132.9351806640625,-376.89300537109375,2616.3720703125,139.20538330078125,-325.6198425292969,2480.083251953125,166.6549072265625,-367.0334777832031,2490.516845703125,215.92298889160156,-410.7619934082031,2584.762451171875,119.57132720947266,-367.9657287597656,2484.93212890625,67.29971313476562,-430.3469543457031,2571.529541015625
155.38156127929688,181.51918029785156,2681.995361328125,149.68588256835938,21.915733337402344,2662.66650390625,146.14703369140625,-106.02182006835938,2650.037109375,141.62185668945312,-301.23956298828125,2636.1083984375,168.56320190429688,-268.7588806152344,2622.971435546875,269.8944091796875,-222.05824279785156,2558.42138671875,230.8718414306641,15.95446491241455,2495.824462890625,25.961429595947266,11.156164169311523,2454.25341796875,-4.551820278167725,32.584041595458984,2532.668701171875,8.128104209899902,-6.642364025115967,2444.3857421875,18.43972969055176,-13.923818588256836,2556.6708984375,117.26984405517578,-269.34326171875,2655.390380859375,17.59807014465332,-233.42648315429688,2708.661376953125,-12.34318733215332,-10.351046562194824,2826.150146484375,-84.19610595703125,-80.06672668457031,2639.5205078125,-115.28377532958984,-166.86679077148438,2624.0390625,-108.7170181274414,-203.2457275390625,2535.6904296875,-70.93304443359375,-175.84376525878906,2556.870849609375,232.77691650390625,182.11708068847656,2654.251953125,220.53884887695312,537.6925048828125,2715.3076171875,213.59228515625,872.2180786132812,2799.35400390625,212.02862548828125,940.5379638671876,2644.8681640625,85.59077453613281,180.98004150390625,2707.0126953125,84.63965606689453,541.3177490234375,2693.34228515625,93.03585052490234,889.6793212890625,2703.848876953125,64.36750793457031,929.6419677734376,2556.4150390625,133.49282836914062,-372.81842041015625,2620.74951171875,142.70608520507812,-321.81744384765625,2485.43994140625,167.95132446289062,-364.2765197753906,2495.7939453125,214.4150390625,-410.3092651367187,2589.545166015625,121.1758270263672,-362.9461975097656,2490.056396484375,65.95498657226562,-422.6482238769531,2575.75439453125
155.61758422851562,181.486328125,2682.747314453125,150.0199432373047,22.029951095581055,2663.571533203125,146.59027099609375,-105.7957992553711,2651.14599609375,142.3033905029297,-300.8110046386719,2637.171630859375,169.14093017578125,-268.3226623535156,2623.996337890625,269.9947509765625,-221.28179931640625,2559.214111328125,230.82672119140625,16.276016235351562,2496.016845703125,25.243043899536133,10.781574249267578,2459.226806640625,-3.452075719833374,32.742408752441406,2538.079833984375,7.172419548034668,-7.1749982833862305,2449.947265625,20.15222549438477,-13.435627937316896,2561.900634765625,117.9791259765625,-268.98822021484375,2656.5029296875,18.75508499145508,-232.95751953125,2710.255859375,-7.838778018951416,-11.28043270111084,2830.5908203125,-81.72735595703125,-77.2053451538086,2643.62890625,-113.6291046142578,-163.2974395751953,2626.523681640625,-107.14418029785156,-196.1246337890625,2536.89501953125,-69.83984375,-170.37376403808594,2558.082763671875,232.9201812744141,182.10951232910156,2655.0,220.4051971435547,537.2784423828125,2716.1416015625,213.33631896972656,871.5108642578125,2799.868408203125,209.35983276367188,936.8109130859376,2644.31591796875,85.91041564941406,180.92437744140625,2707.7685546875,85.06710815429688,540.8492431640625,2693.1552734375,93.23975372314452,888.8966674804688,2702.0810546875,66.13516998291016,929.6463623046876,2554.73779296875,134.24411010742188,-372.32073974609375,2621.822265625,142.5809783935547,-321.4391784667969,2486.572998046875,168.9671173095703,-363.08404541015625,2497.130615234375,216.26890563964844,-407.4937744140625,2591.10009765625,122.24773406982422,-363.1183776855469,2491.18896484375,68.44471740722656,-424.1295471191406,2576.69677734375
159.00379943847656,181.00897216796875,2692.37841796875,154.23838806152344,22.36016082763672,2674.767822265625,149.4112091064453,-104.14363098144533,2658.2578125,149.08404541015625,-297.5980224609375,2639.780029296875,174.32611083984375,-264.3603515625,2626.250732421875,269.33013916015625,-214.63584899902344,2556.42724609375,231.93511962890625,20.961448669433594,2490.9892578125,28.551488876342773,17.73493003845215,2449.4326171875,-11.062686920166016,20.105894088745117,2525.947021484375,-21.09916114807129,-25.975845336914062,2441.5029296875,-14.544573783874512,-28.78399658203125,2544.1298828125,125.11439514160156,-267.04864501953125,2660.88671875,29.12496757507324,-228.03060913085935,2716.7529296875,8.684687614440918,-3.550469875335694,2829.511962890625,-70.32805633544922,-67.69233703613281,2645.546630859375,-106.3838119506836,-152.4536895751953,2634.209716796875,-100.4365005493164,-171.87399291992188,2541.333740234375,-70.8047103881836,-152.30352783203125,2553.392578125,234.3448944091797,182.2277069091797,2661.012451171875,219.85955810546875,534.9349365234375,2722.663330078125,212.74285888671875,866.88916015625,2806.57568359375,208.57791137695312,910.5499877929688,2644.721923828125,91.06539916992188,179.91000366210938,2720.662841796875,83.82980346679688,536.7865600585938,2693.763916015625,94.07662200927734,882.2926025390625,2710.696044921875,69.88729858398438,921.2062377929688,2563.372314453125,142.04180908203125,-368.4549560546875,2623.16162109375,143.72970581054688,-321.6732177734375,2487.156494140625,172.53018188476562,-361.1884765625,2498.077392578125,224.52294921875,-399.734375,2591.285400390625,126.0346908569336,-363.9915771484375,2493.5419921875,78.45738983154297,-424.8592224121094,2581.780517578125
159.2720947265625,181.18589782714844,2692.313232421875,154.58253479003906,22.577152252197266,2674.6083984375,149.76596069335938,-103.87545776367188,2657.900390625,149.61317443847656,-297.22613525390625,2638.75244140625,174.87518310546875,-263.93365478515625,2625.4248046875,270.0805358886719,-213.8469390869141,2556.183349609375,232.7001190185547,22.115633010864254,2492.255615234375,29.649452209472656,18.06659698486328,2449.36962890625,-10.486796379089355,18.969907760620117,2525.623779296875,-19.82715606689453,-27.402673721313477,2441.281005859375,-11.678179740905762,-30.16718292236328,2543.485595703125,125.5609359741211,-266.770263671875,2659.882080078125,29.326587677001953,-227.75694274902344,2715.279052734375,9.709850311279297,-3.8636474609375,2829.23291015625,-68.90625,-65.55799865722656,2644.31103515625,-103.58863830566406,-150.3682098388672,2629.68310546875,-96.384521484375,-165.53778076171875,2536.12646484375,-65.37510681152344,-144.51214599609375,2547.0234375,234.61550903320312,182.4539337158203,2660.99658203125,220.0752868652344,535.0161743164062,2723.049560546875,213.0176544189453,866.7296752929688,2807.63916015625,208.82192993164065,911.2208862304688,2646.046875,91.33161926269533,180.04246520996094,2720.552734375,84.08148956298828,536.8102416992188,2693.1630859375,93.5975341796875,882.3611450195312,2708.083984375,70.1811294555664,922.18505859375,2560.910888671875,142.66867065429688,-368.0147399902344,2621.86767578125,145.6162567138672,-321.3372802734375,2485.87841796875,174.4527587890625,-360.7193603515625,2497.134765625,225.5944976806641,-398.976806640625,2590.903564453125,128.02920532226562,-363.71392822265625,2492.107421875,79.77045440673828,-424.6961669921875,2579.8642578125
160.82325744628906,181.8526611328125,2692.772705078125,156.501708984375,23.557767868041992,2674.8505859375,151.95652770996094,-102.63371276855467,2657.911376953125,153.90667724609375,-295.4908142089844,2637.594970703125,178.81028747558594,-261.9131164550781,2624.5810546875,272.2637939453125,-209.31820678710935,2555.25341796875,228.4836883544922,25.41531562805176,2492.660888671875,25.452316284179688,18.49837303161621,2451.97998046875,-10.886669158935549,18.894248962402344,2529.941650390625,-28.66930770874023,-37.91475296020508,2453.96142578125,-6.23673677444458,-41.9765625,2540.9560546875,129.51255798339844,-265.47991943359375,2658.797119140625,32.4981803894043,-227.38815307617188,2712.995849609375,13.375268936157228,-3.930926322937012,2826.8505859375,-64.45646667480469,-60.356876373291016,2640.365966796875,-95.00828552246094,-145.25730895996094,2619.48486328125,-87.07776641845703,-153.96728515625,2525.344482421875,-48.72132110595703,-126.66620635986328,2533.939697265625,236.0452117919922,183.3318023681641,2661.56982421875,222.100830078125,534.899658203125,2725.5166015625,216.5919189453125,864.883056640625,2814.30029296875,211.8057556152344,915.4193725585938,2654.840576171875,92.9923095703125,180.51882934570312,2720.90966796875,85.56670379638672,536.4609375,2691.608154296875,92.76246643066406,881.6500854492188,2699.670654296875,69.02631378173828,921.4492797851562,2552.843505859375,147.7764434814453,-366.1094970703125,2620.27880859375,154.43954467773438,-319.73724365234375,2484.60009765625,183.02491760253903,-358.9255676269531,2496.723876953125,231.50442504882812,-396.7748107910156,2591.807373046875,136.86114501953125,-362.085693359375,2490.387939453125,86.41703796386719,-422.9756164550781,2576.67529296875
166.13665771484375,181.1739044189453,2699.8056640625,163.897216796875,25.103912353515625,2678.170654296875,161.82745361328125,-99.5866928100586,2660.3388671875,161.81378173828125,-288.7615661621094,2628.957763671875,185.515869140625,-254.8140563964844,2616.306884765625,272.2791442871094,-200.8165740966797,2542.151611328125,228.2040252685547,34.98664474487305,2497.095703125,29.58257484436035,66.452392578125,2458.018798828125,-7.5980329513549805,66.41422271728516,2534.512939453125,-45.64349365234375,19.036937713623047,2460.91455078125,-24.539947509765625,-8.998841285705566,2516.72509765625,139.3601837158203,-260.41937255859375,2653.339111328125,46.88528823852539,-234.36407470703125,2718.6240234375,33.482975006103516,-24.404958724975582,2851.247314453125,-52.59758377075195,-22.362302780151367,2662.50732421875,-43.451656341552734,-100.8424835205078,2616.209228515625,-50.22652053833008,-113.57691192626952,2523.513671875,-17.301605224609375,-112.8677215576172,2623.1767578125,237.69732666015625,185.2381591796875,2663.080078125,226.2063140869141,533.1743774414062,2725.05419921875,223.48683166503903,859.058349609375,2814.442138671875,212.3692169189453,920.5382690429688,2661.221435546875,101.6072235107422,177.5089874267578,2732.923095703125,89.6393051147461,527.9706420898438,2690.532958984375,98.07901000976562,869.308349609375,2696.0556640625,67.81175994873047,921.3402099609376,2556.221435546875,154.34678649902344,-357.468505859375,2608.23779296875,157.13047790527344,-323.4320983886719,2470.4775390625,185.30076599121097,-361.4199523925781,2484.880859375,235.80795288085935,-391.3217468261719,2580.236572265625,139.44093322753906,-364.3962707519531,2480.341064453125,91.63546752929688,-416.2943420410156,2572.066650390625
169.66265869140625,181.5271148681641,2700.922119140625,168.76934814453125,26.29883575439453,2678.61181640625,166.88775634765625,-97.46369171142578,2658.6591796875,167.82676696777344,-285.9869384765625,2629.0,190.50732421875,-252.04818725585935,2615.20947265625,272.2955322265625,-198.07850646972656,2536.541748046875,224.6539001464844,36.69746398925781,2496.307861328125,26.789888381958008,69.56301879882812,2459.7373046875,-21.277263641357425,57.95097351074219,2528.4365234375,-46.30184173583984,19.47237205505371,2445.27880859375,-27.162668228149418,-18.85781478881836,2485.122802734375,146.12887573242188,-257.8245544433594,2653.896240234375,54.31026840209961,-236.16287231445312,2720.7109375,36.41044235229492,-31.246572494506836,2858.37353515625,-41.2497444152832,-15.483360290527344,2667.72412109375,-43.01771926879883,-94.96946716308594,2623.168212890625,-48.1174430847168,-109.86146545410156,2531.1416015625,-1.5864577293395996,-110.09268188476562,2636.724853515625,240.04376220703125,186.58615112304688,2662.904296875,227.81187438964844,532.97509765625,2723.7841796875,223.3772430419922,858.14453125,2809.546142578125,209.94337463378903,921.0618896484376,2657.954345703125,106.19691467285156,176.9651336669922,2735.2041015625,89.40034484863281,525.1148071289062,2689.5478515625,94.33324432373048,864.9017944335938,2694.306396484375,64.64373779296875,919.4816284179688,2556.118896484375,160.3818359375,-354.62127685546875,2609.2509765625,161.75082397460938,-322.2862548828125,2471.75634765625,189.31954956054688,-360.429931640625,2486.103759765625,240.43020629882812,-390.0538024902344,2580.594482421875,143.57237243652344,-362.6256408691406,2482.275390625,96.42559814453124,-412.4286804199219,2574.804443359375
172.3854217529297,180.7673492431641,2704.64453125,171.4938507080078,25.43701171875,2681.927978515625,169.3987274169922,-98.33551788330078,2661.2705078125,170.4527130126953,-286.17364501953125,2626.466552734375,192.60971069335935,-251.7145843505859,2612.982177734375,269.7060546875,-192.662353515625,2533.03369140625,224.6121368408203,43.224796295166016,2494.928955078125,25.99255752563477,69.13650512695312,2455.80029296875,-30.549800872802734,49.99203109741211,2515.932373046875,-49.3156852722168,10.828725814819336,2431.3486328125,-17.0678768157959,-24.95590591430664,2459.430419921875,149.27749633789062,-258.78607177734375,2652.717529296875,58.331199645996094,-241.0003204345703,2722.026123046875,35.909271240234375,-47.7506217956543,2875.448486328125,-28.618886947631836,-0.1754350960254669,2684.959228515625,-49.132205963134766,-83.1861343383789,2653.15185546875,-41.4576301574707,-109.83274841308594,2563.90234375,11.141430854797363,-103.20368194580078,2692.176025390625,242.78602600097656,185.94076538085935,2666.5068359375,228.7404022216797,533.0252685546875,2725.056884765625,221.63247680664065,859.4818115234375,2807.004638671875,202.50335693359375,926.091064453125,2657.433837890625,108.90211486816406,176.1022186279297,2739.034912109375,90.30123138427734,523.858642578125,2688.582763671875,93.2029266357422,864.027099609375,2692.316650390625,60.704681396484375,919.0579833984376,2554.77294921875,162.80255126953125,-354.3606872558594,2605.051513671875,160.4837188720703,-322.4078063964844,2467.3330078125,188.58595275878903,-360.4450378417969,2481.087158203125,242.2936859130859,-389.623046875,2574.40234375,142.71690368652344,-362.8221740722656,2478.450439453125,98.12571716308594,-412.5655212402344,2572.4130859375
173.95555114746094,178.0876007080078,2704.67236328125,173.30899047851562,22.81905746459961,2682.160400390625,171.24098205566406,-100.86058044433594,2661.39013671875,173.37391662597656,-288.0245361328125,2623.7333984375,194.65301513671875,-253.11866760253903,2610.066162109375,265.49761962890625,-190.0111846923828,2527.58740234375,210.27279663085935,44.98782730102539,2499.57470703125,9.220346450805664,66.87469482421875,2473.072021484375,-46.27585220336914,39.068363189697266,2530.674072265625,-42.0416145324707,24.23155975341797,2436.909912109375,-29.92666244506836,-28.82459831237793,2466.851806640625,152.7627410888672,-261.3087158203125,2651.0615234375,63.47603988647461,-247.6745452880859,2723.294189453125,39.6390266418457,-61.87889099121094,2885.240478515625,-29.04645347595215,-11.004727363586426,2697.204345703125,-47.99383163452149,-95.46488189697266,2668.551025390625,-33.40272521972656,-111.4797592163086,2577.695068359375,-4.6309027671813965,-117.05956268310548,2700.562744140625,244.1495056152344,183.36349487304688,2666.267333984375,229.41864013671875,530.2670288085938,2724.48095703125,221.9579620361328,856.3797607421875,2806.95556640625,202.2827911376953,924.609375,2658.294677734375,110.65855407714844,173.33009338378906,2739.3037109375,91.91853332519533,520.5984497070312,2687.009521484375,94.80055236816406,860.5811767578125,2689.25537109375,62.12259292602539,919.4535522460938,2553.453369140625,165.8363494873047,-355.9356994628906,2601.556396484375,150.47544860839844,-322.60162353515625,2465.093017578125,182.02053833007812,-358.79833984375,2475.9375,244.7533721923828,-385.37994384765625,2564.181884765625,136.37220764160156,-364.2255859375,2476.8701171875,102.80328369140624,-417.9382934570313,2573.12109375
175.9462890625,178.1109161376953,2704.907470703125,175.6704864501953,23.03488540649414,2682.6181640625,173.92047119140625,-100.5076904296875,2662.082275390625,175.3858184814453,-287.189208984375,2623.390625,196.4791717529297,-252.27230834960935,2609.657470703125,265.8473815917969,-189.19683837890625,2526.177978515625,209.69435119628903,45.8585319519043,2504.11572265625,7.673933982849121,60.39494705200195,2482.63232421875,-50.29209518432617,22.67056655883789,2531.288330078125,-83.13592529296875,-17.923425674438477,2452.057861328125,-24.10641288757324,-35.81258773803711,2461.90966796875,155.19503784179688,-260.65155029296875,2651.105712890625,67.2056884765625,-248.7566375732422,2724.9560546875,36.74220275878906,-73.35589599609375,2896.556884765625,-29.93926429748535,-19.8325138092041,2708.85791015625,-51.85477828979492,-103.7054214477539,2681.0205078125,-33.707401275634766,-110.75071716308594,2589.804443359375,-3.8697006702423096,-125.79672241210938,2715.92236328125,245.9270172119141,183.52536010742188,2666.37109375,229.9497985839844,530.090576171875,2723.22509765625,221.3326873779297,856.2247924804688,2803.520263671875,197.3232879638672,927.712646484375,2657.30712890625,112.8415985107422,173.2284698486328,2739.657470703125,92.29478454589844,519.84375,2687.07568359375,94.33528900146484,859.3364868164062,2690.687744140625,61.792198181152344,920.17041015625,2555.962890625,167.50445556640625,-354.8703918457031,2600.962646484375,150.6522216796875,-322.32977294921875,2464.692138671875,182.9271697998047,-357.81207275390625,2475.431640625,246.63690185546875,-382.8331298828125,2563.230712890625,137.4664306640625,-364.1260986328125,2476.669677734375,105.61720275878906,-418.1041870117187,2573.16015625
180.1811981201172,179.96392822265625,2704.873046875,178.2999725341797,25.608882904052734,2679.284423828125,177.04583740234375,-97.86196899414062,2659.24609375,177.8556365966797,-284.648193359375,2622.25830078125,198.04685974121097,-249.7841033935547,2607.262451171875,268.139404296875,-189.5572204589844,2522.530517578125,206.81187438964844,44.342071533203125,2506.00634765625,3.8432776927948,56.73501205444336,2500.434326171875,-51.43217086791992,17.79117774963379,2551.037109375,0.7503293752670288,57.5025634765625,2482.615966796875,-28.01761817932129,-39.317813873291016,2479.69091796875,158.8373260498047,-258.0038146972656,2650.607666015625,75.15326690673828,-249.08192443847656,2729.4833984375,49.71418380737305,-72.5703125,2900.314453125,-35.45228576660156,-42.2035026550293,2715.220458984375,-59.256248474121094,-128.57412719726562,2699.646728515625,-40.677955627441406,-119.68479919433594,2608.799072265625,-29.808134078979492,-148.51036071777344,2721.97998046875,249.1183929443359,185.7744598388672,2664.7548828125,230.15753173828125,531.305908203125,2724.19482421875,220.14488220214844,856.8865356445312,2804.80810546875,195.32357788085935,923.1576538085938,2656.520263671875,118.01750946044922,174.72430419921875,2741.04931640625,91.63655090332033,520.1598510742188,2686.29833984375,92.7104263305664,859.19775390625,2692.21923828125,61.89680480957031,916.2950439453124,2555.67822265625,169.36610412597656,-352.4932556152344,2600.859130859375,151.96011352539062,-322.2815856933594,2464.305908203125,183.35464477539065,-358.347412109375,2475.422607421875,247.2256622314453,-383.2724609375,2562.9541015625,137.81532287597656,-363.4107360839844,2477.243896484375,105.61102294921876,-414.5139465332031,2575.001220703125
185.38150024414065,180.4503631591797,2703.834716796875,183.1016387939453,26.27125358581543,2677.0888671875,181.75975036621097,-97.13513946533205,2656.53955078125,179.76730346679688,-283.8131103515625,2618.896728515625,200.21414184570312,-249.14569091796875,2603.77197265625,273.10992431640625,-188.8855133056641,2521.432861328125,200.9753570556641,42.35814666748047,2512.212646484375,-0.965207815170288,43.036041259765625,2536.988525390625,-37.51971054077149,9.675164222717283,2605.44140625,-15.015887260437012,35.029754638671875,2516.92529296875,-30.155349731445312,-56.06345748901367,2538.1708984375,161.43051147460938,-257.0299072265625,2647.572998046875,82.35356903076172,-246.4499969482422,2730.89892578125,55.402713775634766,-82.08614349365234,2913.28466796875,-30.351850509643555,-54.385765075683594,2728.00732421875,-53.03450775146485,-141.15965270996094,2712.923583984375,-34.050575256347656,-131.61843872070312,2622.210205078125,-24.44478225708008,-164.3378143310547,2722.251953125,254.9058837890625,186.20953369140625,2664.708984375,231.5536346435547,531.3671875,2725.086181640625,218.9654541015625,856.3726196289062,2807.85693359375,196.77093505859375,926.0609130859376,2660.694091796875,122.68829345703124,175.25706481933594,2739.1162109375,92.9214324951172,520.3310546875,2683.464599609375,92.94359588623048,859.4194946289062,2689.7265625,61.78582763671875,919.7544555664062,2554.636474609375,170.1625518798828,-351.4801330566406,2597.36669921875,155.4084930419922,-317.1927185058594,2461.441650390625,187.2779235839844,-352.9693908691406,2472.169677734375,249.5469207763672,-379.445556640625,2560.419921875,141.81619262695312,-359.00335693359375,2472.705322265625,108.34369659423828,-413.90435791015625,2567.9677734375
187.03082275390625,182.2299041748047,2697.248046875,184.2986602783203,28.4885311126709,2670.092529296875,183.1901702880859,-94.74517059326172,2650.2216796875,182.4930419921875,-282.091552734375,2618.489990234375,202.27493286132812,-247.7904052734375,2601.984375,274.1638488769531,-189.0589599609375,2518.1005859375,197.11721801757812,40.03968811035156,2509.45751953125,-3.320068120956421,28.45595359802246,2539.429931640625,-7.818976402282715,21.9797420501709,2623.338134765625,-22.326107025146484,13.320659637451172,2530.287841796875,-16.04877471923828,-62.31778717041016,2590.375732421875,164.41091918945312,-254.67181396484375,2646.57275390625,88.1603012084961,-241.23043823242188,2731.739990234375,58.50815963745117,-78.60446166992188,2914.510009765625,-39.20789337158203,-66.56067657470703,2734.054931640625,-48.606346130371094,-154.94406127929688,2715.766357421875,-61.02973937988281,-184.0475921630859,2628.360595703125,-20.428401947021484,-167.92166137695312,2732.082275390625,256.1695556640625,187.9678955078125,2657.8056640625,231.5565490722656,531.6060791015625,2721.644287109375,218.2205810546875,854.9777221679688,2807.568603515625,196.77574157714844,924.967041015625,2660.85205078125,124.68539428710938,177.05569458007812,2732.814697265625,94.43038177490234,522.6073608398438,2686.0927734375,90.31562042236328,860.9217529296875,2691.381591796875,58.16106414794922,920.388427734375,2556.52197265625,173.24588012695312,-350.3329162597656,2599.27880859375,161.6735382080078,-322.10223388671875,2461.9892578125,191.01458740234375,-359.19244384765625,2474.766845703125,250.7136993408203,-385.104736328125,2564.629638671875,145.3577423095703,-362.239013671875,2475.153076171875,107.84735870361328,-409.9017028808594,2572.47265625
187.05368041992188,182.22738647460935,2697.24072265625,184.3325958251953,28.477787017822266,2670.089111328125,183.24510192871097,-94.76581573486328,2650.24169921875,182.62318420410156,-282.13336181640625,2618.580322265625,202.39256286621097,-247.8290557861328,2602.06103515625,274.2389221191406,-189.08004760742188,2518.144287109375,196.8123779296875,39.90131759643555,2509.474365234375,-3.6061854362487793,27.482501983642575,2539.301513671875,-8.680868148803711,20.32400131225586,2623.125244140625,-22.514394760131836,12.33950424194336,2529.907470703125,-16.43376350402832,-63.69672775268555,2589.613037109375,164.52883911132812,-254.70880126953125,2646.653564453125,88.27969360351562,-241.22726440429688,2731.8232421875,58.70891189575195,-78.46063232421875,2914.496826171875,-39.00325393676758,-66.58846282958984,2734.017578125,-48.25163650512695,-154.95281982421875,2715.54052734375,-60.58176040649414,-183.80747985839844,2628.0341796875,-19.975107192993164,-167.97825622558594,2731.694091796875,256.1954650878906,187.9694366455078,2657.796875,231.5507049560547,531.6220092773438,2721.6357421875,218.18606567382812,855.0103149414062,2807.5537109375,196.68603515625,924.9845581054688,2660.829345703125,124.70550537109376,177.04953002929688,2732.80908203125,94.4038314819336,522.6115112304688,2686.070556640625,90.23212432861328,860.9417724609375,2691.309814453125,57.93098449707031,920.3666381835938,2556.458984375,173.40310668945312,-350.38897705078125,2599.39453125,161.72950744628906,-322.0686950683594,2462.125,191.03431701660156,-359.207275390625,2474.85400390625,250.79193115234375,-385.24951171875,2564.646728515625,145.37164306640625,-362.1920471191406,2475.28515625,107.8932647705078,-409.8572387695313,2572.6220703125
187.08705139160156,182.04254150390625,2697.350341796875,184.39295959472656,28.255895614624023,2670.249755859375,183.393798828125,-95.03497314453124,2650.5556640625,183.1962432861328,-282.4708251953125,2619.095947265625,202.8150634765625,-248.1228485107422,2602.468994140625,273.7644958496094,-188.7584991455078,2518.190673828125,193.68862915039065,39.370967864990234,2509.9677734375,-6.146326541900635,23.170087814331055,2542.050537109375,-11.53293800354004,14.351277351379396,2625.71142578125,-24.853618621826172,7.783724784851074,2532.2919921875,-17.853927612304688,-69.03995513916016,2591.1103515625,165.11672973632812,-255.06204223632812,2647.205810546875,89.21012115478516,-241.7390289306641,2732.732421875,60.04362487792969,-78.79106903076172,2915.3671875,-38.157230377197266,-68.18367004394531,2735.033447265625,-46.53025817871094,-156.5451202392578,2716.054443359375,-58.722015380859375,-185.04112243652344,2628.39404296875,-17.82572364807129,-169.60435485839844,2731.46337890625,256.22247314453125,187.78907775878903,2657.867919921875,231.5101776123047,531.5286865234375,2721.5458984375,218.0705413818359,855.0183715820312,2807.296875,196.5923767089844,924.910400390625,2660.49853515625,124.74459075927734,176.86062622070312,2732.953369140625,94.20926666259766,522.4630126953125,2686.211181640625,89.862060546875,860.8502197265625,2691.427001953125,57.07814407348633,920.2091674804688,2556.63427734375,174.1031951904297,-350.7852478027344,2600.012939453125,160.9958038330078,-322.3338317871094,2462.875244140625,190.3495635986328,-359.5614929199219,2475.259033203125,251.03187561035156,-385.822021484375,2564.389404296875,144.67904663085938,-362.43212890625,2476.1884765625,108.14269256591795,-410.0798950195313,2573.914794921875
187.798583984375,181.9290008544922,2697.20849609375,185.3604431152344,27.925804138183594,2670.079345703125,184.8041229248047,-95.60135650634766,2650.7666015625,186.2722015380859,-283.3449401855469,2619.602783203125,205.4772491455078,-248.7886505126953,2602.773681640625,274.6924133300781,-188.0059509277344,2517.812255859375,189.7012634277344,38.70065689086914,2509.818359375,-8.456050872802734,16.590253829956055,2549.61328125,-13.215907096862791,5.364320278167725,2633.14013671875,-27.040048599243164,0.8052801489830017,2539.54296875,-18.040590286254883,-74.06095886230469,2607.41552734375,168.06626892089844,-256.02642822265625,2647.809814453125,92.77210235595705,-242.9395751953125,2734.123291015625,65.29534912109375,-78.63185119628906,2916.257080078125,-35.0699348449707,-69.91389465332031,2736.6943359375,-43.22989273071289,-158.40765380859375,2717.64404296875,-57.2451171875,-186.15570068359375,2629.88134765625,-14.258441925048828,-172.00856018066406,2730.190673828125,257.00433349609375,187.8025054931641,2657.646728515625,231.7279815673828,532.0429077148438,2721.04150390625,217.737060546875,855.992431640625,2806.76171875,197.33810424804688,925.4155883789062,2659.337158203125,125.39273834228516,176.6326141357422,2732.883056640625,94.28060150146484,522.7633666992188,2686.84130859375,89.7154312133789,861.5890502929688,2693.354736328125,57.235321044921875,920.1160278320312,2557.894775390625,177.7288818359375,-351.87481689453125,2600.67138671875,161.99664306640625,-323.7843322753906,2463.537109375,191.36715698242188,-361.2328186035156,2475.473388671875,253.7579803466797,-387.6526794433594,2563.560546875,145.64308166503906,-363.7681579589844,2477.3515625,110.72607421875,-410.8580017089844,2576.11962890625
184.8262176513672,181.75015258789065,2685.9912109375,187.64501953125,27.21041488647461,2662.55859375,190.8132171630859,-96.56451416015624,2645.541015625,200.1979217529297,-284.6618957519531,2618.640625,217.75184631347656,-249.71771240234375,2600.878662109375,285.73162841796875,-188.94625854492188,2514.98974609375,186.13377380371097,31.738073348999023,2511.048095703125,-6.07624626159668,10.575843811035156,2573.606689453125,-1.6823205947875977,3.649107217788696,2657.585693359375,-26.847490310668945,-7.108470439910889,2566.942138671875,-13.475050926208496,-77.7674331665039,2636.762939453125,181.04019165039065,-257.5251159667969,2646.3623046875,104.58061981201172,-243.53277587890625,2731.439453125,76.33231353759766,-80.17283630371094,2914.17431640625,-27.247831344604492,-76.30915832519531,2736.369140625,-31.756694793701172,-166.04417419433594,2722.900390625,-57.082496643066406,-196.243896484375,2638.589111328125,-9.85249137878418,-178.86561584472656,2726.75048828125,255.44476318359375,188.60935974121097,2649.249267578125,231.36863708496097,531.9354248046875,2717.1416015625,216.99362182617188,854.9225463867188,2805.858642578125,199.4459228515625,926.7000122070312,2659.26904296875,121.14639282226562,175.56488037109375,2719.123046875,97.8654327392578,524.2446899414062,2693.09521484375,87.89845275878906,862.8825073242188,2693.60205078125,55.94694519042969,919.321044921875,2557.2001953125,194.5006561279297,-353.88720703125,2601.34716796875,156.31666564941406,-328.0061950683594,2468.310546875,185.0354156494141,-366.985107421875,2476.150390625,260.3943176269531,-395.3606567382813,2552.675048828125,140.32666015625,-366.4984436035156,2486.143798828125,120.81391143798828,-408.91656494140625,2591.030517578125
184.92877197265625,181.6403045654297,2686.016357421875,187.8249664306641,27.0302734375,2662.594482421875,191.09066772460935,-96.80840301513672,2645.65234375,200.82861328125,-284.9773864746094,2618.781494140625,218.32611083984375,-249.98912048339844,2601.004638671875,286.06866455078125,-188.7773895263672,2515.16015625,185.3085174560547,31.510517120361328,2512.081298828125,-6.211444854736328,7.427852630615234,2575.978759765625,-0.2726726233959198,0.4816483855247497,2659.898681640625,-27.092350006103516,-11.70433235168457,2569.868896484375,-7.234474658966064,-80.15443420410156,2640.19384765625,181.61135864257812,-257.85797119140625,2646.509033203125,105.09832763671876,-243.87042236328125,2731.60791015625,77.01155853271484,-79.94828796386719,2914.01171875,-26.822954177856445,-76.47213745117188,2736.2412109375,-31.6647891998291,-166.220458984375,2722.705078125,-57.39008712768555,-196.04002380371097,2638.333984375,-9.23083209991455,-179.42333984375,2725.49560546875,255.57464599609375,188.5324554443359,2649.256103515625,231.27134704589844,532.0203247070312,2717.05224609375,216.67898559570312,855.1939697265625,2805.61572265625,198.6291961669922,927.3523559570312,2659.19287109375,121.22428131103516,175.4253692626953,2719.164794921875,97.62948608398438,524.2400512695312,2693.13623046875,87.34085845947266,863.0186157226562,2693.569091796875,55.062042236328125,919.3394165039062,2557.12158203125,195.2575225830078,-354.24761962890625,2601.49560546875,157.87757873535156,-329.4246520996094,2467.963623046875,187.0042724609375,-368.0382385253906,2476.230712890625,262.0793762207031,-395.1715698242187,2553.552490234375,142.1901092529297,-368.04010009765625,2485.85009765625,122.28912353515624,-410.225341796875,2590.813720703125
184.95831298828125,181.62673950195312,2686.040283203125,187.87060546875,27.006372451782227,2662.63330078125,191.1709899902344,-96.84523010253906,2645.74365234375,201.033203125,-285.0347900390625,2618.9912109375,218.50466918945312,-250.04421997070312,2601.1875,286.1459045410156,-188.77130126953125,2515.296875,185.04086303710935,31.37306785583496,2512.2529296875,-6.331667423248291,6.735863208770752,2576.4140625,-0.2460014075040817,-0.1827124506235122,2660.330322265625,-27.258092880249023,-12.582170486450195,2570.3818359375,-6.767913818359375,-80.82720184326172,2640.523681640625,181.80123901367188,-257.9092102050781,2646.705810546875,105.32251739501952,-243.8842010498047,2731.837646484375,77.41996002197266,-79.69090270996094,2914.043701171875,-26.583723068237305,-76.46836853027344,2736.3544921875,-31.49179458618164,-166.23855590820312,2722.9560546875,-57.31395721435547,-196.1837158203125,2638.6533203125,-9.063323974609377,-179.4119415283203,2725.879638671875,255.6056365966797,188.52316284179688,2649.2744140625,231.26513671875,532.0444946289062,2716.984130859375,216.60987854003903,855.263916015625,2805.4375,198.67787170410156,927.3841552734376,2658.971435546875,121.25251007080078,175.40792846679688,2719.19384765625,97.60747528076172,524.2369995117188,2693.15234375,87.2709732055664,863.0321044921875,2693.56640625,54.87395477294922,919.2936401367188,2557.11328125,195.506103515625,-354.3236083984375,2601.749755859375,158.2397918701172,-329.765869140625,2468.12890625,187.480224609375,-368.2782897949219,2476.481201171875,262.5331726074219,-395.08636474609375,2553.9462890625,142.64990234375,-368.4142150878906,2486.035888671875,122.73037719726562,-410.5509948730469,2591.021728515625
185.5052795410156,181.02134704589844,2685.272705078125,188.8280792236328,26.139854431152344,2661.763671875,192.78480529785156,-97.99158477783205,2645.409423828125,205.616943359375,-286.613037109375,2620.58740234375,222.6993408203125,-251.48451232910156,2602.4931640625,290.31170654296875,-191.39244079589844,2515.42431640625,184.7054901123047,26.870086669921875,2504.6806640625,-5.948171138763428,-4.251379489898682,2569.32421875,-2.802476406097412,-12.862882614135742,2653.398193359375,-25.268272399902344,-22.796226501464844,2561.72998046875,-0.7783770561218262,-87.49951171875,2640.19677734375,185.7900390625,-259.4495849609375,2647.96533203125,108.50780487060548,-245.06735229492188,2732.592041015625,77.9411392211914,-77.00653076171875,2911.41552734375,-25.30527114868164,-78.2418212890625,2732.832275390625,-29.466703414916992,-168.32823181152344,2720.21435546875,-51.68244934082031,-195.29554748535156,2633.722412109375,-7.513462066650391,-179.88677978515625,2728.83154296875,256.2742614746094,188.12625122070312,2648.467041015625,230.89013671875,532.4462890625,2715.00537109375,214.7703857421875,856.6572875976562,2801.85302734375,197.65658569335935,929.2420043945312,2655.18701171875,121.68978881835938,174.6145477294922,2718.461669921875,97.38410186767578,524.1019897460938,2693.3662109375,86.42825317382812,863.485595703125,2694.7626953125,52.068077087402344,917.4845581054688,2557.576171875,201.21046447753903,-356.27252197265625,2603.99267578125,165.55299377441406,-334.4916076660156,2469.189208984375,195.67697143554688,-372.1845397949219,2478.593505859375,270.19049072265625,-396.0164184570313,2557.8193359375,150.6270751953125,-373.34912109375,2487.413330078125,129.96412658691406,-414.6090087890625,2592.82958984375
186.29522705078125,180.8255157470703,2683.453125,190.10113525390625,25.882020950317383,2659.494384765625,194.52127075195312,-98.31741333007812,2642.9169921875,210.9886932373047,-286.9268798828125,2618.8486328125,227.2180023193359,-251.51577758789065,2600.430908203125,294.5924987792969,-192.01141357421875,2512.614990234375,184.0214080810547,22.813438415527344,2487.386474609375,-7.539868354797363,-16.586780548095703,2545.02685546875,-8.750669479370117,-23.403379440307617,2629.391357421875,-23.113285064697266,-32.28932189941406,2535.91748046875,7.97504186630249,-83.2003402709961,2630.22265625,190.82437133789065,-260.0143737792969,2646.289306640625,115.205322265625,-245.72952270507812,2732.56005859375,75.74150085449219,-73.57946014404297,2905.976318359375,-28.39412498474121,-87.28076934814453,2728.218994140625,-29.686935424804688,-178.01438903808594,2719.693603515625,-46.05268478393555,-198.44259643554688,2630.071533203125,-6.427395820617676,-189.2161102294922,2728.712646484375,257.06744384765625,188.26792907714844,2646.564453125,231.4353485107422,532.778076171875,2713.685546875,215.79409790039065,856.7191162109375,2802.763916015625,197.05810546875,929.1256103515624,2656.042236328125,122.4767837524414,174.11436462402344,2716.71728515625,98.27281951904295,524.07470703125,2693.8056640625,86.6678466796875,863.7367553710938,2696.00732421875,48.54899978637695,911.5182495117188,2557.365234375,207.85704040527344,-356.80340576171875,2602.602783203125,167.4052734375,-342.09613037109375,2468.0634765625,197.17181396484375,-379.8482971191406,2478.53759765625,274.29046630859375,-400.6537780761719,2556.248779296875,152.4421844482422,-379.53997802734375,2489.100830078125,135.06724548339844,-414.2086181640625,2597.552978515625
187.20849609375,179.01071166992188,2682.91015625,191.6673583984375,23.903831481933594,2658.7412109375,196.94891357421875,-100.4931411743164,2642.627685546875,214.7194976806641,-289.5084533691406,2620.732421875,230.82716369628903,-254.1584625244141,2601.958740234375,302.0242004394531,-197.7877655029297,2514.852294921875,200.6761779785156,21.78223419189453,2488.6123046875,19.169300079345703,-42.08564758300781,2556.86572265625,-3.142202377319336,-32.84923553466797,2638.115234375,-2.7834908962249756,-50.47427749633789,2544.64794921875,3.65552020072937,-87.15837860107422,2648.54052734375,194.2436065673828,-262.37921142578125,2647.8193359375,117.37442779541016,-247.00282287597656,2732.9990234375,56.90751266479492,-62.75933837890625,2887.36572265625,-28.109460830688477,-114.49357604980467,2706.147705078125,-16.320337295532227,-204.7967834472656,2712.11767578125,-6.824019432067871,-227.58572387695312,2621.9443359375,12.438556671142578,-208.55503845214844,2731.66064453125,258.038818359375,186.8028106689453,2645.970947265625,230.92141723632812,531.7477416992188,2712.7568359375,214.0703125,855.8206787109375,2802.837890625,196.41940307617188,930.2616577148438,2656.7529296875,123.3376693725586,171.9842529296875,2716.219970703125,97.99082946777344,522.4509887695312,2695.09716796875,85.49913787841797,862.5167236328125,2699.555419921875,46.7794303894043,910.5086669921876,2560.9296875,212.08969116210935,-359.6763000488281,2605.24365234375,163.5452880859375,-348.4809875488281,2472.860595703125,195.27197265625,-385.01708984375,2482.1357421875,277.47064208984375,-401.85498046875,2555.705078125,151.16812133789062,-386.16656494140625,2495.236328125,141.20742797851562,-419.8268737792969,2605.095947265625
185.4889678955078,175.2913055419922,2681.4423828125,194.0406188964844,20.567058563232425,2655.59521484375,203.2856903076172,-103.60382080078124,2639.158203125,216.81771850585935,-293.5221252441406,2621.90966796875,234.39340209960935,-259.00604248046875,2602.865478515625,303.84796142578125,-202.47349548339844,2514.399169921875,233.9599151611328,25.72072982788086,2561.92529296875,69.4640121459961,-31.9052677154541,2668.387451171875,-10.263792991638184,-37.48530197143555,2640.061279296875,-2.2274553775787354,-58.14102935791016,2547.52783203125,-6.971523284912109,-92.90695190429688,2635.2109375,196.2421417236328,-265.27423095703125,2647.7763671875,114.83932495117188,-247.1620635986328,2728.129150390625,50.376182556152344,-55.759029388427734,2871.958251953125,-36.21599960327149,-118.56084442138672,2694.943115234375,-22.90124893188477,-208.8789520263672,2693.971435546875,-5.187403202056885,-237.52696228027344,2606.719970703125,10.478891372680664,-211.65638732910156,2718.161865234375,255.16891479492188,185.58184814453125,2642.896240234375,231.10122680664065,530.0742797851562,2713.763671875,215.82421875,853.4484252929688,2807.0546875,195.6576690673828,933.1897583007812,2664.0546875,122.6554946899414,166.01185607910156,2716.20166015625,96.8931121826172,516.6528930664062,2696.2939453125,86.6700210571289,856.7131958007812,2709.044921875,45.4005241394043,916.4014282226562,2575.737060546875,212.8380126953125,-363.9580993652344,2607.867431640625,158.5839385986328,-348.9544372558594,2478.04541015625,191.17083740234375,-385.3268127441406,2484.71435546875,276.6510009765625,-403.4605407714844,2554.185791015625,147.66209411621094,-387.5769653320313,2499.601318359375,142.7952423095703,-425.1335144042969,2608.583984375
185.0310821533203,174.71524047851562,2682.314208984375,193.81825256347656,19.730091094970703,2655.878662109375,203.0436248779297,-104.62862396240234,2638.62255859375,217.13531494140625,-294.82244873046875,2619.952392578125,235.06228637695312,-260.0458679199219,2601.489501953125,305.5563049316406,-202.681640625,2513.966064453125,234.72691345214844,26.07335090637207,2560.306640625,68.46926879882812,-28.976158142089844,2666.3125,-11.565796852111816,-37.09464645385742,2638.886474609375,-2.5373735427856445,-58.2663459777832,2546.33154296875,-6.755352020263672,-92.55723571777344,2634.47119140625,196.00596618652344,-266.7522888183594,2645.7373046875,110.35189819335938,-248.24717712402344,2721.861083984375,35.833805084228516,-46.02725982666016,2845.6337890625,-36.0690803527832,-124.42567443847656,2667.69921875,-24.808958053588867,-214.32586669921875,2680.576171875,-0.878453254699707,-257.38232421875,2600.815185546875,11.170299530029297,-211.63685607910156,2709.79443359375,254.95248413085935,185.23597717285156,2643.875244140625,230.82504272460935,530.5619506835938,2714.7744140625,214.84793090820312,855.1990356445312,2806.3974609375,196.00730895996097,927.3367919921876,2658.806396484375,121.97987365722656,165.22821044921875,2716.97607421875,95.3955535888672,516.7512817382812,2699.227294921875,85.89543914794922,857.3826293945312,2717.428466796875,46.44001007080078,917.15966796875,2583.209228515625,213.48480224609375,-365.30328369140625,2605.200439453125,158.89083862304688,-353.8851623535156,2474.79638671875,192.63758850097656,-389.2259216308594,2482.069580078125,278.7138366699219,-403.7347106933594,2552.074951171875,149.0907745361328,-392.5846862792969,2496.97021484375,145.17662048339844,-428.71484375,2606.756591796875
182.94302368164065,173.7386474609375,2682.654541015625,192.5951385498047,18.465816497802734,2656.69970703125,202.76736450195312,-106.13531494140624,2640.261962890625,217.66390991210935,-296.5261535644531,2621.05810546875,236.24334716796875,-261.58636474609375,2603.40234375,309.852294921875,-203.46470642089844,2518.694580078125,235.9562225341797,25.480375289916992,2561.223388671875,64.3103256225586,-30.661664962768555,2658.3330078125,-17.79340171813965,-39.4453125,2637.624267578125,-2.410912036895752,-58.08611297607422,2545.20458984375,-12.762847900390623,-94.91181182861328,2632.248779296875,195.57647705078125,-268.55963134765625,2646.265380859375,107.74413299560548,-252.2733459472656,2720.680419921875,15.423253059387209,-56.09498977661133,2842.97412109375,-24.43285369873047,-132.80323791503906,2654.180419921875,-10.13805866241455,-220.648193359375,2676.10302734375,27.570287704467773,-276.676025390625,2610.867919921875,26.612445831298828,-208.3300323486328,2713.7421875,252.8562774658203,184.5445556640625,2644.0087890625,230.2759246826172,530.6967163085938,2714.2275390625,216.02845764160156,855.916015625,2806.079345703125,197.199462890625,929.4124755859376,2658.85888671875,119.8991470336914,163.99447631835938,2717.50341796875,89.2647705078125,515.630615234375,2697.35595703125,83.78599548339844,855.790283203125,2730.34814453125,47.645755767822266,923.611328125,2598.7666015625,214.5821228027344,-367.0420837402344,2605.78466796875,162.58920288085938,-358.70721435546875,2473.843994140625,197.4285888671875,-392.82720947265625,2482.248291015625,282.4432678222656,-403.6884765625,2554.465576171875,153.62020874023438,-397.58990478515625,2496.2001953125,148.40855407714844,-432.9071044921875,2606.392822265625
181.22802734375,171.66635131835938,2683.392333984375,191.0535888671875,15.996397018432615,2656.886474609375,201.5280303955078,-108.96341705322266,2640.333740234375,217.61529541015625,-299.9657897949219,2622.1865234375,236.73448181152344,-264.9199523925781,2604.989990234375,312.4989318847656,-206.7638702392578,2521.626708984375,231.72409057617188,23.513660430908203,2544.133056640625,55.98270797729492,-45.87492370605469,2625.422607421875,-12.456439018249512,-51.999420166015625,2574.718017578125,24.47745132446289,-77.8238754272461,2490.150634765625,-12.73316478729248,-105.38900756835938,2573.358642578125,194.55825805664065,-271.8954772949219,2646.635009765625,102.32910919189452,-253.60369873046875,2715.636474609375,2.076849460601806,-49.27378845214844,2818.357421875,-25.442825317382812,-134.2056121826172,2630.1689453125,-6.867271900177002,-221.1020965576172,2653.795654296875,35.924400329589844,-281.1822204589844,2595.219970703125,25.777637481689453,-209.19305419921875,2690.580810546875,251.4923858642578,182.6539001464844,2644.908447265625,229.47711181640625,529.7789306640625,2716.081787109375,215.3968048095703,855.325439453125,2810.65966796875,202.08932495117188,926.8175659179688,2661.28173828125,117.8675537109375,161.75839233398438,2718.0947265625,86.59188079833984,514.5750122070312,2700.282958984375,83.32567596435547,854.8375244140625,2742.34619140625,50.13651657104492,922.440673828125,2609.330322265625,215.22344970703125,-370.7578125,2606.998046875,165.74359130859375,-350.7836608886719,2474.86083984375,197.37940979003903,-388.41204833984375,2481.73095703125,280.39837646484375,-410.7339172363281,2554.181396484375,153.00535583496094,-389.94622802734375,2495.090576171875,143.19903564453125,-430.5282897949219,2603.5244140625
174.61843872070312,172.6065216064453,2682.346435546875,186.38954162597656,17.542734146118164,2656.555419921875,198.50927734375,-106.95421600341795,2641.230224609375,211.8685760498047,-297.76715087890625,2626.742919921875,233.19015502929688,-263.4847106933594,2611.068115234375,314.73773193359375,-208.4710693359375,2531.838134765625,223.0882110595703,15.502974510192873,2499.37255859375,43.764801025390625,-55.5701789855957,2568.5751953125,-40.432010650634766,-63.27679061889648,2578.082275390625,14.739941596984863,-70.57505798339844,2500.50634765625,-38.05304718017578,-118.95931243896484,2573.5087890625,187.3842315673828,-269.0094299316406,2648.5771484375,94.30997467041016,-247.08306884765625,2714.5966796875,0.9791553020477296,-40.86458587646485,2817.836669921875,6.725950241088867,-133.83724975585938,2632.390380859375,-9.065802574157717,-221.2006072998047,2654.984375,20.5126895904541,-250.96502685546875,2571.04443359375,46.76540756225586,-236.92449951171875,2675.84033203125,246.0793914794922,183.9258270263672,2646.90576171875,228.2298126220703,530.0999755859375,2717.374267578125,215.9184112548828,854.71533203125,2810.926513671875,201.6486053466797,925.1527709960938,2661.814697265625,110.178955078125,162.3994140625,2714.3046875,84.2101821899414,514.6790771484375,2705.5576171875,77.95233154296875,854.0255737304688,2744.294189453125,48.64138412475586,919.5689086914062,2609.987060546875,209.3096160888672,-368.4188537597656,2612.210205078125,169.3347625732422,-350.876220703125,2477.10791015625,202.1294708251953,-386.697021484375,2486.44677734375,280.07696533203125,-404.7483520507813,2564.8369140625,157.1630859375,-390.5324401855469,2496.31689453125,141.20477294921875,-431.5958251953125,2603.373046875
170.181640625,173.8983917236328,2680.139404296875,184.1438751220703,18.954872131347656,2657.464111328125,196.9013671875,-105.15176391601562,2642.2412109375,212.97760009765625,-295.400634765625,2630.011962890625,233.86495971679688,-261.0898742675781,2614.13330078125,312.5531921386719,-199.23483276367188,2537.6396484375,223.19699096679688,25.8670597076416,2512.2197265625,38.42399978637695,-58.4119873046875,2535.249267578125,-31.062997817993164,-74.15135192871094,2581.339111328125,14.57784366607666,-66.98593139648438,2498.077880859375,-27.25478172302246,-129.46702575683594,2574.006591796875,188.0174102783203,-266.8247375488281,2651.30859375,91.8486557006836,-240.5803070068359,2710.412841796875,46.136009216308594,-9.65900707244873,2788.849609375,-1.887779712677002,-113.29972839355467,2616.248779296875,-33.44343566894531,-189.0189971923828,2656.4794921875,4.179131031036377,-237.29148864746097,2585.66796875,51.406272888183594,-221.26290893554688,2663.76513671875,240.24949645996097,185.70278930664065,2642.622314453125,226.6408843994141,530.5725708007812,2715.67333984375,217.6650390625,853.698974609375,2811.490478515625,201.84588623046875,925.7498779296876,2663.80078125,106.99838256835938,163.2538604736328,2713.969970703125,82.99701690673828,514.785400390625,2707.755859375,83.05426025390625,852.8976440429688,2749.666015625,47.06361389160156,918.9959716796876,2617.734130859375,211.5055694580078,-366.05023193359375,2616.292724609375,167.95571899414062,-348.82861328125,2482.658203125,200.7049560546875,-384.7115478515625,2491.187744140625,280.5130615234375,-402.8784484863281,2567.21875,156.13201904296875,-388.2341918945313,2502.306396484375,142.9955596923828,-428.689453125,2609.644775390625
169.36558532714844,173.0132293701172,2678.220703125,184.9784393310547,17.706512451171875,2659.75537109375,197.34146118164065,-106.43921661376952,2644.77392578125,211.96873474121097,-296.6801452636719,2631.369384765625,233.98776245117188,-262.4577331542969,2616.921142578125,312.51483154296875,-197.12857055664065,2543.251220703125,223.06805419921875,27.33755111694336,2513.45703125,42.086795806884766,-44.59304428100586,2575.314697265625,24.501022338867188,-84.033203125,2648.3369140625,5.54443359375,-128.36941528320312,2566.254638671875,49.81621170043945,-149.924072265625,2595.626953125,186.28488159179688,-268.0462646484375,2651.68359375,86.04979705810547,-236.18411254882812,2700.282470703125,34.922847747802734,-5.456775665283203,2775.70361328125,-6.8859124183654785,-86.63056945800781,2590.012451171875,-2.505985975265503,-176.0599365234375,2608.093505859375,-17.09295082092285,-264.9671936035156,2582.82373046875,51.09871673583984,-182.31219482421875,2603.312744140625,239.6184234619141,184.50181579589844,2640.99365234375,226.97247314453125,529.5418701171875,2713.0029296875,218.66004943847656,852.9204711914062,2807.74169921875,202.17091369628903,924.3233642578124,2659.854248046875,106.01551818847656,162.65345764160156,2711.7900390625,84.90768432617188,514.3409423828125,2712.593017578125,81.90998077392578,853.1415405273438,2747.614013671875,48.872169494628906,917.556884765625,2614.1279296875,210.4306640625,-367.15191650390625,2616.855224609375,171.26788330078125,-342.6323547363281,2483.0380859375,202.5441436767578,-379.9524536132813,2490.82958984375,279.51239013671875,-404.1541748046875,2568.058837890625,157.59385681152344,-382.4166564941406,2500.585205078125,140.10494995117188,-427.027099609375,2605.601806640625
168.5858917236328,173.26632690429688,2678.85693359375,183.67076110839844,18.372669219970703,2660.344970703125,195.345458984375,-105.40668487548828,2644.831298828125,205.42388916015625,-295.31842041015625,2630.477294921875,228.7045135498047,-261.68316650390625,2617.03564453125,312.9652099609375,-200.0673065185547,2547.2236328125,246.5801544189453,31.16509246826172,2514.72900390625,53.353145599365234,-7.380731582641602,2566.6044921875,27.3127384185791,-36.6940803527832,2641.55859375,5.670290470123291,-81.94696807861328,2560.97314453125,33.875267028808594,-112.3887176513672,2573.74755859375,179.93142700195312,-266.24639892578125,2650.130859375,76.64301300048828,-231.1702117919922,2688.1806640625,32.09183883666992,-7.180139541625977,2783.185302734375,-13.34219455718994,-0.1283474266529083,2582.045654296875,14.755449295043944,-85.03072357177734,2564.792724609375,28.83839988708496,-176.99588012695312,2571.8203125,37.58277893066406,-93.59163665771484,2581.66845703125,238.7384490966797,184.51885986328125,2641.86962890625,226.531982421875,528.4880981445312,2714.091064453125,218.54571533203125,850.8126220703125,2808.988525390625,201.4705810546875,924.1070556640624,2662.632568359375,105.32624816894533,163.11940002441406,2712.2099609375,85.47225952148438,513.8569946289062,2713.832763671875,83.22190856933594,851.675048828125,2748.839111328125,49.14503860473633,918.4478149414062,2617.28515625,202.5299072265625,-365.4214782714844,2615.42431640625,171.52767944335938,-338.4514465332031,2480.377685546875,202.9805145263672,-375.1890869140625,2489.250732421875,275.1825866699219,-399.6412048339844,2570.4365234375,157.69754028320312,-378.8227844238281,2496.01611328125,134.6202392578125,-426.2713317871094,2598.3076171875
167.7049102783203,169.56361389160156,2678.37890625,182.0589599609375,14.41022777557373,2660.07080078125,193.1698760986328,-109.57844543457033,2644.754638671875,205.70408630371097,-299.5143737792969,2630.003662109375,228.8951416015625,-265.53863525390625,2617.13134765625,315.1728210449219,-204.5475311279297,2549.017822265625,266.24615478515625,30.96657943725586,2514.4609375,63.524513244628906,40.58325958251953,2534.760498046875,24.47260093688965,61.22414779663086,2607.006103515625,41.49462127685547,9.046175003051758,2529.437744140625,-1.5440657138824463,-43.59918212890625,2570.498291015625,179.46115112304688,-270.7672119140625,2649.24365234375,71.63500213623047,-244.4759979248047,2681.75390625,21.629772186279297,-40.85761260986328,2813.471435546875,-23.61699104309082,64.34761810302734,2641.5849609375,6.8185625076293945,2.470269680023194,2581.937255859375,26.103870391845703,-74.95677947998047,2533.391357421875,28.844003677368164,-15.953324317932127,2599.096435546875,238.0456695556641,180.42860412597656,2641.451416015625,226.6492462158203,525.0422973632812,2712.519287109375,219.4537353515625,847.7529907226562,2807.41552734375,202.24603271484375,926.9114990234376,2663.964111328125,104.27555847167967,159.7661590576172,2711.677978515625,85.34107208251953,510.92291259765625,2713.385986328125,84.17438507080078,849.0637817382812,2748.781494140625,48.01960372924805,919.2430419921876,2619.390380859375,203.9103851318359,-369.6684265136719,2614.6611328125,172.93130493164062,-338.41339111328125,2480.380126953125,204.9525146484375,-374.99066162109375,2488.092529296875,277.3179016113281,-401.1969604492187,2568.74365234375,159.66065979003906,-379.5605773925781,2494.55078125,136.94236755371094,-430.9798583984375,2595.125244140625
168.02613830566406,167.08242797851562,2679.274658203125,182.39927673339844,11.66692352294922,2661.267822265625,193.69482421875,-112.55534362792967,2646.508056640625,207.38644409179688,-302.71337890625,2632.0869140625,230.41355895996097,-268.57440185546875,2619.14404296875,315.464599609375,-207.53187561035156,2549.223388671875,263.93096923828125,25.853097915649418,2503.386962890625,63.06291961669922,44.738800048828125,2535.26123046875,34.90078353881836,87.88302612304688,2602.61572265625,47.9550895690918,23.363039016723633,2533.899658203125,6.474061012268066,-18.632341384887695,2606.856201171875,180.9261474609375,-274.0469665527344,2651.29052734375,71.35183715820312,-250.67173767089844,2680.62109375,12.201211929321287,-64.13018798828125,2832.90673828125,-28.34110641479492,68.52550506591797,2679.4716796875,-0.7595736384391785,28.744674682617188,2602.052734375,22.223560333251953,-26.109628677368164,2529.86181640625,3.291662216186523,21.652870178222656,2595.1201171875,238.4779815673828,177.88319396972656,2642.28857421875,226.88438415527344,523.163818359375,2712.599609375,220.03623962402344,846.7176513671875,2806.364501953125,195.7233734130859,926.7271728515624,2664.145751953125,104.49661254882812,157.3428955078125,2712.626220703125,85.37321472167969,509.00054931640625,2713.330322265625,83.97013854980469,847.7423706054688,2747.66552734375,47.80362319946289,920.2696533203124,2619.32080078125,206.01548767089844,-373.0057678222656,2616.84912109375,172.64869689941406,-338.83465576171875,2483.640380859375,205.67034912109375,-374.8749084472656,2489.995849609375,279.7056884765625,-401.5378112792969,2569.191162109375,160.51577758789062,-380.7193603515625,2496.84814453125,140.20480346679688,-435.4555969238281,2596.37158203125
168.16619873046875,165.16830444335938,2680.010498046875,182.56878662109375,9.747892379760742,2661.983642578125,193.93603515625,-114.48448181152344,2647.297119140625,209.28285217285156,-304.46258544921875,2632.035888671875,232.10548400878903,-270.07025146484375,2619.396240234375,316.90435791015625,-208.1498260498047,2549.9287109375,265.1107177734375,24.97062110900879,2502.971435546875,64.73731994628906,47.9522705078125,2535.346923828125,39.55931854248047,95.404296875,2600.970703125,48.67998504638672,26.960834503173828,2535.483154296875,10.106237411499023,-7.760863780975342,2614.27978515625,182.4713897705078,-276.10723876953125,2651.220703125,71.16845703125,-255.8826446533203,2676.07080078125,-5.048230171203613,-58.51483154296875,2805.42333984375,-27.378557205200195,30.21770668029785,2619.905517578125,23.45269012451172,-7.790837287902832,2554.25830078125,68.26969909667969,-58.683006286621094,2489.828125,33.31186294555664,-14.65724754333496,2549.69775390625,238.6553955078125,175.98284912109375,2643.089111328125,226.7151336669922,521.2027587890625,2713.749755859375,219.0923767089844,844.8001708984375,2807.38037109375,197.28663635253903,924.4467163085938,2664.540771484375,104.60301208496094,155.41635131835938,2713.30419921875,85.36101531982422,507.0889587402344,2714.2939453125,83.24097442626953,845.915771484375,2747.95947265625,48.34576797485352,917.3099975585938,2618.61962890625,208.5825958251953,-374.69281005859375,2616.448974609375,176.92178344726562,-334.4327697753906,2484.521728515625,208.758056640625,-371.7236022949219,2489.6083984375,281.5537414550781,-403.7237854003906,2567.9814453125,163.40736389160156,-376.38482666015625,2496.081298828125,140.91709899902344,-434.1963806152344,2593.380859375
170.7941436767578,158.29660034179688,2682.876220703125,182.22496032714844,2.305358648300171,2667.19287109375,191.8493194580078,-122.4626007080078,2655.661376953125,208.1764984130859,-311.5325622558594,2631.6064453125,231.43649291992188,-276.5407409667969,2621.622314453125,315.4746398925781,-210.4408721923828,2555.03955078125,263.4845275878906,21.51414680480957,2502.3203125,70.58282470703125,48.43339920043945,2564.185302734375,70.06693267822266,78.03047943115234,2643.69775390625,48.232460021972656,37.35837936401367,2560.430419921875,33.11663818359375,-4.986554145812988,2648.854248046875,180.54249572753903,-284.15155029296875,2651.080810546875,69.50338745117188,-266.438232421875,2679.0703125,0.4094764590263366,-96.04178619384766,2845.62646484375,-10.017742156982422,37.996368408203125,2688.298583984375,34.42593765258789,48.078651428222656,2609.12451171875,71.63481903076172,44.47174453735352,2523.333251953125,55.058895111083984,28.932294845581055,2606.830078125,242.91696166992188,167.03036499023438,2648.573974609375,228.7318572998047,512.9118041992188,2716.3076171875,217.4343414306641,837.0534057617188,2808.208984375,197.4327850341797,922.5939331054688,2668.4619140625,105.7578353881836,150.4209747314453,2713.807861328125,85.57070922851562,502.1826171875,2710.40576171875,82.13683319091797,840.8945922851562,2746.56005859375,49.24592208862305,919.00732421875,2620.541748046875,208.24432373046875,-380.931884765625,2612.525634765625,186.48101806640625,-330.493408203125,2482.033447265625,215.97384643554688,-369.7870178222656,2486.32080078125,282.3216552734375,-410.8512573242187,2566.248046875,170.12020874023438,-372.2947082519531,2489.97509765625,138.97164916992188,-434.9378051757813,2581.8046875
171.28094482421875,158.7364044189453,2684.41650390625,182.75738525390625,2.8859972953796387,2669.104736328125,192.48516845703125,-121.77499389648438,2658.01904296875,207.83168029785156,-310.53424072265625,2632.591552734375,231.55418395996097,-275.6798400878906,2623.45703125,317.23333740234375,-209.3231658935547,2559.536376953125,265.1211853027344,22.247806549072266,2506.487548828125,69.65638732910156,46.05631637573242,2560.318359375,72.92471313476562,70.47498321533203,2641.4091796875,46.8083610534668,33.417686462402344,2557.80810546875,43.99861526489258,4.656527042388916,2662.315185546875,180.02316284179688,-283.1407775878906,2651.689453125,67.99594116210938,-261.7013244628906,2671.3759765625,-5.410321235656738,-83.81380462646484,2827.523193359375,4.529812335968018,47.87818908691406,2668.4912109375,48.85715866088867,62.295555114746094,2590.0419921875,82.21110534667969,47.73900604248047,2503.9375,77.36270141601562,38.92750930786133,2591.781982421875,243.43719482421875,167.39439392089844,2650.37353515625,228.8376922607422,513.1515502929688,2716.61572265625,216.75372314453125,837.5855102539062,2805.98974609375,199.59532165527344,924.1048583984376,2666.68212890625,106.2144775390625,150.9291229248047,2715.114501953125,85.65486145019531,502.2711181640625,2710.851318359375,82.0921630859375,840.6504516601562,2746.573486328125,49.708221435546875,923.1875,2623.479248046875,207.77288818359375,-379.6779479980469,2612.891357421875,186.8706512451172,-331.5718078613281,2481.5498046875,216.7218017578125,-370.4131164550781,2486.75537109375,282.5914001464844,-409.432861328125,2567.921142578125,170.91307067871094,-373.3824768066406,2489.960693359375,139.51951599121094,-434.8777465820313,2582.321533203125
171.66709899902344,155.8649139404297,2688.66650390625,180.65660095214844,0.6722807884216309,2671.091552734375,189.88153076171875,-123.7480926513672,2662.33740234375,209.1282958984375,-310.0390930175781,2628.1435546875,233.15232849121097,-274.7552490234375,2623.117919921875,323.7147216796875,-211.04547119140625,2564.35400390625,307.1584777832031,27.23573112487793,2523.506591796875,106.75550842285156,55.62020111083984,2503.555419921875,87.63633728027344,72.54259490966797,2584.04150390625,72.2741928100586,33.19021987915039,2499.2275390625,91.9603042602539,21.946855545043945,2604.293212890625,179.584716796875,-283.9723205566406,2646.095703125,65.7734375,-272.913330078125,2661.049072265625,-33.53728485107422,-67.37895202636719,2755.15771484375,16.33883285522461,49.65966796875,2593.19091796875,55.65938186645508,47.16398620605469,2511.254638671875,87.40443420410156,58.75041961669922,2424.46630859375,98.97228240966795,39.64203643798828,2525.849609375,246.124755859375,163.36669921875,2660.508056640625,229.6461181640625,508.8995666503906,2720.2822265625,215.44692993164065,833.6692504882812,2803.237060546875,198.12403869628903,927.9624633789062,2669.8369140625,104.52535247802734,149.1002197265625,2714.05810546875,85.59980773925781,499.1900329589844,2706.89599609375,81.67255401611328,836.3487548828125,2742.217041015625,49.69794464111328,921.4608764648438,2621.478515625,211.4620056152344,-377.7270202636719,2604.822509765625,191.05506896972656,-329.4286193847656,2474.03369140625,220.27975463867188,-368.5291442871094,2479.14111328125,285.5184326171875,-408.345703125,2559.864990234375,174.6094207763672,-370.8726806640625,2482.413330078125,142.66880798339844,-431.7782287597656,2574.447998046875
172.74136352539062,156.57272338867188,2687.96435546875,181.96043395996097,1.6931742429733276,2669.990478515625,191.4010772705078,-122.49490356445312,2661.04345703125,211.3978729248047,-308.6321105957031,2628.172607421875,235.43055725097656,-273.40374755859375,2623.396240234375,328.8901062011719,-211.3317413330078,2567.9384765625,315.67315673828125,26.30940055847168,2524.537109375,118.07452392578124,53.21110153198242,2486.286376953125,90.56742095947266,64.5255126953125,2565.168212890625,87.22203063964844,32.68732833862305,2476.14990234375,92.69254302978516,16.028959274291992,2584.25537109375,181.56834411621097,-282.5513610839844,2645.450927734375,67.75147247314453,-271.24139404296875,2658.6396484375,-28.224140167236328,-62.45842742919922,2747.890380859375,22.531166076660156,49.8670768737793,2583.302001953125,58.80389404296875,45.566036224365234,2500.205322265625,86.78812408447266,58.05210876464844,2412.414306640625,77.61442565917969,39.83784484863281,2496.665771484375,247.14532470703125,164.23818969726562,2660.074462890625,230.2368927001953,508.977294921875,2720.985107421875,215.5606384277344,832.9989624023438,2804.59716796875,199.38446044921875,924.6500244140624,2669.547119140625,105.64804077148438,149.6604461669922,2713.114013671875,86.3034896850586,499.1868591308594,2707.290771484375,82.32927703857422,835.486083984375,2745.45361328125,52.18864822387695,918.8255615234376,2623.31884765625,214.20123291015625,-376.3234558105469,2605.2705078125,191.3592529296875,-330.27703857421875,2474.31640625,221.0453643798828,-368.91107177734375,2479.55224609375,287.8052978515625,-406.7415771484375,2559.73974609375,175.5309600830078,-371.7035217285156,2483.534912109375,145.68795776367188,-431.4850769042969,2576.772216796875
175.69496154785156,159.64645385742188,2690.253173828125,186.4172210693359,6.083145618438721,2670.532958984375,196.4340057373047,-117.06237030029295,2659.198974609375,214.68800354003903,-302.56561279296875,2628.811279296875,239.36740112304688,-268.0059509277344,2624.994873046875,333.7893371582031,-207.61764526367188,2571.126953125,330.7940368652344,30.179141998291016,2536.03857421875,149.6876678466797,50.69398880004883,2449.5087890625,101.76561737060548,59.14588928222656,2517.68994140625,85.2598876953125,27.78083038330078,2430.631591796875,101.0882797241211,22.931982040405273,2539.122802734375,184.6988067626953,-276.0253601074219,2644.33740234375,71.04409790039062,-264.57568359375,2650.590576171875,-11.745758056640623,-55.48849868774414,2747.663330078125,39.53694152832031,35.278133392333984,2571.9462890625,33.434505462646484,35.31483840942383,2481.96142578125,108.1374740600586,47.45927810668945,2428.9677734375,91.54074096679688,33.631248474121094,2467.4912109375,250.89889526367188,167.95492553710938,2666.4443359375,231.0287628173828,510.79351806640625,2724.289794921875,211.5614776611328,832.962646484375,2805.517822265625,191.24380493164065,924.2333984375,2672.04541015625,107.8802719116211,152.15432739257812,2711.722900390625,86.44975280761719,499.3062744140625,2705.043212890625,79.3040542602539,833.17919921875,2744.924072265625,52.85080337524414,919.8673095703124,2625.48095703125,217.4206085205078,-370.0351867675781,2606.678955078125,195.4576873779297,-331.2958984375,2474.178466796875,226.2727203369141,-368.2391052246094,2481.6865234375,292.4711608886719,-399.5035705566406,2564.159423828125,181.11863708496097,-372.5603942871094,2485.005126953125,151.99139404296875,-428.6767883300781,2579.8359375
177.37368774414062,160.88589477539062,2689.7646484375,189.3203887939453,6.072819232940674,2670.726806640625,199.6648712158203,-117.9234848022461,2658.1298828125,217.1940460205078,-304.9584655761719,2627.284912109375,242.3323974609375,-270.2745666503906,2623.779296875,337.7006530761719,-206.62168884277344,2573.12841796875,343.1413269042969,33.7024040222168,2542.6318359375,160.34938049316406,45.24139404296875,2454.2275390625,111.2147445678711,53.786521911621094,2522.35986328125,92.21075439453124,23.579273223876953,2434.58984375,109.58601379394533,11.116799354553224,2540.073486328125,186.97198486328125,-278.0461120605469,2642.672119140625,73.69799041748047,-256.7861328125,2646.510986328125,11.805545806884766,-62.9992790222168,2786.41796875,48.32070541381836,28.49914932250977,2605.559326171875,60.80077362060547,38.66440963745117,2516.082763671875,94.46786499023438,49.241851806640625,2429.896484375,95.9766616821289,13.79050636291504,2499.533447265625,253.6607360839844,169.51800537109375,2667.441650390625,232.0203094482422,515.1317138671875,2724.968505859375,212.6299743652344,838.3833618164062,2812.6083984375,194.83116149902344,924.2744750976562,2673.718505859375,108.5823211669922,153.10194396972656,2709.89453125,86.66999816894531,503.0750122070313,2710.07958984375,78.5005874633789,840.6248168945312,2740.446044921875,40.78488540649414,923.8822631835938,2620.080322265625,219.75082397460935,-372.93609619140625,2604.856689453125,195.77944946289065,-331.0047912597656,2472.492431640625,227.658447265625,-367.7689208984375,2478.89013671875,295.66259765625,-399.9737243652344,2560.712890625,182.26988220214844,-373.1520690917969,2482.45263671875,154.82147216796875,-432.7037658691406,2576.78759765625
177.7325439453125,170.1343231201172,2689.237060546875,186.20669555664065,12.2012939453125,2669.274658203125,194.78724670410156,-114.56991577148438,2659.39794921875,218.04556274414065,-305.1461181640625,2631.579345703125,242.48326110839844,-269.1123046875,2626.827392578125,340.14788818359375,-205.0781707763672,2575.08154296875,359.8783874511719,40.09799575805664,2553.353271484375,180.53469848632812,50.542022705078125,2450.017333984375,126.52769470214844,63.5575065612793,2515.72265625,105.76103973388672,17.11772346496582,2433.6591796875,131.1892547607422,7.0428924560546875,2530.81591796875,186.6800537109375,-278.3587951660156,2647.235595703125,70.83380889892578,-260.90869140625,2656.40771484375,6.030030727386475,-69.35699462890625,2806.107666015625,30.50902557373047,38.716285705566406,2627.875,63.500301361083984,35.74991226196289,2541.355224609375,90.0492935180664,29.59873390197754,2450.447509765625,116.42413330078124,-29.50082015991211,2595.567138671875,255.7062530517578,177.16958618164062,2666.677734375,231.92005920410156,528.7608032226562,2728.17578125,211.9355926513672,859.1006469726562,2813.91845703125,196.9405975341797,927.022216796875,2661.65625,107.4202117919922,163.79029846191406,2709.579833984375,86.84028625488281,520.52978515625,2711.092529296875,77.97962951660156,865.1011352539062,2734.320556640625,26.83235740661621,946.7311401367188,2614.150146484375,222.4192047119141,-374.7718200683594,2610.110595703125,195.3752288818359,-327.2919921875,2477.329833984375,228.83787536621097,-364.1703796386719,2481.982666015625,299.8902587890625,-398.573974609375,2563.221435546875,182.778076171875,-370.9420471191406,2485.886474609375,157.42388916015625,-436.10455322265625,2579.787841796875
179.66932678222656,176.48272705078125,2688.48681640625,187.60691833496097,15.824302673339844,2670.88134765625,195.06068420410156,-112.96017456054688,2661.1943359375,220.84754943847656,-306.0087585449219,2632.15869140625,245.67318725585935,-269.27972412109375,2628.83056640625,344.2391052246094,-203.3990020751953,2576.33447265625,359.5576477050781,46.39426040649414,2562.510986328125,180.09104919433594,49.33918380737305,2452.794677734375,121.95291900634766,53.33437728881836,2517.84814453125,105.62448120117188,20.34453010559082,2427.017578125,123.5234146118164,-3.5084338188171387,2526.111328125,188.19078063964844,-279.1161193847656,2646.8505859375,70.67840576171875,-259.8763122558594,2639.881591796875,7.748007774353027,-68.14543914794922,2796.40966796875,49.950931549072266,18.168441772460938,2606.275634765625,55.698448181152344,25.35657119750977,2512.688232421875,81.63323974609375,25.92405128479004,2419.913330078125,91.91228485107422,-35.056434631347656,2497.588623046875,259.7480163574219,182.602294921875,2668.7470703125,233.84776306152344,539.8153076171875,2728.53125,210.87696838378903,876.0762329101562,2811.126953125,200.56051635742188,931.0400390625,2650.67578125,107.45884704589844,170.9644317626953,2706.286865234375,83.43944549560547,532.431884765625,2688.2080078125,71.5669937133789,882.8565063476562,2693.654052734375,24.39262008666992,969.1195678710938,2572.1083984375,226.6096649169922,-376.4403076171875,2609.896728515625,196.14537048339844,-325.059326171875,2476.9541015625,230.84085083007812,-361.9862365722656,2480.104248046875,304.8868408203125,-397.8504638671875,2560.4287109375,184.28643798828125,-369.8135681152344,2484.602294921875,161.2620086669922,-439.0122375488281,2578.4296875
171.78591918945312,176.45248413085938,2682.019775390625,183.04855346679688,16.564682006835938,2664.942138671875,193.21920776367188,-111.76016998291016,2658.99609375,220.99429321289065,-304.1478271484375,2632.672119140625,245.7733612060547,-267.50616455078125,2630.53076171875,344.3566589355469,-201.7461700439453,2579.159912109375,366.42974853515625,46.9454231262207,2577.089599609375,199.4816131591797,56.23040390014648,2450.771728515625,135.9834442138672,63.69646072387695,2509.776123046875,115.9123992919922,22.78975486755371,2423.43359375,137.66671752929688,7.7163987159729,2521.796142578125,187.6253204345703,-277.3735656738281,2645.311279296875,70.76829528808594,-259.6203308105469,2633.1591796875,2.8914809226989746,-72.0688247680664,2791.074462890625,54.111228942871094,17.2965145111084,2605.53955078125,63.80508804321289,12.30686092376709,2512.499755859375,117.3207015991211,9.058921813964844,2432.911865234375,111.96052551269533,0.0033006072044372,2503.04248046875,253.01414489746097,183.43911743164065,2670.177734375,232.18898010253903,539.7625122070312,2728.757080078125,210.35943603515625,875.1600952148438,2809.54345703125,201.93931579589844,930.968994140625,2649.968017578125,98.53885650634766,170.15234375,2692.6982421875,84.69792175292969,530.9116821289062,2707.2333984375,77.1400146484375,878.4318237304688,2741.79443359375,58.38902282714844,942.2380981445312,2600.978271484375,228.1510009765625,-374.4149169921875,2611.260009765625,200.86509704589844,-328.6694030761719,2476.199951171875,234.83189392089844,-365.7501220703125,2481.56103515625,306.6594543457031,-398.9430541992187,2564.3759765625,188.27796936035156,-372.709228515625,2485.537109375,162.71957397460938,-437.1629638671875,2581.485107421875
171.892333984375,177.40965270996094,2685.786376953125,184.42132568359375,18.309682846069336,2669.427734375,194.9482879638672,-109.0815200805664,2658.93896484375,221.23475646972656,-301.4498596191406,2638.50048828125,246.19720458984375,-265.25103759765625,2635.465087890625,342.9353942871094,-199.7086944580078,2581.88818359375,360.80816650390625,48.1343879699707,2579.63916015625,197.27218627929688,58.0067138671875,2450.57275390625,132.29385375976562,58.49384307861328,2507.803955078125,118.91521453857422,24.43986701965332,2417.789306640625,135.16885375976562,2.0397753715515137,2515.2109375,188.1593017578125,-274.19061279296875,2650.087890625,73.24139404296875,-253.3955841064453,2631.47021484375,-0.1653060317039489,-78.16375732421875,2798.845703125,57.57182693481445,17.43596839904785,2619.583251953125,64.78894805908203,17.836828231811523,2526.630615234375,99.34212493896484,21.35883331298828,2437.66162109375,92.40750885009766,-30.841772079467773,2510.461181640625,252.07745361328125,185.2879180908203,2670.578125,230.3827667236328,540.1080932617188,2727.40087890625,206.93763732910156,874.4319458007812,2805.148193359375,201.53436279296875,936.38916015625,2648.586181640625,99.58586120605467,170.3054656982422,2699.50048828125,84.67943572998047,529.4514770507812,2709.98779296875,76.91088104248047,875.6451416015625,2740.96826171875,66.31517028808594,936.7416381835938,2598.918701171875,227.9339141845703,-372.02923583984375,2619.280029296875,206.90914916992188,-326.7120666503906,2483.693115234375,240.06393432617188,-363.9540100097656,2490.557861328125,307.68560791015625,-397.4413757324219,2576.006103515625,193.53350830078125,-370.37353515625,2492.5966796875,163.4393310546875,-433.8952941894531,2587.151611328125
171.91705322265625,177.4028778076172,2685.811767578125,184.45599365234375,18.300338745117188,2669.458251953125,194.99559020996097,-109.09430694580078,2658.996826171875,221.31857299804688,-301.4671325683594,2638.615234375,246.27284240722656,-265.2632751464844,2635.561279296875,342.9708557128906,-199.7072906494141,2581.923095703125,360.7024841308594,48.149810791015625,2579.625732421875,197.10499572753903,57.67814254760742,2450.605712890625,132.1720733642578,58.08951950073242,2507.89111328125,119.00440979003906,23.72903823852539,2417.960205078125,135.97991943359375,1.718267798423767,2515.779296875,188.23974609375,-274.21063232421875,2650.202392578125,73.31446075439453,-253.4274139404297,2631.604248046875,-0.0053867697715759,-78.09208679199219,2798.915771484375,57.683406829833984,17.401390075683594,2619.576904296875,64.92230987548828,17.76483726501465,2526.624267578125,99.38452911376952,21.271556854248047,2437.61767578125,92.78680419921876,-30.933591842651367,2510.509521484375,252.1023712158203,185.28598022460935,2670.598876953125,230.38734436035156,540.1217041015625,2727.35693359375,206.9344787597656,874.4793090820312,2804.98291015625,201.5107421875,936.4734497070312,2648.43310546875,99.61043548583984,170.29434204101562,2699.529541015625,84.71158599853516,529.4451904296875,2710.076416015625,76.97107696533203,875.63232421875,2741.2041015625,66.44286346435547,936.7136840820312,2599.139892578125,228.0279541015625,-372.0527038574219,2619.416015625,206.82171630859375,-326.8806457519531,2483.806396484375,240.0350341796875,-364.0709838867187,2490.674560546875,307.7788391113281,-397.39111328125,2576.093994140625,193.51458740234375,-370.5538330078125,2492.75927734375,163.59085083007812,-434.0373840332031,2587.396484375
173.222900390625,178.1324005126953,2684.84130859375,186.20947265625,19.00997734069824,2668.396240234375,197.2561798095703,-108.44801330566406,2658.617919921875,225.54833984375,-300.9046936035156,2641.115966796875,250.1341094970703,-264.4818420410156,2637.47705078125,346.116943359375,-198.9728851318359,2582.392333984375,357.2084655761719,49.1484260559082,2571.64892578125,193.87939453125,41.323387145996094,2442.03955078125,128.4444580078125,42.72565841674805,2498.78857421875,120.03084564208984,8.434530258178711,2408.220458984375,132.02154541015625,-13.657976150512695,2507.35986328125,192.1907958984375,-273.80633544921875,2652.337646484375,76.41069793701172,-254.6835174560547,2637.296875,-0.9991377592086792,-40.00215148925781,2747.21875,40.514949798583984,49.71169662475586,2560.474609375,60.49660873413086,28.185216903686523,2471.947265625,115.51016235351562,17.77112579345703,2394.52294921875,98.1534194946289,-33.83757400512695,2483.096435546875,253.41656494140625,186.2506103515625,2669.618408203125,230.9191131591797,541.2884521484375,2725.72412109375,206.98550415039065,876.0608520507812,2802.01904296875,201.37791442871097,939.5216064453124,2645.991455078125,100.90874481201172,170.8118438720703,2698.56884765625,85.63607788085938,530.0324096679688,2710.986083984375,77.6336898803711,876.103271484375,2744.79150390625,68.1322250366211,935.1953125,2601.7490234375,232.96505737304688,-371.72955322265625,2622.97412109375,207.8308563232422,-330.23492431640625,2486.799560546875,242.070556640625,-366.4849548339844,2493.80224609375,312.39886474609375,-396.2204284667969,2578.5146484375,195.75303649902344,-374.0022888183594,2497.0400390625,169.335693359375,-435.9572448730469,2593.769775390625
173.1792449951172,180.50030517578125,2682.260009765625,186.62570190429688,22.353113174438477,2663.876220703125,199.05755615234375,-104.59789276123048,2657.150390625,225.74758911132812,-296.62847900390625,2642.384521484375,250.1265411376953,-260.55169677734375,2636.80615234375,347.77264404296875,-197.7077178955078,2582.89111328125,349.55877685546875,49.677207946777344,2575.895263671875,193.2992706298828,33.760623931884766,2439.963134765625,125.51404571533205,33.46647644042969,2493.276123046875,120.29263305664062,6.5367913246154785,2400.47265625,126.59163665771484,-23.191884994506836,2497.65234375,193.21078491210935,-269.28961181640625,2654.604248046875,76.15892028808594,-257.74212646484375,2648.470458984375,-25.703638076782227,-36.27555084228515,2713.027099609375,-19.578102111816406,40.77963638305664,2517.39404296875,43.34537506103515,49.28117370605469,2449.640869140625,100.98776245117188,57.16116714477539,2374.3857421875,78.94607543945312,-21.175634384155273,2484.134765625,252.743896484375,189.1514587402344,2666.0341796875,230.7272491455078,542.2208251953125,2724.398193359375,208.28598022460935,875.1692504882812,2802.189208984375,203.93495178222656,937.7920532226562,2646.59521484375,101.4322738647461,172.6991729736328,2696.891845703125,85.75424194335938,530.2607421875,2710.1728515625,77.7088623046875,874.5184936523438,2746.433349609375,62.62887191772461,934.208251953125,2604.87548828125,232.0192718505859,-367.52642822265625,2625.46484375,219.6294403076172,-335.8723449707031,2485.625,249.77195739746097,-374.0184631347656,2497.837890625,311.2333984375,-402.2366943359375,2589.03369140625,203.06033325195312,-377.236328125,2498.3330078125,165.12037658691406,-428.0568542480469,2597.05908203125
174.6103973388672,179.1751708984375,2680.03271484375,188.9462432861328,19.98221969604492,2665.204345703125,201.94924926757812,-107.59693145751952,2660.381103515625,231.32745361328125,-300.1148376464844,2645.11376953125,255.0594482421875,-263.50433349609375,2638.67529296875,350.0257568359375,-196.98358154296875,2582.9931640625,334.5626220703125,49.88908767700195,2557.72607421875,173.14439392089844,23.450950622558594,2428.1259765625,107.31321716308594,24.144861221313477,2484.45068359375,117.76468658447266,-1.2443959712982178,2391.184326171875,109.66673278808594,-32.414241790771484,2491.2060546875,198.6077117919922,-273.1339111328125,2658.345947265625,80.7178726196289,-264.2173767089844,2663.26318359375,-17.24168586730957,-30.5748291015625,2662.92041015625,-25.6531982421875,-4.900990009307861,2453.323974609375,44.14556884765625,44.82844161987305,2416.4755859375,111.01202392578124,79.33290100097656,2357.561279296875,91.77438354492188,-26.919269561767575,2485.360107421875,254.36883544921875,187.9508819580078,2662.928955078125,231.24835205078125,542.2429809570312,2723.695068359375,208.1589813232422,876.3277587890625,2803.449951171875,201.5895538330078,935.2366943359376,2645.654052734375,102.6886749267578,171.26173400878906,2695.455810546875,85.9903335571289,530.4373779296875,2709.052734375,77.10153198242188,876.0693359375,2747.426513671875,61.60293960571289,931.2652587890624,2603.3271484375,238.2187957763672,-371.2784118652344,2628.072998046875,218.3878631591797,-336.4406433105469,2489.15869140625,251.265380859375,-373.26513671875,2499.1259765625,318.1313171386719,-400.4718933105469,2587.441162109375,204.65293884277344,-379.22406005859375,2501.32373046875,173.48773193359375,-435.083984375,2600.349365234375
174.28927612304688,179.3428497314453,2679.3916015625,187.7255401611328,20.4081974029541,2664.32958984375,200.01271057128903,-107.00653839111328,2659.939453125,229.12754821777344,-299.4322509765625,2648.29248046875,253.05113220214844,-263.053955078125,2641.834228515625,347.8880310058594,-196.5425567626953,2586.499267578125,335.123046875,47.32185745239258,2542.33447265625,172.34169006347656,18.765945434570312,2415.5732421875,107.12023162841795,25.087482452392575,2471.99755859375,116.68478393554688,-5.845323085784912,2380.524169921875,107.23149871826172,-30.964202880859375,2481.8798828125,196.2630157470703,-272.2244873046875,2660.3603515625,78.30228424072266,-266.5755615234375,2659.570556640625,-10.43979835510254,-29.852136611938477,2664.30224609375,6.834348678588867,-35.11024856567383,2454.157470703125,79.49751281738281,-2.682488441467285,2405.810791015625,151.3777618408203,53.62027740478515,2378.2373046875,112.74312591552734,-74.85212707519531,2439.396728515625,254.21592712402344,187.59359741210935,2663.62939453125,231.9160919189453,540.8657836914062,2726.454833984375,208.46482849121097,873.7413940429688,2808.245849609375,201.7686767578125,931.1626586914062,2650.2568359375,102.21588897705078,171.9027862548828,2693.605224609375,86.32642364501953,530.2136840820312,2711.724609375,76.71526336669922,874.8148803710938,2752.957763671875,62.5094108581543,928.7490844726562,2608.572021484375,236.1813201904297,-370.7265930175781,2632.52880859375,213.1103515625,-337.1558532714844,2494.095947265625,246.5420684814453,-373.4651184082031,2503.60498046875,315.4047546386719,-399.24456787109375,2590.516357421875,200.1471405029297,-379.9218444824219,2506.810546875,171.7466278076172,-435.3260498046875,2606.6474609375
175.1572265625,179.55154418945312,2679.942626953125,186.14987182617188,20.562335968017575,2665.777587890625,195.88865661621097,-106.798095703125,2659.039306640625,226.4208221435547,-298.8563232421875,2649.508056640625,250.12838745117188,-262.42047119140625,2642.97900390625,345.1370544433594,-195.91671752929688,2588.33154296875,336.9007568359375,46.44218063354492,2537.212890625,178.573486328125,22.592668533325195,2404.436767578125,111.54840087890624,30.785388946533203,2458.2705078125,116.82988739013672,-5.922093868255615,2368.74267578125,111.97535705566406,-24.752676010131836,2470.588623046875,193.2840118408203,-271.80657958984375,2660.952880859375,75.43624114990234,-267.1262512207031,2660.90771484375,-5.879081726074219,-31.5575008392334,2701.649169921875,22.0859317779541,-69.64231872558594,2496.379638671875,84.19737243652344,-28.133028030395508,2441.018310546875,151.25933837890625,29.989355087280273,2406.417236328125,114.6163330078125,-83.56954193115234,2435.50732421875,255.01382446289065,186.51318359375,2663.776611328125,234.9117126464844,538.8221435546875,2729.9169921875,214.00765991210935,869.75732421875,2818.095458984375,203.8788299560547,923.2807006835938,2659.162841796875,103.1470184326172,173.27392578125,2694.520263671875,83.80338287353516,530.90869140625,2713.124755859375,72.44625854492188,874.8417358398438,2755.5693359375,46.979827880859375,927.0428466796876,2612.31982421875,234.12884521484375,-370.1460876464844,2634.504638671875,215.4980010986328,-337.6392517089844,2495.35205078125,249.20323181152344,-373.2113952636719,2506.228271484375,315.2493896484375,-397.2707214355469,2595.58544921875,202.916015625,-380.53668212890625,2507.77685546875,172.00588989257812,-435.9913940429687,2606.650390625
176.17333984375,179.9180145263672,2682.159423828125,188.76426696777344,21.92191696166992,2669.284423828125,199.9668884277344,-104.65221405029295,2665.407958984375,226.61378479003903,-295.8298645019531,2651.68017578125,250.98744201660156,-259.9578857421875,2646.405029296875,344.7374572753906,-195.2221221923828,2589.3466796875,341.1595458984375,45.38704299926758,2536.7666015625,182.12371826171875,23.36217498779297,2406.531982421875,116.1870346069336,33.59557342529297,2460.51611328125,118.19435119628906,-3.606434822082519,2371.701171875,115.0740203857422,-21.482831954956055,2472.9716796875,194.06590270996097,-268.563232421875,2663.25537109375,77.23175048828125,-261.7601013183594,2656.62451171875,-19.85393524169922,-35.83589172363281,2706.825927734375,37.81357955932617,-76.78461456298828,2509.78515625,110.46468353271484,-59.70586395263672,2455.283203125,191.5611267089844,-32.273189544677734,2414.872802734375,118.70587158203124,-92.97059631347656,2441.25341796875,255.91322326660156,187.3987274169922,2668.340087890625,236.31314086914065,537.8685302734375,2732.49658203125,214.5853271484375,866.7576293945312,2819.992431640625,204.11672973632812,924.70068359375,2663.736572265625,104.26837921142578,173.17233276367188,2694.620849609375,84.76730346679688,528.6903686523438,2711.4130859375,73.96730041503906,869.9165649414062,2758.353515625,55.86880111694336,930.06787109375,2618.14990234375,233.06544494628903,-366.4434509277344,2635.14404296875,220.036376953125,-341.38055419921875,2494.7294921875,253.1835174560547,-375.9581909179687,2508.681640625,315.26788330078125,-394.9336242675781,2601.1669921875,207.1776428222656,-383.38958740234375,2508.748291015625,172.6938934326172,-433.5429992675781,2608.417236328125
176.5965576171875,177.69522094726562,2681.712158203125,189.28366088867188,19.545852661132812,2668.7314453125,200.57369995117188,-107.1588363647461,2664.95556640625,228.2850799560547,-298.4023742675781,2651.36181640625,252.55682373046875,-262.3732604980469,2646.308349609375,346.4735412597656,-196.14988708496097,2590.955322265625,346.35052490234375,43.51177978515625,2532.979736328125,188.6644287109375,33.452720642089844,2399.3271484375,122.7494888305664,44.59206771850586,2453.302978515625,119.98751831054688,-1.8522255420684817,2368.857421875,125.07085418701172,-9.247679710388184,2470.564453125,195.47280883789065,-271.2689208984375,2662.67822265625,78.70296478271484,-262.2459716796875,2655.398193359375,-18.6773681640625,-39.23725891113281,2717.890380859375,40.21925354003906,-71.25730895996094,2519.330322265625,123.79454040527344,-57.40480422973633,2482.15869140625,195.89529418945312,-35.232933044433594,2424.79052734375,127.36421966552734,-80.96868133544922,2458.2236328125,256.46307373046875,185.2161407470703,2668.1416015625,236.806640625,536.10400390625,2732.099365234375,214.54627990722656,865.40673828125,2819.314453125,207.45660400390625,923.6058959960938,2662.775146484375,104.57738494873048,170.91326904296875,2693.949462890625,84.71639251708984,526.8345947265625,2709.77099609375,74.4901351928711,868.24169921875,2758.182861328125,54.14349365234375,927.2071533203124,2617.605712890625,235.22601318359375,-369.0510559082031,2634.833740234375,220.8499298095703,-343.2208251953125,2494.534912109375,254.61441040039065,-377.4529724121094,2508.040771484375,317.67095947265625,-396.17718505859375,2600.06494140625,208.67103576660156,-385.54437255859375,2508.374755859375,175.56011962890625,-436.89312744140625,2608.04541015625
176.89199829101562,173.36700439453125,2684.265869140625,189.81138610839844,15.662654876708984,2671.89306640625,201.0558624267578,-110.6449203491211,2667.43505859375,229.10398864746097,-300.966796875,2650.244140625,253.28924560546875,-264.9151916503906,2646.14794921875,346.1517333984375,-196.0716552734375,2593.13232421875,347.3176574707031,42.20104217529297,2532.603759765625,189.9457550048828,47.16375350952149,2399.243408203125,126.94796752929688,66.56436920166016,2453.95556640625,126.43928527832033,1.6545131206512451,2383.052978515625,135.3388214111328,19.244775772094727,2483.513427734375,196.2498779296875,-274.19537353515625,2661.79150390625,80.58367919921875,-258.8509216308594,2653.191162109375,-0.2729296684265136,-34.13914108276367,2728.783935546875,53.885501861572266,-48.77970886230469,2527.505859375,129.0350341796875,-43.87604522705078,2474.2490234375,187.4291229248047,-36.081172943115234,2400.375,131.38897705078125,-107.80901336669922,2464.808837890625,256.5856018066406,180.92459106445312,2671.150390625,236.1645050048828,531.1922607421875,2732.301025390625,212.71368408203125,860.0888061523438,2816.73681640625,209.10508728027344,923.1028442382812,2662.48779296875,105.02875518798828,166.55198669433594,2696.092529296875,86.34082794189453,521.7463989257812,2703.753173828125,76.80641174316406,863.3958129882812,2742.319580078125,58.3837890625,928.0562744140624,2604.506591796875,236.2782287597656,-371.0460815429687,2632.39599609375,229.9031982421875,-350.7532958984375,2491.032958984375,261.6580505371094,-385.3509216308594,2507.590576171875,319.1474609375,-402.1526794433594,2603.15283203125,215.64303588867188,-391.9216003417969,2505.876953125,175.9304962158203,-437.8049926757813,2605.39599609375
176.84561157226562,167.5286102294922,2688.0712890625,193.1799163818359,11.147871971130373,2676.981201171875,206.69253540039065,-114.07323455810548,2672.991943359375,231.49314880371097,-303.07489013671875,2651.64599609375,256.409423828125,-267.70269775390625,2649.829345703125,349.73712158203125,-198.23670959472656,2600.677978515625,360.6937255859375,38.04232025146485,2540.170654296875,204.6779022216797,51.0311164855957,2407.953857421875,146.99435424804688,86.71566772460938,2459.305419921875,135.36868286132812,14.937236785888672,2397.4462890625,148.08544921875,43.00266647338867,2494.322265625,198.8878631591797,-276.1236877441406,2662.29833984375,87.00582885742188,-250.7177276611328,2643.93896484375,13.683199882507324,-45.76374435424805,2764.369140625,83.75470733642578,17.879762649536133,2579.706787109375,156.4322509765625,37.14411163330078,2527.382568359375,221.57960510253903,-10.445940971374512,2575.303466796875,122.43878173828124,-96.17102813720705,2535.94140625,256.607666015625,176.3606719970703,2681.010498046875,234.5272979736328,525.3192138671875,2734.32470703125,208.1407470703125,853.2718505859375,2811.863525390625,208.8722686767578,924.1266479492188,2662.283203125,104.9206771850586,159.56436157226562,2694.438232421875,86.76155853271484,512.3920288085938,2698.406005859375,81.85784149169922,850.1968994140625,2748.82275390625,58.79445266723633,919.1790161132812,2615.033935546875,238.06341552734375,-372.2688598632813,2632.212890625,235.7014312744141,-347.15032958984375,2492.503173828125,267.0054016113281,-381.8646545410156,2508.641357421875,321.4149169921875,-401.5533447265625,2604.540771484375,221.4288024902344,-388.6295471191406,2505.35595703125,179.4580535888672,-437.96441650390625,2601.294921875
177.16461181640625,169.4527130126953,2686.746337890625,192.5245819091797,13.51638126373291,2675.292236328125,205.19541931152344,-111.37486267089844,2671.13818359375,228.1076812744141,-299.94873046875,2649.501220703125,253.38075256347656,-264.97796630859375,2648.2998046875,348.993408203125,-198.12542724609375,2601.005859375,353.5820007324219,38.51354217529297,2544.415283203125,201.07485961914065,58.89487838745117,2410.086669921875,137.67713928222656,73.54273223876953,2464.464111328125,179.37937927246094,35.808616638183594,2387.70703125,145.35653686523438,23.69909286499023,2489.387939453125,195.7336578369141,-272.750244140625,2659.637451171875,84.01206970214844,-247.62786865234375,2642.330322265625,17.19295883178711,-40.247039794921875,2760.70263671875,88.54368591308594,14.636337280273438,2574.48291015625,110.00104522705078,-51.8011474609375,2515.6435546875,139.90936279296875,-125.14403533935548,2465.899169921875,96.3964614868164,-86.7796859741211,2520.1201171875,256.819580078125,177.72877502441406,2680.893310546875,235.9693603515625,525.5604858398438,2734.440673828125,210.4167327880859,852.5930786132812,2811.353271484375,215.2665100097656,923.1994018554688,2662.328369140625,105.33623504638672,161.9898223876953,2692.024169921875,87.7286605834961,513.7006225585938,2695.349853515625,82.53429412841797,850.30517578125,2746.24267578125,59.20381164550781,923.4998168945312,2615.33251953125,234.2084045410156,-368.908935546875,2629.955810546875,251.4244384765625,-347.8444519042969,2491.088134765625,276.7164001464844,-384.9015197753906,2511.50048828125,316.5928649902344,-407.03668212890625,2613.398193359375,231.5754852294922,-387.17041015625,2502.7216796875,173.57505798339844,-429.107666015625,2593.219970703125
174.16567993164062,171.2099151611328,2692.114990234375,191.961669921875,14.118775367736816,2680.06201171875,206.2882843017578,-111.6220474243164,2672.90087890625,228.65084838867188,-301.8338623046875,2649.48291015625,254.50205993652344,-266.775146484375,2649.89990234375,355.2390441894531,-199.3264923095703,2611.90673828125,359.2789611816406,38.762168884277344,2551.791015625,215.41702270507812,62.59843826293945,2406.103515625,147.19610595703125,74.1872329711914,2456.455322265625,198.6074981689453,42.504852294921875,2381.788818359375,153.19195556640625,23.177106857299805,2479.763427734375,195.80221557617188,-274.2121887207031,2658.622802734375,82.3160171508789,-250.8504638671875,2643.278076171875,8.499130249023438,-47.07163619995117,2768.360107421875,92.67118072509766,-32.101402282714844,2577.932373046875,125.3629913330078,-105.978759765625,2533.6162109375,149.4835968017578,-167.9900360107422,2466.6630859375,127.03607940673828,-109.99095153808594,2524.369384765625,254.62049865722656,180.528076171875,2689.458251953125,234.44302368164065,532.8309326171875,2734.870361328125,209.1331329345703,865.0366821289062,2802.813232421875,188.0008850097656,944.9306640625,2658.27734375,101.61604309082033,162.8073272705078,2694.510986328125,86.78013610839844,517.9049072265625,2694.424072265625,78.53424835205078,857.8668212890625,2743.625,51.36221694946289,922.6206665039062,2607.486328125,235.05772399902344,-371.2131042480469,2629.08935546875,259.725830078125,-345.2882080078125,2490.83642578125,283.6214294433594,-383.82080078125,2511.29931640625,318.3387451171875,-410.4752807617187,2615.1162109375,238.53472900390625,-385.0232849121094,2500.12548828125,174.88075256347656,-429.5667114257813,2586.85986328125
173.77621459960938,168.55397033691406,2693.60009765625,190.86883544921875,10.369196891784668,2682.797119140625,204.56155395507812,-116.13478088378906,2674.862548828125,228.7130126953125,-306.8810119628906,2648.52734375,254.55859375,-271.58154296875,2650.881103515625,356.9283447265625,-203.02880859375,2616.984375,377.79736328125,38.17570114135742,2567.9833984375,233.88978576660156,65.12439727783203,2421.19580078125,165.21588134765625,76.47445678710938,2471.828857421875,219.32183837890625,47.55133056640625,2397.22998046875,170.4727325439453,24.54931640625,2494.041259765625,195.1953887939453,-279.36090087890625,2656.717529296875,81.41741180419922,-256.2631530761719,2638.281005859375,1.6031787395477295,-28.427928924560547,2709.468017578125,100.70093536376952,-79.48670959472656,2531.563720703125,131.8313446044922,-154.766845703125,2487.37255859375,146.85545349121094,-222.77230834960935,2422.852783203125,140.2672576904297,-155.21070861816406,2479.17333984375,254.7458343505859,177.48626708984375,2690.91845703125,234.70594787597656,532.297119140625,2732.908935546875,209.6878662109375,866.7633666992188,2799.73291015625,195.15318298339844,934.7762451171876,2647.401123046875,100.76234436035156,160.49929809570312,2696.0185546875,86.32363891601562,517.6026611328125,2689.039794921875,79.23051452636719,858.1417846679688,2747.4814453125,51.8509521484375,924.4569091796876,2611.135986328125,236.32369995117188,-376.2162780761719,2626.93408203125,269.52117919921875,-350.6923828125,2489.5380859375,292.8390808105469,-388.8817138671875,2511.92236328125,321.46405029296875,-414.3505554199219,2618.56591796875,248.32839965820312,-390.9530029296875,2497.827392578125,179.62799072265625,-436.2403869628906,2581.166748046875
173.4096221923828,169.9786376953125,2693.688232421875,190.5657958984375,12.41031265258789,2682.63916015625,204.3227996826172,-113.63187408447266,2675.00732421875,228.2692108154297,-303.8831787109375,2650.209716796875,254.0877685546875,-268.79156494140625,2652.938232421875,358.4072570800781,-202.61376953125,2622.183349609375,381.2944641113281,38.36745071411133,2577.78076171875,243.2862091064453,65.02096557617188,2426.42236328125,172.69390869140625,75.07162475585938,2474.065185546875,215.75173950195312,38.12862777709961,2396.33740234375,177.4864044189453,23.250896453857425,2495.894287109375,194.8049468994141,-276.30999755859375,2657.517333984375,81.72107696533203,-255.64906311035156,2635.1044921875,-5.791403293609619,-27.732044219970703,2692.34228515625,101.9810562133789,-83.41996002197266,2521.939697265625,136.29296875,-161.50746154785156,2486.571533203125,155.0709991455078,-234.74652099609375,2429.73486328125,147.05796813964844,-160.76979064941406,2478.78271484375,254.08950805664065,178.9198455810547,2691.453125,234.8741149902344,532.0855102539062,2736.377685546875,210.5603179931641,865.427734375,2802.637451171875,202.43251037597656,929.9036865234376,2648.973876953125,100.65702056884766,161.9159393310547,2695.70361328125,86.27145385742188,517.6902465820312,2688.111328125,79.14899444580078,856.9190673828125,2746.65234375,53.4268684387207,924.0570068359376,2611.029296875,236.06724548339844,-373.0932312011719,2629.197265625,270.5315856933594,-344.7644958496094,2493.22265625,292.4243469238281,-384.1827392578125,2514.475830078125,319.6541748046875,-413.5627746582031,2620.03076171875,248.09442138671875,-384.3937377929687,2500.2314453125,177.86898803710938,-429.6725158691406,2581.677734375
169.20628356933594,174.7143096923828,2686.8056640625,186.21994018554688,19.20348358154297,2667.078125,200.68798828125,-105.88806915283205,2661.349609375,226.50369262695312,-295.3194885253906,2644.99072265625,251.7971649169922,-260.2327575683594,2647.39794921875,360.9927062988281,-201.02505493164065,2624.30078125,394.7633666992187,40.7402229309082,2616.544677734375,267.7070617675781,65.70217895507812,2457.629150390625,194.25523376464844,79.89765167236328,2498.202880859375,209.54408264160156,69.87706756591797,2404.468505859375,177.5667266845703,26.90010452270508,2490.880126953125,192.8710021972656,-267.9391174316406,2649.832763671875,77.42974090576172,-258.4568786621094,2640.186279296875,-17.06302833557129,-30.242963790893555,2609.87158203125,134.75608825683594,-124.12598419189452,2503.9091796875,123.33308410644533,-205.08543395996097,2462.533203125,194.2469482421875,-264.99163818359375,2476.46533203125,164.81430053710938,-186.74847412109375,2444.9228515625,248.99400329589844,184.22445678710935,2680.6494140625,237.60543823242188,533.8189697265625,2733.9814453125,221.6802215576172,863.0784912109375,2809.32470703125,215.46253967285156,928.79248046875,2657.4775390625,97.25817108154295,166.13861083984375,2692.357177734375,85.81597900390625,519.3193969726562,2685.051513671875,78.86165618896484,855.504638671875,2745.808837890625,53.216400146484375,920.2455444335938,2610.320068359375,235.47560119628903,-364.6914978027344,2627.12109375,275.90789794921875,-351.45086669921875,2491.623779296875,295.72198486328125,-388.6388549804687,2517.5400390625,317.65423583984375,-407.3738403320313,2625.806396484375,252.35516357421875,-389.3541564941406,2501.599609375,178.25611877441406,-424.1529541015625,2583.499755859375
170.36410522460938,174.796875,2687.647216796875,187.41615295410156,19.90751838684082,2668.015625,201.9004364013672,-104.68936920166016,2662.449951171875,227.4988250732422,-293.4480895996094,2646.834716796875,252.7201232910156,-258.5440368652344,2649.56982421875,362.7429504394531,-200.7168884277344,2629.865966796875,397.1253662109375,40.11193084716797,2631.127685546875,276.8477478027344,71.28794860839844,2469.10400390625,204.49591064453125,84.93516540527344,2511.114990234375,216.9467010498047,82.59358978271484,2416.83837890625,181.12538146972656,36.36335754394531,2495.313232421875,193.9807891845703,-266.1044006347656,2651.0986328125,79.16973876953125,-257.03509521484375,2639.28125,-17.767131805419922,-30.256704330444336,2614.430419921875,134.8477783203125,-117.57547760009766,2505.63427734375,119.50592803955078,-198.9293975830078,2467.201904296875,190.86976623535156,-259.26263427734375,2470.281982421875,157.6999969482422,-180.1512756347656,2443.996337890625,249.84654235839844,184.30300903320312,2681.68408203125,237.0837554931641,532.1991577148438,2736.564208984375,219.5798187255859,859.5198364257812,2814.012451171875,212.7066192626953,921.5490112304688,2661.35546875,98.69129943847656,166.2247772216797,2693.024169921875,86.6736068725586,517.97705078125,2684.953857421875,79.62538146972656,852.6767578125,2746.347412109375,54.973365783691406,920.4505615234376,2612.84521484375,236.5759429931641,-362.5907287597656,2629.278076171875,281.4056091308594,-346.48388671875,2496.07958984375,299.6898498535156,-384.5369873046875,2521.488525390625,317.72711181640625,-406.4529418945313,2629.42041015625,257.02447509765625,-384.08251953125,2504.226806640625,180.0607452392578,-419.6460266113281,2582.429931640625
170.49758911132812,171.57200622558594,2689.780517578125,187.3918609619141,16.807302474975586,2670.25146484375,201.66847229003903,-107.67581176757812,2664.366455078125,225.7040252685547,-296.09893798828125,2644.951416015625,251.18362426757812,-261.5342712402344,2648.73828125,363.0349426269531,-206.2179412841797,2633.381103515625,419.4295043945313,29.01436424255371,2656.888427734375,297.4134826660156,83.87651824951172,2502.9033203125,225.9219207763672,99.47201538085938,2545.5380859375,239.21934509277344,100.31564331054688,2451.4453125,204.63462829589844,49.322025299072266,2531.04638671875,192.4209747314453,-268.56805419921875,2649.416259765625,78.20075225830078,-257.8141174316406,2634.736083984375,-26.92141342163086,-35.076377868652344,2609.035888671875,137.59828186035156,-110.61346435546876,2509.553466796875,120.53524780273438,-188.91297912597656,2466.048095703125,206.9279327392578,-223.4553070068359,2474.3251953125,155.74771118164062,-167.01998901367188,2440.92138671875,249.94578552246097,180.9466857910156,2684.216796875,234.3926544189453,528.3193969726562,2739.49072265625,213.80430603027344,854.9642333984375,2817.606689453125,212.60890197753903,919.9212036132812,2666.195556640625,98.85567474365234,163.11842346191406,2694.797607421875,86.2785415649414,514.4730224609375,2685.310546875,79.38179779052734,848.979736328125,2745.934326171875,53.084869384765625,918.6350708007812,2613.889892578125,234.34930419921875,-364.85888671875,2626.0146484375,276.0193176269531,-351.4863586425781,2491.638671875,295.2982482910156,-388.6582336425781,2517.519287109375,315.93402099609375,-407.7128601074219,2625.41650390625,252.3055725097656,-389.1211242675781,2501.215576171875,177.58029174804688,-423.63482666015625,2581.8564453125
171.51626586914062,169.24081420898438,2691.999755859375,187.27569580078125,14.230116844177246,2673.948974609375,200.17105102539065,-110.25747680664062,2666.16650390625,223.65101623535156,-298.5511169433594,2645.482177734375,249.21136474609375,-264.1669006347656,2650.11083984375,361.1121520996094,-209.6895294189453,2632.607666015625,433.13818359375,19.716411590576172,2667.435546875,305.1666564941406,93.30182647705078,2526.7587890625,238.74449157714844,111.13308715820312,2576.128173828125,260.7911071777344,120.99774932861328,2484.249755859375,209.79135131835935,67.58293151855469,2555.6943359375,190.43240356445312,-270.9002380371094,2649.524658203125,76.61327362060547,-256.8365783691406,2634.83056640625,-26.17342758178711,-33.97165298461914,2602.44921875,144.65013122558594,-104.65689849853516,2510.4501953125,117.23726654052734,-186.26589965820312,2480.4892578125,209.2419281005859,-200.78732299804688,2473.8681640625,143.12510681152344,-166.46099853515625,2444.252685546875,251.18714904785156,177.67111206054688,2689.162353515625,234.6081085205078,525.3159790039062,2741.607177734375,214.28268432617188,852.216796875,2818.22412109375,214.297607421875,919.6554565429688,2667.957275390625,99.67354583740234,161.63885498046875,2694.558349609375,86.46790313720703,512.87939453125,2686.103515625,79.95883178710938,847.3230590820312,2746.481689453125,54.081993103027344,918.195556640625,2615.0615234375,232.3357086181641,-367.1529846191406,2626.08642578125,276.4113464355469,-351.0050048828125,2492.837158203125,296.8131103515625,-387.3756408691406,2518.96337890625,315.81695556640625,-406.1004333496094,2627.17919921875,254.2932281494141,-389.7604064941406,2501.66162109375,179.45994567871094,-428.2412414550781,2580.32763671875
170.96372985839844,165.5631866455078,2690.3759765625,186.1429443359375,11.077880859375,2673.189453125,198.5171813964844,-113.0035629272461,2666.87841796875,219.51095581054688,-300.92047119140625,2647.70458984375,245.3350524902344,-267.1041564941406,2653.242919921875,358.5517883300781,-216.0992889404297,2637.721435546875,430.43988037109375,11.450737953186035,2677.403076171875,309.8921203613281,87.24381256103516,2532.6669921875,246.63287353515625,116.3830795288086,2580.15283203125,256.5192565917969,109.25782012939452,2486.349365234375,216.1485595703125,70.86994171142578,2571.054931640625,186.7733459472656,-272.8212890625,2650.33349609375,75.20134735107422,-253.52069091796875,2629.5244140625,-17.4846134185791,-25.99644660949707,2609.55419921875,141.79595947265625,-85.2386474609375,2493.81640625,124.74169158935548,-173.9385223388672,2484.907958984375,184.27159118652344,-207.03265380859375,2421.61669921875,141.9867401123047,-162.33876037597656,2429.372314453125,250.35804748535156,173.5792236328125,2688.443359375,234.20936584472656,519.8318481445312,2740.097412109375,213.76345825195312,845.5386962890625,2815.42333984375,214.38345336914065,920.478515625,2669.550048828125,99.37039184570312,158.33477783203125,2692.118896484375,86.52011108398438,508.1348876953125,2686.613037109375,79.53412628173828,841.2133178710938,2746.27392578125,60.69597625732422,918.263916015625,2617.918212890625,227.76136779785156,-369.42486572265625,2628.925048828125,275.7647705078125,-349.5833435058594,2498.19775390625,294.5765075683594,-387.1286010742187,2523.443115234375,310.0066223144531,-409.9970703125,2630.936767578125,252.7124938964844,-387.9779968261719,2504.96240234375,175.2101593017578,-427.4452209472656,2579.736083984375
171.99505615234375,164.5514678955078,2688.619873046875,185.97837829589844,9.561687469482422,2675.65478515625,197.23648071289065,-114.75563049316406,2673.7177734375,219.16448974609375,-302.3308410644531,2652.577392578125,244.77227783203125,-268.5179748535156,2659.025390625,357.90655517578125,-218.5394592285156,2640.069091796875,427.1921997070313,11.20920467376709,2670.435302734375,312.95263671875,79.21044921875,2517.00830078125,247.85333251953125,110.6490478515625,2560.340576171875,256.77215576171875,83.1186752319336,2470.296875,223.4384307861328,70.86643981933594,2570.715087890625,186.30067443847656,-274.3641662597656,2654.94384765625,77.1270751953125,-252.6593780517578,2625.608154296875,-17.360322952270508,-26.501296997070312,2599.79296875,135.8929901123047,-97.21117401123048,2482.412109375,129.2382049560547,-186.60931396484375,2496.537353515625,188.91262817382812,-190.6773681640625,2425.368408203125,150.05056762695312,-174.53060913085938,2417.885986328125,251.4797210693359,171.75570678710938,2688.224853515625,233.6009826660156,517.8568725585938,2740.02880859375,211.1753692626953,843.5529174804688,2814.650146484375,206.58726501464844,921.2968139648438,2670.34619140625,100.32023620605467,158.0550994873047,2688.976318359375,86.58902740478516,507.7830505371094,2683.776611328125,82.60921478271484,840.6220703125,2744.796630859375,58.57920455932617,920.8885498046876,2619.3330078125,227.97654724121097,-370.5596923828125,2633.0966796875,281.8570861816406,-353.10003662109375,2504.353515625,300.3658447265625,-389.3825073242187,2531.579833984375,311.0413818359375,-408.7763366699219,2640.3125,259.5103759765625,-391.903564453125,2511.11474609375,179.46469116210938,-431.3597717285156,2583.142822265625
171.63296508789062,162.98312377929688,2689.795654296875,184.8721160888672,7.605105400085449,2676.56884765625,195.4455108642578,-117.0467300415039,2674.602294921875,214.21974182128903,-305.173583984375,2651.65380859375,240.3859405517578,-271.88055419921875,2659.113037109375,355.3069152832031,-223.3870391845703,2646.195068359375,430.0320739746094,-0.613182783126831,2705.793701171875,323.0827941894531,94.01345825195312,2560.8681640625,259.4655456542969,125.37876892089844,2606.740478515625,278.8391418457031,111.73228454589844,2514.963134765625,228.65524291992188,79.21148681640625,2598.37353515625,181.79315185546875,-276.5262756347656,2653.607666015625,73.86280059814453,-251.89205932617188,2621.158447265625,-13.16380500793457,-22.672832489013672,2591.267822265625,146.10157775878906,-113.6056900024414,2497.373779296875,131.69212341308594,-200.75335693359375,2519.045654296875,190.8302001953125,-211.7733612060547,2447.89892578125,156.78355407714844,-182.7635498046875,2427.94140625,251.33267211914065,169.736572265625,2690.235595703125,234.39698791503903,516.770751953125,2741.31494140625,212.31353759765625,843.52197265625,2814.7158203125,214.38211059570312,920.9959716796876,2669.801025390625,99.76422119140624,156.89321899414062,2689.39892578125,86.6889877319336,507.41888427734375,2684.4873046875,82.64543914794922,841.0962524414062,2745.0439453125,58.592559814453125,920.0547485351562,2618.362548828125,222.16012573242188,-373.4822082519531,2631.5126953125,280.8866882324219,-357.8473205566406,2504.326416015625,297.2257995605469,-394.8739318847656,2532.126953125,303.6983642578125,-414.7623596191406,2641.34912109375,256.8990783691406,-395.90875244140625,2510.30419921875,173.02044677734375,-432.58795166015625,2579.79443359375
171.9604949951172,161.8539581298828,2690.120361328125,185.0114898681641,6.070405006408691,2676.000732421875,195.53436279296875,-118.95958709716795,2674.102783203125,213.927490234375,-307.21466064453125,2647.490234375,240.26417541503903,-274.0114440917969,2655.46826171875,353.6591491699219,-222.1436462402344,2639.0322265625,422.2596130371094,-4.850759983062744,2723.833251953125,320.6805419921875,67.16228485107422,2562.161865234375,257.84344482421875,108.59561157226562,2601.05126953125,282.3285217285156,81.45858001708984,2513.28955078125,223.65591430664065,64.35516357421875,2596.82470703125,181.4643096923828,-278.4698791503906,2650.136962890625,72.4742431640625,-251.1909637451172,2622.47998046875,-14.406837463378906,-22.450298309326172,2583.740966796875,147.19178771972656,-115.37757873535156,2494.560546875,134.07928466796875,-201.7790069580078,2520.715087890625,182.6512756347656,-214.16310119628903,2441.850341796875,158.35452270507812,-185.1654510498047,2420.571044921875,251.9003143310547,168.588134765625,2689.711181640625,234.41241455078125,516.5294799804688,2741.605224609375,212.25912475585935,843.975830078125,2816.436279296875,214.4830017089844,921.2151489257812,2670.845703125,99.87523651123048,155.7814483642578,2690.489501953125,86.31586456298828,507.253662109375,2681.622314453125,82.89127349853516,841.1594848632812,2746.454833984375,58.58620834350586,919.89013671875,2619.144775390625,221.67759704589844,-375.3511657714844,2625.980712890625,283.55712890625,-362.2276611328125,2499.54296875,298.018310546875,-399.8654174804687,2527.81689453125,301.662109375,-419.7253723144531,2637.510986328125,257.98876953125,-399.4676513671875,2505.15576171875,171.232666015625,-432.915283203125,2573.2958984375
172.52198791503906,160.95138549804688,2690.878662109375,182.96014404296875,5.354300022125244,2674.38232421875,191.3020782470703,-119.68659210205078,2670.8896484375,211.95013427734375,-308.0675048828125,2648.4462890625,237.7032165527344,-274.5726013183594,2656.876708984375,350.4076843261719,-220.08258056640625,2646.041015625,406.7498474121094,-13.47811508178711,2760.677978515625,335.1083984375,29.885343551635746,2574.801513671875,263.0042419433594,69.30560302734375,2595.075927734375,266.0721740722656,38.576438903808594,2505.2578125,226.58885192871097,24.771894454956055,2576.276123046875,179.25306701660156,-279.54052734375,2649.261962890625,69.74150848388672,-254.6814727783203,2621.843017578125,-12.845635414123535,-25.902956008911133,2576.073486328125,159.00526428222656,-112.11686706542967,2500.86474609375,145.78030395507812,-199.04486083984375,2524.82470703125,182.78453063964844,-225.0282745361328,2443.14697265625,160.01136779785156,-183.80970764160156,2426.018798828125,252.49203491210935,166.27587890625,2691.258544921875,234.29066467285156,514.0808715820312,2741.532470703125,211.0832366943359,841.502197265625,2814.701416015625,213.3785858154297,922.0133056640624,2671.074462890625,100.40948486328124,156.15005493164062,2690.536376953125,86.9376220703125,507.2950134277344,2681.793701171875,82.31222534179688,840.8117065429688,2746.864013671875,58.56808090209961,917.113525390625,2618.148193359375,220.9953460693359,-376.4514770507813,2628.5126953125,282.844970703125,-358.8896789550781,2502.75048828125,298.74969482421875,-396.2385864257813,2530.546875,302.67529296875,-417.4751281738281,2639.865478515625,258.8949890136719,-397.232666015625,2507.685302734375,173.38812255859375,-435.3093872070313,2574.782470703125
173.08091735839844,160.75607299804688,2692.11572265625,183.6472625732422,5.0392746925354,2676.921142578125,192.00108337402344,-120.00225830078124,2673.603271484375,210.95863342285156,-308.54638671875,2651.08203125,236.9381561279297,-275.3492736816406,2659.976806640625,349.3934326171875,-220.1862335205078,2650.03173828125,414.9963989257813,-14.66497802734375,2761.63671875,348.2491760253906,43.936519622802734,2578.138916015625,269.1337585449219,66.86732482910156,2597.595947265625,276.8247375488281,41.14902114868164,2506.4921875,241.063232421875,18.15206527709961,2566.619873046875,178.56320190429688,-279.66998291015625,2651.456298828125,69.87165069580078,-254.12396240234375,2621.533447265625,-12.214943885803224,-25.876819610595703,2572.37158203125,157.11245727539062,-107.1642074584961,2486.6962890625,153.86666870117188,-191.6976623535156,2520.586669921875,184.25331115722656,-230.9936981201172,2441.544189453125,160.22503662109375,-194.42596435546875,2425.627197265625,253.04197692871097,166.0668487548828,2693.294921875,234.88766479492188,513.9722900390625,2742.82080078125,211.29849243164065,841.7144775390625,2814.3720703125,212.35256958007812,918.8777465820312,2668.90966796875,100.9765167236328,155.9670867919922,2691.052490234375,87.32059478759766,507.0914001464844,2682.142822265625,82.10269927978516,840.6070556640625,2747.126708984375,58.49907302856445,918.4102172851562,2619.291259765625,219.5708465576172,-376.9833984375,2631.1455078125,282.6830139160156,-358.46929931640625,2506.153564453125,298.2947692871094,-396.0393981933594,2533.8154296875,301.1164245605469,-418.1279296875,2642.99609375,258.67205810546875,-396.83837890625,2510.548828125,172.48565673828125,-435.399169921875,2576.484619140625
173.04779052734375,161.32424926757812,2692.525146484375,183.0329437255859,5.7398529052734375,2677.955322265625,191.00454711914065,-119.09008026123048,2673.030029296875,209.59034729003903,-307.3153076171875,2649.89892578125,235.64974975585935,-274.19561767578125,2658.540771484375,348.0154724121094,-219.41119384765625,2647.83642578125,422.0172424316406,-17.587005615234375,2760.16162109375,351.2398376464844,52.461280822753906,2582.61376953125,271.1952209472656,68.78812408447266,2604.27099609375,285.4391784667969,43.03685760498047,2514.114501953125,244.7976837158203,20.734272003173828,2577.99560546875,177.26004028320312,-278.4705505371094,2650.726806640625,67.48136901855469,-255.055908203125,2623.833740234375,-9.580336570739746,-25.622278213500977,2573.885498046875,160.1038818359375,-106.67236328125,2489.42578125,155.764404296875,-191.3447723388672,2522.479248046875,185.71755981445312,-230.40777587890625,2443.31689453125,160.38441467285156,-194.4974365234375,2430.011474609375,252.9137725830078,166.4059295654297,2692.994873046875,234.6506500244141,513.7232055664062,2742.958984375,211.07028198242188,840.8603515625,2814.974609375,213.0739288330078,920.125732421875,2670.931396484375,101.02912139892578,156.7418670654297,2692.101806640625,87.05388641357422,507.1583251953125,2677.727294921875,79.83032989501953,839.8162231445312,2744.3037109375,61.75440979003906,921.0892944335938,2617.9970703125,217.92333984375,-375.6112060546875,2629.73828125,276.76934814453125,-353.3500061035156,2503.51513671875,292.4444274902344,-392.3323364257813,2528.971435546875,298.7093200683594,-418.99078369140625,2636.814453125,252.04930114746097,-391.2596435546875,2507.226806640625,167.54525756835938,-430.52484130859375,2574.61474609375
173.64492797851562,160.78656005859375,2692.9580078125,183.85427856445312,5.4633469581604,2678.109619140625,191.8558654785156,-119.28341674804688,2677.23291015625,211.4413604736328,-306.5677490234375,2649.869140625,237.298828125,-273.54132080078125,2659.15185546875,350.35968017578125,-221.0065765380859,2646.68798828125,446.86517333984375,-23.227914810180664,2747.84228515625,359.5315856933594,54.009952545166016,2581.316162109375,281.9030456542969,68.97712707519531,2610.855712890625,294.5274963378906,53.63418197631836,2518.258544921875,256.3045349121094,19.943744659423828,2583.882080078125,178.99046325683594,-277.98175048828125,2651.44677734375,69.89097595214844,-255.9426116943359,2621.493408203125,-12.941583633422852,-30.05059051513672,2566.592529296875,164.63653564453125,-96.2822723388672,2486.243408203125,164.2711639404297,-182.04554748535156,2516.27978515625,189.5713806152344,-162.80990600585938,2428.78466796875,161.6633758544922,-193.40855407714844,2441.39501953125,253.38595581054688,165.8913116455078,2694.38720703125,235.04293823242188,512.7237548828125,2744.23876953125,211.7357635498047,839.6160888671875,2815.261474609375,212.52061462402344,920.429931640625,2672.333251953125,101.73894500732422,156.18338012695312,2691.66943359375,86.83769226074219,506.2037658691406,2681.02978515625,79.4437255859375,838.8638305664062,2745.114501953125,59.05350112915039,920.5350952148438,2619.673583984375,220.0946502685547,-374.2498168945313,2628.18701171875,278.1536865234375,-357.6114196777344,2500.957275390625,295.47747802734375,-394.0579833984375,2528.852783203125,302.6225280761719,-413.3208923339844,2638.046630859375,255.1938018798828,-396.2265625,2507.117431640625,172.47418212890625,-434.7664184570313,2576.824462890625
173.403076171875,160.86387634277344,2693.001953125,183.6099548339844,5.508258819580078,2678.207275390625,191.60171508789065,-119.26162719726562,2677.468994140625,211.37925720214844,-306.6076354980469,2650.43896484375,237.1812286376953,-273.5603942871094,2659.835693359375,350.1402587890625,-220.49713134765625,2648.5234375,442.4100036621094,-21.30647087097168,2750.951416015625,356.0933532714844,52.751461029052734,2582.419921875,277.73016357421875,65.84200286865234,2610.934814453125,289.5721130371094,45.47648239135742,2519.189697265625,256.18035888671875,14.233835220336914,2593.517822265625,178.9097137451172,-278.0199890136719,2651.79248046875,70.12567901611328,-255.41207885742188,2621.049560546875,-12.130141258239746,-29.408052444458008,2565.5546875,166.60537719726562,-92.85015869140624,2485.43017578125,167.87094116210938,-178.6907196044922,2515.267822265625,196.82672119140625,-160.4240264892578,2428.68603515625,180.98892211914065,-163.06544494628906,2406.869384765625,253.157470703125,165.96359252929688,2694.473388671875,235.0129241943359,512.8646850585938,2744.345947265625,211.7069091796875,839.7854614257812,2815.510986328125,214.2238922119141,921.6683959960938,2673.18017578125,101.48503112792967,156.26522827148438,2691.675048828125,86.35603332519531,506.3206481933594,2680.52978515625,78.84577178955078,839.1533813476562,2744.01025390625,58.68296432495117,920.1495361328124,2618.064208984375,220.17140197753903,-374.3257751464844,2628.884765625,280.2873229980469,-358.43927001953125,2502.489990234375,296.71435546875,-395.131591796875,2530.61962890625,302.0251770019531,-414.52301025390625,2639.9150390625,256.7152404785156,-396.74749755859375,2508.302001953125,172.4705810546875,-434.1867065429687,2576.8046875
173.7960968017578,160.90423583984375,2693.97802734375,183.3974151611328,5.389317989349365,2678.0859375,191.01028442382812,-119.33490753173828,2670.126708984375,210.70860290527344,-307.60284423828125,2647.92578125,236.5462951660156,-274.307373046875,2656.606689453125,348.80255126953125,-218.33267211914065,2652.799072265625,423.3629760742187,-23.12862777709961,2776.043212890625,360.4850769042969,49.345733642578125,2596.454345703125,280.2431945800781,66.93016815185547,2616.40478515625,308.4411926269531,28.06072235107422,2534.598388671875,258.5719299316406,9.138423919677734,2597.4111328125,178.22093200683594,-278.9126281738281,2648.407470703125,68.39693450927734,-254.2502288818359,2622.7294921875,-3.391221046447754,-26.77154541015625,2557.916259765625,179.1710968017578,-66.6751708984375,2470.776611328125,191.84765625,-152.8438720703125,2497.211181640625,227.0881500244141,-133.14686584472656,2413.164306640625,239.0247344970703,-124.41941833496094,2390.719482421875,253.6867828369141,165.6874237060547,2695.437744140625,234.870361328125,513.0366821289062,2745.535400390625,211.9918212890625,840.3521728515625,2817.322509765625,212.57379150390625,922.3382568359376,2674.75439453125,101.75515747070312,156.59100341796875,2692.661865234375,86.44119262695312,507.085205078125,2679.6650390625,80.45671844482422,840.0702514648438,2745.1123046875,56.841407775878906,920.587890625,2619.196044921875,219.52679443359375,-375.9562072753906,2628.111328125,282.5829772949219,-362.8790893554687,2502.60205078125,296.8772277832031,-400.2977294921875,2531.06201171875,299.4089050292969,-419.8317260742187,2640.59619140625,257.1839599609375,-400.1419372558594,2508.015625,170.03732299804688,-433.7545776367187,2575.138916015625
174.06277465820312,160.25534057617188,2695.259033203125,183.59161376953125,4.595547676086426,2677.00927734375,191.1889190673828,-120.41175079345705,2668.50830078125,212.99989318847656,-309.2179260253906,2648.858154296875,238.53372192382812,-275.4420166015625,2657.111083984375,349.7337341308594,-217.04266357421875,2649.83544921875,450.8017883300781,-24.880111694335938,2759.42431640625,362.5970458984375,61.49103546142578,2596.85693359375,284.4518737792969,71.54823303222656,2628.071533203125,324.7926940917969,43.60738754272461,2546.611572265625,265.44464111328125,9.459696769714355,2597.012451171875,180.1190948486328,-280.8072509765625,2648.93212890625,69.47959899902344,-259.7181701660156,2622.276611328125,9.787477493286133,-29.217615127563477,2553.599609375,197.77976989746097,-53.240089416503906,2471.066650390625,215.5577392578125,-140.3520965576172,2491.607177734375,254.90301513671875,-115.27383422851562,2410.608642578125,244.93817138671875,-122.51210021972656,2398.0146484375,254.1641540527344,165.07472229003906,2695.9765625,234.7932891845703,513.286865234375,2746.11376953125,211.66488647460935,841.389892578125,2818.203125,206.5719757080078,923.0840454101562,2675.078125,101.83184814453124,155.9095001220703,2694.6123046875,86.60984802246094,507.2802429199219,2681.1767578125,79.4876937866211,840.9505615234375,2747.47021484375,58.92658996582031,918.6631469726562,2618.824462890625,222.59573364257812,-377.91058349609375,2629.941650390625,283.1907653808594,-360.0079345703125,2503.418212890625,297.65386962890625,-398.91845703125,2529.941162109375,302.3534851074219,-423.3742370605469,2638.69873046875,257.3664855957031,-397.2576904296875,2507.77001953125,171.0692901611328,-432.8419494628906,2575.470947265625
173.54672241210938,161.79592895507812,2691.2529296875,183.24948120117188,7.306665420532227,2669.3984375,190.92550659179688,-117.20874786376952,2661.894775390625,212.20101928710935,-305.4562072753906,2644.537353515625,237.83872985839844,-271.6905822753906,2651.411376953125,348.5891418457031,-215.41162109375,2635.3564453125,439.5822448730469,-2.6245861053466797,2706.607421875,345.9021911621094,68.83577728271484,2541.010986328125,272.3864440917969,90.99034881591795,2575.998291015625,339.5931701660156,59.8950080871582,2516.996337890625,261.525146484375,38.72136688232422,2591.2333984375,179.45303344726562,-277.19085693359375,2645.231201171875,70.06172180175781,-253.74012756347656,2617.607421875,9.95839023590088,-23.75127410888672,2551.523681640625,197.5751190185547,-48.28263092041016,2470.559814453125,216.5767822265625,-136.03414916992188,2456.688232421875,280.49127197265625,-98.55944061279295,2400.36669921875,253.645263671875,-110.6808624267578,2399.951171875,253.28993225097656,166.64332580566406,2692.390380859375,234.54193115234375,513.2918090820312,2742.7958984375,211.32073974609375,839.98681640625,2814.386474609375,208.53318786621097,921.6780395507812,2672.02685546875,101.63873291015624,157.42481994628906,2690.227294921875,86.8506851196289,507.42877197265625,2681.78759765625,78.7530517578125,839.8576049804688,2746.568603515625,59.328125,917.8515625,2618.699462890625,221.21627807617188,-374.1253662109375,2626.4609375,289.2692565917969,-364.2320861816406,2503.592041015625,300.0828857421875,-402.6404113769531,2532.111572265625,297.4685974121094,-423.0853271484375,2641.26708984375,261.3965148925781,-399.7451171875,2507.741943359375,170.10826110839844,-428.0948181152344,2571.3310546875
173.5164337158203,159.45602416992188,2691.92431640625,183.77737426757812,4.476025581359863,2668.689697265625,191.90513610839844,-120.58556365966795,2661.15234375,214.1505126953125,-309.5469970703125,2643.171630859375,239.75836181640625,-275.51983642578125,2650.103515625,351.3423156738281,-219.72833251953125,2633.620849609375,446.2268981933594,-7.2065887451171875,2704.378173828125,361.3070068359375,81.77609252929688,2541.41796875,288.39654541015625,106.80314636230467,2576.671630859375,354.6263427734375,74.81316375732422,2516.357666015625,273.5382080078125,53.96510696411133,2587.886474609375,181.1168212890625,-281.3132019042969,2644.021240234375,70.30033874511719,-259.17724609375,2618.89013671875,21.405513763427734,-26.072799682617188,2550.282470703125,204.2754364013672,-40.52260208129883,2454.9033203125,212.5623321533203,-131.23556518554688,2460.593017578125,285.45697021484375,-94.17018127441406,2415.2734375,254.3725128173828,-105.67420959472656,2393.89111328125,253.6102294921875,164.5957489013672,2693.012451171875,234.1650848388672,512.9168090820312,2742.871826171875,210.5217132568359,841.2033081054688,2814.27783203125,207.04827880859375,925.6412963867188,2672.66552734375,101.2923583984375,154.82131958007812,2690.943115234375,86.70511627197266,506.50787353515625,2685.62939453125,79.60639953613281,841.093994140625,2747.521728515625,58.51433181762695,920.198486328125,2619.77685546875,223.4968719482422,-378.4399108886719,2624.810791015625,289.8724365234375,-369.8665466308594,2500.193603515625,302.7895812988281,-406.8941955566406,2530.022705078125,302.3923034667969,-423.6318359375,2640.354736328125,263.5447692871094,-406.5760192871094,2505.98095703125,173.96939086914062,-436.8025512695313,2572.04833984375
173.5334014892578,159.48306274414062,2691.912353515625,183.79676818847656,4.507809638977051,2668.664306640625,191.9260711669922,-120.54957580566406,2661.09228515625,214.1638946533203,-309.5008239746094,2643.027099609375,239.7711639404297,-275.4795227050781,2649.986083984375,351.4161682128906,-219.7445068359375,2633.74267578125,446.71832275390625,-7.653326034545898,2705.213623046875,362.3547668457031,82.44574737548828,2542.582275390625,289.6670837402344,107.908447265625,2577.98046875,355.6522216796875,75.6280517578125,2517.5556640625,274.4210510253906,55.174224853515625,2589.064697265625,181.1325225830078,-281.26531982421875,2643.877685546875,70.34191131591797,-259.0894470214844,2618.67626953125,21.586305618286133,-25.973543167114254,2550.022705078125,204.53843688964844,-40.3856086730957,2454.802734375,212.95510864257812,-131.09120178222656,2460.395263671875,285.805908203125,-93.85198211669922,2415.15087890625,254.8743438720703,-105.25614166259766,2393.672607421875,253.6257781982422,164.62322998046875,2693.005859375,234.18991088867188,512.9357299804688,2742.88818359375,210.55075073242188,841.2162475585938,2814.298095703125,207.1791229248047,925.5839233398438,2672.644775390625,101.3105697631836,154.84793090820312,2690.926513671875,86.71407318115234,506.5291442871094,2685.663330078125,79.6042709350586,841.099853515625,2747.607177734375,58.503509521484375,920.1599731445312,2619.83935546875,223.5121612548828,-378.3842468261719,2624.63623046875,289.8789367675781,-369.7337646484375,2500.022216796875,302.7581787109375,-406.811767578125,2529.8037109375,302.3573913574219,-423.6834411621094,2640.113525390625,263.5110168457031,-406.4198913574219,2505.768310546875,173.91220092773438,-436.6255187988281,2571.810546875
173.5334014892578,159.48306274414062,2691.912353515625,183.79676818847656,4.507809638977051,2668.664306640625,191.9260711669922,-120.54957580566406,2661.09228515625,214.1638946533203,-309.5008239746094,2643.027099609375,239.7711639404297,-275.4795227050781,2649.986083984375,351.4161682128906,-219.7445068359375,2633.74267578125,446.71832275390625,-7.653326034545898,2705.213623046875,362.3547668457031,82.44574737548828,2542.582275390625,289.6670837402344,107.908447265625,2577.98046875,355.6522216796875,75.6280517578125,2517.5556640625,274.4210510253906,55.174224853515625,2589.064697265625,181.1325225830078,-281.26531982421875,2643.877685546875,70.34191131591797,-259.0894470214844,2618.67626953125,21.586305618286133,-25.973543167114254,2550.022705078125,204.53843688964844,-40.3856086730957,2454.802734375,212.95510864257812,-131.09120178222656,2460.395263671875,285.805908203125,-93.85198211669922,2415.15087890625,254.8743438720703,-105.25614166259766,2393.672607421875,253.6257781982422,164.62322998046875,2693.005859375,234.18991088867188,512.9357299804688,2742.88818359375,210.55075073242188,841.2162475585938,2814.298095703125,207.1791229248047,925.5839233398438,2672.644775390625,101.3105697631836,154.84793090820312,2690.926513671875,86.71407318115234,506.5291442871094,2685.663330078125,79.6042709350586,841.099853515625,2747.607177734375,58.503509521484375,920.1599731445312,2619.83935546875,223.5121612548828,-378.3842468261719,2624.63623046875,289.8789367675781,-369.7337646484375,2500.022216796875,302.7581787109375,-406.811767578125,2529.8037109375,302.3573913574219,-423.6834411621094,2640.113525390625,263.5110168457031,-406.4198913574219,2505.768310546875,173.91220092773438,-436.6255187988281,2571.810546875
173.5334014892578,159.48324584960938,2691.912353515625,183.79673767089844,4.5080037117004395,2668.664306640625,191.926025390625,-120.54935455322266,2661.092041015625,214.1638336181641,-309.5005187988281,2643.0263671875,239.7711181640625,-275.479248046875,2649.9853515625,351.4161376953125,-219.7441864013672,2633.742431640625,446.718505859375,-7.653534412384033,2705.21484375,362.3559265136719,82.44754791259766,2542.584228515625,289.66876220703125,107.91123962402344,2577.98291015625,355.6531982421875,75.63006591796875,2517.5576171875,274.42193603515625,55.177303314208984,2589.06689453125,181.1324920654297,-281.26507568359375,2643.876953125,70.34193420410156,-259.08917236328125,2618.67529296875,21.5860538482666,-25.973304748535156,2550.02197265625,204.53855895996097,-40.38459014892578,2454.802734375,212.956298828125,-131.09005737304688,2460.3955078125,285.80718994140625,-93.84951782226562,2415.15234375,254.8763427734375,-105.25423431396484,2393.673095703125,253.6257781982422,164.6234130859375,2693.005859375,234.1898956298828,512.9358520507812,2742.887939453125,210.55078125,841.21630859375,2814.297607421875,207.17852783203125,925.5839233398438,2672.644287109375,101.3105697631836,154.84811401367188,2690.926513671875,86.71417236328125,506.5293273925781,2685.66357421875,79.60442352294922,841.0999755859375,2747.607666015625,58.50384140014648,920.1600952148438,2619.83984375,223.51210021972656,-378.3838806152344,2624.63525390625,289.8782043457031,-369.7330932617187,2500.02099609375,302.7572937011719,-406.8114318847656,2529.802001953125,302.3570251464844,-423.6838684082031,2640.111572265625,263.510009765625,-406.4190673828125,2505.76708984375,173.91131591796875,-436.6243286132813,2571.8095703125
174.9316864013672,160.12327575683594,2685.1494140625,184.0452423095703,5.2102508544921875,2660.52734375,191.30471801757812,-119.96578979492188,2653.01025390625,212.16339111328125,-309.3231201171875,2636.6396484375,237.89512634277344,-275.51165771484375,2644.26171875,350.8542175292969,-220.4876251220703,2636.32470703125,433.7430114746094,-12.221068382263184,2731.118408203125,384.364013671875,98.76038360595705,2566.893798828125,326.529296875,149.64141845703125,2602.364990234375,353.68658447265625,96.63581085205078,2528.142333984375,293.3848876953125,106.5209732055664,2615.078125,179.40133666992188,-280.73297119140625,2636.265869140625,68.40083312988281,-257.9889831542969,2612.261474609375,15.181801795959473,-23.982107162475582,2549.79345703125,193.2054748535156,-41.822418212890625,2445.979736328125,213.6721649169922,-130.76919555664062,2443.262451171875,280.6728820800781,-82.82575225830078,2398.96826171875,257.44268798828125,-104.45037078857422,2386.219970703125,255.1004638671875,164.7318878173828,2685.8271484375,234.9123077392578,512.5142822265625,2740.1357421875,211.06480407714844,839.8908081054688,2816.250732421875,206.64076232910156,921.8258666992188,2673.11181640625,102.63998413085938,155.9674835205078,2684.538330078125,87.42231750488281,507.77691650390625,2690.917724609375,78.70166015625,843.0468139648438,2749.7138671875,52.32863998413086,917.53515625,2620.10302734375,221.39414978027344,-378.431640625,2618.90771484375,288.7974853515625,-372.85931396484375,2494.59619140625,299.7830505371094,-410.5179443359375,2524.447998046875,298.0007019042969,-427.37353515625,2634.802001953125,260.7079772949219,-408.2978820800781,2500.189453125,169.40097045898438,-434.3252258300781,2565.768310546875
174.0800018310547,159.66372680664062,2683.33349609375,182.87380981445312,4.570737361907959,2661.04638671875,189.9299163818359,-120.45611572265624,2653.382568359375,210.74420166015625,-309.5716247558594,2636.85009765625,236.37857055664065,-275.8550720214844,2644.91357421875,349.1811218261719,-220.46568298339844,2640.46240234375,432.4222717285156,-11.838480949401855,2733.38330078125,375.7606201171875,81.36992645263672,2560.970947265625,324.9885559082031,140.49168395996094,2594.158935546875,335.71990966796875,78.2121353149414,2523.1630859375,290.37371826171875,102.02490997314452,2614.97998046875,178.06802368164062,-280.970703125,2636.08349609375,68.13130950927734,-258.5892333984375,2607.883056640625,11.35468864440918,-23.65104866027832,2553.789794921875,192.6657867431641,-47.26495742797851,2457.594482421875,214.15524291992188,-130.9612274169922,2428.425048828125,280.1523742675781,-75.36505889892578,2392.6201171875,257.1047668457031,-104.9264144897461,2387.093017578125,254.1602478027344,164.16749572753906,2683.58935546875,234.7346343994141,511.8166198730469,2736.2470703125,211.7794952392578,839.0986938476562,2811.237548828125,205.28163146972656,924.2822875976562,2670.320556640625,101.8681182861328,155.6024627685547,2683.102294921875,87.51637268066406,506.8997192382813,2694.39697265625,79.032470703125,842.2899169921875,2750.083740234375,53.30217361450195,914.2420043945312,2619.132080078125,220.1237640380859,-378.5645446777344,2619.097412109375,285.62939453125,-369.8426818847656,2494.148193359375,297.5091857910156,-407.8414306640625,2523.115234375,297.4870910644531,-426.69970703125,2633.0224609375,258.1214599609375,-405.7064514160156,2499.467529296875,168.1957244873047,-434.106689453125,2565.721923828125
173.18344116210938,159.61729431152344,2683.14990234375,181.69412231445312,4.711895942687988,2661.0,188.52023315429688,-120.1619873046875,2653.52001953125,207.81153869628903,-309.13861083984375,2636.653076171875,233.6806182861328,-275.68487548828125,2644.738037109375,346.6553649902344,-221.01954650878903,2640.711181640625,428.73638916015625,-13.736620903015137,2736.728271484375,369.3955383300781,73.29287719726562,2562.337646484375,312.3680114746094,127.11357879638672,2594.0498046875,335.95233154296875,63.1006965637207,2528.056884765625,283.1026611328125,85.37474060058594,2617.093505859375,175.40464782714844,-280.3224792480469,2635.972900390625,65.62010955810547,-258.0023193359375,2607.797119140625,8.605681419372559,-23.994176864624023,2551.557373046875,190.73464965820312,-50.981788635253906,2458.46728515625,206.1289520263672,-135.06858825683594,2427.05419921875,280.2528076171875,-81.57612609863281,2408.392333984375,258.352294921875,-110.79544067382812,2393.519287109375,253.1589813232422,163.9730987548828,2683.41650390625,234.16873168945312,511.0736999511719,2736.542724609375,211.54608154296875,837.636962890625,2812.63916015625,203.63189697265625,922.8007202148438,2672.0537109375,101.06598663330078,155.68946838378906,2682.9091796875,87.00682830810547,506.5133056640625,2693.90087890625,78.68122100830078,841.4690551757812,2749.31005859375,54.631141662597656,914.7219848632812,2619.008544921875,216.6206512451172,-378.0739135742187,2618.793212890625,282.5684814453125,-368.27056884765625,2494.38232421875,293.5545349121094,-407.018310546875,2522.58203125,292.8174743652344,-428.0069274902344,2631.940673828125,254.3447265625,-403.6011962890625,2498.915283203125,163.78042602539062,-431.38238525390625,2564.274658203125
173.32293701171875,158.47900390625,2679.564697265625,181.66925048828125,2.8864145278930664,2659.58740234375,188.2414703369141,-122.32469177246094,2652.43701171875,207.55953979492188,-311.7336730957031,2635.226318359375,233.3909454345703,-278.2764892578125,2643.947998046875,346.3598327636719,-222.8894195556641,2640.13134765625,429.1393432617187,-14.33250331878662,2734.259033203125,389.333251953125,106.58904266357422,2574.56494140625,317.3092041015625,141.59996032714844,2602.420654296875,347.28607177734375,106.77350616455078,2519.107421875,293.0869445800781,91.26547241210938,2606.002197265625,175.1455078125,-282.7847595214844,2634.02294921875,65.83562469482422,-258.5641174316406,2604.457275390625,14.737650871276855,-23.016437530517575,2546.351318359375,198.07516479492188,-47.02434158325195,2453.7099609375,212.676025390625,-136.3795166015625,2442.0029296875,284.2490234375,-76.3226318359375,2446.093017578125,260.0962219238281,-106.59677124023438,2404.525390625,253.49441528320312,162.6130828857422,2680.861572265625,234.14048767089844,510.146484375,2736.60595703125,210.93544006347656,837.0645141601562,2814.579345703125,203.79100036621097,922.4906616210938,2673.645263671875,101.0287857055664,154.7511444091797,2678.3955078125,87.29446411132812,506.3891296386719,2690.89404296875,78.96340942382812,840.8964233398438,2753.580322265625,53.49851989746094,917.3221435546876,2624.9541015625,216.6082763671875,-380.7883911132813,2617.248779296875,276.47918701171875,-366.57568359375,2489.83837890625,290.1171875,-405.4717102050781,2516.859619140625,295.1898498535156,-428.34417724609375,2626.0,249.65911865234375,-403.03326416015625,2495.02734375,163.02293395996094,-435.1350708007813,2564.1171875
172.25265502929688,157.56356811523438,2675.96484375,180.23524475097656,2.3696274757385254,2657.043212890625,186.54684448242188,-122.4510498046875,2650.4951171875,201.7459716796875,-311.9178466796875,2637.71240234375,228.18624877929688,-278.94903564453125,2645.69873046875,341.9299621582031,-226.41444396972656,2639.61376953125,429.35736083984375,-20.06204414367676,2732.20751953125,376.6531677246094,81.49479675292969,2563.897216796875,319.4057312011719,133.73960876464844,2597.551025390625,343.5592956542969,77.53005981445312,2525.11474609375,285.0500793457031,92.07798767089844,2611.25341796875,170.0775909423828,-282.41461181640625,2635.778076171875,61.85918426513672,-256.3553771972656,2605.343994140625,11.903528213500977,-21.512226104736328,2547.056884765625,193.10269165039065,-56.105735778808594,2455.158203125,219.90870666503903,-142.7790069580078,2461.943359375,282.2506408691406,-86.6386947631836,2421.354736328125,258.4447937011719,-114.6564483642578,2401.218994140625,252.1569061279297,161.5513916015625,2676.966552734375,233.80160522460935,507.7252502441406,2733.779296875,211.46139526367188,833.427978515625,2812.05029296875,203.90879821777344,924.2643432617188,2675.249755859375,100.1994857788086,153.9675750732422,2675.0615234375,86.40962219238281,504.3341369628906,2688.793212890625,78.6328353881836,838.3147583007812,2747.851806640625,54.654598236083984,917.5742797851562,2621.29150390625,209.3070373535156,-381.3041076660156,2621.397705078125,271.843505859375,-359.7381591796875,2496.877197265625,285.4975891113281,-399.5486145019531,2522.193359375,288.2680358886719,-427.661865234375,2629.7861328125,245.69725036621097,-396.7553405761719,2499.546142578125,158.2965545654297,-433.6923522949219,2564.46435546875
171.67434692382812,157.4998016357422,2673.4208984375,179.44970703125,2.717763185501098,2654.427001953125,185.5895233154297,-121.80583190917967,2648.331787109375,199.85903930664065,-310.8834533691406,2636.15673828125,226.4059906005859,-278.0928649902344,2643.913818359375,340.6017761230469,-227.38327026367188,2637.58203125,431.52154541015625,-24.7220401763916,2733.252685546875,372.904052734375,67.11139678955078,2561.9814453125,314.3094787597656,118.40481567382812,2594.1943359375,340.9713439941406,60.04184341430664,2524.726318359375,282.0428771972656,75.8811264038086,2610.265869140625,168.39794921875,-281.32330322265625,2634.24755859375,60.2834358215332,-254.92530822753903,2604.89990234375,9.30547332763672,-20.291746139526367,2549.463134765625,188.32037353515625,-55.86112976074219,2454.9033203125,220.01907348632812,-140.666015625,2460.9765625,272.8155822753906,-77.10529327392578,2418.399658203125,259.0928649902344,-116.32160186767578,2404.330322265625,251.37403869628903,161.3804473876953,2674.42333984375,234.1359710693359,506.6028747558594,2731.692138671875,212.6320343017578,831.3731079101562,2810.30517578125,208.97555541992188,920.4961547851562,2672.73681640625,99.8056182861328,154.00045776367188,2672.516845703125,86.71240997314453,503.44573974609375,2686.934814453125,79.36553192138672,835.8614501953125,2749.666015625,59.154319763183594,917.4408569335938,2624.4013671875,207.0308380126953,-380.1746215820313,2620.087890625,267.5841064453125,-359.63287353515625,2494.833740234375,282.2934265136719,-398.5924072265625,2520.62890625,286.80810546875,-424.6358947753906,2628.38232421875,242.30352783203125,-397.02392578125,2498.4453125,156.62338256835938,-434.4658508300781,2564.819091796875
169.92164611816406,155.7488555908203,2668.248046875,176.796142578125,0.4191696643829345,2651.282470703125,182.16827392578125,-124.39622497558594,2646.113037109375,196.0169219970703,-314.1706237792969,2641.63623046875,222.5738067626953,-281.1185607910156,2648.617919921875,336.6617736816406,-229.6698455810547,2642.067138671875,434.152587890625,-16.452430725097656,2703.104248046875,349.1026611328125,14.349376678466797,2520.998779296875,280.6974182128906,57.315059661865234,2545.515625,295.1958923339844,-12.8458890914917,2483.541259765625,260.73956298828125,14.039203643798828,2574.6806640625,164.64950561523438,-284.5693664550781,2637.960693359375,58.78969192504883,-255.6983184814453,2602.569580078125,6.805505752563477,-20.47516441345215,2548.707763671875,188.1829071044922,-56.83000946044922,2458.27197265625,213.6355133056641,-143.574951171875,2448.822021484375,278.95880126953125,-83.75467681884766,2420.111083984375,257.5108947753906,-116.93228912353516,2403.3896484375,249.7746734619141,159.12643432617188,2669.680908203125,233.5598297119141,504.50885009765625,2729.887451171875,213.3963623046875,829.3758544921875,2810.867919921875,208.025390625,924.2324829101562,2676.90185546875,97.91466522216795,152.70315551757812,2666.955810546875,86.4471664428711,502.45947265625,2688.18701171875,80.73196411132812,835.8004150390625,2749.2900390625,59.212913513183594,916.8364868164062,2623.579833984375,203.2582550048828,-384.1796569824219,2628.41650390625,260.8224792480469,-356.10369873046875,2502.944580078125,277.7770080566406,-395.3308410644531,2527.06103515625,285.2808837890625,-425.1875915527344,2633.850341796875,237.32879638671875,-394.8175659179687,2505.506103515625,154.4416961669922,-438.7748718261719,2571.771240234375
170.16046142578125,157.1700439453125,2665.211669921875,176.29347229003906,1.744106411933899,2647.552978515625,180.7725830078125,-123.2687530517578,2643.7470703125,195.22650146484375,-313.1318664550781,2637.84912109375,221.6103057861328,-280.0404968261719,2645.50732421875,335.36199951171875,-227.25518798828125,2648.44775390625,421.5428771972656,-13.183459281921388,2722.906005859375,362.4104614257813,-27.7922306060791,2528.717041015625,279.8883056640625,-12.262545585632324,2538.109619140625,285.48883056640625,-81.91728973388672,2474.026123046875,266.281982421875,-47.079097747802734,2566.86376953125,163.805419921875,-283.5570068359375,2633.964599609375,58.39994430541992,-253.05992126464844,2598.242919921875,-2.3192949295043945,-19.574478149414062,2544.938232421875,174.73223876953125,-64.79590606689453,2449.6357421875,209.44529724121097,-148.4789581298828,2441.333740234375,274.0228271484375,-82.74971771240234,2427.369140625,242.25997924804688,-118.9774398803711,2399.114013671875,250.04649353027344,159.9261474609375,2668.698486328125,233.45437622070312,505.44476318359375,2729.864501953125,213.01193237304688,830.285888671875,2812.126220703125,207.89114379882812,921.98291015625,2675.788818359375,98.12371063232422,154.68475341796875,2662.0673828125,85.83100891113281,504.6766357421875,2684.176513671875,81.10555267333984,837.3836059570312,2750.31298828125,57.41315460205078,915.2723999023438,2622.851806640625,202.86192321777344,-383.0687255859375,2624.1279296875,253.21609497070312,-362.8672790527344,2493.98388671875,269.2295227050781,-402.4222412109375,2518.2978515625,282.2669982910156,-429.4078369140625,2625.42333984375,227.4478759765625,-399.8303833007813,2499.52734375,146.651611328125,-436.0044250488281,2572.8818359375
168.49441528320312,157.4600830078125,2663.83447265625,173.91668701171875,2.1728575229644775,2646.062744140625,177.82003784179688,-122.73395538330078,2642.11572265625,191.4138336181641,-312.464599609375,2635.858642578125,217.8702392578125,-279.54827880859375,2643.783203125,331.35260009765625,-226.4587554931641,2646.478271484375,420.35992431640625,-11.084630966186523,2712.6298828125,356.5768127441406,-34.45737075805664,2520.9921875,274.43682861328125,-18.083011627197266,2531.50048828125,284.79656982421875,-89.38246154785156,2470.00634765625,266.19683837890625,-63.30502700805664,2561.521240234375,160.1909942626953,-282.7615661621094,2631.822265625,55.02031707763672,-252.8047332763672,2595.31982421875,-6.204187870025635,-20.483642578125,2538.712890625,170.8961181640625,-67.39349365234375,2444.7568359375,200.1894073486328,-152.6373291015625,2433.086669921875,269.0069580078125,-90.03619384765625,2429.3349609375,242.0671844482422,-125.63729095458984,2399.26904296875,248.3130340576172,159.84275817871094,2667.3681640625,232.78453063964844,505.0704956054687,2728.509033203125,212.9955596923828,829.4638061523438,2811.373291015625,208.23757934570312,925.1422119140624,2677.982177734375,96.5184555053711,155.31150817871094,2660.6484375,85.44426727294922,504.9449157714844,2683.678955078125,81.61616516113281,837.060302734375,2751.154052734375,59.58222579956055,915.8875732421876,2624.146484375,198.81427001953125,-382.3352966308594,2622.033203125,263.5310363769531,-368.5207824707031,2497.680419921875,275.4401550292969,-407.58538818359375,2524.876953125,275.8949890136719,-430.9605407714844,2633.521240234375,236.08204650878903,-404.411865234375,2501.60595703125,146.72445678710938,-435.3280944824219,2566.80859375
168.12684631347656,158.64495849609375,2661.447021484375,171.6439208984375,3.4283101558685303,2646.77978515625,173.3463592529297,-121.23258209228516,2646.975830078125,184.6792755126953,-310.37445068359375,2636.40380859375,211.3275604248047,-278.08685302734375,2645.517578125,326.25347900390625,-229.6898651123047,2653.52490234375,434.6703186035156,-14.853879928588867,2674.51513671875,348.87896728515625,-18.20732688903809,2490.85205078125,271.1197814941406,6.090877532958984,2512.016845703125,293.5626525878906,-63.4954719543457,2452.222900390625,274.3606262207031,-78.36699676513672,2427.126220703125,153.98175048828125,-280.2768859863281,2632.592041015625,50.24668502807617,-251.60476684570312,2592.19677734375,-15.326343536376951,-21.835208892822266,2533.17041015625,160.12600708007812,-86.5754165649414,2448.459716796875,197.1467132568359,-167.87188720703125,2433.1630859375,253.42462158203125,-99.84220123291016,2404.4560546875,243.259521484375,-150.4159698486328,2405.956298828125,247.4754638671875,159.7402801513672,2668.8828125,233.18988037109375,504.2100524902344,2728.83935546875,213.73829650878903,828.4317016601562,2808.518310546875,208.2510681152344,922.9329223632812,2674.893310546875,96.57471466064452,157.6572723388672,2654.74169921875,86.13369750976562,505.9866333007813,2682.173583984375,80.74456787109375,837.1282958984375,2749.4677734375,59.35920715332031,918.7139892578124,2624.622802734375,191.4282989501953,-379.7843627929687,2621.06591796875,268.3987121582031,-372.2874145507813,2503.810546875,277.0824890136719,-409.9392395019531,2533.82275390625,266.264892578125,-427.9988098144531,2642.618408203125,240.44015502929688,-407.7250061035156,2506.59912109375,144.88734436035156,-434.9907531738281,2563.54541015625
168.87179565429688,160.60963439941406,2658.19287109375,171.12879943847656,5.456521987915039,2645.628662109375,171.7261199951172,-118.98296356201172,2647.596435546875,179.21592712402344,-308.0007629394531,2637.2900390625,206.2915954589844,-276.34417724609375,2646.989990234375,321.6109619140625,-229.6195373535156,2655.849853515625,441.0066528320313,-22.557527542114254,2687.74169921875,354.5626525878906,-15.162778854370115,2504.892578125,279.8617248535156,17.931499481201172,2524.509521484375,291.94012451171875,-26.069446563720703,2441.99658203125,275.15875244140625,-43.99760055541992,2432.22705078125,149.31825256347656,-277.3056640625,2632.793701171875,46.578651428222656,-248.18299865722656,2590.77587890625,-15.262205123901367,-19.62922477722168,2525.148681640625,155.8365020751953,-97.04107666015624,2443.0673828125,176.5809326171875,-183.65631103515625,2458.9619140625,243.33319091796875,-141.63929748535156,2410.298095703125,218.07269287109375,-167.51573181152344,2397.629638671875,248.03543090820312,161.1156768798828,2666.164306640625,233.67221069335935,504.6204223632813,2728.069091796875,213.3501434326172,827.4285888671875,2810.780517578125,208.7292938232422,924.2997436523438,2679.182861328125,97.48645782470705,160.1533203125,2651.004638671875,86.43897247314453,507.657470703125,2680.841796875,79.52375030517578,838.3583984375,2747.217041015625,59.52718734741211,919.0626831054688,2621.884765625,184.80783081054688,-377.4255981445313,2622.130859375,265.4402160644531,-373.8059997558594,2507.473388671875,267.78448486328125,-414.0275268554687,2535.081787109375,251.25515747070312,-437.00531005859375,2642.020751953125,232.72804260253903,-404.9200744628906,2507.341064453125,132.7688446044922,-421.6491088867187,2560.25146484375
164.72764587402344,157.1585693359375,2655.693359375,166.4857940673828,1.570001244544983,2641.478515625,165.99545288085938,-123.24119567871094,2646.4580078125,171.72537231445312,-313.08990478515625,2637.650390625,198.8842315673828,-281.55487060546875,2648.170166015625,316.9176330566406,-241.3542022705078,2659.40576171875,466.6817932128906,-57.00908660888672,2705.887939453125,360.2623291015625,-43.44978332519531,2533.39990234375,290.5110778808594,-5.853958606719971,2562.266845703125,316.3447570800781,-59.97905349731445,2489.064697265625,279.404052734375,-60.810340881347656,2453.880615234375,142.2575225830078,-281.9825439453125,2631.832763671875,39.80735778808594,-253.51661682128903,2587.570556640625,-12.33611297607422,-22.754356384277344,2518.0,163.09002685546875,-108.37171173095705,2453.133056640625,159.66476440429688,-198.9867706298828,2457.856201171875,234.64675903320312,-166.19937133789062,2413.64013671875,206.9176483154297,-180.77102661132812,2393.271484375,244.05194091796875,157.21409606933594,2664.896728515625,232.14691162109375,501.8581237792969,2728.194580078125,213.87486267089844,826.00927734375,2811.066650390625,214.92413330078125,919.4829711914062,2676.23095703125,93.19743347167967,157.10850524902344,2647.394287109375,85.33798217773438,505.6393737792969,2680.976806640625,79.70445251464844,837.8878784179688,2746.010986328125,63.85055923461914,921.3778076171876,2621.25146484375,177.09864807128906,-382.9317932128906,2623.11328125,263.9117736816406,-373.5375671386719,2512.749267578125,270.2523498535156,-411.590576171875,2542.99365234375,250.26565551757812,-431.111572265625,2650.446533203125,235.9881591796875,-409.22216796875,2512.710693359375,135.90689086914062,-437.7588195800781,2561.04638671875
163.6816864013672,158.76075744628906,2655.25244140625,165.1038818359375,3.1827688217163086,2640.95703125,164.3126678466797,-121.60315704345705,2646.37890625,169.04476928710938,-311.5461120605469,2639.36767578125,196.4271240234375,-280.04913330078125,2649.4033203125,315.3542175292969,-241.8014984130859,2657.548828125,474.18408203125,-64.63363647460938,2701.73828125,363.4286193847656,-39.88043594360352,2533.280029296875,295.1450500488281,-3.640372276306152,2566.97607421875,324.84747314453125,-65.28529357910156,2501.612548828125,276.0823669433594,-75.93814849853516,2468.511962890625,139.6945343017578,-280.3502197265625,2633.443603515625,37.14760971069336,-250.5987548828125,2590.27685546875,-12.639984130859377,-22.20261001586914,2511.78173828125,160.51300048828125,-116.166015625,2452.64013671875,153.13192749023438,-206.2062835693359,2461.73388671875,234.82147216796875,-180.4668731689453,2425.457763671875,206.244384765625,-189.9177398681641,2399.83984375,243.01722717285156,158.6520538330078,2664.328369140625,231.5650634765625,503.2725830078125,2727.755126953125,213.8373565673828,827.158447265625,2811.71826171875,211.7435607910156,921.526611328125,2677.52783203125,92.14132690429688,158.85877990722656,2647.068359375,84.77509307861328,507.2212829589844,2682.314697265625,79.89754486083984,839.4038696289062,2747.67138671875,62.348628997802734,921.9443969726562,2622.515380859375,173.97598266601562,-381.5477294921875,2625.470947265625,259.6899108886719,-373.91900634765625,2514.123291015625,265.366943359375,-412.2790832519531,2544.107177734375,246.14208984375,-431.8020935058594,2651.6943359375,230.8229217529297,-408.8421630859375,2514.25048828125,130.59799194335938,-434.9364318847656,2563.6455078125
163.0988311767578,158.60377502441406,2653.27783203125,164.07762145996094,2.8583855628967285,2638.88525390625,162.86013793945312,-122.04584503173828,2644.66552734375,165.25416564941406,-312.301025390625,2639.484130859375,192.96807861328125,-281.0221862792969,2649.494140625,312.9351806640625,-246.62991333007812,2661.006591796875,471.3136596679687,-63.72244644165039,2673.59228515625,367.0950012207031,-76.42206573486328,2499.44921875,300.5912170410156,-26.778310775756836,2514.935546875,317.3299560546875,-75.89877319335938,2435.679931640625,273.093994140625,-102.20013427734376,2464.991455078125,136.32676696777344,-280.76165771484375,2632.9794921875,34.160545349121094,-250.41970825195312,2588.989990234375,-11.913061141967772,-23.577421188354492,2503.205078125,158.19424438476562,-127.131103515625,2450.838623046875,148.14620971679688,-216.849853515625,2461.430908203125,233.3625030517578,-192.0555725097656,2433.250244140625,207.82078552246097,-202.5040283203125,2404.469482421875,242.5103454589844,158.25454711914062,2662.45751953125,231.19625854492188,503.2340393066406,2726.0947265625,213.4258270263672,827.4674072265625,2810.18212890625,215.7125244140625,922.3375244140624,2676.127685546875,91.48995971679688,158.918701171875,2645.000244140625,84.68856048583984,507.6701049804687,2680.3515625,80.72425079345703,839.9525756835938,2747.179931640625,61.89925003051758,923.1461791992188,2622.441650390625,169.43353271484375,-382.56591796875,2626.28076171875,259.59429931640625,-377.8277587890625,2518.13427734375,260.919677734375,-417.75494384765625,2546.63232421875,236.1733856201172,-439.9035949707031,2652.697998046875,227.8656463623047,-410.1588439941406,2515.7958984375,123.94620513916016,-429.55328369140625,2560.734619140625
162.5718994140625,157.35353088378906,2650.85693359375,163.1613006591797,1.1127889156341553,2636.32666015625,161.52903747558594,-124.16764831542967,2642.57470703125,161.99453735351562,-315.0836486816406,2638.788330078125,189.9864196777344,-283.92218017578125,2648.984619140625,310.9198303222656,-253.1908416748047,2664.462158203125,474.43060302734375,-73.37972259521484,2661.573486328125,383.1407470703125,-104.56996154785156,2481.82666015625,316.70733642578125,-52.038055419921875,2482.122314453125,312.89208984375,-97.59698486328124,2398.802490234375,293.29388427734375,-132.66152954101562,2438.65087890625,133.40000915527344,-283.1910400390625,2631.636474609375,31.869455337524418,-251.679443359375,2586.05126953125,-9.628329277038574,-23.434131622314453,2499.3642578125,157.60671997070312,-136.42715454101562,2455.309326171875,142.55564880371094,-225.60427856445312,2467.0078125,232.51380920410156,-206.95494079589844,2450.083251953125,208.9763031005859,-216.5794677734375,2418.8583984375,242.21974182128903,156.78294372558594,2660.22314453125,231.4646148681641,502.6686706542969,2725.270263671875,214.8444671630859,827.5264892578125,2811.474853515625,210.2067108154297,920.546630859375,2675.548095703125,90.74994659423828,157.86807250976562,2642.410888671875,84.53663635253906,507.7951049804687,2677.47509765625,81.73917388916016,840.927001953125,2745.668212890625,61.31401062011719,922.6397094726562,2619.618896484375,165.62643432617188,-385.7104187011719,2626.1103515625,258.791015625,-379.9636535644531,2519.9853515625,261.94049072265625,-418.4225769042969,2550.556640625,235.4580535888672,-437.1809387207031,2657.231201171875,229.2930603027344,-414.577392578125,2518.399658203125,125.2646484375,-438.9512023925781,2561.57421875
160.24679565429688,158.95062255859375,2646.865478515625,161.27520751953125,2.6906580924987793,2635.22998046875,159.8369598388672,-122.28975677490234,2643.632080078125,159.2788543701172,-312.8984680175781,2638.223388671875,187.1425018310547,-282.0388488769531,2649.387451171875,308.3938903808594,-253.1144256591797,2664.420654296875,486.2736511230469,-88.02837371826172,2660.431396484375,392.8854064941406,-118.56172943115234,2481.979248046875,335.0868225097656,-64.43360137939453,2452.273193359375,340.2247314453125,-94.70880889892578,2362.472900390625,328.64666748046875,-145.2083282470703,2404.2666015625,131.10533142089844,-280.8179016113281,2630.625,31.95582389831543,-247.1735687255859,2581.84619140625,-7.283438205718994,-21.94464111328125,2487.544189453125,157.9080810546875,-139.8969268798828,2450.731201171875,142.66085815429688,-229.1418914794922,2460.50341796875,234.1378631591797,-211.9737548828125,2466.7841796875,215.79983520507812,-221.444580078125,2430.986572265625,239.68783569335935,158.71827697753906,2657.007568359375,230.429931640625,503.6556701660156,2724.598876953125,215.41944885253903,827.8049926757812,2811.9169921875,215.79067993164065,921.1726684570312,2676.430908203125,88.61131286621094,159.16015625,2637.719970703125,83.17450714111328,508.4986572265625,2673.819091796875,82.23963165283203,840.408203125,2745.554443359375,62.33147430419922,925.0980224609376,2621.661376953125,162.8158721923828,-383.3373718261719,2625.05419921875,255.2458648681641,-386.2745971679687,2518.437255859375,255.8447723388672,-424.23486328125,2549.669677734375,228.89935302734375,-439.0397033691406,2656.686279296875,223.3700714111328,-418.6523132324219,2517.68505859375,118.32408905029295,-434.64654541015625,2561.8701171875
156.94728088378906,161.90301513671875,2645.202880859375,159.09017944335938,6.643757343292236,2634.568115234375,158.9381561279297,-117.71963500976562,2638.47607421875,157.40768432617188,-307.04541015625,2633.452392578125,185.1973419189453,-276.5196228027344,2644.6015625,306.2659606933594,-252.2917633056641,2662.14404296875,504.7134704589844,-124.68838500976562,2612.610595703125,388.0306701660156,-165.1724395751953,2452.340576171875,338.4665222167969,-97.34854125976562,2452.239501953125,335.6845703125,-179.86485290527344,2406.751708984375,304.178466796875,-143.22740173339844,2363.3603515625,129.62510681152344,-275.0487060546875,2625.7275390625,30.02249526977539,-244.8772735595703,2577.443603515625,1.419356107711792,-19.12863540649414,2484.9404296875,161.02256774902344,-146.03515625,2464.818115234375,159.51547241210938,-236.33738708496097,2459.89404296875,238.3694305419922,-278.6269226074219,2483.951416015625,194.70236206054688,-221.86911010742188,2430.6806640625,235.60789489746097,162.1785125732422,2657.03076171875,229.06393432617188,504.9212036132813,2723.7890625,216.5393524169922,826.9115600585938,2810.783203125,210.6341552734375,920.9853515625,2677.272705078125,86.01554107666016,161.65455627441406,2634.537109375,81.53758239746094,508.2895812988281,2673.69970703125,81.16622924804688,838.0039672851562,2744.7421875,60.09478759765625,921.0697631835938,2621.1875,160.60694885253906,-377.0506286621094,2620.516845703125,255.69631958007812,-389.2676086425781,2518.24365234375,256.2211608886719,-423.2511901855469,2553.302490234375,226.529541015625,-426.7404479980469,2659.778564453125,224.84437561035156,-422.152587890625,2520.216552734375,119.60214233398438,-435.8614807128906,2562.651123046875
150.53330993652344,160.3987579345703,2644.04833984375,151.08245849609375,4.883632183074951,2633.1328125,149.49887084960938,-119.65576934814452,2637.70703125,148.13473510742188,-309.32147216796875,2633.553466796875,175.7906951904297,-278.67596435546875,2644.978515625,296.432861328125,-252.71743774414065,2664.373046875,500.6450500488281,-135.79144287109375,2610.1669921875,392.6861267089844,-183.0944061279297,2445.2880859375,361.8996887207031,-106.95005798339844,2426.99609375,374.0555419921875,-199.8236846923828,2438.927490234375,306.0361633300781,-155.80628967285156,2354.975341796875,120.40451049804688,-277.3241271972656,2625.260986328125,22.213138580322266,-244.1710662841797,2575.603759765625,-2.434542417526245,-20.68221664428711,2475.678466796875,160.79454040527344,-145.01019287109375,2470.875732421875,162.0194091796875,-234.4945831298828,2456.7509765625,231.16671752929688,-287.24639892578125,2489.151611328125,193.9234313964844,-224.8124237060547,2438.933349609375,229.3057556152344,159.8367462158203,2656.0185546875,226.87808227539065,503.1696472167969,2723.084716796875,218.1061248779297,825.913330078125,2809.89501953125,219.03221130371097,920.0217895507812,2675.947021484375,79.5007095336914,160.90553283691406,2633.254638671875,78.99005126953125,508.0649719238281,2673.229736328125,82.35706329345703,838.4985961914062,2743.534912109375,59.891319274902344,923.038818359375,2620.922607421875,151.56231689453125,-379.5028076171875,2620.97705078125,251.6588592529297,-390.617431640625,2523.129638671875,251.14193725585935,-424.4551086425781,2558.44287109375,216.5485992431641,-427.9000244140625,2663.62548828125,221.26980590820312,-424.0829162597656,2523.875732421875,114.24508666992188,-439.4322204589844,2561.53857421875
148.41542053222656,160.53236389160156,2641.329833984375,148.95692443847656,4.52260684967041,2630.67138671875,146.65704345703125,-120.24337768554688,2638.193603515625,145.92417907714844,-310.5013122558594,2634.516357421875,174.01937866210938,-279.61810302734375,2644.64697265625,295.427001953125,-250.68002319335935,2655.722412109375,488.1127014160156,-140.63929748535156,2558.602783203125,353.6774597167969,-219.36512756347656,2427.995849609375,291.5863037109375,-181.2709197998047,2385.36767578125,285.4627380371094,-252.1536407470703,2447.883544921875,263.92529296875,-165.8118438720703,2376.30810546875,117.62470245361328,-278.5440673828125,2627.388427734375,19.13627243041992,-247.92933654785156,2575.910400390625,2.868967056274414,-24.26679420471191,2472.85546875,166.55224609375,-148.86569213867188,2464.8203125,153.4376220703125,-238.79086303710935,2465.13134765625,216.2873077392578,-306.3451843261719,2477.495849609375,184.8544006347656,-233.4151306152344,2433.460693359375,227.2000732421875,159.88909912109375,2654.74853515625,226.03607177734375,504.12255859375,2722.80126953125,217.96145629882812,828.1548461914062,2808.809326171875,214.3229217529297,924.6510620117188,2675.999755859375,77.37181854248047,161.11244201660156,2629.2294921875,78.49070739746094,508.9288330078125,2672.666748046875,82.80573272705078,840.106201171875,2744.367431640625,59.911720275878906,924.4668579101562,2621.146728515625,149.09471130371094,-380.9119567871094,2621.916259765625,252.4575958251953,-391.1795959472656,2526.79443359375,250.33348083496097,-425.9358520507813,2561.3544921875,212.1971893310547,-431.3818664550781,2665.57958984375,221.51499938964844,-424.315185546875,2525.759521484375,112.79922485351562,-439.0582275390625,2559.700927734375
148.63931274414062,159.68064880371094,2640.51220703125,149.3247528076172,3.4833550453186035,2629.9599609375,147.1370391845703,-121.4249038696289,2637.553466796875,146.91848754882812,-311.89715576171875,2633.54638671875,174.92054748535156,-280.9222412109375,2643.86328125,296.84100341796875,-253.9627227783203,2655.893798828125,492.6744384765625,-153.0376434326172,2554.5634765625,346.98236083984375,-227.333984375,2433.41064453125,283.3639831542969,-195.185791015625,2388.03125,259.88836669921875,-256.30731201171875,2456.6162109375,253.32379150390625,-182.6885986328125,2378.6298828125,118.53395080566406,-279.9650573730469,2626.3408203125,20.118669509887695,-250.04345703125,2574.024169921875,-0.2627503275871277,-29.00439453125,2465.5029296875,166.05990600585938,-150.68409729003906,2468.724853515625,155.54551696777344,-240.98977661132812,2472.194091796875,214.4291229248047,-313.226318359375,2473.27734375,181.72332763671875,-236.19192504882812,2436.021240234375,227.5111541748047,159.1174774169922,2653.971923828125,225.8578186035156,503.91839599609375,2721.22607421875,217.34996032714844,828.3864135742188,2807.0595703125,210.8694000244141,923.3572998046876,2673.02978515625,77.51708984375,160.18849182128906,2628.375,78.43601989746094,508.4133605957031,2671.810546875,82.01909637451172,839.8773803710938,2744.074462890625,64.343017578125,924.6766357421876,2620.084228515625,150.33230590820312,-382.3589172363281,2620.826171875,249.5668182373047,-400.474609375,2522.299072265625,248.4300537109375,-432.91156005859375,2559.163818359375,214.60536193847656,-430.9573364257813,2665.1240234375,218.12847900390625,-433.1399841308594,2524.71435546875,110.62498474121094,-443.8986511230469,2564.036376953125
148.89512634277344,159.14889526367188,2640.2880859375,149.6089324951172,2.804830551147461,2629.841552734375,147.42495727539062,-122.19816589355467,2637.71044921875,147.0290069580078,-312.8575744628906,2634.656005859375,175.11944580078125,-281.8281555175781,2644.725830078125,297.43231201171875,-255.07711791992188,2654.1142578125,491.3907470703125,-159.4002227783203,2543.95361328125,339.952392578125,-233.3448486328125,2429.51318359375,277.8893127441406,-202.9950408935547,2380.72900390625,252.65586853027344,-258.2801208496094,2453.6240234375,248.20413208007812,-195.2936859130859,2364.41357421875,118.62073516845705,-280.9087219238281,2627.385986328125,20.554393768310547,-250.4762725830078,2574.485107421875,4.600681304931641,-30.091747283935547,2463.419921875,169.52398681640625,-153.885009765625,2468.971923828125,158.9344024658203,-244.2457733154297,2472.87744140625,220.2139587402344,-314.5794372558594,2473.0947265625,185.40147399902344,-239.8231964111328,2436.312255859375,227.84835815429688,158.61351013183594,2653.69580078125,225.9988250732422,503.8234558105469,2720.480712890625,217.00401306152344,828.5704956054688,2806.380126953125,212.15744018554688,924.9126586914062,2673.082275390625,77.69953918457031,159.63169860839844,2628.197998046875,78.5895004272461,508.18115234375,2671.557373046875,82.25022888183594,839.9629516601562,2743.7783203125,63.90549850463867,924.4730834960938,2619.523681640625,150.33982849121094,-383.4479064941406,2622.265869140625,246.83558654785156,-404.2686767578125,2521.400634765625,244.60545349121097,-437.5657348632813,2557.499267578125,212.7405548095703,-436.5462036132813,2664.181396484375,213.71665954589844,-435.30462646484375,2523.5947265625,106.39229583740234,-441.3745422363281,2564.669921875
147.54542541503906,160.427001953125,2635.96142578125,148.1181640625,3.893733024597168,2624.760009765625,146.0426025390625,-121.34514617919922,2631.93798828125,147.2395782470703,-312.3049011230469,2634.1796875,175.21926879882812,-280.72943115234375,2643.074462890625,297.71807861328125,-253.05783081054688,2649.470947265625,488.4913024902344,-177.89852905273438,2518.90771484375,320.6205139160156,-250.39068603515625,2428.410888671875,262.7987976074219,-215.6565093994141,2377.176513671875,253.89646911621097,-237.70494079589844,2469.204345703125,242.90577697753903,-201.02438354492188,2357.023193359375,118.4355010986328,-280.7567138671875,2626.3427734375,20.45517349243164,-253.86000061035156,2571.0341796875,4.24534273147583,-31.681880950927734,2462.769775390625,171.97756958007812,-152.27117919921875,2465.93701171875,174.32290649414062,-243.2260284423828,2472.231689453125,225.13836669921875,-316.21038818359375,2443.598876953125,182.7286376953125,-244.1314392089844,2433.59326171875,226.78091430664065,159.8267822265625,2648.400390625,225.96588134765625,504.7185363769531,2719.54833984375,218.03956604003903,828.865966796875,2809.728271484375,215.9687957763672,921.4041137695312,2673.386474609375,76.09529876708984,160.96824645996094,2624.744873046875,77.97569274902344,509.4827270507813,2672.49755859375,83.03250122070312,841.3052368164062,2746.865478515625,63.22909927368164,921.731689453125,2619.87158203125,151.01771545410156,-383.2918395996094,2623.6982421875,245.96348571777344,-406.289794921875,2521.540283203125,241.99522399902344,-440.596923828125,2556.632080078125,210.58511352539065,-441.1996765136719,2663.630126953125,211.1094207763672,-435.5215148925781,2522.934814453125,103.6018295288086,-436.8818359375,2564.44921875
148.86244201660156,160.1079864501953,2634.133056640625,149.0416717529297,3.7775487899780273,2624.404541015625,147.50973510742188,-121.35594940185548,2628.810791015625,147.1600799560547,-311.8778991699219,2634.579345703125,175.7493896484375,-280.4729919433594,2641.524658203125,297.8721008300781,-251.8911895751953,2636.94384765625,488.2497253417969,-183.0740509033203,2503.213623046875,312.1782531738281,-251.04737854003903,2426.767578125,252.09567260742188,-218.76251220703125,2376.817626953125,252.24203491210935,-238.8599090576172,2469.53173828125,236.7784881591797,-201.1062774658203,2356.78564453125,118.3446044921875,-280.2667541503906,2627.540771484375,18.354936599731445,-256.0943298339844,2575.110107421875,7.537547588348389,-38.806663513183594,2457.7197265625,176.64398193359375,-155.65087890625,2474.224853515625,194.98892211914065,-243.98318481445312,2462.107421875,239.5639190673828,-315.7457580566406,2422.63037109375,193.9617156982422,-244.40072631835935,2435.91845703125,228.169189453125,159.5207977294922,2645.02978515625,226.2691650390625,503.78619384765625,2715.8427734375,216.5271453857422,827.07421875,2806.5166015625,212.33338928222656,923.3905029296876,2673.25732421875,77.3480453491211,160.63746643066406,2624.30712890625,78.76618957519531,508.5815124511719,2671.253173828125,83.8707275390625,839.8197021484375,2745.2353515625,65.32559204101562,922.3573608398438,2619.762939453125,149.8142852783203,-382.9416809082031,2625.28759765625,246.4901580810547,-407.9638671875,2525.63427734375,241.37506103515625,-441.815673828125,2560.88720703125,207.71566772460935,-441.02191162109375,2666.97314453125,211.3448486328125,-436.7261657714844,2526.545166015625,103.16343688964844,-436.4581298828125,2565.64599609375
148.91030883789062,159.7166290283203,2634.139892578125,149.02801513671875,3.282994031906128,2624.407470703125,147.4264678955078,-121.92532348632812,2629.0048828125,146.58538818359375,-312.5522766113281,2635.374267578125,175.302978515625,-281.1824645996094,2642.12158203125,297.7481689453125,-254.06918334960935,2635.438720703125,486.5750122070313,-191.52569580078125,2496.250244140625,308.4322814941406,-256.0188293457031,2421.24365234375,250.38021850585935,-223.5483856201172,2368.97265625,249.3061981201172,-240.66001892089844,2462.34130859375,236.7843017578125,-207.1329040527344,2346.842041015625,117.81055450439452,-280.8647155761719,2628.33740234375,17.834402084350586,-256.705810546875,2575.707763671875,7.346842288970947,-40.00555038452149,2456.867431640625,176.7705535888672,-156.2819366455078,2475.666748046875,196.65415954589844,-244.5515289306641,2465.17822265625,242.96408081054688,-316.4125061035156,2427.787109375,196.72604370117188,-244.5615234375,2437.30859375,228.27442932128903,159.1004180908203,2645.00439453125,226.48338317871097,503.57855224609375,2715.935302734375,216.7131500244141,827.01123046875,2806.90966796875,213.29725646972656,923.7153930664062,2673.775390625,77.34419250488281,160.27230834960938,2624.342529296875,78.73265838623047,508.4031372070313,2671.633544921875,83.60873413085938,839.7265625,2746.272705078125,66.55523681640625,922.2344360351562,2620.448974609375,149.01637268066406,-383.6983947753906,2626.288818359375,243.0908203125,-408.8223876953125,2524.07275390625,238.34034729003903,-443.03656005859375,2559.07080078125,207.12977600097656,-443.0446166992187,2665.982177734375,207.57562255859375,-437.1546630859375,2525.473388671875,100.26725006103516,-435.941650390625,2567.10302734375
149.08509826660156,160.2769317626953,2633.525390625,148.8946990966797,3.9463937282562256,2623.867919921875,146.9558563232422,-121.14505767822266,2629.128173828125,144.1344451904297,-311.5124816894531,2638.201171875,173.09564208984375,-280.3601379394531,2644.72265625,295.8919677734375,-255.04437255859375,2639.13916015625,484.8786315917969,-210.5988616943359,2493.64501953125,304.4181823730469,-268.747314453125,2419.374755859375,243.4410400390625,-232.0695343017578,2373.73095703125,238.35739135742188,-254.39881896972656,2465.7900390625,236.33917236328125,-219.8168029785156,2344.9306640625,115.75727081298828,-279.6639099121094,2630.49169921875,16.611955642700195,-255.8615875244141,2576.323974609375,7.879690170288086,-41.62940216064453,2453.293701171875,177.1005859375,-157.7694091796875,2473.1796875,198.20181274414065,-245.7151641845703,2462.89404296875,246.6504821777344,-316.05816650390625,2425.486083984375,203.83856201171875,-246.73834228515625,2434.709716796875,228.38653564453125,159.50650024414062,2644.433349609375,226.91433715820312,503.90087890625,2714.578125,217.2223358154297,827.261962890625,2804.962158203125,214.7777404785156,922.6018676757812,2670.96484375,77.57551574707031,160.97164916992188,2623.689208984375,78.98005676269531,508.7564697265625,2671.731201171875,83.6872787475586,839.5875854492188,2747.497314453125,66.64144134521484,921.24169921875,2621.241455078125,145.91297912597656,-382.75341796875,2630.156005859375,234.47325134277344,-415.9029235839844,2525.46484375,230.9357147216797,-447.7301330566406,2562.7373046875,204.97889709472656,-440.4493103027344,2670.720458984375,198.68519592285156,-443.4430236816406,2530.35693359375,93.6278076171875,-437.7244262695313,2576.850830078125
148.87217712402344,159.71444702148438,2633.541259765625,148.57972717285156,3.229513645172119,2623.973876953125,146.531494140625,-121.96786499023438,2629.49755859375,142.3745574951172,-312.4457092285156,2639.495849609375,171.5479278564453,-281.4294738769531,2645.989990234375,295.3821716308594,-260.9916687011719,2640.669921875,487.002685546875,-235.68687438964844,2493.656005859375,300.7318420410156,-281.3725280761719,2424.67724609375,239.68618774414065,-239.6093292236328,2383.5712890625,240.51173400878903,-262.8949279785156,2475.623046875,230.15187072753903,-226.62583923339844,2355.974365234375,114.2195053100586,-280.4132080078125,2631.50732421875,15.4704008102417,-256.78643798828125,2576.31494140625,7.708794116973877,-43.82851791381836,2450.565673828125,177.3505096435547,-158.89242553710938,2474.698974609375,200.48419189453125,-246.77232360839844,2468.125244140625,249.7775115966797,-319.2982177734375,2436.165283203125,207.4313201904297,-248.2803192138672,2439.46240234375,228.24713134765625,158.89797973632812,2644.46923828125,226.49176025390625,503.7009582519531,2714.27294921875,216.20721435546875,827.2977294921875,2804.933837890625,213.68934631347656,924.2125244140624,2671.87939453125,77.2962875366211,160.45068359375,2623.687255859375,78.75563049316406,508.5823059082031,2671.65283203125,83.45304870605469,839.8533935546875,2746.93994140625,66.54915618896484,920.7484130859376,2620.005859375,143.70242309570312,-383.8033447265625,2631.7978515625,230.8429412841797,-417.0494384765625,2525.773681640625,228.1431579589844,-448.68560791015625,2563.339599609375,203.89366149902344,-440.87152099609375,2671.790283203125,195.3031311035156,-444.8329772949219,2531.4384765625,90.88845825195312,-439.5399169921875,2579.668701171875
148.43675231933594,159.11480712890625,2632.49560546875,147.9580841064453,2.462461471557617,2622.68017578125,145.81045532226562,-122.9025421142578,2627.65673828125,140.60948181152344,-313.636962890625,2636.4521484375,170.01646423339844,-282.7920837402344,2643.04150390625,294.26629638671875,-264.93426513671875,2635.2412109375,482.54107666015625,-250.5035095214844,2482.0947265625,293.31182861328125,-286.6407775878906,2414.823486328125,235.4716033935547,-243.10867309570312,2370.816650390625,235.0325927734375,-263.23748779296875,2463.725830078125,227.67433166503903,-228.53330993652344,2344.07568359375,112.57290649414062,-281.3579406738281,2628.770263671875,13.68093490600586,-257.1206359863281,2573.816650390625,6.1097283363342285,-43.73017120361328,2448.220458984375,175.81968688964844,-158.9729461669922,2473.07080078125,198.95762634277344,-247.1331329345703,2469.457763671875,247.59262084960935,-321.626220703125,2440.873779296875,208.016845703125,-248.2298126220703,2437.923583984375,227.90480041503903,158.18724060058594,2643.423828125,226.320068359375,503.3942565917969,2713.303955078125,216.18797302246097,827.3779907226562,2804.05517578125,212.4325714111328,924.2938842773438,2670.79296875,76.77692413330078,159.95123291015625,2622.641357421875,78.56424713134766,508.3523864746094,2671.63330078125,83.7944107055664,839.7076416015625,2748.29248046875,65.37693786621094,922.63916015625,2622.67919921875,141.50579833984375,-385.0328369140625,2628.279541015625,230.1620635986328,-418.2407531738281,2523.285400390625,226.863037109375,-450.001708984375,2560.773193359375,201.0766143798828,-442.3971557617187,2669.017578125,194.44558715820312,-445.9939880371094,2528.3857421875,89.25153350830078,-440.5898742675781,2575.210205078125
146.71127319335938,156.45201110839844,2633.986083984375,143.5830078125,-0.5649030208587646,2627.338623046875,139.7714385986328,-126.1308364868164,2630.546875,134.52447509765625,-317.33172607421875,2632.780517578125,163.70008850097656,-286.67437744140625,2641.378662109375,287.82757568359375,-265.9401550292969,2646.506591796875,470.6364135742187,-274.9802551269531,2485.942626953125,291.1334533691406,-291.7437744140625,2389.724365234375,234.3128662109375,-239.3175048828125,2354.7822265625,233.99261474609375,-259.093017578125,2447.9091796875,227.0977783203125,-219.80364990234375,2331.70654296875,106.67407989501952,-284.77178955078125,2625.250732421875,8.386842727661133,-258.0731201171875,2569.9990234375,2.0123472213745117,-42.438568115234375,2447.495849609375,171.25601196289062,-158.40699768066406,2474.554443359375,186.1337890625,-248.52496337890625,2473.04638671875,239.11341857910156,-318.1456298828125,2439.832275390625,207.60850524902344,-249.5378265380859,2436.768798828125,226.0901031494141,154.3541259765625,2646.184326171875,225.21690368652344,500.7232360839844,2712.83740234375,216.33529663085935,825.646728515625,2802.166748046875,209.6629943847656,926.4046630859376,2671.598388671875,75.13189697265625,158.34378051757812,2622.986328125,78.11295318603516,507.13043212890625,2672.84912109375,83.5904769897461,839.4393920898438,2747.534912109375,68.64714050292969,925.9138793945312,2623.59375,135.78506469726562,-388.51708984375,2622.24169921875,229.92611694335935,-420.9195861816406,2521.5830078125,225.8924102783203,-452.1941833496094,2559.499755859375,195.2047119140625,-443.5613098144531,2666.549560546875,194.76055908203125,-449.6401062011719,2525.6416015625,87.37510681152344,-446.48785400390625,2567.88671875
146.9914093017578,158.06141662597656,2630.179931640625,144.81478881835938,1.5097260475158691,2618.5322265625,140.86578369140625,-123.8545150756836,2623.205322265625,133.53892517089844,-314.56036376953125,2632.141845703125,163.0109100341797,-283.9768981933594,2639.663818359375,287.34326171875,-266.0790100097656,2646.50439453125,461.7499084472656,-285.1437683105469,2478.1064453125,280.98529052734375,-292.32879638671875,2383.595458984375,230.70883178710935,-238.95309448242188,2341.12158203125,233.40994262695312,-257.9023132324219,2434.2646484375,230.209228515625,-215.9688720703125,2320.2744140625,106.08009338378906,-282.02239990234375,2623.468505859375,7.03356409072876,-257.6151428222656,2568.80810546875,3.1738739013671875,-43.56884765625,2444.039794921875,166.2349853515625,-165.2949676513672,2480.30322265625,170.84237670898438,-255.9797515869141,2471.3681640625,234.47103881835935,-317.3175964355469,2440.95361328125,198.235595703125,-248.7651824951172,2433.016357421875,226.22947692871097,156.0308074951172,2642.664794921875,225.09217834472656,501.5364990234375,2711.513427734375,216.36996459960935,825.5890502929688,2802.476806640625,209.576904296875,925.5991821289062,2671.591552734375,75.53897857666016,159.8925018310547,2618.921630859375,78.11100769042969,508.0072937011719,2670.47802734375,82.99394226074219,839.5556030273438,2746.70068359375,66.89976501464844,925.1965942382812,2622.549072265625,134.0227508544922,-385.9954528808594,2624.12060546875,226.125,-416.98822021484375,2521.392822265625,223.6602478027344,-448.1184387207031,2559.48486328125,195.52975463867188,-439.5914611816406,2667.103759765625,191.68556213378903,-446.3364562988281,2526.44873046875,85.47718811035156,-445.0877990722656,2571.30810546875
145.91339111328125,159.24966430664062,2629.57373046875,143.52540588378906,3.053769588470459,2616.753173828125,139.27857971191406,-122.10711669921876,2621.017578125,131.77671813964844,-312.43145751953125,2631.10595703125,161.25765991210938,-281.887939453125,2638.34033203125,285.78460693359375,-266.6847839355469,2644.270751953125,459.7443237304687,-289.7070617675781,2476.487548828125,281.5455627441406,-296.27825927734375,2377.877685546875,230.4810333251953,-241.3484344482422,2338.736083984375,234.2932281494141,-262.60931396484375,2431.177734375,230.3050994873047,-216.34361267089844,2320.142822265625,104.37317657470705,-279.9685363769531,2622.3369140625,4.986569404602051,-256.9837951660156,2568.08447265625,3.6448206901550297,-42.6182746887207,2444.633544921875,166.66627502441406,-165.58265686035156,2474.358154296875,171.42662048339844,-256.538818359375,2473.114990234375,240.64695739746097,-313.3773498535156,2446.942626953125,199.10157775878903,-253.5813446044922,2435.7333984375,224.978271484375,156.99928283691406,2642.263671875,224.85704040527344,501.6891479492187,2712.217529296875,217.5368194580078,825.2767333984375,2802.896240234375,209.232421875,923.4745483398438,2671.072998046875,74.61711120605469,161.2789306640625,2618.130859375,78.01378631591797,508.7868041992187,2669.75732421875,83.65888214111328,839.5651245117188,2746.754638671875,68.40611267089844,924.59228515625,2622.3818359375,132.1541748046875,-383.7955017089844,2623.525390625,220.82403564453125,-416.0569458007813,2518.515625,220.0172882080078,-446.3167419433594,2557.269287109375,195.58201599121097,-435.7303771972656,2665.415283203125,186.95486450195312,-445.581787109375,2525.389892578125,82.53019714355469,-444.4153747558594,2573.8076171875
145.91317749023438,159.24954223632812,2629.57373046875,143.52505493164062,3.053605556488037,2616.753173828125,139.27809143066406,-122.10731506347656,2621.017578125,131.77552795410156,-312.43170166015625,2631.105712890625,161.256591796875,-281.8883056640625,2638.33984375,285.78375244140625,-266.6864013671875,2644.269775390625,459.7427978515625,-289.7106628417969,2476.486083984375,281.5434875488281,-296.2790832519531,2377.876708984375,230.4792938232422,-241.34828186035156,2338.736083984375,234.29183959960935,-262.6100769042969,2431.177734375,230.3033905029297,-216.3428649902344,2320.143310546875,104.37210083007812,-279.9686279296875,2622.336669921875,4.985436916351318,-256.98345947265625,2568.084228515625,3.644361734390259,-42.617767333984375,2444.63330078125,166.6652374267578,-165.58303833007812,2474.357666015625,171.42491149902344,-256.5392761230469,2473.114501953125,240.6446533203125,-313.37860107421875,2446.942138671875,199.0992431640625,-253.58169555664065,2435.732421875,224.97808837890625,156.99908447265625,2642.263671875,224.8571929931641,501.68896484375,2712.2177734375,217.53721618652344,825.276611328125,2802.896728515625,209.23355102539065,923.4746704101562,2671.073486328125,74.61688232421875,161.27886962890625,2618.130859375,78.01390838623047,508.7867431640625,2669.7578125,83.6593017578125,839.5648803710938,2746.756591796875,68.4076156616211,924.5929565429688,2622.38427734375,132.15272521972656,-383.7957763671875,2623.52490234375,220.820556640625,-416.0568542480469,2518.51318359375,220.0139312744141,-446.3172607421875,2557.266357421875,195.5804443359375,-435.7321472167969,2665.41259765625,186.95103454589844,-445.5813293457031,2525.387451171875,82.52709197998047,-444.4140930175781,2573.806640625
145.87428283691406,158.1619110107422,2629.896240234375,142.5287628173828,1.8761008977890017,2614.211181640625,137.06112670898438,-123.5496826171875,2617.89892578125,128.37559509277344,-314.2344055175781,2628.66748046875,158.13890075683594,-283.7818298339844,2635.72802734375,282.97735595703125,-269.646484375,2643.65380859375,454.7098388671875,-307.27069091796875,2475.39208984375,277.1189270019531,-305.305908203125,2374.5244140625,226.7413787841797,-242.9143524169922,2346.9580078125,232.45057678222656,-256.8085021972656,2440.9189453125,232.01756286621097,-208.98077392578125,2341.637451171875,101.08606719970705,-281.55267333984375,2619.852783203125,-0.8772015571594238,-260.3905944824219,2569.18115234375,5.115169525146484,-45.39631271362305,2445.799072265625,164.31063842773438,-172.48580932617188,2481.639892578125,168.8397674560547,-263.24774169921875,2490.466552734375,233.54925537109375,-313.9847412109375,2445.89794921875,194.00962829589844,-254.31185913085935,2429.12890625,224.96473693847656,155.1117401123047,2643.41845703125,224.748291015625,501.0336608886719,2711.41064453125,216.6602783203125,825.4483642578125,2801.991455078125,209.49203491210935,925.0159912109376,2670.64794921875,74.554931640625,160.91236877441406,2617.702392578125,78.33841705322266,508.7835693359375,2672.372802734375,83.54601287841797,840.0770263671875,2750.689453125,68.3197250366211,921.9718017578124,2623.804443359375,128.2821502685547,-385.7913513183594,2621.30615234375,210.05111694335935,-416.9611206054687,2510.103759765625,211.49168395996097,-447.9169006347656,2548.433349609375,194.01702880859375,-438.9249877929687,2658.3271484375,176.39402770996094,-446.45013427734375,2518.670166015625,75.03252410888672,-445.4173278808594,2573.77978515625
142.4925079345703,158.2415008544922,2628.668212890625,139.06040954589844,1.9423067569732664,2613.981689453125,133.67745971679688,-123.40788269042967,2618.121826171875,124.59212493896484,-314.0250549316406,2627.958251953125,154.41314697265625,-283.6879577636719,2635.135009765625,279.2947998046875,-269.7626647949219,2641.578369140625,448.5568542480469,-306.434814453125,2470.80419921875,271.1946716308594,-312.13800048828125,2369.89013671875,227.7802276611328,-242.99330139160156,2347.146728515625,252.6573181152344,-263.65386962890625,2436.585205078125,232.5575256347656,-205.99508666992188,2349.963623046875,97.37923431396484,-281.2582702636719,2619.335693359375,-3.1878204345703125,-258.1164245605469,2566.90673828125,3.976462364196778,-43.56632995605469,2443.07275390625,161.81591796875,-174.02606201171875,2471.3955078125,168.69908142089844,-263.6888732910156,2486.91064453125,239.1794281005859,-308.1073303222656,2444.50341796875,193.1901397705078,-263.5735778808594,2432.548828125,221.6190948486328,155.275390625,2641.74365234375,222.9048614501953,500.8014526367187,2710.782470703125,216.61720275878903,824.8742065429688,2802.078125,210.9161376953125,924.9483032226562,2671.15576171875,71.14056396484375,160.91616821289062,2616.877685546875,76.28882598876953,508.68798828125,2670.890869140625,83.22139739990234,839.8531494140625,2748.84912109375,66.00422668457031,924.3235473632812,2624.017822265625,124.33576965332033,-385.507568359375,2620.25,205.20555114746097,-413.8219909667969,2507.7275390625,210.44857788085935,-443.0072937011719,2547.068359375,195.46229553222656,-431.2838439941406,2657.013427734375,174.5260009765625,-445.7240295410156,2518.435791015625,75.1546859741211,-451.2647399902344,2576.6865234375
141.3144989013672,159.74159240722656,2630.191650390625,140.17843627929688,3.687202930450439,2615.319580078125,136.29579162597656,-121.51558685302734,2619.3076171875,126.2943115234375,-311.6600036621094,2631.08203125,155.97000122070312,-281.387451171875,2638.692138671875,279.5052795410156,-268.2961120605469,2657.298583984375,436.195556640625,-317.1247863769531,2478.338134765625,267.27874755859375,-318.31982421875,2364.314208984375,230.55711364746097,-244.4755401611328,2345.396728515625,250.1407928466797,-267.8367614746094,2435.31787109375,234.3542327880859,-206.3607482910156,2358.737548828125,99.48243713378906,-278.9627685546875,2621.369384765625,-1.8195436000823977,-258.14874267578125,2569.80908203125,12.608555793762209,-45.727386474609375,2443.77734375,166.3400421142578,-180.2923889160156,2472.981689453125,166.63180541992188,-269.0474853515625,2493.53515625,240.5290985107422,-301.9521179199219,2446.989990234375,196.85047912597656,-267.4904479980469,2430.27099609375,220.0523681640625,157.76792907714844,2644.886962890625,220.4870758056641,502.7228698730469,2713.8212890625,212.818359375,826.4705200195312,2804.107666015625,213.9293670654297,921.3718872070312,2669.60595703125,70.31309509277344,161.52133178710938,2616.940185546875,76.62012481689453,508.8525390625,2669.865478515625,83.66641998291016,839.422119140625,2747.887451171875,70.35741424560547,924.9049072265624,2623.57275390625,125.99295043945312,-383.1080322265625,2624.20849609375,204.63336181640625,-411.49017333984375,2510.423583984375,209.3096160888672,-441.6398620605469,2548.999267578125,195.8400421142578,-431.8798828125,2659.14501953125,173.09194946289062,-442.5596618652344,2520.748779296875,74.34617614746094,-446.1588745117187,2579.832763671875
140.64938354492188,158.8860321044922,2628.72314453125,139.216552734375,2.756193161010742,2613.816162109375,135.14102172851562,-122.51256561279295,2617.56494140625,125.20989990234376,-312.7850646972656,2628.91650390625,154.87301635742188,-282.498779296875,2636.6455078125,278.46343994140625,-268.7153625488281,2654.818115234375,436.5469970703125,-312.6145324707031,2475.63623046875,265.5109558105469,-321.7313537597656,2364.991943359375,226.4158477783203,-249.409423828125,2344.797119140625,249.11407470703125,-271.78753662109375,2434.28662109375,232.64593505859375,-213.60316467285156,2346.965576171875,98.38406372070312,-280.0632629394531,2619.22509765625,-2.3118109703063965,-259.5710754394531,2566.234619140625,17.490333557128906,-49.98405456542969,2436.0068359375,169.00177001953125,-185.23880004882812,2473.267578125,167.2554168701172,-274.99310302734375,2489.06884765625,240.544921875,-302.6466369628906,2438.246826171875,196.9923858642578,-271.9434814453125,2426.53076171875,219.4293975830078,156.76206970214844,2643.39697265625,220.18685913085935,502.029052734375,2711.688720703125,212.2616729736328,825.7149658203125,2802.815673828125,212.86671447753903,923.210693359375,2670.07373046875,69.6099624633789,160.80130004882812,2615.491455078125,76.42088317871094,508.2206115722656,2668.97607421875,84.19001770019531,838.8489990234375,2747.442138671875,68.46719360351562,925.40380859375,2624.0595703125,124.95558166503906,-384.2550048828125,2621.8837890625,204.6486968994141,-412.58392333984375,2508.729736328125,208.0834045410156,-443.4651794433594,2546.88720703125,193.2083740234375,-435.17529296875,2657.03076171875,172.25540161132812,-443.1109619140625,2518.09375,72.54373931884766,-445.43121337890625,2575.71728515625
140.05821228027344,159.2050018310547,2628.00048828125,138.205322265625,3.149092197418213,2613.129150390625,133.72691345214844,-122.03316497802734,2617.339599609375,122.25440216064452,-312.056884765625,2629.8603515625,152.17662048339844,-281.9866027832031,2637.318115234375,276.0177001953125,-269.2308349609375,2654.077880859375,433.8689880371094,-313.34393310546875,2474.89599609375,262.1802062988281,-324.7455749511719,2365.656982421875,225.19967651367188,-252.68157958984375,2341.17626953125,248.6959228515625,-272.7602844238281,2430.958251953125,232.77818298339844,-214.5029754638672,2347.659423828125,95.68536376953124,-279.1869812011719,2620.053466796875,-4.749305725097656,-258.4647216796875,2566.7744140625,18.13437271118164,-50.075157165527344,2435.35302734375,168.53842163085938,-185.18295288085935,2476.862060546875,171.15264892578125,-276.18280029296875,2473.246337890625,240.35040283203125,-292.3343200683594,2412.734619140625,197.28170776367188,-272.48345947265625,2423.191650390625,218.80859375,156.8787384033203,2642.599853515625,220.22189331054688,502.0778198242187,2710.384033203125,212.2854156494141,825.3360595703125,2802.449462890625,213.0611267089844,924.7545166015624,2671.238037109375,69.04554748535156,161.30270385742188,2614.83544921875,76.10083770751953,508.4611206054687,2668.91064453125,84.04193878173828,838.939208984375,2747.311767578125,68.42972564697266,923.9979858398438,2622.964599609375,121.38638305664062,-383.5300903320313,2623.2626953125,205.6328125,-408.0429992675781,2512.62548828125,206.58233642578125,-440.8712768554687,2549.239990234375,186.7345733642578,-437.792724609375,2658.81494140625,172.1822052001953,-438.186767578125,2518.903564453125,69.88863372802734,-440.9674682617187,2571.669921875
140.05816650390625,159.20440673828125,2628.000244140625,138.20510864257812,3.1482129096984863,2613.12841796875,133.72659301757812,-122.03429412841795,2617.33837890625,122.25328063964844,-312.0583801269531,2629.8583984375,152.17575073242188,-281.9881896972656,2637.31640625,276.0177001953125,-269.2353210449219,2654.073974609375,433.8634338378906,-313.3509521484375,2474.88720703125,262.1712951660156,-324.74737548828125,2365.652099609375,225.19216918945312,-252.6825714111328,2341.171142578125,248.69154357910156,-272.7657775878906,2430.951416015625,232.7716522216797,-214.50645446777344,2347.646240234375,95.6842803955078,-279.1882629394531,2620.052001953125,-4.750572204589844,-258.4654846191406,2566.77294921875,18.13479804992676,-50.075904846191406,2435.350830078125,168.5390625,-185.18446350097656,2476.85888671875,171.1545867919922,-276.1844482421875,2473.241943359375,240.35202026367188,-292.33868408203125,2412.730224609375,197.28396606445312,-272.48681640625,2423.1904296875,218.8087158203125,156.87802124023438,2642.599609375,220.2222137451172,502.07757568359375,2710.385009765625,212.2857666015625,825.3361206054688,2802.451904296875,213.0616149902344,924.755615234375,2671.240478515625,69.04532623291016,161.30221557617188,2614.835205078125,76.10105895996094,508.46099853515625,2668.91259765625,84.04256439208984,838.9388427734375,2747.317626953125,68.43073272705078,924.0020141601562,2622.972900390625,121.3849105834961,-383.53167724609375,2623.260498046875,205.62973022460935,-408.05035400390625,2512.622802734375,206.57904052734375,-440.87738037109375,2549.23876953125,186.73255920410156,-437.7944030761719,2658.814208984375,172.1785430908203,-438.19329833984375,2518.90234375,69.88531494140625,-440.9700622558594,2571.670166015625
140.0487518310547,159.19857788085938,2627.99853515625,138.19154357910156,3.139063835144043,2613.12353515625,133.7093963623047,-122.04631805419922,2617.33203125,122.2063446044922,-312.0732421875,2629.850830078125,152.13449096679688,-282.0071105957031,2637.30810546875,275.98431396484375,-269.2900085449219,2654.056884765625,433.7990417480469,-313.45306396484375,2474.8466796875,262.0722961425781,-324.7989196777344,2365.65185546875,225.11019897460935,-252.7252960205078,2341.164306640625,248.6413116455078,-272.8526611328125,2430.9287109375,232.7042694091797,-214.56549072265625,2347.583251953125,95.6415557861328,-279.19805908203125,2620.04541015625,-4.791446208953857,-258.4629211425781,2566.76171875,18.128759384155273,-50.080448150634766,2435.32373046875,168.52816772460938,-185.1971435546875,2476.846923828125,171.16412353515625,-276.1988830566406,2473.236572265625,240.37745666503903,-292.35455322265625,2412.739990234375,197.314208984375,-272.5410461425781,2423.234619140625,218.80105590820312,156.86976623535156,2642.598388671875,220.22445678710935,502.0742492675781,2710.40185546875,212.29232788085935,825.3326416015625,2802.498291015625,213.07916259765625,924.7696533203124,2671.29541015625,69.03434753417969,161.29856872558594,2614.8330078125,76.09659576416016,508.4646911621094,2668.916259765625,84.04296875,838.949462890625,2747.325927734375,68.44091796875,924.0332641601562,2622.989990234375,121.32649230957033,-383.5480346679687,2623.251953125,205.47938537597656,-408.1355895996094,2512.5556640625,206.41726684570312,-440.9706726074219,2549.166015625,186.6413116455078,-437.8859558105469,2658.7568359375,172.00001525878906,-438.24560546875,2518.850830078125,69.73421478271484,-440.9253234863281,2571.682373046875
140.04852294921875,159.1984100341797,2627.9990234375,138.1912384033203,3.13885498046875,2613.123779296875,133.70899963378906,-122.0465316772461,2617.332763671875,122.20525360107422,-312.0733947753906,2629.852294921875,152.13351440429688,-282.00732421875,2637.309326171875,275.9834289550781,-269.2909240722656,2654.057861328125,433.7974853515625,-313.45556640625,2474.847412109375,262.06988525390625,-324.80078125,2365.65380859375,225.10794067382812,-252.72694396972656,2341.16650390625,248.63986206054688,-272.85491943359375,2430.9306640625,232.70230102539065,-214.56739807128903,2347.5849609375,95.64058685302734,-279.1981506347656,2620.046630859375,-4.792161464691162,-258.462890625,2566.762451171875,18.129796981811523,-50.081642150878906,2435.322509765625,168.52825927734375,-185.19854736328125,2476.8486328125,171.16403198242188,-276.2004699707031,2473.241455078125,240.3780975341797,-292.35760498046875,2412.74609375,197.31492614746097,-272.5455627441406,2423.2412109375,218.80081176757812,156.8695526123047,2642.598876953125,220.22439575195312,502.0739440917969,2710.402587890625,212.2923583984375,825.3322143554688,2802.499267578125,213.07940673828125,924.7694702148438,2671.296630859375,69.03410339355469,161.29843139648438,2614.83349609375,76.09651947021484,508.4645690917969,2668.916748046875,84.04305267333984,838.9493408203125,2747.32666015625,68.4410400390625,924.0335693359376,2622.990966796875,121.32513427734376,-383.5482177734375,2623.253662109375,205.4761962890625,-408.13763427734375,2512.55615234375,206.4136657714844,-440.9728698730469,2549.166259765625,186.63900756835935,-437.887939453125,2658.75732421875,171.99612426757812,-438.2468566894531,2518.8515625,69.73084259033203,-440.9241638183594,2571.684326171875
140.04852294921875,159.1984100341797,2627.9990234375,138.1912384033203,3.13885498046875,2613.123779296875,133.70899963378906,-122.0465316772461,2617.332763671875,122.20525360107422,-312.0733947753906,2629.852294921875,152.13351440429688,-282.00732421875,2637.309326171875,275.9834289550781,-269.2909240722656,2654.057861328125,433.7974853515625,-313.45556640625,2474.847412109375,262.06988525390625,-324.80078125,2365.65380859375,225.10794067382812,-252.72694396972656,2341.16650390625,248.63986206054688,-272.85491943359375,2430.9306640625,232.70230102539065,-214.56739807128903,2347.5849609375,95.64058685302734,-279.1981506347656,2620.046630859375,-4.792161464691162,-258.462890625,2566.762451171875,18.129796981811523,-50.081642150878906,2435.322509765625,168.52825927734375,-185.19854736328125,2476.8486328125,171.16403198242188,-276.2004699707031,2473.241455078125,240.3780975341797,-292.35760498046875,2412.74609375,197.31492614746097,-272.5455627441406,2423.2412109375,218.80081176757812,156.8695526123047,2642.598876953125,220.22439575195312,502.0739440917969,2710.402587890625,212.2923583984375,825.3322143554688,2802.499267578125,213.07940673828125,924.7694702148438,2671.296630859375,69.03410339355469,161.29843139648438,2614.83349609375,76.09651947021484,508.4645690917969,2668.916748046875,84.04305267333984,838.9493408203125,2747.32666015625,68.4410400390625,924.0335693359376,2622.990966796875,121.32513427734376,-383.5482177734375,2623.253662109375,205.4761962890625,-408.13763427734375,2512.55615234375,206.4136657714844,-440.9728698730469,2549.166259765625,186.63900756835935,-437.887939453125,2658.75732421875,171.99612426757812,-438.2468566894531,2518.8515625,69.73084259033203,-440.9241638183594,2571.684326171875
138.3743896484375,158.85366821289062,2628.0283203125,136.13563537597656,2.5136919021606445,2612.580078125,131.3712615966797,-122.95499420166016,2616.072021484375,120.2527313232422,-313.5198974609375,2626.956298828125,150.16610717773438,-283.3872375488281,2634.736572265625,274.2597351074219,-271.7507629394531,2652.47900390625,435.0115051269531,-317.22039794921875,2475.5068359375,257.613037109375,-326.595947265625,2374.68896484375,223.5760955810547,-252.9654541015625,2349.959716796875,252.47824096679688,-277.0022277832031,2437.380859375,232.5020446777344,-219.5328369140625,2344.68701171875,93.57158660888672,-280.54962158203125,2617.372314453125,-7.167845726013184,-260.6868896484375,2563.792236328125,15.486703872680664,-50.806732177734375,2433.688232421875,166.38882446289062,-184.72601318359375,2479.290283203125,173.488525390625,-275.6888732910156,2475.734130859375,244.93223571777344,-283.80450439453125,2415.908935546875,198.35317993164065,-275.91546630859375,2432.702392578125,217.27008056640625,156.26788330078125,2642.763427734375,219.3028259277344,501.708984375,2713.249755859375,212.97789001464844,826.0717163085938,2804.241455078125,215.117431640625,921.8712158203124,2669.936279296875,67.23067474365234,161.1853790283203,2614.740966796875,75.23310852050781,508.8908081054687,2670.16162109375,83.96489715576172,839.71630859375,2750.224853515625,68.50646209716797,925.4559326171876,2625.921142578125,119.54254913330078,-385.0914916992187,2619.723876953125,192.9229736328125,-412.9161987304687,2501.96337890625,196.451171875,-445.4259643554687,2538.848388671875,186.72872924804688,-440.6556091308594,2649.966552734375,159.41990661621094,-442.23138427734375,2511.6708984375,62.11185836791992,-441.9458312988281,2573.680419921875
137.72743225097656,158.92770385742188,2628.15771484375,135.37379455566406,2.561554431915283,2612.84423828125,130.51092529296875,-122.90924835205078,2616.535400390625,118.82003784179688,-313.4377746582031,2627.76171875,148.851806640625,-283.3843078613281,2635.4130859375,273.26904296875,-273.4638366699219,2651.974853515625,430.8123779296875,-323.29217529296875,2473.2685546875,254.23580932617188,-328.4897155761719,2370.682861328125,222.727783203125,-253.81040954589844,2345.7216796875,250.98863220214844,-282.4814758300781,2431.95703125,233.0034942626953,-220.4720916748047,2340.9345703125,92.21482849121094,-280.39599609375,2618.194580078125,-8.577823638916016,-260.3673095703125,2564.75341796875,14.205774307250977,-50.08800506591797,2435.274169921875,165.54734802246094,-183.6849670410156,2480.449951171875,175.8643798828125,-274.21380615234375,2474.373291015625,247.75938415527344,-288.07177734375,2416.151611328125,209.15611267089844,-269.2851257324219,2428.142822265625,216.6380615234375,156.3014678955078,2642.845947265625,218.90802001953125,501.85650634765625,2712.927734375,212.6407165527344,826.135009765625,2804.337890625,213.7462615966797,923.594482421875,2671.201171875,66.57026672363281,161.2958984375,2614.91259765625,74.6677017211914,509.0875549316406,2669.984130859375,83.19357299804688,840.0439453125,2749.6611328125,70.70600128173828,925.5956420898438,2624.878173828125,117.8647689819336,-385.0250244140625,2620.647705078125,193.21646118164065,-412.5807800292969,2504.058837890625,197.00987243652344,-444.5915832519531,2541.357421875,185.8778076171875,-438.78033447265625,2652.30419921875,160.23764038085938,-442.50677490234375,2513.717529296875,62.21335983276367,-443.6317138671875,2574.59912109375
135.8129119873047,159.83395385742188,2628.783203125,132.6678466796875,3.30469012260437,2613.671630859375,127.368896484375,-122.29989624023438,2616.332763671875,118.2136688232422,-313.2012634277344,2626.802734375,147.8623046875,-282.74835205078125,2634.610595703125,271.9508361816406,-268.6772766113281,2651.581787109375,430.8558349609375,-320.3547668457031,2474.281005859375,257.1102294921875,-327.91253662109375,2366.723388671875,223.90576171875,-252.7842559814453,2345.266845703125,251.6278381347656,-286.246337890625,2430.04345703125,232.898193359375,-220.0549468994141,2340.055908203125,91.14981842041016,-280.4485778808594,2617.331298828125,-10.611787796020508,-262.2041015625,2564.845458984375,13.933879852294922,-50.29192733764648,2437.901611328125,159.9986114501953,-188.0653839111328,2488.519775390625,187.06900024414065,-270.4271545410156,2459.55078125,255.09896850585935,-296.6952819824219,2400.813232421875,208.53121948242188,-268.81280517578125,2435.53857421875,214.7668609619141,156.81704711914062,2643.600830078125,217.25146484375,503.0084228515625,2712.290771484375,211.31459045410156,827.8357543945312,2803.010986328125,214.3978729248047,925.8147583007812,2670.082763671875,64.61666107177734,162.55442810058594,2615.42138671875,73.8204116821289,510.7442626953125,2670.0478515625,83.96080017089844,842.1593017578125,2749.078369140625,68.27896118164062,927.1045532226562,2624.0576171875,118.2247314453125,-384.83740234375,2619.396484375,195.0386505126953,-412.02734375,2503.506591796875,198.59030151367188,-444.05865478515625,2540.876708984375,186.22300720214844,-438.3187255859375,2651.80810546875,162.0718536376953,-442.14642333984375,2512.81396484375,63.30570602416992,-443.76519775390625,2572.6953125
135.71348571777344,159.82467651367188,2628.83251953125,132.5345916748047,3.316551446914673,2613.676025390625,127.20240783691406,-122.27404022216795,2616.325439453125,117.91317749023438,-313.1470031738281,2626.836669921875,147.57989501953125,-282.71636962890625,2634.63818359375,271.6685485839844,-268.7840270996094,2651.627197265625,430.5888366699219,-320.6048583984375,2474.416259765625,256.86126708984375,-328.00213623046875,2366.857666015625,223.6798095703125,-252.8414764404297,2345.513916015625,251.39906311035156,-286.4591064453125,2430.218994140625,232.7515869140625,-219.9880828857422,2340.611328125,90.87557983398438,-280.38079833984375,2617.357666015625,-10.922320365905762,-262.2771911621094,2564.919921875,13.23658561706543,-50.52447509765625,2437.685546875,159.49818420410156,-188.0780334472656,2488.24658203125,186.62464904785156,-270.4390563964844,2459.357421875,254.81834411621097,-295.98052978515625,2400.5048828125,208.17037963867188,-268.73663330078125,2435.207763671875,214.6571350097656,156.78565979003906,2643.65625,217.2438507080078,502.8816528320313,2712.6376953125,211.4393768310547,827.5628662109375,2803.7607421875,213.74606323242188,925.332763671875,2670.683837890625,64.52654266357422,162.5650634765625,2615.46533203125,73.81311798095703,510.6922912597656,2670.244384765625,84.02385711669922,842.0404052734375,2749.396240234375,68.35884094238281,926.5303955078124,2624.083984375,117.87408447265624,-384.7774658203125,2619.447509765625,194.6854248046875,-412.1710815429687,2503.621826171875,198.07110595703125,-444.2458190917969,2540.963134765625,185.6181182861328,-438.5540771484375,2651.876220703125,161.59219360351562,-442.1626892089844,2512.869140625,62.771053314208984,-443.4374694824219,2572.645263671875
135.20030212402344,161.92373657226562,2629.68505859375,131.63272094726562,5.740880966186523,2616.064453125,126.09686279296876,-119.48413848876952,2618.28369140625,116.3957748413086,-309.86883544921875,2627.039306640625,145.9253387451172,-279.64410400390625,2635.44482421875,269.3971252441406,-265.744140625,2654.15966796875,424.0329284667969,-326.30975341796875,2476.9013671875,253.99998474121097,-326.8204040527344,2364.423828125,222.86575317382812,-250.5857391357422,2344.85595703125,245.5433654785156,-279.9878845214844,2432.275390625,232.55905151367188,-219.72628784179688,2337.31884765625,89.61042022705078,-277.07275390625,2617.526123046875,-10.624662399291992,-257.5488586425781,2563.358154296875,16.027862548828125,-48.2119026184082,2434.04345703125,158.15695190429688,-188.4664306640625,2486.4794921875,186.42965698242188,-269.9141540527344,2456.94482421875,256.9346923828125,-287.4374694824219,2398.313720703125,210.2196350097656,-275.81182861328125,2445.282958984375,213.6745452880859,158.73776245117188,2645.6630859375,217.08010864257812,503.8046875,2714.534423828125,212.7285919189453,827.7385864257812,2804.778076171875,208.52984619140625,920.9483032226562,2669.09423828125,64.43663787841797,164.79666137695312,2615.27734375,73.93974304199219,511.6316223144531,2671.623779296875,84.23761749267578,841.8682861328125,2751.15771484375,63.473968505859375,920.4594116210938,2623.307373046875,116.33391571044922,-381.2267150878906,2619.068115234375,193.24948120117188,-415.6378479003906,2505.7119140625,196.19140625,-445.48199462890625,2544.71435546875,183.2943878173828,-433.4489135742187,2654.740234375,159.9698486328125,-444.7151794433594,2516.4404296875,61.14582443237305,-441.8416137695313,2575.505615234375
134.20538330078125,160.81069946289062,2626.374267578125,130.39498901367188,4.986390590667725,2609.45263671875,123.4467544555664,-120.10902404785156,2613.169677734375,114.98423767089844,-310.2652893066406,2626.298583984375,144.27342224121094,-279.66082763671875,2634.10888671875,267.2132263183594,-265.93463134765625,2656.02197265625,422.2365112304687,-325.93756103515625,2478.973388671875,253.54736328125,-328.2376403808594,2364.580810546875,224.5242462158203,-252.46401977539065,2340.55419921875,246.6374053955078,-282.7299499511719,2427.8037109375,232.7549285888672,-218.92694091796875,2337.76123046875,88.02249145507812,-277.8861999511719,2615.93115234375,-12.786373138427734,-260.6371765136719,2562.103271484375,9.918742179870604,-48.04275894165039,2437.525390625,159.36691284179688,-185.5613250732422,2474.3955078125,185.85122680664065,-270.99310302734375,2457.010498046875,258.71844482421875,-279.7843017578125,2399.34423828125,208.97927856445312,-274.8069152832031,2436.945556640625,212.2982482910156,156.99473571777344,2643.928955078125,216.60455322265625,501.8839721679687,2713.2998046875,212.33349609375,825.5942993164062,2804.11181640625,214.4206390380859,922.9811401367188,2671.382568359375,63.785621643066406,164.251708984375,2610.544189453125,73.39727783203125,510.7071533203125,2668.7626953125,83.07011413574219,840.4649047851562,2750.069091796875,68.28996276855469,921.9203491210938,2623.2177734375,115.42908477783205,-381.77398681640625,2619.9853515625,195.0145263671875,-412.2874450683594,2507.3916015625,196.48876953125,-443.83050537109375,2545.107421875,180.6881866455078,-436.4134521484375,2655.141357421875,161.08839416503906,-441.3321533203125,2515.921875,60.720481872558594,-439.6537170410156,2572.32763671875
133.0380096435547,158.33950805664062,2629.364501953125,129.47686767578125,1.6088932752609253,2616.08349609375,124.25607299804688,-124.0545654296875,2617.495361328125,115.38978576660156,-315.0820617675781,2626.834716796875,144.99436950683594,-284.6211242675781,2634.8427734375,269.4432373046875,-270.1410827636719,2648.83251953125,438.9190673828125,-310.279052734375,2478.37109375,263.62396240234375,-328.78131103515625,2374.611083984375,228.0694580078125,-257.1025695800781,2346.163818359375,256.33984375,-282.186279296875,2433.6396484375,232.6175537109375,-231.67184448242188,2328.054931640625,88.27308654785156,-282.3070068359375,2617.537353515625,-11.840298652648926,-258.6217041015625,2563.993896484375,6.5594892501831055,-42.484031677246094,2443.144287109375,145.7376251220703,-195.71954345703125,2450.287841796875,188.4805603027344,-275.4686584472656,2463.451416015625,265.22308349609375,-262.04876708984375,2411.455322265625,215.66763305664065,-275.03778076171875,2430.269287109375,211.8873291015625,155.2374267578125,2644.830078125,214.96678161621097,501.3164978027344,2714.56298828125,208.66207885742188,825.916748046875,2806.416015625,213.9286193847656,920.8419799804688,2671.30078125,61.93611145019531,161.13681030273438,2615.41845703125,69.30841827392578,509.607421875,2669.1640625,77.86588287353516,841.4929809570312,2746.807861328125,63.09852600097656,925.365478515625,2620.90283203125,115.51720428466795,-386.6931762695313,2619.00341796875,194.24468994140625,-416.0661315917969,2504.8955078125,194.99447631835935,-448.8427429199219,2541.795654296875,179.63645935058594,-444.2276611328125,2652.437255859375,159.4702911376953,-444.5499267578125,2512.71728515625,58.98427200317383,-441.8916931152344,2569.692138671875
132.26116943359375,161.29244995117188,2627.259521484375,128.12393188476562,5.388334274291992,2611.68798828125,122.36127471923828,-119.77228546142578,2613.134765625,112.32547760009766,-310.0352783203125,2621.988037109375,141.9827117919922,-279.8913269042969,2630.114501953125,266.94775390625,-268.8541564941406,2635.962158203125,445.3465881347656,-310.26953125,2476.594482421875,262.9533386230469,-323.5824890136719,2386.73486328125,240.95899963378903,-269.3861999511719,2325.616455078125,269.7713317871094,-285.48126220703125,2414.62353515625,233.17286682128903,-243.1486663818359,2305.130126953125,85.54004669189453,-277.1976318359375,2612.7255859375,-10.63840103149414,-254.94281005859375,2552.701171875,10.41342830657959,-41.31312561035156,2429.779052734375,150.06533813476562,-190.33267211914065,2459.234375,193.46009826660156,-270.3973693847656,2457.431396484375,273.7148742675781,-275.52984619140625,2410.109619140625,210.4146270751953,-273.5050048828125,2437.96533203125,211.09344482421875,157.82235717773438,2641.057373046875,215.20660400390625,502.04779052734375,2713.090576171875,209.6857452392578,825.0545043945312,2805.9033203125,213.8089141845703,921.0953979492188,2672.312255859375,61.17464447021485,164.4215850830078,2614.8173828125,69.10317993164062,511.1998901367187,2670.60888671875,79.2796859741211,841.5432739257812,2748.94921875,65.148681640625,925.639404296875,2623.819091796875,112.03231811523438,-381.35601806640625,2614.027099609375,189.47328186035156,-412.0876770019531,2500.064697265625,191.1629638671875,-443.8663330078125,2537.551513671875,177.16384887695312,-436.94537353515625,2647.82373046875,155.3576202392578,-440.77923583984375,2508.946044921875,55.936519622802734,-438.2842102050781,2566.89892578125
132.21302795410156,159.95989990234375,2628.126708984375,128.2638397216797,3.718346357345581,2613.0615234375,122.62360382080078,-121.66106414794922,2615.3193359375,114.53325653076172,-312.2685546875,2625.9580078125,144.0679931640625,-281.72064208984375,2633.403564453125,269.13629150390625,-268.3308410644531,2636.16015625,444.8110046386719,-304.3291320800781,2471.8623046875,262.64422607421875,-326.7847595214844,2382.5341796875,239.1916351318359,-269.5708923339844,2324.57958984375,268.7314758300781,-286.88470458984375,2413.301025390625,234.0271453857422,-242.58987426757812,2305.05126953125,87.25188446044922,-279.7095031738281,2616.794677734375,-10.931312561035156,-259.3176574707031,2558.995849609375,2.6069674491882324,-45.9246940612793,2433.733154296875,146.1787567138672,-191.56808471679688,2463.82080078125,193.49305725097656,-269.5909729003906,2464.3779296875,274.2381591796875,-271.2681884765625,2417.31201171875,209.7805633544922,-270.5243225097656,2439.67578125,211.23092651367188,156.6503448486328,2641.736572265625,215.1737518310547,501.6652221679687,2713.08544921875,209.5548095703125,825.433837890625,2805.42431640625,213.47129821777344,919.4696655273438,2670.048095703125,60.9591064453125,162.94427490234375,2615.85400390625,68.5119400024414,510.5557556152344,2670.476318359375,78.2955093383789,841.557861328125,2748.732421875,64.73738098144531,925.6773071289062,2623.2255859375,114.80973815917967,-383.78326416015625,2618.596435546875,194.3406524658203,-417.6077880859375,2506.6533203125,194.3181304931641,-449.1082763671875,2544.52685546875,177.7931365966797,-440.7506408691406,2654.552001953125,159.24461364746094,-445.4009094238281,2514.971923828125,58.35842514038086,-439.85101318359375,2570.542724609375
129.17262268066406,162.39559936523438,2625.151123046875,122.28262329101562,5.300760269165039,2616.022705078125,114.9534149169922,-120.30290222167967,2621.158203125,112.12239074707033,-311.8794250488281,2626.70166015625,141.06996154785156,-280.6588134765625,2634.44580078125,264.333740234375,-255.96487426757812,2623.259765625,297.21533203125,-14.220372200012209,2621.51611328125,325.0982666015625,188.6414031982422,2620.451416015625,325.8374938964844,266.58917236328125,2654.380126953125,306.4794006347656,175.1187744140625,2635.422607421875,260.9616394042969,267.0885314941406,2571.900146484375,83.72175598144531,-279.7328186035156,2618.939697265625,-14.520033836364746,-262.5617980957031,2559.486083984375,3.923900365829468,-39.24189376831055,2451.8466796875,149.5811004638672,-186.8306579589844,2453.012939453125,193.45315551757812,-267.1445007324219,2455.01513671875,274.39990234375,-275.6402282714844,2408.448974609375,210.54429626464844,-270.78790283203125,2434.76611328125,208.7193145751953,158.23004150390625,2636.797119140625,213.63340759277344,502.9988403320313,2714.48486328125,211.9520263671875,826.6336669921875,2811.21875,213.2063446044922,917.1748657226562,2672.809326171875,57.44186782836914,166.15187072753906,2614.6494140625,68.23286437988281,514.5264282226562,2670.99658203125,79.86788177490234,845.5958251953125,2753.280517578125,74.32686614990234,921.191650390625,2621.3271484375,114.15460205078124,-383.3594665527344,2617.33544921875,197.32394409179688,-414.9252624511719,2506.82177734375,196.8778381347656,-446.8631286621094,2544.5283203125,177.3682403564453,-439.7578125,2654.509521484375,162.3981170654297,-443.4693603515625,2514.02587890625,59.73347091674805,-440.111572265625,2567.219482421875
133.47879028320312,157.70364379882812,2622.00634765625,129.68983459472656,3.4342408180236816,2613.09423828125,124.78700256347656,-119.9019546508789,2618.9755859375,106.03611755371094,-307.0613098144531,2617.40576171875,137.42138671875,-279.2857971191406,2624.25732421875,237.8424072265625,-344.9783935546875,2593.592041015625,424.322265625,-210.3055419921875,2660.027099609375,263.4686279296875,-303.4278564453125,2583.630859375,234.5039825439453,-376.2041320800781,2612.35595703125,284.8190002441406,-298.3359069824219,2599.333251953125,211.0511932373047,-336.774658203125,2659.619140625,80.58563995361328,-272.9764099121094,2612.875,-16.4034366607666,-260.59124755859375,2554.3720703125,-4.098174095153809,-40.10504531860352,2450.6943359375,140.3834991455078,-183.3165283203125,2455.835205078125,187.9702606201172,-259.4978942871094,2454.66748046875,266.09783935546875,-250.47499084472656,2406.889892578125,199.9356689453125,-259.9546203613281,2428.8701171875,211.63145446777344,155.1337890625,2633.2646484375,212.51339721679688,493.7837829589844,2708.259033203125,209.77081298828125,811.6092529296875,2802.402587890625,211.7295379638672,919.5364990234376,2681.18603515625,63.00511169433594,160.02099609375,2611.854248046875,66.4094467163086,502.5365295410156,2664.0224609375,75.02901458740234,828.2120361328125,2741.9248046875,73.22713470458984,921.3331298828124,2625.191650390625,101.34404754638672,-376.6573791503906,2605.4296875,188.1429901123047,-415.6832885742187,2503.812744140625,187.95587158203125,-442.4777221679687,2544.233154296875,164.7178955078125,-423.9999694824219,2649.9814453125,155.0661163330078,-444.4613342285156,2513.146728515625,52.5085334777832,-440.4620971679687,2561.647705078125
134.22894287109375,161.43896484375,2622.714599609375,130.87942504882812,7.244422912597656,2613.23828125,126.32484436035156,-116.08187103271484,2618.7333984375,111.34927368164062,-303.5163879394531,2616.932861328125,142.266357421875,-275.13671875,2623.335693359375,244.19972229003903,-327.2135009765625,2576.13720703125,475.8295593261719,-267.88104248046875,2586.831787109375,278.9435119628906,-256.34527587890625,2548.64697265625,230.23394775390625,-324.0128173828125,2550.7294921875,300.1515808105469,-262.3047180175781,2558.6337890625,215.2268218994141,-313.486083984375,2602.999755859375,85.14970397949219,-269.9546813964844,2612.93115234375,-12.537985801696776,-260.9823913574219,2555.04443359375,-6.827098369598389,-40.73221969604492,2450.486083984375,139.40274047851562,-182.09532165527344,2454.577392578125,188.6411590576172,-257.1163330078125,2457.973876953125,268.1271667480469,-251.29180908203125,2412.033935546875,205.7547149658203,-260.0859375,2440.232421875,212.36788940429688,159.05267333984375,2633.92431640625,212.94143676757812,497.2863464355469,2710.2568359375,209.21055603027344,814.3876953125,2806.39990234375,215.7545623779297,915.614501953125,2679.757080078125,63.76762008666992,163.59080505371094,2612.606201171875,67.0020751953125,505.7303771972656,2666.46142578125,76.72489166259766,830.9205322265625,2745.77099609375,73.0484390258789,920.5681762695312,2626.454345703125,107.86762237548828,-373.1391296386719,2604.83837890625,190.3190460205078,-418.52001953125,2502.3076171875,190.0158843994141,-444.1957702636719,2543.427978515625,170.26092529296875,-421.9550476074219,2649.1220703125,156.30972290039062,-445.5824890136719,2513.218017578125,55.30224609375,-435.89703369140625,2564.02685546875
132.61781311035156,165.5428009033203,2626.796875,127.8485336303711,10.967195510864258,2617.784423828125,121.74376678466795,-112.43515014648438,2626.269287109375,109.85092163085938,-300.55755615234375,2623.751708984375,140.11146545410156,-271.6188049316406,2631.381591796875,257.44647216796875,-306.6980285644531,2611.14599609375,495.8535461425781,-313.86700439453125,2584.93212890625,302.4681701660156,-269.452880859375,2550.455810546875,248.4355926513672,-332.6484069824219,2559.27587890625,321.27655029296875,-274.07611083984375,2567.434814453125,225.0072326660156,-310.68609619140625,2603.812744140625,83.21895599365234,-267.33380126953125,2618.75390625,-12.426279067993164,-261.60833740234375,2556.633056640625,-12.372318267822266,-40.11741256713867,2453.1083984375,137.39773559570312,-178.53431701660156,2454.581298828125,186.6514129638672,-253.8631591796875,2456.69970703125,265.7257080078125,-248.50634765625,2409.543212890625,201.22792053222656,-260.7969665527344,2453.87939453125,210.89620971679688,162.45889282226562,2638.265869140625,213.90963745117188,502.14837646484375,2712.0107421875,209.83126831054688,821.0532836914062,2805.00732421875,214.60609436035156,919.3139038085938,2675.45751953125,62.03074645996094,168.3236846923828,2616.454833984375,66.57611846923828,511.3763122558594,2670.032958984375,77.20347595214844,837.6827392578125,2748.20458984375,74.0978012084961,922.4103393554688,2624.872802734375,107.95939636230467,-370.3868408203125,2611.450927734375,188.6369781494141,-419.1847229003906,2508.6015625,187.64190673828125,-444.6720581054687,2549.971923828125,169.0224151611328,-421.1400451660156,2655.880126953125,153.70046997070312,-445.10113525390625,2519.8251953125,53.02616882324219,-431.7344055175781,2571.098388671875
127.31334686279295,162.54808044433594,2622.340576171875,118.10334014892578,7.754459857940674,2612.412109375,109.50167083740234,-116.1634750366211,2613.687255859375,113.0910186767578,-305.1415710449219,2619.13818359375,140.59988403320312,-273.3970947265625,2626.754150390625,251.21173095703125,-217.681884765625,2614.0,287.22625732421875,16.561790466308594,2655.972412109375,303.7530212402344,210.7801818847656,2602.9306640625,290.2647705078125,292.6378479003906,2590.6357421875,234.93292236328125,364.445556640625,2615.9140625,209.0845642089844,297.1612243652344,2590.92041015625,84.01258850097656,-274.39141845703125,2611.5107421875,-18.372989654541016,-251.24009704589844,2565.67626953125,-13.976313591003418,-32.34218215942383,2455.196044921875,128.9444580078125,-178.1713409423828,2442.7646484375,158.1338653564453,-263.5859375,2445.366455078125,224.1212158203125,-244.0905914306641,2383.537353515625,200.27919006347656,-268.79168701171875,2458.520751953125,205.85548400878903,157.20379638671875,2632.804443359375,210.4863739013672,496.51904296875,2712.9267578125,201.10980224609375,814.8306274414062,2811.062744140625,205.20846557617188,914.3447875976562,2681.822021484375,56.488433837890625,167.36724853515625,2612.9052734375,70.78016662597656,510.8175354003906,2669.047607421875,84.08721160888672,837.3021240234375,2750.411376953125,63.06046295166016,920.9699096679688,2627.55419921875,117.46467590332033,-375.5484619140625,2609.888916015625,189.06993103027344,-426.2713012695313,2500.86083984375,188.3262481689453,-453.2555847167969,2541.454345703125,176.9876251220703,-432.41546630859375,2649.2890625,152.82188415527344,-450.06988525390625,2513.118408203125,55.91792678833008,-431.3487548828125,2570.400634765625
129.26016235351562,163.7692413330078,2626.652587890625,122.96054077148438,8.463859558105469,2616.042724609375,115.69935607910156,-115.41046905517578,2626.7763671875,107.96436309814452,-304.7033386230469,2619.523681640625,137.4193878173828,-275.159423828125,2629.096435546875,261.9164123535156,-267.52239990234375,2634.18603515625,471.0092468261719,-305.6834411621094,2748.461181640625,367.4178161621094,-233.4360809326172,2590.11962890625,284.1726989746094,-234.41563415527344,2578.277587890625,235.21836853027344,-158.562744140625,2550.826416015625,277.2920227050781,-237.9846343994141,2535.1923828125,80.68868255615234,-271.74627685546875,2614.143310546875,-20.459213256835938,-260.775390625,2560.873779296875,-17.944507598876953,-34.37779998779297,2464.97265625,125.2858657836914,-180.1690216064453,2447.70751953125,159.84393310546875,-263.77813720703125,2451.281982421875,232.98995971679688,-251.5695648193359,2395.576904296875,193.3217315673828,-258.6436462402344,2497.814208984375,208.25912475585935,159.93605041503906,2635.856201171875,208.1448211669922,500.8416137695313,2713.325927734375,205.2834320068359,820.4588623046875,2810.609375,204.6969451904297,916.173095703125,2677.936279296875,58.02333450317383,167.22579956054688,2618.35302734375,66.97673034667969,512.3060913085938,2671.2177734375,76.38113403320312,840.048095703125,2751.747802734375,64.154052734375,917.1956787109376,2623.085205078125,108.09463500976562,-374.6488037109375,2605.51806640625,188.25450134277344,-428.8033447265625,2503.869873046875,186.01593017578125,-453.4711608886719,2546.007568359375,167.30067443847656,-426.8411865234375,2651.81982421875,152.1278839111328,-453.35833740234375,2515.41015625,51.01601791381836,-435.22747802734375,2565.794677734375
127.77639770507812,167.64266967773438,2627.9931640625,122.22183227539062,12.75758457183838,2614.411865234375,114.9097900390625,-111.2139892578125,2621.292724609375,108.52098083496094,-300.42755126953125,2619.904052734375,137.66226196289062,-270.4354553222656,2628.75048828125,260.6245422363281,-257.0655822753906,2644.307861328125,481.8456115722656,-318.04254150390625,2717.904296875,370.6374206542969,-258.4045715332031,2559.83740234375,300.3467102050781,-243.1636962890625,2603.176025390625,251.72064208984375,-170.10568237304688,2568.867431640625,264.2822265625,-241.8749084472656,2555.364013671875,81.10167694091797,-267.89154052734375,2613.307861328125,-21.71084976196289,-260.0783386230469,2563.099609375,-29.155235290527344,-33.28689956665039,2469.2822265625,115.6906967163086,-175.19403076171875,2440.412841796875,153.56988525390625,-256.8350524902344,2449.055908203125,226.18966674804688,-245.85858154296875,2392.624755859375,171.0383758544922,-265.718994140625,2446.653076171875,206.17938232421875,163.720947265625,2640.65185546875,208.81576538085935,504.3021545410156,2717.311279296875,207.12806701660156,824.033203125,2812.63720703125,208.94821166992188,918.9933471679688,2679.713623046875,57.07698440551758,171.17906188964844,2616.578125,67.86599731445312,515.3388671875,2671.846435546875,77.08724975585938,842.5502319335938,2752.59228515625,64.42110443115234,916.5613403320312,2622.38330078125,109.22889709472656,-370.6756286621094,2608.1083984375,187.8324279785156,-431.9593505859375,2509.610107421875,184.9514617919922,-454.3390808105469,2552.89208984375,166.9652862548828,-421.8903503417969,2657.0322265625,151.12521362304688,-454.9047546386719,2522.326171875,50.66288375854492,-431.60833740234375,2571.51171875
123.72809600830078,170.4000701904297,2629.26318359375,119.05721282958984,14.394715309143066,2613.818603515625,113.10448455810548,-110.7325668334961,2619.192626953125,107.81608581542967,-301.51568603515625,2618.275390625,137.48927307128906,-271.08636474609375,2625.3642578125,261.9020690917969,-256.3641052246094,2635.25146484375,484.2529602050781,-296.1890869140625,2724.644775390625,360.5374145507813,-289.17987060546875,2562.720947265625,293.9291076660156,-256.0791015625,2603.138671875,232.36575317382812,-195.0732879638672,2564.259521484375,253.2746429443359,-251.39024353027344,2554.768798828125,79.60941314697266,-268.8991394042969,2613.31640625,-26.983230590820312,-260.6999816894531,2569.306640625,-31.157794952392575,-32.70204544067383,2473.02197265625,115.93635559082033,-175.6292266845703,2449.18359375,138.44126892089844,-263.9524841308594,2449.579833984375,207.35430908203125,-266.27142333984375,2386.62255859375,166.24404907226562,-275.2624816894531,2462.94091796875,203.2054901123047,167.04307556152344,2639.1357421875,207.83792114257812,510.1980590820313,2717.129150390625,207.5000457763672,831.7685546875,2815.71484375,208.8841857910156,918.7213745117188,2675.856201171875,52.059837341308594,173.42721557617188,2620.3603515625,66.19406127929688,520.6719360351562,2673.4130859375,78.29390716552734,851.078125,2752.18310546875,64.18714904785156,918.8642578125,2617.4033203125,108.2552719116211,-372.3362426757813,2606.394775390625,183.1242828369141,-431.1026611328125,2502.00927734375,182.30645751953125,-454.8040466308594,2545.12255859375,168.85752868652344,-424.9255065917969,2651.64306640625,146.83724975585938,-454.7511596679687,2515.890380859375,47.83888626098633,-433.0894470214844,2570.6337890625
128.07801818847656,169.95748901367188,2630.746337890625,123.4607925415039,14.46397590637207,2613.064453125,117.96073150634766,-110.54961395263672,2615.830810546875,108.33883666992188,-300.8288879394531,2614.765625,138.8306427001953,-271.1466064453125,2621.044677734375,264.2170715332031,-267.8517761230469,2623.353515625,500.511474609375,-259.6732482910156,2677.291259765625,352.61358642578125,-290.30987548828125,2540.848876953125,287.977294921875,-280.4952392578125,2594.390869140625,205.3793182373047,-241.3697967529297,2569.119384765625,237.56588745117188,-276.60137939453125,2561.46728515625,80.79802703857422,-267.6295166015625,2610.66943359375,-27.06204414367676,-259.5091857910156,2570.423828125,-42.01877975463867,-29.55302619934082,2481.239013671875,106.00169372558594,-169.65675354003906,2450.49365234375,113.6769561767578,-259.5299072265625,2462.43310546875,179.81903076171875,-272.22552490234375,2398.000244140625,160.0143280029297,-275.16949462890625,2459.053466796875,207.5885772705078,166.6446075439453,2639.1171875,208.79486083984375,509.1729736328125,2717.22265625,206.41653442382812,830.09716796875,2815.88427734375,208.4375,914.8118896484376,2675.002197265625,56.37984085083008,172.9448699951172,2623.19775390625,67.72782135009766,519.8824462890625,2674.846923828125,78.43893432617188,850.003662109375,2752.446044921875,64.18746948242188,918.7623291015624,2618.473388671875,106.8364715576172,-371.4910888671875,2602.78662109375,172.57981872558594,-428.130615234375,2491.632080078125,175.33038330078125,-452.5982360839844,2534.134765625,170.83798217773438,-424.79058837890625,2641.76123046875,137.61505126953125,-452.0188293457031,2508.01123046875,43.70582580566406,-431.4943542480469,2571.100830078125
127.9985580444336,169.91281127929688,2631.219970703125,120.7076416015625,14.98521900177002,2613.78759765625,114.07096099853516,-109.45071411132812,2607.429443359375,104.3281021118164,-299.1317443847656,2607.087158203125,134.90298461914062,-269.5491943359375,2612.448486328125,259.7392272949219,-267.33782958984375,2605.30859375,491.7125854492187,-240.22100830078125,2542.873779296875,300.80987548828125,-287.48309326171875,2492.939697265625,270.44635009765625,-290.34576416015625,2571.465576171875,181.79476928710935,-257.7709655761719,2567.507568359375,211.7510986328125,-294.1534423828125,2568.77685546875,76.79447937011719,-266.02581787109375,2603.669189453125,-33.314815521240234,-260.75628662109375,2570.734619140625,-45.17150115966797,-28.022558212280273,2490.9111328125,105.13185119628906,-163.95216369628906,2456.970703125,99.63938903808594,-249.40347290039065,2486.887451171875,173.5681915283203,-289.80084228515625,2447.69482421875,140.8409881591797,-264.75445556640625,2440.384033203125,207.22052001953125,165.2741241455078,2639.311767578125,209.27000427246097,506.9665832519531,2716.13134765625,207.17398071289065,827.2621459960938,2813.2734375,208.623291015625,917.038330078125,2676.166259765625,56.56062698364258,174.09571838378906,2623.923095703125,67.51356506347656,519.8486938476562,2676.174560546875,77.57398986816406,848.9537963867188,2753.558837890625,65.67288970947266,920.37939453125,2621.294677734375,102.46052551269533,-369.60101318359375,2595.361083984375,168.1422576904297,-428.4996948242187,2485.914306640625,172.50973510742188,-450.8762512207031,2529.249267578125,168.84181213378906,-418.61419677734375,2635.2939453125,134.47679138183594,-452.8155212402344,2503.91455078125,41.25521087646485,-432.999267578125,2567.59521484375
129.0574188232422,164.204345703125,2630.7314453125,121.98259735107422,9.428516387939451,2607.48876953125,115.54673767089844,-115.27967834472656,2597.781494140625,102.0510711669922,-305.2925720214844,2605.697265625,133.40133666992188,-276.0220947265625,2609.323486328125,258.9200744628906,-275.130615234375,2611.265380859375,454.26129150390625,-208.3663787841797,2483.6875,266.74462890625,-286.2016296386719,2467.412353515625,243.94723510742188,-309.27923583984375,2545.5048828125,160.49024963378906,-282.8124084472656,2508.917236328125,207.6897430419922,-294.9656982421875,2577.2275390625,75.01235961914062,-271.6836242675781,2601.293212890625,-36.73419952392578,-254.71205139160156,2577.5791015625,-44.66933822631836,-23.579374313354492,2490.080810546875,107.25096893310548,-161.06626892089844,2466.411376953125,71.35893249511719,-236.9533538818359,2501.666259765625,131.28273010253906,-286.43560791015625,2450.08984375,130.27450561523438,-269.58685302734375,2439.3681640625,208.73324584960935,159.58680725097656,2637.227783203125,208.9535217285156,502.9670104980469,2712.63916015625,205.45703125,824.7853393554688,2809.114013671875,209.18850708007812,919.8640747070312,2674.90625,57.21022033691406,168.36819458007812,2624.873291015625,68.47098541259766,515.4943237304688,2676.907958984375,80.18146514892578,846.2343139648438,2752.724365234375,61.949649810791016,922.00830078125,2622.968017578125,98.60118865966795,-376.4124450683594,2596.97900390625,163.5900115966797,-426.6461486816406,2482.236328125,168.3876953125,-452.4381103515625,2523.80322265625,165.6398468017578,-428.4932556152344,2632.49072265625,129.98292541503906,-452.44879150390625,2498.64013671875,36.9699592590332,-437.7733459472656,2564.760009765625
129.62696838378906,162.6120147705078,2631.697509765625,122.61808013916016,7.262855529785156,2608.275390625,116.25645446777344,-117.88846588134766,2598.13330078125,102.9403839111328,-308.6356506347656,2606.02197265625,134.32135009765625,-279.2018737792969,2609.973876953125,260.1655578613281,-275.4533996582031,2615.23193359375,454.8197937011719,-202.60086059570312,2488.194580078125,268.6623840332031,-284.5408935546875,2467.456298828125,235.99513244628903,-314.4429626464844,2539.867431640625,154.99520874023438,-295.2117004394531,2493.593017578125,198.06423950195312,-299.6335144042969,2570.572021484375,75.79186248779297,-274.946533203125,2601.305908203125,-35.724952697753906,-253.8404541015625,2577.707275390625,-40.63309097290039,-24.130626678466797,2483.835205078125,109.77639770507812,-165.0967559814453,2464.61865234375,74.09492492675781,-239.2110290527344,2504.449462890625,131.01463317871094,-296.35040283203125,2456.906005859375,124.13953399658205,-274.66033935546875,2443.154296875,209.6024169921875,158.01564025878906,2638.251220703125,209.40809631347656,502.6947326660156,2713.921630859375,205.76104736328125,826.0689697265625,2809.6005859375,202.9553375244141,921.728759765625,2675.02294921875,57.50960159301758,166.7567901611328,2625.78759765625,68.30614471435547,515.200927734375,2678.055419921875,80.51500701904297,847.243408203125,2753.838134765625,62.0877685546875,920.6434326171876,2622.09326171875,99.68490600585938,-380.03265380859375,2597.2666015625,162.44894409179688,-435.2203979492187,2482.9072265625,167.44139099121094,-459.8255004882813,2525.380126953125,166.62657165527344,-432.2392578125,2633.66552734375,128.5406036376953,-460.012939453125,2500.66748046875,36.38253402709961,-441.6033020019531,2567.798095703125
129.7377471923828,165.22296142578125,2632.886474609375,125.53923034667967,9.86824893951416,2616.090087890625,122.05315399169922,-114.4975128173828,2604.348876953125,110.8505859375,-304.3724670410156,2607.05810546875,141.4656219482422,-274.8656005859375,2613.09423828125,265.7979736328125,-263.91156005859375,2623.5703125,434.7254638671875,-179.45114135742188,2472.0595703125,256.8467712402344,-277.6545104980469,2468.397216796875,194.6548767089844,-297.348876953125,2521.901123046875,132.04067993164062,-316.75262451171875,2453.589599609375,164.2301788330078,-305.5985107421875,2537.041015625,83.68702697753906,-271.091796875,2601.95068359375,-22.072866439819336,-240.37413024902344,2568.058837890625,-24.452348709106445,-14.531954765319824,2468.78955078125,110.39247131347656,-169.98828125,2468.087890625,77.11676025390625,-252.44644165039065,2486.68603515625,137.37774658203125,-315.4952392578125,2454.22705078125,119.33687591552734,-273.6224060058594,2441.076171875,209.36756896972656,162.43948364257812,2638.72705078125,209.96376037597656,505.1532897949219,2713.458984375,206.5493621826172,826.5711059570312,2808.61767578125,208.81704711914065,921.452392578125,2674.69384765625,57.93203353881836,167.73294067382812,2627.61962890625,68.06394958496094,514.173828125,2679.091796875,82.0172348022461,844.384033203125,2753.385009765625,69.75044250488281,919.583251953125,2622.99365234375,108.8986358642578,-375.1395568847656,2596.52783203125,161.34828186035156,-434.2432556152344,2480.000732421875,167.64593505859375,-458.5039367675781,2522.153564453125,174.821533203125,-430.0145568847656,2629.2734375,127.5861587524414,-456.9510192871094,2499.986572265625,41.28595733642578,-433.3214111328125,2571.90771484375
130.63401794433594,163.09317016601562,2631.152099609375,129.01425170898438,6.597921371459961,2608.218017578125,126.96847534179688,-119.59970092773438,2600.445556640625,112.41162109375,-311.07855224609375,2613.6708984375,143.77291870117188,-281.412109375,2618.657470703125,268.3688049316406,-268.467529296875,2637.941162109375,414.3861999511719,-157.65086364746094,2475.378662109375,243.5119781494141,-271.80859375,2467.8916015625,186.08213806152344,-295.3026428222656,2526.5302734375,129.2705841064453,-312.5852966308594,2451.3525390625,124.89398193359376,-300.6180419921875,2446.156005859375,85.57691955566406,-277.3197937011719,2606.14990234375,-21.251401901245117,-246.51759338378903,2571.022216796875,-20.363033294677734,-18.501325607299805,2469.392822265625,115.62718200683594,-176.14332580566406,2473.75830078125,76.015380859375,-253.22732543945312,2504.399658203125,131.35079956054688,-306.8735656738281,2450.294189453125,110.41646575927734,-278.73687744140625,2439.192626953125,211.2677459716797,161.4434356689453,2636.71435546875,211.79129028320312,508.3932800292969,2711.59326171875,209.6803436279297,834.7914428710938,2803.920166015625,207.9527587890625,930.0554809570312,2667.87060546875,57.923065185546875,164.58079528808594,2626.13623046875,67.48723602294922,515.1424560546875,2678.34130859375,80.92683410644531,849.485107421875,2752.721923828125,63.726409912109375,923.9074096679688,2620.365234375,109.43222045898438,-383.13140869140625,2606.982666015625,165.22657775878906,-436.5466613769531,2487.271240234375,168.76795959472656,-464.3252868652344,2528.240478515625,172.41043090820312,-443.6417236328125,2638.656982421875,129.3418731689453,-459.4513244628906,2504.352783203125,39.922157287597656,-437.1437072753906,2575.06689453125
136.35662841796875,165.41610717773438,2635.1005859375,134.0844268798828,8.814215660095215,2616.765380859375,131.57269287109375,-117.02620697021484,2609.6953125,114.91502380371094,-308.0200500488281,2617.880615234375,146.37545776367188,-278.9037780761719,2624.154541015625,270.4667053222656,-266.5775146484375,2644.50634765625,396.5906982421875,-155.95558166503906,2466.98388671875,230.92771911621097,-276.6996154785156,2465.35205078125,178.29299926757812,-314.99395751953125,2520.1875,114.55007934570312,-340.2436828613281,2453.698974609375,116.38243865966795,-325.4499816894531,2452.91796875,88.64384460449219,-273.9139709472656,2610.7294921875,-17.060026168823242,-245.74832153320312,2571.42578125,-15.540501594543455,-22.82518196105957,2460.7890625,115.91311645507812,-183.2593688964844,2469.594970703125,80.45337677001953,-262.0225524902344,2500.204345703125,134.0794219970703,-321.3939208984375,2451.091552734375,112.05142974853516,-287.843505859375,2441.86962890625,216.6041717529297,163.41090393066406,2642.2822265625,212.35597229003903,510.0873718261719,2713.020751953125,205.4795379638672,835.7327880859375,2803.930908203125,190.7585601806641,928.9398803710938,2667.865478515625,63.9938850402832,167.2242889404297,2628.62451171875,69.45728302001953,517.0172729492188,2679.144287109375,78.88394165039062,850.7855834960938,2751.84521484375,53.59987258911133,920.8612060546876,2618.95654296875,111.35279083251952,-379.6305847167969,2609.3828125,164.32240295410156,-437.4384460449219,2490.957275390625,170.01669311523438,-462.9082336425781,2532.9853515625,176.8345184326172,-436.6064147949219,2641.69140625,129.80075073242188,-460.2978210449219,2510.370849609375,42.53472900390625,-436.81884765625,2582.7890625
135.8675537109375,164.64251708984375,2636.508056640625,134.5681915283203,8.222132682800293,2617.666259765625,133.11492919921875,-117.32205963134766,2607.559326171875,119.6380844116211,-308.4613342285156,2614.331787109375,151.03443908691406,-279.0014953613281,2618.8193359375,276.1781311035156,-262.5932312011719,2621.64453125,383.3744812011719,-140.27334594726562,2439.693603515625,226.38812255859375,-270.7138366699219,2456.912841796875,186.3000030517578,-304.7534484863281,2523.74072265625,121.59164428710938,-338.16583251953125,2462.07470703125,115.01718139648438,-326.8424377441406,2466.60693359375,92.5047836303711,-274.6778564453125,2609.451171875,-13.991199493408203,-246.1627655029297,2572.922119140625,-17.284109115600586,-31.317472457885746,2447.7626953125,118.52924346923828,-186.40814208984375,2470.708251953125,79.01568603515625,-259.9195251464844,2508.3740234375,136.35989379882812,-311.3196716308594,2454.822509765625,110.5749740600586,-294.7467041015625,2453.02734375,216.1122283935547,163.18508911132812,2643.0732421875,210.93280029296875,509.1820983886719,2715.578857421875,202.91148376464844,833.6473999023438,2809.515869140625,198.55604553222656,913.3953247070312,2664.6240234375,63.50740814208984,165.9567413330078,2630.587646484375,69.51917266845703,515.5978393554688,2680.023193359375,79.87274169921875,848.7509155273438,2754.068359375,63.6347770690918,919.505859375,2620.27490234375,116.46676635742188,-379.9461059570313,2605.158447265625,163.07969665527344,-437.343017578125,2484.033447265625,169.10470581054688,-463.8542785644531,2525.316162109375,180.54637145996097,-440.0997314453125,2634.1240234375,128.3411865234375,-459.1756896972656,2504.1396484375,44.60014343261719,-433.729248046875,2579.8271484375
138.527587890625,162.6745147705078,2636.195556640625,135.93521118164062,6.646647930145264,2615.982421875,133.39317321777344,-118.69305419921876,2605.582275390625,121.42345428466795,-309.60369873046875,2614.34130859375,152.68067932128906,-279.93560791015625,2617.762451171875,277.95428466796875,-265.7067565917969,2618.8125,368.123779296875,-137.1947021484375,2432.372802734375,218.3400115966797,-275.6341247558594,2448.090576171875,189.12489318847656,-306.6286926269531,2521.56787109375,120.08961486816406,-342.0437316894531,2466.226318359375,113.2601089477539,-336.62701416015625,2471.466796875,93.97811889648438,-276.089111328125,2609.87158203125,-13.4689359664917,-248.2245178222656,2576.215087890625,-17.424222946166992,-34.71398162841797,2449.4384765625,118.28137969970705,-188.67762756347656,2477.599609375,78.3460464477539,-263.5052490234375,2511.7802734375,135.76698303222656,-313.7724304199219,2457.453369140625,112.26042938232422,-293.7940368652344,2450.1376953125,218.6729278564453,160.5255126953125,2642.50537109375,214.21253967285156,507.5067138671875,2707.769775390625,203.47573852539065,831.1709594726562,2802.626953125,221.67559814453125,909.4315795898438,2658.246337890625,66.25700378417969,164.61236572265625,2630.506103515625,70.59749603271484,513.8576049804688,2679.6591796875,79.43870544433594,846.8712158203125,2752.486572265625,64.26050567626953,916.3544311523438,2618.126953125,118.51371002197266,-381.09381103515625,2605.882568359375,158.88291931152344,-434.3204956054687,2480.887451171875,164.6361083984375,-463.156005859375,2520.542724609375,180.120849609375,-445.6682739257813,2629.887939453125,123.67008209228516,-455.3942260742187,2500.84375,43.46222686767578,-429.8220825195313,2580.00732421875
138.96339416503906,161.77650451660156,2636.384521484375,135.67919921875,6.2569379806518555,2613.560791015625,132.02069091796875,-119.07139587402344,2604.769775390625,123.81708526611328,-309.9599609375,2614.7197265625,154.48397827148438,-279.6966857910156,2617.789794921875,279.095947265625,-262.2995910644531,2624.058349609375,362.4007568359375,-135.09603881835938,2433.835693359375,214.45765686035156,-274.51055908203125,2455.124267578125,181.7372283935547,-318.6398620605469,2519.79931640625,120.38172149658205,-360.0218505859375,2459.879150390625,126.98811340332033,-358.0858459472656,2454.361328125,95.72583770751952,-277.0395812988281,2610.206298828125,-11.941239356994627,-250.72950744628903,2576.341064453125,-29.166215896606445,-36.278560638427734,2452.711669921875,112.45808410644533,-185.92735290527344,2472.43359375,79.74192810058594,-261.4923400878906,2512.028564453125,136.7496795654297,-307.0934753417969,2453.452392578125,112.10505676269533,-294.9503173828125,2453.5791015625,218.82196044921875,158.8550262451172,2644.80029296875,221.7312774658203,506.5390319824219,2704.561767578125,216.2374267578125,823.2223510742188,2820.1484375,242.45372009277344,904.7312622070312,2678.994384765625,66.95142364501953,164.41091918945312,2628.7958984375,70.99208068847656,513.206787109375,2679.010009765625,80.40579986572266,845.3450317382812,2754.36669921875,63.58610153198242,916.6690673828124,2621.3193359375,122.25264739990234,-381.482177734375,2606.708740234375,150.80337524414062,-428.9544067382813,2476.386962890625,161.66348266601562,-458.84759521484375,2514.089111328125,188.0759124755859,-444.4906005859375,2621.68603515625,118.64220428466795,-451.9294738769531,2499.115478515625,46.56861114501953,-431.9674682617187,2587.08349609375
140.56544494628906,162.3746337890625,2635.81396484375,137.0880889892578,6.829306602478027,2611.8134765625,132.9868621826172,-118.86617279052734,2607.032958984375,122.38282775878906,-309.9132080078125,2616.452392578125,153.5358428955078,-280.0326232910156,2619.145263671875,278.8689880371094,-265.80242919921875,2619.892333984375,363.3772888183594,-135.36610412597656,2431.998046875,213.41925048828125,-272.4870300292969,2456.412353515625,185.3049468994141,-318.613525390625,2521.99853515625,120.27825927734376,-364.7514953613281,2469.712646484375,127.8603057861328,-358.8877868652344,2461.903564453125,94.6291275024414,-276.56268310546875,2612.49609375,-13.946943283081056,-250.03665161132812,2581.2890625,-31.56556510925293,-33.770694732666016,2460.2548828125,108.8451156616211,-185.5236663818359,2474.701171875,76.82743835449219,-260.8219909667969,2515.627197265625,132.43016052246094,-308.99822998046875,2457.569091796875,110.42620086669922,-295.0160217285156,2455.76025390625,220.66029357910156,159.4921112060547,2642.890625,221.98497009277344,506.3785400390625,2709.647705078125,215.9128570556641,828.2593994140625,2811.288330078125,240.73521423339844,928.5933227539062,2682.27880859375,68.34038543701172,164.9739227294922,2629.4326171875,71.46268463134766,514.2025146484375,2679.92626953125,79.48469543457031,847.4691162109375,2752.41455078125,65.95466613769531,920.6472778320312,2619.7734375,119.73461151123048,-381.4710693359375,2608.205078125,152.51571655273438,-429.2931213378906,2478.809326171875,163.32485961914062,-458.6129760742187,2517.056396484375,186.93942260742188,-442.651611328125,2625.227294921875,120.42865753173828,-452.96337890625,2501.042724609375,45.78404998779297,-434.1898193359375,2587.309814453125
140.95013427734375,159.8143768310547,2635.763916015625,138.86573791503906,3.553584098815918,2611.69873046875,135.97508239746094,-122.74795532226562,2607.430419921875,124.13768768310548,-314.48675537109375,2618.374267578125,155.7870635986328,-284.74615478515625,2619.331787109375,280.84814453125,-268.69256591796875,2606.93359375,347.6543273925781,-126.11442565917967,2419.337890625,211.4750213623047,-271.51788330078125,2470.0126953125,185.0926818847656,-325.2778625488281,2530.816650390625,121.3008804321289,-363.76312255859375,2470.64501953125,127.18242645263672,-358.1905822753906,2460.445068359375,96.3905029296875,-280.7579040527344,2615.660400390625,-13.189464569091797,-251.51803588867188,2588.785888671875,-34.21942901611328,-35.825653076171875,2465.054931640625,105.91289520263672,-188.444091796875,2485.104248046875,68.581787109375,-257.6023254394531,2532.7197265625,127.07234954833984,-304.9242248535156,2476.14892578125,115.46907806396484,-287.763916015625,2447.92236328125,221.4826507568359,157.75509643554688,2642.159912109375,221.0220947265625,505.7886962890625,2711.15869140625,216.1743621826172,832.8162841796875,2800.652587890625,222.17300415039065,927.1710815429688,2664.166015625,68.33041381835938,161.6713104248047,2629.996337890625,72.79043579101562,512.4423828125,2680.56689453125,81.26482391357422,846.8795776367188,2754.671142578125,75.39388275146484,917.6231689453124,2619.40625,120.4282455444336,-386.3690185546875,2610.59375,154.12814331054688,-432.7366943359375,2480.2236328125,162.20993041992188,-463.78460693359375,2518.059326171875,183.7927398681641,-452.0732116699219,2627.6982421875,119.98332977294922,-455.1872863769531,2501.024169921875,43.84627914428711,-434.3327331542969,2586.184814453125
140.2002716064453,159.7701873779297,2637.07373046875,137.06520080566406,3.5532565116882324,2613.00927734375,133.4098663330078,-122.71559143066406,2608.9853515625,123.10045623779295,-314.6419677734375,2617.316162109375,154.48101806640625,-284.6578674316406,2618.957275390625,279.2178039550781,-264.7397155761719,2609.447998046875,350.00555419921875,-124.21436309814452,2421.81640625,209.72447204589844,-264.59735107421875,2475.246337890625,187.75392150878903,-313.33612060546875,2541.75,117.79995727539062,-360.2972106933594,2496.261474609375,125.40840911865234,-350.9616394042969,2476.492919921875,95.09904479980467,-281.1191711425781,2614.783203125,-14.255687713623049,-251.47544860839844,2587.519775390625,-37.46851348876953,-34.60808181762695,2466.342529296875,104.5769500732422,-184.9595642089844,2489.465087890625,68.80056762695312,-258.98724365234375,2530.463134765625,129.0922393798828,-300.12359619140625,2471.044677734375,120.25906372070312,-283.71923828125,2447.101806640625,220.74758911132812,157.25189208984375,2642.92822265625,219.98765563964844,505.6139221191406,2709.93701171875,214.60079956054688,832.9019775390625,2798.22802734375,219.8122100830078,929.2940673828124,2663.173583984375,67.56721496582031,162.04104614257812,2631.794677734375,72.50193786621094,512.98046875,2680.716796875,81.12176513671875,848.2174072265625,2750.821044921875,72.90293884277344,912.9324340820312,2612.71826171875,120.07354736328124,-386.43267822265625,2608.56640625,150.6150360107422,-431.29736328125,2476.924072265625,162.29489135742188,-461.5944213867187,2514.416748046875,188.0574188232422,-448.0293273925781,2622.914306640625,118.89828491210938,-455.6903991699219,2499.304931640625,45.57149124145508,-439.1171875,2587.78173828125
140.2007293701172,159.7772674560547,2637.07470703125,137.06666564941406,3.561422348022461,2613.010009765625,133.4123077392578,-122.70650482177734,2608.983642578125,123.10652160644533,-314.6321716308594,2617.30419921875,154.48631286621094,-284.6477966308594,2618.94677734375,279.2218322753906,-264.7240295410156,2609.44482421875,350.0336608886719,-124.15510559082033,2421.857177734375,209.73745727539065,-264.54144287109375,2475.233154296875,187.75143432617188,-313.2877197265625,2541.724853515625,117.8021011352539,-360.1782531738281,2496.157958984375,125.40412139892578,-350.8866882324219,2476.45556640625,95.1046905517578,-281.1100158691406,2614.772705078125,-14.250069618225098,-251.4654998779297,2587.513671875,-37.4794807434082,-34.58382034301758,2466.36865234375,104.58048248291016,-184.92344665527344,2489.46630859375,68.81532287597656,-258.95965576171875,2530.45751953125,129.11488342285156,-300.08941650390625,2471.04345703125,120.30481719970705,-283.6723937988281,2447.089111328125,220.74749755859375,157.25946044921875,2642.92919921875,219.98452758789065,505.6195373535156,2709.93505859375,214.5950164794922,832.9071044921875,2798.218505859375,219.8072052001953,929.2937622070312,2663.16162109375,67.56817626953125,162.0476837158203,2631.795654296875,72.49787139892578,512.9847412109375,2680.71728515625,81.11296081542969,848.22021484375,2750.818115234375,72.8908462524414,912.9658813476562,2612.73095703125,120.0810089111328,-386.4219665527344,2608.550537109375,150.6259765625,-431.2828979492187,2476.90869140625,162.30674743652344,-461.5797729492187,2514.400634765625,188.06716918945312,-448.01519775390625,2622.898193359375,118.91036224365234,-455.67767333984375,2499.28857421875,45.582252502441406,-439.1094055175781,2587.763916015625
139.75265502929688,158.91885375976562,2638.24169921875,135.72129821777344,2.856433391571045,2611.614013671875,131.97825622558594,-123.44402313232422,2603.6220703125,123.19212341308594,-315.849609375,2610.314697265625,154.48098754882812,-285.6230773925781,2611.0166015625,279.11077880859375,-266.2946472167969,2596.9873046875,330.4377746582031,-97.7590560913086,2426.29296875,204.4133453369141,-252.50572204589844,2476.90087890625,197.98297119140625,-306.8302307128906,2542.582275390625,130.03492736816406,-335.1683654785156,2481.096923828125,129.28933715820312,-346.341796875,2481.344482421875,94.85347747802734,-282.430419921875,2609.265625,-15.62553596496582,-252.00230407714844,2586.97412109375,-40.61708450317383,-29.03394317626953,2476.818603515625,104.53783416748048,-178.62001037597656,2481.7080078125,65.45674896240234,-239.9211578369141,2538.1484375,130.65501403808594,-290.9726257324219,2493.070556640625,115.14569091796876,-276.9520263671875,2455.717529296875,220.60218811035156,156.34149169921875,2641.107177734375,219.7913055419922,505.2404479980469,2708.630615234375,215.12423706054688,832.6282958984375,2798.865478515625,218.35536193847656,935.17431640625,2667.986328125,66.8470687866211,161.24298095703125,2635.657958984375,70.84854888916016,513.16064453125,2682.09912109375,79.32303619384766,849.8887939453125,2747.89306640625,72.97005462646484,929.7111206054688,2617.515869140625,120.25764465332033,-387.6897277832031,2600.907958984375,146.09231567382812,-436.1984252929687,2469.278564453125,156.9812469482422,-466.4923095703125,2507.125732421875,185.4785919189453,-452.4772338867187,2615.0859375,113.5767059326172,-458.659423828125,2492.677734375,42.72056198120117,-437.0048828125,2582.330322265625
139.24407958984375,159.46713256835938,2638.6689453125,135.06761169433594,3.5588889122009277,2612.079345703125,131.21214294433594,-122.61531066894533,2604.10302734375,122.1239776611328,-314.8257141113281,2610.583740234375,153.43634033203125,-284.683349609375,2611.224853515625,277.641357421875,-263.8099670410156,2596.7685546875,326.4463195800781,-92.10716247558594,2428.857666015625,203.10671997070312,-248.74929809570312,2479.431396484375,200.2723846435547,-301.0042724609375,2546.912109375,131.31736755371094,-328.3240966796875,2486.23828125,130.3872833251953,-344.5688781738281,2497.244873046875,93.86746215820312,-281.3892517089844,2609.663818359375,-16.380861282348633,-250.51611328125,2587.438720703125,-40.03982925415039,-28.338462829589844,2475.95263671875,104.7082748413086,-177.96868896484375,2482.571533203125,64.99172973632812,-239.472412109375,2538.195556640625,133.3749542236328,-285.90582275390625,2493.0361328125,120.09083557128906,-278.91705322265625,2460.83544921875,220.01329040527344,156.81979370117188,2641.5048828125,219.29119873046875,505.34326171875,2709.143798828125,214.7106781005859,832.4597778320312,2799.119873046875,218.82205200195312,930.6322631835938,2665.154541015625,66.41093444824219,161.85433959960938,2636.111572265625,70.85848236083984,513.4718627929688,2682.13671875,79.48946380615234,850.0108032226562,2747.127197265625,78.1321029663086,933.3256225585938,2618.9814453125,119.03964233398438,-386.5791320800781,2601.10888671875,140.24270629882812,-434.2975463867187,2468.517333984375,151.59922790527344,-465.1073303222656,2505.741943359375,183.33169555664065,-452.6359252929687,2612.871337890625,108.00631713867188,-456.3414306640625,2492.601318359375,40.17195892333984,-434.2187194824219,2584.306396484375
139.01165771484375,159.0877685546875,2639.424072265625,132.2410125732422,3.324315071105957,2612.7529296875,126.8938217163086,-122.55884552001952,2602.013916015625,119.97897338867188,-314.8656921386719,2606.63525390625,150.98312377929688,-284.4408874511719,2605.380859375,271.81097412109375,-259.17083740234375,2576.646240234375,300.2875671386719,-57.49936294555664,2440.463134765625,190.770751953125,-228.7247009277344,2471.67431640625,209.89431762695312,-278.7206726074219,2538.1826171875,135.45516967773438,-302.6598205566406,2482.83251953125,132.29461669921875,-329.7608947753906,2487.6611328125,91.447998046875,-281.7023010253906,2608.216796875,-19.037351608276367,-248.98162841796875,2590.40087890625,-44.69752502441406,-25.205984115600582,2482.758056640625,104.2569580078125,-170.00218200683594,2468.260498046875,84.220458984375,-246.3966064453125,2515.29638671875,146.39476013183594,-301.1986083984375,2470.592529296875,121.32186126708984,-281.29852294921875,2471.4912109375,219.7790985107422,155.7363739013672,2638.493408203125,218.2358856201172,504.0154418945313,2706.91162109375,214.48870849609375,830.9961547851562,2797.103271484375,207.9261932373047,932.1264038085938,2665.50732421875,66.18008422851562,162.10986328125,2640.263427734375,69.29913330078125,513.8202514648438,2684.993896484375,79.16200256347656,850.3556518554688,2749.376953125,64.1379165649414,933.880126953125,2622.29052734375,116.83511352539062,-386.5051879882813,2596.4794921875,137.1119842529297,-438.42816162109375,2465.369140625,150.739990234375,-467.1846923828125,2503.447998046875,184.34640502929688,-449.05511474609375,2609.159423828125,106.50527954101562,-460.9273986816406,2491.081787109375,39.89763259887695,-438.2760925292969,2583.517578125
137.87640380859375,159.97152709960938,2640.7568359375,131.0641632080078,3.7803053855896,2615.618408203125,125.87950897216795,-122.4237060546875,2607.189208984375,122.69966888427734,-315.0888977050781,2608.5869140625,153.1262664794922,-284.0204162597656,2607.324951171875,270.0780334472656,-249.55323791503903,2572.211181640625,293.2976379394531,-45.59348678588867,2437.97119140625,188.4156188964844,-219.0232391357422,2474.03125,215.4239044189453,-265.8316345214844,2540.243896484375,139.2076873779297,-290.35345458984375,2487.44482421875,134.4181365966797,-319.8798522949219,2486.114501953125,93.5440673828125,-282.4787902832031,2611.239990234375,-17.105609893798828,-250.8247833251953,2591.76171875,-50.09501647949219,-26.30011749267578,2487.084716796875,101.4853286743164,-168.17315673828125,2468.280029296875,85.583740234375,-247.3618621826172,2512.378662109375,143.9739532470703,-306.5860290527344,2467.99658203125,122.6029281616211,-281.1179504394531,2484.392822265625,218.7152862548828,156.79580688476562,2638.58203125,218.03903198242188,505.4887390136719,2706.915283203125,214.14157104492188,832.89111328125,2796.962646484375,209.03695678710935,930.931640625,2662.76123046875,64.98043060302734,162.835205078125,2642.718017578125,69.1590576171875,515.2940673828125,2684.435302734375,79.50453186035156,852.944580078125,2744.76806640625,63.89976119995117,935.2186889648438,2616.7392578125,120.737548828125,-386.6701049804687,2597.230712890625,140.71591186523438,-436.4993286132813,2465.09716796875,154.23324584960938,-466.0018615722656,2502.71240234375,188.01593017578125,-449.8310546875,2608.815185546875,109.97622680664062,-459.3071594238281,2490.466064453125,43.453102111816406,-437.8848571777344,2583.413818359375
137.91323852539062,159.85171508789062,2640.945556640625,131.1141357421875,3.644242763519287,2615.696044921875,125.9351806640625,-122.57404327392578,2607.0810546875,122.73524475097656,-315.28271484375,2607.87255859375,153.17242431640625,-284.20684814453125,2606.73974609375,270.0531005859375,-248.67428588867188,2572.363037109375,285.2144775390625,-41.33050155639648,2442.12109375,160.35595703125,-204.89111328125,2434.7392578125,189.89389038085935,-249.3747711181641,2501.4951171875,114.27716064453124,-287.6921081542969,2456.5986328125,123.0594711303711,-313.55419921875,2464.351806640625,93.57374572753906,-282.67138671875,2610.596923828125,-17.094627380371094,-251.03237915039065,2591.054443359375,-51.548065185546875,-26.174217224121097,2487.4453125,101.77943420410156,-166.03952026367188,2467.326904296875,86.0476303100586,-245.5033416748047,2511.030029296875,143.6976318359375,-305.7555236816406,2467.023681640625,121.21176147460938,-278.68310546875,2477.305419921875,218.76971435546875,156.6814422607422,2638.785888671875,217.9599151611328,505.34521484375,2707.651611328125,213.9918670654297,832.5614013671875,2798.635986328125,207.8102264404297,929.9688720703124,2663.9765625,65.00140380859375,162.7104949951172,2642.893310546875,68.74595642089844,515.1796264648438,2685.193359375,78.97388458251953,852.7664184570312,2746.306396484375,58.04358673095703,933.637939453125,2618.105712890625,120.77816772460938,-386.8428039550781,2596.28759765625,139.2891082763672,-434.354736328125,2463.058837890625,152.97186279296875,-464.62701416015625,2500.010986328125,187.80116271972656,-450.6004638671875,2606.105224609375,108.63790130615234,-457.4554748535156,2488.287109375,43.05937576293945,-437.3656921386719,2582.228759765625
138.1646728515625,161.13833618164062,2641.30615234375,130.5730438232422,3.610342741012573,2621.830078125,125.11846160888672,-123.2783203125,2624.771728515625,122.3089828491211,-316.19561767578125,2611.71240234375,152.76466369628906,-284.9215087890625,2612.374267578125,265.8307800292969,-244.35659790039065,2570.14306640625,283.1463623046875,-19.963592529296875,2470.472900390625,172.44735717773438,-194.2259063720703,2462.8798828125,220.71099853515625,-245.7079620361328,2511.631103515625,145.21437072753906,-260.1646728515625,2453.712646484375,150.8385009765625,-307.4693908691406,2450.074951171875,93.02816772460938,-283.8465576171875,2617.21826171875,-16.29095458984375,-250.22247314453125,2591.916259765625,-60.36842346191406,-25.107160568237305,2490.523193359375,104.1444091796875,-152.9987335205078,2471.923583984375,82.45450592041016,-229.10397338867188,2519.526611328125,144.0072479248047,-279.9844665527344,2468.809814453125,120.4940948486328,-260.4192199707031,2455.085205078125,219.2531890869141,157.58592224121094,2638.431640625,218.44908142089844,507.6221923828125,2706.4521484375,214.0810546875,836.68212890625,2794.9677734375,208.72227478027344,935.1407470703124,2660.351806640625,65.04358673095703,164.3417205810547,2643.8984375,68.54786682128906,518.0169067382812,2686.098876953125,79.5845947265625,856.6749267578125,2747.577880859375,51.267845153808594,932.477783203125,2617.10888671875,120.31810760498048,-386.9793090820313,2594.988037109375,140.8388671875,-430.9584655761719,2460.3388671875,154.68251037597656,-462.0558471679687,2496.764892578125,188.4296417236328,-450.1720275878906,2603.864501953125,110.2073745727539,-455.2262573242187,2484.761474609375,43.248172760009766,-438.4498901367187,2578.860107421875
138.92059326171875,159.63795471191406,2640.979248046875,131.5655517578125,1.645863056182861,2622.108154296875,126.2115707397461,-125.54283142089844,2625.270751953125,120.25189208984376,-318.96258544921875,2614.04443359375,151.31884765625,-288.1967468261719,2615.887451171875,272.4855041503906,-257.6450500488281,2589.90625,278.2221984863281,-18.71468162536621,2528.64697265625,181.5791473388672,-183.6592712402344,2449.054443359375,214.02084350585935,-244.7038726806641,2500.166259765625,135.10531616210938,-258.7687683105469,2446.48486328125,150.73243713378906,-297.7652282714844,2447.8779296875,91.3075714111328,-285.92340087890625,2617.778564453125,-18.570892333984375,-252.97706604003903,2592.723876953125,-59.32661819458008,-24.56885528564453,2495.940185546875,107.00984191894533,-150.8119659423828,2476.731689453125,79.12959289550781,-224.73248291015625,2524.974853515625,141.28231811523438,-263.982177734375,2465.069091796875,119.91645050048828,-256.2876281738281,2450.34375,220.2166290283203,156.1533660888672,2638.467529296875,218.19479370117188,506.94537353515625,2706.997802734375,214.4989776611328,836.3284912109375,2797.430419921875,209.0780792236328,932.9844970703124,2661.0322265625,65.61237335205078,162.78016662597656,2643.244140625,69.4651870727539,517.028564453125,2687.6728515625,80.18162536621094,856.153564453125,2751.173095703125,59.16434097290039,930.9967041015624,2618.36279296875,117.6904525756836,-390.0464782714844,2597.93212890625,141.1177215576172,-431.2543029785156,2462.521728515625,154.30828857421875,-463.1607360839844,2498.6513671875,185.90052795410156,-453.4458923339844,2606.90283203125,109.96964263916016,-456.1394958496094,2485.8515625,40.89559555053711,-441.4190368652344,2579.104736328125
