203.1978454589844,-75.26509094238281,5251.52685546875,191.3218688964844,-219.55685424804688,5275.2236328125,179.3615264892578,-330.6944274902344,5310.73486328125,167.0039520263672,-507.7245178222656,5330.23828125,195.3608856201172,-479.6031799316406,5335.68212890625,309.3927001953125,-451.4032287597656,5340.15966796875,385.096435546875,-244.3450927734375,5395.2451171875,388.8582763671875,-185.32098388671875,5213.92138671875,373.830078125,-241.9649200439453,5160.67138671875,348.22882080078125,-157.09178161621094,5154.64306640625,287.9205322265625,-234.1095428466797,5169.13330078125,142.3416748046875,-477.1326904296875,5320.02001953125,55.41202545166016,-434.9896240234375,5271.41748046875,12.432053565979004,-207.64073181152344,5262.6953125,164.52635192871094,-247.8585205078125,5150.65576171875,235.16514587402344,-280.9662170410156,5185.05029296875,194.4312744140625,-217.7717132568359,5229.494140625,245.370361328125,-239.07015991210935,5188.271484375,277.0907897949219,-79.36888885498047,5263.57080078125,303.79736328125,244.101318359375,5208.54248046875,311.23358154296875,553.1067504882812,5267.224609375,311.72076416015625,681.593994140625,5182.2373046875,136.56532287597656,-71.56451416015625,5240.666015625,170.8152313232422,254.2631378173828,5269.02880859375,207.99176025390625,566.7501220703125,5314.2666015625,212.1114044189453,666.337646484375,5213.4970703125,165.45831298828125,-574.7996826171875,5326.9677734375,215.30227661132812,-567.2477416992188,5204.82470703125,232.5867156982422,-599.6461791992188,5232.57470703125,243.2292938232422,-610.8653564453125,5335.66845703125,194.04083251953125,-602.9828491210938,5213.8251953125,119.0347671508789,-634.6004028320312,5284.41259765625
203.1914825439453,-75.48262023925781,5251.552734375,191.310302734375,-219.78738403320312,5275.1513671875,179.35293579101562,-330.970703125,5310.5126953125,167.14031982421875,-508.0339965820313,5329.77587890625,195.4727783203125,-479.89697265625,5335.2607421875,309.4857482910156,-451.5897216796875,5339.478515625,384.7878723144531,-244.16030883789065,5393.69384765625,388.1174926757813,-185.4488067626953,5212.26416015625,373.1095275878906,-242.23106384277344,5159.1572265625,347.3638610839844,-157.39923095703125,5153.1865234375,287.1724548339844,-234.5714874267578,5167.8896484375,142.45425415039062,-477.4494018554687,5319.59619140625,55.4988899230957,-435.3287963867187,5271.02490234375,12.133893013000488,-208.04087829589844,5262.7392578125,164.35787963867188,-247.73333740234375,5150.6943359375,235.05259704589844,-280.69781494140625,5185.1083984375,194.00445556640625,-217.8218231201172,5229.7109375,245.08338928222656,-238.6798858642578,5189.1279296875,277.08056640625,-79.59453582763672,5263.609375,303.4519958496094,243.9614715576172,5208.9599609375,308.4957275390625,552.9360961914062,5268.02783203125,309.278564453125,681.8090209960938,5183.63330078125,136.5624542236328,-71.77472686767578,5240.6806640625,171.98509216308594,253.8926239013672,5269.37451171875,210.59014892578125,566.079833984375,5315.4384765625,214.75450134277344,666.503662109375,5215.50732421875,165.6507568359375,-575.104736328125,5326.41455078125,212.22286987304688,-570.6581420898438,5202.8388671875,231.09683227539065,-601.536376953125,5231.2763671875,244.5997314453125,-608.688232421875,5334.3955078125,192.2091522216797,-606.6080322265625,5213.65771484375,119.89732360839844,-637.6652221679688,5287.23876953125
203.20350646972656,-75.47100830078125,5251.65380859375,191.2792510986328,-219.79168701171875,5275.1298828125,179.28700256347656,-331.003173828125,5310.3896484375,167.0758056640625,-508.0921630859375,5329.41064453125,195.4114227294922,-479.9638977050781,5334.92333984375,309.40802001953125,-451.55377197265625,5338.873046875,384.6353759765625,-243.80694580078125,5391.9619140625,387.4964294433594,-185.75173950195312,5210.31396484375,372.3980407714844,-242.73919677734375,5157.45361328125,346.5971374511719,-157.93600463867188,5151.32080078125,286.46258544921875,-235.12147521972656,5166.4306640625,142.3867950439453,-477.4925842285156,5319.28466796875,55.39128112792969,-435.30316162109375,5270.84521484375,11.86544418334961,-208.0249481201172,5263.18115234375,164.04104614257812,-247.32920837402344,5150.93505859375,234.71414184570312,-280.1033630371094,5185.57421875,193.53421020507812,-217.1219940185547,5229.9052734375,244.678466796875,-238.09036254882812,5188.58056640625,277.08929443359375,-79.6131362915039,5263.71875,303.53533935546875,244.00083923339844,5209.45703125,308.7100830078125,552.84814453125,5269.169921875,309.8017578125,681.9783935546875,5185.173828125,136.577392578125,-71.73587036132812,5240.77392578125,172.26609802246094,253.84259033203125,5270.12744140625,211.27261352539065,565.7982788085938,5317.3984375,215.6566162109375,667.1561279296875,5218.42529296875,165.5824432373047,-575.1578979492188,5325.95654296875,211.9007110595703,-571.0029296875,5202.275390625,230.97520446777344,-601.67236328125,5230.8046875,244.7055206298828,-608.3310546875,5333.92626953125,192.079345703125,-607.0025024414062,5213.28076171875,120.05509948730467,-638.0979614257812,5287.1259765625
207.8502197265625,-78.1202621459961,5246.7294921875,194.71115112304688,-222.6890869140625,5266.21923828125,181.2447204589844,-334.5347900390625,5298.15771484375,165.4644775390625,-509.1165161132813,5330.42578125,194.2479705810547,-481.2304992675781,5334.05224609375,308.77166748046875,-455.9450988769531,5338.3583984375,384.7297058105469,-247.94374084472656,5387.71728515625,396.5978698730469,-184.9648895263672,5208.4111328125,373.0359497070313,-242.13145446777344,5159.15234375,351.9901123046875,-156.66786193847656,5148.08154296875,292.7485046386719,-231.97457885742188,5168.369140625,141.4978790283203,-478.96978759765625,5317.7802734375,53.14447784423828,-439.12457275390625,5270.2099609375,11.590126991271973,-211.72711181640625,5270.01123046875,159.89169311523438,-245.5430603027344,5151.5009765625,223.1253204345703,-291.659423828125,5184.96923828125,156.03431701660156,-237.0882873535156,5173.83447265625,236.88706970214844,-248.4613037109375,5192.5029296875,281.1667785644531,-82.8481674194336,5261.08544921875,305.9951171875,240.0504913330078,5205.03515625,311.5379333496094,547.429931640625,5269.4423828125,313.2822570800781,681.5006103515625,5194.09765625,141.73745727539062,-73.85689544677734,5233.78369140625,166.42063903808594,251.00486755371097,5274.34033203125,195.17556762695312,561.0169067382812,5336.09326171875,198.3923492431641,665.1110229492188,5240.2919921875,162.70204162597656,-576.1027221679688,5332.0673828125,206.6261444091797,-579.555419921875,5207.72021484375,228.71009826660156,-605.601318359375,5238.46923828125,244.42430114746097,-601.35107421875,5341.26513671875,190.25360107421875,-615.88916015625,5222.416015625,122.43620300292967,-646.0056762695312,5300.2880859375
208.08631896972656,-78.43815612792969,5246.73681640625,195.00157165527344,-223.0729827880859,5266.09521484375,181.6321563720703,-335.09259033203125,5297.5869140625,166.68917846679688,-510.058349609375,5328.4296875,195.31369018554688,-482.0365905761719,5332.384765625,309.66455078125,-455.9395446777344,5337.328125,383.0499877929687,-247.47706604003903,5388.888671875,390.2672729492187,-195.83485412597656,5205.6953125,365.2895812988281,-255.20855712890625,5159.82421875,344.79888916015625,-169.92938232421875,5146.34423828125,284.9365539550781,-243.3018341064453,5169.92578125,142.5968475341797,-479.9354553222656,5315.92919921875,54.43619155883789,-440.1404418945313,5267.89013671875,12.16798973083496,-212.8063507080078,5267.421875,161.7821044921875,-245.99105834960935,5150.298828125,224.8721466064453,-291.9540710449219,5184.30810546875,157.69154357910156,-237.5539093017578,5172.6875,238.4115447998047,-248.70835876464844,5192.12451171875,281.4216613769531,-83.14794921875,5261.11767578125,305.7074890136719,239.94252014160156,5205.37255859375,310.2398376464844,547.2973022460938,5270.42041015625,310.6214904785156,681.6695556640625,5195.5029296875,141.95660400390625,-74.19112396240234,5233.77001953125,167.91293334960938,250.58084106445312,5275.02099609375,198.19985961914065,560.310546875,5337.9248046875,202.8528594970703,664.4400634765625,5242.16015625,164.28843688964844,-577.0890502929688,5329.5341796875,208.1304931640625,-576.17822265625,5205.072265625,230.67886352539065,-602.7573852539062,5235.03759765625,246.4463348388672,-601.2645263671875,5337.93359375,192.3653564453125,-613.2005004882812,5218.7119140625,125.11962890625,-646.69970703125,5295.73681640625
208.08631896972656,-78.43815612792969,5246.73681640625,195.00157165527344,-223.0729827880859,5266.09521484375,181.6321563720703,-335.09259033203125,5297.5869140625,166.68917846679688,-510.058349609375,5328.4296875,195.31369018554688,-482.0365905761719,5332.384765625,309.66455078125,-455.9395446777344,5337.328125,383.0499877929687,-247.47706604003903,5388.888671875,390.2672729492187,-195.83485412597656,5205.6953125,365.2895812988281,-255.20855712890625,5159.82421875,344.79888916015625,-169.92938232421875,5146.34423828125,284.9365539550781,-243.3018341064453,5169.92578125,142.5968475341797,-479.9354553222656,5315.92919921875,54.43619155883789,-440.1404418945313,5267.89013671875,12.16798973083496,-212.8063507080078,5267.421875,161.7821044921875,-245.99105834960935,5150.298828125,224.8721466064453,-291.9540710449219,5184.30810546875,157.69154357910156,-237.5539093017578,5172.6875,238.4115447998047,-248.70835876464844,5192.12451171875,281.4216613769531,-83.14794921875,5261.11767578125,305.7074890136719,239.94252014160156,5205.37255859375,310.2398376464844,547.2973022460938,5270.42041015625,310.6214904785156,681.6695556640625,5195.5029296875,141.95660400390625,-74.19112396240234,5233.77001953125,167.91293334960938,250.58084106445312,5275.02099609375,198.19985961914065,560.310546875,5337.9248046875,202.8528594970703,664.4400634765625,5242.16015625,164.28843688964844,-577.0890502929688,5329.5341796875,208.1304931640625,-576.17822265625,5205.072265625,230.67886352539065,-602.7573852539062,5235.03759765625,246.4463348388672,-601.2645263671875,5337.93359375,192.3653564453125,-613.2005004882812,5218.7119140625,125.11962890625,-646.69970703125,5295.73681640625
208.08631896972656,-78.43815612792969,5246.73681640625,195.00157165527344,-223.0729827880859,5266.09521484375,181.6321563720703,-335.09259033203125,5297.5869140625,166.68917846679688,-510.058349609375,5328.4296875,195.31369018554688,-482.0365905761719,5332.384765625,309.66455078125,-455.9395446777344,5337.328125,383.0499877929687,-247.47706604003903,5388.888671875,390.2672729492187,-195.83485412597656,5205.6953125,365.2895812988281,-255.20855712890625,5159.82421875,344.79888916015625,-169.92938232421875,5146.34423828125,284.9365539550781,-243.3018341064453,5169.92578125,142.5968475341797,-479.9354553222656,5315.92919921875,54.43619155883789,-440.1404418945313,5267.89013671875,12.16798973083496,-212.8063507080078,5267.421875,161.7821044921875,-245.99105834960935,5150.298828125,224.8721466064453,-291.9540710449219,5184.30810546875,157.69154357910156,-237.5539093017578,5172.6875,238.4115447998047,-248.70835876464844,5192.12451171875,281.4216613769531,-83.14794921875,5261.11767578125,305.7074890136719,239.94252014160156,5205.37255859375,310.2398376464844,547.2973022460938,5270.42041015625,310.6214904785156,681.6695556640625,5195.5029296875,141.95660400390625,-74.19112396240234,5233.77001953125,167.91293334960938,250.58084106445312,5275.02099609375,198.19985961914065,560.310546875,5337.9248046875,202.8528594970703,664.4400634765625,5242.16015625,164.28843688964844,-577.0890502929688,5329.5341796875,208.1304931640625,-576.17822265625,5205.072265625,230.67886352539065,-602.7573852539062,5235.03759765625,246.4463348388672,-601.2645263671875,5337.93359375,192.3653564453125,-613.2005004882812,5218.7119140625,125.11962890625,-646.69970703125,5295.73681640625
207.2133331298828,-77.84784698486328,5248.04931640625,194.91497802734375,-222.11697387695312,5270.74462890625,181.6177673339844,-333.30108642578125,5305.23486328125,170.8496856689453,-509.47509765625,5330.8515625,198.78419494628903,-480.8880004882813,5335.72705078125,312.6955871582031,-452.48577880859375,5338.65771484375,385.0313720703125,-243.2808532714844,5389.0244140625,388.36761474609375,-183.24522399902344,5208.224609375,372.2321472167969,-249.2640838623047,5167.74365234375,342.2221984863281,-168.0792236328125,5148.04736328125,288.5797119140625,-241.32513427734375,5170.70361328125,146.05560302734375,-479.5769958496094,5319.16455078125,58.08123016357422,-440.0481262207031,5270.48486328125,13.093680381774902,-213.17526245117188,5267.45703125,166.08177185058594,-245.8962554931641,5154.52880859375,227.6289825439453,-293.2596435546875,5189.5029296875,161.42001342773438,-237.76039123535156,5177.29345703125,241.68997192382812,-250.45416259765625,5192.65576171875,280.2109680175781,-81.49056243896484,5264.44970703125,303.044189453125,240.49847412109375,5201.515625,301.328125,548.6026000976562,5263.6083984375,311.94818115234375,684.4974975585938,5192.1611328125,141.3881378173828,-74.56304931640625,5233.26025390625,169.62258911132812,249.55186462402344,5278.85205078125,199.85519409179688,559.7266845703125,5340.11767578125,214.57228088378903,662.0946655273438,5243.404296875,170.07565307617188,-576.5706176757812,5329.9658203125,199.124755859375,-587.4324340820312,5201.654296875,226.7189483642578,-609.1908569335938,5231.30908203125,254.11831665039065,-595.175537109375,5330.80029296875,187.55255126953125,-623.4758911132812,5220.97802734375,132.01661682128906,-651.6041870117188,5308.7822265625
207.4270172119141,-77.65152740478516,5247.88671875,195.1236267089844,-221.8557281494141,5270.66015625,181.8394317626953,-333.0032958984375,5305.13330078125,171.15394592285156,-509.1396484375,5330.607421875,199.0497283935547,-480.5460510253906,5335.5498046875,312.8999328613281,-452.1046142578125,5338.80859375,385.02056884765625,-243.05560302734375,5389.7685546875,388.8865966796875,-182.46714782714844,5209.23486328125,372.9309997558594,-248.35850524902344,5168.529296875,342.87591552734375,-167.21722412109375,5148.86279296875,289.31707763671875,-240.5159454345703,5171.22265625,146.3683319091797,-479.2619934082031,5318.89990234375,58.59334182739258,-439.8196411132813,5269.87548828125,13.485588073730469,-213.07601928710935,5265.46435546875,167.08749389648438,-246.07525634765625,5153.5703125,228.45709228515625,-293.2142028808594,5189.08251953125,162.29551696777344,-237.8440399169922,5176.263671875,242.4610595703125,-250.40147399902344,5192.17333984375,280.3996276855469,-81.28860473632812,5264.27978515625,302.95465087890625,240.5769500732422,5201.216796875,300.04827880859375,548.6222534179688,5262.998046875,309.21221923828125,684.46484375,5191.3662109375,141.62440490722656,-74.37181091308594,5233.10400390625,172.4281005859375,249.59405517578125,5277.23876953125,205.3734893798828,559.7169189453125,5336.7666015625,220.0428771972656,661.3690185546875,5239.36669921875,170.42919921875,-576.2115478515625,5329.6767578125,199.19989013671875,-585.3399047851562,5201.21533203125,226.8367919921875,-607.500732421875,5230.5048828125,254.4366149902344,-594.8501586914062,5330.0859375,187.6573486328125,-621.6250610351562,5220.0654296875,132.310546875,-650.9107666015625,5307.564453125
207.50640869140625,-76.02462768554688,5244.921875,196.48501586914065,-219.22195434570312,5267.30908203125,184.93136596679688,-329.6014404296875,5301.75244140625,176.90130615234375,-505.18304443359375,5321.6298828125,204.6652374267578,-476.7821960449219,5325.7939453125,317.2862548828125,-447.130126953125,5324.2197265625,386.9885559082031,-245.1724853515625,5395.25927734375,379.56732177734375,-161.43023681640625,5226.021484375,383.3367614746094,-226.23287963867188,5181.958984375,337.0482177734375,-160.7479705810547,5145.63330078125,297.61956787109375,-233.38287353515625,5175.42822265625,151.47369384765625,-475.3569030761719,5312.568359375,59.13217544555664,-437.30328369140625,5273.7666015625,10.717697143554688,-213.2606964111328,5264.3291015625,166.23019409179688,-243.3699188232422,5156.9580078125,227.86341857910156,-292.3365478515625,5187.60693359375,161.9268035888672,-236.80377197265625,5180.07958984375,241.8576812744141,-250.6175079345703,5193.05078125,280.5621032714844,-79.61518096923828,5257.9208984375,304.8603515625,241.47215270996097,5205.95751953125,305.5141296386719,547.9249877929688,5263.009765625,319.5836181640625,683.3025512695312,5193.9296875,141.62884521484375,-72.786865234375,5233.19970703125,168.2436981201172,249.6705017089844,5271.56201171875,198.24874877929688,557.8192749023438,5329.595703125,205.8698577880859,667.8170166015625,5242.62841796875,176.50509643554688,-571.6610717773438,5318.47412109375,205.53628540039065,-573.0006103515625,5190.81982421875,228.9877014160156,-601.3422241210938,5217.77197265625,256.26416015625,-602.0908813476562,5317.3896484375,188.6706695556641,-608.509765625,5206.03564453125,128.69390869140625,-637.1085815429688,5289.5830078125
208.9563446044922,-77.64398193359375,5244.78076171875,196.77308654785156,-220.68902587890625,5269.6005859375,183.4380340576172,-330.5704040527344,5305.8564453125,177.12725830078125,-506.7835998535156,5324.37646484375,204.61424255371097,-478.0536804199219,5328.98681640625,316.5348205566406,-445.7843627929687,5321.193359375,361.7248840332031,-241.1641387939453,5404.95458984375,296.279541015625,-247.3645782470703,5227.32080078125,363.11773681640625,-235.60072326660156,5187.59716796875,324.470703125,-176.7892608642578,5134.36083984375,251.386962890625,-265.63623046875,5132.47900390625,151.3924102783203,-477.0935974121094,5315.3193359375,63.607364654541016,-440.3663330078125,5265.53173828125,11.510968208312988,-216.5217437744141,5258.3017578125,172.9543914794922,-245.11753845214844,5158.76416015625,232.70046997070312,-294.9569091796875,5192.1611328125,167.6730499267578,-238.5240173339844,5181.6845703125,246.8752593994141,-252.8123321533203,5198.37646484375,281.43353271484375,-80.90801239013672,5261.5458984375,304.712158203125,239.5868682861328,5201.35205078125,305.3201599121094,546.2810668945312,5261.0068359375,319.8867492675781,683.9822998046875,5195.95703125,143.60049438476562,-74.7006607055664,5229.6630859375,168.26963806152344,249.0663299560547,5264.57080078125,198.3337860107422,558.05126953125,5322.09814453125,203.62413024902344,670.0297241210938,5236.978515625,177.4717559814453,-573.3900756835938,5320.70361328125,192.5926055908203,-562.583740234375,5190.8017578125,219.639892578125,-592.3475952148438,5212.52392578125,257.624267578125,-600.7451171875,5308.46337890625,178.40321350097656,-599.955322265625,5204.48193359375,128.48916625976562,-637.9393310546875,5291.166015625
209.21536254882812,-77.5338363647461,5245.40478515625,197.09445190429688,-220.52377319335935,5270.39892578125,183.73092651367188,-330.2034606933594,5307.17578125,178.11795043945312,-506.1683654785156,5327.81640625,205.479248046875,-477.2796020507813,5332.09912109375,316.963623046875,-444.0080871582031,5322.771484375,358.3138732910156,-232.31346130371097,5388.9716796875,292.4952087402344,-250.5869903564453,5212.3515625,359.2503662109375,-240.07310485839844,5172.171875,319.2317199707031,-185.4691467285156,5115.60107421875,247.13519287109375,-274.3332214355469,5119.34521484375,152.27610778808594,-476.7004699707031,5318.3837890625,64.30650329589844,-440.9153137207031,5268.283203125,11.124823570251465,-217.4463348388672,5259.083984375,172.50344848632812,-245.9162445068359,5159.47998046875,232.6255340576172,-295.139404296875,5193.07177734375,167.2558135986328,-239.1728515625,5182.37158203125,246.5726623535156,-252.87547302246097,5198.91455078125,281.6852722167969,-80.75108337402344,5262.14306640625,304.4287109375,239.7278594970703,5202.01953125,303.3961486816406,546.2269897460938,5262.3359375,317.519287109375,683.598876953125,5196.568359375,143.8660430908203,-74.63269805908203,5230.31103515625,171.66018676757812,248.9234161376953,5264.19189453125,204.88343811035156,557.9396362304688,5319.41748046875,212.52252197265625,667.8035278320312,5231.80419921875,178.73446655273438,-572.7989501953125,5324.9501953125,198.177490234375,-566.2186889648438,5195.36767578125,225.05609130859375,-594.5911254882812,5219.05322265625,259.8059387207031,-598.7783203125,5316.46142578125,184.30392456054688,-603.3858032226562,5209.87744140625,132.19078063964844,-639.399169921875,5296.080078125
209.21536254882812,-77.5338363647461,5245.40478515625,197.09445190429688,-220.52377319335935,5270.39892578125,183.73092651367188,-330.2034606933594,5307.17578125,178.11795043945312,-506.1683654785156,5327.81640625,205.479248046875,-477.2796020507813,5332.09912109375,316.963623046875,-444.0080871582031,5322.771484375,358.3138732910156,-232.31346130371097,5388.9716796875,292.4952087402344,-250.5869903564453,5212.3515625,359.2503662109375,-240.07310485839844,5172.171875,319.2317199707031,-185.4691467285156,5115.60107421875,247.13519287109375,-274.3332214355469,5119.34521484375,152.27610778808594,-476.7004699707031,5318.3837890625,64.30650329589844,-440.9153137207031,5268.283203125,11.124823570251465,-217.4463348388672,5259.083984375,172.50344848632812,-245.9162445068359,5159.47998046875,232.6255340576172,-295.139404296875,5193.07177734375,167.2558135986328,-239.1728515625,5182.37158203125,246.5726623535156,-252.87547302246097,5198.91455078125,281.6852722167969,-80.75108337402344,5262.14306640625,304.4287109375,239.7278594970703,5202.01953125,303.3961486816406,546.2269897460938,5262.3359375,317.519287109375,683.598876953125,5196.568359375,143.8660430908203,-74.63269805908203,5230.31103515625,171.66018676757812,248.9234161376953,5264.19189453125,204.88343811035156,557.9396362304688,5319.41748046875,212.52252197265625,667.8035278320312,5231.80419921875,178.73446655273438,-572.7989501953125,5324.9501953125,198.177490234375,-566.2186889648438,5195.36767578125,225.05609130859375,-594.5911254882812,5219.05322265625,259.8059387207031,-598.7783203125,5316.46142578125,184.30392456054688,-603.3858032226562,5209.87744140625,132.19078063964844,-639.399169921875,5296.080078125
205.86277770996097,-73.86968994140625,5243.62646484375,194.79144287109375,-216.27198791503903,5268.52685546875,182.1858062744141,-325.7867736816406,5304.34033203125,173.3860626220703,-497.8889770507813,5342.1982421875,200.8183135986328,-469.1120300292969,5344.65771484375,313.1852111816406,-439.9267578125,5340.3759765625,360.9908142089844,-221.0430908203125,5355.84912109375,353.5575866699219,-188.74708557128903,5170.29638671875,364.59283447265625,-262.62908935546875,5146.98291015625,317.5386657714844,-193.19566345214844,5120.9814453125,265.881591796875,-258.5558776855469,5131.24462890625,148.4644775390625,-469.4161071777344,5328.84619140625,63.031517028808594,-438.9761962890625,5272.30419921875,10.99977684020996,-216.5728454589844,5258.4951171875,170.04576110839844,-243.25210571289065,5156.38720703125,230.853759765625,-291.84912109375,5188.64013671875,165.4152374267578,-235.98501586914065,5181.7685546875,244.7464599609375,-253.1542510986328,5198.81298828125,277.7859802246094,-76.37387084960938,5261.2841796875,304.11480712890625,243.99656677246097,5211.10693359375,304.5411376953125,550.4121704101562,5263.8828125,316.79217529296875,680.5348510742188,5185.80029296875,141.00645446777344,-71.61156463623047,5227.70361328125,172.19004821777344,249.3748321533203,5267.900390625,207.81954956054688,555.8969116210938,5327.0224609375,213.72796630859375,660.0949096679688,5233.5947265625,173.20652770996094,-564.1604614257812,5346.0771484375,206.9999084472656,-583.8307495117188,5221.47998046875,228.48580932617188,-608.658203125,5252.96044921875,251.80679321289065,-596.282958984375,5352.54541015625,188.55746459960935,-616.3875732421875,5240.65771484375,124.74127197265624,-631.6345825195312,5324.51806640625
202.274658203125,-78.94830322265625,5248.82275390625,190.69630432128903,-223.82386779785156,5275.998046875,178.54917907714844,-335.017822265625,5314.21484375,170.20437622070312,-513.9946899414062,5330.7109375,198.3397674560547,-485.1781005859375,5336.01513671875,312.72418212890625,-454.9783935546875,5329.671875,363.9436645507813,-237.14340209960935,5378.41455078125,348.8825378417969,-181.79690551757812,5194.95166015625,366.1658020019531,-249.98599243164065,5157.26513671875,316.19671630859375,-187.54676818847656,5116.96728515625,270.74517822265625,-253.79734802246097,5135.625,144.47410583496094,-483.4931640625,5321.65283203125,57.50695037841797,-442.5091247558594,5270.31005859375,12.807007789611816,-213.6045837402344,5262.60107421875,169.11351013183594,-245.35137939453125,5151.0185546875,231.49818420410156,-291.50445556640625,5187.91650390625,164.8467254638672,-234.3785095214844,5181.4111328125,245.0455322265625,-253.11911010742188,5198.84423828125,276.47271728515625,-82.26399230957031,5262.75927734375,303.4295349121094,242.4440460205078,5200.16259765625,302.3067626953125,552.3399658203125,5267.279296875,316.0067138671875,690.79345703125,5198.369140625,135.36703491210938,-75.95840454101562,5236.255859375,172.81834411621094,250.66688537597656,5278.169921875,214.67431640625,562.2462158203125,5340.09130859375,208.84341430664065,663.9857788085938,5239.9892578125,169.92332458496094,-581.5390014648438,5326.1416015625,199.3606414794922,-579.0982666015625,5196.28564453125,218.37173461914065,-612.9692993164062,5221.646484375,245.2971954345703,-624.52099609375,5322.54248046875,176.77059936523438,-613.0531005859375,5209.525390625,111.68897247314452,-637.7699584960938,5292.85791015625
202.6401824951172,-78.62767791748047,5253.04150390625,191.17257690429688,-223.01461791992188,5280.71337890625,179.65406799316406,-333.7354431152344,5319.5185546875,173.4485626220703,-512.9153442382812,5327.12060546875,201.48870849609375,-484.2033996582031,5332.66162109375,314.9027404785156,-453.8136596679687,5319.43701171875,360.26513671875,-240.13365173339844,5386.1796875,305.4736022949219,-267.7750549316406,5204.560546875,356.1212158203125,-285.6515197753906,5145.82421875,294.8320007324219,-232.89881896972656,5107.91015625,233.13519287109375,-316.6566162109375,5140.17822265625,147.18057250976562,-482.33258056640625,5320.78076171875,60.11310958862305,-440.70025634765625,5270.763671875,11.298246383666992,-213.3026580810547,5262.2978515625,172.8067169189453,-247.26217651367188,5160.0732421875,234.51405334472656,-296.023193359375,5194.111328125,167.46336364746094,-240.404541015625,5183.27001953125,248.0054168701172,-253.00491333007812,5199.79833984375,277.0281066894531,-82.32677459716797,5264.5673828125,301.8248596191406,243.21139526367188,5210.68798828125,303.6467590332031,557.1990356445312,5248.28271484375,308.8439025878906,693.197509765625,5174.42822265625,135.56129455566406,-75.29203033447266,5242.6474609375,175.7084197998047,251.44764709472656,5272.42626953125,221.64122009277344,563.837646484375,5321.646484375,219.84811401367188,670.4027099609375,5227.10986328125,173.49366760253906,-579.9585571289062,5319.12451171875,193.35972595214844,-583.064208984375,5187.837890625,220.08290100097656,-610.4278564453125,5213.8662109375,255.13002014160156,-608.1395874023438,5312.58837890625,178.69305419921875,-619.3035888671875,5205.16845703125,125.29651641845705,-648.5319213867188,5294.736328125
208.5172576904297,-77.6699447631836,5246.43212890625,195.80653381347656,-220.58041381835935,5266.99560546875,182.6707000732422,-331.0104064941406,5299.54150390625,173.49942016601562,-504.4471130371094,5330.296875,200.9681854248047,-475.8538513183594,5333.9833984375,313.6236572265625,-447.62835693359375,5333.810546875,361.75445556640625,-233.6691131591797,5381.8525390625,355.5245666503906,-199.9452209472656,5196.5693359375,358.758544921875,-267.4180603027344,5157.111328125,299.9946594238281,-229.25244140625,5104.22900390625,275.1731872558594,-282.6568298339844,5163.9541015625,148.6616668701172,-475.4154052734375,5318.07763671875,62.711910247802734,-440.0231018066406,5265.39697265625,13.7415189743042,-216.62857055664065,5260.3818359375,170.79981994628906,-244.05001831054688,5155.5419921875,231.6923370361328,-291.876953125,5188.705078125,166.0301055908203,-236.25111389160156,5182.39794921875,245.11537170410156,-253.39349365234375,5199.50146484375,281.0445556640625,-82.04427337646484,5260.86279296875,303.72930908203125,240.00198364257812,5221.44970703125,303.79681396484375,547.1591186523438,5269.0927734375,318.6156311035156,677.2728271484375,5191.53466796875,143.11622619628906,-73.72543334960938,5233.419921875,176.1136932373047,247.12594604492188,5272.40380859375,213.62603759765625,554.0529174804688,5327.60693359375,206.7818298339844,660.5580444335938,5236.9521484375,173.19691467285156,-570.8004760742188,5331.458984375,210.9533843994141,-569.904541015625,5206.49365234375,231.961181640625,-599.127197265625,5234.28759765625,252.13072204589844,-602.4607543945312,5335.23095703125,192.5704345703125,-605.3379516601562,5219.6572265625,126.65054321289062,-634.6104125976562,5297.939453125
196.6369476318359,-76.71630859375,5246.26806640625,184.5425567626953,-218.70193481445312,5276.69580078125,172.99313354492188,-327.23931884765625,5317.39111328125,167.26480102539062,-504.4451293945313,5320.14599609375,194.8737945556641,-476.1648254394531,5326.5166015625,306.64874267578125,-444.5276794433594,5314.79638671875,361.1015930175781,-230.7315673828125,5362.412109375,330.90869140625,-185.5896453857422,5180.9306640625,361.9085388183594,-250.73504638671875,5149.619140625,292.4507751464844,-227.99411010742188,5100.1513671875,271.93280029296875,-287.4530944824219,5163.6962890625,141.264892578125,-474.1299743652344,5314.55810546875,57.0463981628418,-431.1880798339844,5263.56494140625,13.854351043701172,-205.3092498779297,5263.7978515625,167.7487030029297,-244.81939697265625,5156.30517578125,233.65695190429688,-289.71441650390625,5184.78955078125,162.49290466308594,-240.12826538085935,5183.412109375,244.33880615234375,-258.3244934082031,5202.544921875,270.3504638671875,-80.90770721435547,5256.009765625,305.0731506347656,239.76904296875,5202.42333984375,303.6728210449219,545.3544311523438,5267.7080078125,311.8475341796875,682.35400390625,5200.0625,130.16622924804688,-72.9367446899414,5237.48388671875,165.49948120117188,249.53916931152344,5275.45166015625,204.2660675048828,558.4032592773438,5328.47802734375,208.39942932128903,659.8447265625,5230.95654296875,167.5139617919922,-570.4583129882812,5310.48046875,210.5436859130859,-583.5050048828125,5187.18115234375,231.3308868408203,-608.5655517578125,5219.27001953125,247.5218811035156,-598.9332275390625,5321.08203125,192.56040954589844,-617.859130859375,5203.9736328125,123.98882293701172,-639.7373046875,5283.1611328125
198.59060668945312,-75.93307495117188,5244.9384765625,186.68878173828125,-218.1316070556641,5271.4423828125,175.6500244140625,-327.1904602050781,5309.4833984375,169.0030517578125,-503.1502990722656,5323.2041015625,196.5777130126953,-474.7629699707031,5328.080078125,307.77374267578125,-443.3128051757813,5315.01416015625,352.6524963378906,-241.93348693847656,5404.29833984375,310.95062255859375,-181.9299163818359,5230.3369140625,280.2913818359375,-247.5240936279297,5200.43798828125,215.35072326660156,-222.68589782714844,5146.65234375,270.81683349609375,-267.5910339355469,5179.03515625,143.3240966796875,-473.24713134765625,5315.47119140625,58.745697021484375,-432.1789245605469,5264.4228515625,12.641295433044434,-207.87249755859375,5258.88134765625,170.11245727539062,-245.37405395507812,5157.3662109375,234.45216369628903,-291.0604248046875,5187.15576171875,163.93002319335938,-241.26060485839844,5183.65478515625,244.91143798828125,-258.2673645019531,5202.9208984375,272.1939697265625,-80.61383819580078,5252.87744140625,293.6882019042969,241.57391357421875,5210.44580078125,289.9324951171875,546.4314575195312,5273.08740234375,294.4208679199219,683.2511596679688,5206.10107421875,132.2191925048828,-71.71222686767578,5237.77978515625,180.67681884765625,248.14358520507812,5272.1796875,235.4993438720703,553.4515991210938,5324.20556640625,230.29067993164065,658.4314575195312,5231.39599609375,169.015869140625,-569.3768920898438,5317.7138671875,183.8573455810547,-599.8184204101562,5191.45361328125,214.45751953125,-616.7369384765625,5220.62158203125,252.0299835205078,-587.966552734375,5312.25439453125,174.94247436523438,-632.0538940429688,5217.005859375,130.0703887939453,-645.7958374023438,5312.70703125
200.22586059570312,-74.14488983154297,5243.89599609375,188.1104278564453,-215.16018676757812,5267.986328125,176.53062438964844,-323.6806945800781,5303.5263671875,166.89244079589844,-496.1792297363281,5329.529296875,194.52403259277344,-468.22698974609375,5332.849609375,304.4768371582031,-435.74664306640625,5323.3876953125,360.71185302734375,-224.07554626464844,5361.95654296875,340.37384033203125,-170.66934204101562,5184.27197265625,308.85125732421875,-236.4959259033203,5158.23291015625,249.91427612304688,-221.12799072265625,5096.171875,274.200927734375,-260.4140930175781,5178.9384765625,142.11949157714844,-466.86175537109375,5319.2548828125,59.16178894042969,-429.6226806640625,5265.10986328125,16.981172561645508,-207.1532287597656,5256.642578125,165.7555694580078,-243.81431579589844,5145.97412109375,230.30918884277344,-285.6168518066406,5178.3310546875,161.69187927246094,-234.8714904785156,5183.0205078125,239.35093688964844,-258.5452880859375,5201.7392578125,272.8233642578125,-78.73626708984375,5253.5302734375,291.8357238769531,241.0194549560547,5219.09619140625,287.2171936035156,544.9099731445312,5268.353515625,298.9857177734375,679.6073608398438,5201.6708984375,134.76150512695312,-70.004638671875,5235.2080078125,178.6224822998047,246.7795257568359,5271.14794921875,226.72296142578125,550.0748901367188,5321.150390625,229.7460174560547,660.17431640625,5236.83837890625,165.94937133789062,-561.9058227539062,5328.85595703125,227.61273193359375,-584.4179077148438,5217.44384765625,236.4406890869141,-612.2047119140625,5251.7783203125,234.3275909423828,-604.661865234375,5353.4951171875,200.81689453125,-613.93359375,5229.45703125,116.63030242919922,-620.842041015625,5292.56005859375
198.35891723632812,-76.7584228515625,5235.05078125,186.56964111328125,-217.76158142089844,5262.275390625,175.3073272705078,-325.99127197265625,5300.0771484375,167.4716339111328,-498.6054382324219,5329.89794921875,194.95176696777344,-470.2248229980469,5332.45361328125,303.9973449707031,-434.8058471679687,5318.86181640625,360.5065307617187,-223.33050537109375,5362.43310546875,344.3605651855469,-159.77098083496094,5186.9619140625,313.15228271484375,-224.1424102783203,5156.45361328125,254.3212127685547,-221.03749084472656,5092.06884765625,278.88214111328125,-249.6448211669922,5178.8271484375,142.2611846923828,-469.6453857421875,5319.12841796875,58.06378936767578,-429.836669921875,5268.0625,11.128999710083008,-207.92752075195312,5251.64111328125,173.17935180664062,-246.34214782714844,5160.81884765625,235.0738525390625,-295.8360595703125,5187.865234375,165.9242401123047,-245.23045349121097,5183.88525390625,244.78219604492188,-257.44775390625,5202.72705078125,271.2575378417969,-81.01078033447266,5244.5947265625,289.37628173828125,241.47999572753903,5229.9091796875,287.4918518066406,548.0559692382812,5268.54443359375,308.6322326660156,676.0552978515625,5190.68212890625,132.62301635742188,-72.92388153076172,5226.44482421875,179.75267028808594,243.61668395996097,5270.03515625,232.2158203125,545.4892578125,5330.244140625,230.9619598388672,656.392822265625,5246.11328125,167.15773010253906,-564.5756225585938,5330.62548828125,222.02337646484375,-594.5230712890625,5216.888671875,233.7222595214844,-619.5848999023438,5252.646484375,238.1595001220703,-604.375,5353.80126953125,196.6185302734375,-623.5870971679688,5232.88720703125,116.64207458496094,-627.1029052734375,5302.091796875
195.4302215576172,-77.221923828125,5235.38134765625,182.1663818359375,-220.93966674804688,5259.5107421875,170.44253540039062,-331.6016845703125,5295.59326171875,163.10948181152344,-509.2405090332031,5305.64013671875,191.0335235595703,-480.8350830078125,5311.0859375,303.11700439453125,-447.4663391113281,5302.6064453125,361.5120239257813,-236.49041748046875,5361.380859375,344.0046691894531,-159.5226287841797,5188.291015625,312.6322326660156,-222.74082946777344,5152.8330078125,252.6973114013672,-220.83590698242188,5087.5712890625,278.4295654296875,-250.72232055664065,5178.8203125,137.3108367919922,-478.8345947265625,5298.56884765625,49.60390090942383,-434.7107543945313,5253.89306640625,17.197092056274414,-206.2351837158203,5263.18017578125,169.61404418945312,-245.578857421875,5152.1220703125,233.45242309570312,-292.4552001953125,5183.0927734375,163.31640625,-240.78515625,5183.62158203125,243.2089080810547,-257.7013854980469,5202.39306640625,269.71942138671875,-83.00157928466797,5241.79296875,290.4628601074219,244.1868133544922,5223.37548828125,293.749267578125,552.68408203125,5280.79638671875,303.7418518066406,678.496337890625,5193.14599609375,128.4403839111328,-72.01016235351562,5229.59912109375,178.3705596923828,250.23448181152344,5265.02734375,233.08560180664065,558.119873046875,5317.6982421875,226.26234436035156,665.7865600585938,5226.330078125,162.8535919189453,-575.8781127929688,5298.6748046875,205.8567657470703,-579.8600463867188,5174.15087890625,225.46829223632812,-608.7078857421875,5203.99853515625,241.79666137695312,-608.9035034179688,5306.68896484375,186.2052764892578,-614.8723754882812,5187.890625,116.1513214111328,-640.6946411132812,5265.18603515625
201.3072967529297,-73.45231628417969,5236.3564453125,186.0306396484375,-213.66322326660156,5261.35400390625,172.18203735351562,-321.2010192871094,5298.1904296875,166.74131774902344,-493.6252746582031,5323.17529296875,193.8583068847656,-465.2268371582031,5325.79638671875,302.9945068359375,-431.5401306152344,5314.5029296875,359.927978515625,-218.67446899414065,5340.44970703125,345.89959716796875,-150.17462158203125,5167.857421875,313.3992004394531,-212.4960174560547,5135.65673828125,255.5026092529297,-220.94627380371097,5071.6025390625,283.615966796875,-237.83590698242188,5175.77978515625,141.14488220214844,-464.7965393066406,5313.9443359375,52.379295349121094,-428.75885009765625,5269.55224609375,16.91973876953125,-206.27716064453125,5250.8125,169.93772888183594,-245.27114868164065,5147.73291015625,231.8996734619141,-289.91473388671875,5180.85546875,163.73240661621094,-238.7416534423828,5183.35595703125,240.7613220214844,-258.0558166503906,5201.69580078125,273.7159118652344,-79.78359985351562,5245.0947265625,279.4028015136719,241.48681640625,5237.02783203125,266.6997985839844,544.8728637695312,5283.4521484375,292.0008239746094,665.1224975585938,5196.71435546875,136.01327514648438,-67.74312591552734,5228.47607421875,192.7445373535156,246.01873779296875,5266.2236328125,254.45252990722656,544.8507080078125,5323.205078125,252.5660095214844,665.2383422851562,5254.98486328125,167.0460968017578,-559.2000732421875,5322.05615234375,237.62953186035156,-586.3433227539062,5217.52880859375,246.4470062255859,-609.7684936523438,5254.8525390625,236.85447692871097,-592.8868408203125,5354.76611328125,212.7690887451172,-616.85400390625,5230.81640625,125.61785888671876,-625.43798828125,5289.0986328125
208.6671905517578,-82.79808807373047,5235.72021484375,191.54229736328125,-223.8174743652344,5271.17138671875,174.7417755126953,-330.7442626953125,5315.724609375,165.77024841308594,-506.8030395507813,5341.5703125,193.9490203857422,-478.2540893554687,5344.56640625,303.3350830078125,-443.0636596679687,5320.912109375,357.42950439453125,-222.85574340820312,5324.6630859375,324.49566650390625,-174.37742614746094,5143.56689453125,298.5484924316406,-244.9473876953125,5119.24609375,237.0894470214844,-220.04025268554688,5060.373046875,272.894775390625,-259.18896484375,5185.1181640625,140.254150390625,-476.9092102050781,5331.71240234375,59.38907623291016,-435.017333984375,5273.7978515625,22.750268936157227,-208.80406188964844,5244.10986328125,173.87734985351562,-244.63400268554688,5129.95849609375,235.3112335205078,-292.1259765625,5164.74755859375,176.3748321533203,-229.72756958007812,5179.92724609375,241.78016662597656,-246.3860015869141,5201.087890625,281.6548156738281,-87.69969940185547,5251.47900390625,285.07232666015625,240.7451171875,5244.208984375,267.16790771484375,550.3119506835938,5293.55322265625,291.073486328125,673.353515625,5204.5224609375,142.85105895996094,-78.37808990478516,5221.50927734375,192.93881225585935,242.8354949951172,5266.46923828125,248.56179809570312,547.9374389648438,5333.48388671875,253.2020263671875,661.7247924804688,5249.58154296875,164.93263244628906,-573.8284301757812,5340.57763671875,200.2922821044922,-588.0736694335938,5214.33544921875,219.10401916503903,-616.9188232421875,5244.734375,241.20660400390625,-613.1259155273438,5346.326171875,178.5853729248047,-620.4976806640625,5231.07763671875,111.10696411132812,-636.058837890625,5313.33447265625
209.4253387451172,-80.11974334716797,5232.3662109375,193.00929260253903,-220.24252319335935,5267.6044921875,176.88319396972656,-326.8506774902344,5311.0703125,169.87945556640625,-502.7176818847656,5329.4033203125,197.51548767089844,-474.1922607421875,5333.72119140625,306.2080078125,-437.4749755859375,5313.369140625,357.9928283691406,-219.46612548828125,5336.26611328125,321.9644470214844,-172.46145629882812,5156.73486328125,299.1694641113281,-242.99595642089844,5130.93896484375,244.14947509765625,-225.21780395507812,5064.50390625,271.1661682128906,-262.2921447753906,5185.8095703125,144.24562072753906,-472.93853759765625,5320.701171875,63.70627975463867,-430.2298889160156,5264.31396484375,24.93868827819824,-204.51068115234375,5249.498046875,175.21224975585938,-245.6764678955078,5138.265625,237.91488647460935,-286.84808349609375,5177.1875,175.4512481689453,-226.974365234375,5179.98193359375,246.9619140625,-245.06785583496097,5202.8505859375,281.9017639160156,-84.63143920898438,5248.189453125,283.2030944824219,241.5359039306641,5238.7685546875,263.7179260253906,549.7880249023438,5281.7802734375,289.8835754394531,677.7713012695312,5202.7109375,144.07015991210938,-76.05135345458984,5218.09716796875,191.898193359375,244.4728546142578,5253.07177734375,244.71044921875,550.3037109375,5307.69970703125,248.5597686767578,668.1159057617188,5231.2626953125,169.8326416015625,-569.1932983398438,5325.6494140625,194.1841583251953,-585.568359375,5198.00439453125,219.00799560546875,-610.2642211914062,5227.24853515625,249.9432373046875,-598.8031616210938,5325.169921875,178.3732147216797,-619.1657104492188,5217.99365234375,121.88050079345705,-638.1032104492188,5306.6201171875
204.9266357421875,-66.40247344970703,5228.89306640625,188.63475036621097,-204.7077789306641,5260.79296875,173.0750274658203,-309.97198486328125,5302.298828125,172.3529510498047,-481.6471252441406,5329.76171875,198.5593414306641,-452.5237731933594,5332.15576171875,304.8002624511719,-413.7351684570313,5314.4541015625,356.8289489746094,-198.6711883544922,5310.88427734375,330.9851989746094,-156.64869689941406,5131.81982421875,303.7502746582031,-225.38926696777344,5109.927734375,243.18707275390625,-224.73263549804688,5048.12744140625,278.622802734375,-239.21522521972656,5170.6328125,146.08837890625,-453.7751770019531,5319.92724609375,61.88307571411133,-425.400390625,5263.3984375,29.728252410888672,-203.02435302734375,5244.48486328125,173.3068084716797,-245.2039031982422,5130.5419921875,237.0612945556641,-284.12738037109375,5166.791015625,177.9192352294922,-224.05563354492188,5178.09375,243.24169921875,-245.6928253173828,5201.1904296875,276.5502014160156,-71.80913543701172,5242.03173828125,276.0051574707031,248.7772979736328,5243.6494140625,253.967529296875,551.1548461914062,5287.85986328125,286.71881103515625,676.9407958984375,5212.9462890625,140.3404998779297,-61.52704620361328,5217.0458984375,195.6333465576172,252.2505798339844,5249.353515625,256.35150146484375,551.3165893554688,5301.6083984375,251.2880859375,670.0679321289062,5231.43505859375,174.53053283691406,-547.0262451171875,5329.6318359375,174.34275817871094,-614.0201416015625,5219.76611328125,212.9341735839844,-612.1409912109375,5242.48779296875,255.38888549804688,-546.4481811523438,5307.205078125,180.6965179443359,-636.146240234375,5254.21435546875,161.24322509765625,-626.0023803710938,5356.81787109375
200.6242828369141,-66.34418487548828,5230.71728515625,185.23541259765625,-204.6733856201172,5263.02880859375,171.1204376220703,-310.0137634277344,5304.89013671875,173.85511779785156,-482.9725036621094,5322.53759765625,199.8811492919922,-453.6785583496094,5324.8876953125,305.80535888671875,-414.1566162109375,5306.83349609375,354.8544921875,-198.5598907470703,5316.5859375,299.8168029785156,-161.5758056640625,5143.06787109375,306.00238037109375,-229.1659698486328,5106.4501953125,244.9835968017578,-223.28091430664065,5045.3662109375,273.997314453125,-255.52630615234375,5178.87646484375,146.7332763671875,-454.943115234375,5316.01953125,59.89700698852539,-425.6470031738281,5264.10888671875,27.963455200195312,-203.3181304931641,5244.01025390625,173.11521911621094,-244.95127868652344,5131.83984375,237.1052703857422,-282.43572998046875,5169.1943359375,176.64503479003906,-223.30307006835935,5178.3388671875,248.44859313964844,-238.5199737548828,5172.86767578125,272.73785400390625,-72.02771759033203,5240.73095703125,278.294677734375,246.17225646972656,5201.7587890625,270.73956298828125,542.01123046875,5281.2255859375,280.6480407714844,680.36865234375,5224.03564453125,135.59628295898438,-61.21909713745117,5221.68798828125,190.98223876953125,252.3587951660156,5256.0537109375,251.9221954345703,551.6065063476562,5307.1982421875,246.97398376464844,669.7412109375,5235.9541015625,176.6535186767578,-548.21337890625,5318.5498046875,184.55223083496097,-599.2047119140625,5200.65234375,221.29168701171875,-601.15234375,5226.263671875,259.0108642578125,-545.8410034179688,5302.59423828125,188.1058807373047,-626.0282592773438,5232.0341796875,160.857666015625,-629.9907836914062,5333.291015625
198.54359436035156,-68.11978149414062,5235.38818359375,182.83937072753903,-209.6623382568359,5271.060546875,167.33251953125,-317.0188903808594,5315.88671875,170.75767517089844,-495.4549560546875,5324.0791015625,197.13180541992188,-465.3963317871094,5329.34814453125,303.988525390625,-420.65777587890625,5308.89404296875,355.9940185546875,-199.9661407470703,5326.2978515625,294.7909851074219,-170.12283325195312,5147.99560546875,309.0015869140625,-233.3580017089844,5102.40673828125,243.48500061035156,-222.56358337402344,5043.2666015625,269.89801025390625,-265.9833984375,5183.3310546875,142.97935485839844,-466.4738159179687,5317.8095703125,63.16412353515625,-428.7180480957031,5255.23388671875,23.589916229248047,-200.59034729003903,5246.341796875,185.6286468505859,-241.46905517578125,5149.24072265625,257.9449768066406,-219.71421813964844,5188.94482421875,174.47474670410156,-216.47056579589844,5163.23291015625,267.0405578613281,-220.49432373046875,5191.02197265625,271.9604797363281,-72.5215072631836,5250.24365234375,265.122802734375,255.70753479003903,5222.89404296875,249.6918182373047,557.5501708984375,5311.08447265625,262.5950012207031,688.1934204101562,5230.26416015625,132.3403778076172,-64.15055084228516,5221.99267578125,202.5801544189453,255.20709228515625,5259.0419921875,278.1192932128906,559.1402587890625,5315.0732421875,269.3975524902344,671.989990234375,5229.59375,174.3353729248047,-562.1325073242188,5316.3388671875,187.48223876953125,-585.3060913085938,5186.8193359375,223.76788330078125,-594.6398315429688,5213.60986328125,259.7226867675781,-558.8732299804688,5304.77392578125,188.83123779296875,-619.6912841796875,5211.888671875,155.4191131591797,-646.7730102539062,5310.7568359375
199.447998046875,-80.31600189208984,5224.9697265625,182.85128784179688,-218.5725555419922,5260.90380859375,167.2643280029297,-323.19635009765625,5305.94775390625,167.5440673828125,-498.1784362792969,5308.84423828125,194.3221740722656,-469.3909301757813,5312.75390625,295.19171142578125,-421.7782897949219,5283.82421875,357.0788269042969,-216.89353942871097,5345.57177734375,275.3581237792969,-163.1758575439453,5186.2275390625,297.5325622558594,-206.90272521972656,5126.05029296875,251.99884033203125,-217.68797302246097,5052.5859375,270.2419128417969,-269.2754821777344,5184.1220703125,140.54075622558594,-469.1130065917969,5305.66650390625,53.23340606689453,-427.3161926269531,5262.44140625,29.722158432006836,-202.50930786132812,5241.82958984375,194.44381713867188,-226.59588623046875,5151.65283203125,261.5954284667969,-229.80809020996097,5201.30419921875,184.79672241210935,-211.72352600097656,5168.06494140625,270.08251953125,-215.34181213378903,5196.45751953125,271.7115478515625,-85.80530548095703,5237.2255859375,254.6901397705078,235.94728088378903,5255.2431640625,225.32339477539065,540.721923828125,5292.18896484375,247.5148162841797,677.0545043945312,5231.15087890625,134.28475952148438,-75.36605072021484,5213.91796875,201.0797576904297,237.93902587890625,5249.88232421875,272.829833984375,536.5115356445312,5303.10888671875,271.2524108886719,657.4269409179688,5234.6904296875,169.0592041015625,-563.29833984375,5299.20458984375,171.97198486328125,-570.011962890625,5169.88134765625,206.3208923339844,-588.8825073242188,5192.236328125,251.2737579345703,-573.4459228515625,5282.7001953125,168.10865783691406,-606.4837646484375,5189.73583984375,135.29029846191406,-640.0226440429688,5284.353515625
198.87937927246097,-76.37410736083984,5223.69775390625,183.3658447265625,-215.9935760498047,5258.85546875,169.4408721923828,-322.0671081542969,5303.09423828125,162.12576293945312,-496.79107666015625,5324.8388671875,190.39614868164065,-468.80023193359375,5325.24853515625,295.7826232910156,-432.4996643066406,5293.001953125,348.6086120605469,-218.6769256591797,5335.45849609375,273.8115539550781,-141.72360229492188,5180.77685546875,237.2595367431641,-205.0105133056641,5153.0673828125,178.82693481445312,-231.54345703125,5093.28271484375,225.8759002685547,-235.5807952880859,5170.9296875,136.17393493652344,-466.8275451660156,5318.9326171875,48.71752166748047,-428.14398193359375,5271.50048828125,57.32948303222656,-202.2500915527344,5237.84375,167.67205810546875,-190.7860565185547,5082.79931640625,250.4801788330078,-189.0220642089844,5097.70361328125,165.019775390625,-179.5373077392578,5103.93408203125,247.3534393310547,-214.98001098632812,5165.42529296875,272.1137390136719,-82.26118469238281,5232.6337890625,274.2255554199219,242.45721435546875,5244.7392578125,263.49969482421875,551.1044311523438,5277.3701171875,280.964599609375,688.704833984375,5215.046875,132.84072875976562,-71.06546783447266,5215.6396484375,188.3672790527344,247.03358459472656,5248.740234375,248.2861785888672,550.815673828125,5299.81689453125,258.8589172363281,673.5961303710938,5233.58447265625,160.6102752685547,-563.0254516601562,5322.1806640625,169.61590576171875,-586.2666015625,5194.1533203125,202.25521850585935,-603.4595947265625,5220.6708984375,243.6203155517578,-578.1162109375,5311.41796875,163.2512664794922,-620.01806640625,5218.31787109375,124.23621368408205,-640.3306884765625,5315.14453125
196.66856384277344,-79.2933578491211,5224.71728515625,181.8614959716797,-221.6511688232422,5256.80908203125,168.18240356445312,-330.2272644042969,5298.9375,160.77093505859375,-508.0819091796875,5312.1298828125,189.43191528320312,-479.8006896972656,5313.77197265625,296.3565979003906,-438.06207275390625,5288.5029296875,346.3478088378906,-222.9165954589844,5341.72998046875,277.4162292480469,-143.8312225341797,5182.4912109375,251.3141326904297,-208.07717895507812,5144.29638671875,226.25335693359375,-237.0826873779297,5064.15283203125,229.4909515380859,-235.95069885253903,5156.09765625,134.47061157226562,-477.4572448730469,5307.849609375,46.06673049926758,-432.5152282714844,5264.771484375,64.29132080078125,-203.87564086914065,5233.41357421875,154.11695861816406,-190.2644500732422,5063.015625,239.28079223632812,-190.19879150390625,5066.68603515625,154.8604736328125,-178.63131713867188,5085.78271484375,231.76744079589844,-211.02357482910156,5155.35693359375,270.7634582519531,-84.7425537109375,5234.7314453125,280.9525451660156,244.0954742431641,5244.57568359375,279.232177734375,557.0025634765625,5276.72607421875,288.2145690917969,691.0230102539062,5201.35107421875,129.8539581298828,-74.37957000732422,5215.6865234375,184.48016357421875,247.2350616455078,5256.69970703125,243.43211364746097,553.8734741210938,5316.17822265625,254.68667602539065,672.466552734375,5239.42626953125,159.16180419921875,-574.9513549804688,5306.09521484375,159.90211486816406,-576.458251953125,5173.9921875,191.06793212890625,-602.6522216796875,5195.4462890625,239.66514587402344,-599.4265747070312,5287.59521484375,149.48336791992188,-613.195556640625,5192.73291015625,111.1017074584961,-645.024169921875,5288.21923828125
195.84115600585935,-82.74713134765625,5226.99267578125,181.2811279296875,-225.15560913085935,5258.4287109375,167.82225036621094,-333.9247741699219,5299.86181640625,158.34390258789062,-511.60693359375,5312.08203125,187.2940216064453,-483.6851501464844,5313.98779296875,293.6037902832031,-443.1942443847656,5284.83154296875,345.55181884765625,-226.5155487060547,5328.29150390625,275.8916320800781,-141.01731872558594,5172.9140625,239.7477264404297,-203.7429351806641,5141.02685546875,180.6560211181641,-244.0018310546875,5088.423828125,232.91946411132812,-237.77230834960935,5156.50048828125,132.4319305419922,-480.68792724609375,5307.85791015625,46.66991424560547,-433.3772583007813,5262.2666015625,65.45679473876953,-203.0383453369141,5252.4423828125,164.70523071289062,-189.19236755371097,5087.55517578125,248.4305725097656,-203.2479705810547,5094.42578125,164.8501739501953,-181.9608459472656,5107.62451171875,245.7191467285156,-218.6817626953125,5171.3076171875,269.8907775878906,-88.12443542480469,5236.9296875,272.21636962890625,240.46534729003903,5250.517578125,259.779541015625,552.19091796875,5288.74267578125,282.07659912109375,685.5706787109375,5215.2705078125,129.0673370361328,-77.89818572998047,5218.03125,191.181640625,242.5877227783203,5254.8984375,258.2919006347656,548.23388671875,5309.25537109375,260.3160400390625,668.506591796875,5234.55615234375,156.00210571289062,-578.3678588867188,5305.69482421875,150.2034149169922,-582.6770629882812,5173.88525390625,177.27902221679688,-613.469970703125,5194.6943359375,229.9677734375,-616.9465942382812,5284.4599609375,134.4457244873047,-616.5946655273438,5194.0791015625,95.70336151123048,-639.2095336914062,5291.92041015625
195.6728515625,-83.18046569824219,5227.244140625,180.9606781005859,-225.74005126953125,5258.634765625,167.36639404296875,-334.5682678222656,5300.212890625,156.67771911621094,-512.3287353515625,5312.98779296875,185.85910034179688,-484.57623291015625,5314.71484375,292.529052734375,-445.0460205078125,5285.06787109375,346.8284606933594,-228.6858673095703,5328.4736328125,277.2815246582031,-142.48883056640625,5173.18798828125,239.68408203125,-205.3870849609375,5143.1728515625,175.9905242919922,-245.8026123046875,5096.20654296875,236.2858428955078,-239.8820648193359,5155.6640625,130.9412078857422,-481.208984375,5308.76123046875,45.59747695922851,-433.5151062011719,5262.5224609375,67.51557922363281,-203.87796020507812,5242.44482421875,166.12734985351562,-193.9523773193359,5076.6611328125,250.0425567626953,-207.40228271484375,5083.52587890625,166.5150909423828,-185.8101501464844,5097.15673828125,246.9790802001953,-220.376708984375,5162.0283203125,269.7943420410156,-88.64024353027344,5237.18798828125,273.5760498046875,240.25469970703125,5251.33251953125,262.82659912109375,552.3192138671875,5289.98876953125,286.54803466796875,685.6614379882812,5216.5595703125,128.83424377441406,-78.25714111328125,5218.27685546875,190.2910614013672,242.62646484375,5255.82421875,256.8027038574219,548.5455932617188,5311.29931640625,258.9881286621094,669.6140747070312,5237.61767578125,153.84402465820312,-579.1588134765625,5306.7939453125,142.028076171875,-583.5558471679688,5175.251953125,165.1688995361328,-617.8670654296875,5195.400390625,220.50086975097656,-628.37744140625,5283.1298828125,122.30615997314452,-614.676513671875,5196.53076171875,84.70691680908203,-630.65234375,5296.232421875
203.7564239501953,-83.73810577392578,5226.3369140625,187.57711791992188,-223.9120635986328,5261.10107421875,174.39639282226562,-330.46307373046875,5305.4951171875,157.03729248046875,-506.3450317382813,5311.759765625,187.19541931152344,-480.18072509765625,5311.8720703125,291.5718994140625,-449.7814636230469,5270.14892578125,351.39019775390625,-236.09957885742188,5307.98974609375,272.6559753417969,-139.2481689453125,5166.1630859375,233.9777374267578,-199.3812255859375,5133.9072265625,174.7803497314453,-247.32296752929688,5089.81201171875,230.7361297607422,-236.88392639160156,5155.46630859375,132.69346618652344,-474.3335266113281,5311.2880859375,44.16712951660156,-427.8361511230469,5272.859375,75.01727294921875,-205.38198852539065,5226.298828125,146.30287170410156,-187.9835205078125,5049.60986328125,226.43617248535156,-213.03065490722656,5040.4462890625,162.58209228515625,-176.39791870117188,5085.89599609375,223.3031768798828,-211.5547637939453,5138.1337890625,277.5498046875,-91.35691833496094,5229.96044921875,265.7726745605469,233.8942718505859,5250.32958984375,239.78903198242188,542.1279907226562,5288.3271484375,277.7808532714844,675.8070678710938,5225.291015625,137.21371459960938,-76.86788177490234,5223.06982421875,202.49366760253903,240.7931671142578,5253.78076171875,272.8377990722656,544.3002319335938,5299.78466796875,278.5771484375,665.7394409179688,5229.556640625,150.669189453125,-572.0200805664062,5303.17041015625,162.50811767578125,-581.7047729492188,5173.17431640625,171.2796630859375,-619.1318969726562,5197.68994140625,204.1875915527344,-637.8445434570312,5293.765625,131.81529235839844,-604.8567504882812,5190.43896484375,74.09841918945312,-603.8055419921875,5280.205078125
206.37413024902344,-86.9198989868164,5226.802734375,191.1798095703125,-227.59002685546875,5260.15966796875,175.7993621826172,-334.6004943847656,5302.7958984375,162.2065887451172,-510.8927612304687,5308.26318359375,191.49285888671875,-483.957763671875,5311.70751953125,297.1060485839844,-449.3298950195313,5276.8623046875,354.4976806640625,-234.6905212402344,5313.41845703125,275.3972473144531,-132.67613220214844,5175.3916015625,251.13755798339844,-193.104736328125,5131.62060546875,195.49026489257812,-231.03744506835935,5074.90869140625,234.21742248535156,-235.4164581298828,5164.37353515625,137.28819274902344,-479.507080078125,5304.7197265625,54.32428359985352,-430.5225524902344,5257.81591796875,33.247501373291016,-202.067626953125,5256.90087890625,170.86029052734375,-213.3148651123047,5124.38134765625,228.37538146972656,-273.7135009765625,5137.83203125,168.93585205078125,-211.75396728515625,5148.66650390625,247.43992614746097,-235.48779296875,5151.3505859375,278.8072204589844,-90.94082641601562,5242.83984375,272.04071044921875,234.8852996826172,5256.86279296875,250.8984832763672,544.1631469726562,5289.80029296875,277.25054931640625,678.171142578125,5221.62158203125,141.0580291748047,-83.29405212402344,5212.34130859375,191.78807067871097,237.1587829589844,5242.55078125,246.4549102783203,543.1429443359375,5293.78955078125,265.7510681152344,665.4066162109375,5227.431640625,158.52197265625,-576.7647094726562,5299.4609375,140.66773986816406,-585.4091186523438,5170.041015625,168.33392333984375,-616.1219482421875,5189.3095703125,228.4086456298828,-618.2609252929688,5273.3115234375,125.89685821533205,-617.7672119140625,5192.6669921875,95.85377502441406,-635.4436645507812,5293.57373046875
205.2574462890625,-88.75275421142578,5227.171875,190.1893768310547,-228.70904541015625,5262.240234375,176.07472229003906,-334.8326416015625,5306.83447265625,163.46112060546875,-510.7214965820313,5298.541015625,192.6042938232422,-484.0196838378906,5303.65673828125,300.77667236328125,-451.2179565429687,5276.5576171875,378.1524353027344,-241.03466796875,5294.6533203125,274.92474365234375,-131.83592224121094,5180.689453125,250.1551513671875,-188.3772430419922,5132.52001953125,197.28973388671875,-229.33322143554688,5075.53125,234.3474884033203,-234.99229431152344,5164.70556640625,138.38861083984375,-479.3718566894531,5297.87158203125,51.711395263671875,-430.4539794921875,5258.76513671875,39.94085693359375,-202.42127990722656,5241.95556640625,183.8413543701172,-214.89007568359375,5117.009765625,239.6695251464844,-276.153076171875,5132.4228515625,181.63099670410156,-213.66531372070312,5146.03857421875,258.4747009277344,-239.6194610595703,5150.912109375,278.4106750488281,-93.89070892333984,5238.0986328125,276.9905090332031,231.4852294921875,5247.8720703125,260.1773376464844,540.6014404296875,5278.67822265625,289.1532287597656,680.79736328125,5226.6162109375,139.29197692871094,-84.11963653564453,5217.318359375,192.02932739257812,235.5941925048828,5244.5380859375,248.5511016845703,541.2313232421875,5291.6845703125,269.5163269042969,671.1734008789062,5243.53515625,159.97164916992188,-575.5778198242188,5284.6337890625,129.7042236328125,-579.4080810546875,5157.58349609375,157.01710510253906,-612.1976318359375,5173.40380859375,224.2614898681641,-620.3296508789062,5251.10888671875,115.1437759399414,-611.392578125,5180.7099609375,93.62561798095705,-630.08740234375,5283.36328125
206.68980407714844,-88.632568359375,5226.85693359375,193.35296630859375,-231.9557952880859,5252.6142578125,181.0227813720703,-341.9703369140625,5290.17822265625,162.6278533935547,-518.865234375,5284.21630859375,193.0826416015625,-492.78521728515625,5286.7353515625,303.6799621582031,-460.5156555175781,5265.38916015625,364.2921142578125,-243.50076293945312,5288.49365234375,275.6348571777344,-133.51321411132812,5161.283203125,242.0531005859375,-191.79734802246097,5119.99755859375,186.78453063964844,-238.1566619873047,5068.615234375,234.3595428466797,-234.90330505371097,5164.69873046875,138.2935333251953,-486.5503234863281,5285.388671875,46.72344207763672,-432.2218017578125,5268.5849609375,36.23444366455078,-204.0580139160156,5235.51025390625,192.33595275878903,-215.0521240234375,5123.384765625,244.65817260742188,-280.94696044921875,5135.30224609375,187.28146362304688,-216.5990295410156,5147.3740234375,263.87542724609375,-245.92579650878903,5156.15478515625,280.7260437011719,-93.95682525634766,5235.5654296875,290.1273193359375,232.63018798828125,5205.18505859375,286.656494140625,539.3814086914062,5270.23876953125,307.41619873046875,676.458984375,5204.2333984375,139.92807006835938,-83.8314437866211,5219.00390625,185.3390350341797,238.8395233154297,5254.50146484375,234.60243225097656,546.3286743164062,5313.18505859375,247.6390838623047,671.6825561523438,5249.3486328125,156.10922241210938,-584.1820678710938,5271.02294921875,141.85574340820312,-574.1319580078125,5140.47509765625,163.39088439941406,-611.398193359375,5156.35546875,219.39584350585935,-633.8501586914062,5240.94921875,120.9284439086914,-606.15185546875,5158.7802734375,84.3700942993164,-630.4843139648438,5256.78125
205.2528076171875,-87.99775695800781,5226.720703125,191.37705993652344,-232.13607788085935,5253.32275390625,178.53805541992188,-342.3236999511719,5292.66064453125,156.377685546875,-520.1114501953125,5293.205078125,187.5574493408203,-494.40765380859375,5295.01416015625,302.1838684082031,-476.7489013671875,5273.42822265625,417.6485595703125,-284.2777404785156,5233.064453125,342.50628662109375,-185.44960021972656,5087.38671875,275.8106994628906,-227.05935668945312,5075.767578125,191.3164978027344,-244.04397583007812,5052.8828125,251.91253662109375,-231.9642639160156,5140.93359375,132.54823303222656,-487.06097412109375,5292.951171875,41.440284729003906,-431.6845703125,5272.6748046875,36.48775863647461,-203.12535095214844,5231.09326171875,192.30682373046875,-214.5536193847656,5116.3828125,245.03843688964844,-279.9340515136719,5132.6787109375,187.29495239257812,-214.8067321777344,5142.998046875,264.17156982421875,-243.63409423828125,5152.05419921875,279.7821044921875,-93.55712890625,5235.47314453125,290.5166015625,235.07290649414065,5203.3232421875,289.5283203125,544.4380493164062,5266.41650390625,308.5921936035156,683.1314086914062,5200.8271484375,138.04647827148438,-82.98462677001953,5218.828125,183.8514404296875,242.4078826904297,5249.37841796875,233.41842651367188,553.0125122070312,5302.90234375,246.16131591796875,678.766845703125,5237.666015625,148.556640625,-586.1818237304688,5282.349609375,141.489501953125,-583.810791015625,5149.9521484375,163.88539123535156,-619.3224487304688,5169.21142578125,216.1548309326172,-634.5700073242188,5258.5439453125,120.86695861816406,-616.0075073242188,5168.953125,79.4931640625,-636.9650268554688,5266.625
204.4779052734375,-86.26432037353516,5232.37109375,190.07546997070312,-233.09213256835935,5255.27978515625,177.6599578857422,-346.4543151855469,5290.5126953125,159.82984924316406,-526.7155151367188,5304.5859375,190.4826812744141,-499.5589904785156,5306.92138671875,306.17999267578125,-472.4613342285156,5293.08447265625,380.39154052734375,-262.9203186035156,5356.85205078125,290.2351989746094,-238.30059814453125,5186.73486328125,234.15740966796875,-273.8886413574219,5141.10009765625,147.4107666015625,-262.2296447753906,5118.3837890625,201.21417236328125,-272.42218017578125,5124.89892578125,134.93899536132812,-494.1529235839844,5299.34716796875,47.436893463134766,-440.1827697753906,5260.0673828125,37.2199821472168,-205.95225524902344,5236.498046875,191.0685882568359,-213.9835662841797,5114.431640625,246.85614013671875,-278.7356872558594,5129.3740234375,187.22911071777344,-214.2593994140625,5143.072265625,265.7109375,-243.62667846679688,5152.2412109375,280.2951354980469,-92.82762908935548,5237.97021484375,278.9076843261719,239.07241821289065,5192.34326171875,293.68145751953125,548.7644653320312,5272.26708984375,308.8289794921875,684.3114013671875,5194.95849609375,136.1101837158203,-80.34590148925781,5227.32177734375,182.879150390625,250.1313934326172,5251.76171875,236.9854278564453,566.030517578125,5296.07470703125,215.22494506835935,674.8257446289062,5203.9013671875,154.62644958496094,-594.6251220703125,5298.72314453125,128.77394104003906,-585.4745483398438,5167.0751953125,131.5772247314453,-628.5142211914062,5185.345703125,181.72076416015625,-672.1681518554688,5268.02001953125,97.03965759277344,-602.3079223632812,5191.24560546875,66.44822692871094,-600.2012939453125,5296.5166015625
204.81109619140625,-86.25382232666016,5232.3857421875,190.4750061035156,-232.8927459716797,5255.28564453125,178.11062622070312,-346.1092529296875,5290.48095703125,160.72474670410156,-526.2161254882812,5304.03662109375,191.25437927246097,-499.0187377929687,5306.56884765625,306.90142822265625,-471.69927978515625,5294.1611328125,380.0468444824219,-263.23211669921875,5361.49462890625,292.2074279785156,-236.2336273193359,5190.81396484375,237.04104614257812,-271.0604553222656,5143.68994140625,150.80938720703125,-259.37835693359375,5119.537109375,204.35877990722656,-269.565673828125,5127.09619140625,135.80233764648438,-493.7501525878906,5298.77099609375,48.48873519897461,-439.9067687988281,5259.2978515625,38.294456481933594,-205.8486785888672,5237.09765625,192.3591461181641,-213.48211669921875,5115.6904296875,247.87261962890625,-278.36846923828125,5130.41650390625,188.40310668945312,-213.9115295410156,5144.142578125,266.7148742675781,-243.50228881835935,5153.41455078125,280.5315856933594,-92.78173828125,5237.9873046875,278.52337646484375,238.5775604248047,5191.64599609375,290.8279724121094,548.1828002929688,5270.65771484375,305.48919677734375,682.9937744140625,5192.38720703125,136.5305938720703,-80.3673095703125,5227.333984375,185.05471801757812,249.4050750732422,5251.93603515625,241.5397491455078,564.3208618164062,5297.20849609375,221.19894409179688,673.84521484375,5205.8701171875,155.7359161376953,-594.0374145507812,5298.0,133.536865234375,-583.67138671875,5165.95361328125,137.05516052246094,-626.8261108398438,5183.6650390625,185.93875122070312,-670.1981201171875,5267.06298828125,101.65318298339844,-601.7503051757812,5188.89599609375,67.97549438476562,-602.1083984375,5293.09228515625
204.87403869628903,-86.25946807861328,5232.3916015625,190.58802795410156,-232.8572540283203,5255.2998046875,178.26344299316406,-346.0443115234375,5290.48486328125,161.068359375,-526.1307983398438,5303.83935546875,191.55838012695312,-498.9112548828125,5306.41552734375,307.1712341308594,-471.5008544921875,5294.23095703125,380.0947570800781,-263.247314453125,5362.2294921875,292.5813293457031,-235.77301025390625,5191.52197265625,237.5598907470703,-270.4141540527344,5144.13330078125,151.4219207763672,-258.6582946777344,5119.78125,204.93087768554688,-268.8727722167969,5127.466796875,136.12142944335938,-493.6956176757813,5298.5947265625,48.770530700683594,-439.91156005859375,5259.21337890625,38.17137145996094,-205.8756103515625,5237.71484375,192.2469482421875,-213.0309600830078,5116.38525390625,248.11705017089844,-277.50701904296875,5131.412109375,188.27525329589844,-213.3623504638672,5144.810546875,266.73712158203125,-242.47628784179688,5154.24267578125,280.5743103027344,-92.76130676269533,5237.99169921875,278.3379211425781,238.4787139892578,5191.51953125,289.99371337890625,548.0249633789062,5270.4794921875,304.60052490234375,682.9160766601562,5192.4296875,136.61175537109375,-80.39647674560547,5227.34130859375,185.36105346679688,249.24981689453125,5251.8515625,242.15475463867188,564.0245971679688,5297.0400390625,221.54733276367188,673.5223388671875,5205.79638671875,156.15713500976562,-593.9310913085938,5297.73095703125,135.28936767578125,-583.1295166015625,5165.54248046875,139.2310028076172,-626.317626953125,5183.04541015625,187.78860473632812,-669.4490966796875,5266.71826171875,103.4255142211914,-601.7904052734375,5188.01806640625,68.60813903808594,-603.230224609375,5291.79541015625
213.57188415527344,-88.9093017578125,5215.33837890625,198.7176971435547,-233.53273010253903,5234.26953125,185.620361328125,-345.5141906738281,5266.30908203125,167.7123260498047,-521.3593139648438,5290.5888671875,198.0039520263672,-494.8104248046875,5290.38720703125,311.55987548828125,-467.68218994140625,5277.3544921875,379.799072265625,-272.04632568359375,5370.3173828125,312.2958679199219,-233.346923828125,5196.31982421875,246.2636260986328,-254.0796356201172,5157.955078125,171.73802185058594,-258.1031799316406,5109.8427734375,229.0641326904297,-257.94927978515625,5133.1669921875,143.26902770996094,-489.5548400878906,5284.4755859375,49.603736877441406,-439.34124755859375,5264.845703125,38.82736587524414,-209.77804565429688,5237.8935546875,178.2183380126953,-216.0284423828125,5104.529296875,244.88088989257812,-266.1564025878906,5121.93408203125,182.4765167236328,-210.61843872070312,5147.22119140625,259.08148193359375,-242.3183135986328,5152.837890625,287.8877868652344,-95.64911651611328,5222.1611328125,281.14947509765625,232.93849182128903,5207.34521484375,268.6614990234375,537.905517578125,5282.8095703125,287.1959228515625,675.5953979492188,5216.48095703125,146.5579833984375,-82.83171081542969,5209.185546875,187.16879272460935,240.9840545654297,5247.86376953125,232.89016723632812,549.108642578125,5310.43603515625,230.54946899414065,668.71484375,5234.59326171875,162.08447265625,-588.2269287109375,5288.74609375,159.5902862548828,-588.0084228515625,5156.71728515625,176.45790100097656,-625.5208740234375,5177.3095703125,223.23538208007812,-645.2936401367188,5268.2724609375,134.44898986816406,-616.6817016601562,5175.51806640625,87.81686401367188,-629.767822265625,5271.6806640625
226.142822265625,-82.89659118652344,5220.1220703125,206.35183715820312,-229.01046752929688,5237.78076171875,189.9363555908203,-342.37957763671875,5268.9638671875,169.16934204101562,-520.6014404296875,5290.49169921875,200.27420043945312,-494.1995544433594,5290.498046875,316.0003356933594,-469.5094909667969,5277.97900390625,379.7010192871094,-269.07635498046875,5371.140625,319.44464111328125,-236.0531768798828,5190.72265625,253.7090759277344,-253.67576599121097,5148.38232421875,180.7433929443359,-258.407470703125,5096.005859375,227.69943237304688,-258.7553405761719,5131.818359375,144.87570190429688,-487.8918762207031,5285.1064453125,53.13283920288086,-435.92730712890625,5255.6796875,84.23863220214844,-205.29165649414065,5227.9150390625,140.91110229492188,-214.17430114746097,5041.01611328125,223.21871948242188,-236.9295196533203,5028.53955078125,204.08790588378903,-182.57017517089844,5095.58447265625,228.9222717285156,-239.0724639892578,5124.6923828125,301.2899169921875,-92.52466583251952,5224.67724609375,265.43743896484375,236.634033203125,5187.091796875,229.26609802246097,534.9920654296875,5292.42578125,256.7333984375,676.8142700195312,5233.70068359375,158.37937927246094,-74.21453094482422,5216.01416015625,221.7594451904297,249.6209259033203,5259.81103515625,290.685791015625,557.85107421875,5321.5322265625,273.35931396484375,669.287109375,5232.84375,162.37167358398438,-588.1871948242188,5287.451171875,162.17564392089844,-586.4434204101562,5153.7080078125,184.3102264404297,-621.8020629882812,5174.4560546875,232.5101776123047,-635.940673828125,5267.2568359375,140.94290161132812,-619.186279296875,5171.9208984375,94.48724365234376,-640.6309814453125,5268.23291015625
224.4004364013672,-85.1617202758789,5220.5166015625,204.49037170410156,-231.64862060546875,5237.83447265625,187.98252868652344,-345.6348876953125,5267.73779296875,165.89981079101562,-524.651611328125,5284.294921875,197.26116943359375,-498.4189758300781,5285.06005859375,313.456298828125,-474.7021484375,5272.3896484375,381.606201171875,-278.7877197265625,5373.02783203125,319.684814453125,-239.3977508544922,5193.97900390625,252.9811553955078,-256.8265075683594,5152.73583984375,178.84765625,-263.8172912597656,5101.91845703125,232.24273681640625,-255.7135467529297,5128.34326171875,141.78453063964844,-491.5579528808594,5279.8037109375,50.05757522583008,-438.11383056640625,5252.08544921875,82.32405853271484,-205.8516845703125,5237.99951171875,139.4363555908203,-213.81265258789065,5050.72119140625,221.6994476318359,-237.43679809570312,5038.18603515625,202.4352569580078,-183.350341796875,5105.68115234375,229.9921417236328,-240.19493103027344,5130.9921875,299.71112060546875,-94.84751892089844,5225.17041015625,263.12554931640625,235.2051239013672,5189.341796875,227.03517150878903,533.501708984375,5297.07666015625,250.7760467529297,675.8753662109375,5237.1171875,156.48948669433594,-76.42761993408203,5216.31982421875,218.28076171875,248.4114990234375,5260.79833984375,285.3582458496094,557.635986328125,5323.45556640625,270.2542724609375,668.6764526367188,5233.3388671875,158.61416625976562,-592.2320556640625,5279.3486328125,165.88441467285156,-588.8474731445312,5145.525390625,190.32801818847656,-622.1248168945312,5167.33837890625,234.44534301757812,-632.5053100585938,5262.90234375,147.0347137451172,-623.8695068359375,5162.298828125,97.4641342163086,-651.1484375,5255.82763671875
221.0098419189453,-87.60409545898438,5218.53271484375,203.6103973388672,-235.1143341064453,5236.888671875,188.30438232421875,-349.3768005371094,5268.912109375,164.99839782714844,-529.589599609375,5281.185546875,196.4898681640625,-503.3069763183594,5284.05224609375,313.5751037597656,-482.16058349609375,5269.0517578125,379.8752136230469,-280.11517333984375,5361.37109375,329.2891540527344,-239.3663787841797,5177.96484375,263.6561279296875,-241.1004180908203,5130.90576171875,194.8108062744141,-265.29510498046875,5077.13232421875,232.36846923828125,-254.85125732421875,5125.41748046875,141.0665740966797,-496.18072509765625,5276.015625,50.20484924316406,-440.041748046875,5248.380859375,46.15717697143555,-204.06443786621097,5238.7919921875,185.2530975341797,-246.44586181640625,5105.83349609375,229.3358154296875,-231.92051696777344,5032.2763671875,205.5374298095703,-185.5569000244141,5104.5439453125,291.90325927734375,-216.1772918701172,5150.77587890625,296.6882629394531,-95.56361389160156,5226.3037109375,272.8486328125,237.76373291015625,5192.9677734375,257.4475402832031,540.343505859375,5298.8994140625,271.1729431152344,682.575927734375,5233.478515625,152.76727294921875,-80.4266586303711,5211.52490234375,196.01368713378903,249.25828552246097,5256.041015625,244.41859436035156,563.6195678710938,5319.4912109375,238.18997192382812,678.0408325195312,5231.3095703125,157.83740234375,-597.4249877929688,5274.6318359375,172.27874755859375,-572.7549438476562,5142.8974609375,191.42811584472656,-612.28271484375,5159.49853515625,229.27462768554688,-644.1473388671875,5253.63720703125,148.32154846191406,-607.522216796875,5152.94921875,90.8155746459961,-643.4627075195312,5239.44873046875
221.8970489501953,-87.81272888183594,5219.0615234375,204.27975463867188,-233.93064880371097,5241.92578125,189.0796356201172,-346.4046936035156,5277.93359375,169.03427124023438,-525.977294921875,5263.67431640625,200.0948181152344,-499.9009704589844,5269.125,315.63665771484375,-473.2871398925781,5255.53662109375,380.5606994628906,-281.09051513671875,5365.39794921875,324.8074645996094,-237.0601043701172,5185.27001953125,264.23590087890625,-249.6114959716797,5133.9267578125,199.22537231445312,-265.2162780761719,5073.36474609375,232.83258056640625,-254.77943420410156,5121.56982421875,144.5346221923828,-492.84332275390625,5264.68408203125,50.11463928222656,-438.7208251953125,5250.2021484375,47.89534378051758,-204.17352294921875,5234.71875,184.16656494140625,-245.04119873046875,5099.7802734375,233.28330993652344,-229.32339477539065,5030.26318359375,206.52012634277344,-186.6051788330078,5103.208984375,290.0085144042969,-216.43637084960935,5149.4912109375,297.2958679199219,-95.85289764404295,5225.775390625,270.8775329589844,234.89735412597656,5185.6689453125,255.8395843505859,538.7173461914062,5283.08544921875,267.24749755859375,684.7437744140625,5228.2490234375,153.9066162109375,-80.56256103515625,5213.0068359375,199.1478271484375,248.1014709472656,5250.357421875,251.6921234130859,560.6210327148438,5311.60400390625,240.80511474609375,680.7389526367188,5233.1240234375,162.5818634033203,-591.8529052734375,5247.25830078125,164.0634307861328,-578.2811279296875,5113.8037109375,187.8713226318359,-614.2239990234375,5131.826171875,235.67584228515625,-633.9993896484375,5224.15625,144.33473205566406,-613.6815795898438,5128.744140625,97.70005798339844,-646.0587158203125,5222.2392578125
220.17254638671875,-90.56356048583984,5213.3662109375,204.39572143554688,-237.9869842529297,5231.4951171875,191.26693725585935,-352.2970886230469,5263.43896484375,170.5048370361328,-532.6987915039062,5271.48046875,201.74497985839844,-506.1834411621094,5273.732421875,317.6351318359375,-481.2270812988281,5257.255859375,384.1669616699219,-288.7912292480469,5367.13037109375,331.66497802734375,-238.64913940429688,5187.02392578125,293.98529052734375,-297.9799499511719,5147.52978515625,243.78956604003903,-273.8984375,5076.22119140625,241.0164794921875,-254.4082946777344,5107.96826171875,146.05909729003906,-499.5120239257813,5268.328125,54.1064453125,-443.2841491699219,5245.8203125,42.307830810546875,-207.8610687255859,5242.3837890625,180.18228149414065,-251.4681854248047,5109.1220703125,243.6617889404297,-275.6065673828125,5055.0576171875,221.89791870117188,-207.7922210693359,5108.302734375,284.5520935058594,-238.4140625,5172.7685546875,296.0347595214844,-98.21499633789062,5217.16455078125,278.6755676269531,235.68948364257812,5193.68359375,268.7778015136719,546.89453125,5268.9375,276.72119140625,685.834228515625,5196.58935546875,151.76425170898438,-83.6639175415039,5209.94091796875,191.85304260253903,246.77182006835935,5246.111328125,239.9247283935547,561.26904296875,5305.78125,235.9103851318359,677.6754760742188,5220.583984375,163.80899047851562,-600.26904296875,5263.30126953125,160.1723175048828,-589.0148315429688,5129.2861328125,186.81961059570312,-623.1795654296875,5147.14111328125,238.8358459472656,-638.3251953125,5238.41259765625,143.13302612304688,-625.3980102539062,5145.48193359375,101.49967193603516,-659.0028076171875,5241.24609375
218.3700714111328,-99.30218505859376,5216.173828125,205.4984130859375,-249.3920135498047,5229.0390625,194.4842987060547,-366.4909057617187,5256.890625,172.47235107421875,-548.9254150390625,5266.033203125,204.13900756835935,-522.1986694335938,5268.90869140625,322.783935546875,-501.9248046875,5255.185546875,385.6321105957031,-306.3050537109375,5367.5498046875,340.8550720214844,-240.99609375,5187.65234375,295.983642578125,-297.2420349121094,5149.15625,227.7167205810547,-271.0549621582031,5094.029296875,238.8423309326172,-255.5778350830078,5122.89306640625,147.9663543701172,-515.2615966796875,5261.91162109375,52.93810272216797,-461.21234130859375,5240.255859375,29.506206512451172,-223.8114776611328,5245.6591796875,172.74061584472656,-254.802490234375,5110.970703125,250.40858459472656,-295.8486328125,5109.2607421875,221.6924743652344,-210.84266662597656,5102.1396484375,281.52935791015625,-238.48985290527344,5171.2236328125,295.275390625,-105.53797149658205,5220.36865234375,278.458984375,231.08253479003903,5181.603515625,269.58038330078125,541.2686157226562,5275.57666015625,277.3690185546875,687.3429565429688,5213.88134765625,149.02114868164062,-93.67910766601562,5212.390625,181.4753875732422,242.11474609375,5244.64697265625,220.97280883789065,562.3939208984375,5301.30126953125,213.3222198486328,675.240966796875,5208.875,165.61660766601562,-617.3591918945312,5258.16259765625,164.69869995117188,-586.809814453125,5125.4609375,192.89796447753903,-622.3626098632812,5139.271484375,243.9642639160156,-648.3743286132812,5230.14111328125,148.89877319335938,-626.3523559570312,5135.9072265625,106.1321792602539,-675.7976684570312,5225.654296875
218.5194396972656,-99.4205093383789,5216.37109375,205.59429931640625,-249.4299468994141,5229.19580078125,194.5393218994141,-366.4721984863281,5256.99609375,172.39678955078125,-548.8154907226562,5265.70556640625,204.0671234130859,-522.1338500976562,5268.646484375,322.7301025390625,-501.9796447753906,5255.47021484375,385.1922607421875,-307.5555419921875,5369.8525390625,341.3404541015625,-240.69923400878903,5190.40771484375,296.7462158203125,-296.708984375,5151.3388671875,229.00645446777344,-268.8465881347656,5096.462890625,239.86495971679688,-254.97952270507812,5124.92626953125,147.9301300048828,-515.1407470703125,5261.6611328125,52.98440170288086,-460.95989990234375,5240.2724609375,29.958192825317383,-223.6752014160156,5246.8974609375,172.79966735839844,-254.22328186035156,5111.84423828125,250.34231567382812,-295.3910217285156,5109.759765625,221.7874755859375,-210.34068298339844,5103.12939453125,281.71771240234375,-238.4364318847656,5171.86328125,295.3822326660156,-105.68482971191406,5220.5625,278.4823913574219,230.80386352539065,5182.2373046875,269.5995178222656,540.57421875,5276.9951171875,276.8178405761719,686.7328491210938,5215.64404296875,149.20887756347656,-93.77169799804688,5212.59130859375,182.6068115234375,241.74412536621097,5244.92431640625,223.2620849609375,561.6906127929688,5301.65283203125,215.73562622070312,674.3245239257812,5209.076171875,165.4929962158203,-617.1898803710938,5257.67919921875,165.28514099121094,-586.0210571289062,5125.19189453125,192.32156372070312,-622.52294921875,5138.76416015625,242.68165588378903,-650.6029663085938,5229.34619140625,148.23109436035156,-625.0535888671875,5135.48681640625,104.08845520019533,-673.468017578125,5225.05810546875
218.20753479003903,-95.2932357788086,5208.85595703125,205.39306640625,-242.93328857421875,5217.38525390625,194.8934783935547,-358.67047119140625,5241.4150390625,177.11619567871094,-537.3651733398438,5260.9833984375,207.61294555664065,-510.32470703125,5262.38134765625,324.4510803222656,-491.9132385253906,5249.85009765625,382.34033203125,-296.4309997558594,5356.16162109375,344.6575012207031,-275.4864807128906,5168.05908203125,295.1402587890625,-293.3953552246094,5107.67333984375,250.5637054443359,-259.9446716308594,5037.12548828125,229.87887573242188,-255.2927398681641,5131.53564453125,152.3699493408203,-505.1515197753906,5254.8515625,57.326622009277344,-456.5764770507813,5230.76123046875,30.046104431152344,-224.58132934570312,5248.64697265625,172.10369873046875,-254.32568359375,5117.7841796875,247.75811767578125,-294.4365234375,5107.32568359375,222.23150634765625,-209.85317993164065,5105.45947265625,281.9558410644531,-238.49636840820312,5171.93896484375,293.7742614746094,-101.73778533935548,5210.83447265625,276.2461853027344,230.8821563720703,5207.93310546875,268.1961364746094,539.1795043945312,5286.8330078125,270.591796875,675.4421997070312,5211.1806640625,150.0657196044922,-89.4819107055664,5207.07177734375,179.22665405273438,238.72509765625,5253.36181640625,216.09959411621097,551.2727661132812,5319.95654296875,205.224609375,658.680908203125,5225.55322265625,171.89102172851562,-605.028076171875,5257.255859375,174.98878479003906,-584.74755859375,5125.14013671875,202.06033325195312,-618.657470703125,5142.05517578125,249.4082946777344,-637.71337890625,5234.36376953125,158.9543914794922,-622.6490478515625,5137.76806640625,114.11404418945312,-664.3916625976562,5227.9404296875
218.5930328369141,-95.91888427734376,5208.85498046875,205.71681213378903,-243.7511444091797,5217.330078125,195.16262817382812,-359.70037841796875,5241.076171875,177.26766967773438,-538.757568359375,5259.35546875,207.79019165039065,-511.6881103515625,5261.130859375,324.9413757324219,-493.3110046386719,5250.08837890625,381.63482666015625,-299.6998291015625,5361.01611328125,346.1173095703125,-275.812744140625,5172.5849609375,296.5979309082031,-293.8673400878906,5112.10595703125,251.3414306640625,-260.7410888671875,5041.68896484375,234.88462829589844,-256.5121154785156,5124.57666015625,152.52334594726562,-506.4644775390625,5253.27490234375,57.57836151123047,-457.7108459472656,5228.51904296875,30.51592063903809,-225.2520294189453,5244.62744140625,174.1021270751953,-255.19480895996097,5115.1044921875,250.1814117431641,-295.04443359375,5105.87353515625,223.81781005859375,-210.6109619140625,5103.4775390625,283.0491943359375,-238.57455444335935,5171.21728515625,294.2554626464844,-102.3936767578125,5210.8681640625,276.1888122558594,230.63465881347656,5208.2822265625,267.43426513671875,539.047607421875,5288.32177734375,269.08837890625,676.4087524414062,5214.234375,150.3648681640625,-90.08028411865234,5207.0400390625,182.70831298828125,238.3077087402344,5253.04931640625,223.5752716064453,550.8248901367188,5319.4814453125,211.91371154785156,659.2113647460938,5226.01025390625,172.07061767578125,-606.482666015625,5255.1357421875,179.20278930664062,-588.9032592773438,5122.61279296875,207.9974365234375,-620.3677978515625,5141.4638671875,252.77301025390625,-633.8402709960938,5236.16552734375,165.4626922607422,-627.6572265625,5135.54638671875,120.01741027832033,-670.6907958984375,5224.9775390625
221.6473388671875,-99.04521942138672,5210.63134765625,209.0200653076172,-245.0614318847656,5221.78662109375,198.9461669921875,-359.17645263671875,5247.9453125,177.8157196044922,-536.3792724609375,5260.0595703125,208.5501251220703,-510.2953796386719,5262.4619140625,323.8998718261719,-497.0300903320313,5242.72412109375,404.8957824707031,-313.351806640625,5350.13427734375,355.3092041015625,-271.8882141113281,5170.310546875,292.4830322265625,-297.8574523925781,5129.416015625,229.23785400390625,-260.9444580078125,5078.79248046875,239.8661651611328,-255.533935546875,5136.82861328125,153.94854736328125,-503.7724914550781,5255.376953125,58.85285186767578,-457.64788818359375,5231.5263671875,34.71713638305664,-228.00233459472656,5253.78271484375,170.09628295898438,-254.52175903320312,5118.083984375,247.44381713867188,-284.622802734375,5097.88623046875,219.9036407470703,-201.655029296875,5101.75244140625,285.2851257324219,-247.8369140625,5146.0703125,296.49163818359375,-105.45030212402344,5211.51318359375,282.001220703125,223.6857757568359,5195.81787109375,270.3236999511719,528.2210693359375,5276.32861328125,271.6365051269531,666.8661499023438,5208.51806640625,154.15695190429688,-93.26947021484376,5209.83642578125,189.4051055908203,231.0978546142578,5255.62158203125,229.76397705078125,541.5167236328125,5314.5517578125,214.9384307861328,654.5355224609375,5229.86083984375,171.28402709960938,-603.052001953125,5253.6240234375,187.9011383056641,-590.8187866210938,5122.853515625,209.8753204345703,-625.6062622070312,5143.673828125,246.4356384277344,-643.2642822265625,5239.904296875,167.56175231933594,-626.036376953125,5135.619140625,111.70768737792967,-658.1513061523438,5222.22900390625
225.66036987304688,-96.52120971679688,5211.58544921875,213.3303985595703,-245.6630096435547,5219.64404296875,203.8337554931641,-362.6295471191406,5243.80029296875,185.7342987060547,-544.1049194335938,5244.33935546875,216.63278198242188,-517.1435546875,5248.0400390625,335.2201232910156,-499.3188781738281,5241.7294921875,391.2521667480469,-304.39788818359375,5354.66455078125,347.40240478515625,-276.89599609375,5166.830078125,287.01495361328125,-303.61419677734375,5120.111328125,229.31448364257812,-256.8971862792969,5067.8876953125,242.08607482910156,-254.0479278564453,5109.42578125,160.72877502441406,-511.0813293457031,5242.22412109375,60.3340950012207,-467.3875427246094,5227.52001953125,31.0344295501709,-233.0201110839844,5240.158203125,172.85134887695312,-253.74072265625,5104.56103515625,253.61070251464844,-285.96759033203125,5099.5615234375,222.1478271484375,-202.52508544921875,5096.7783203125,285.03448486328125,-249.7838134765625,5146.67626953125,301.9892578125,-102.87161254882812,5210.84423828125,276.41339111328125,231.68846130371097,5188.24365234375,266.5067443847656,543.2142333984375,5266.6572265625,269.552734375,685.330810546875,5199.1328125,156.83126831054688,-90.79476165771484,5212.25439453125,199.4237518310547,239.9994201660156,5252.41748046875,248.6179351806641,554.4212646484375,5317.21435546875,231.71389770507812,670.1234741210938,5231.82421875,180.1664123535156,-611.6077880859375,5233.3359375,187.01934814453125,-595.6176147460938,5099.47705078125,211.0927276611328,-631.4876098632812,5118.03955078125,255.6896514892578,-651.7835693359375,5212.59130859375,167.45729064941406,-631.9697875976562,5113.06884765625,117.41650390625,-667.3051147460938,5204.50830078125
221.01583862304688,-97.25259399414062,5212.2744140625,207.21267700195312,-245.94664001464844,5214.73681640625,196.3256378173828,-363.2516174316406,5234.1689453125,177.54190063476562,-544.017822265625,5236.24072265625,208.43600463867188,-517.2440795898438,5239.76904296875,327.1043395996094,-501.7657165527344,5239.9697265625,371.7684326171875,-312.70819091796875,5365.59423828125,343.07763671875,-296.4942932128906,5174.244140625,290.7162780761719,-293.3869934082031,5113.03125,242.4725341796875,-254.84373474121097,5046.92724609375,238.5360565185547,-253.9083709716797,5125.640625,152.76304626464844,-511.0251770019531,5233.78564453125,51.73000717163086,-467.6578369140625,5228.08447265625,37.17930221557617,-233.02606201171875,5245.39111328125,167.7474822998047,-254.5796661376953,5099.96435546875,247.4720764160156,-286.0170593261719,5086.20263671875,220.9094696044922,-201.42874145507812,5092.916015625,280.49163818359375,-249.2521820068359,5145.2958984375,297.02264404296875,-104.30841064453124,5212.2646484375,271.990234375,229.0215301513672,5188.06298828125,267.0975341796875,539.1231079101562,5268.07080078125,269.15423583984375,684.9838256835938,5210.47900390625,152.4771728515625,-90.89005279541016,5212.28369140625,196.0633850097656,238.70193481445312,5251.6396484375,243.58102416992188,552.3883056640625,5315.6767578125,236.59738159179688,664.9122314453125,5225.619140625,171.74217224121094,-611.359130859375,5225.8486328125,176.09556579589844,-580.602294921875,5094.9619140625,198.61021423339844,-619.3839721679688,5108.55224609375,244.2435607910156,-652.4631958007812,5198.4775390625,155.050537109375,-617.1270751953125,5104.91259765625,105.66114044189452,-660.0234985351562,5192.955078125
222.4901428222656,-92.129150390625,5208.03369140625,208.67062377929688,-238.98728942871097,5214.61083984375,198.1645050048828,-354.2307434082031,5237.9013671875,186.20260620117188,-533.22509765625,5227.72021484375,215.9527282714844,-505.8457946777344,5231.0234375,331.5948791503906,-484.3585510253906,5218.26513671875,380.1432800292969,-297.4091796875,5340.74169921875,327.20452880859375,-282.226806640625,5156.8544921875,275.2630310058594,-295.006591796875,5097.7783203125,229.24037170410156,-245.29576110839844,5039.3984375,215.6516265869141,-248.2736663818359,5118.95556640625,160.442138671875,-501.5545959472656,5229.51806640625,58.80009460449219,-462.6613159179687,5227.86865234375,48.528472900390625,-229.85708618164065,5229.341796875,181.3413848876953,-256.0794982910156,5089.84521484375,261.39739990234375,-285.5912170410156,5080.72021484375,222.95887756347656,-206.789794921875,5087.01904296875,288.1797180175781,-250.88497924804688,5144.55712890625,297.6040344238281,-99.26023864746094,5206.63134765625,276.3663024902344,231.3863067626953,5207.2001953125,266.58233642578125,541.0382690429688,5272.6650390625,270.0763244628906,686.5623168945312,5219.2783203125,154.7566680908203,-85.69872283935547,5209.29833984375,196.2567901611328,240.7919158935547,5244.283203125,244.38644409179688,551.5404052734375,5303.48828125,236.55462646484375,671.7879028320312,5227.142578125,182.1103973388672,-599.0524291992188,5212.8662109375,178.3600616455078,-585.7178955078125,5080.59912109375,204.23196411132812,-620.1654663085938,5097.62646484375,255.6392822265625,-637.3766479492188,5187.45556640625,161.0152130126953,-621.6818237304688,5096.06689453125,119.59523010253906,-655.815673828125,5190.2890625
222.3174743652344,-92.6256866455078,5207.70458984375,208.39059448242188,-239.6374053955078,5214.3125,197.7866973876953,-355.031982421875,5237.4755859375,185.6724853515625,-534.198486328125,5226.97802734375,215.4655609130859,-506.8268737792969,5230.5048828125,331.05206298828125,-485.1850891113281,5216.3583984375,378.6253662109375,-293.8378601074219,5332.75,324.07623291015625,-284.9090576171875,5148.7001953125,273.3190002441406,-300.6067810058594,5089.18017578125,228.42840576171875,-251.78465270996097,5029.04248046875,213.7556915283203,-254.11761474609375,5104.59619140625,159.90855407714844,-502.4657287597656,5228.65869140625,58.24796295166016,-463.3367004394531,5226.02587890625,46.81736755371094,-230.32623291015625,5227.38037109375,183.073974609375,-255.8599395751953,5090.80615234375,263.4777526855469,-285.14312744140625,5083.2373046875,224.39788818359375,-206.4966735839844,5088.8544921875,289.0919189453125,-252.4960021972656,5146.546875,297.5111083984375,-99.81065368652344,5206.3330078125,275.4453125,231.14710998535156,5204.63818359375,263.0204772949219,541.7335205078125,5266.8525390625,266.499755859375,686.3602294921875,5210.60205078125,154.51205444335938,-86.14668273925781,5208.94091796875,197.71072387695312,240.52664184570312,5243.6474609375,248.09765625,551.3336181640625,5302.591796875,239.4229278564453,671.8587036132812,5226.47900390625,181.59368896484375,-600.0751342773438,5211.9970703125,183.9269866943359,-590.0245361328125,5079.2587890625,208.82540893554688,-624.1952514648438,5098.31494140625,256.0563659667969,-639.413818359375,5190.890625,165.6677703857422,-625.54736328125,5094.8251953125,119.76671600341795,-657.1527099609375,5187.98583984375
226.5254669189453,-88.73741912841797,5204.7236328125,213.35708618164065,-237.4168701171875,5206.31787109375,203.30308532714844,-354.8375549316406,5225.0771484375,186.5411834716797,-535.5299072265625,5233.18994140625,217.2094268798828,-508.3681945800781,5235.07080078125,333.91827392578125,-486.7259826660156,5220.3603515625,386.1182861328125,-289.01654052734375,5328.27392578125,329.50982666015625,-276.09991455078125,5143.10546875,281.2005920410156,-310.6556701660156,5088.67041015625,194.5594024658203,-305.0501403808594,5063.4619140625,258.7265319824219,-270.1779479980469,5065.82080078125,161.36595153808594,-502.8963012695313,5230.38427734375,61.945289611816406,-458.7205200195313,5213.91162109375,41.24903869628906,-224.57533264160156,5229.68310546875,187.50540161132812,-264.4760437011719,5104.642578125,268.6993713378906,-282.94683837890625,5080.31884765625,224.87094116210935,-206.32305908203125,5090.5576171875,297.696044921875,-253.8878631591797,5150.02685546875,302.5026550292969,-95.48273468017578,5203.22216796875,273.8887634277344,238.19285583496097,5209.318359375,255.5023498535156,547.6261596679688,5289.2314453125,257.4183349609375,686.143798828125,5215.89599609375,158.01348876953125,-82.65486907958984,5206.07763671875,207.1847686767578,245.58839416503903,5248.41552734375,262.5628356933594,557.7705688476562,5312.5712890625,240.58164978027344,670.1500244140625,5224.90673828125,181.2004241943359,-603.1773071289062,5225.0322265625,179.0216522216797,-587.0651245117188,5091.57275390625,205.5227508544922,-621.7903442382812,5108.455078125,256.52532958984375,-640.1528930664062,5199.6259765625,161.89085388183594,-624.017578125,5106.23291015625,119.30046081542967,-661.1328735351562,5200.17919921875
225.89285278320312,-89.00064086914062,5203.8876953125,212.56939697265625,-238.2923889160156,5206.11669921875,202.4784698486328,-356.1386413574219,5225.39990234375,187.7012939453125,-537.3999633789062,5239.62548828125,218.1306915283203,-509.6859436035156,5241.07080078125,334.7761535644531,-483.8936767578125,5228.59375,376.01263427734375,-287.4869384765625,5345.369140625,325.11529541015625,-274.32855224609375,5157.71435546875,292.8998718261719,-286.756103515625,5084.5439453125,206.1389923095703,-278.4403991699219,5059.12158203125,255.9862365722656,-268.1864929199219,5068.50732421875,162.0775909423828,-505.0693664550781,5235.23779296875,62.69097137451172,-461.4805603027344,5214.4453125,40.987037658691406,-226.0982360839844,5224.23876953125,183.1926727294922,-255.8495330810547,5090.67919921875,264.7373352050781,-285.8681335449219,5084.478515625,224.2776336669922,-206.4745178222656,5089.33740234375,290.3323669433594,-252.9365997314453,5147.56201171875,302.17840576171875,-95.8364028930664,5202.0322265625,277.8800048828125,239.475341796875,5213.10302734375,259.6875915527344,551.1255493164062,5289.81982421875,261.18804931640625,690.8399047851562,5217.3291015625,157.1028289794922,-82.83654022216797,5205.560546875,204.2579803466797,247.3104248046875,5246.583984375,257.492431640625,561.6802978515625,5308.7578125,238.33604431152344,678.4755249023438,5225.296875,183.30015563964844,-605.6404418945312,5233.73291015625,179.8588409423828,-588.6271362304688,5099.83740234375,200.65806579589844,-627.6002807617188,5115.9697265625,250.7316131591797,-654.94677734375,5205.91845703125,157.0515899658203,-622.3512573242188,5115.078125,111.43014526367188,-652.3079833984375,5210.68408203125
221.61244201660156,-94.21654510498048,5196.95654296875,214.83644104003903,-242.8841857910156,5204.20703125,209.84979248046875,-359.61199951171875,5227.4150390625,195.932373046875,-540.361328125,5223.8671875,226.0743865966797,-512.9571533203125,5227.89208984375,340.7710266113281,-485.01617431640625,5210.06689453125,373.8299255371094,-279.5836486816406,5309.9140625,323.5147399902344,-274.1965026855469,5122.93505859375,263.5471496582031,-274.24273681640625,5069.34912109375,183.4265594482422,-242.7727203369141,5042.2529296875,256.87933349609375,-270.0211486816406,5040.94482421875,170.31875610351562,-508.0634460449219,5222.76904296875,72.603515625,-463.69427490234375,5199.39306640625,47.6209831237793,-232.1846618652344,5232.234375,181.1511688232422,-253.44973754882812,5090.1240234375,259.8551330566406,-279.72857666015625,5065.3642578125,221.2823028564453,-202.1110382080078,5084.23046875,295.05474853515625,-255.8424835205078,5128.04345703125,297.6685485839844,-97.75369262695312,5195.5078125,286.392822265625,234.88522338867188,5227.3173828125,269.0846252441406,548.3823852539062,5286.65234375,273.3181457519531,689.2424926757812,5218.68115234375,153.02931213378906,-91.02694702148438,5198.2626953125,193.5682678222656,237.35903930664065,5243.72021484375,240.05621337890625,549.3822021484375,5312.57177734375,235.5812530517578,668.0088500976562,5231.150390625,191.80369567871097,-607.3077392578125,5211.40087890625,179.0369415283203,-593.375,5078.5361328125,201.58888244628903,-631.32373046875,5093.91455078125,257.8658447265625,-655.5269775390625,5180.26708984375,158.180419921875,-627.014404296875,5095.86962890625,120.0151596069336,-655.633544921875,5194.34814453125
221.2682342529297,-92.99370574951172,5195.876953125,214.02410888671875,-242.20745849609375,5202.10791015625,208.55520629882812,-359.85028076171875,5222.56494140625,193.6949920654297,-540.8540649414062,5211.443359375,224.0494384765625,-513.7069702148438,5216.83837890625,339.5251159667969,-485.6013793945313,5201.70458984375,372.1470947265625,-286.74267578125,5315.84912109375,324.09619140625,-270.9377746582031,5128.16357421875,260.126708984375,-273.2531433105469,5079.01708984375,177.3293914794922,-250.52345275878903,5050.2265625,250.87750244140625,-271.3527526855469,5051.1171875,168.1663818359375,-508.2869567871094,5211.47998046875,70.04105377197266,-463.0504760742187,5189.73388671875,49.427005767822266,-229.11521911621097,5212.88623046875,181.97462463378903,-251.71755981445312,5069.1240234375,262.8334045410156,-280.15447998046875,5054.85400390625,220.22509765625,-203.43695068359375,5069.7646484375,289.178955078125,-255.84152221679688,5125.16845703125,297.5849609375,-96.74849700927734,5194.6865234375,285.4325866699219,237.2058258056641,5224.64306640625,266.5082702636719,552.862060546875,5277.73681640625,279.10418701171875,689.8507690429688,5202.06298828125,152.4501190185547,-89.60784912109375,5196.9501953125,194.32809448242188,239.49327087402344,5244.56396484375,241.88079833984375,552.360107421875,5314.15869140625,236.4501953125,672.360107421875,5233.9248046875,189.30795288085935,-607.4404907226562,5196.15087890625,183.75347900390625,-585.2017822265625,5063.44482421875,205.9922790527344,-623.9591064453125,5077.72119140625,257.8718566894531,-653.1148681640625,5165.73583984375,162.33697509765625,-620.1904907226562,5077.48974609375,118.98078918457033,-655.4568481445312,5172.01025390625
220.9224548339844,-93.51810455322266,5194.6513671875,213.73440551757812,-242.7303466796875,5200.4482421875,208.25146484375,-360.6892395019531,5218.88037109375,193.20181274414065,-541.3651733398438,5203.8134765625,223.5885467529297,-514.3739624023438,5209.73779296875,338.7825622558594,-485.8128356933594,5193.48876953125,372.0255432128906,-284.0616149902344,5302.1796875,321.66802978515625,-272.7131042480469,5114.8056640625,259.2070617675781,-275.7638244628906,5063.8134765625,176.63262939453125,-251.98548889160156,5035.2724609375,250.8757781982422,-273.349609375,5035.63818359375,167.7071990966797,-508.7890625,5204.6220703125,69.5121841430664,-463.1376647949219,5184.177734375,49.19320297241211,-229.7440948486328,5212.1982421875,181.0869140625,-247.01026916503903,5067.1396484375,261.73583984375,-275.4844970703125,5051.8681640625,219.37533569335935,-199.18418884277344,5069.330078125,288.0920715332031,-253.9771423339844,5123.15087890625,297.231201171875,-97.2368621826172,5193.55224609375,285.52880859375,236.5394592285156,5225.08544921875,267.2449951171875,551.8567504882812,5280.10107421875,278.941162109375,689.2144775390625,5205.001953125,152.1114959716797,-90.16473388671876,5195.64306640625,191.41427612304688,239.23019409179688,5243.07763671875,235.85220336914065,552.7053833007812,5311.76904296875,228.6164398193359,670.572021484375,5228.6064453125,188.7207946777344,-607.5855102539062,5187.0712890625,182.4578399658203,-584.6729125976562,5054.53125,206.243408203125,-622.578369140625,5068.5771484375,259.13629150390625,-650.189697265625,5156.46875,162.47698974609375,-620.6024780273438,5068.29443359375,120.46918487548828,-658.269775390625,5162.478515625
220.87432861328125,-93.71656799316406,5194.56005859375,213.71109008789065,-242.95034790039065,5200.27734375,208.23765563964844,-360.98291015625,5218.326171875,193.23098754882812,-541.6072387695312,5202.37109375,223.6134490966797,-514.6354370117188,5208.43701171875,338.777587890625,-486.0755004882813,5191.87548828125,374.58990478515625,-284.89434814453125,5300.86376953125,322.9938659667969,-270.38275146484375,5114.0224609375,260.1248779296875,-272.1714172363281,5063.45849609375,177.57672119140625,-247.27957153320312,5035.7705078125,251.5707092285156,-269.4299621582031,5035.3857421875,167.72596740722656,-509.0373840332031,5203.33154296875,69.50745391845703,-463.313232421875,5183.09521484375,49.105995178222656,-230.05914306640625,5212.4150390625,181.0359649658203,-245.7736358642578,5067.1826171875,261.7471008300781,-273.9624328613281,5051.6552734375,219.22254943847656,-197.89305114746097,5069.7666015625,288.07342529296875,-253.02789306640625,5123.11279296875,297.1927795410156,-97.42139434814452,5193.4755859375,285.2359313964844,236.3792266845703,5225.06787109375,266.6270446777344,551.7001953125,5280.16943359375,278.1689758300781,689.135009765625,5205.1494140625,152.0546112060547,-90.37576293945312,5195.53759765625,191.16900634765625,239.02284240722656,5243.3740234375,235.4221649169922,552.4303588867188,5312.6669921875,228.33428955078125,670.5423583984375,5229.8115234375,188.76914978027344,-607.7537231445312,5185.302734375,183.00100708007812,-585.218017578125,5052.65966796875,207.29998779296875,-622.71337890625,5066.943359375,260.0614318847656,-649.2955932617188,5155.244140625,163.5052947998047,-621.4376831054688,5066.3740234375,121.48898315429688,-659.5794067382812,5160.37744140625
221.89366149902344,-99.37991333007812,5189.61181640625,210.1135101318359,-248.77914428710935,5188.33984375,200.45249938964844,-367.492919921875,5201.3291015625,186.41741943359375,-545.3417358398438,5163.45556640625,216.7420654296875,-519.0440063476562,5172.63134765625,330.2908020019531,-482.2273864746094,5159.5205078125,362.6590881347656,-291.3519287109375,5287.6123046875,308.8311767578125,-256.9537658691406,5103.5458984375,256.6311340332031,-288.0980224609375,5050.17529296875,166.00772094726562,-283.79931640625,5053.0322265625,245.3729248046875,-268.1212158203125,5022.57421875,160.66018676757812,-513.2291259765625,5168.52294921875,63.760108947753906,-461.74462890625,5155.70458984375,47.24322891235352,-228.9132537841797,5193.96240234375,181.37765502929688,-237.42941284179688,5049.51904296875,261.13623046875,-267.4490661621094,5031.5439453125,218.28607177734375,-197.88999938964844,5067.40185546875,282.6788330078125,-251.77230834960935,5120.7333984375,298.2347717285156,-105.4133758544922,5191.25,281.01092529296875,229.5030975341797,5216.3681640625,255.5361328125,546.5296630859375,5262.64453125,267.9909362792969,687.666748046875,5194.15087890625,153.05355834960938,-93.93927764892578,5188.134765625,189.96014404296875,234.8498992919922,5246.34912109375,230.50636291503903,547.1712646484375,5325.67431640625,226.90184020996097,660.6856079101562,5235.86376953125,182.24740600585935,-609.093017578125,5138.41259765625,176.29782104492188,-592.38671875,5004.5966796875,203.8804626464844,-626.9002685546875,5020.68359375,257.7495422363281,-644.9163208007812,5110.76416015625,160.0704345703125,-629.8147583007812,5019.58740234375,120.38157653808594,-668.1438598632812,5114.82177734375
222.40969848632812,-105.51734924316406,5184.5166015625,208.86813354492188,-255.31724548339844,5176.0263671875,197.11935424804688,-374.4454040527344,5189.27880859375,173.91038513183594,-553.9442138671875,5160.1064453125,205.73162841796875,-528.6373901367188,5167.85595703125,321.7436828613281,-498.8711853027344,5152.80029296875,361.7327270507813,-290.8716735839844,5250.72509765625,316.0896301269531,-258.63446044921875,5063.01318359375,304.6621398925781,-323.6738586425781,5015.56884765625,260.0256652832031,-356.3064270019531,5088.150390625,253.71253967285156,-312.2765808105469,5007.59765625,149.68356323242188,-520.2083740234375,5163.74951171875,55.495872497558594,-463.3768310546875,5148.5478515625,51.1761360168457,-233.14767456054688,5207.77587890625,177.90328979492188,-233.5518341064453,5055.21240234375,255.2765350341797,-265.77508544921875,5029.912109375,218.02919006347656,-195.54258728027344,5071.4296875,282.6148986816406,-251.7198944091797,5122.3974609375,298.9828186035156,-112.65196228027344,5188.26708984375,281.0804138183594,222.781494140625,5226.26171875,253.84619140625,538.3975830078125,5289.67822265625,266.67431640625,680.04443359375,5220.4189453125,153.36033630371094,-99.08375549316406,5181.13427734375,194.452392578125,231.28208923339844,5237.7353515625,240.30267333984375,544.2933959960938,5318.3955078125,224.2306976318359,655.6900024414062,5226.11181640625,166.3649444580078,-618.8920288085938,5138.13232421875,150.5189208984375,-605.0432739257812,5004.08447265625,182.2100067138672,-636.842041015625,5018.86376953125,243.31222534179688,-648.476318359375,5105.98828125,138.63125610351562,-643.7019653320312,5020.60302734375,108.4140853881836,-683.9588623046875,5119.126953125
222.2696075439453,-108.18536376953124,5176.94580078125,210.0286865234375,-256.1161193847656,5168.3291015625,199.3672637939453,-373.9904174804687,5179.349609375,177.7838592529297,-551.0612182617188,5149.03369140625,209.04783630371097,-525.8583984375,5156.5234375,320.9263610839844,-499.29144287109375,5125.35498046875,398.7884521484375,-282.6773986816406,5132.95166015625,328.30841064453125,-253.1277008056641,4955.4013671875,286.52960205078125,-313.94915771484375,4923.84716796875,253.5256805419922,-319.78192138671875,5007.4326171875,232.22425842285156,-288.2293701171875,4968.04443359375,153.6038055419922,-518.038330078125,5153.28955078125,58.25458526611328,-465.4572448730469,5140.77685546875,47.65569305419922,-238.3452606201172,5198.876953125,168.35008239746094,-225.9772796630859,5045.2646484375,244.3607940673828,-254.8352508544922,5016.0048828125,215.5481719970703,-191.0597381591797,5070.20703125,268.5359191894531,-249.56256103515625,5116.12744140625,297.887939453125,-114.66609954833984,5180.78271484375,264.3610534667969,214.87570190429688,5220.75390625,216.2477874755859,520.9434204101562,5296.12548828125,237.81838989257812,666.8975830078125,5245.0458984375,154.0812225341797,-102.3414077758789,5173.48583984375,198.0392608642578,224.16468811035156,5223.8994140625,253.08639526367188,530.4451293945312,5307.47998046875,240.52540588378903,658.9923095703125,5244.607421875,170.66502380371094,-615.0072021484375,5126.78466796875,175.96278381347656,-607.8733520507812,4993.15869140625,201.7311248779297,-640.8702392578125,5013.73193359375,247.4291534423828,-652.3189697265625,5108.30126953125,158.4962158203125,-643.878173828125,5009.21533203125,111.17494201660156,-675.167236328125,5102.517578125
217.9485321044922,-103.05803680419922,5174.69677734375,204.1621551513672,-250.074951171875,5167.07763671875,192.49398803710935,-367.25579833984375,5177.3271484375,174.36109924316406,-543.3145141601562,5144.92529296875,205.0482635498047,-517.6265258789062,5151.89697265625,318.14300537109375,-488.36285400390625,5132.15673828125,384.42181396484375,-271.36480712890625,5100.98291015625,329.50787353515625,-227.1913146972656,4922.1455078125,288.8551330566406,-283.6973571777344,4883.11572265625,250.03970336914065,-293.2864685058594,4963.24755859375,243.0211639404297,-284.60992431640625,4962.31640625,149.67413330078125,-511.1376647949219,5150.37451171875,53.34550857543945,-462.77984619140625,5134.1962890625,47.6053581237793,-234.6343994140625,5182.90966796875,145.15028381347656,-141.20480346679688,5042.7412109375,214.5293884277344,-181.04432678222656,5011.38916015625,214.54544067382812,-193.0516815185547,5098.5908203125,219.02333068847656,-219.58314514160156,5088.51025390625,293.10797119140625,-110.26824951171876,5177.826171875,276.6289367675781,219.58189392089844,5209.6171875,250.87681579589844,527.4951782226562,5280.82373046875,251.018798828125,673.5087890625,5228.03759765625,150.17393493652344,-96.5562744140625,5171.875,193.9344940185547,227.3245086669922,5226.9453125,242.33367919921875,534.6489868164062,5303.625,227.98529052734375,656.8765869140625,5231.095703125,168.16094970703125,-606.70263671875,5121.97265625,194.98731994628903,-607.5596923828125,4991.52978515625,217.9831695556641,-637.8880615234375,5018.04931640625,247.68475341796875,-641.4522705078125,5118.765625,176.43968200683594,-643.0487060546875,5006.86328125,115.82471466064452,-670.4559326171875,5092.6875
210.00352478027344,-99.3781967163086,5155.169921875,197.52993774414065,-246.6893615722656,5145.4716796875,186.77098083496097,-364.2277221679687,5155.3642578125,170.80628967285156,-541.9213256835938,5129.3642578125,201.25015258789065,-515.5259399414062,5135.13330078125,315.67193603515625,-488.4844665527344,5118.71875,383.3861999511719,-269.3813171386719,5110.18115234375,340.5154724121094,-198.42694091796875,4936.32421875,303.7290344238281,-248.6274871826172,4886.1123046875,251.04025268554688,-280.5646057128906,4951.349609375,258.231689453125,-276.5458679199219,4957.6904296875,145.66632080078125,-509.8506774902344,5133.91357421875,48.73823547363281,-460.3305358886719,5124.96923828125,47.14914321899414,-229.01284790039065,5159.107421875,123.79497528076172,-109.32361602783205,5025.52587890625,198.82875061035156,-134.9742889404297,4991.9794921875,218.46595764160156,-158.62986755371094,5074.64990234375,195.06463623046875,-195.74188232421875,5072.3466796875,285.357421875,-105.98570251464844,5158.61669921875,270.3425598144531,223.1642608642578,5202.9111328125,247.44236755371097,527.8585205078125,5290.01123046875,255.12417602539065,672.5795288085938,5233.439453125,142.05360412597656,-93.41991424560548,5152.06201171875,141.44483947753906,234.71456909179688,5203.2158203125,157.98263549804688,534.4140014648438,5317.19482421875,158.5143585205078,665.947509765625,5260.74267578125,165.28392028808594,-606.2969360351562,5108.6982421875,189.6572723388672,-599.201416015625,4977.69140625,211.83885192871097,-632.3146362304688,5001.609375,243.2934112548828,-644.1544189453125,5101.37744140625,169.8233642578125,-634.9246826171875,4990.97607421875,109.5577163696289,-665.7030029296875,5076.17822265625
205.17222595214844,-93.59265899658205,5140.8505859375,190.96434020996097,-241.7998504638672,5131.41943359375,177.96267700195312,-359.965087890625,5141.02978515625,161.3025360107422,-539.8314208984375,5122.876953125,192.05789184570312,-513.0999145507812,5127.2880859375,306.0754089355469,-485.9214172363281,5103.818359375,362.6333923339844,-272.85986328125,5173.1318359375,306.88922119140625,-206.47283935546875,4999.634765625,308.2301330566406,-219.0991668701172,4920.12060546875,257.8064270019531,-286.06915283203125,4953.83642578125,243.54931640625,-285.4958801269531,4956.1923828125,136.09326171875,-507.3038940429687,5126.212890625,39.82134246826172,-456.2920227050781,5111.27783203125,46.66413116455078,-224.52517700195312,5152.2080078125,102.65234375,-138.60305786132812,4984.7060546875,187.51242065429688,-142.16493225097656,4967.30517578125,211.6586456298828,-126.71895599365234,5051.36669921875,185.03773498535156,-190.4588928222656,5062.90869140625,280.6695861816406,-101.29963684082033,5148.2275390625,269.42218017578125,228.0544891357422,5207.109375,247.786865234375,537.124755859375,5286.88427734375,269.82098388671875,674.7944946289062,5215.45263671875,137.09291076660156,-86.64293670654297,5134.19873046875,164.31785583496094,235.51608276367188,5219.6328125,199.17025756835935,538.7647094726562,5326.15478515625,207.4469757080078,663.4495239257812,5254.32861328125,155.44712829589844,-605.4937133789062,5104.98583984375,194.38873291015625,-609.0703125,4976.431640625,216.72715759277344,-637.3590698242188,5006.2880859375,237.4737243652344,-635.8560791015625,5110.23583984375,176.36773681640625,-645.39208984375,4991.52197265625,109.21564483642578,-673.749755859375,5073.31494140625
201.11965942382812,-98.49177551269533,5138.7451171875,185.85545349121097,-245.7102203369141,5130.94580078125,172.308349609375,-363.0921936035156,5139.755859375,160.0584716796875,-541.4058227539062,5115.5673828125,189.81996154785156,-514.5020141601562,5122.5341796875,303.20062255859375,-482.8071594238281,5106.90966796875,354.8219909667969,-284.41107177734375,5210.2490234375,309.0509338378906,-185.94290161132812,5051.0751953125,307.36676025390625,-192.1211853027344,4971.3349609375,290.116455078125,-228.58648681640625,5051.52783203125,238.6397399902344,-247.55416870117188,5008.93359375,134.285888671875,-509.6140441894531,5118.3232421875,39.88180923461914,-460.4064636230469,5093.76806640625,24.71198844909668,-241.4608917236328,5174.70361328125,97.20025634765624,-115.76194763183594,5044.2490234375,183.1619415283203,-110.50839233398438,5042.810546875,229.2657012939453,-107.82341003417967,5117.9951171875,179.61978149414062,-173.57220458984375,5018.0966796875,276.1177673339844,-106.63176727294922,5145.6142578125,277.8956298828125,222.44696044921875,5193.740234375,271.53839111328125,533.1434936523438,5260.4814453125,286.48358154296875,666.9617919921875,5182.43359375,133.49057006835938,-91.15158081054688,5132.55126953125,162.1605224609375,230.6279754638672,5210.07568359375,197.86770629882812,534.1828002929688,5308.7841796875,200.77520751953125,656.224609375,5233.9423828125,156.4723358154297,-606.16015625,5095.583984375,197.14552307128903,-597.3684692382812,4968.74072265625,212.23727416992188,-633.8123168945312,4993.36376953125,229.82565307617188,-653.0358276367188,5095.40771484375,171.78192138671875,-630.85693359375,4977.83154296875,98.45491027832033,-657.07861328125,5053.8798828125
189.8069610595703,-93.8268051147461,5119.18408203125,181.6735382080078,-239.98150634765625,5108.22412109375,172.82089233398438,-356.7848205566406,5115.3017578125,169.2613525390625,-531.1121826171875,5076.484375,197.3732452392578,-503.822021484375,5086.044921875,307.4127502441406,-463.7926025390625,5074.93603515625,343.95794677734375,-239.8678436279297,5089.7734375,312.69390869140625,-147.7559356689453,4925.59033203125,266.7518005371094,-185.20574951171875,4873.01611328125,265.0809326171875,-176.87037658691406,4961.5146484375,258.3296813964844,-217.7153778076172,4989.1015625,142.25794982910156,-501.16790771484375,5081.43896484375,48.05719757080078,-452.7980041503906,5059.18994140625,27.862220764160156,-246.5586700439453,5162.77587890625,99.55233764648438,-94.1323013305664,5068.0517578125,177.7919158935547,-104.9186553955078,5035.8095703125,219.80604553222656,-146.92294311523438,5099.8974609375,154.80709838867188,-143.059814453125,4996.74609375,263.8548278808594,-98.77243041992188,5130.18408203125,250.0067901611328,226.6260681152344,5179.41015625,227.38983154296875,533.510986328125,5245.79833984375,257.1452941894531,658.821044921875,5161.11376953125,123.03475189208984,-89.36711883544922,5109.2646484375,111.16448211669922,233.8568878173828,5169.6884765625,114.17999267578124,521.6422729492188,5305.201171875,119.4916534423828,650.0577392578125,5245.25537109375,168.95098876953125,-593.4459838867188,5051.34912109375,174.98228454589844,-604.4784545898438,4919.73486328125,201.54408264160156,-632.8671875,4944.4228515625,246.3056182861328,-629.3102416992188,5038.5693359375,159.05274963378906,-638.1716918945312,4940.3056640625,112.85716247558594,-657.9359741210938,5035.68310546875
197.80349731445312,-95.55480194091795,5120.1015625,185.05821228027344,-241.10372924804688,5108.001953125,174.07862854003906,-357.5752868652344,5115.12158203125,166.43878173828125,-533.4241943359375,5086.0,195.18028259277344,-506.30657958984375,5093.8037109375,305.26129150390625,-468.3287048339844,5078.3271484375,368.35595703125,-252.3453826904297,5108.958984375,281.0655822753906,-98.35405731201172,5038.2939453125,207.4158172607422,-109.88465118408205,5011.7568359375,263.05645751953125,-134.14686584472656,5076.5634765625,265.9189453125,-210.87551879882812,5029.28857421875,140.16226196289062,-502.7097473144531,5089.52294921875,47.0029182434082,-455.0527038574219,5062.51953125,19.689472198486328,-229.23939514160156,5104.94677734375,102.32244110107422,-58.655784606933594,5068.544921875,182.73309326171875,-62.427696228027344,5040.634765625,214.3789825439453,-124.65865325927734,5093.0126953125,154.53439331054688,-140.97366333007812,5001.056640625,272.34185791015625,-102.3697509765625,5123.564453125,267.81060791015625,225.7958984375,5146.21826171875,257.25897216796875,536.5653076171875,5192.685546875,280.9163818359375,666.9522705078125,5114.33203125,130.58900451660156,-89.40946197509766,5116.97900390625,167.5013885498047,228.6076202392578,5191.115234375,212.4966735839844,523.1536865234375,5301.37353515625,211.3759307861328,650.7225952148438,5239.837890625,164.561279296875,-596.9378662109375,5064.35546875,185.74099731445312,-609.6220092773438,4934.63671875,208.254150390625,-638.4920043945312,4962.47998046875,241.6117401123047,-635.2442626953125,5061.1171875,166.45420837402344,-642.5361328125,4953.40478515625,108.76932525634766,-659.7769775390625,5042.666015625
178.1974639892578,-87.20987701416016,5101.37548828125,175.7950439453125,-235.46066284179688,5092.62353515625,170.2663116455078,-353.6896667480469,5102.15283203125,166.1415557861328,-529.359130859375,5059.8125,194.4422149658203,-502.34710693359375,5071.41455078125,306.9489440917969,-464.36474609375,5063.44482421875,349.5237731933594,-238.7855682373047,5078.6328125,307.861328125,-86.2186279296875,4967.84912109375,230.8062286376953,-64.17642211914062,4966.0107421875,260.9349670410156,-88.9934310913086,5047.0595703125,268.7016296386719,-177.26409912109375,5014.962890625,139.0404510498047,-498.7235107421875,5063.89794921875,47.36445236206055,-443.2161560058594,5041.498046875,43.257022857666016,-212.74545288085935,5084.1279296875,158.10231018066406,-60.929447174072266,5039.4306640625,244.30715942382812,-57.42195510864258,5042.09521484375,332.1923522949219,-47.724761962890625,5043.01611328125,212.5253143310547,-132.5199432373047,4981.86669921875,252.32427978515625,-89.3687744140625,5117.59765625,250.00894165039065,243.90231323242188,5114.7275390625,238.93931579589844,561.5142211914062,5136.11865234375,273.37823486328125,687.6224975585938,5051.05419921875,111.35403442382812,-85.26310729980469,5086.74755859375,97.87030792236328,247.3085174560547,5094.39990234375,94.57982635498048,540.0634765625,5228.1416015625,108.72453308105467,674.0062255859375,5178.63916015625,166.2355499267578,-592.0073852539062,5033.3525390625,182.51307678222656,-607.5009155273438,4901.47509765625,204.39369201660156,-637.8184814453125,4929.287109375,241.60540771484375,-635.612060546875,5028.02587890625,161.59344482421875,-639.3757934570312,4921.51611328125,105.2019271850586,-652.2642822265625,5013.99365234375
196.7865753173828,-80.5824203491211,5109.8388671875,189.0601501464844,-225.489013671875,5084.751953125,182.17108154296875,-342.97967529296875,5081.73095703125,178.4379425048828,-512.4447631835938,5023.56103515625,206.7904510498047,-485.93365478515625,5034.97412109375,317.8330078125,-446.4759826660156,5028.91943359375,379.3235778808594,-233.03509521484375,5080.82861328125,306.9730529785156,-65.28021240234375,5023.578125,227.7325439453125,-59.2363166809082,5025.08935546875,291.3132629394531,-95.93499755859376,5075.7470703125,270.1823425292969,-170.41847229003906,5014.765625,151.32769775390625,-483.517333984375,5033.01171875,51.82164764404297,-440.6455993652344,5026.31640625,33.5718994140625,-212.26104736328125,5065.40087890625,144.96913146972656,-61.039058685302734,5017.33544921875,229.927001953125,-58.35347366333008,5027.306640625,316.4544677734375,-51.64527130126953,5039.7265625,216.6543731689453,-128.60211181640625,4978.60693359375,271.87091064453125,-85.05461120605469,5112.5458984375,257.14532470703125,245.0084991455078,5105.97998046875,241.2262725830078,560.0150146484375,5121.9892578125,261.0791015625,676.6824951171875,5022.45068359375,129.07972717285156,-76.54964447021484,5107.3974609375,178.61756896972656,246.08615112304688,5156.5791015625,225.2474365234375,543.62890625,5262.1357421875,230.5602569580078,675.5230712890625,5209.0498046875,177.57861328125,-571.7630004882812,4991.5107421875,180.67352294921875,-595.9573364257812,4861.13232421875,197.88571166992188,-628.5306396484375,4889.01318359375,241.56141662597656,-629.4929809570312,4984.1015625,155.54864501953125,-621.75146484375,4884.09423828125,105.09862518310548,-618.7440185546875,4979.71044921875
175.40196228027344,-76.59442901611328,5081.63427734375,170.9284210205078,-223.5583953857422,5063.44287109375,164.59010314941406,-341.8232727050781,5064.6943359375,165.52671813964844,-511.9492492675781,5005.02099609375,193.0569610595703,-485.3271484375,5018.80908203125,303.6899108886719,-442.3972473144531,5015.671875,369.5323181152344,-229.6844787597656,5071.171875,305.43328857421875,-56.02361297607422,5017.96923828125,226.03842163085935,-48.17143249511719,5012.57470703125,283.07952880859375,-90.12578582763672,5067.69140625,270.58160400390625,-163.04212951660156,5015.28466796875,137.57025146484375,-482.9280395507813,5012.5966796875,40.13053512573242,-434.0562744140625,5005.97216796875,38.47433853149414,-203.2742462158203,5043.529296875,166.22195434570312,-64.26162719726562,4994.55517578125,248.90921020507812,-48.50203704833984,5012.65283203125,333.7544250488281,-25.07192039489746,5007.03515625,231.38816833496097,-146.9769744873047,4978.24951171875,249.92518615722656,-80.45250701904297,5094.47607421875,244.05796813964844,251.34548950195312,5074.5166015625,232.2019805908203,568.831298828125,5077.2783203125,258.558349609375,689.2122802734375,4982.32373046875,108.20108795166016,-73.11542510986328,5070.0537109375,106.63825225830078,258.49603271484375,5052.267578125,99.62601470947266,547.2762451171875,5192.400390625,113.8748550415039,682.81005859375,5148.640625,167.2010498046875,-571.4259643554688,4972.44287109375,190.0332489013672,-602.4478149414062,4844.6826171875,216.12538146972656,-623.8185424804688,4876.66650390625,249.1631622314453,-600.6160278320312,4973.892578125,174.6875,-634.319580078125,4869.06787109375,118.8906478881836,-643.8723754882812,4961.9853515625
198.7630920410156,-74.62840270996094,5083.154296875,182.9367523193359,-219.7566070556641,5056.916015625,169.9927520751953,-337.2519226074219,5047.498046875,160.3773193359375,-508.0813903808594,4990.0,189.91094970703125,-481.95611572265625,5000.291015625,300.9693603515625,-439.9528198242187,4995.0517578125,334.44927978515625,-215.8130645751953,5032.8251953125,283.0538635253906,-35.137264251708984,4989.24169921875,205.47628784179688,-17.648412704467773,4998.47412109375,261.7021789550781,-67.71128845214844,5047.49560546875,254.6317596435547,-138.13941955566406,5008.94287109375,134.07879638671875,-478.3138732910156,5000.3642578125,33.9091796875,-434.5323486328125,4998.32177734375,2.9025673866271973,-203.0628662109375,5014.53955078125,73.06730651855469,-34.938873291015625,4944.23046875,158.53038024902344,-32.464744567871094,4933.25341796875,239.40492248535156,-48.563777923583984,4964.83984375,162.85646057128906,-114.10914611816406,4971.62060546875,274.1045227050781,-82.99542236328125,5083.9892578125,252.9327850341797,246.25375366210935,5040.0576171875,232.9003448486328,563.0927124023438,5020.17822265625,254.44015502929688,664.990478515625,4904.3662109375,130.8243865966797,-67.08350372314453,5082.4013671875,194.7978973388672,255.38101196289065,5032.71240234375,258.21734619140625,569.915283203125,5013.48681640625,227.5335235595703,655.524658203125,4902.73876953125,157.026123046875,-567.9404907226562,4958.091796875,195.70794677734375,-592.0299682617188,4832.505859375,219.80316162109375,-612.78857421875,4866.47705078125,240.4347991943359,-591.2432861328125,4967.56591796875,180.2823181152344,-625.928955078125,4854.02783203125,115.68328857421876,-643.2639770507812,4940.0078125
233.1897735595703,-65.37788391113281,5061.0849609375,216.6486358642578,-210.78005981445312,5037.5322265625,203.4115447998047,-326.5486145019531,5015.9912109375,179.625244140625,-499.7352294921875,4971.53955078125,211.16845703125,-475.5763549804687,4980.46728515625,325.5903015136719,-443.7929382324219,4982.2734375,342.5431823730469,-216.50247192382812,5009.908203125,314.4749755859375,-27.47873878479004,4985.1171875,238.836669921875,-2.176417112350464,4991.36181640625,263.5901794433594,-64.7188720703125,5050.81787109375,257.4090270996094,-123.28948974609376,5006.48291015625,155.923828125,-467.0940551757813,4978.99365234375,66.1658706665039,-404.87933349609375,4975.68505859375,128.1309356689453,-179.90335083007812,4992.16259765625,231.9329071044922,-18.47335624694824,4956.89306640625,315.4003601074219,-14.726218223571776,4977.85107421875,400.2351379394531,-5.732694625854492,5000.40673828125,328.4167785644531,-15.485767364501951,4966.0517578125,308.4709777832031,-73.64852905273438,5059.2734375,270.0507507324219,250.09877014160156,4993.4033203125,241.60299682617188,566.00830078125,4972.59912109375,258.5169677734375,658.3580322265625,4848.45849609375,165.30540466308594,-57.91987991333008,5062.71826171875,220.4237823486328,264.6632995605469,5005.3486328125,275.53692626953125,579.5040283203125,4973.4775390625,248.36341857910156,655.1563720703125,4854.9658203125,171.49563598632812,-561.3397216796875,4944.2490234375,206.14849853515625,-591.2533569335938,4818.83935546875,226.5269775390625,-615.5699462890625,4852.83837890625,250.0475921630859,-597.6053466796875,4953.91943359375,185.47914123535156,-622.2421264648438,4840.29052734375,118.76748657226562,-629.067626953125,4926.0361328125
190.2532958984375,-60.89165496826172,5027.24853515625,185.2816162109375,-208.8753204345703,5022.3427734375,183.41696166992188,-326.90264892578125,5012.67333984375,178.7809600830078,-500.5533142089844,4964.43994140625,206.88790893554688,-474.3746032714844,4977.90576171875,315.8857421875,-431.2661437988281,4959.12548828125,346.1781311035156,-208.6175537109375,5005.69580078125,306.02081298828125,-27.804851531982425,4952.88427734375,239.62643432617188,6.228268146514893,4981.64892578125,269.0229797363281,-46.71525573730469,5047.861328125,258.9909362792969,-116.05818939208984,5003.51220703125,151.977783203125,-469.8043518066406,4968.58251953125,61.267799377441406,-412.864501953125,4947.2373046875,65.80717468261719,-182.4513702392578,4986.7255859375,179.9214324951172,-30.36281394958496,4943.2861328125,262.6929016113281,-11.501632690429688,4957.6298828125,344.01324462890625,-3.5925488471984863,4990.84423828125,284.9732666015625,-31.23766708374023,4960.8486328125,261.3179016113281,-64.1387710571289,5053.1796875,249.14756774902344,260.5981140136719,4983.08349609375,230.7239990234375,574.3802490234375,4936.8193359375,268.9111633300781,655.8411254882812,4809.90673828125,126.17123413085938,-57.963592529296875,5003.86474609375,145.75411987304688,253.05807495117188,4889.1484375,132.14227294921875,567.4628295898438,4952.6953125,159.8944549560547,668.0501708984375,4854.72607421875,179.09353637695312,-562.1246337890625,4935.97607421875,210.60365295410156,-578.6832885742188,4807.375,230.62481689453125,-607.3870849609375,4837.96240234375,256.39031982421875,-601.8915405273438,4939.88427734375,189.18695068359375,-611.1793823242188,4825.57177734375,123.69436645507812,-625.4635620117188,4911.27001953125
207.709716796875,-66.08175659179688,5004.60400390625,198.4166717529297,-207.1631317138672,4978.529296875,190.96829223632812,-321.58612060546875,4970.6123046875,183.08937072753903,-489.6095275878906,4922.48388671875,211.43455505371097,-463.86187744140625,4932.17041015625,317.8663024902344,-419.7770690917969,4932.2568359375,345.37957763671875,-204.7957305908203,4983.4345703125,308.6011962890625,-29.814184188842773,4928.99072265625,245.5376892089844,9.865198135375977,4950.67431640625,271.1134033203125,-24.012678146362305,5026.705078125,262.49560546875,-102.95344543457033,4994.74365234375,157.35089111328125,-460.2982482910156,4930.3310546875,65.47782897949219,-408.1885986328125,4921.6318359375,53.2308235168457,-190.20004272460935,4983.4248046875,138.1395721435547,-27.71373176574707,4936.37060546875,211.22967529296875,11.080038070678713,4947.94384765625,279.4934997558594,38.21762466430664,4991.86962890625,234.82247924804688,-33.37737274169922,4906.5830078125,281.03558349609375,-70.8208999633789,5004.1123046875,250.1783905029297,249.46490478515625,5027.490234375,221.7093963623047,552.7808837890625,5074.9404296875,258.4571838378906,660.727783203125,4976.0,141.58856201171875,-61.80826568603515,5005.04736328125,209.06919860839844,253.29627990722656,5001.408203125,276.45721435546875,556.6652221679688,5023.75244140625,250.1441192626953,648.2393188476562,4922.681640625,180.7125701904297,-549.0237426757812,4894.23974609375,216.4498291015625,-566.7091674804688,4771.0380859375,234.30726623535156,-594.4345703125,4801.81103515625,255.10108947753903,-588.29443359375,4901.64501953125,194.6110076904297,-597.8544311523438,4788.1083984375,127.41021728515624,-610.220947265625,4868.60302734375
200.05433654785156,-65.7233657836914,4974.96728515625,192.91229248046875,-208.90045166015625,4950.5791015625,187.10678100585935,-324.9153747558594,4945.9560546875,185.4918975830078,-497.4120788574219,4906.50439453125,213.08999633789065,-470.0267639160156,4915.6962890625,319.73748779296875,-423.1298828125,4917.5205078125,341.86785888671875,-204.37741088867188,4966.4189453125,299.0206298828125,-34.82560729980469,4894.62109375,246.7000732421875,7.214848041534424,4935.30615234375,276.5336608886719,-9.97335433959961,5016.36962890625,264.1688537597656,-94.57064819335938,4985.89501953125,158.39248657226562,-468.1751708984375,4912.02099609375,62.39046859741211,-422.23883056640625,4899.2353515625,27.67237663269043,-203.84161376953125,4960.62353515625,91.9115219116211,-27.277305603027344,4923.9150390625,150.4019775390625,33.372108459472656,4930.40283203125,202.83123779296875,69.74011993408203,4988.90771484375,187.35726928710935,-7.8967604637146,4891.244140625,274.28167724609375,-69.4413833618164,4975.0576171875,251.2086639404297,254.9205780029297,5002.109375,227.78201293945312,561.5018310546875,5054.142578125,254.6060333251953,673.605224609375,4953.9951171875,133.12026977539062,-62.37066650390625,4974.8857421875,135.45323181152344,262.4459533691406,5001.98779296875,154.34521484375,557.5089111328125,5111.01123046875,140.51913452148438,674.0243530273438,5033.74462890625,185.6887969970703,-559.0114135742188,4881.23486328125,218.24620056152344,-567.1781616210938,4754.63427734375,234.4560546875,-599.5394287109375,4782.4072265625,257.5445251464844,-605.145751953125,4882.96728515625,193.9401397705078,-598.387451171875,4769.24658203125,126.49421691894533,-613.5159912109375,4850.65234375
195.4138031005859,-57.16667938232422,4931.689453125,191.80859375,-201.8903961181641,4917.17626953125,188.36965942382812,-317.9378356933594,4910.07080078125,186.49920654296875,-492.3642272949219,4879.734375,214.0453643798828,-464.70953369140625,4888.35205078125,320.19256591796875,-417.8984375,4876.83349609375,350.8515930175781,-204.3816680908203,4942.0986328125,306.50018310546875,-36.4724235534668,4867.1513671875,244.74713134765625,8.741554260253906,4884.73291015625,314.06884765625,-45.51578521728515,4888.72705078125,268.3365478515625,-80.251220703125,4962.14013671875,159.48001098632812,-462.6697692871094,4882.8291015625,65.05664825439453,-416.65283203125,4861.1669921875,27.117889404296875,-204.96539306640625,4941.65234375,72.77177429199219,-19.882068634033203,4960.3369140625,104.56888580322266,44.64333724975586,4915.8984375,185.2025604248047,46.245574951171875,4947.4921875,159.18057250976562,-6.501227378845215,4879.248046875,269.1871337890625,-59.89914321899414,4940.611328125,249.25747680664065,261.44134521484375,4994.78125,222.28466796875,563.3563232421875,5068.77099609375,247.8963165283203,687.8961181640625,4984.0625,128.88914489746094,-54.70269775390625,4923.64404296875,104.31195831298828,268.81024169921875,4956.76953125,97.99906158447266,554.6669921875,5089.65966796875,91.03064727783205,679.7088623046875,5025.82763671875,186.95899963378903,-555.2515869140625,4857.759765625,216.23146057128903,-572.5390625,4731.20068359375,230.24717712402344,-604.7175903320312,4760.38525390625,254.7860412597656,-607.1451416015625,4860.787109375,189.6930694580078,-600.829345703125,4747.80322265625,122.80844116210938,-606.0930786132812,4830.96484375
191.9212951660156,-59.48652267456055,4893.1611328125,193.48085021972656,-202.31874084472656,4880.02001953125,193.6301116943359,-316.96575927734375,4877.42529296875,195.1670837402344,-489.6179504394531,4851.73583984375,221.81427001953125,-461.5898132324219,4859.31689453125,325.96478271484375,-413.5818481445313,4851.65283203125,346.2807922363281,-202.6954345703125,4918.5986328125,297.5873107910156,-44.188602447509766,4833.27001953125,251.85372924804688,3.41070818901062,4873.7294921875,319.2552490234375,-49.640037536621094,4887.53759765625,270.4454650878906,-73.20529174804688,4942.1201171875,167.94248962402344,-460.8399963378906,4854.31494140625,73.68797302246094,-415.34619140625,4839.24560546875,31.56385612487793,-205.706787109375,4913.6103515625,71.78099060058594,-21.62064552307129,4926.15478515625,125.0469970703125,36.103004455566406,4898.2255859375,186.89520263671875,50.428489685058594,4955.3408203125,166.34291076660156,-3.272216796875,4873.70703125,264.5399169921875,-59.61981201171875,4903.228515625,244.1687774658203,255.01942443847656,4968.00048828125,216.04258728027344,549.8963623046875,5050.98681640625,252.5594787597656,677.7273559570312,4980.17578125,126.43787384033205,-59.3663330078125,4884.083984375,95.12803649902344,258.8223571777344,4918.15771484375,81.4867935180664,538.0877075195312,5054.01171875,77.57269287109375,662.934326171875,4993.9814453125,196.7454833984375,-552.109619140625,4831.5859375,220.29318237304688,-564.970703125,4705.203125,228.82955932617188,-600.56201171875,4731.388671875,253.75131225585935,-614.1040649414062,4829.29150390625,189.93544006347656,-589.0300903320312,4720.36865234375,125.35700225830078,-588.59130859375,4803.59765625
219.8226318359375,-71.28258514404297,4881.31982421875,210.8048553466797,-213.43478393554688,4862.6201171875,203.6677093505859,-327.21722412109375,4848.7275390625,197.46336364746097,-500.15484619140625,4823.8857421875,225.5751495361328,-472.9781188964844,4829.2666015625,333.3241271972656,-432.47412109375,4829.8017578125,374.2322998046875,-222.8874969482422,4892.3837890625,316.5052795410156,-73.94371795654297,4795.61181640625,303.03411865234375,-1.0516345500946045,4818.36328125,336.0356750488281,-81.54969787597656,4817.0458984375,387.9117126464844,-18.309640884399418,4824.22998046875,171.4522247314453,-470.42437744140625,4828.388671875,76.24989318847656,-427.2220458984375,4811.52197265625,19.48026657104492,-219.4039306640625,4882.20947265625,34.59770202636719,-31.126291275024418,4891.857421875,38.14006042480469,38.31639099121094,4938.06884765625,76.71755981445312,101.24055480957033,4894.861328125,97.9137725830078,31.46053123474121,4866.8408203125,292.9353332519531,-75.19711303710938,4875.81982421875,263.3695068359375,245.26210021972656,4857.0390625,236.75799560546875,552.1641235351562,4861.3720703125,234.1212615966797,654.9315795898438,4750.96875,153.8936767578125,-67.752685546875,4886.27978515625,220.40223693847656,247.2354431152344,4893.79345703125,285.9984130859375,550.1595458984375,4923.07373046875,270.623046875,647.8135375976562,4825.65283203125,195.4062042236328,-562.814697265625,4803.97998046875,247.5504608154297,-556.533203125,4685.72412109375,263.506103515625,-588.1868896484375,4713.56103515625,271.0601806640625,-598.5687866210938,4814.83251953125,226.2613525390625,-591.330810546875,4694.18408203125,150.72500610351562,-621.3529663085938,4761.44482421875
247.1281280517578,-58.078948974609375,4846.4501953125,230.1145782470703,-198.14871215820312,4824.87158203125,217.0813446044922,-311.12359619140625,4815.4541015625,207.36282348632812,-481.8245849609375,4784.80517578125,235.8511657714844,-455.5956115722656,4790.9990234375,344.6629333496094,-420.40966796875,4789.15966796875,374.8940734863281,-208.34356689453125,4843.91455078125,366.676513671875,-25.567337036132812,4812.91259765625,306.7852783203125,13.330914497375488,4841.81787109375,367.024169921875,-48.420143127441406,4836.14794921875,359.39581298828125,-10.461668014526367,4905.6591796875,182.13558959960935,-451.94293212890625,4790.39453125,85.20289611816406,-412.3456726074219,4780.037109375,67.2464828491211,-197.46987915039065,4845.28369140625,55.0641975402832,-17.088472366333008,4896.54052734375,87.90829467773438,56.95918273925781,4878.66748046875,123.26517486572266,76.0739517211914,4803.79638671875,91.581298828125,18.76034927368164,4799.84228515625,319.3927917480469,-65.89582824707031,4840.21435546875,270.31475830078125,249.9411773681641,4819.4345703125,226.8182373046875,552.9227905273438,4823.11279296875,236.99774169921875,657.0762329101562,4715.80712890625,181.96389770507812,-51.030120849609375,4852.07373046875,244.09262084960935,261.1146240234375,4819.23388671875,304.7702331542969,564.3181762695312,4810.80908203125,260.9457092285156,651.8610229492188,4713.6845703125,204.00282287597656,-543.2987060546875,4762.87109375,239.0544891357422,-572.0082397460938,4642.5546875,256.7938537597656,-596.705322265625,4675.4306640625,277.7611389160156,-581.7028198242188,4773.52783203125,217.3306884765625,-601.191650390625,4662.30126953125,150.82077026367188,-605.9417724609375,4743.18896484375
250.5997772216797,-62.36017990112305,4803.90869140625,236.3718719482422,-203.8713226318359,4780.798828125,224.8909149169922,-317.8425598144531,4768.62744140625,219.1255340576172,-493.03411865234375,4764.06689453125,247.20919799804688,-465.2742614746094,4766.86572265625,355.4281311035156,-425.0489501953125,4767.67626953125,388.79638671875,-208.7826385498047,4811.5927734375,396.8943786621094,-26.585786819458008,4768.82470703125,349.91058349609375,27.560503005981445,4738.67431640625,384.412109375,-36.558387756347656,4786.78369140625,348.52685546875,32.66315841674805,4825.3759765625,192.95960998535156,-462.9441528320313,4764.47265625,93.01361846923828,-428.0614013671875,4755.77880859375,48.73141860961914,-213.0167999267578,4815.0302734375,27.358556747436523,-25.86363220214844,4837.4189453125,67.6328125,36.173099517822266,4876.68017578125,96.6907730102539,51.56713104248047,4797.45263671875,94.43999481201172,19.84648704528809,4779.0927734375,323.8691711425781,-69.7677230834961,4804.1591796875,269.1452941894531,248.76043701171875,4794.74755859375,216.40196228027344,552.7490844726562,4811.8759765625,238.46226501464844,658.1535034179688,4705.5908203125,184.529541015625,-55.680477142333984,4803.68310546875,248.66720581054688,260.7008056640625,4793.30029296875,307.0357360839844,567.06640625,4808.69677734375,263.003662109375,657.5460815429688,4712.5009765625,217.4745178222656,-557.791259765625,4751.55859375,230.7566375732422,-576.3112182617188,4623.79443359375,244.2743682861328,-609.7984008789062,4650.98828125,278.82373046875,-615.9236450195312,4747.17578125,203.62307739257812,-601.640625,4642.984375,146.52078247070312,-600.9358520507812,4732.072265625
251.538818359375,-54.65549850463867,4773.74072265625,236.7956390380859,-195.1824188232422,4752.66357421875,224.99710083007812,-308.0491027832031,4739.7783203125,218.4500732421875,-481.2800903320313,4726.65283203125,246.43356323242188,-454.0539245605469,4730.67578125,354.2213439941406,-415.5141906738281,4731.17236328125,388.2340087890625,-202.40814208984375,4780.1259765625,391.4360046386719,-24.490638732910156,4726.9306640625,343.62677001953125,29.707263946533203,4700.05029296875,378.6803894042969,-36.66019821166992,4743.10205078125,347.7524719238281,62.20381546020508,4715.06298828125,192.64892578125,-451.3876647949219,4728.6455078125,94.43245697021484,-414.3796691894531,4720.04345703125,76.81703186035156,-202.8084259033203,4795.97216796875,84.46759796142578,-16.00860023498535,4816.484375,126.05120086669922,36.37673568725586,4767.29541015625,84.69562530517578,9.255385398864746,4698.10302734375,113.49190521240234,8.059755325317383,4725.93212890625,324.1636047363281,-62.15974044799805,4772.9736328125,267.9939880371094,253.35877990722656,4765.12109375,215.9678955078125,553.0891723632812,4801.4287109375,236.51226806640625,663.594970703125,4702.076171875,186.04981994628903,-47.88859939575195,4774.4326171875,246.46469116210935,266.5911865234375,4774.6923828125,299.3465270996094,569.9287719726562,4806.91552734375,263.68792724609375,661.115234375,4709.63525390625,216.46371459960935,-544.7811279296875,4711.08251953125,219.0511932373047,-590.001708984375,4590.6435546875,241.4915008544922,-613.2685546875,4621.69140625,286.462646484375,-591.03662109375,4709.9443359375,199.76324462890625,-614.0007934570312,4618.36376953125,154.0590057373047,-601.8501586914062,4712.0185546875
241.67202758789065,-56.48215103149414,4741.1796875,234.27740478515625,-193.4416961669922,4721.0341796875,228.443603515625,-303.3965148925781,4708.43115234375,223.19679260253903,-471.6358947753906,4697.1005859375,250.13345336914065,-445.04052734375,4701.31201171875,352.9736633300781,-403.1663513183594,4704.40087890625,393.7978515625,-200.6776123046875,4763.06689453125,403.4512023925781,-22.084415435791016,4740.86376953125,386.4044494628906,27.19974136352539,4687.20556640625,383.8008728027344,-24.497329711914062,4753.31591796875,393.4479370117187,29.295331954956055,4654.4697265625,197.97991943359375,-442.74365234375,4698.263671875,101.63168334960938,-410.82086181640625,4686.39501953125,66.48753356933594,-205.95787048339844,4754.7119140625,59.33863830566406,-25.264204025268555,4779.3681640625,104.79994201660156,38.538368225097656,4760.5732421875,94.95591735839844,61.60748672485352,4681.94580078125,113.53688049316406,10.654250144958496,4727.08447265625,312.4083251953125,-60.001670837402344,4739.142578125,294.4495849609375,250.3436737060547,4750.75341796875,276.01068115234375,545.0307006835938,4785.47314453125,265.46844482421875,665.7317504882812,4704.77978515625,177.88600158691406,-53.30844497680664,4743.01611328125,219.9562835693359,254.2325897216797,4757.576171875,262.3128662109375,549.7409057617188,4791.28076171875,239.1094970703125,652.1846313476562,4708.1826171875,221.8861389160156,-533.399169921875,4682.517578125,218.7880096435547,-593.5065307617188,4573.11669921875,244.05972290039065,-610.3176879882812,4604.267578125,292.27197265625,-574.3336181640625,4682.271484375,203.56716918945312,-613.6185302734375,4604.42333984375,165.19215393066406,-591.1776123046875,4696.01513671875
237.2982940673828,-59.93708038330078,4702.33251953125,232.0658721923828,-198.7336578369141,4685.7646484375,227.5538787841797,-310.4255065917969,4688.90576171875,230.991943359375,-477.4700927734375,4656.34912109375,256.74102783203125,-450.0569152832031,4664.248046875,357.727783203125,-401.4406127929687,4665.02880859375,404.73626708984375,-194.6275634765625,4709.33837890625,434.999755859375,-15.9595308303833,4724.55615234375,467.7393493652344,51.675758361816406,4731.88232421875,415.4714965820313,-14.753527641296388,4737.60791015625,410.1515197753906,49.62020492553711,4654.1669921875,204.087890625,-449.996826171875,4660.82666015625,104.9867172241211,-425.0048522949219,4647.1767578125,52.86838912963867,-223.5277862548828,4720.85546875,42.00908279418945,-40.04561996459961,4732.19677734375,99.32142639160156,-8.4777193069458,4780.43603515625,94.45431518554688,25.800949096679688,4704.7001953125,102.90100860595705,16.119586944580078,4684.7236328125,308.7211608886719,-62.78559494018555,4703.63916015625,301.0107116699219,249.6548309326172,4732.70849609375,287.3707275390625,544.9163208007812,4783.900390625,286.87237548828125,672.5106811523438,4711.1376953125,172.89317321777344,-57.36845016479492,4701.154296875,180.30404663085935,255.72100830078125,4716.373046875,185.12066650390625,529.0238647460938,4847.41357421875,170.14173889160156,657.4738159179688,4808.1787109375,232.93960571289065,-537.4486083984375,4633.970703125,232.7216033935547,-567.4745483398438,4511.6123046875,242.2500457763672,-599.5070190429688,4540.05615234375,281.6318359375,-603.5652465820312,4631.2275390625,204.18832397460935,-585.4844970703125,4534.12890625,156.71498107910156,-568.0736083984375,4623.55029296875
240.4989318847656,-64.80414581298828,4682.677734375,233.33938598632812,-206.9947052001953,4672.90283203125,227.56044006347656,-320.90753173828125,4670.41650390625,228.71514892578125,-491.58990478515625,4638.408203125,255.4879150390625,-463.57232666015625,4644.35888671875,357.42559814453125,-414.3653869628906,4628.15380859375,408.2240295410156,-201.1212921142578,4656.5673828125,443.9397888183594,-19.505395889282227,4669.19921875,483.5636596679687,45.01712417602539,4683.32470703125,430.2297058105469,-22.811927795410156,4688.34814453125,405.91302490234375,67.51934814453125,4632.68359375,201.65867614746097,-463.5119323730469,4644.68505859375,99.62865447998048,-440.8443298339844,4632.7705078125,37.18995666503906,-234.52874755859375,4698.0576171875,35.46980667114258,-46.9813346862793,4687.12890625,59.42550277709961,-28.02606201171875,4764.2314453125,76.80186462402344,2.6303882598876953,4686.92724609375,116.47512817382812,-11.817431449890137,4698.556640625,313.33819580078125,-68.5122299194336,4683.26708984375,305.7480773925781,250.43556213378903,4710.82568359375,286.1397399902344,547.657470703125,4781.064453125,281.0643615722656,681.7144165039062,4714.29248046875,174.8165740966797,-61.46039962768555,4682.146484375,173.44219970703125,257.6222229003906,4659.5947265625,188.5535430908203,524.0925903320312,4815.8154296875,182.1741180419922,661.4778442382812,4806.166015625,229.0822296142578,-552.9624633789062,4615.98681640625,216.86241149902344,-584.3568725585938,4491.94580078125,243.75634765625,-609.986328125,4516.93310546875,299.3728942871094,-595.931884765625,4600.5517578125,202.0315093994141,-612.0050048828125,4518.9326171875,168.86056518554688,-612.1597290039062,4618.34814453125
240.48472595214844,-46.80804443359375,4658.19677734375,231.06292724609375,-186.2062835693359,4638.60986328125,223.73031616210935,-298.5420837402344,4631.66845703125,228.47085571289065,-469.2148132324219,4613.65625,254.324462890625,-440.6359252929687,4617.80810546875,357.068359375,-396.0384521484375,4602.50390625,407.0276794433594,-185.2169952392578,4631.03369140625,437.7304992675781,-4.406273365020752,4633.427734375,497.9544982910156,41.174808502197266,4623.7333984375,428.8988952636719,1.364812254905701,4654.5234375,482.7265625,86.93511962890625,4595.06884765625,201.11924743652344,-441.5651550292969,4617.10888671875,98.7704620361328,-424.880859375,4609.23779296875,43.47476577758789,-218.09278869628903,4670.5625,43.983154296875,-33.582672119140625,4649.2607421875,103.31448364257812,-9.15534210205078,4700.3046875,92.6227569580078,34.175716400146484,4629.15283203125,111.49823760986328,14.358807563781738,4612.40380859375,312.41534423828125,-51.3725471496582,4656.08154296875,302.4911804199219,261.3035888671875,4704.66455078125,286.48779296875,554.8869018554688,4776.0302734375,272.5112609863281,689.7694091796875,4716.37353515625,175.6217498779297,-42.69203567504883,4660.1044921875,164.01626586914062,273.2615966796875,4667.04345703125,181.90525817871097,514.7990112304688,4853.6337890625,174.50994873046875,649.9974975585938,4869.29296875,230.34959411621097,-531.4442138671875,4596.4267578125,215.27066040039065,-580.0621948242188,4479.9951171875,243.1092529296875,-601.1255493164062,4507.2080078125,300.23052978515625,-574.5338134765625,4585.18359375,201.98727416992188,-603.493408203125,4510.79296875,172.14984130859375,-589.9891357421875,4609.09130859375
238.2623291015625,-51.76817321777344,4633.00341796875,229.6859588623047,-193.3096160888672,4615.52734375,223.39431762695312,-307.23284912109375,4610.2080078125,229.25135803222656,-478.1773681640625,4579.0146484375,255.27166748046875,-449.15673828125,4583.65576171875,355.7451477050781,-395.4344482421875,4572.47412109375,409.7412109375,-181.2004547119141,4585.28857421875,439.4241027832031,1.3922452926635742,4568.57275390625,497.4328308105469,49.56814193725586,4552.423828125,416.8777160644531,22.47551727294922,4568.70263671875,431.2835998535156,94.86066436767578,4498.21728515625,201.47601318359375,-451.0016479492187,4586.32958984375,98.52446746826172,-428.8079223632813,4585.6962890625,36.913631439208984,-221.35086059570312,4649.0390625,44.8231201171875,-36.20417404174805,4616.82568359375,54.022064208984375,33.50294494628906,4660.990234375,89.81549835205078,28.52778434753418,4583.99169921875,104.76512145996094,28.58683967590332,4564.3935546875,311.0088806152344,-55.54840850830078,4627.91943359375,305.73095703125,260.2456970214844,4682.98974609375,296.1806640625,552.347900390625,4774.99365234375,272.8537292480469,687.353515625,4713.85595703125,172.66357421875,-48.35936737060547,4637.5869140625,171.58985900878906,266.5321044921875,4579.21337890625,187.94874572753903,520.4889526367188,4755.57470703125,180.134521484375,657.6279296875,4769.18115234375,230.83572387695312,-539.718505859375,4556.88623046875,212.30047607421875,-578.281005859375,4435.52099609375,242.03758239746097,-601.2637329101562,4459.94970703125,302.1702880859375,-580.1201782226562,4538.96875,200.6334991455078,-605.1516723632812,4464.82275390625,173.903564453125,-601.5641479492188,4566.2236328125
234.94204711914065,-40.36079406738281,4604.87109375,228.4136505126953,-182.0924530029297,4584.671875,223.72174072265625,-296.44281005859375,4579.32373046875,232.2215118408203,-468.1769714355469,4550.16162109375,257.8741760253906,-438.62353515625,4554.49853515625,357.34893798828125,-383.31439208984375,4539.2568359375,416.7023010253906,-169.41213989257812,4539.7080078125,442.9678955078125,11.972561836242676,4506.20458984375,451.6817932128906,62.32451248168945,4448.13525390625,466.1645202636719,33.91835403442383,4528.86669921875,409.6047973632813,90.69733428955078,4563.73974609375,203.94252014160156,-441.2507629394531,4557.11865234375,99.66051483154295,-424.7297058105469,4553.580078125,31.52631950378418,-218.9073028564453,4618.03369140625,42.4658317565918,-34.8133430480957,4578.197265625,74.93538665771484,21.184988021850582,4630.6044921875,87.30303955078125,30.70038795471191,4546.72509765625,102.90316009521484,30.457366943359375,4530.6015625,308.0329895019531,-43.180206298828125,4601.03125,302.7911376953125,271.87652587890625,4665.29931640625,291.777099609375,562.724609375,4764.0068359375,269.9432373046875,697.1054077148438,4699.8818359375,169.03273010253906,-37.81840515136719,4608.333984375,184.6011962890625,272.4339294433594,4526.49755859375,193.9611663818359,542.0053100585938,4680.43994140625,176.67808532714844,677.2257080078125,4656.20751953125,234.7749786376953,-530.1448974609375,4528.73095703125,214.53919982910156,-579.6419677734375,4411.2470703125,245.54087829589844,-599.7193603515625,4436.88671875,307.00823974609375,-570.2072143554688,4512.525390625,204.254638671875,-604.254638671875,4443.11767578125,179.64312744140625,-592.5963745117188,4544.7822265625
235.84536743164065,-38.35636520385742,4584.19873046875,229.78309631347656,-180.1593780517578,4565.41064453125,225.35365295410156,-294.311767578125,4558.322265625,230.1949005126953,-466.5148315429687,4532.28857421875,256.42437744140625,-437.37835693359375,4535.49560546875,355.5133972167969,-385.9822387695313,4509.03173828125,409.2078857421875,-170.9643096923828,4501.041015625,443.8066711425781,10.82921028137207,4481.08837890625,458.4639587402344,53.22798156738281,4418.16796875,478.9967346191406,63.23701095581055,4501.8193359375,396.6487121582031,92.66016387939452,4521.255859375,202.57986450195312,-438.9887390136719,4539.34033203125,99.25689697265624,-418.7950439453125,4531.9453125,38.37711715698242,-209.3915557861328,4591.1220703125,56.62040328979492,-25.57615852355957,4553.6279296875,118.81306457519533,14.318015098571776,4591.88232421875,97.40387725830078,27.686704635620117,4510.47119140625,115.96530151367188,26.65939712524414,4493.19580078125,308.85870361328125,-40.93521881103515,4580.10400390625,301.1209716796875,272.5224609375,4650.09228515625,289.0458984375,561.3209228515625,4753.6279296875,268.15771484375,695.884765625,4689.9228515625,170.0060577392578,-36.03089904785156,4587.8916015625,194.1066131591797,266.85675048828125,4484.59521484375,207.15045166015625,550.1298828125,4610.49169921875,181.6143341064453,680.3956909179688,4571.6171875,231.1868438720703,-528.8463745117188,4512.01318359375,218.70277404785156,-579.5829467773438,4394.119140625,248.348388671875,-598.9859008789062,4421.72802734375,304.7171936035156,-568.00048828125,4500.54638671875,206.86837768554688,-604.0357055664062,4425.517578125,176.0860595703125,-591.854736328125,4525.314453125
230.4664001464844,-29.218515396118164,4555.9208984375,227.9873046875,-171.00111389160156,4533.3857421875,226.28530883789065,-285.19189453125,4521.81396484375,224.04798889160156,-456.837890625,4489.20751953125,251.52162170410156,-428.8238220214844,4493.27685546875,355.2168884277344,-382.6109619140625,4474.61572265625,407.0885314941406,-166.98960876464844,4457.86376953125,447.3892517089844,14.372095108032228,4439.75146484375,438.5640563964844,63.460052490234375,4380.435546875,482.0223388671875,57.79544448852539,4455.548828125,410.4618225097656,86.71247863769531,4501.857421875,197.5313262939453,-428.4450988769531,4497.56201171875,94.64381408691406,-403.6942138671875,4499.568359375,47.65972137451172,-188.68392944335935,4553.57080078125,77.9568099975586,-4.877269268035889,4521.4892578125,151.9782257080078,28.135068893432617,4541.33544921875,97.33137512207033,36.57563781738281,4476.14892578125,135.35755920410156,37.67901992797851,4455.29638671875,303.7735900878906,-29.978403091430664,4552.6376953125,298.43994140625,281.8785400390625,4633.42822265625,289.6192321777344,566.598388671875,4750.353515625,268.6002197265625,702.4483642578125,4688.4208984375,164.36207580566406,-28.53329086303711,4558.88232421875,205.1215057373047,269.572509765625,4444.60791015625,215.47007751464844,568.112060546875,4531.71142578125,196.5059051513672,690.1307983398438,4468.50634765625,222.39320373535156,-518.526123046875,4466.537109375,216.00880432128903,-572.5955810546875,4349.2314453125,245.7093963623047,-590.0089111328125,4378.28173828125,298.1988525390625,-554.541015625,4458.26025390625,204.2879638671875,-596.9317016601562,4380.919921875,169.71286010742188,-583.9212646484375,4479.68505859375
223.452880859375,-17.801198959350586,4521.80029296875,228.5490264892578,-159.1151580810547,4496.6064453125,232.7341766357422,-272.712646484375,4480.37646484375,232.9248504638672,-445.4683837890625,4453.79150390625,259.9398193359375,-416.7775573730469,4455.84912109375,359.6562194824219,-363.6104431152344,4434.04296875,413.1783447265625,-148.5015106201172,4415.0400390625,458.2199401855469,32.02183532714844,4399.20947265625,402.1881713867187,51.62579727172851,4349.34814453125,453.5511779785156,65.731201171875,4418.12841796875,392.7928771972656,60.92020797729492,4475.4443359375,206.13250732421875,-417.32318115234375,4462.16845703125,103.14068603515624,-393.56549072265625,4468.36279296875,44.827369689941406,-182.68556213378903,4527.67041015625,61.878719329833984,0.2768337726593017,4483.056640625,138.42393493652344,25.822004318237305,4504.40771484375,95.67977905273438,41.55185317993164,4432.03857421875,130.8456573486328,35.35469055175781,4421.166015625,296.78619384765625,-14.868884086608888,4520.18701171875,285.62640380859375,294.86346435546875,4608.6318359375,267.2950744628906,568.3229370117188,4749.2138671875,249.7105712890625,704.3135375976562,4686.400390625,157.32501220703125,-20.44539451599121,4523.255859375,193.57785034179688,281.3290710449219,4417.0693359375,211.46009826660156,590.8759765625,4444.400390625,180.2227478027344,691.7784423828125,4354.4052734375,231.73487854003903,-507.9577026367187,4433.328125,223.90216064453125,-559.3657836914062,4314.8701171875,249.96961975097656,-580.6673583984375,4344.82666015625,302.8857421875,-552.9170532226562,4427.5712890625,207.9231109619141,-582.4844360351562,4345.6142578125,170.91839599609375,-566.5693359375,4443.10400390625
211.9973297119141,-14.278234481811523,4493.462890625,220.48988342285156,-157.95034790039062,4473.69921875,227.34637451171875,-272.4564208984375,4455.54248046875,224.8692321777344,-447.4580993652344,4430.6103515625,252.71693420410156,-419.0487976074219,4433.8359375,356.251953125,-370.3714599609375,4412.36474609375,423.1329040527344,-157.68035888671875,4381.9609375,479.4823913574219,20.79626846313477,4356.6611328125,421.2562255859375,46.50233840942383,4310.8671875,472.9786071777344,69.93927001953125,4378.078125,419.53802490234375,45.602394104003906,4439.2578125,198.0336151123047,-418.2783508300781,4437.30712890625,94.46073150634766,-391.2571716308594,4434.11181640625,28.01302146911621,-180.884521484375,4496.53759765625,59.99757766723633,2.734571695327759,4453.65380859375,137.59585571289062,32.39453125,4468.70361328125,101.97406768798828,47.84999084472656,4391.42529296875,131.31668090820312,35.171592712402344,4390.91064453125,286.0878601074219,-10.27145004272461,4496.1728515625,278.200927734375,300.1917419433594,4595.26171875,261.83251953125,575.13037109375,4740.865234375,242.95587158203125,711.4384155273438,4675.02685546875,145.18661499023438,-17.891328811645508,4491.01904296875,186.55511474609375,292.0479431152344,4400.1025390625,211.63742065429688,605.0794677734375,4377.86572265625,187.96697998046875,683.5183715820312,4263.9111328125,223.2870330810547,-510.8638916015625,4410.568359375,222.26028442382812,-554.6340942382812,4287.26318359375,247.4655609130859,-577.8236083984375,4317.333984375,296.2496337890625,-554.7916870117188,4405.3447265625,204.9912109375,-580.3229370117188,4315.84228515625,162.4256134033203,-571.5614624023438,4413.279296875
215.74871826171875,0.0286591611802577,4448.97607421875,223.60598754882812,-143.42477416992188,4424.56982421875,229.87533569335935,-259.31744384765625,4414.46142578125,223.7870635986328,-434.77691650390625,4389.45068359375,252.25958251953125,-406.7243347167969,4391.75537109375,356.4964904785156,-359.7100830078125,4368.11279296875,424.8161926269531,-144.57464599609375,4368.8466796875,482.7751159667969,35.790340423583984,4370.0234375,423.0966796875,65.24351501464844,4328.099609375,470.72760009765625,91.66897583007812,4397.548828125,424.29290771484375,53.833736419677734,4456.3095703125,197.57371520996097,-405.0947570800781,4397.091796875,93.87130737304688,-377.1064758300781,4395.736328125,34.57727813720703,-165.81884765625,4464.57861328125,52.77851867675781,18.11428451538086,4413.1591796875,131.3683319091797,49.63765335083008,4414.63525390625,145.36978149414062,87.63927459716797,4337.91259765625,124.60730743408205,37.013912200927734,4355.4990234375,290.1202697753906,3.9989709854125977,4449.58251953125,278.96710205078125,308.62298583984375,4567.955078125,257.834228515625,577.4803466796875,4725.86376953125,243.39219665527344,721.2459716796875,4675.4736328125,148.6846160888672,-3.551546096801758,4448.42919921875,176.21768188476562,312.4323425292969,4370.33740234375,203.53912353515625,622.093505859375,4314.70263671875,170.4206085205078,694.2382202148438,4198.42626953125,220.52142333984375,-498.3256530761719,4369.375,214.1452484130859,-532.948974609375,4242.9296875,231.72299194335935,-563.503662109375,4272.044921875,280.993408203125,-558.5612182617188,4362.98876953125,189.88392639160156,-555.4052734375,4269.255859375,146.46665954589844,-542.459228515625,4366.21435546875
211.7749938964844,-2.8119163513183594,4405.84912109375,222.6029815673828,-146.81008911132812,4391.42529296875,230.91384887695312,-262.3132019042969,4384.328125,218.7960968017578,-437.2261657714844,4363.177734375,248.0956115722656,-410.23236083984375,4364.77978515625,355.0203857421875,-374.3151245117187,4336.51318359375,384.9364929199219,-152.2209930419922,4354.10498046875,410.48040771484375,34.09305191040039,4369.27294921875,355.45208740234375,89.82212829589844,4368.01220703125,423.70172119140625,47.52467727661133,4403.77099609375,367.3570861816406,13.91247272491455,4465.84716796875,193.74560546875,-406.6375427246094,4370.24365234375,92.3097915649414,-373.0664367675781,4364.9765625,58.22079086303711,-150.90985107421875,4409.07470703125,66.30216217041016,33.8448600769043,4361.087890625,146.70364379882812,54.13092803955078,4376.484375,152.64537048339844,94.9157485961914,4300.552734375,138.40997314453125,52.52448654174805,4302.80712890625,285.524658203125,2.115297794342041,4412.0224609375,268.07611083984375,305.4584045410156,4529.18505859375,237.105712890625,582.3931274414062,4667.77392578125,237.8290557861328,733.3295288085938,4646.787109375,145.27163696289062,-7.255002975463867,4400.28173828125,181.57101440429688,309.8924255371094,4337.6708984375,216.31167602539065,620.166259765625,4299.8466796875,197.14456176757812,703.0120849609375,4188.369140625,213.3063201904297,-500.7737426757813,4344.55322265625,222.24118041992188,-531.376220703125,4217.78857421875,243.5811462402344,-558.7086181640625,4247.2939453125,284.6463317871094,-547.3006591796875,4341.19677734375,201.41616821289065,-559.0121459960938,4241.74267578125,150.27076721191406,-558.3953247070312,4335.2451171875
204.6215057373047,5.880119800567627,4363.09814453125,216.7673187255859,-137.21095275878906,4344.66943359375,225.18411254882812,-252.64840698242188,4343.7958984375,219.46014404296875,-426.64990234375,4316.71337890625,247.73834228515625,-398.9077453613281,4320.31494140625,351.97149658203125,-352.2632751464844,4299.859375,394.9237365722656,-133.89068603515625,4327.46923828125,430.95904541015625,49.3957405090332,4350.630859375,379.066162109375,107.37960815429688,4343.4384765625,360.115234375,186.1755218505859,4376.93017578125,361.9604187011719,122.28926849365234,4326.06005859375,193.25987243652344,-397.15771484375,4323.736328125,91.51275634765624,-366.1382141113281,4315.03271484375,45.47958755493164,-150.44789123535156,4374.81005859375,58.72697830200195,34.877464294433594,4332.259765625,137.39356994628906,64.23749542236328,4337.66748046875,141.57363891601562,104.5953369140625,4261.62060546875,122.01222229003906,70.34447479248047,4264.166015625,278.07196044921875,11.180665016174316,4370.3505859375,267.62939453125,320.28717041015625,4469.830078125,241.2874755859375,589.9729614257812,4621.42578125,237.2898101806641,741.95361328125,4621.421875,138.38800048828125,1.100385069847107,4356.55810546875,179.7847442626953,318.0713195800781,4300.515625,219.51779174804688,627.8648071289062,4270.61865234375,190.999755859375,707.3673095703125,4159.11962890625,216.71620178222656,-489.54010009765625,4295.9296875,207.5046539306641,-527.0323486328125,4171.3701171875,230.53407287597656,-554.231201171875,4199.53369140625,283.7110900878906,-541.0802612304688,4286.61767578125,188.1755523681641,-551.781005859375,4199.2412109375,149.5462188720703,-542.7394409179688,4297.8916015625
193.2848663330078,19.214954376220703,4316.1201171875,207.2833251953125,-128.8992156982422,4296.9033203125,217.11952209472656,-248.41017150878903,4298.5126953125,215.10186767578125,-430.7401123046875,4289.77783203125,243.7240295410156,-401.08935546875,4289.37646484375,349.0871276855469,-348.2997741699219,4265.71533203125,374.3645935058594,-117.35781860351562,4261.5263671875,396.04541015625,76.43257141113281,4258.6337890625,372.828857421875,136.75233459472656,4307.39990234375,339.17486572265625,214.38560485839844,4340.49560546875,346.3728332519531,159.3898162841797,4308.87744140625,187.40689086914065,-400.2240905761719,4294.81201171875,81.65621948242188,-370.5167541503906,4282.08544921875,33.871273040771484,-142.9837188720703,4326.78662109375,23.15466690063477,51.38884353637695,4293.52099609375,92.45832824707033,99.4664306640625,4271.48388671875,116.44072723388672,153.27099609375,4204.361328125,69.8536605834961,102.27302551269533,4216.775390625,269.41424560546875,25.56806182861328,4322.609375,279.6239013671875,334.3319396972656,4456.29345703125,275.50225830078125,585.8884887695312,4656.77880859375,260.3096923828125,741.3956298828125,4636.78369140625,124.63566589355467,13.486077308654783,4310.2685546875,168.0318145751953,343.6551208496094,4263.6611328125,211.65179443359375,665.2971801757812,4245.6474609375,178.5712890625,740.3469848632812,4126.1591796875,213.2796630859375,-497.86328125,4275.326171875,205.6904754638672,-522.1896362304688,4142.6376953125,228.39404296875,-553.88623046875,4168.9970703125,281.8460388183594,-551.3582153320312,4261.1865234375,184.5787811279297,-550.396240234375,4168.15625,142.61668395996094,-551.3825073242188,4270.01416015625
193.4195098876953,27.38979148864746,4269.3828125,206.43051147460935,-121.2973175048828,4254.9375,214.0353240966797,-240.84860229492188,4259.5029296875,208.9871063232422,-423.1319580078125,4252.69580078125,238.13330078125,-394.0171813964844,4252.9912109375,345.699951171875,-344.1329650878906,4233.5517578125,378.4693603515625,-116.0568618774414,4204.28125,403.66796875,75.22785949707031,4176.3671875,391.63775634765625,122.3657684326172,4241.05029296875,383.8227844238281,174.2938995361328,4315.15087890625,368.1394653320313,146.37216186523438,4250.87890625,181.7057952880859,-392.0797119140625,4256.404296875,76.00869750976562,-363.5402221679687,4241.17431640625,32.756446838378906,-136.72622680664062,4293.08349609375,28.629159927368164,58.305145263671875,4262.78564453125,84.83870697021484,117.59014129638672,4232.453125,97.91912078857422,178.99925231933594,4168.9931640625,65.58451080322266,124.6406021118164,4192.82080078125,268.7115478515625,32.68683624267578,4282.67626953125,288.41534423828125,340.2313232421875,4417.7763671875,277.2653503417969,589.3585815429688,4620.8134765625,274.467529296875,746.199462890625,4607.1318359375,125.52538299560548,22.61321258544922,4257.39599609375,160.83621215820312,355.6936340332031,4229.27197265625,195.6707000732422,678.7755126953125,4227.15869140625,169.59661865234375,754.0858764648438,4106.1767578125,206.44871520996097,-490.3484802246094,4238.9267578125,200.47789001464844,-524.7979125976562,4108.46923828125,227.10362243652344,-551.5775756835938,4136.525390625,280.7923583984375,-536.1068115234375,4227.25537109375,183.19793701171875,-553.4247436523438,4136.27099609375,142.736083984375,-552.1576538085938,4238.685546875
182.9351501464844,30.88341903686523,4227.11328125,196.5321807861328,-120.2452621459961,4212.390625,206.5000915527344,-241.7136993408203,4212.875,206.3646545410156,-427.13140869140625,4219.0732421875,235.1712951660156,-396.81341552734375,4216.771484375,342.9245300292969,-344.47259521484375,4192.85986328125,384.7050476074219,-112.31963348388672,4181.82177734375,397.2761535644531,82.47117614746094,4147.47412109375,376.8277587890625,136.56637573242188,4206.0087890625,373.5975646972656,207.4383544921875,4265.1064453125,339.7688293457031,178.92295837402344,4188.47265625,177.8327178955078,-396.11627197265625,4221.107421875,72.6133041381836,-362.1542663574219,4200.99755859375,23.702707290649418,-130.83253479003906,4245.6103515625,12.239365577697754,67.63717651367188,4218.03466796875,71.44587707519531,127.531005859375,4190.5244140625,89.79256439208984,190.1464385986328,4127.43798828125,58.71898651123047,122.79734802246094,4149.361328125,260.35565185546875,37.26076889038086,4233.150390625,285.6854553222656,355.7323913574219,4355.4755859375,284.459716796875,595.5654296875,4577.66162109375,281.22161865234375,755.5946044921875,4574.91552734375,113.1216812133789,25.13268280029297,4221.66943359375,152.15670776367188,364.3993225097656,4209.3447265625,193.4452362060547,691.9903564453125,4220.6669921875,171.28140258789062,763.2376708984375,4093.678955078125,205.44656372070312,-496.33056640625,4209.955078125,192.19984436035156,-511.7806091308594,4074.1591796875,215.1270294189453,-546.3922729492188,4097.90869140625,272.7571105957031,-551.7188110351562,4189.48193359375,170.73670959472656,-541.4406127929688,4098.94287109375,131.73916625976562,-548.0264892578125,4203.68505859375
181.6563720703125,41.11529922485352,4189.06103515625,194.36456298828125,-107.90374755859376,4173.798828125,202.9684600830078,-227.68179321289065,4178.70458984375,200.38153076171875,-410.5900573730469,4175.9375,229.17852783203125,-380.9983520507813,4174.92529296875,338.14105224609375,-334.0953369140625,4153.9921875,384.7662353515625,-107.2430191040039,4129.70166015625,375.535888671875,67.0600357055664,4041.76953125,383.4573059082031,136.24900817871094,4083.41455078125,356.121337890625,181.9281311035156,4157.28564453125,372.9339904785156,146.9662628173828,4123.90283203125,172.67788696289062,-379.7671813964844,4179.61962890625,68.4799575805664,-344.75518798828125,4165.55126953125,21.306398391723633,-115.68558502197266,4205.53662109375,13.265320777893066,77.56722259521484,4163.5751953125,86.15861511230469,125.63832092285156,4166.56494140625,97.5064926147461,195.10516357421875,4111.28564453125,64.89830017089844,133.4648895263672,4102.04541015625,257.9403991699219,46.887969970703125,4196.2158203125,277.7334899902344,366.5082702636719,4302.30810546875,279.347412109375,606.5099487304688,4517.57421875,270.62933349609375,762.812255859375,4537.94091796875,112.86769104003906,35.909828186035156,4182.609375,153.08042907714844,370.3421325683594,4192.49169921875,194.28659057617188,692.0955200195312,4222.79052734375,169.71798706054688,765.4087524414062,4099.8388671875,198.49024963378903,-478.2932434082031,4163.6513671875,184.2209014892578,-519.9654541015625,4035.60888671875,208.12478637695312,-548.1954956054688,4064.871337890625,266.20562744140625,-534.0280151367188,4153.40283203125,164.2405242919922,-544.3782958984375,4065.700927734375,127.2824249267578,-531.4133911132812,4168.927734375
195.83029174804688,49.07266616821289,4143.9375,199.0025329589844,-102.99581146240234,4132.6396484375,200.13218688964844,-224.8907928466797,4135.4580078125,195.29046630859375,-410.3819274902344,4139.80322265625,224.90023803710935,-380.7403564453125,4139.07861328125,336.6314697265625,-336.4723205566406,4116.8955078125,382.9666748046875,-104.84355926513672,4120.64306640625,369.71728515625,60.89578628540039,4012.607666015625,384.0778198242187,131.13604736328125,4053.066162109375,359.74981689453125,171.9307098388672,4132.2958984375,367.7459106445313,134.472900390625,4104.22412109375,167.4326934814453,-378.6875,4140.8828125,65.935302734375,-334.05633544921875,4122.2626953125,25.042213439941406,-99.77835083007812,4159.4951171875,31.52624893188477,83.7177505493164,4078.219970703125,90.31053924560548,121.10714721679688,4133.01953125,78.5550765991211,211.11264038085935,4130.6796875,97.25047302246094,146.18161010742188,4096.4765625,273.2308349609375,50.00297546386719,4153.14794921875,276.1977233886719,363.3441467285156,4290.78369140625,260.6924743652344,640.0609130859375,4464.48583984375,273.4750061035156,787.4463500976562,4403.12841796875,126.03482818603516,48.233768463134766,4135.6318359375,122.43668365478516,386.8309326171875,4182.77099609375,125.30814361572266,709.3690795898438,4254.94091796875,118.15026092529295,817.2860107421875,4154.86181640625,193.1248321533203,-479.4859619140625,4129.9619140625,183.7209625244141,-523.47412109375,4000.16064453125,210.31011962890625,-549.5904541015625,4030.171875,266.9031066894531,-529.382080078125,4120.36474609375,165.61602783203125,-549.9061279296875,4030.6552734375,126.21137237548828,-539.891845703125,4135.02685546875
187.2167510986328,46.44902038574219,4115.90087890625,189.22019958496097,-100.63397979736328,4099.20263671875,190.4566345214844,-218.79083251953125,4092.5244140625,184.85208129882812,-398.8577880859375,4092.758544921875,213.7279815673828,-370.2236328125,4092.028564453125,325.744873046875,-335.2384338378906,4074.72314453125,374.692626953125,-112.20572662353516,4095.778076171875,368.17376708984375,64.62971496582031,4020.093994140625,385.5940551757813,136.42832946777344,4050.526611328125,363.47216796875,192.33558654785156,4117.0439453125,362.7159729003906,172.21368408203125,4067.857177734375,158.0169219970703,-367.9900817871094,4095.145751953125,57.29982376098633,-327.832275390625,4082.80615234375,31.718679428100582,-101.5558090209961,4135.11083984375,34.30266189575195,89.03065490722656,4094.426513671875,114.91717529296876,117.63363647460938,4103.650390625,96.3319854736328,182.965087890625,4047.490966796875,98.55301666259766,137.80177307128906,4041.74853515625,262.76190185546875,47.00309371948242,4120.08447265625,256.7941589355469,377.9579162597656,4148.1796875,267.4378662109375,612.7564697265625,4361.60302734375,267.0285949707031,764.4190063476562,4327.47998046875,119.09437561035156,45.94938659667969,4112.12890625,150.5314483642578,373.26373291015625,4156.8017578125,184.5737762451172,685.6720581054688,4221.35595703125,172.37350463867188,763.6033935546875,4102.0478515625,182.1508026123047,-465.6850280761719,4081.736572265625,176.1318817138672,-514.7816772460938,3957.910400390625,193.56004333496097,-542.4984741210938,3990.853271484375,243.11390686035156,-527.6810913085938,4082.45556640625,151.14288330078125,-534.314453125,3986.84423828125,106.57307434082033,-510.0312805175781,4082.9912109375
182.4397125244141,41.31468200683594,4084.037353515625,184.73812866210935,-106.15084838867188,4068.940185546875,186.4402618408203,-224.49842834472656,4062.74267578125,182.54283142089844,-404.8690185546875,4063.189453125,211.1946563720703,-375.9195556640625,4063.02783203125,322.9591369628906,-339.35137939453125,4046.2001953125,367.4121398925781,-114.1921157836914,4054.026611328125,373.6943664550781,71.52806091308594,4002.875244140625,387.4750671386719,139.0906982421875,4043.4755859375,361.8781127929687,195.72412109375,4108.28466796875,361.1018371582031,176.53614807128906,4056.386474609375,155.33042907714844,-374.2116088867187,4064.943359375,56.42381286621094,-332.67669677734375,4044.076416015625,36.98139572143555,-105.20003509521484,4095.306884765625,48.60356521606445,87.79814910888672,4068.642578125,109.2132797241211,135.56546020507812,4030.329345703125,93.73319244384766,181.6374053955078,3956.6572265625,95.1638412475586,105.4552230834961,3998.90771484375,258.1828918457031,42.30858612060547,4085.8603515625,238.21824645996097,372.6098327636719,4051.568115234375,255.5450134277344,618.9671020507812,4251.79541015625,253.4066467285156,769.7197265625,4213.00537109375,114.13876342773438,40.418426513671875,4082.3935546875,154.67471313476562,365.3904113769531,4138.8330078125,198.39678955078125,673.9030151367188,4217.1240234375,172.09202575683594,759.2667236328125,4105.15771484375,180.71417236328125,-471.8331604003906,4052.219482421875,171.5584716796875,-509.3467102050781,3924.392822265625,193.98904418945312,-538.0134887695312,3953.349853515625,247.82911682128903,-526.5691528320312,4043.1728515625,150.71392822265625,-534.2224731445312,3952.59130859375,110.3388900756836,-524.260009765625,4053.214599609375
188.15530395507812,40.11491775512695,4053.844970703125,186.5911102294922,-106.1433334350586,4037.90380859375,185.0386962890625,-223.71823120117188,4034.823974609375,177.88063049316406,-402.3610229492187,4025.132568359375,206.82823181152344,-374.2411804199219,4027.44189453125,319.77142333984375,-341.63134765625,4018.528076171875,376.5997619628906,-121.92498016357422,4039.478759765625,389.0960693359375,63.0373649597168,3992.35302734375,397.5396728515625,141.4437255859375,4001.716064453125,390.1820373535156,180.21450805664065,4081.615478515625,354.20172119140625,166.79937744140625,3973.438720703125,151.39459228515625,-371.5435791015625,4027.75439453125,52.318580627441406,-332.5945739746094,4007.01708984375,30.099531173706055,-104.4417495727539,4044.10791015625,30.28740692138672,88.63069152832031,4028.511474609375,109.94863891601562,112.79467010498048,4048.043701171875,86.84734344482422,172.1559600830078,3987.918701171875,99.52801513671876,134.9871063232422,3980.8857421875,263.3119812011719,39.06293487548828,4056.122314453125,248.6991271972656,352.7818603515625,3954.277099609375,271.3771057128906,604.6279907226562,4143.00732421875,271.3960876464844,754.8162841796875,4106.7607421875,120.38323974609376,41.06353759765625,4051.791748046875,153.49656677246094,363.9206237792969,4110.4248046875,192.6002655029297,664.9412231445312,4208.01025390625,172.3004608154297,762.4033813476562,4106.544921875,175.191162109375,-468.0642395019531,4010.49365234375,176.89207458496094,-505.9033508300781,3883.500244140625,203.28854370117188,-529.7485961914062,3912.91845703125,251.06832885742188,-508.8339538574219,4003.529541015625,160.4401397705078,-534.1421508789062,3910.93212890625,116.4029769897461,-532.3238525390625,4009.588623046875
192.4131774902344,46.14600372314453,4017.103271484375,186.83029174804688,-101.0199203491211,4002.03466796875,182.42686462402344,-219.23223876953125,3998.36083984375,171.8665771484375,-398.6970520019531,3986.693115234375,201.5003967285156,-371.0067138671875,3989.748291015625,315.0575256347656,-337.9299621582031,3980.7041015625,367.3034057617187,-114.96176147460938,3992.444091796875,389.3959655761719,74.07718658447266,3963.857177734375,393.0424499511719,139.43894958496094,4009.673583984375,367.9190979003906,189.2367248535156,4079.876953125,351.8307189941406,163.64207458496094,3922.98486328125,145.7902374267578,-367.1978759765625,3989.232666015625,47.861480712890625,-323.38427734375,3969.25634765625,15.8948974609375,-95.7028579711914,4010.849365234375,12.927989959716797,98.9814682006836,4002.250732421875,90.20816802978516,128.5216522216797,4025.851318359375,92.0012435913086,183.0601501464844,3956.64306640625,78.4993896484375,133.51683044433594,3944.910400390625,268.0206298828125,43.35220718383789,4016.3759765625,253.4716796875,349.0109558105469,3887.08544921875,268.5498046875,628.5991821289062,4036.736572265625,271.81805419921875,773.7945556640625,3981.297607421875,124.234619140625,48.66529083251953,4017.7587890625,159.6938018798828,369.34429931640625,4095.38134765625,198.0603179931641,670.2593994140625,4199.79443359375,171.95248413085938,768.2901000976562,4098.974609375,168.09878540039062,-464.5927734375,3971.260009765625,162.89813232421875,-502.0775146484375,3843.40380859375,198.05462646484375,-518.562255859375,3868.888427734375,250.64865112304688,-485.6180725097656,3953.826904296875,157.44497680664062,-533.4723510742188,3872.174560546875,126.97406005859376,-541.822265625,3976.203369140625
194.0075531005859,52.44374465942383,3988.742431640625,184.8517608642578,-95.64138793945312,3970.736328125,177.59059143066406,-214.3217315673828,3958.96826171875,166.83349609375,-395.7613220214844,3952.41015625,196.73995971679688,-367.7605285644531,3955.168212890625,311.99200439453125,-336.61224365234375,3945.77294921875,370.5422668457031,-113.65841674804688,3967.13427734375,384.6796875,72.88346862792969,3914.644775390625,407.189453125,133.96817016601562,3962.281494140625,397.2633666992187,180.84814453125,4039.078125,359.9925842285156,171.3783721923828,3882.43896484375,140.52024841308594,-363.8687744140625,3953.5791015625,42.9577751159668,-317.4104309082031,3932.11328125,15.774185180664062,-89.65617370605469,3987.148681640625,23.34751319885254,106.95126342773438,3985.43896484375,102.89530181884766,137.7513885498047,4001.797119140625,91.86542510986328,190.1455993652344,3930.734619140625,85.63923645019531,148.248779296875,3922.822265625,270.232666015625,47.99751281738281,3986.5498046875,246.5565643310547,355.4318542480469,3854.642578125,254.11080932617188,663.0176391601562,3944.438720703125,254.1062774658203,789.260498046875,3851.2021484375,125.27200317382812,56.4531135559082,3990.719482421875,159.8718719482422,377.5094909667969,4079.93603515625,198.03614807128903,680.1597290039062,4188.78662109375,169.2794647216797,772.0313110351562,4081.166259765625,163.18505859375,-462.71771240234375,3938.75537109375,174.2555694580078,-500.78375244140625,3810.1103515625,195.17453002929688,-527.7555541992188,3842.259765625,235.86453247070312,-511.94537353515625,3939.07421875,151.8650360107422,-527.6371459960938,3835.72509765625,97.43659973144533,-521.3870239257812,3930.8349609375
195.4619598388672,56.98163604736328,3956.73193359375,181.9950714111328,-91.70442962646484,3935.086181640625,171.21360778808594,-210.5048370361328,3917.337646484375,166.2228240966797,-393.940673828125,3912.07666015625,195.5177459716797,-364.6910095214844,3914.083251953125,310.4396057128906,-328.010986328125,3906.412109375,367.5143127441406,-101.88272857666016,3920.88671875,382.4319458007813,85.616943359375,3865.34912109375,386.7350158691406,151.7380828857422,3912.669189453125,367.0063171386719,207.74314880371097,3982.1123046875,347.01055908203125,178.2997283935547,3823.841552734375,138.6529998779297,-362.6244812011719,3913.583984375,37.96014022827149,-318.2802734375,3897.44482421875,16.114303588867188,-89.09173583984375,3958.12353515625,24.708755493164062,109.32469177246094,3958.4453125,106.91398620605467,135.27577209472656,3974.409423828125,90.4511489868164,189.02828979492188,3904.371826171875,88.71267700195312,148.42684936523438,3895.636474609375,272.2098083496094,50.557430267333984,3953.111572265625,239.3815155029297,361.09722900390625,3822.424560546875,231.0769805908203,682.4122924804688,3859.16162109375,240.5027313232422,782.0982055664062,3736.411865234375,126.25506591796876,62.774620056152344,3959.99658203125,165.47274780273438,382.4445495605469,4063.042236328125,207.9437255859375,683.212646484375,4183.9150390625,170.3009796142578,780.3876342773438,4082.024658203125,164.48196411132812,-461.701171875,3898.791259765625,175.20274353027344,-493.90130615234375,3767.22314453125,205.91796875,-514.1871948242188,3796.973388671875,248.78123474121097,-488.04193115234375,3891.68359375,163.61924743652344,-526.6514892578125,3793.815185546875,117.51301574707033,-537.500732421875,3893.9677734375
201.2500457763672,69.97308349609375,3920.688232421875,183.712890625,-80.1561508178711,3902.485107421875,170.04489135742188,-200.93780517578125,3896.29150390625,165.57969665527344,-385.4896240234375,3880.660400390625,194.9383087158203,-356.1750183105469,3885.971435546875,311.3496398925781,-321.30328369140625,3875.318603515625,368.3967590332031,-93.0123062133789,3890.750732421875,380.61175537109375,94.3738250732422,3828.2158203125,386.0933837890625,166.0789794921875,3867.970947265625,358.053466796875,211.4033660888672,3943.2158203125,338.2771911621094,189.81787109375,3793.04296875,137.6707305908203,-353.9673767089844,3882.302001953125,38.42879104614258,-307.5519104003906,3857.9931640625,8.86545181274414,-80.17976379394531,3929.8349609375,33.13205337524414,118.69023895263672,3935.601806640625,112.49748992919922,156.13328552246094,3946.874755859375,91.1421890258789,201.3129425048828,3871.26171875,83.44351196289062,154.5561981201172,3861.197998046875,278.48553466796875,61.43955993652344,3916.658203125,242.1228179931641,379.7168273925781,3797.9775390625,219.75946044921875,703.86083984375,3765.959716796875,225.33192443847656,781.6631469726562,3626.4150390625,131.60342407226562,77.66812896728516,3924.322021484375,168.73049926757812,395.05364990234375,4044.091796875,209.2090301513672,693.4227294921875,4178.94873046875,186.8539123535156,794.07861328125,4074.0556640625,164.68814086914062,-453.0411987304687,3863.4814453125,179.06982421875,-478.9918823242187,3729.606201171875,194.38140869140625,-512.4664916992188,3760.042724609375,231.1999664306641,-512.7816772460938,3861.7646484375,151.1929473876953,-505.4888610839844,3751.286376953125,90.9992218017578,-501.6853942871094,3845.4296875
202.13441467285156,75.9342041015625,3880.721435546875,182.40255737304688,-73.54132843017578,3864.974609375,166.4221649169922,-192.70355224609375,3849.73681640625,163.1098175048828,-376.7972106933594,3838.343505859375,192.156494140625,-347.3191833496094,3843.025390625,307.34637451171875,-309.9698791503906,3833.503173828125,361.6710815429687,-81.7611083984375,3843.75927734375,384.524658203125,107.76288604736328,3794.78955078125,395.2065124511719,169.6999053955078,3847.17578125,376.4537048339844,210.6935882568359,3927.16162109375,342.5784606933594,203.4500274658203,3767.259521484375,135.1290740966797,-345.5487365722656,3839.20947265625,34.8458137512207,-301.39947509765625,3817.275634765625,-0.4409179091453552,-75.67046356201172,3888.2880859375,30.583053588867188,121.3534927368164,3895.236328125,108.9297103881836,158.33534240722656,3911.217529296875,88.95109558105469,198.52813720703125,3832.923095703125,81.93051147460938,150.90199279785156,3821.42431640625,278.71331787109375,66.57698059082031,3873.58544921875,254.8989715576172,388.7327880859375,3766.9921875,233.74789428710935,703.6498413085938,3689.1044921875,228.8437042236328,762.806640625,3541.403076171875,133.07984924316406,84.37202453613281,3887.156005859375,166.30960083007812,396.0979309082031,4018.257080078125,205.1120147705078,687.4539794921875,4164.98095703125,176.34030151367188,795.037841796875,4069.8623046875,162.6612091064453,-444.4356994628906,3822.76904296875,190.977783203125,-476.76812744140625,3693.17138671875,203.9107360839844,-507.99554443359375,3726.630859375,230.173583984375,-501.9091491699219,3830.921630859375,161.84588623046875,-502.810546875,3713.314697265625,92.69129943847656,-495.93212890625,3800.2890625
198.2844085693359,81.06449890136719,3830.684326171875,179.87222290039062,-67.58979797363281,3815.43603515625,165.3751983642578,-186.78623962402344,3807.02734375,162.76089477539062,-369.884765625,3800.7548828125,191.52081298828125,-340.3769836425781,3804.39990234375,303.7332763671875,-299.66326904296875,3786.91650390625,365.919189453125,-74.9902114868164,3793.642822265625,397.4700317382813,113.08267974853516,3749.5087890625,408.0773315429687,169.44915771484375,3807.079833984375,392.47503662109375,205.3544158935547,3889.440673828125,355.4889831542969,210.20248413085935,3731.469482421875,134.84890747070312,-338.9456787109375,3800.955078125,35.74883270263672,-292.6846618652344,3782.052734375,-5.470286846160889,-69.07536315917969,3851.1005859375,30.8729190826416,125.78082275390624,3852.134521484375,108.39324951171876,165.29440307617188,3861.38720703125,80.58076477050781,196.5821533203125,3782.1279296875,78.99551391601562,151.356689453125,3774.950927734375,274.53497314453125,72.16622924804688,3825.361083984375,254.20751953125,396.1074523925781,3731.561279296875,234.80918884277344,710.2510986328125,3659.481201171875,220.1592712402344,768.0093994140625,3513.0361328125,129.52590942382812,89.08846282958984,3835.48486328125,156.17654418945312,394.966796875,3975.599609375,195.61251831054688,671.5594482421875,4144.13525390625,160.93463134765625,791.8495483398438,4070.058349609375,162.48658752441406,-437.4652404785156,3787.13818359375,178.9753875732422,-461.8049011230469,3654.750732421875,206.41622924804688,-485.9569396972656,3684.66796875,245.0236663818359,-468.9425048828125,3782.986328125,163.7504425048828,-495.25299072265625,3678.3291015625,111.19534301757812,-509.2716674804687,3774.600341796875
208.93309020996097,89.71548461914062,3781.087890625,185.15496826171875,-59.6195068359375,3769.45263671875,166.78857421875,-179.39727783203125,3765.34423828125,166.21405029296875,-363.9356384277344,3762.46240234375,194.90269470214844,-333.8179016113281,3764.92822265625,307.420166015625,-293.24371337890625,3743.44140625,363.3751525878906,-65.2119369506836,3751.0341796875,392.9317932128906,126.40266418457033,3715.170654296875,403.6803588867187,189.6587371826172,3766.00390625,376.7359924316406,226.09466552734375,3845.905029296875,353.6318054199219,222.2001495361328,3684.028076171875,137.74021911621094,-333.0982360839844,3762.7353515625,35.54133224487305,-292.168701171875,3743.27197265625,-10.68364429473877,-65.7548599243164,3805.68212890625,28.51938819885254,129.9679718017578,3800.979736328125,106.84598541259766,167.91358947753906,3814.893310546875,79.14446258544922,194.60638427734375,3733.208984375,81.77944946289062,151.41038513183594,3725.685546875,284.92913818359375,78.41444396972656,3770.826171875,250.35122680664065,409.2843322753906,3699.0537109375,218.7946319580078,729.9856567382812,3655.00634765625,210.49998474121097,782.709716796875,3504.958740234375,140.40411376953125,99.90613555908205,3790.34130859375,159.6023712158203,407.0425720214844,3934.81005859375,194.640869140625,675.2005004882812,4121.5888671875,159.7607421875,799.7447509765625,4052.728271484375,166.4402618408203,-432.2508544921875,3750.004150390625,187.22042846679688,-457.0901489257813,3617.296142578125,215.32275390625,-479.7798767089844,3648.27197265625,251.0928497314453,-459.90570068359375,3747.97021484375,173.00515747070312,-491.28131103515625,3641.030517578125,118.64151763916016,-507.1192321777344,3736.944580078125
202.0860290527344,94.61524200439452,3734.1806640625,182.08985900878903,-54.371246337890625,3716.843994140625,167.9506072998047,-174.35777282714844,3710.717041015625,167.00430297851562,-358.4494934082031,3714.9443359375,195.75802612304688,-328.432861328125,3714.204833984375,310.54193115234375,-294.80059814453125,3694.338623046875,365.83782958984375,-67.10082244873047,3699.98828125,405.1512451171875,125.13653564453124,3685.88720703125,421.4378051757813,184.45957946777344,3739.60888671875,411.3762512207031,224.9051055908203,3821.232421875,375.8429870605469,229.8047790527344,3673.66015625,138.7153778076172,-327.5905456542969,3716.063232421875,34.10662841796875,-289.08599853515625,3712.016845703125,-8.537505149841309,-57.12558364868164,3749.579345703125,-3.1410036087036133,141.89376831054688,3742.669189453125,61.77940368652344,156.60000610351562,3800.135009765625,52.93658447265625,198.91604614257812,3721.100830078125,80.1551513671875,171.21617126464844,3709.25390625,276.7150573730469,86.77657318115234,3715.466552734375,251.31639099121097,419.502197265625,3652.65771484375,228.59922790527344,741.023193359375,3615.05908203125,216.1017913818359,815.9178466796875,3475.47900390625,134.78973388671875,101.6837158203125,3751.05615234375,151.9049530029297,412.70697021484375,3885.29443359375,191.9647521972656,660.8753051757812,4095.86572265625,156.3317413330078,794.4962158203125,4048.452880859375,166.279296875,-427.034423828125,3705.149658203125,189.2106475830078,-458.1481628417969,3574.452880859375,207.03477478027344,-487.5849304199219,3607.156982421875,239.07972717285156,-477.84381103515625,3709.33203125,163.9931640625,-486.4650268554687,3596.541259765625,100.23133850097656,-484.9282531738281,3687.54443359375
200.7962951660156,105.17391967773438,3682.9501953125,182.7080841064453,-45.8509407043457,3671.096435546875,170.06884765625,-167.16287231445312,3671.19970703125,169.67105102539062,-352.49603271484375,3682.199462890625,198.56329345703125,-322.2286682128906,3679.74169921875,312.96136474609375,-286.271728515625,3655.981201171875,359.628662109375,-54.68292617797851,3650.111328125,397.6575927734375,139.8219451904297,3642.267822265625,401.2224426269531,205.7985076904297,3691.412841796875,382.91558837890625,261.9549560546875,3762.474609375,358.81268310546875,233.4082794189453,3602.772705078125,141.10142517089844,-321.4120788574219,3682.806884765625,35.325416564941406,-283.2277526855469,3681.709228515625,-7.868308544158936,-49.00868225097656,3717.12744140625,-13.375494956970217,149.6283721923828,3687.884521484375,36.38639450073242,177.0074005126953,3755.968017578125,45.40774917602539,212.00669860839844,3672.642578125,64.987060546875,212.39407348632812,3654.8955078125,276.9118957519531,97.23081970214844,3668.00244140625,250.3920440673828,435.2785034179687,3620.839111328125,225.6100311279297,760.6798706054688,3597.439697265625,213.92535400390625,836.8759155273438,3457.000244140625,132.1595001220703,112.33656311035156,3696.429443359375,146.59237670898438,428.0841369628906,3826.9931640625,175.75721740722656,659.2152099609375,4061.598388671875,144.4040069580078,801.5117797851562,4039.361083984375,168.90428161621094,-421.9597473144531,3674.852294921875,183.6940155029297,-450.4007568359375,3541.22900390625,207.07958984375,-478.3998107910156,3572.216796875,246.87841796875,-466.0413513183594,3672.297119140625,163.02267456054688,-481.3274536132813,3565.18212890625,106.8231201171875,-486.2799987792969,3661.98583984375
204.4951934814453,96.73639678955078,3634.869140625,187.4034118652344,-55.05668258666992,3624.041259765625,175.37136840820312,-176.8839111328125,3622.990966796875,176.09088134765625,-362.56585693359375,3638.7822265625,204.9152374267578,-332.0286865234375,3636.19140625,319.72796630859375,-293.295654296875,3616.850341796875,372.2913208007813,-61.99942398071289,3618.585205078125,414.0218505859375,132.581298828125,3612.984130859375,410.990478515625,198.75885009765625,3662.410400390625,387.4080200195313,252.6286773681641,3734.134521484375,364.556884765625,221.7465057373047,3574.0498046875,147.1791229248047,-331.5889892578125,3637.946044921875,40.6956672668457,-294.1474609375,3636.556396484375,-0.7227808237075806,-58.53189468383789,3670.94677734375,-16.43410873413086,141.62501525878906,3652.654296875,17.40321159362793,189.2115478515625,3719.815673828125,40.148136138916016,215.55906677246097,3635.5556640625,57.92118453979492,208.93348693847656,3619.295654296875,280.583984375,89.36636352539062,3618.081298828125,256.7221374511719,430.6990051269531,3586.39208984375,234.33572387695312,758.2774047851562,3580.024658203125,215.44332885742188,846.5842895507812,3446.972900390625,135.88258361816406,103.38227081298828,3650.00732421875,125.16212463378906,432.1668090820313,3748.054931640625,152.67457580566406,650.1477661132812,3996.76708984375,138.17926025390625,794.383544921875,4026.338623046875,176.0023651123047,-432.4581604003906,3633.180908203125,179.327392578125,-458.2771911621094,3497.731201171875,205.75729370117188,-486.6554260253906,3526.0927734375,254.2334442138672,-475.6295471191406,3622.887939453125,161.12229919433594,-490.0336608886719,3522.876220703125,113.52677917480467,-497.5666198730469,3624.4921875
204.7344207763672,96.663330078125,3610.174560546875,187.9671173095703,-55.37100982666016,3598.91943359375,175.72100830078125,-177.3172607421875,3595.348388671875,174.6691131591797,-363.6512756347656,3605.951904296875,203.82701110839844,-333.2939147949219,3604.01904296875,318.5515441894531,-295.2137451171875,3581.87109375,372.3363342285156,-63.82213592529297,3582.935546875,413.9825744628906,130.98255920410156,3574.423095703125,417.7293090820313,196.19183349609375,3625.2783203125,394.8459777832031,244.69662475585935,3701.12255859375,370.2960510253906,224.74261474609375,3539.00048828125,146.02256774902344,-332.33074951171875,3606.177978515625,40.04426956176758,-292.9617004394531,3605.740966796875,2.35864520072937,-55.946319580078125,3637.28662109375,-10.872096061706545,144.61744689941406,3618.110107421875,16.97467041015625,212.0664825439453,3669.291015625,37.429935455322266,253.16717529296875,3590.366943359375,46.34124755859375,213.25498962402344,3567.31982421875,280.96246337890625,89.50040435791016,3593.370849609375,254.73838806152344,431.8612365722656,3570.04150390625,230.7751922607422,759.8590698242188,3574.787353515625,216.13168334960935,854.3529663085938,3445.19775390625,135.9962158203125,103.1224594116211,3625.327392578125,125.39048767089844,435.5138549804687,3712.457275390625,151.26455688476562,662.9940795898438,3953.394287109375,143.1817626953125,807.6820678710938,3984.306396484375,173.83853149414062,-433.46136474609375,3598.387451171875,185.65106201171875,-456.0503845214844,3462.62060546875,209.0611572265625,-486.13616943359375,3491.98193359375,251.13075256347656,-479.3224792480469,3592.28515625,164.59722900390625,-487.7684020996094,3485.618896484375,109.74597930908205,-496.053466796875,3583.645751953125
203.59732055664065,95.7799835205078,3553.492431640625,191.59849548339844,-56.732460021972656,3550.145751953125,183.0484619140625,-178.74172973632812,3552.56005859375,182.17442321777344,-364.1643981933594,3569.6787109375,211.2213134765625,-334.0070495605469,3565.9072265625,322.2904052734375,-292.02703857421875,3535.330078125,376.7576599121094,-61.717899322509766,3548.37646484375,405.7042236328125,133.40817260742188,3522.633056640625,421.04730224609375,194.7733612060547,3575.739013671875,423.01409912109375,247.4759826660156,3651.94921875,361.6399841308594,231.03741455078125,3501.42041015625,153.6280059814453,-332.88275146484375,3569.575927734375,48.596920013427734,-291.7897644042969,3567.789306640625,5.587518215179443,-56.9031982421875,3603.89306640625,-8.369062423706055,141.99314880371094,3575.108642578125,-0.3068335354328155,190.06842041015625,3649.4853515625,-4.046664237976074,275.3843688964844,3617.768310546875,27.641124725341797,230.15904235839844,3568.154541015625,279.9949951171875,90.11481475830078,3537.753173828125,259.6239013671875,432.7835998535156,3545.940185546875,238.18321228027344,758.447265625,3580.1533203125,222.9426422119141,851.87939453125,3450.318603515625,134.70619201660156,100.88851165771484,3567.685546875,118.2334442138672,442.2824096679687,3596.479736328125,151.2119140625,639.4962158203125,3861.024169921875,141.659423828125,782.7509765625,3896.27197265625,181.101806640625,-434.0358581542969,3564.604248046875,184.18150329589844,-461.5933837890625,3429.597900390625,209.0200653076172,-490.8176574707031,3458.472412109375,257.2256774902344,-480.9259338378906,3555.43310546875,164.33351135253906,-492.1296081542969,3454.951416015625,115.73999786376952,-496.1859130859375,3556.198974609375
200.22003173828125,99.59071350097656,3521.229736328125,187.74075317382812,-53.6259651184082,3514.87939453125,178.47406005859375,-176.27142333984375,3513.80908203125,178.7430419921875,-363.128173828125,3525.609375,207.729248046875,-332.5741882324219,3522.00390625,319.08111572265625,-289.60992431640625,3491.13427734375,369.9568481445313,-56.84010696411133,3496.005126953125,403.794921875,139.6728515625,3480.338134765625,409.5336608886719,203.11277770996097,3533.61474609375,388.0584716796875,244.0010986328125,3614.549072265625,353.79241943359375,233.3008270263672,3452.66015625,149.92306518554688,-331.8194274902344,3527.1064453125,44.08515930175781,-291.62921142578125,3533.8623046875,8.8673677444458,-54.4545783996582,3572.216064453125,-0.2224398851394653,144.19630432128906,3533.71533203125,22.68289566040039,216.2890167236328,3581.3876953125,-9.79310131072998,175.90908813476562,3505.86083984375,32.56523513793945,221.29534912109375,3485.9892578125,277.4054260253906,93.88008880615234,3507.33203125,257.2864990234375,438.0003662109375,3526.57568359375,236.52235412597656,764.5028076171875,3569.35693359375,224.9524078369141,858.7481079101562,3438.645751953125,130.61854553222656,104.740234375,3533.761962890625,117.0143585205078,448.84283447265625,3552.356689453125,146.9450225830078,661.3016967773438,3807.568603515625,135.11557006835938,809.3912963867188,3802.645751953125,177.8189239501953,-433.207763671875,3518.493896484375,182.8827362060547,-460.3619995117187,3382.697998046875,208.0978546142578,-489.3736877441406,3411.8955078125,255.3298492431641,-478.8669128417969,3509.931640625,163.24069213867188,-491.52783203125,3407.870361328125,113.38780212402344,-496.8952941894531,3509.126953125
196.11935424804688,101.29783630371094,3488.688720703125,187.06285095214844,-52.085453033447266,3484.08544921875,180.46861267089844,-174.79562377929688,3485.06787109375,177.65631103515625,-361.4869079589844,3496.5302734375,207.10452270507812,-331.4476013183594,3492.783447265625,318.5279541015625,-292.7663879394531,3457.288818359375,369.0056457519531,-60.26723861694336,3447.812255859375,403.2132873535156,135.14271545410156,3423.6875,415.2427673339844,193.7232360839844,3481.197509765625,400.7474670410156,225.98684692382812,3567.31982421875,353.0299377441406,231.46763610839844,3408.883544921875,149.40640258789062,-329.725830078125,3498.27734375,43.56662368774414,-289.8683776855469,3505.291015625,8.369621276855469,-51.86606979370117,3536.518310546875,-1.998734712600708,147.0341796875,3500.65869140625,32.67232131958008,207.4029541015625,3556.641845703125,1.8262304067611697,180.42420959472656,3474.81640625,40.23374557495117,228.51925659179688,3449.458740234375,273.8152160644531,97.03578186035156,3477.843017578125,255.1964874267578,439.9598388671875,3510.092529296875,235.97653198242188,764.1502075195312,3566.699951171875,218.52828979492188,858.2401733398438,3436.707763671875,126.05756378173828,105.14111328125,3498.46875,106.83555603027344,443.6282958984375,3436.949951171875,130.42127990722656,650.2532958984375,3697.183349609375,110.73973846435548,797.2933959960938,3690.284423828125,175.49923706054688,-431.4656982421875,3489.3056640625,185.70803833007812,-452.7531127929687,3352.87939453125,208.0201416015625,-484.2632141113281,3381.7783203125,250.92625427246097,-480.5709533691406,3482.160888671875,163.39488220214844,-483.9324340820313,3375.621826171875,108.59669494628906,-491.2312622070313,3474.05126953125
189.9708709716797,98.37733459472656,3454.4853515625,181.48304748535156,-55.482940673828125,3448.723876953125,175.07679748535156,-178.5838165283203,3447.196533203125,175.21273803710938,-365.7837219238281,3460.201904296875,204.2127685546875,-335.2731018066406,3455.41552734375,313.80511474609375,-293.4328918457031,3416.61328125,372.429443359375,-61.96990585327149,3410.43115234375,395.4661865234375,129.5352783203125,3355.810302734375,411.6123352050781,188.3187561035156,3412.47509765625,406.7804565429687,219.840576171875,3500.2568359375,350.576904296875,231.72418212890625,3357.676513671875,146.48423767089844,-334.307373046875,3462.475830078125,40.13387680053711,-295.4349670410156,3472.4326171875,0.7323995232582092,-57.88467788696289,3507.739501953125,-8.687301635742188,137.29856872558594,3452.72119140625,56.43497848510742,171.83241271972656,3503.6845703125,21.107223510742188,190.95005798339844,3421.13818359375,47.562652587890625,210.65545654296875,3396.86181640625,268.07769775390625,94.43352508544922,3444.73779296875,249.303466796875,436.0852661132813,3496.24853515625,228.82814025878903,757.7181396484375,3570.33984375,220.25238037109375,854.0355834960938,3440.4609375,119.53849029541016,101.9336395263672,3463.275390625,106.00052642822266,434.715087890625,3370.823486328125,124.6033935546875,673.0785522460938,3604.288818359375,104.52738189697266,816.5209350585938,3569.422607421875,173.84674072265625,-436.0614929199219,3453.55419921875,175.76214599609375,-451.560791015625,3315.54638671875,201.04002380371097,-483.4777221679687,3341.67724609375,250.46762084960935,-482.2511901855469,3439.4609375,155.97901916503906,-484.5052795410156,3338.416015625,107.89910125732422,-497.7246398925781,3440.0927734375
180.3718719482422,100.48346710205078,3426.204833984375,177.24618530273438,-51.93255233764648,3418.638916015625,175.3829803466797,-173.94215393066406,3418.14599609375,175.47250366210938,-359.52459716796875,3425.91943359375,204.15652465820312,-329.2244567871094,3421.716796875,313.9493103027344,-292.8063659667969,3382.000244140625,378.6026916503906,-65.5134048461914,3374.5849609375,387.0799255371094,114.72207641601562,3292.005126953125,380.314208984375,187.48565673828125,3330.04150390625,400.2213745117187,241.5116729736328,3402.36865234375,345.1280822753906,211.01361083984375,3330.421630859375,147.0904998779297,-328.42242431640625,3429.31982421875,40.29176330566406,-293.8180236816406,3436.80517578125,-5.055688381195068,-60.83311080932617,3477.960693359375,-7.81505012512207,130.07766723632812,3415.3125,68.0741958618164,159.9451141357422,3450.201171875,31.5174617767334,189.0744171142578,3372.277099609375,47.67585372924805,192.38653564453125,3349.274169921875,257.8651123046875,99.33604431152344,3417.305419921875,244.71014404296875,436.4529113769531,3476.390625,229.2455596923828,752.4407958984375,3560.407470703125,213.84092712402344,860.9649658203125,3443.46923828125,110.49280548095705,101.51815795898438,3434.229736328125,94.70690155029295,412.9948425292969,3293.54345703125,116.477783203125,676.5462036132812,3492.2373046875,101.28903198242188,817.382568359375,3451.246337890625,173.9856414794922,-428.88043212890625,3417.4443359375,174.83602905273438,-447.63873291015625,3281.254638671875,203.19729614257812,-476.0338134765625,3307.380126953125,253.5428771972656,-467.62786865234375,3403.0791015625,158.83836364746094,-481.32513427734375,3305.100341796875,114.53616333007812,-496.1184387207031,3407.001708984375
176.58824157714844,102.87725067138672,3394.674072265625,174.4178924560547,-52.12285232543945,3385.690185546875,173.07862854003906,-176.24380493164062,3384.37744140625,175.0806884765625,-364.91693115234375,3394.54638671875,203.99217224121097,-333.8260498046875,3390.378173828125,313.1643371582031,-293.8789978027344,3346.04248046875,366.6405334472656,-61.42206573486328,3315.199462890625,384.5827331542969,127.32707214355467,3245.9052734375,371.2506103515625,188.07032775878903,3302.0869140625,370.6549987792969,245.8701934814453,3376.27099609375,346.0118713378906,204.62774658203125,3327.513916015625,145.8144989013672,-333.5578918457031,3397.15478515625,36.42440032958984,-299.8751525878906,3397.790771484375,-10.65999984741211,-64.53643798828125,3447.343505859375,-1.865794897079468,128.16598510742188,3379.69384765625,82.8825454711914,148.95333862304688,3402.684326171875,33.81934356689453,168.85745239257812,3326.909423828125,59.64210510253906,151.06736755371094,3302.63232421875,255.76266479492188,102.07971954345705,3389.306884765625,242.2220916748047,442.79693603515625,3460.951904296875,226.95758056640625,761.9793701171875,3554.621337890625,212.99159240722656,864.7395629882812,3428.800537109375,105.19316864013672,103.59642028808594,3399.513916015625,93.3257827758789,421.5533752441406,3258.425537109375,111.15418243408205,726.99609375,3398.484130859375,79.2155990600586,847.844970703125,3315.53857421875,174.47291564941406,-435.5813598632813,3386.746337890625,178.50112915039062,-436.4621276855469,3246.95166015625,202.70501708984375,-471.8453979492187,3270.090087890625,250.73095703125,-482.3011779785156,3368.87353515625,157.38421630859375,-471.3602294921875,3266.02685546875,106.8492431640625,-494.1658325195313,3365.676025390625
166.66404724121094,114.9932632446289,3360.889404296875,169.64315795898438,-39.457820892333984,3354.649169921875,172.03448486328125,-162.95314025878906,3350.1650390625,172.81275939941406,-350.899658203125,3358.719970703125,201.74107360839844,-320.1239013671875,3354.22216796875,307.25054931640625,-275.1163024902344,3307.437255859375,358.7839050292969,-42.7850341796875,3280.6806640625,387.6512756347656,151.8926544189453,3239.858642578125,371.8472595214844,204.75927734375,3302.458740234375,372.44384765625,242.8945770263672,3387.97900390625,344.3780822753906,224.06602478027344,3319.430419921875,143.97080993652344,-319.48321533203125,3362.177978515625,36.71989440917969,-280.9660949707031,3363.609375,-14.086607933044434,-56.061729431152344,3443.463134765625,47.23165512084961,75.82881927490234,3301.078369140625,136.82693481445312,81.28380584716797,3305.055419921875,49.777923583984375,78.00688171386719,3275.333984375,128.30450439453125,42.84729766845703,3252.95068359375,245.6527862548828,116.5755386352539,3359.436767578125,237.76873779296875,452.1064453125,3447.281005859375,223.1067657470703,765.0484008789062,3555.828369140625,228.34657287597656,864.3678588867188,3427.5126953125,95.43643951416016,113.56646728515624,3362.199462890625,94.72084045410156,429.7806701660156,3220.393310546875,106.17242431640624,753.807373046875,3304.8369140625,80.1683349609375,851.783203125,3195.13134765625,171.51248168945312,-421.186279296875,3350.39697265625,176.73391723632812,-429.7609252929687,3211.506591796875,203.13705444335935,-461.7563781738281,3236.644775390625,250.7662811279297,-462.9814453125,3335.635498046875,158.1310577392578,-464.80267333984375,3232.392822265625,108.7734146118164,-485.38714599609375,3332.552734375
160.50692749023438,123.50968933105467,3327.65869140625,166.14903259277344,-31.95741844177246,3320.481201171875,170.6212158203125,-156.30740356445312,3316.243896484375,171.9979705810547,-345.7090759277344,3322.702392578125,201.0778656005859,-314.5547790527344,3318.90234375,306.1697998046875,-264.6578674316406,3273.760986328125,359.7664489746094,-30.63389587402344,3250.3017578125,384.868896484375,166.14776611328125,3209.826416015625,367.5692138671875,219.04884338378903,3272.816162109375,374.9142150878906,243.54330444335935,3363.60693359375,348.53143310546875,234.8688812255859,3299.3369140625,142.7857208251953,-314.209228515625,3326.173828125,34.40531921386719,-276.4159240722656,3324.1396484375,-40.59062957763672,-55.1253547668457,3400.4208984375,71.30176544189453,70.24070739746094,3282.950927734375,147.2664794921875,64.97301483154297,3234.0341796875,58.92581558227539,71.72422790527344,3261.3505859375,116.5820770263672,26.39801025390625,3207.93896484375,240.0241241455078,126.29623413085938,3329.807861328125,235.0305633544922,460.5929260253906,3431.518310546875,223.78607177734375,771.552001953125,3552.843017578125,226.7470703125,868.6627197265625,3421.299072265625,88.80278778076172,120.99694061279295,3325.720458984375,90.32350158691406,448.4358520507813,3204.712158203125,100.35066986083984,785.754150390625,3208.789794921875,75.80815887451172,849.6888427734375,3074.81982421875,171.058837890625,-416.41217041015625,3313.491943359375,174.5524139404297,-426.24420166015625,3173.61083984375,204.32896423339844,-455.7070617675781,3198.761474609375,254.0059051513672,-451.5218505859375,3297.55859375,159.37049865722656,-462.793212890625,3195.368408203125,113.4828109741211,-486.5901794433594,3297.39208984375
155.76113891601562,135.82037353515625,3290.962890625,163.52163696289062,-20.31941795349121,3283.1357421875,169.40664672851562,-145.3042449951172,3281.296630859375,169.71646118164062,-335.7499694824219,3285.0166015625,199.2054901123047,-304.52752685546875,3282.7958984375,309.41998291015625,-258.6429138183594,3244.3486328125,355.7253112792969,-23.917346954345703,3205.05078125,381.5931701660156,172.54669189453125,3158.75927734375,355.96539306640625,227.57907104492188,3217.515869140625,351.55950927734375,257.2607421875,3307.44580078125,342.54205322265625,230.74224853515625,3260.137939453125,140.3789825439453,-304.00103759765625,3287.834716796875,31.595617294311523,-266.05670166015625,3281.5244140625,-31.325281143188477,-31.608983993530273,3327.406005859375,96.61397552490234,78.86306762695312,3209.538818359375,178.70571899414062,44.55390548706055,3190.59814453125,86.7477798461914,54.89243698120117,3201.574951171875,152.300537109375,-19.73245620727539,3173.69091796875,235.46046447753903,139.48648071289062,3296.850341796875,231.70736694335935,471.2335510253906,3412.18310546875,221.81472778320312,778.6279907226562,3546.689453125,227.21128845214844,877.7964477539062,3415.720947265625,83.89274597167969,132.51449584960938,3285.65380859375,85.01991271972656,469.6429443359375,3188.44482421875,89.00617980957031,803.1686401367188,3126.727294921875,72.44904327392578,840.0704345703125,2981.0107421875,168.82586669921875,-406.6647338867187,3274.67822265625,182.3920135498047,-420.9634704589844,3135.07861328125,199.8280792236328,-457.3233337402344,3163.10693359375,239.301513671875,-465.1737365722656,3266.79638671875,155.06265258789062,-451.0354309082031,3155.310302734375,94.5956039428711,-457.6497192382813,3252.852783203125
153.9312286376953,146.62374877929688,3256.405517578125,162.52865600585938,-9.214133262634276,3245.9619140625,169.27395629882812,-134.0465850830078,3242.850341796875,166.9624481201172,-324.35894775390625,3246.159912109375,196.820556640625,-293.5711975097656,3243.41796875,305.8799743652344,-247.73692321777344,3202.00439453125,350.7717590332031,-9.642884254455566,3200.563232421875,385.2025451660156,190.72525024414065,3195.872314453125,365.0843811035156,236.4248962402344,3263.952880859375,340.7492370605469,306.70745849609375,3322.63818359375,330.09564208984375,261.505859375,3267.089111328125,138.15879821777344,-292.2272644042969,3249.6279296875,30.107177734375,-252.7515563964844,3241.74365234375,-35.87129592895508,-20.93891716003418,3295.205322265625,73.80172729492188,100.06487274169922,3169.752685546875,161.4280242919922,77.577392578125,3160.81884765625,107.89114379882812,2.728402614593506,3146.55419921875,145.0479278564453,9.796321868896484,3132.11767578125,233.7358856201172,150.88238525390625,3258.555908203125,230.01951599121097,476.4980163574219,3389.58203125,218.79373168945312,776.4269409179688,3539.40625,231.97547912597656,881.333251953125,3413.70361328125,81.96785736083984,142.78355407714844,3254.466552734375,80.64851379394531,479.9660034179687,3158.29833984375,81.60708618164062,810.0067749023438,3080.94873046875,64.9135971069336,830.9264526367188,2932.213134765625,164.86306762695312,-395.1818237304687,3235.698974609375,177.91477966308594,-410.46868896484375,3096.25,202.83755493164065,-441.8102111816406,3124.622314453125,245.33140563964844,-438.7135314941406,3227.2841796875,157.5858612060547,-444.7536010742187,3117.907958984375,101.84866333007812,-460.4407653808594,3217.125732421875
146.8721923828125,156.37908935546875,3212.725830078125,154.75877380371094,0.308498740196228,3201.510009765625,161.06411743164062,-124.65708923339844,3195.874267578125,163.6017608642578,-314.8940734863281,3208.26171875,192.7014007568359,-283.4824523925781,3203.869873046875,304.7427978515625,-239.78948974609375,3167.851806640625,346.74755859375,-0.8465945720672607,3173.698974609375,382.47698974609375,199.594482421875,3179.427734375,352.3437194824219,252.04942321777344,3238.51416015625,334.7591247558594,327.6070861816406,3293.1591796875,296.8132629394531,265.2590637207031,3150.70263671875,133.9626922607422,-283.3169250488281,3210.377685546875,22.76972770690918,-254.9129180908203,3197.44921875,-29.0516357421875,-19.44316864013672,3252.31494140625,-35.30875778198242,177.2377166748047,3190.505126953125,29.217529296875,216.0983123779297,3139.35546875,45.475006103515625,124.47010040283205,3133.069580078125,52.14389419555664,182.02232360839844,3115.850341796875,226.8444671630859,160.4040069580078,3212.951904296875,227.3238525390625,482.15765380859375,3354.62841796875,214.0944671630859,769.74755859375,3527.846923828125,232.3896942138672,883.9404907226562,3410.838134765625,74.7576904296875,152.74964904785156,3212.52197265625,77.58422088623047,493.3654174804687,3127.053466796875,82.49357604980469,826.2371826171875,3060.364501953125,64.19461822509766,848.455322265625,2911.76220703125,163.2479248046875,-386.2785034179687,3201.181640625,177.6863250732422,-402.0827941894531,3061.701416015625,197.08670043945312,-437.0066223144531,3090.337158203125,236.89605712890625,-441.0081176757813,3194.227294921875,152.00814819335938,-433.304443359375,3082.44140625,91.8721923828125,-441.6510314941406,3180.179443359375
144.99830627441406,159.95802307128906,3166.783935546875,153.0583953857422,3.937766075134278,3156.220458984375,159.24839782714844,-121.06632995605467,3153.7255859375,160.27479553222656,-311.0241394042969,3168.7177734375,189.5741729736328,-279.9549560546875,3163.524658203125,304.50653076171875,-240.2459259033203,3132.60595703125,339.9263000488281,-0.3744363784790039,3126.751708984375,370.0468444824219,200.90960693359375,3122.552978515625,340.2561950683594,255.09461975097656,3180.166748046875,321.9847717285156,332.6002502441406,3231.67724609375,280.8340759277344,261.2548828125,3093.587890625,130.95948791503906,-279.174560546875,3170.767578125,19.73958969116211,-248.73573303222656,3165.603271484375,-25.848705291748047,-6.478339195251465,3183.128662109375,-51.6491584777832,194.076416015625,3143.02783203125,9.039584159851074,248.6462860107422,3102.779541015625,33.34123992919922,161.7557373046875,3079.340576171875,38.06974029541016,203.6009826660156,3065.147216796875,224.85324096679688,163.8408203125,3170.366455078125,231.3820343017578,492.69818115234375,3293.94384765625,217.0205078125,751.2061767578125,3507.7900390625,232.06765747070312,885.075439453125,3413.51123046875,72.98960876464844,156.4567413330078,3163.5537109375,76.55723571777344,500.56494140625,3094.470703125,82.15745544433594,836.912109375,3049.895751953125,66.2758560180664,868.3587036132812,2902.774658203125,159.205078125,-382.4539184570313,3162.64013671875,172.77249145507812,-400.632080078125,3023.44091796875,195.138916015625,-433.2583312988281,3052.57275390625,236.60501098632812,-431.657470703125,3155.8115234375,149.82571411132812,-433.1351623535156,3045.327392578125,91.93193817138672,-443.4827880859375,3144.14697265625
140.9000244140625,158.6297149658203,3117.9453125,146.24855041503906,3.047853708267212,3109.635009765625,150.26368713378906,-121.5172348022461,3109.130126953125,150.63943481445312,-310.1103820800781,3129.70068359375,179.9193878173828,-279.4412841796875,3123.656005859375,295.9744873046875,-242.5241546630859,3095.86767578125,333.2679748535156,-4.7536492347717285,3076.259033203125,365.19573974609375,194.804931640625,3060.997802734375,340.2092590332031,250.84793090820312,3118.5732421875,324.4297790527344,330.0218505859375,3167.5400390625,272.5410461425781,256.2669982910156,3046.70361328125,121.55484771728516,-278.25958251953125,3130.745849609375,12.124479293823242,-243.8249969482422,3124.021484375,-19.401107788085938,0.0587403774261474,3132.0322265625,-45.79343032836914,203.466796875,3139.17724609375,6.7858991622924805,276.6223449707031,3129.595947265625,-3.708137273788452,212.10104370117188,3063.714111328125,11.004999160766602,227.68077087402344,3037.4873046875,220.4611968994141,161.18020629882812,3121.401611328125,234.8079071044922,496.3363342285156,3220.6015625,217.29722595214844,726.586181640625,3462.3662109375,226.4929046630859,884.61181640625,3420.6337890625,69.15621948242188,156.32981872558594,3114.828369140625,74.09159851074219,501.7498168945313,3062.164306640625,81.47775268554688,838.20263671875,3032.489501953125,68.32721710205078,882.5237426757812,2889.146240234375,149.3492431640625,-381.3707885742187,3125.775146484375,168.49325561523438,-396.2180480957031,2987.466552734375,190.82403564453125,-428.4881896972656,3016.658203125,228.27752685546875,-427.5298156738281,3120.90673828125,146.0247039794922,-429.7745971679687,3007.78955078125,85.25918579101562,-444.0203857421875,3103.77099609375
133.17185974121094,156.37176513671875,3077.165283203125,141.6051483154297,0.5860775709152222,3070.18017578125,148.06602478027344,-124.07698059082033,3072.416259765625,151.05442810058594,-312.927734375,3093.48974609375,179.99378967285156,-281.76898193359375,3087.782958984375,296.08966064453125,-241.4125518798828,3064.287841796875,336.0863037109375,-4.247501373291016,3038.4267578125,369.92626953125,194.81375122070312,3017.20703125,334.8988952636719,251.7068023681641,3068.600830078125,304.41632080078125,331.9435729980469,3108.3447265625,277.642578125,263.0276184082031,3021.6826171875,121.4184341430664,-281.4721374511719,3094.03759765625,10.293416976928713,-251.7777404785156,3089.34619140625,-38.36540603637695,-10.38375473022461,3078.759521484375,-74.7193832397461,189.89649963378903,3049.82470703125,-41.32289505004883,265.6038818359375,3087.109130859375,-3.6701412200927734,277.80511474609375,3002.982177734375,4.691041946411133,233.7144012451172,3000.435302734375,212.8259429931641,160.552490234375,3080.093017578125,221.0415954589844,499.7597961425781,3167.720458984375,212.32716369628903,717.1135864257812,3422.371826171875,216.35659790039065,878.6793212890625,3394.568115234375,61.34426498413086,152.60183715820312,3074.525390625,67.70779418945312,500.6471862792969,3037.54638671875,75.55379486083984,838.7752685546875,3025.46240234375,68.39718627929688,889.2094116210938,2883.44189453125,150.9188232421875,-384.333740234375,3089.714111328125,165.80734252929688,-388.5798950195313,2949.9072265625,186.296630859375,-424.87548828125,2975.66455078125,226.10379028320312,-435.7062072753906,3078.68310546875,141.26341247558594,-422.0677185058594,2967.998046875,81.64356231689453,-440.03363037109375,3064.314208984375
129.22352600097656,156.81922912597656,3041.366455078125,136.99314880371094,1.0843276977539062,3032.5693359375,142.59149169921875,-123.6046142578125,3035.76904296875,140.91354370117188,-312.4037780761719,3057.510009765625,170.68763732910156,-281.8406677246094,3052.984619140625,288.3777770996094,-243.49969482421875,3034.567626953125,339.6141052246094,-10.68122673034668,2993.4453125,357.9186706542969,175.45553588867188,2914.437255859375,340.3623352050781,241.7927703857422,2963.39404296875,333.90972900390625,302.7445983886719,3035.4404296875,280.4365539550781,250.2702789306641,2955.467041015625,111.90966796875,-280.3684387207031,3056.666015625,2.4395360946655273,-245.9329376220703,3047.49462890625,-36.12785720825195,-2.561643600463867,3041.265625,-58.65235137939453,197.31619262695312,2998.6513671875,-18.735572814941406,270.93780517578125,3033.640625,11.796615600585938,274.553955078125,2945.894775390625,20.688201904296875,233.19613647460935,2944.64208984375,208.811767578125,160.51670837402344,3046.202392578125,219.6339111328125,498.5864562988281,3137.906494140625,207.78334045410156,717.4370727539062,3391.16357421875,216.63279724121097,878.1715698242188,3359.8408203125,57.45530700683594,153.48504638671875,3037.00537109375,64.94336700439453,503.0326843261719,3019.2841796875,73.64686584472656,841.3134765625,3025.45263671875,65.78217315673828,892.6032104492188,2883.77001953125,139.52882385253906,-383.8100891113281,3053.94189453125,167.72128295898438,-381.8148498535156,2916.14306640625,189.87892150878903,-416.3065185546875,2942.979248046875,220.95846557617188,-425.7626037597656,3049.09423828125,145.73446655273438,-418.481689453125,2931.08984375,79.97663116455078,-446.3069458007813,3020.849609375
128.6802520751953,153.4245147705078,3003.908447265625,133.6611785888672,-2.7187764644622803,2993.57421875,137.0279083251953,-127.8314437866211,2994.943115234375,139.61801147460938,-316.8782653808594,3018.495361328125,168.78057861328125,-285.5286560058594,3014.376220703125,287.7706298828125,-248.25845336914065,3000.580078125,336.60430908203125,-11.23484992980957,2984.878173828125,333.12274169921875,125.07088470458984,2833.75634765625,324.6476135253906,203.3095245361328,2802.9697265625,315.93890380859375,241.970703125,2889.1171875,299.4577941894531,234.80105590820312,2793.6474609375,109.76677703857422,-285.52545166015625,3016.654541015625,1.3183951377868652,-251.18849182128903,2997.175537109375,-45.14801025390625,-8.64674186706543,3005.672119140625,-60.38235092163086,186.30319213867188,2940.502685546875,-19.24356460571289,230.82080078125,3008.35888671875,0.199776142835617,310.95489501953125,2964.90673828125,4.048474311828613,256.20355224609375,2917.317138671875,208.50181579589844,155.6289825439453,3009.07275390625,211.9505615234375,506.6685791015625,3022.77001953125,200.56654357910156,691.73681640625,3302.685791015625,212.2476043701172,855.6388549804688,3297.36083984375,56.70164489746094,151.43666076660156,2999.25146484375,64.14844512939453,502.2826232910156,3003.041748046875,74.95401000976562,840.4465942382812,3028.44482421875,61.62176513671875,893.7457885742188,2887.515625,140.12908935546875,-388.5030212402344,3015.569091796875,173.67807006835938,-380.3795166015625,2878.8427734375,187.89877319335935,-420.6956787109375,2903.0322265625,212.4977569580078,-444.8343505859375,3008.81103515625,144.5310821533203,-413.3682861328125,2889.963623046875,71.04356384277344,-435.5810241699219,2975.56005859375
133.5018310546875,154.1867218017578,2973.951416015625,136.08860778808594,-0.0490546226501464,2958.562255859375,137.66600036621094,-123.84049987792967,2952.84423828125,135.90188598632812,-311.45361328125,2972.523193359375,165.4757537841797,-280.8927307128906,2970.199462890625,285.2506408691406,-248.5913848876953,2963.84765625,334.451416015625,-13.918712615966797,2976.7890625,338.8246154785156,131.37216186523438,2837.18603515625,326.6429443359375,212.06158447265625,2818.69580078125,312.400634765625,265.4017639160156,2894.6416015625,299.0999450683594,247.90769958496097,2860.0224609375,107.00902557373048,-279.8258361816406,2970.158203125,0.6734952330589294,-241.5777130126953,2953.1748046875,-42.56890106201172,-1.0295063257217407,2964.508056640625,-53.46989440917969,193.19187927246097,2902.76953125,-38.56484603881836,236.926513671875,2980.110595703125,-24.250675201416016,321.5094909667969,2946.07763671875,0.7748305797576904,273.3630065917969,2900.528564453125,212.50662231445312,154.91900634765625,2979.892578125,212.17095947265625,501.3597106933594,2948.439697265625,195.24188232421875,693.0884399414062,3219.5078125,203.1884765625,854.0154418945312,3196.301025390625,62.259727478027344,153.52639770507812,2968.593994140625,64.41812896728516,500.50152587890625,2987.4033203125,68.97618103027344,833.8812866210938,3028.624267578125,62.2003288269043,894.0697021484375,2891.646484375,135.2334442138672,-382.30181884765625,2968.239501953125,175.68247985839844,-375.37054443359375,2834.778076171875,193.7289276123047,-411.7405395507813,2861.5556640625,214.395263671875,-427.28765869140625,2968.63330078125,151.12376403808594,-411.38140869140625,2845.786376953125,76.89445495605469,-440.049072265625,2927.209716796875
136.8748779296875,155.6403350830078,2945.004638671875,138.92076110839844,0.9693503379821776,2930.993896484375,140.1680450439453,-123.10204315185548,2926.232666015625,134.7996826171875,-311.59796142578125,2939.073974609375,164.9680938720703,-281.4205627441406,2938.80712890625,286.5524597167969,-255.3078460693359,2933.927978515625,336.6587829589844,-21.085426330566406,2956.46728515625,346.739990234375,144.16455078125,2840.869384765625,338.6338195800781,227.4693298339844,2836.146484375,314.2440490722656,286.8862609863281,2904.878662109375,310.01312255859375,261.355224609375,2851.451904296875,106.44702911376952,-279.3612060546875,2936.9228515625,0.8166059851646423,-240.89178466796875,2915.229736328125,-42.674781799316406,0.1346319913864135,2925.440673828125,-51.55931091308594,194.1575469970703,2861.510986328125,-45.2889289855957,238.87725830078125,2939.666015625,-28.025707244873047,298.94927978515625,2871.525390625,3.68952751159668,276.0419006347656,2876.286376953125,216.10801696777344,156.25201416015625,2949.82177734375,214.45814514160156,500.2913513183594,2894.098876953125,184.6876220703125,713.7779541015625,3148.031982421875,213.63824462890625,863.1526489257812,3089.302734375,65.4268798828125,155.08876037597656,2940.660888671875,69.14881896972656,501.8753356933594,2971.23486328125,75.42090606689453,834.1040649414062,3024.864501953125,65.4759750366211,892.5810546875,2887.02978515625,133.15403747558594,-382.3614196777344,2932.19970703125,181.00230407714844,-375.3899230957031,2800.92822265625,199.43255615234375,-410.32568359375,2829.464111328125,214.6365509033203,-422.9625549316406,2938.044921875,157.78817749023438,-412.5887756347656,2811.230224609375,80.43811798095703,-444.03363037109375,2888.94140625
140.37417602539062,153.3365478515625,2917.649169921875,141.477294921875,-0.4794448614120483,2903.759033203125,141.71823120117188,-123.84381103515624,2898.61181640625,137.5575714111328,-311.5801696777344,2906.4990234375,167.27796936035156,-281.3389892578125,2908.130126953125,287.9662170410156,-254.0415802001953,2906.07470703125,336.53680419921875,-21.372020721435547,2933.21435546875,350.29644775390625,159.2802734375,2846.663818359375,379.3112487792969,236.67404174804688,2835.83056640625,327.0569152832031,314.03863525390625,2829.962158203125,325.7091064453125,273.84234619140625,2852.8154296875,109.18327331542967,-279.7043762207031,2904.0791015625,5.585082054138184,-240.13916015625,2878.3203125,-37.29061126708984,-0.3397613763809204,2886.960205078125,-45.82286834716797,192.8837127685547,2824.23388671875,23.98369407653809,231.45989990234375,2865.4052734375,-29.94359588623047,293.64349365234375,2824.427734375,28.258949279785156,242.66177368164065,2819.46240234375,218.85853576660156,153.13804626464844,2926.08056640625,229.4172210693359,491.3522338867187,2851.1767578125,190.7829437255859,746.7601318359375,3058.485595703125,211.5562744140625,883.0518798828125,2973.0732421875,69.60138702392578,153.51556396484375,2910.046630859375,69.94760131835938,497.0095825195313,2953.22314453125,72.71903991699219,824.828369140625,3020.677734375,62.316139221191406,893.5029907226562,2888.615966796875,136.80616760253906,-381.762451171875,2897.8564453125,183.66436767578125,-370.3450012207031,2767.3759765625,203.74557495117188,-404.605712890625,2795.14013671875,219.73062133789065,-418.1947937011719,2902.8623046875,162.45071411132812,-408.5890502929687,2777.042724609375,87.35520935058594,-444.8720397949219,2853.91552734375
144.83682250976562,153.97000122070312,2887.57958984375,145.22222900390625,0.2389401197433471,2872.7890625,144.8096466064453,-123.12109375,2867.6337890625,138.22996520996094,-310.9419860839844,2866.065185546875,168.10739135742188,-281.21380615234375,2870.9609375,289.0389709472656,-255.7517242431641,2877.39404296875,333.4525451660156,-24.8911075592041,2921.646484375,353.33660888671875,166.13095092773438,2863.09326171875,389.1764221191406,240.5128936767578,2851.6279296875,355.4239196777344,326.8521423339844,2864.119140625,340.55517578125,288.8385009765625,2858.878662109375,110.38835144042967,-278.6125183105469,2863.502685546875,7.854320049285889,-237.08001708984375,2836.621826171875,-38.701690673828125,1.84863805770874,2849.2294921875,-40.012725830078125,195.57553100585935,2787.51611328125,4.204228401184082,244.7345428466797,2848.211669921875,-34.21761703491211,300.7267761230469,2786.225830078125,24.72496795654297,254.02951049804688,2806.096923828125,223.31594848632812,153.35487365722656,2896.018310546875,228.3664703369141,475.7728576660156,2769.03369140625,190.6923828125,753.6448364257812,2945.284423828125,206.7393798828125,892.1542358398438,2862.469482421875,74.06875610351562,154.5247039794922,2879.97021484375,75.19795227050781,496.9737548828125,2930.6943359375,78.92674255371094,821.3488159179688,3013.05615234375,59.06113815307617,897.5128173828125,2886.296875,137.2776336669922,-380.6080627441406,2853.9716796875,198.93296813964844,-364.6744079589844,2730.299560546875,213.3923492431641,-402.0472106933594,2757.53857421875,216.4022674560547,-423.5442810058594,2865.11376953125,174.17250061035156,-401.7047424316406,2734.950439453125,88.70970916748047,-436.8536071777344,2800.71630859375
151.68048095703125,159.11912536621094,2859.251953125,150.64114379882812,6.017744541168213,2842.03466796875,149.07472229003906,-116.86582946777344,2833.765380859375,144.47337341308594,-304.1553649902344,2826.403564453125,173.7771759033203,-274.3903503417969,2833.26416015625,294.2107849121094,-250.6328887939453,2846.37548828125,334.7022705078125,-25.96683883666992,2915.932373046875,354.501708984375,167.7689666748047,2869.092041015625,400.5765686035156,236.8898162841797,2872.920166015625,385.6658020019531,328.9886474609375,2874.69970703125,362.2615966796875,288.5930480957031,2872.98828125,116.48566436767578,-272.0939636230469,2823.7783203125,14.108792304992676,-230.3960418701172,2797.72509765625,-35.106048583984375,7.059559345245361,2815.631591796875,-35.16813278198242,200.89498901367188,2755.885498046875,-14.89403247833252,261.9646911621094,2818.14697265625,-33.17673110961914,298.356689453125,2735.9619140625,13.455535888671877,279.37542724609375,2778.51025390625,229.73013305664065,157.43128967285156,2869.549072265625,229.5919952392578,471.7348937988281,2725.534423828125,188.28195190429688,774.6444091796875,2850.868896484375,209.48936462402344,899.2069091796875,2749.83056640625,81.29967498779297,160.64112854003906,2849.966552734375,77.68207550048828,500.2475280761719,2912.610107421875,74.63517761230469,820.7005004882812,3006.30615234375,55.754127502441406,899.6239013671875,2881.522216796875,144.67190551757812,-373.2663269042969,2812.2568359375,207.9318389892578,-368.098876953125,2688.8525390625,221.5894775390625,-403.1866149902344,2719.164306640625,222.97425842285156,-415.8438415527344,2827.900634765625,182.7628173828125,-404.2884521484375,2696.14306640625,96.28417205810548,-433.0288391113281,2763.2109375
156.45713806152344,163.2128143310547,2831.174560546875,151.16915893554688,8.61196231842041,2815.8701171875,146.37518310546875,-115.34169006347656,2808.38525390625,144.7779083251953,-304.16595458984375,2797.13671875,173.61851501464844,-273.8714294433594,2805.760009765625,294.2626647949219,-244.06842041015625,2814.179931640625,339.1709289550781,-17.78939437866211,2883.142578125,361.7756958007813,181.59323120117188,2859.15673828125,416.4462890625,232.75439453125,2897.011962890625,379.466064453125,318.39813232421875,2884.299560546875,359.1379699707031,279.2554626464844,2912.712890625,116.1911392211914,-272.1664123535156,2794.038818359375,15.712902069091797,-228.79885864257812,2760.076904296875,-34.84744644165039,10.056346893310549,2784.18115234375,-25.56871223449707,209.816162109375,2740.70556640625,-11.792313575744627,289.34075927734375,2781.2880859375,-31.80038833618164,296.7078857421875,2691.23583984375,21.48137664794922,286.15045166015625,2747.550048828125,235.2961883544922,159.61233520507812,2840.304931640625,232.89947509765625,475.2738952636719,2691.89892578125,186.58303833007812,799.4711303710938,2754.1875,210.41204833984375,904.5643920898438,2631.58349609375,85.364501953125,166.45953369140625,2822.94140625,80.37153625488281,507.0340576171875,2896.389404296875,77.11380767822266,829.2633056640625,2994.5576171875,52.65593719482422,908.5902099609376,2869.405029296875,146.53684997558594,-373.5876770019531,2781.537109375,227.08615112304688,-361.4619445800781,2667.661865234375,235.33843994140625,-399.7185974121094,2696.760986328125,221.14662170410156,-421.0808410644531,2804.19970703125,199.73388671875,-397.2863159179687,2668.44677734375,103.0663833618164,-427.6232299804687,2721.05419921875
163.91319274902344,169.43685913085938,2803.288818359375,155.6165008544922,15.08489227294922,2779.804931640625,147.6839599609375,-109.03870391845705,2767.4091796875,147.4173126220703,-299.136962890625,2759.48779296875,175.64871215820312,-268.39666748046875,2769.644287109375,293.8498229980469,-235.2127227783203,2794.58447265625,338.12811279296875,-11.09151554107666,2874.9501953125,367.4031372070313,185.72329711914065,2833.4541015625,408.068115234375,228.9096221923828,2893.475830078125,394.7172546386719,322.56768798828125,2897.607421875,370.5891723632813,287.7999267578125,2892.97509765625,118.86988067626952,-267.13104248046875,2753.745361328125,18.295839309692383,-219.2390899658203,2724.180908203125,-21.564937591552734,22.231250762939453,2755.691162109375,-18.820167541503903,226.4279632568359,2729.92626953125,-5.972776412963867,275.4980773925781,2805.31201171875,-28.9429874420166,284.05364990234375,2715.5185546875,26.61443519592285,292.557373046875,2773.942626953125,242.0940093994141,162.9235076904297,2818.47802734375,232.96566772460935,485.7841491699219,2681.48876953125,188.9568328857422,817.849853515625,2666.728759765625,229.9530029296875,899.3062133789062,2530.206298828125,93.41411590576172,175.3102264404297,2789.591552734375,84.98588562011719,514.9526977539062,2875.5888671875,76.4434814453125,831.1884155273438,2996.923095703125,52.89670181274414,909.8343505859376,2870.1279296875,150.49427795410156,-369.22564697265625,2745.244140625,235.2328338623047,-352.3743896484375,2634.0400390625,243.90921020507812,-390.904296875,2663.130859375,226.4193115234375,-414.3971862792969,2770.29931640625,209.12786865234375,-389.4397277832031,2633.3388671875,111.23094940185548,-424.3694763183594,2682.126708984375
167.4140167236328,177.50393676757812,2768.479248046875,160.31202697753906,22.62356948852539,2748.238037109375,153.00668334960938,-101.90274047851562,2740.167236328125,157.49192810058594,-291.79925537109375,2729.02490234375,184.74510192871097,-260.5787658691406,2740.335205078125,302.5689697265625,-223.5970764160156,2761.469482421875,346.89288330078125,-1.4532655477523804,2847.17138671875,371.5082702636719,196.8891143798828,2810.09228515625,402.4403991699219,236.62486267089844,2877.81591796875,399.2398681640625,328.3900451660156,2900.99462890625,354.12890625,294.16656494140625,2868.91845703125,128.3146209716797,-260.38104248046875,2723.181640625,29.53270149230957,-214.56117248535156,2685.402587890625,-18.478580474853516,24.00811004638672,2726.357666015625,-9.975069046020508,228.645751953125,2705.7578125,-6.6186747550964355,318.1143798828125,2721.284912109375,-16.72158432006836,303.3322448730469,2629.938232421875,30.76302719116211,308.24029541015625,2692.35888671875,245.6671905517578,171.92694091796875,2783.696533203125,227.55355834960935,503.7807312011719,2671.22607421875,201.76890563964844,829.2115478515625,2594.629150390625,257.44525146484375,884.9927978515625,2450.593017578125,96.84967803955078,182.532958984375,2754.75732421875,87.2387466430664,518.5072021484375,2854.099365234375,78.54716491699219,831.1193237304688,2984.5341796875,61.82792663574219,913.387939453125,2858.94775390625,162.57022094726562,-361.5406188964844,2713.6689453125,247.92556762695312,-348.780517578125,2602.380126953125,255.9317321777344,-386.6835021972656,2632.474609375,237.73635864257812,-407.1793212890625,2740.147216796875,221.2731781005859,-385.4643249511719,2602.5244140625,122.69927978515624,-417.6917419433594,2651.82421875
169.25279235839844,182.12966918945312,2737.953369140625,163.78695678710938,25.57475852966309,2718.536865234375,157.9689178466797,-100.22199249267578,2710.41845703125,164.89764404296875,-291.76116943359375,2697.647216796875,191.9884033203125,-259.9986572265625,2709.392333984375,310.6683044433594,-221.5665740966797,2730.260009765625,344.79052734375,17.73117446899414,2767.043212890625,356.10565185546875,174.45611572265625,2635.053955078125,383.7376708984375,235.24412536621097,2687.96826171875,409.39459228515625,301.49249267578125,2751.94482421875,349.75726318359375,279.2022705078125,2666.2177734375,135.0677947998047,-260.36322021484375,2691.922119140625,37.24900817871094,-211.80941772460935,2651.759521484375,-8.243553161621094,30.24609375,2689.224609375,-6.149771690368652,237.7488555908203,2678.13427734375,-3.065592050552368,315.9687194824219,2725.95947265625,-21.423683166503903,303.8128356933594,2634.60302734375,31.846172332763672,319.49200439453125,2692.271484375,248.37147521972656,177.49746704101562,2753.0302734375,235.981201171875,511.9670104980469,2637.103271484375,216.72601318359375,839.029296875,2551.955810546875,280.887451171875,883.7398681640625,2405.810546875,97.90798950195312,186.3067321777344,2724.35791015625,86.40772247314453,525.5361938476562,2824.276123046875,79.31854248046875,829.7783203125,2980.4833984375,61.1283073425293,911.7007446289062,2853.146728515625,170.93572998046875,-361.9715881347656,2681.595458984375,255.9901428222656,-339.1811828613281,2569.97216796875,266.5028381347656,-378.050537109375,2598.80224609375,249.6015167236328,-404.2106323242187,2706.556396484375,231.47048950195312,-377.8119812011719,2568.593017578125,134.26290893554688,-418.5252685546875,2616.87890625
167.36053466796875,191.4851226806641,2687.997314453125,169.43057250976562,35.3640022277832,2670.65625,170.8597869873047,-89.63285827636719,2658.5517578125,175.5691680908203,-280.65625,2664.427001953125,203.24891662597656,-248.39486694335935,2671.898681640625,322.9476318359375,-214.7970733642578,2691.6044921875,343.99664306640625,27.5539608001709,2685.79150390625,361.7774658203125,220.1474151611328,2620.201416015625,384.4394836425781,287.1572265625,2666.951416015625,406.0207214355469,345.6596374511719,2738.817138671875,322.0173645019531,313.2442321777344,2599.725830078125,145.95587158203125,-249.7449493408203,2656.82568359375,45.08087921142578,-206.31314086914065,2620.1123046875,-5.607001304626465,35.09287643432617,2645.138671875,-8.382108688354492,240.46365356445312,2620.884521484375,11.973220825195312,326.3365173339844,2644.26025390625,-12.444613456726074,315.9770812988281,2554.5771484375,41.492164611816406,318.1337585449219,2611.783935546875,246.9987030029297,191.4069366455078,2698.207763671875,239.11781311035156,529.7781372070312,2599.672119140625,224.7515869140625,858.947998046875,2529.3935546875,284.2496337890625,913.87255859375,2385.673583984375,95.54728698730467,191.5556182861328,2678.7900390625,82.41014862060547,532.0614624023438,2767.572509765625,79.94261169433594,808.6732788085938,2966.0126953125,58.465057373046875,913.3411865234376,2858.22412109375,180.3265686035156,-351.83172607421875,2655.194091796875,268.54998779296875,-330.33056640625,2546.68115234375,276.4937438964844,-370.2069091796875,2574.536376953125,255.93576049804688,-398.2007141113281,2680.624755859375,242.3983459472656,-367.5164184570313,2543.717529296875,142.74227905273438,-404.6027221679687,2588.47900390625
172.2862548828125,194.21482849121097,2650.808837890625,176.31483459472656,37.77448654174805,2642.3076171875,178.7403564453125,-87.49385070800781,2642.688232421875,188.05435180664065,-277.9307861328125,2638.12744140625,214.62222290039065,-245.5754241943359,2648.189697265625,332.5123291015625,-208.21173095703125,2670.003662109375,356.698486328125,30.181989669799805,2631.08984375,376.9783630371094,230.3793182373047,2599.1064453125,385.39996337890625,301.7048034667969,2643.79638671875,391.4325866699219,365.504638671875,2713.8203125,333.6494445800781,319.0281677246094,2561.89599609375,157.97869873046875,-247.4177703857422,2631.366943359375,58.8593864440918,-202.7752227783203,2592.265380859375,5.072962284088135,38.45077896118164,2602.203369140625,-6.048910140991211,243.010986328125,2577.662109375,16.371776580810547,307.1055603027344,2638.36376953125,-22.13787841796875,316.3822937011719,2553.887939453125,39.76704025268555,317.1703796386719,2611.21484375,251.87905883789065,195.78289794921875,2659.670654296875,243.83055114746097,535.4554443359375,2568.9150390625,229.42726135253903,865.30859375,2506.05810546875,286.4005126953125,937.8779907226562,2369.781982421875,100.513916015625,192.80084228515625,2642.817626953125,80.98053741455078,538.5576171875,2701.838134765625,78.57051086425781,784.7528686523438,2935.788330078125,58.993690490722656,918.4030151367188,2867.374755859375,194.84982299804688,-348.17816162109375,2625.14697265625,285.8712463378906,-330.3014221191406,2518.743896484375,293.1823425292969,-368.9547729492187,2548.24169921875,269.73944091796875,-392.9838562011719,2654.42578125,260.0644226074219,-367.6429443359375,2516.445556640625,159.5721893310547,-403.5315551757813,2559.581298828125
186.84390258789065,193.49057006835935,2611.84130859375,189.04522705078125,36.676483154296875,2602.71337890625,189.95407104492188,-88.89791107177734,2600.97216796875,196.2134246826172,-279.7465515136719,2610.151611328125,223.15890502929688,-247.08303833007812,2618.507568359375,339.1178894042969,-205.28030395507812,2644.021484375,362.3509826660156,33.82283401489258,2605.281005859375,383.1027221679687,230.86854553222656,2555.755126953125,387.0012512207031,304.3435363769531,2597.89404296875,385.6802978515625,371.4934387207031,2665.289306640625,338.5453186035156,318.0183410644531,2519.17919921875,166.7294158935547,-249.27099609375,2600.55126953125,67.05746459960938,-204.1025390625,2562.666259765625,15.504934310913086,38.413047790527344,2563.66796875,3.1979923248291016,242.93446350097656,2535.513427734375,20.69089126586914,320.72320556640625,2579.986083984375,-8.458731651306152,321.6664733886719,2491.12646484375,51.47965240478515,319.4902648925781,2542.515625,266.2052001953125,193.8961944580078,2624.01171875,253.629150390625,537.2100219726562,2544.992919921875,233.3834991455078,869.82275390625,2495.422119140625,289.55645751953125,947.0443725585938,2360.909423828125,115.28033447265624,193.12478637695312,2600.866455078125,95.71066284179688,542.8719482421875,2636.826904296875,81.19730377197266,766.70263671875,2892.9287109375,58.58222579956055,912.3462524414062,2856.71337890625,202.1296234130859,-351.0030517578125,2602.319580078125,308.77923583984375,-330.6111755371094,2511.595947265625,309.911376953125,-371.744140625,2538.72412109375,269.9454040527344,-402.0919799804687,2638.437255859375,281.85736083984375,-366.25390625,2502.6357421875,174.3335723876953,-399.5041809082031,2528.000732421875
198.4066467285156,189.81578063964844,2579.110595703125,198.29449462890625,33.84950637817383,2572.635009765625,197.41305541992188,-90.93877410888672,2571.700439453125,206.0858917236328,-280.5802307128906,2578.513427734375,232.26283264160156,-247.8739013671875,2587.697509765625,346.27667236328125,-204.1320953369141,2614.761962890625,372.52001953125,36.16511917114258,2609.0771484375,397.2303771972656,224.30010986328125,2537.113525390625,409.53326416015625,298.6888122558594,2574.71240234375,417.8845520019531,368.43939208984375,2637.988525390625,357.2862548828125,310.3126220703125,2496.144775390625,176.5441131591797,-250.576171875,2568.84765625,77.83555603027344,-206.59519958496097,2529.31201171875,24.53432273864746,33.787742614746094,2520.83642578125,14.09079360961914,235.6038818359375,2483.491943359375,7.617990493774414,302.5517883300781,2544.367431640625,-1.1920621395111084,325.4107666015625,2454.72314453125,40.180049896240234,323.087158203125,2510.88720703125,276.83453369140625,189.1522979736328,2593.73193359375,264.4989013671875,532.86181640625,2527.322998046875,243.07325744628903,865.2373657226562,2493.652587890625,282.5416259765625,953.1813354492188,2361.07421875,127.68475341796876,190.4140625,2565.92578125,101.98074340820312,539.35009765625,2561.73583984375,84.02763366699219,744.6244506835938,2830.0205078125,75.21701049804688,895.1278686523438,2833.9521484375,213.0739898681641,-351.1925964355469,2569.93408203125,308.70343017578125,-325.00146484375,2470.2490234375,315.3629150390625,-365.0787353515625,2497.597412109375,287.0908508300781,-395.9674377441406,2600.312255859375,284.05810546875,-362.5108947753906,2464.337890625,182.74313354492188,-402.9171447753906,2499.622314453125
214.5030517578125,199.87210083007812,2551.171630859375,208.99124145507812,44.49227523803711,2543.9765625,201.9215545654297,-79.68160247802734,2547.669189453125,214.54640197753903,-268.6546325683594,2549.778076171875,239.353515625,-235.76287841796875,2561.2353515625,351.06768798828125,-187.1390380859375,2587.86669921875,380.6417541503906,50.61629486083984,2614.6982421875,408.3795776367187,231.3479461669922,2528.036865234375,444.55609130859375,306.9405212402344,2533.89111328125,483.6985473632813,386.5938720703125,2565.66748046875,374.4980773925781,310.2148132324219,2471.54443359375,184.97425842285156,-239.1180419921875,2539.359130859375,86.91091918945312,-200.7234649658203,2493.83056640625,29.50251007080078,37.94132232666016,2484.581298828125,24.36188507080078,239.1075897216797,2445.949951171875,18.38113021850586,300.2033386230469,2512.382080078125,3.6555192470550537,330.8246765136719,2426.17724609375,39.83578872680664,339.1222229003906,2443.057373046875,290.97772216796875,196.159912109375,2572.754150390625,270.4144592285156,540.5633544921875,2518.486083984375,240.93276977539065,871.9293823242188,2491.3056640625,282.3385925292969,958.6012573242188,2359.0732421875,145.54246520996094,203.21954345703125,2531.70947265625,108.35913848876952,548.7228393554688,2500.660400390625,79.29429626464844,742.6685180664062,2775.08349609375,65.18180847167969,890.7939453125,2796.789794921875,223.58880615234375,-338.6223449707031,2539.705810546875,321.29718017578125,-321.78070068359375,2440.599609375,330.1782531738281,-355.0902404785156,2475.18408203125,299.5111389160156,-369.0667419433594,2580.521728515625,300.70166015625,-361.9420471191406,2441.055419921875,202.16175842285156,-405.1348876953125,2479.654296875
226.04898071289065,197.8513641357422,2519.464111328125,223.30450439453125,43.523536682128906,2507.552001953125,220.29827880859375,-79.99945068359375,2500.441162109375,225.4814910888672,-267.48626708984375,2518.150146484375,251.0163726806641,-234.85484313964844,2527.751220703125,360.9277648925781,-190.82566833496097,2564.744384765625,403.703857421875,44.954402923583984,2573.67822265625,451.9256591796875,222.6276397705078,2492.35546875,478.6533508300781,301.7415466308594,2489.43017578125,484.0303039550781,392.54058837890625,2466.663818359375,410.1058349609375,321.92706298828125,2478.62548828125,197.58697509765625,-238.0175018310547,2504.396484375,98.27232360839844,-202.7282867431641,2460.645263671875,45.07637405395508,35.24871063232422,2445.3056640625,38.377193450927734,234.1675262451172,2401.430908203125,32.60331726074219,286.1492919921875,2474.63525390625,19.115398406982425,336.4667053222656,2398.6064453125,58.27729415893555,330.7322998046875,2399.01806640625,301.0312805175781,194.58453369140625,2544.51220703125,278.3362731933594,538.961181640625,2504.89599609375,247.0230255126953,869.1630249023438,2490.453125,284.4197998046875,956.9220581054688,2358.822265625,158.4341278076172,200.7971954345703,2496.876953125,136.5959014892578,543.9889526367188,2450.37255859375,86.75993347167969,729.7811279296875,2725.23828125,71.68274688720703,878.4259033203125,2732.135009765625,232.0959014892578,-337.9449768066406,2514.11083984375,342.9096984863281,-330.69818115234375,2429.7861328125,343.4541320800781,-365.0006713867187,2464.167236328125,297.8000793457031,-376.74505615234375,2563.56103515625,318.42327880859375,-368.1806945800781,2426.4619140625,212.12461853027344,-400.6746520996094,2450.355224609375
232.976806640625,199.58273315429688,2498.3740234375,231.98976135253903,44.99140548706055,2485.6533203125,229.97950744628903,-78.79185485839844,2478.459228515625,235.87677001953125,-267.4366149902344,2481.697509765625,260.5050048828125,-235.48094177246097,2495.42578125,365.9698791503906,-192.4231109619141,2545.140625,409.352294921875,42.556373596191406,2570.27685546875,461.4148864746094,220.1109161376953,2490.086181640625,491.5325317382813,292.5782775878906,2460.9150390625,480.2770080566406,319.8267517089844,2371.71142578125,457.5791320800781,320.39105224609375,2453.618408203125,208.54660034179688,-237.0470733642578,2468.564697265625,111.95156860351562,-194.0076904296875,2425.07421875,61.15660858154297,44.58233642578125,2404.36474609375,53.28676986694336,244.7298126220703,2364.592041015625,76.28450775146484,299.23834228515625,2432.60888671875,37.34394836425781,347.3142395019531,2364.0517578125,75.5487060546875,342.6408386230469,2360.070068359375,306.33563232421875,196.6525421142578,2528.2919921875,281.25311279296875,542.1152954101562,2493.892333984375,246.3452911376953,872.92138671875,2491.2568359375,292.0113830566406,955.7080078125,2358.62109375,166.825927734375,202.2250061035156,2471.395751953125,165.46408081054688,541.9007568359375,2397.1337890625,96.38328552246094,729.3834228515625,2667.4609375,78.49705505371094,876.9879760742188,2648.7109375,243.41989135742188,-337.4627990722656,2472.54345703125,350.6827697753906,-330.6003112792969,2383.28369140625,354.9945373535156,-361.2549133300781,2420.833984375,313.64337158203125,-366.3678588867187,2522.878662109375,328.97601318359375,-369.9785461425781,2384.593017578125,226.1136474609375,-407.6239013671875,2415.888427734375
238.01231384277344,196.10252380371097,2479.239013671875,236.0871429443359,41.4691276550293,2466.43115234375,233.49232482910156,-82.31746673583984,2458.702880859375,236.13348388671875,-271.11669921875,2461.2734375,260.5479736328125,-239.6210174560547,2476.42236328125,363.7316284179687,-199.91981506347656,2533.316162109375,409.3240356445313,32.830223083496094,2572.3173828125,469.7225646972656,210.73667907714844,2498.843505859375,503.6322021484375,279.3938293457031,2464.91552734375,484.0587768554687,277.39288330078125,2373.013916015625,481.18994140625,297.0972595214844,2420.911376953125,210.00799560546875,-240.2107391357422,2446.900390625,118.2569808959961,-195.1940155029297,2395.525146484375,76.39009857177734,44.42705154418945,2367.101806640625,77.10008239746094,244.12925720214844,2324.061279296875,108.4032211303711,290.718505859375,2394.64453125,68.78033447265625,358.82501220703125,2346.419677734375,109.36637115478516,319.3031921386719,2390.69287109375,311.1329040527344,192.66436767578125,2509.758544921875,290.260986328125,538.6111450195312,2476.104248046875,253.68309020996097,869.1595458984375,2487.966064453125,297.0312194824219,956.0287475585938,2357.100830078125,172.0762481689453,199.2028656005859,2451.71826171875,203.02471923828125,532.8976440429688,2358.5703125,105.70269775390624,743.5519409179688,2601.955078125,93.52043914794922,885.1993408203125,2554.384521484375,242.9968719482422,-341.24462890625,2452.15771484375,359.2368469238281,-331.6984558105469,2375.141845703125,359.23822021484375,-364.19439697265625,2411.392578125,307.21746826171875,-373.5897521972656,2508.15966796875,337.1233215332031,-370.78076171875,2372.206298828125,231.11827087402344,-408.3626098632813,2390.576904296875
255.27000427246097,193.96580505371097,2439.6953125,251.0049591064453,40.2082633972168,2428.71923828125,246.20668029785156,-82.82242584228516,2422.490966796875,239.59825134277344,-269.986572265625,2434.389892578125,264.0159606933594,-239.03236389160156,2449.899658203125,362.3616943359375,-207.09945678710935,2517.5478515625,411.8878784179687,22.90707778930664,2558.762939453125,489.0355529785156,188.4835205078125,2476.15478515625,520.624755859375,264.0583801269531,2461.384033203125,518.7562255859375,280.7192077636719,2369.50244140625,500.4990234375,288.5667419433594,2421.2392578125,216.4029083251953,-238.95831298828125,2416.48388671875,130.21624755859375,-197.03448486328125,2355.3623046875,89.69429016113281,41.5113410949707,2329.14013671875,109.20997619628906,237.700439453125,2280.72119140625,130.49700927734375,286.8861999511719,2352.54736328125,110.71119689941406,376.0617370605469,2361.7294921875,138.21092224121094,322.6617431640625,2319.835693359375,324.4317321777344,189.36941528320312,2477.20849609375,301.8179931640625,533.5430908203125,2449.387451171875,247.59225463867188,857.0939331054688,2491.09326171875,287.07086181640625,952.5552978515624,2366.39453125,192.90382385253903,198.1105804443359,2405.867919921875,248.6495056152344,527.0810546875,2315.5673828125,139.98233032226562,772.4903564453125,2514.674560546875,131.7919921875,911.9410400390624,2462.88134765625,243.78549194335935,-340.2888488769531,2429.343505859375,366.0395812988281,-336.64569091796875,2363.523681640625,361.9686279296875,-367.2000427246094,2400.813232421875,301.44451904296875,-370.9982604980469,2492.080078125,343.5169982910156,-375.148193359375,2360.332763671875,236.09039306640625,-409.5578308105469,2370.38720703125
261.6548156738281,191.3217315673828,2408.081787109375,257.6614685058594,38.240478515625,2400.7421875,253.0235290527344,-84.19184112548828,2397.494140625,242.339111328125,-270.3984680175781,2401.891845703125,265.384765625,-240.64535522460935,2420.8056640625,354.4205627441406,-217.313720703125,2502.1611328125,397.5760803222656,10.206624984741213,2554.73046875,478.14447021484375,179.50875854492188,2487.129638671875,489.980224609375,259.0770263671875,2506.51806640625,511.079833984375,305.4881591796875,2428.911865234375,486.51165771484375,283.7485046386719,2436.557373046875,221.71873474121097,-238.52001953125,2382.949951171875,145.03041076660156,-191.3990020751953,2314.613037109375,125.0444793701172,48.21045684814453,2287.535400390625,149.35682678222656,245.11610412597656,2250.474609375,145.25997924804688,315.6134948730469,2304.80126953125,150.39601135253906,373.1957092285156,2375.42724609375,177.63865661621094,325.4796447753906,2276.889892578125,330.21551513671875,187.72268676757812,2445.844482421875,312.9308776855469,527.136474609375,2392.469482421875,246.73402404785156,834.3030395507812,2489.219482421875,297.5914611816406,947.0216064453124,2386.14404296875,199.8306579589844,194.567138671875,2374.029541015625,280.3277282714844,519.6131591796875,2296.828369140625,160.5646514892578,790.6217651367188,2447.1318359375,167.33639526367188,916.0300903320312,2368.614013671875,245.8922119140625,-340.14642333984375,2394.816162109375,373.16595458984375,-334.0453796386719,2341.603759765625,366.70208740234375,-362.5931091308594,2379.770751953125,297.8692932128906,-364.52630615234375,2464.186279296875,352.887939453125,-373.4835510253906,2338.428466796875,247.2043304443359,-412.287109375,2339.766845703125
263.1226806640625,190.36634826660156,2377.408447265625,260.5483093261719,37.7891960144043,2374.845947265625,258.71630859375,-84.18609619140625,2372.451171875,250.8794708251953,-269.7441101074219,2373.53662109375,271.3024597167969,-240.0212249755859,2394.928955078125,349.21710205078125,-212.2624664306641,2485.006103515625,379.3918151855469,16.011268615722656,2538.5458984375,444.6994323730469,200.57620239257812,2506.3134765625,410.981689453125,272.86236572265625,2485.7333984375,403.56353759765625,345.2666320800781,2428.749267578125,389.1569213867187,254.10935974121097,2439.709228515625,231.80726623535156,-238.08692932128903,2353.08740234375,161.0333709716797,-190.2813262939453,2279.857666015625,134.69671630859375,48.31470489501953,2259.8876953125,158.58169555664062,245.78424072265625,2231.488525390625,164.88818359375,316.22698974609375,2285.013427734375,181.2196807861328,370.5939331054687,2355.956787109375,191.0020751953125,332.0846862792969,2244.962890625,328.4365234375,188.5487823486328,2420.014892578125,301.48406982421875,513.0575561523438,2313.920654296875,217.40737915039065,810.7138671875,2420.95654296875,298.3070983886719,939.2066040039062,2369.68310546875,204.2263031005859,192.0053253173828,2338.988525390625,305.40728759765625,516.141357421875,2297.34375,190.603759765625,816.431396484375,2375.039306640625,224.01681518554688,927.97509765625,2284.579345703125,256.2982482910156,-339.01202392578125,2366.06103515625,390.1551208496094,-346.3141174316406,2335.639404296875,374.7763671875,-372.2521667480469,2372.833984375,293.1239929199219,-364.3334045410156,2443.7666015625,367.2545166015625,-383.8085021972656,2330.28564453125,260.2278747558594,-413.1847229003906,2314.6259765625
270.411865234375,188.42608642578125,2346.67578125,266.83111572265625,36.39554977416992,2342.822998046875,261.49468994140625,-85.09803009033203,2341.966064453125,256.7281494140625,-270.1436767578125,2339.814208984375,275.4984436035156,-240.5466766357422,2362.58251953125,345.63427734375,-206.4586639404297,2456.265380859375,376.3605346679687,26.367589950561523,2475.474853515625,461.80267333984375,193.4206085205078,2412.990966796875,412.7958068847656,248.642333984375,2448.911865234375,413.76605224609375,340.1857604980469,2438.533935546875,381.9910583496094,258.8740539550781,2428.607666015625,238.23406982421875,-238.5707550048828,2318.991943359375,163.70407104492188,-187.4204864501953,2252.635009765625,151.6278839111328,52.246795654296875,2260.089599609375,188.2763214111328,248.55772399902344,2245.03466796875,190.16256713867188,314.58673095703125,2303.78955078125,192.21665954589844,362.39349365234375,2380.67822265625,214.14764404296875,339.9518737792969,2195.655517578125,322.3215637207031,185.7382049560547,2404.494140625,292.05755615234375,525.1648559570312,2424.40625,229.8955535888672,836.6248779296875,2498.93310546875,311.3190612792969,941.4430541992188,2410.052001953125,223.6026153564453,190.8498687744141,2294.538818359375,315.6482849121094,519.17138671875,2292.35400390625,226.72621154785156,832.4251098632812,2343.75,285.4486083984375,922.2691040039062,2243.354248046875,263.6459045410156,-338.9609680175781,2331.58349609375,400.0285339355469,-349.6139831542969,2323.874755859375,378.7923583984375,-369.156494140625,2361.88623046875,287.59063720703125,-350.6208801269531,2416.869384765625,377.7669067382813,-387.6144409179687,2321.31884765625,274.36932373046875,-420.3003234863281,2294.458740234375
258.9244689941406,188.18858337402344,2368.07763671875,256.568603515625,34.35993194580078,2360.124755859375,260.3506774902344,-88.45082092285156,2351.704345703125,269.8677062988281,-275.0198974609375,2336.02001953125,278.99188232421875,-246.17654418945312,2365.61962890625,321.6155700683594,-209.0355682373047,2475.350341796875,331.05157470703125,20.066425323486328,2541.400146484375,449.0401306152344,174.98362731933594,2494.606201171875,424.5375671386719,249.7017059326172,2467.579345703125,400.73486328125,329.8595275878906,2426.180908203125,396.8110656738281,250.1566162109375,2439.418212890625,255.97396850585935,-242.35874938964844,2312.3994140625,210.4450531005859,-193.05300903320312,2220.7939453125,188.13165283203125,48.992408752441406,2215.28955078125,284.75775146484375,224.70053100585935,2184.920654296875,282.3468017578125,301.39813232421875,2231.0380859375,277.92718505859375,390.8793640136719,2250.650146484375,314.3472900390625,308.8570556640625,2198.399658203125,285.92962646484375,183.95765686035156,2441.91552734375,301.7719421386719,529.2803344726562,2441.149169921875,235.06105041503903,851.1583251953125,2474.14013671875,327.9326477050781,951.9110717773438,2388.163330078125,234.57269287109375,192.00379943847656,2301.4951171875,335.4947814941406,521.2722778320312,2276.213134765625,279.133544921875,850.2447509765625,2268.92822265625,378.8780517578125,937.61279296875,2201.332763671875,284.0171813964844,-343.3432312011719,2325.673095703125,421.4959411621094,-346.04901123046875,2307.10107421875,403.759521484375,-371.5396728515625,2344.1357421875,315.09857177734375,-364.5542297363281,2407.958740234375,400.4468078613281,-385.005859375,2301.172119140625,295.4751281738281,-419.740966796875,2277.211181640625
259.41796875,188.2681427001953,2367.587158203125,257.10308837890625,34.31317138671875,2359.785888671875,261.0333557128906,-88.59307861328125,2351.449462890625,270.64825439453125,-275.3063049316406,2335.826904296875,279.60162353515625,-246.43853759765625,2365.5009765625,321.5008850097656,-209.40399169921875,2475.652099609375,330.6969909667969,19.785076141357425,2542.091796875,449.5654602050781,174.3963623046875,2495.861083984375,427.39501953125,247.6304168701172,2463.15869140625,406.1075439453125,325.7582702636719,2416.66259765625,402.5348510742187,244.9142303466797,2430.46875,256.88690185546875,-242.6219940185547,2312.10205078125,212.3354034423828,-193.15965270996097,2219.994140625,191.9850311279297,49.22713470458984,2213.741455078125,291.1196594238281,223.75865173339844,2183.638427734375,289.1427001953125,300.9914855957031,2229.010009765625,285.4199523925781,390.9239196777344,2246.960693359375,322.4980773925781,307.77423095703125,2192.95751953125,286.3890075683594,184.11691284179688,2441.505859375,301.9490051269531,529.7152099609375,2440.185791015625,234.9799346923828,851.81005859375,2473.06640625,326.7347412109375,953.0568237304688,2386.242431640625,235.09703063964844,192.011474609375,2300.93115234375,336.4764404296875,521.3065185546875,2274.256591796875,282.25091552734375,850.8607177734375,2265.503173828125,383.3549499511719,935.5879516601562,2196.33349609375,284.86920166015625,-343.6830749511719,2325.5634765625,422.4732971191406,-346.0256042480469,2307.077880859375,404.6663513183594,-372.39801025390625,2343.5048828125,315.866455078125,-366.8752746582031,2407.421875,401.3945007324219,-384.8487854003906,2300.1962890625,296.35247802734375,-418.9734497070313,2275.27734375
270.3995361328125,191.88609313964844,2337.834716796875,270.3840637207031,35.13456726074219,2327.8271484375,274.8763122558594,-90.0958023071289,2319.759521484375,287.4429626464844,-280.4656677246094,2308.065673828125,284.49090576171875,-251.1502227783203,2339.594970703125,279.4910888671875,-217.43568420410156,2460.749267578125,292.6653747558594,17.172470092773438,2523.821044921875,439.8695983886719,158.3934783935547,2514.59521484375,500.0096435546875,207.42544555664065,2480.444580078125,551.39794921875,261.9488830566406,2421.822021484375,510.2376403808594,223.48101806640625,2455.184326171875,284.39801025390625,-246.99815368652344,2280.4921875,291.0171813964844,-198.71905517578125,2175.462890625,249.8839569091797,45.736087799072266,2177.251220703125,358.3788757324219,218.72915649414065,2209.84228515625,353.1718444824219,308.54010009765625,2194.37548828125,346.6782531738281,401.1695251464844,2205.399169921875,375.24658203125,304.0782775878906,2139.002685546875,271.6852722167969,186.7718048095703,2417.939208984375,303.137939453125,537.6133422851562,2430.1494140625,227.58709716796875,863.4160766601562,2470.248046875,304.64886474609375,965.5465698242188,2366.158447265625,269.2401428222656,196.49789428710935,2265.60107421875,354.4613037109375,537.826904296875,2251.7158203125,318.5697326660156,874.3504028320312,2215.2919921875,446.0258483886719,949.0134887695312,2180.531982421875,303.88665771484375,-350.3463439941406,2303.76171875,437.7051086425781,-360.4114074707031,2348.54833984375,406.2587585449219,-395.1826171875,2363.729736328125,296.0916748046875,-400.4391784667969,2380.838623046875,423.56787109375,-393.8979797363281,2321.09619140625,340.9292907714844,-409.25872802734375,2242.095458984375
285.9519348144531,195.61038208007812,2314.978759765625,287.73828125,37.111385345458984,2305.793701171875,298.0075988769531,-89.25764465332031,2299.68115234375,301.97735595703125,-282.1763000488281,2289.7236328125,294.7189025878906,-252.20965576171875,2320.580810546875,265.0840759277344,-209.51776123046875,2436.704833984375,263.707763671875,29.91419982910156,2492.870361328125,400.4883117675781,180.6497802734375,2527.180908203125,460.4562377929687,226.7947998046875,2486.949951171875,532.0011596679688,272.09307861328125,2441.37548828125,480.292724609375,225.4366912841797,2459.356201171875,306.0714111328125,-248.4150848388672,2261.897216796875,326.7536315917969,-198.942138671875,2157.863525390625,295.674072265625,49.69932174682617,2155.453125,388.554443359375,232.9768524169922,2193.865234375,373.3243713378906,323.9711608886719,2192.3740234375,361.1717529296875,417.6541442871094,2195.613037109375,368.0896606445313,324.613525390625,2108.255615234375,274.96673583984375,190.83547973632812,2395.238525390625,309.1373291015625,544.224853515625,2425.020751953125,218.50021362304688,869.4637451171875,2469.106201171875,302.31622314453125,966.165283203125,2362.237060546875,295.8577880859375,199.9161376953125,2242.60498046875,375.6053466796875,546.7636108398438,2240.933837890625,335.4712219238281,883.3684692382812,2181.964111328125,468.1075134277344,959.9674682617188,2190.362548828125,315.16455078125,-353.6546936035156,2288.30224609375,440.8442687988281,-363.21588134765625,2355.862548828125,407.5293273925781,-399.18499755859375,2364.677734375,294.96270751953125,-406.4530944824219,2362.4697265625,432.1214599609375,-396.502197265625,2325.267822265625,363.7843322753906,-411.0137023925781,2231.908203125
290.8281555175781,200.2936859130859,2280.76513671875,286.0294189453125,39.2918586730957,2269.68310546875,293.1893615722656,-89.51889038085938,2265.58349609375,302.9049072265625,-285.6398620605469,2258.859619140625,287.85833740234375,-255.10794067382812,2287.302490234375,245.67483520507812,-213.3080596923828,2402.236572265625,232.46681213378903,27.248456954956055,2469.323486328125,341.15069580078125,194.67271423339844,2534.241455078125,373.1756896972656,272.8997802734375,2513.053955078125,452.8905334472656,268.45379638671875,2456.590087890625,451.68902587890625,223.4810333251953,2477.12158203125,312.9717712402344,-251.42469787597656,2231.94140625,373.3804016113281,-198.45169067382812,2144.1396484375,367.294189453125,54.06060791015625,2110.496337890625,455.5481567382813,237.25816345214844,2172.38134765625,445.5846557617187,330.441650390625,2177.01416015625,421.0254821777344,419.2657165527344,2204.324951171875,409.16021728515625,336.6448669433594,2103.322021484375,258.0602111816406,196.0656890869141,2356.3798828125,314.105712890625,548.0562133789062,2421.34375,201.94757080078125,874.1466064453125,2452.491943359375,303.88848876953125,975.6205444335938,2362.74560546875,320.3764953613281,204.1062774658203,2212.579833984375,397.8681945800781,555.918212890625,2247.216064453125,352.781494140625,894.2036743164062,2170.078125,473.8229370117187,977.940673828125,2221.73291015625,317.5467834472656,-358.0562438964844,2261.3955078125,421.2221374511719,-326.0207214355469,2358.20654296875,395.4176025390625,-369.0145568847656,2365.380859375,290.4593505859375,-406.5603942871094,2338.247314453125,428.8777160644531,-364.241943359375,2332.268310546875,392.3679809570313,-407.2476806640625,2227.976318359375
301.68121337890625,201.82827758789065,2270.31591796875,298.9176025390625,41.12632751464844,2260.080322265625,305.4883117675781,-87.42040252685547,2256.94677734375,312.48291015625,-283.26202392578125,2254.154296875,295.7706604003906,-252.1006774902344,2280.752685546875,244.8622283935547,-212.2937774658203,2392.4521484375,230.6172790527344,19.22607421875,2484.248046875,348.6494140625,168.6632537841797,2571.281494140625,378.9295043945313,241.33026123046875,2534.420166015625,433.4465026855469,265.6734619140625,2457.283935546875,439.969482421875,216.810791015625,2490.42578125,325.178955078125,-249.75387573242188,2227.646484375,393.4941101074219,-201.8857879638672,2143.174072265625,403.8481750488281,49.70714569091797,2108.51025390625,491.963134765625,234.0597686767578,2165.119140625,478.98675537109375,326.57855224609375,2170.768310546875,450.6755676269531,413.9618225097656,2198.251953125,441.9684753417969,335.8118896484375,2111.57763671875,260.6672668457031,197.99465942382812,2341.5791015625,313.0084533691406,548.7936401367188,2410.8974609375,192.5953369140625,872.4888305664062,2413.931884765625,306.87725830078125,984.5517578125,2359.327392578125,338.6653137207031,205.2852020263672,2206.0546875,399.8053588867187,559.296875,2241.569091796875,354.54876708984375,897.2574462890625,2167.107177734375,470.5351257324219,982.1173706054688,2226.738037109375,325.6593017578125,-355.65478515625,2258.989990234375,438.4713745117187,-318.24627685546875,2342.15185546875,414.2277526855469,-360.9461059570313,2354.068115234375,307.72711181640625,-400.5077209472656,2340.319091796875,443.7735900878906,-357.51068115234375,2317.4228515625,396.9005432128906,-405.66400146484375,2220.091552734375
306.76715087890625,200.87796020507812,2260.894287109375,309.7023620605469,41.26453399658203,2251.653564453125,313.9125061035156,-86.3717041015625,2245.829833984375,325.7489929199219,-280.56036376953125,2250.041015625,303.9111633300781,-249.46096801757812,2272.087158203125,224.06776428222656,-207.34918212890625,2363.021240234375,209.70884704589844,32.4809684753418,2423.233154296875,323.9987487792969,171.4314422607422,2527.38720703125,370.6114196777344,244.03890991210935,2529.53564453125,440.533203125,261.8148498535156,2464.9208984375,441.0181884765625,216.04144287109375,2488.72607421875,342.16302490234375,-247.6039276123047,2225.4853515625,422.87554931640625,-207.7404022216797,2149.3876953125,437.3318176269531,41.22659683227539,2110.65869140625,511.1839904785156,230.75457763671875,2164.9130859375,498.9763793945313,321.10650634765625,2146.92529296875,498.2225036621094,413.85205078125,2125.470458984375,474.2921142578125,326.37646484375,2137.8466796875,254.2707366943359,196.29591369628903,2323.36474609375,309.22369384765625,543.7479858398438,2394.1708984375,193.7495880126953,865.9984130859375,2373.692138671875,308.6146240234375,988.0184326171876,2363.085205078125,354.1054992675781,205.00979614257812,2204.56201171875,396.8590087890625,559.7755126953125,2232.71630859375,344.5135803222656,896.3877563476562,2169.168212890625,465.01373291015625,980.2188720703124,2217.327392578125,339.400146484375,-351.9040222167969,2259.232666015625,426.079345703125,-365.8798828125,2373.40576171875,395.2740783691406,-404.1541748046875,2363.256103515625,294.43695068359375,-415.21588134765625,2312.063232421875,434.05328369140625,-395.31787109375,2338.47314453125,412.6069030761719,-399.8193054199219,2223.099609375
310.3372497558594,201.34356689453125,2243.843994140625,315.69635009765625,42.4185676574707,2240.256103515625,320.3475341796875,-84.63013458251953,2237.808349609375,334.49658203125,-277.615234375,2242.417724609375,309.3829650878906,-247.1973419189453,2261.22314453125,211.3091583251953,-209.9637756347656,2333.597900390625,191.77784729003903,34.9534912109375,2351.82763671875,283.1952209472656,189.6584014892578,2454.13818359375,333.0981750488281,241.72576904296875,2500.707763671875,424.6969909667969,253.18467712402344,2473.162353515625,408.1253356933594,213.7196044921875,2481.455322265625,353.6058654785156,-244.38748168945312,2220.773681640625,439.8263854980469,-207.84483337402344,2150.22265625,461.0916748046875,41.27660369873047,2127.795654296875,517.5723266601562,235.9381561279297,2180.37353515625,519.5935668945312,322.07623291015625,2146.900390625,546.3445434570312,403.0258483886719,2105.6953125,470.77191162109375,308.0711669921875,2109.797119140625,249.13514709472656,198.0740966796875,2297.24853515625,301.4944152832031,540.921142578125,2381.525146484375,201.256103515625,863.0440063476562,2331.140869140625,302.6320495605469,992.7730712890624,2359.231201171875,365.52587890625,204.2917938232422,2195.686767578125,396.4460754394531,558.0938110351562,2227.025390625,341.23358154296875,894.582275390625,2176.65380859375,463.0669860839844,978.3674926757812,2218.490478515625,347.77032470703125,-348.4429626464844,2252.955078125,422.86236572265625,-378.98529052734375,2371.07373046875,394.90570068359375,-415.55181884765625,2351.80029296875,300.6297302246094,-420.2714538574219,2289.640869140625,435.3389587402344,-401.9107666015625,2333.042724609375,425.6142578125,-387.7939147949219,2217.496826171875
320.95635986328125,207.0230407714844,2232.087646484375,326.3408203125,49.84577178955078,2229.66796875,329.70013427734375,-75.81575012207031,2226.586669921875,331.36529541015625,-266.8682861328125,2215.06494140625,306.1622619628906,-236.7541046142578,2233.101318359375,201.02354431152344,-201.0786590576172,2292.741943359375,190.98194885253903,35.51713943481445,2349.99755859375,256.00225830078125,185.81585693359375,2472.454833984375,324.7931213378906,230.60780334472656,2494.102783203125,413.2179260253906,255.88845825195312,2469.259033203125,382.177978515625,207.77804565429688,2479.253173828125,354.8822937011719,-233.76828002929688,2199.37353515625,453.4217529296875,-202.08120727539065,2147.134765625,486.2630310058594,43.97247695922851,2145.462646484375,533.4728393554688,238.44476318359375,2198.662353515625,558.596923828125,315.8014831542969,2156.947021484375,568.1968383789062,402.9796142578125,2124.1455078125,509.5977783203125,297.88104248046875,2108.487060546875,258.9716796875,204.1128692626953,2283.193359375,296.3211364746094,543.2473754882812,2373.554443359375,212.35806274414065,863.5896606445312,2309.455322265625,301.3703918457031,994.89208984375,2355.451416015625,376.8506774902344,209.6472625732422,2186.00341796875,394.4915466308594,560.9488525390625,2210.09423828125,341.27020263671875,895.7314453125,2174.427978515625,461.1249084472656,980.6064453125,2213.45068359375,338.7269287109375,-338.3036193847656,2220.48388671875,454.7221374511719,-391.898193359375,2281.66162109375,423.3453063964844,-423.9056701660156,2261.018798828125,313.6103210449219,-425.0733642578125,2239.840087890625,451.9547729492187,-397.3855895996094,2236.464111328125,396.8582763671875,-347.0755310058594,2148.280517578125
330.9798278808594,214.5412445068359,2218.927978515625,336.7550964355469,53.60375213623047,2216.9697265625,342.67431640625,-75.00901794433594,2218.1181640625,341.7605285644531,-270.9127197265625,2212.428955078125,314.0347595214844,-239.03746032714844,2225.58544921875,201.2680206298828,-198.3539581298828,2273.35498046875,195.80413818359375,46.11614227294922,2322.7177734375,257.72412109375,195.69259643554688,2455.50146484375,323.3697509765625,236.22149658203125,2495.555908203125,416.5824279785156,251.85385131835935,2471.432373046875,386.6578979492187,208.72703552246097,2479.998291015625,368.8835144042969,-237.99630737304688,2199.485595703125,476.2218322753906,-206.85548400878903,2159.44873046875,516.9031372070312,43.86214828491211,2149.711181640625,565.6013793945312,235.8055877685547,2225.486328125,583.5238647460938,322.9745178222656,2196.49365234375,585.0405883789062,416.4666748046875,2175.28466796875,560.58447265625,327.3146667480469,2167.536865234375,256.8411560058594,211.44725036621097,2254.5556640625,285.4664611816406,553.5186767578125,2367.582275390625,237.2747344970703,884.5957641601562,2281.820068359375,301.67877197265625,1008.0986938476562,2377.73583984375,397.83392333984375,217.33123779296875,2186.80126953125,396.4021606445313,577.840576171875,2205.70263671875,352.57867431640625,919.897705078125,2151.952880859375,469.1974487304687,985.9861450195312,2230.9638671875,346.62542724609375,-343.9641418457031,2221.24072265625,471.0086669921875,-413.0113830566406,2249.587890625,432.4351501464844,-440.9983825683594,2232.79833984375,318.349609375,-432.8911437988281,2236.746337890625,457.8299255371094,-412.7523193359375,2204.78125,387.8894958496094,-347.34136962890625,2135.36083984375
340.50189208984375,211.82676696777344,2212.834228515625,344.99603271484375,49.50095748901367,2212.37451171875,348.0826721191406,-80.27536010742188,2210.859375,350.7872009277344,-277.7619934082031,2217.412109375,321.51422119140625,-245.4479827880859,2226.8642578125,205.257568359375,-197.18325805664065,2259.81396484375,191.5384979248047,46.05097961425781,2322.404541015625,246.6615447998047,194.4657440185547,2462.059326171875,319.330078125,232.48838806152344,2492.973876953125,412.8062438964844,253.54998779296875,2470.79248046875,377.504638671875,206.77740478515625,2478.580810546875,378.36279296875,-244.8825225830078,2204.05908203125,488.8846130371094,-214.3231964111328,2169.707763671875,545.356689453125,35.05237579345703,2152.15771484375,594.9965209960938,226.1619873046875,2234.117919921875,582.2916870117188,316.5887451171875,2210.29150390625,606.4900512695312,407.6961364746094,2188.845947265625,570.5377197265625,322.8178405761719,2198.013916015625,264.5952453613281,209.63040161132812,2246.324951171875,282.4296569824219,556.2030029296875,2357.46484375,255.2419586181641,891.693115234375,2268.113037109375,305.6741943359375,1001.4254150390624,2388.498291015625,408.95025634765625,213.80734252929688,2182.6337890625,396.7239379882813,577.18408203125,2200.093505859375,352.70306396484375,922.839111328125,2150.8369140625,466.2319030761719,986.5380859375,2238.399658203125,356.32806396484375,-350.6216735839844,2231.16552734375,405.7907104492187,-410.3085021972656,2355.19677734375,380.1069030761719,-440.7314758300781,2323.41015625,298.4007873535156,-425.4021606445313,2243.38427734375,424.9744567871094,-426.9559326171875,2315.541259765625,439.54052734375,-389.77197265625,2203.168212890625
343.7940368652344,212.5775909423828,2210.0556640625,348.8519287109375,50.36623764038086,2207.509521484375,354.6996154785156,-79.24139404296875,2209.764404296875,352.49005126953125,-276.5292663574219,2200.486083984375,323.296142578125,-244.257568359375,2210.221435546875,207.4911193847656,-195.9590606689453,2244.439453125,193.07342529296875,47.57843780517578,2305.177734375,234.1510467529297,222.1857757568359,2416.3115234375,280.7659912109375,273.10125732421875,2470.250244140625,322.9539489746094,295.8022155761719,2384.407958984375,354.90411376953125,213.56495666503903,2465.69384765625,381.7502136230469,-243.5128631591797,2192.025390625,496.78558349609375,-215.29544067382812,2175.121337890625,558.0648803710938,33.288909912109375,2166.61083984375,592.4384155273438,225.0363006591797,2254.4267578125,584.7107543945312,292.85589599609375,2189.324462890625,628.6338500976562,378.6105346679687,2181.98291015625,573.315185546875,312.2018127441406,2217.406494140625,267.3880310058594,209.6901092529297,2242.2333984375,279.6554260253906,558.3949584960938,2346.678466796875,266.0247802734375,895.0463256835938,2259.27490234375,311.4822082519531,1000.10595703125,2385.548828125,412.6926879882813,215.18136596679688,2181.039306640625,397.0983581542969,578.4768676757812,2192.960205078125,353.05621337890625,924.779296875,2149.87158203125,465.9742126464844,991.458740234375,2235.855224609375,355.2980651855469,-350.34063720703125,2208.674560546875,378.4212341308594,-411.0007934570313,2339.662109375,353.9368591308594,-439.17816162109375,2305.026123046875,287.2330627441406,-416.90625,2213.611328125,400.8284606933594,-431.3209228515625,2303.5986328125,435.9853515625,-400.396484375,2193.979248046875
342.729736328125,214.5105133056641,2203.0234375,349.3055114746094,53.31853103637695,2201.3291015625,355.47900390625,-75.5082778930664,2202.442626953125,354.7041320800781,-271.7195739746094,2195.61572265625,325.09332275390625,-239.68600463867188,2203.47412109375,208.64712524414065,-190.8072509765625,2231.094970703125,192.37918090820312,51.981346130371094,2288.010009765625,193.41021728515625,250.3347930908203,2356.1806640625,235.21026611328125,288.72625732421875,2422.223388671875,245.93504333496097,323.71087646484375,2331.6181640625,281.7371520996094,308.9071044921875,2429.394775390625,383.9974060058594,-238.84719848632812,2188.202392578125,497.229736328125,-205.9680023193359,2172.677734375,567.00537109375,38.47686767578125,2187.2939453125,606.2947387695312,222.0071258544922,2286.723388671875,610.9085083007812,280.3843688964844,2213.499755859375,633.9002075195312,373.4604797363281,2207.72509765625,592.999755859375,312.9361267089844,2242.421875,265.5146179199219,211.05860900878903,2231.747802734375,277.6665954589844,557.0842895507812,2337.50048828125,267.5534362792969,894.5883178710938,2262.02587890625,303.1795654296875,992.4422607421876,2395.653564453125,412.3580322265625,217.62326049804688,2177.121337890625,399.7115478515625,578.8179931640625,2189.82861328125,357.83648681640625,922.4885864257812,2141.078369140625,470.75537109375,983.9503784179688,2229.208984375,357.46319580078125,-344.96380615234375,2204.81103515625,381.40093994140625,-403.9717102050781,2335.42919921875,356.8479919433594,-432.3319396972656,2301.44580078125,289.8971252441406,-411.1294250488281,2210.832275390625,403.4404602050781,-424.5010681152344,2299.626708984375,437.6029968261719,-394.7984924316406,2190.13134765625
351.4823913574219,212.7578125,2202.827880859375,356.49005126953125,51.427974700927734,2198.8623046875,362.0548706054687,-77.51863861083984,2200.451416015625,366.86328125,-273.6683349609375,2190.144775390625,335.949951171875,-242.5164031982422,2196.593017578125,216.21038818359375,-197.0282440185547,2214.763916015625,185.31822204589844,44.068336486816406,2273.605224609375,170.78826904296875,241.5935821533203,2343.112060546875,210.01840209960935,280.92578125,2410.254638671875,199.85215759277344,322.3222961425781,2322.24560546875,216.55667114257812,305.5536193847656,2433.611083984375,395.7322387695313,-239.91421508789065,2185.25732421875,505.56396484375,-195.8348693847656,2172.65234375,573.1263427734375,46.8851318359375,2210.80224609375,613.3870849609375,225.33493041992188,2319.0419921875,622.9722290039062,289.0999450683594,2250.87841796875,638.0470581054688,384.02294921875,2249.70654296875,599.1188354492188,318.19189453125,2278.3720703125,273.134765625,209.69363403320312,2228.551025390625,274.4247131347656,556.0062255859375,2334.984375,264.04656982421875,894.3421630859375,2262.1220703125,289.70440673828125,991.9180908203124,2398.374755859375,422.13189697265625,215.5209197998047,2179.63232421875,404.8417663574219,576.8451538085938,2190.841796875,365.2024230957031,920.7276611328124,2139.88134765625,465.5221862792969,988.7440185546876,2238.072509765625,370.9297180175781,-347.0391845703125,2198.22412109375,370.3434143066406,-401.9197082519531,2332.892333984375,346.47576904296875,-428.5348205566406,2297.005615234375,294.6537780761719,-403.3829345703125,2197.786865234375,393.60491943359375,-427.0055847167969,2300.925048828125,444.730224609375,-407.72015380859375,2195.6923828125
354.8141174316406,215.17051696777344,2200.8125,357.8182373046875,53.51380920410156,2195.419921875,361.2522277832031,-75.77122497558594,2195.657470703125,369.8199157714844,-272.11492919921875,2184.161865234375,337.9477233886719,-241.39515686035156,2188.14697265625,215.0413818359375,-201.96893310546875,2200.087158203125,181.54254150390625,39.79149627685547,2256.838623046875,160.0576629638672,239.70957946777344,2318.511962890625,170.18994140625,287.0438232421875,2391.181884765625,169.398193359375,310.0353088378906,2295.939453125,202.39305114746097,319.2153625488281,2410.071533203125,398.5665893554687,-237.85299682617188,2182.0947265625,507.7000122070313,-189.8535919189453,2179.4990234375,577.4849853515625,50.2860107421875,2231.000244140625,619.9856567382812,232.05186462402344,2333.539306640625,634.5440673828125,306.32208251953125,2277.76416015625,648.0779418945312,387.55810546875,2227.833984375,618.1092529296875,331.3624572753906,2316.516845703125,274.2041320800781,213.06298828125,2219.084716796875,268.3955383300781,556.37939453125,2336.899169921875,263.3708801269531,894.7268676757812,2260.370849609375,267.5231018066406,988.7249755859376,2401.808837890625,427.5036315917969,217.07098388671875,2184.335693359375,410.7356567382813,579.2545166015625,2190.54931640625,379.018310546875,922.6715698242188,2127.5791015625,453.3423767089844,987.5567016601562,2248.79638671875,374.2435302734375,-345.6410217285156,2191.972412109375,364.8375244140625,-397.6499328613281,2327.758544921875,342.502685546875,-424.649658203125,2291.041015625,296.8702087402344,-400.6695556640625,2188.29345703125,389.4429016113281,-423.9051818847656,2297.6552734375,447.0005187988281,-407.8388671875,2194.970947265625
358.43243408203125,216.40426635742188,2203.7109375,360.5574645996094,55.14854049682617,2194.585205078125,362.662109375,-73.86959838867188,2189.549560546875,370.10888671875,-270.0996398925781,2180.80078125,338.4338684082031,-239.17864990234375,2183.96044921875,214.50411987304688,-204.02621459960935,2196.50830078125,172.4654083251953,38.53998947143555,2241.162109375,149.8865509033203,237.5157928466797,2304.379150390625,144.4814453125,281.0687561035156,2379.710693359375,157.82936096191406,330.2872009277344,2296.221435546875,176.96810913085938,338.87548828125,2384.25390625,399.0538635253906,-236.10006713867188,2178.649169921875,507.3341064453125,-186.60533142089844,2176.89501953125,574.9894409179688,50.19830322265625,2242.753662109375,613.5999755859375,230.1511993408203,2349.27734375,619.0858154296875,291.94952392578125,2278.830078125,635.607177734375,371.5665283203125,2330.165771484375,595.5402221679688,333.4217529296875,2343.12255859375,277.1828918457031,214.5127410888672,2218.21533203125,265.0487976074219,554.3479614257812,2343.68701171875,264.021240234375,891.0767822265625,2262.406494140625,264.94146728515625,996.6473999023438,2395.160400390625,431.69873046875,218.10992431640625,2190.632080078125,412.3906555175781,579.65576171875,2187.891845703125,380.67437744140625,923.254638671875,2129.0224609375,445.8400268554687,996.6386108398438,2250.354736328125,373.9562683105469,-343.42822265625,2189.635009765625,358.6183776855469,-396.8825073242187,2324.07421875,337.0123596191406,-422.8360290527344,2286.288818359375,295.6451721191406,-396.5075073242187,2182.51123046875,383.6243591308594,-423.2696228027344,2294.532958984375,445.016845703125,-407.23883056640625,2194.302978515625
355.0754089355469,215.0838165283203,2208.485595703125,357.3140869140625,53.08152770996094,2197.74365234375,359.3598937988281,-76.5372543334961,2191.010009765625,369.9783325195313,-273.75091552734375,2184.850341796875,337.60064697265625,-243.10345458984375,2186.43017578125,212.81072998046875,-207.33740234375,2195.140380859375,162.88414001464844,36.57238006591797,2230.807861328125,131.1722869873047,237.9322204589844,2285.663330078125,125.12472534179688,266.0783386230469,2368.43994140625,146.79074096679688,339.69647216796875,2306.937744140625,135.33059692382812,355.50396728515625,2307.829345703125,398.6488037109375,-239.17767333984375,2183.403564453125,503.6323547363281,-181.6925048828125,2182.973876953125,570.5389404296875,54.56404495239258,2256.317626953125,611.5972290039062,224.64096069335935,2379.13427734375,612.2915649414062,296.39422607421875,2317.852783203125,621.6901245117188,369.5828552246094,2380.297607421875,590.7237548828125,331.3410339355469,2379.65380859375,272.874755859375,213.20211791992188,2219.73291015625,265.7731628417969,549.425537109375,2359.951171875,262.94000244140625,883.33642578125,2261.212646484375,239.7899932861328,983.5926513671876,2397.17041015625,429.1994018554687,216.7806396484375,2198.343505859375,411.1004028320313,580.2379150390625,2191.753173828125,379.0979614257813,923.9988403320312,2123.763427734375,443.544189453125,993.36962890625,2248.8369140625,374.54541015625,-347.2938232421875,2194.7470703125,354.6501159667969,-402.0847778320313,2328.876953125,331.4380187988281,-425.99371337890625,2290.345458984375,292.41107177734375,-395.0172424316406,2186.279052734375,378.1022033691406,-429.7699279785156,2298.86328125,441.4007568359375,-416.24176025390625,2198.712646484375
355.5443420410156,218.02392578125,2211.741943359375,357.47784423828125,56.32489776611328,2201.970458984375,358.99127197265625,-72.92400360107422,2193.802978515625,368.53326416015625,-269.77032470703125,2188.545166015625,336.39068603515625,-238.9837646484375,2188.876220703125,211.27752685546875,-205.08985900878903,2195.867919921875,156.8112030029297,38.48659896850586,2221.837158203125,125.13126373291016,238.48074340820312,2279.781494140625,109.541259765625,283.4429626464844,2353.138916015625,108.4513168334961,370.8421630859375,2308.552001953125,104.14922332763672,358.0713195800781,2281.3076171875,397.3937683105469,-235.4617462158203,2188.047607421875,502.4864807128906,-178.98756408691406,2193.30224609375,566.7586669921875,57.004512786865234,2267.817138671875,595.999267578125,226.76068115234375,2393.58203125,593.4892578125,301.5119323730469,2336.3974609375,608.08154296875,368.4194030761719,2404.312255859375,573.1124877929688,330.8749694824219,2399.1494140625,273.0888671875,216.59034729003903,2219.149169921875,261.646484375,544.8629760742188,2374.914794921875,260.6273498535156,877.025146484375,2273.071044921875,240.9102020263672,980.0966186523438,2406.965087890625,429.89801025390625,219.316650390625,2205.062744140625,408.78961181640625,581.518798828125,2189.681884765625,378.18304443359375,925.3902587890624,2125.858154296875,444.39703369140625,986.0474853515624,2254.053466796875,372.258056640625,-343.1463317871094,2198.764404296875,348.10223388671875,-395.6227722167969,2332.75927734375,326.28814697265625,-420.18463134765625,2293.974853515625,290.7472229003906,-391.1335144042969,2188.404541015625,372.5473937988281,-423.6746520996094,2304.0751953125,438.9544982910156,-411.6686401367187,2206.08837890625
354.8986511230469,221.11502075195312,2215.25244140625,356.9310302734375,59.81363296508789,2204.72216796875,358.5090637207031,-69.1048355102539,2195.787353515625,368.1174011230469,-265.4677429199219,2188.740478515625,336.03594970703125,-234.7556304931641,2189.075927734375,210.86038208007812,-201.9540100097656,2194.8896484375,153.51712036132812,40.67742919921875,2218.169677734375,118.9502182006836,240.38658142089844,2273.75634765625,99.82298278808594,290.1822204589844,2342.8046875,103.5033187866211,358.34222412109375,2272.611083984375,98.25247192382812,356.8416748046875,2255.18798828125,396.9122619628906,-231.226318359375,2188.833251953125,501.7147521972656,-175.0980682373047,2196.974609375,562.5877075195312,59.255958557128906,2277.39697265625,587.9299926757812,226.27386474609375,2406.84423828125,590.7770385742188,301.35089111328125,2350.43994140625,596.492431640625,358.0479736328125,2427.995361328125,556.7962036132812,308.47564697265625,2369.877197265625,272.61846923828125,219.59828186035156,2222.605224609375,258.4248962402344,543.8001708984375,2384.72021484375,257.00482177734375,876.8843383789062,2288.5966796875,244.12001037597656,982.3298950195312,2421.00146484375,429.09429931640625,222.4827423095703,2208.6220703125,405.94921875,583.7935180664062,2193.608642578125,373.2386779785156,926.3837280273438,2128.1044921875,425.0492248535156,996.6717529296876,2257.5947265625,371.75677490234375,-338.7802734375,2198.26708984375,352.8763732910156,-382.1943664550781,2335.959716796875,330.9127197265625,-410.0538940429687,2299.71435546875,291.77923583984375,-389.7454833984375,2193.64111328125,377.4093627929687,-411.3953247070313,2308.697509765625,440.6676025390625,-404.3922729492187,2208.477294921875
353.6347961425781,225.17933654785156,2220.990234375,355.98822021484375,64.28923034667969,2210.289794921875,357.89508056640625,-64.35173797607422,2202.0029296875,367.9975280761719,-260.2230224609375,2195.375,335.919677734375,-229.66244506835935,2195.4326171875,210.74620056152344,-197.97506713867188,2200.364501953125,150.35638427734375,43.64942169189453,2219.47021484375,110.2937240600586,244.4278106689453,2264.592529296875,83.27095031738281,295.51141357421875,2329.6787109375,96.76821899414062,357.2692565917969,2255.223876953125,91.89205169677734,360.0150146484375,2240.834716796875,396.6389465332031,-225.99623107910156,2195.611083984375,500.8268432617187,-169.9546661376953,2207.23779296875,549.8101806640625,67.32618713378906,2285.18603515625,572.9970092773438,249.4004669189453,2391.882568359375,541.0576171875,310.8822326660156,2328.772216796875,521.5741577148438,346.94976806640625,2415.584716796875,512.9761962890625,303.81365966796875,2338.425537109375,271.5899963378906,223.4691162109375,2228.659912109375,259.8797607421875,542.6062622070312,2398.84228515625,254.3342437744141,877.562744140625,2312.97119140625,245.8404541015625,976.0873413085938,2450.434326171875,427.6181945800781,226.72149658203125,2214.07421875,402.6104431152344,586.8869018554688,2196.145263671875,368.4035949707031,927.8309326171876,2127.464111328125,418.4016418457031,1000.92138671875,2255.6494140625,371.7360229492187,-333.3314208984375,2205.0283203125,351.0963134765625,-374.58209228515625,2342.75830078125,327.9197998046875,-401.6607971191406,2306.85107421875,289.7358093261719,-380.5556335449219,2200.89111328125,374.2037353515625,-405.0157775878906,2315.797119140625,437.4636535644531,-401.7314453125,2215.73046875
344.129638671875,231.47161865234375,2227.95849609375,347.97216796875,71.30860900878906,2219.000244140625,351.348388671875,-56.84737777709961,2214.49951171875,365.094482421875,-251.3826446533203,2204.707763671875,332.616943359375,-221.5734710693359,2204.942626953125,207.9493408203125,-190.55075073242188,2210.0849609375,147.4068603515625,49.996124267578125,2225.7705078125,96.14225006103516,251.85150146484375,2237.708984375,78.73541259765625,285.22540283203125,2315.70849609375,92.2214813232422,349.40863037109375,2243.989990234375,87.67375946044922,371.0722351074219,2245.20361328125,392.9503173828125,-216.815673828125,2205.82177734375,496.1996154785156,-160.00758361816406,2215.966796875,537.5455322265625,75.59749603271484,2299.119873046875,534.7875366210938,238.55584716796875,2433.514404296875,521.853759765625,309.7236022949219,2374.661865234375,528.131591796875,375.4302978515625,2443.716064453125,524.1976318359375,313.2965087890625,2362.5205078125,262.676513671875,229.0022125244141,2237.170654296875,251.493896484375,540.3007202148438,2417.765380859375,236.5185089111328,876.6341552734375,2346.57958984375,218.37548828125,961.1585083007812,2491.205810546875,417.57952880859375,233.69837951660156,2219.651123046875,395.2077331542969,592.031982421875,2198.11328125,364.1246032714844,931.1033325195312,2127.5390625,421.2835998535156,993.9413452148438,2257.217529296875,370.069091796875,-324.19989013671875,2213.1171875,347.5710754394531,-375.1373901367187,2346.483642578125,317.8918151855469,-392.8039245605469,2309.859619140625,280.4355163574219,-353.1232604980469,2209.7451171875,362.6115417480469,-406.2714538574219,2315.342529296875,420.4189147949219,-404.7438354492187,2212.66552734375
332.4810791015625,230.2106781005859,2237.991943359375,337.212890625,69.89027404785156,2230.118408203125,341.0372009277344,-58.29036331176758,2224.105224609375,356.4007873535156,-252.91603088378903,2215.585693359375,323.62896728515625,-223.3946075439453,2216.550537109375,199.0013427734375,-192.4335021972656,2224.66162109375,143.80848693847656,49.9484977722168,2233.290283203125,97.19225311279295,253.3424530029297,2239.71630859375,72.04181671142578,303.9377746582031,2305.44189453125,74.62670135498047,352.90240478515625,2221.446044921875,82.59539794921875,369.6622009277344,2209.559814453125,383.9581604003906,-218.0490570068359,2215.550537109375,486.5199279785156,-158.9580841064453,2216.76171875,520.964599609375,85.07947540283203,2275.85595703125,500.5545043945313,229.052734375,2429.31298828125,415.01116943359375,262.18182373046875,2412.16650390625,420.5631103515625,312.0408630371094,2493.5458984375,419.046630859375,280.88922119140625,2380.116455078125,251.3212890625,227.23374938964844,2249.832763671875,232.87039184570312,539.39453125,2428.89111328125,217.52444458007812,881.18310546875,2389.64794921875,197.12452697753903,964.2345581054688,2534.97705078125,405.66644287109375,232.8950958251953,2227.314697265625,390.40728759765625,591.6649780273438,2202.441162109375,363.97796630859375,930.2644653320312,2126.578857421875,418.8704528808594,1000.9232788085938,2253.321044921875,362.34759521484375,-325.6600646972656,2224.479736328125,338.3082580566406,-375.2467041015625,2358.207275390625,316.13409423828125,-399.8624877929687,2320.252197265625,280.806884765625,-372.17327880859375,2215.343505859375,361.9810485839844,-403.8473815917969,2330.09521484375,427.4826354980469,-394.435302734375,2232.478515625
330.30816650390625,230.9833984375,2252.18017578125,333.9697570800781,69.58384704589844,2242.541259765625,337.5965576171875,-59.59847640991211,2238.573974609375,347.12371826171875,-256.0075988769531,2230.385009765625,315.0349426269531,-225.2848968505859,2231.236083984375,190.4937438964844,-190.7169189453125,2240.6142578125,141.14390563964844,54.86997985839844,2243.26123046875,99.37174987792967,260.9305114746094,2244.467529296875,70.66603088378906,311.3568420410156,2309.682373046875,73.41248321533203,355.3878173828125,2222.225830078125,77.82301330566406,368.1757507324219,2200.4453125,375.9317626953125,-221.75149536132812,2230.340576171875,482.1997375488281,-167.72019958496094,2231.001953125,507.2243957519531,79.72830200195312,2288.406494140625,482.5762023925781,234.80645751953125,2432.200927734375,396.68804931640625,266.349365234375,2410.70361328125,423.0528564453125,316.968017578125,2488.24609375,392.7757873535156,278.45599365234375,2389.8046875,249.0848846435547,228.2396697998047,2267.26806640625,215.66635131835935,544.3115844726562,2442.4453125,205.1693420410156,890.8389892578125,2432.39306640625,187.46136474609375,968.5350952148438,2582.36279296875,403.55078125,233.45751953125,2238.574462890625,386.8983154296875,594.4066772460938,2209.241943359375,359.7406311035156,934.81884765625,2130.383056640625,414.8933410644531,1010.3494873046876,2255.5517578125,350.8668212890625,-329.4013977050781,2239.489013671875,337.03558349609375,-371.5216064453125,2378.2470703125,315.6461486816406,-400.9685668945313,2342.892822265625,273.30108642578125,-384.1946411132813,2237.38232421875,362.3562927246094,-399.9608459472656,2350.86474609375,423.0690002441406,-391.5289306640625,2249.130126953125
317.64031982421875,232.8134765625,2261.371337890625,322.6297302246094,71.69071197509766,2255.20458984375,327.2161865234375,-57.19321823120117,2254.916015625,338.4495849609375,-252.89016723632812,2244.218017578125,306.1734313964844,-222.5405731201172,2245.416259765625,181.7792053222656,-190.3872985839844,2259.5751953125,136.74093627929688,55.39426040649414,2259.400146484375,98.60657501220705,261.6162109375,2258.22802734375,63.29254913330078,312.5671691894531,2319.367919921875,69.9998779296875,352.0418701171875,2230.244384765625,79.22234344482422,367.6687622070313,2209.264892578125,366.8835754394531,-218.4730224609375,2244.6611328125,471.251220703125,-161.4916229248047,2245.72607421875,502.31646728515625,85.75387573242188,2297.94189453125,479.1842346191406,241.6633453369141,2440.2822265625,394.7659301757813,275.1395568847656,2417.00244140625,427.9493103027344,325.0626525878906,2492.033935546875,388.3096008300781,278.5926513671875,2403.26220703125,235.91293334960935,229.88165283203125,2271.848876953125,205.6180725097656,546.5636596679688,2444.568603515625,192.61471557617188,891.05859375,2473.493896484375,174.85191345214844,960.5098876953124,2626.973388671875,391.3375244140625,235.4572296142578,2251.92333984375,381.2863464355469,595.25048828125,2217.2353515625,360.6857604980469,931.8388671875,2125.052978515625,416.9394226074219,1006.8639526367188,2249.539306640625,342.81280517578125,-326.17401123046875,2252.35302734375,321.7327575683594,-372.3985900878906,2388.479736328125,303.7872009277344,-401.5257263183594,2351.182861328125,267.7884521484375,-383.4173278808594,2243.869873046875,349.7063293457031,-399.11224365234375,2362.165771484375,416.2872924804687,-385.8317260742187,2265.077392578125
312.8896789550781,234.44320678710935,2271.154541015625,318.28961181640625,73.20590209960938,2270.58349609375,322.6792907714844,-55.687801361083984,2271.828857421875,327.9577941894531,-251.84071350097656,2265.5634765625,296.6602783203125,-220.46356201171875,2264.8662109375,170.9014434814453,-191.82717895507812,2273.534912109375,129.41053771972656,54.57233047485352,2276.8818359375,94.1235122680664,261.3140869140625,2278.172119140625,66.42024230957031,320.63037109375,2335.58544921875,73.04021453857422,362.36761474609375,2247.48486328125,81.43865966796875,379.0901489257813,2241.686767578125,357.45794677734375,-218.33729553222656,2266.43212890625,465.7193908691406,-169.38490295410156,2271.49462890625,504.962158203125,70.52893829345703,2347.203857421875,497.2413024902344,242.2252960205078,2471.98583984375,419.3860473632813,284.0214538574219,2440.65087890625,438.914794921875,347.4509582519531,2510.075439453125,409.5824890136719,290.4267883300781,2438.79541015625,230.55776977539065,231.67335510253903,2274.681640625,199.57504272460935,548.6334838867188,2446.81884765625,182.87448120117188,887.81494140625,2512.9658203125,137.17916870117188,935.6942749023438,2668.9091796875,387.1319580078125,236.94088745117188,2267.974365234375,381.1172180175781,596.1132202148438,2226.357177734375,365.4029235839844,930.4539794921876,2125.365478515625,413.30718994140625,1008.7698974609376,2251.322265625,329.61846923828125,-325.0381774902344,2275.353271484375,312.09686279296875,-372.9090270996094,2411.425537109375,293.5800476074219,-401.8152465820313,2374.231689453125,254.96324157714844,-382.9222717285156,2267.960693359375,339.7163391113281,-399.0697326660156,2384.1923828125,403.9344482421875,-384.11077880859375,2285.75634765625
300.2120056152344,239.49154663085935,2280.856201171875,305.98419189453125,79.60264587402344,2282.812255859375,310.6235046386719,-48.19416809082031,2285.814453125,316.6320495605469,-242.7894592285156,2282.687744140625,285.45697021484375,-211.8119659423828,2281.71337890625,161.36109924316406,-180.92149353027344,2290.84521484375,120.81280517578124,63.437252044677734,2299.186279296875,86.04608154296875,268.46905517578125,2304.01904296875,70.00091552734375,330.0169677734375,2362.43701171875,77.68939971923828,375.839599609375,2277.391845703125,86.63154602050781,387.5339050292969,2272.161376953125,345.7557067871094,-209.43212890625,2282.811279296875,452.4513549804687,-159.18081665039062,2284.306884765625,477.2546997070313,88.04505920410156,2329.420654296875,455.04290771484375,265.358642578125,2440.951171875,395.030517578125,312.546142578125,2387.8623046875,374.735107421875,348.56439208984375,2473.6787109375,368.4973449707031,323.719970703125,2411.842041015625,218.50013732910156,236.55946350097656,2282.313232421875,184.8293914794922,546.0850219726562,2461.124267578125,168.20538330078125,884.4367065429688,2515.750732421875,121.26959228515624,935.2496948242188,2668.867919921875,373.8951721191406,242.1355438232422,2279.542236328125,374.3974609375,598.8493041992188,2242.247802734375,369.2785949707031,927.3521728515624,2131.37744140625,408.0816955566406,1009.3777465820312,2256.52734375,318.65093994140625,-315.2135009765625,2293.54931640625,284.2834777832031,-360.2331848144531,2426.06884765625,274.82281494140625,-391.6318054199219,2388.06103515625,252.39154052734375,-379.8287048339844,2277.225830078125,317.94610595703125,-384.1268310546875,2404.87890625,394.8481750488281,-365.927978515625,2317.9140625
295.536865234375,236.60711669921875,2296.7470703125,298.5491943359375,76.23410034179688,2298.7998046875,301.18341064453125,-51.780120849609375,2305.998779296875,302.1600036621094,-246.8665771484375,2299.08544921875,271.7297668457031,-214.99151611328125,2298.5166015625,148.3300018310547,-180.0612335205078,2307.117919921875,108.52883911132812,64.45655059814453,2326.2646484375,74.59310913085938,269.7071228027344,2340.838623046875,63.828826904296875,319.0024719238281,2411.198974609375,89.0523910522461,388.3525695800781,2348.00146484375,111.57398986816406,377.4191284179687,2311.23291015625,332.2153015136719,-214.20608520507812,2300.05078125,439.0602416992187,-163.66427612304688,2303.5654296875,461.736328125,83.6369400024414,2352.8173828125,445.998046875,275.1221618652344,2440.485107421875,403.39068603515625,322.60064697265625,2372.5048828125,374.48150634765625,372.2532043457031,2448.78759765625,366.5986633300781,335.89971923828125,2403.98876953125,213.6336669921875,235.11203002929688,2300.1298828125,178.22378540039062,548.1416625976562,2474.291748046875,163.4901123046875,888.8628540039062,2519.431640625,116.46795654296876,942.9500732421876,2671.871337890625,369.3926086425781,237.955322265625,2293.6962890625,374.03619384765625,596.2994384765625,2264.322021484375,370.7903137207031,921.0386352539062,2140.295654296875,409.489013671875,1006.5786743164062,2263.6005859375,302.2222595214844,-319.7015380859375,2308.564697265625,275.9281311035156,-372.2815551757813,2440.54833984375,254.19384765625,-395.80914306640625,2401.728759765625,220.63153076171875,-365.408935546875,2297.122314453125,299.81658935546875,-400.3192138671875,2412.134521484375,366.7452392578125,-388.9931335449219,2315.847900390625
282.4894714355469,233.88916015625,2315.0654296875,286.17926025390625,73.13987731933594,2317.128662109375,289.9292907714844,-55.10206604003906,2325.283447265625,290.4753112792969,-250.78695678710935,2324.724853515625,259.99884033203125,-218.80584716796875,2324.27490234375,137.26416015625,-180.30935668945312,2331.7822265625,101.6456298828125,65.39974975585938,2351.755126953125,70.99801635742188,271.6807861328125,2366.337646484375,62.67366409301758,313.10504150390625,2442.151611328125,75.98723602294922,384.0367126464844,2376.75244140625,113.78736114501952,391.4059448242187,2378.713134765625,320.6466979980469,-218.09634399414065,2323.468505859375,428.5017700195313,-168.92837524414062,2324.25537109375,433.2922973632813,84.67192840576172,2315.64404296875,437.9661560058594,296.1443176269531,2306.992919921875,375.86761474609375,310.8101806640625,2238.714599609375,348.53399658203125,376.8800964355469,2302.3720703125,374.1725463867187,311.5202941894531,2225.835205078125,200.9451446533203,232.14707946777344,2325.16796875,174.1313018798828,550.0880126953125,2493.690185546875,165.15521240234375,893.7344970703125,2521.05615234375,153.24032592773438,972.4524536132812,2669.966552734375,356.0215759277344,235.46006774902344,2305.955322265625,370.8868408203125,595.4073486328125,2294.03662109375,367.1976318359375,910.2850952148438,2144.785400390625,419.9783935546875,1001.0137329101562,2259.32080078125,290.8388366699219,-323.44976806640625,2336.602294921875,279.1723937988281,-387.8629760742187,2465.801025390625,256.1639709472656,-410.1537170410156,2426.8271484375,212.04879760742188,-374.7389221191406,2327.549072265625,302.79571533203125,-411.7330627441406,2433.4462890625,360.90716552734375,-387.8089599609375,2333.460693359375
270.3758544921875,231.41458129882812,2336.828369140625,273.656005859375,69.38555908203125,2338.08203125,277.669921875,-59.5040168762207,2350.66748046875,278.96527099609375,-256.5002136230469,2341.311767578125,248.1231689453125,-224.42208862304688,2342.83837890625,125.96605682373048,-181.23764038085935,2351.58642578125,96.62336730957033,66.41034698486328,2380.35791015625,71.40736389160156,274.3999938964844,2402.65234375,53.72773361206055,314.5232849121094,2478.344482421875,70.26467895507812,404.9454650878906,2443.913818359375,109.3156509399414,390.3287658691406,2396.31298828125,309.2195739746094,-223.38905334472656,2340.97607421875,416.5172424316406,-170.90663146972656,2343.2275390625,423.4827575683594,84.78141021728516,2342.56787109375,429.8357238769531,298.0407409667969,2340.651123046875,377.44378662109375,315.0906677246094,2264.26220703125,333.4842529296875,382.9160461425781,2316.952880859375,384.4679565429687,317.87371826171875,2246.865234375,188.16148376464844,229.8273162841797,2346.7939453125,168.02032470703125,554.6973876953125,2509.000732421875,159.49990844726562,901.9686889648438,2520.2568359375,157.68173217773438,979.9217529296876,2671.524658203125,344.5121765136719,232.8459014892578,2327.84228515625,366.4002685546875,595.4451293945312,2331.769287109375,365.5553894042969,896.9132690429688,2151.581298828125,411.52587890625,998.0617065429688,2261.90771484375,279.826171875,-330.1907043457031,2350.00048828125,269.03216552734375,-392.79437255859375,2481.4248046875,245.2704162597656,-415.7657775878906,2442.784912109375,199.97662353515625,-381.4783630371094,2342.609619140625,292.3254089355469,-417.5695190429687,2448.981689453125,349.9664306640625,-395.5881652832031,2347.19482421875
253.0601043701172,224.66775512695312,2362.142822265625,259.0559387207031,64.40155029296875,2362.0654296875,264.64312744140625,-63.64689636230469,2365.43994140625,257.98480224609375,-258.4739990234375,2356.037841796875,228.78224182128903,-225.52099609375,2357.705078125,108.4584732055664,-184.1688995361328,2375.77099609375,83.12303161621094,60.69901657104492,2409.0830078125,61.037479400634766,266.4344787597656,2434.722412109375,50.04468536376953,308.9135437011719,2509.340087890625,73.54161834716797,387.3125,2457.025146484375,84.08123779296875,377.843505859375,2413.7998046875,289.2252197265625,-226.9474639892578,2355.597412109375,403.2953186035156,-196.8820037841797,2363.37353515625,419.96820068359375,52.3867301940918,2404.068603515625,434.212158203125,260.4388122558594,2437.10302734375,413.4530944824219,291.2885437011719,2351.637939453125,372.9036254882813,337.0020446777344,2278.275146484375,402.60308837890625,288.5335998535156,2345.2509765625,173.2628936767578,221.6734619140625,2380.64208984375,159.2744903564453,556.7442016601562,2511.20751953125,151.73190307617188,900.5487060546875,2517.0380859375,166.18545532226562,986.14990234375,2661.347412109375,325.0167541503906,227.3678436279297,2345.461181640625,363.2545471191406,582.8765869140625,2382.7197265625,358.84405517578125,867.5514526367188,2183.383544921875,392.7088928222656,987.7660522460938,2275.08740234375,255.9188232421875,-331.3788757324219,2364.58056640625,249.39947509765625,-391.9611511230469,2495.552490234375,229.1817321777344,-417.70452880859375,2457.33935546875,182.91514587402344,-390.4009094238281,2356.83447265625,275.5448303222656,-414.4006958007813,2464.31103515625,331.869873046875,-388.34228515625,2364.206298828125
244.67669677734375,215.38966369628903,2387.033447265625,258.20703125,53.33512878417969,2387.180419921875,269.5147705078125,-76.14119720458984,2390.256103515625,251.70004272460935,-272.8289489746094,2377.67041015625,224.1282196044922,-237.67691040039065,2377.2060546875,113.4022216796875,-169.2183074951172,2371.557373046875,238.5511932373047,43.7381706237793,2322.210205078125,344.0299377441406,223.73681640625,2288.0068359375,402.5213317871094,266.3703918457031,2337.656005859375,354.7513427734375,223.30569458007812,2263.062255859375,396.2162780761719,310.05841064453125,2245.528564453125,285.167724609375,-242.86126708984375,2380.381103515625,398.43701171875,-204.41163635253903,2388.206787109375,380.2561645507813,51.5478401184082,2383.156982421875,364.6094055175781,265.047607421875,2380.52880859375,342.9636535644531,273.4234619140625,2288.917236328125,316.73931884765625,315.3367004394531,2205.682373046875,406.99127197265625,253.03167724609375,2275.35595703125,162.98944091796875,208.5818328857422,2400.76806640625,154.22665405273438,553.7992553710938,2518.6953125,146.0730743408203,902.4393310546876,2516.79296875,163.15623474121094,990.7416381835938,2661.94921875,318.3376770019531,221.52859497070312,2374.6484375,361.9076232910156,578.8480834960938,2432.06494140625,349.1792907714844,854.5635986328125,2212.95068359375,393.8338317871094,977.6897583007812,2299.72216796875,244.3933258056641,-346.5464172363281,2385.18017578125,253.74234008789065,-396.2570495605469,2522.638671875,223.2588653564453,-421.8084411621094,2490.68798828125,162.82594299316406,-395.0717468261719,2395.895263671875,270.79022216796875,-425.0074157714844,2489.370361328125,311.6142578125,-415.0350646972656,2377.58154296875
224.381103515625,214.4108123779297,2405.828125,233.71922302246097,52.91506576538086,2409.106201171875,241.0703887939453,-76.21662139892578,2410.669189453125,237.6751251220703,-272.96337890625,2403.799560546875,207.7107086181641,-240.13528442382812,2403.1201171875,85.16960906982422,-199.38323974609375,2414.562744140625,131.93162536621094,40.698394775390625,2359.9375,170.68063354492188,241.6464385986328,2311.315673828125,107.66193389892578,278.70538330078125,2359.083251953125,192.0145721435547,262.6044006347656,2311.874755859375,146.1903533935547,345.2433776855469,2298.307861328125,268.7159118652344,-240.70655822753903,2404.844482421875,383.87359619140625,-209.6663360595703,2405.3544921875,404.45904541015625,38.73223114013672,2460.881591796875,417.95556640625,244.4853515625,2514.32763671875,463.6826477050781,297.79742431640625,2451.810302734375,398.0292053222656,368.28033447265625,2451.976318359375,394.35693359375,341.1202392578125,2454.328857421875,142.30099487304688,209.84666442871097,2414.7919921875,144.4841766357422,558.781982421875,2515.086669921875,150.9768829345703,905.6865234375,2511.62158203125,166.2005615234375,989.8394165039062,2658.43017578125,298.3963623046875,218.52651977539065,2397.7451171875,350.20440673828125,566.30810546875,2486.626708984375,334.30462646484375,830.2332153320312,2256.33544921875,365.1753234863281,954.6286010742188,2345.822509765625,236.06735229492188,-346.4043884277344,2413.398193359375,235.3866271972656,-407.48284912109375,2545.71044921875,209.9377288818359,-431.560546875,2508.9765625,157.53445434570312,-399.8888854980469,2411.6669921875,257.24395751953125,-431.97802734375,2512.186279296875,307.60638427734375,-409.75726318359375,2406.880859375
209.7930450439453,211.3764190673828,2432.435546875,221.58966064453125,48.89532852172851,2431.955078125,231.3382110595703,-80.89810943603516,2436.49609375,229.49581909179688,-278.4361572265625,2419.839599609375,199.0198211669922,-245.7155609130859,2421.7919921875,77.05500793457031,-205.1741485595703,2444.60693359375,96.7431411743164,41.11140823364258,2393.314208984375,112.10726928710938,247.01803588867188,2346.179443359375,60.747825622558594,285.42327880859375,2406.33544921875,132.94119262695312,266.2329406738281,2341.873046875,117.49252319335938,360.55511474609375,2347.19775390625,260.4703063964844,-245.7156219482422,2421.482177734375,375.12493896484375,-210.37142944335935,2416.37060546875,401.495361328125,37.09185028076172,2480.975341796875,424.0831298828125,243.73353576660156,2533.76806640625,470.96588134765625,325.0790100097656,2545.9443359375,418.0826721191406,398.4081726074219,2581.048095703125,410.4570007324219,347.7415466308594,2532.6435546875,126.93041229248048,205.3441619873047,2437.906982421875,138.68722534179688,562.5103759765625,2514.911865234375,152.58187866210938,911.5978393554688,2514.196044921875,166.81436157226562,992.6720581054688,2664.1572265625,284.513916015625,216.8159637451172,2427.501708984375,341.83819580078125,558.6967163085938,2542.3046875,318.3824157714844,813.4423217773438,2299.011474609375,360.9305114746094,948.7332153320312,2367.259521484375,228.8732452392578,-352.7820129394531,2425.85791015625,225.85548400878903,-430.6042175292969,2550.215576171875,201.9651641845703,-450.5396423339844,2509.66796875,151.3024139404297,-407.7008361816406,2414.806884765625,249.47544860839844,-450.32183837890625,2514.36474609375,302.6869812011719,-413.6391296386719,2413.68310546875
203.1971893310547,209.51675415039065,2451.992431640625,214.1659698486328,47.62525939941406,2454.132568359375,222.9600067138672,-81.8084487915039,2454.394775390625,217.6128692626953,-279.1023254394531,2447.765625,187.8363037109375,-245.92384338378903,2448.26513671875,67.42293548583984,-202.97018432617188,2471.993896484375,83.4310073852539,43.28990173339844,2424.23193359375,95.37913513183594,249.10252380371097,2379.444580078125,46.23078918457031,281.7063903808594,2444.197998046875,109.8879852294922,270.4192199707031,2370.16796875,115.39146423339844,365.97796630859375,2382.200927734375,249.03500366210935,-247.0150451660156,2447.5498046875,363.9451599121094,-213.93557739257812,2444.2900390625,395.7020568847656,34.57904052734375,2497.457275390625,422.5867309570313,241.96774291992188,2541.144775390625,420.0518493652344,320.0016784667969,2594.042236328125,371.7039794921875,354.2478942871094,2517.73486328125,409.94915771484375,352.1175537109375,2548.338134765625,120.46133422851562,203.8926544189453,2450.5986328125,135.9464874267578,561.5142822265625,2517.431884765625,153.38914489746094,908.9981689453124,2509.681884765625,149.2860870361328,987.085693359375,2661.083740234375,277.8037414550781,214.58824157714844,2453.24951171875,335.6524658203125,547.0835571289062,2588.95068359375,295.84185791015625,809.8618774414062,2358.66064453125,327.67352294921875,940.9014892578124,2438.630126953125,215.76304626464844,-352.741455078125,2457.493896484375,230.9468536376953,-410.693115234375,2590.814453125,197.82781982421875,-433.1871643066406,2559.363037109375,133.32408142089844,-398.8717346191406,2470.15380859375,244.95375061035156,-437.93316650390625,2555.087158203125,279.6659851074219,-422.7933044433594,2442.088134765625
199.32627868652344,207.8797149658203,2469.8876953125,210.10414123535156,45.716434478759766,2476.125,218.92507934570312,-84.0001220703125,2477.494384765625,212.66395568847656,-281.5802917480469,2467.72607421875,182.99560546875,-248.1688232421875,2468.03466796875,61.53743743896485,-203.69776916503903,2483.9599609375,74.49806213378906,44.74715805053711,2444.306640625,84.33124542236328,252.63804626464844,2406.995849609375,31.951126098632812,290.4906005859375,2466.405517578125,103.22451782226562,271.6741638183594,2401.064453125,103.61920166015624,367.6116333007813,2410.19677734375,244.32476806640625,-249.6017608642578,2468.733154296875,359.5074157714844,-216.3635711669922,2467.44677734375,394.9722595214844,33.18376922607422,2516.0029296875,423.9945068359375,241.24717712402344,2557.400390625,419.4525146484375,316.8469543457031,2613.94970703125,378.46148681640625,332.16595458984375,2527.577880859375,373.3271179199219,333.5476989746094,2504.328125,116.52178192138672,202.20066833496097,2465.32177734375,129.0668182373047,561.9521484375,2525.459716796875,143.7372283935547,909.8334350585938,2505.0478515625,116.00218963623048,982.3134765625,2657.18212890625,273.9947509765625,213.0007781982422,2474.0048828125,323.4648132324219,537.5888061523438,2632.447021484375,284.0734558105469,817.2479248046875,2421.5791015625,316.3900451660156,939.729248046875,2514.552490234375,210.18687438964844,-355.5111999511719,2476.30859375,227.8277282714844,-413.3667907714844,2609.727783203125,194.4489593505859,-436.2742614746094,2578.667236328125,128.23440551757812,-402.6062927246094,2490.13232421875,241.6655731201172,-440.5354309082031,2573.7421875,274.7536315917969,-425.0492248535156,2460.023193359375
193.7482147216797,206.3564453125,2501.048828125,201.9865264892578,44.47627258300781,2499.465576171875,208.71620178222656,-84.89839935302734,2496.26953125,206.7750244140625,-282.01104736328125,2488.9150390625,176.4656524658203,-249.38661193847656,2489.46240234375,55.19342422485352,-206.0933837890625,2506.457763671875,63.52165222167969,41.901065826416016,2468.10009765625,69.51344299316406,249.5340881347656,2432.578125,21.61935043334961,296.622314453125,2488.644775390625,82.37397003173828,290.039794921875,2411.8056640625,104.08338165283205,365.67681884765625,2417.810302734375,237.60794067382812,-249.42478942871097,2488.892822265625,351.2518310546875,-212.73046875,2484.868408203125,397.3071594238281,34.33278274536133,2532.706787109375,434.33056640625,240.12603759765625,2575.356689453125,425.3643798828125,287.23455810546875,2656.440673828125,406.1246337890625,365.2178649902344,2602.95263671875,365.8653259277344,337.71142578125,2536.084716796875,111.23924255371094,202.21832275390625,2494.824462890625,125.86920166015624,563.5828857421875,2533.662109375,142.82131958007812,910.0342407226562,2510.728271484375,117.30489349365234,1006.4633178710938,2648.653076171875,268.15020751953125,210.0879821777344,2506.66162109375,307.15087890625,524.3221435546875,2684.869384765625,270.0151062011719,822.4198608398438,2502.78076171875,284.12152099609375,962.8485107421876,2570.650146484375,206.16741943359375,-355.62506103515625,2498.359130859375,236.25714111328125,-408.1079406738281,2631.236083984375,209.0606689453125,-437.81634521484375,2600.1865234375,137.25076293945312,-419.89593505859375,2511.9287109375,255.860595703125,-431.2685241699219,2595.33251953125,284.5734558105469,-408.4924011230469,2482.0703125
183.2099609375,203.90333557128903,2521.0302734375,192.4635467529297,42.747989654541016,2517.62939453125,199.87368774414065,-86.11518096923828,2517.214599609375,203.73683166503903,-282.5086669921875,2512.865966796875,172.62228393554688,-250.95626831054688,2514.864990234375,52.62141036987305,-209.38417053222656,2539.533447265625,51.424285888671875,38.5489616394043,2506.788818359375,49.21337890625,246.1755828857422,2476.046875,-2.028137445449829,308.8494567871094,2508.3037109375,57.660152435302734,290.4018859863281,2433.07275390625,95.03062438964844,350.4546203613281,2429.64990234375,233.3352203369141,-249.12315368652344,2510.417236328125,344.9459533691406,-209.7451629638672,2497.87255859375,389.3177185058594,36.16558074951172,2547.797119140625,418.3487854003906,238.07034301757812,2607.5712890625,422.4124145507813,289.07598876953125,2686.22314453125,401.0049743652344,359.0990295410156,2623.953125,396.3932800292969,355.344482421875,2638.453125,100.82769012451172,199.164794921875,2521.415283203125,122.14586639404295,560.0313720703125,2545.57373046875,143.00289916992188,904.0396118164062,2512.23291015625,133.9450225830078,988.09765625,2659.1904296875,257.4976806640625,208.17628479003903,2520.68310546875,292.6615905761719,507.4329833984375,2721.15576171875,260.0995178222656,828.1876220703125,2585.214111328125,290.12860107421875,952.1350708007812,2675.03173828125,206.06431579589844,-355.6507263183594,2523.35107421875,229.84661865234375,-407.81390380859375,2656.99755859375,198.75979614257812,-434.3260498046875,2627.053955078125,129.54473876953125,-409.4325866699219,2539.007568359375,245.7856903076172,-434.2830810546875,2621.817138671875,276.2210388183594,-418.783203125,2508.269287109375
179.69822692871094,201.8467712402344,2549.128173828125,189.9752655029297,40.13138961791992,2540.04052734375,197.90252685546875,-89.36691284179688,2538.669677734375,198.0160217285156,-286.8062744140625,2533.7236328125,167.3242645263672,-254.47708129882812,2534.734130859375,47.11821746826172,-209.9728546142578,2556.675048828125,46.95206451416016,39.68770980834961,2527.242919921875,45.630741119384766,248.8191070556641,2499.30517578125,-6.169617176055908,314.2782897949219,2525.861572265625,45.262054443359375,290.9084777832031,2445.4189453125,90.19354248046876,345.37060546875,2436.883544921875,228.498046875,-253.8414001464844,2532.443359375,341.7016906738281,-215.2584228515625,2529.453125,385.0399169921875,33.980682373046875,2569.60498046875,414.0252380371094,240.79458618164065,2614.7744140625,426.55853271484375,264.8164367675781,2705.117431640625,397.5931396484375,340.5107727050781,2652.517578125,380.5614929199219,304.30413818359375,2719.4365234375,97.0099105834961,196.82980346679688,2544.895263671875,121.56858825683594,560.0817260742188,2553.637939453125,143.95741271972656,905.3373413085938,2515.74658203125,136.13819885253906,1001.0887451171876,2656.510498046875,254.2619171142578,206.3708038330078,2552.9453125,290.7971496582031,503.4728088378906,2759.686279296875,259.309814453125,838.3436279296875,2656.87255859375,287.7045593261719,972.0906982421876,2733.6259765625,198.5173492431641,-360.3912048339844,2544.0732421875,205.77130126953125,-422.6177978515625,2676.147705078125,180.8429718017578,-448.1250915527344,2639.807373046875,123.46408081054688,-419.1589050292969,2544.0556640625,228.291259765625,-445.4037780761719,2641.66796875,274.1188049316406,-418.957763671875,2534.86572265625
177.18887329101562,202.37371826171875,2574.560546875,187.14401245117188,40.520042419433594,2567.095947265625,195.1035919189453,-88.90111541748047,2561.747802734375,194.6504821777344,-286.3473205566406,2555.54931640625,164.06370544433594,-253.95822143554688,2557.65576171875,45.53105545043945,-208.19711303710935,2585.489990234375,42.23265838623047,41.16724395751953,2553.388916015625,38.36356735229492,250.1061553955078,2523.944580078125,-8.594512939453125,324.07672119140625,2523.83837890625,41.92642974853515,289.1758117675781,2447.05224609375,85.40675354003906,340.60125732421875,2445.338134765625,225.15963745117188,-253.4275360107422,2553.59326171875,338.6431579589844,-215.5150451660156,2551.873046875,381.6260070800781,33.45534133911133,2594.358642578125,414.3098449707031,240.6736602783203,2635.15673828125,396.697265625,281.4907531738281,2718.36474609375,368.14984130859375,336.6950988769531,2644.3583984375,356.1195983886719,316.5830078125,2712.789306640625,94.37879943847656,197.28485107421875,2574.462158203125,121.18783569335938,560.3768920898438,2562.87548828125,145.1639404296875,905.1131591796876,2520.770751953125,145.99388122558594,1002.5056762695312,2660.66552734375,251.8623504638672,206.9625701904297,2574.649658203125,285.6883850097656,500.0542297363281,2787.619873046875,253.28338623046875,842.52001953125,2713.992431640625,284.0423889160156,978.8616333007812,2785.133544921875,195.2944793701172,-360.01361083984375,2565.416259765625,200.10597229003903,-426.1842346191406,2695.7080078125,176.69984436035156,-451.0202941894531,2657.904541015625,121.42960357666016,-420.1716613769531,2561.47265625,224.025390625,-447.462158203125,2661.193359375,272.28057861328125,-416.8401184082031,2556.5693359375
177.06243896484375,200.5375061035156,2603.29345703125,183.7417907714844,38.038089752197266,2597.886474609375,188.96414184570312,-91.374755859375,2585.68212890625,189.54959106445312,-289.25372314453125,2578.10400390625,158.73635864257812,-256.9788818359375,2580.863525390625,40.05290603637695,-208.94610595703125,2605.529052734375,17.09537696838379,30.281543731689453,2681.524169921875,-2.323692560195923,231.13218688964844,2745.0576171875,-31.452335357666016,287.60345458984375,2684.422119140625,5.31587028503418,292.1890869140625,2593.09423828125,22.32189178466797,296.9778137207031,2632.5009765625,219.9147796630859,-256.06488037109375,2575.94970703125,333.5037536621094,-217.52085876464844,2575.21044921875,375.0286560058594,32.32145309448242,2617.793212890625,404.2486572265625,239.7218475341797,2662.80517578125,403.6333312988281,271.04168701171875,2752.034423828125,387.7937316894531,345.56597900390625,2692.19970703125,362.2526550292969,317.728515625,2753.58349609375,93.97190856933594,197.0882110595703,2604.31396484375,120.78948974609376,560.6611938476562,2583.548583984375,145.02468872070312,903.7559204101562,2524.5546875,150.45071411132812,1014.550537109375,2654.52880859375,251.98883056640625,203.64788818359375,2602.373046875,264.29132080078125,511.6662902832031,2797.365966796875,254.81915283203125,859.8741455078125,2852.31005859375,268.8935241699219,937.9342651367188,2988.047607421875,190.75193786621097,-363.160400390625,2587.472900390625,187.6937713623047,-422.7505798339844,2721.34423828125,163.15951538085938,-447.7250061035156,2684.185546875,112.34417724609376,-417.7463989257813,2584.73974609375,210.65528869628903,-447.6313171386719,2688.470703125,263.43426513671875,-426.2487182617187,2583.404541015625
176.7143096923828,204.68507385253903,2632.03515625,182.5923614501953,42.263031005859375,2626.981689453125,187.56906127929688,-87.1175537109375,2615.365234375,191.0539703369141,-284.7585754394531,2606.30078125,159.8196563720703,-253.00437927246097,2609.749267578125,39.14196014404297,-208.65037536621097,2630.866455078125,12.910021781921388,28.30587387084961,2712.122314453125,-9.151042938232422,227.20074462890625,2780.261474609375,-35.27531051635742,285.40985107421875,2719.995361328125,0.9938105940818788,297.4073791503906,2629.220703125,18.119815826416016,285.1788330078125,2665.952392578125,220.8533172607422,-251.1177673339844,2603.95458984375,333.5509948730469,-210.3034210205078,2602.991455078125,372.3889465332031,39.321556091308594,2648.16796875,403.8110656738281,247.3197021484375,2687.876953125,401.0030517578125,282.4739685058594,2775.548828125,375.6296081542969,357.7857666015625,2720.2724609375,357.2890930175781,325.9526062011719,2775.033447265625,93.72020721435548,201.7816619873047,2628.81640625,119.93538665771484,564.4905395507812,2598.90234375,145.1822967529297,903.66357421875,2521.915283203125,145.74729919433594,1019.6203002929688,2647.251220703125,251.55377197265625,207.30320739746097,2634.93798828125,257.1694030761719,523.9668579101562,2815.34326171875,252.38772583007812,853.4916381835938,2940.103271484375,303.3228454589844,896.6447143554688,3082.311767578125,193.5176239013672,-358.65008544921875,2615.089599609375,197.30276489257812,-462.0865173339844,2718.70849609375,169.21182250976562,-471.7348937988281,2677.23095703125,112.92381286621094,-407.4505310058594,2599.449462890625,216.81703186035156,-473.8749694824219,2677.43017578125,262.9425964355469,-417.1146545410156,2583.029541015625
173.64732360839844,211.151611328125,2661.132568359375,179.7686767578125,47.546104431152344,2656.65380859375,184.61700439453125,-82.91360473632812,2646.615478515625,187.77957153320312,-281.8409118652344,2634.708740234375,156.41246032714844,-249.88377380371097,2639.13330078125,34.21037673950195,-207.50125122070312,2661.33154296875,7.948363304138184,32.10392761230469,2740.43994140625,9.813152313232422,222.69027709960935,2835.36083984375,-25.71471405029297,288.99346923828125,2788.9267578125,0.6623584628105164,301.54278564453125,2694.128173828125,19.605304718017575,272.7433166503906,2716.91064453125,217.78515625,-247.95118713378903,2632.318359375,331.7940979003906,-208.2653961181641,2633.983642578125,372.1167907714844,43.276100158691406,2677.773681640625,406.0813903808594,253.1693572998047,2713.591064453125,402.5047912597656,287.5903625488281,2802.258544921875,389.3970947265625,360.4977722167969,2738.857421875,360.84478759765625,337.6792297363281,2798.68701171875,89.99995422363281,208.0102996826172,2661.5576171875,120.6081085205078,571.9696044921875,2620.73486328125,146.95458984375,906.3943481445312,2516.660888671875,156.84605407714844,1029.302490234375,2636.55126953125,249.07586669921875,213.9842834472656,2660.749267578125,254.9085693359375,531.746337890625,2844.52197265625,256.6993408203125,848.81103515625,3004.025390625,314.9414978027344,873.986083984375,3148.9794921875,190.33140563964844,-356.3821105957031,2642.5009765625,195.16635131835935,-436.12115478515625,2766.51513671875,167.23675537109375,-454.88043212890625,2727.677734375,109.98302459716795,-409.0227966308594,2637.326171875,215.2110137939453,-456.190673828125,2728.4189453125,261.2972106933594,-419.6500854492187,2623.49853515625
168.99560546875,214.8013153076172,2695.453857421875,179.22889709472656,51.219581604003906,2688.041015625,187.4207763671875,-79.51429748535156,2681.2685546875,189.6053009033203,-278.5306701660156,2665.4150390625,158.3368377685547,-246.45167541503903,2670.422607421875,36.62431335449219,-201.7715606689453,2692.1650390625,10.192413330078123,40.84904479980469,2763.02734375,-5.585039138793945,241.50933837890625,2833.614990234375,-27.865781784057617,308.5308532714844,2780.195556640625,3.664363145828247,301.01983642578125,2686.259033203125,20.188875198364254,273.21337890625,2710.863037109375,219.83900451660156,-244.6939392089844,2663.744140625,334.1227111816406,-205.1592712402344,2665.55712890625,372.6104431152344,47.490478515625,2707.25244140625,405.1864013671875,258.3831787109375,2740.693603515625,405.7239990234375,288.0967712402344,2831.292724609375,389.952880859375,368.9500732421875,2778.8095703125,363.3642578125,334.5343017578125,2834.7216796875,85.31143951416016,209.6263885498047,2694.1259765625,118.42149353027344,572.9273681640625,2644.5166015625,146.88926696777344,901.27978515625,2521.33544921875,152.05841064453125,989.1135864257812,2669.458740234375,244.4572906494141,219.46775817871097,2696.651123046875,254.0497131347656,539.6165771484375,2877.388671875,259.36090087890625,859.2691650390625,3032.990234375,333.1927795410156,855.9036865234375,3173.215576171875,191.77003479003903,-353.3543701171875,2671.75,190.5354766845703,-435.1101989746094,2794.844482421875,166.87803649902344,-454.599853515625,2753.4912109375,114.84992980957033,-410.0209655761719,2659.163330078125,214.71478271484375,-453.4734191894531,2758.211181640625,267.4045715332031,-412.6725463867187,2657.824462890625
172.7972412109375,216.31707763671875,2728.3984375,180.61167907714844,54.26460647583008,2721.22705078125,186.7884979248047,-75.33131408691406,2716.46875,191.8771820068359,-272.0986022949219,2698.7763671875,160.42959594726562,-240.82693481445312,2703.658935546875,39.02565002441406,-199.57469177246097,2725.8466796875,10.730501174926758,45.12479782104492,2776.8212890625,-13.349730491638184,250.60250854492188,2818.937255859375,-30.29413604736328,324.41021728515625,2774.7958984375,7.479153633117676,302.15289306640625,2686.748046875,22.034059524536133,272.74737548828125,2700.722900390625,221.35560607910156,-238.1838531494141,2697.855712890625,333.76641845703125,-197.09527587890625,2700.375732421875,371.1789855957031,53.27555465698242,2740.48193359375,403.07525634765625,262.35992431640625,2771.734375,388.4097900390625,304.52545166015625,2854.886474609375,389.6899108886719,373.21533203125,2786.8623046875,349.70037841796875,351.2183532714844,2844.38818359375,90.10678100585938,212.6011505126953,2722.261962890625,114.67768096923828,573.3231811523438,2676.70166015625,143.50360107421875,886.468017578125,2527.030029296875,152.2035369873047,979.7108154296876,2669.54638671875,247.3628845214844,219.6678771972656,2733.931884765625,246.51063537597656,540.5267333984375,2905.87060546875,241.66957092285156,862.2920532226562,3048.352783203125,310.0106201171875,857.1139526367188,3189.489013671875,194.96397399902344,-346.18609619140625,2704.310302734375,216.3793487548828,-424.9028015136719,2825.72119140625,184.38381958007812,-444.0232238769531,2790.984619140625,116.12396240234376,-399.65093994140625,2709.202392578125,231.6856689453125,-444.56591796875,2785.7578125,263.4138488769531,-407.8360290527344,2676.814697265625
179.68304443359375,210.34996032714844,2763.960205078125,185.682861328125,49.15411758422851,2753.4931640625,189.24264526367188,-80.0249252319336,2753.887451171875,191.32745361328125,-274.9114685058594,2727.239990234375,160.45248413085938,-243.43240356445312,2732.54150390625,41.67765426635742,-194.9501190185547,2750.385986328125,24.985429763793945,49.94322204589844,2799.786865234375,10.705594062805176,255.6006317138672,2840.574951171875,-22.810935974121097,312.7881164550781,2783.8447265625,1.787239670753479,298.281494140625,2690.1982421875,22.749284744262695,273.2437438964844,2715.417724609375,221.2930450439453,-241.733642578125,2728.86962890625,333.07879638671875,-201.18247985839844,2736.476806640625,370.487548828125,47.90789031982422,2776.9853515625,402.5723876953125,256.03729248046875,2807.65234375,364.1510009765625,298.2873840332031,2882.241943359375,355.9814453125,375.6021728515625,2825.52783203125,322.3080749511719,357.3193664550781,2825.239013671875,97.92013549804688,208.06134033203125,2752.337890625,116.04052734375,568.4396362304688,2715.308837890625,142.4305877685547,865.9450073242188,2539.34033203125,137.1857452392578,954.5715942382812,2684.01171875,253.41224670410156,212.41371154785156,2774.440185546875,242.37127685546875,536.6798095703125,2935.7431640625,229.4850616455078,861.3313598632812,3066.6923828125,291.14739990234375,844.0020141601562,3209.12353515625,192.8716735839844,-348.8783264160156,2729.364013671875,243.28672790527344,-417.83001708984375,2847.269287109375,206.5342559814453,-440.84710693359375,2820.974609375,120.79434204101562,-405.99896240234375,2752.9462890625,251.5431671142578,-439.07330322265625,2806.305419921875,258.1724853515625,-407.96588134765625,2691.93212890625
189.45428466796875,207.30502319335935,2804.1533203125,193.80831909179688,45.66949462890625,2792.1708984375,195.4420623779297,-83.90739440917969,2789.20751953125,198.2463531494141,-279.6895446777344,2764.8759765625,167.14614868164062,-248.04510498046875,2768.83837890625,46.41581344604492,-200.2610321044922,2773.23388671875,45.754791259765625,45.2812614440918,2825.9755859375,45.78583526611328,251.1700439453125,2871.153076171875,-0.671002984046936,301.908447265625,2817.0625,2.3903565406799316,300.07757568359375,2718.92626953125,30.80411148071289,273.9107666015625,2746.23095703125,228.25843811035156,-246.40261840820312,2767.064453125,340.38739013671875,-205.0292205810547,2766.9755859375,366.3401184082031,43.32785415649414,2822.8994140625,379.4464721679687,241.4176025390625,2901.3330078125,349.6654968261719,330.0790710449219,2889.895263671875,361.93316650390625,387.6466979980469,2813.392822265625,329.4747619628906,335.2765197753906,2833.633056640625,109.64784240722656,206.8090362548828,2781.844482421875,107.569091796875,570.3726196289062,2768.08154296875,147.33859252929688,838.4290771484375,2550.215087890625,147.2973175048828,1002.0638427734376,2597.235107421875,261.4192810058594,207.75228881835935,2824.27001953125,238.9958343505859,539.6205444335938,2970.721923828125,221.82264709472656,879.0409545898438,3059.927001953125,209.30239868164065,982.0736694335938,3177.25146484375,199.67800903320312,-353.8509826660156,2767.9326171875,234.4718017578125,-422.8912048339844,2891.82568359375,201.6820831298828,-446.2119445800781,2860.703857421875,125.34232330322266,-411.7899475097656,2781.576416015625,248.3790283203125,-444.0289611816406,2852.1943359375,270.1242370605469,-412.4897766113281,2739.451171875
198.39382934570312,202.63043212890625,2837.684326171875,196.93295288085935,38.83643341064453,2829.44189453125,195.19529724121097,-92.1716537475586,2824.40869140625,197.05422973632812,-290.59149169921875,2802.96240234375,165.75379943847656,-258.3572692871094,2806.3642578125,42.07904815673828,-213.96273803710935,2808.303466796875,57.18063735961914,37.144630432128906,2843.7099609375,68.9278335571289,248.0965576171875,2872.404541015625,48.48405075073242,306.1343994140625,2808.766845703125,54.33987808227539,303.6732482910156,2709.63623046875,88.76470947265625,274.0331726074219,2743.74853515625,227.583984375,-257.0496826171875,2804.732421875,341.8795166015625,-217.7366180419922,2802.060791015625,366.0389709472656,32.818870544433594,2862.39208984375,377.5425720214844,233.52127075195312,2941.174072265625,355.7765808105469,317.6183166503906,2901.949951171875,365.3879089355469,379.84674072265625,2827.326904296875,337.44207763671875,310.5693054199219,2849.506103515625,119.6760025024414,204.77810668945312,2808.957763671875,101.99993896484376,572.015380859375,2825.3291015625,150.06468200683594,817.6585693359375,2578.233642578125,148.9217987060547,988.6024169921876,2557.33544921875,269.3771667480469,200.69378662109375,2863.588623046875,233.39442443847656,538.8317260742188,3003.303466796875,209.0834503173828,887.4364013671875,3068.1650390625,191.2816467285156,1012.2880859375,3164.092529296875,198.09521484375,-365.5561218261719,2807.2529296875,233.1008758544922,-444.074462890625,2927.3818359375,200.1328582763672,-465.4607849121094,2894.164794921875,123.07044219970705,-425.2594909667969,2816.531005859375,247.3903961181641,-462.4793090820313,2885.91845703125,269.6750793457031,-422.4089660644531,2774.53955078125
203.1269989013672,177.27651977539062,2870.5986328125,204.0063018798828,15.731990814208984,2869.33056640625,206.23492431640625,-113.14286041259766,2861.1591796875,206.29864501953125,-307.8854675292969,2834.23095703125,175.77101135253906,-275.85015869140625,2837.664306640625,54.519630432128906,-231.23855590820312,2829.623779296875,49.94324493408203,15.259683609008787,2872.47216796875,45.46448516845703,222.3182373046875,2907.3642578125,50.97034454345703,281.91162109375,2843.94921875,76.88362884521484,321.5706787109375,2758.336181640625,92.73760223388672,278.83868408203125,2801.49853515625,236.70758056640625,-275.30511474609375,2837.813232421875,351.3031921386719,-243.5485992431641,2844.2197265625,371.2760620117187,5.936235427856445,2892.886474609375,388.0838623046875,214.1255645751953,2933.0029296875,333.6367492675781,290.5577087402344,2935.8681640625,316.880859375,301.3310852050781,2841.77734375,314.568603515625,250.9043884277344,2834.15087890625,122.37583923339844,176.97216796875,2853.37548828125,102.5052490234375,535.9449462890625,2899.86669921875,137.88803100585938,772.4364624023438,2649.16845703125,145.2069854736328,941.8143920898438,2643.18798828125,275.9438781738281,177.55096435546875,2886.12939453125,240.332275390625,514.5225830078125,3013.867431640625,209.69357299804688,860.1058959960938,3060.7919921875,202.84625244140625,978.0728759765624,3162.76025390625,206.3075714111328,-381.8276062011719,2836.263916015625,238.62222290039065,-464.3739318847656,2951.6533203125,203.66973876953125,-482.1875915527344,2919.560791015625,128.5647735595703,-435.2530517578125,2846.52294921875,250.0334320068359,-482.48150634765625,2909.978271484375,271.4248962402344,-442.0523681640625,2800.505615234375
206.67234802246097,174.28369140625,2909.068359375,203.4669189453125,12.316003799438477,2908.091064453125,201.7534637451172,-116.30810546875,2893.04052734375,213.864013671875,-310.90289306640625,2863.853759765625,181.3485870361328,-280.6761779785156,2867.029052734375,55.83848190307617,-250.1895751953125,2854.063720703125,34.6416130065918,-4.79649019241333,2902.031982421875,19.874122619628903,200.4050445556641,2947.102783203125,19.952392578125,286.69537353515625,2961.231201171875,51.98947525024414,338.03594970703125,2883.99658203125,57.206417083740234,262.5514221191406,2853.275390625,242.30162048339844,-276.5447998046875,2868.4365234375,355.4338073730469,-239.2918243408203,2877.0498046875,374.9949645996094,10.758191108703612,2926.703369140625,391.7346801757813,219.5163421630859,2967.040283203125,345.3988037109375,301.4092712402344,2970.25390625,329.28436279296875,305.8217468261719,2875.267333984375,316.7588195800781,259.15313720703125,2869.277587890625,124.03112030029295,175.94827270507812,2904.2509765625,108.78192901611328,533.5457763671875,2967.836669921875,127.50267791748048,760.8676147460938,2705.7783203125,147.0757598876953,927.78173828125,2679.40673828125,281.1935729980469,172.7826690673828,2913.412353515625,248.8358917236328,515.2819213867188,3029.66455078125,213.78485107421875,861.6739501953125,3074.796875,222.18963623046875,970.7196655273438,3186.7568359375,218.20358276367188,-384.9423522949219,2865.0595703125,243.1143798828125,-473.8024597167969,2978.08349609375,205.22496032714844,-486.3840637207031,2946.629638671875,134.4397430419922,-428.5687561035156,2876.64013671875,251.0298767089844,-492.2682189941406,2935.615478515625,274.3803405761719,-452.17529296875,2826.06103515625
203.5594024658203,169.19549560546875,2945.620361328125,203.58670043945312,8.24454402923584,2938.27001953125,203.3155975341797,-119.64543151855467,2922.933349609375,219.2125244140625,-312.57904052734375,2891.841064453125,186.25912475585935,-283.3413391113281,2896.161865234375,62.486759185791016,-247.70095825195312,2887.37744140625,18.710742950439453,-6.278186798095703,2933.002685546875,10.7608642578125,185.37747192382812,3017.142333984375,17.286115646362305,245.48646545410156,3079.646484375,-30.41046714782715,260.748291015625,2995.892333984375,39.17545700073242,272.4770812988281,2942.35302734375,246.7784118652344,-277.7687072753906,2895.924072265625,354.2580261230469,-227.7069091796875,2902.828369140625,370.6711730957031,20.207151412963867,2956.96826171875,384.7768249511719,227.22268676757812,3000.990966796875,330.7828369140625,302.7413024902344,2988.7861328125,324.2350158691406,308.6126708984375,2893.271484375,318.12164306640625,267.9988098144531,2899.2392578125,121.25198364257812,169.06565856933594,2948.157958984375,107.27094268798828,517.9605102539062,3041.91748046875,119.863525390625,744.3409423828125,2781.18701171875,137.7473907470703,911.122314453125,2759.09130859375,277.77960205078125,169.31259155273438,2943.33203125,250.18348693847656,515.2901611328125,3043.185546875,212.89572143554688,860.8895263671875,3076.090576171875,233.3744659423828,961.4094848632812,3193.165283203125,225.33511352539065,-386.0950317382813,2892.25732421875,243.7600250244141,-475.75140380859375,3004.870361328125,211.09779357910156,-490.1300964355469,2969.07080078125,144.961669921875,-436.0451354980469,2892.8583984375,257.93963623046875,-492.1499938964844,2963.479736328125,290.47930908203125,-447.2764892578125,2858.940673828125
213.18055725097656,166.60531616210938,2974.8525390625,209.17686462402344,5.641386032104492,2968.902587890625,205.9773712158203,-122.52339935302734,2956.4248046875,223.28823852539065,-315.48565673828125,2926.2412109375,190.2562255859375,-286.0635681152344,2927.9091796875,67.72217559814453,-250.3033905029297,2908.5537109375,16.309537887573242,-11.240154266357422,2958.47607421875,4.4652252197265625,170.97242736816406,3061.11865234375,9.890129089355469,233.30511474609375,3121.518310546875,-24.7753963470459,281.6356506347656,3044.15087890625,34.134761810302734,260.6526184082031,2987.63037109375,250.62179565429688,-280.845458984375,2932.672607421875,357.79290771484375,-229.78451538085935,2936.374755859375,373.8638610839844,19.683942794799805,2982.990234375,387.821533203125,227.9834747314453,3020.5615234375,334.3413391113281,304.79180908203125,3017.689453125,332.0656433105469,308.7869567871094,2921.878173828125,318.8139343261719,243.94773864746097,2910.7861328125,130.85687255859375,168.64837646484375,2974.976318359375,108.61581420898438,503.6703796386719,3109.09375,113.4539031982422,736.28369140625,2853.629638671875,121.43397521972656,899.1195068359375,2808.389404296875,287.4154357910156,164.76296997070312,2974.740966796875,248.73565673828125,512.8004150390625,3063.140380859375,206.5390625,859.3721313476562,3068.329345703125,213.56829833984375,974.3314208984376,3173.05078125,228.93898010253903,-389.039306640625,2926.96728515625,208.00570678710935,-454.6624755859375,3054.7021484375,192.04360961914065,-479.0266723632813,3013.38720703125,156.9193572998047,-447.7442321777344,2909.003173828125,237.56988525390625,-476.1353759765625,3025.578857421875,304.8470764160156,-446.4913330078125,2932.85986328125
210.242431640625,161.53768920898438,3007.8193359375,208.13751220703125,2.571657180786133,2994.304443359375,206.37081909179688,-124.34107208251952,2981.640869140625,217.22117614746097,-316.98272705078125,2959.939453125,185.3795166015625,-286.905517578125,2961.67724609375,63.89803314208984,-248.9714508056641,2949.5126953125,11.689047813415527,-10.437533378601074,2987.64990234375,5.385692119598389,169.41014099121094,3090.806396484375,-1.3272576332092283,232.5041046142578,3149.03271484375,-2.0645523071289062,270.3459777832031,3060.1171875,34.5714225769043,270.5394287109375,3032.658447265625,245.42233276367188,-283.1915588378906,2963.50537109375,354.3917236328125,-240.40916442871097,2974.83251953125,377.4577941894531,6.0995073318481445,3020.7998046875,396.9408874511719,211.80653381347656,3058.5810546875,345.6495361328125,288.3088073730469,3047.8837890625,354.91192626953125,269.17449951171875,2955.306396484375,335.8360595703125,217.37159729003903,2945.631103515625,128.7855224609375,162.2976837158203,3011.567138671875,114.04843139648438,481.7809448242187,3172.500732421875,116.884033203125,724.67041015625,2931.512939453125,116.59049987792967,889.9119873046875,2903.841064453125,283.6957092285156,160.85238647460938,3004.440185546875,246.6438446044922,509.7761840820313,3073.650146484375,205.68893432617188,853.1083374023438,3074.3310546875,215.5313720703125,956.3468017578124,3188.37744140625,220.96939086914065,-389.8394775390625,2963.79638671875,210.6565704345703,-460.0600891113281,3088.756103515625,195.2801513671875,-484.19091796875,3047.682861328125,154.01722717285156,-453.1545715332031,2946.74609375,240.41717529296875,-477.9437255859375,3058.17138671875,300.7256164550781,-440.4220581054687,2964.976806640625
209.8695526123047,158.2623291015625,3033.860107421875,207.3855743408203,-0.1535564661026001,3023.607666015625,205.23226928710935,-126.62920379638672,3013.140625,211.48550415039065,-317.8772277832031,2986.4248046875,180.4791717529297,-287.3978576660156,2989.9267578125,58.35404968261719,-252.9430999755859,2980.85595703125,5.530025959014893,-15.906482696533203,3019.60009765625,-5.999847412109375,167.01806640625,3114.513916015625,-14.330708503723145,196.83688354492188,3194.418212890625,24.57440185546875,189.77609252929688,3106.76416015625,3.4601752758026123,269.24114990234375,3136.5810546875,240.31570434570312,-284.9012756347656,2989.9013671875,351.02020263671875,-248.65206909179688,3001.18896484375,381.2203369140625,-5.676105499267578,3054.46630859375,407.0251159667969,197.24740600585935,3097.41455078125,371.6915283203125,257.4703063964844,3037.098876953125,388.4639892578125,232.8755645751953,2947.390869140625,356.71142578125,203.3392791748047,2979.934814453125,128.9544219970703,159.1405792236328,3039.894287109375,116.5030288696289,461.1808776855469,3228.420654296875,112.45938110351562,724.69677734375,3012.851806640625,102.15091705322266,891.0562133789062,3009.27978515625,282.83428955078125,157.4703826904297,3028.418701171875,246.3556976318359,505.6056518554687,3092.63427734375,205.9748077392578,847.0494995117188,3079.8193359375,215.17527770996097,944.8489990234376,3197.626708984375,213.87991333007812,-390.5076904296875,2988.3271484375,214.36492919921875,-472.2361755371094,3105.669677734375,190.028564453125,-489.7546081542969,3065.89599609375,138.08010864257812,-443.6295776367187,2977.005859375,236.438720703125,-489.6484069824219,3069.208251953125,285.5362243652344,-448.97467041015625,2971.585205078125
209.86170959472656,158.67495727539062,3061.54736328125,206.8675994873047,-1.2132376432418823,3053.908935546875,204.36178588867188,-128.98373413085938,3046.8291015625,214.52377319335935,-321.548828125,3019.026611328125,182.64306640625,-291.5119323730469,3023.040283203125,57.61235809326172,-263.32855224609375,3017.5966796875,3.1154043674468994,-24.456783294677734,3055.899658203125,-13.489916801452637,169.35714721679688,3129.934326171875,-16.412630081176758,201.76914978027344,3209.98388671875,-1.1908187866210938,225.85748291015625,3117.298828125,-58.51567840576172,255.1073760986328,3182.2705078125,242.90879821777344,-287.6882629394531,3022.337646484375,353.8464050292969,-248.11431884765625,3029.7138671875,379.5367431640625,-1.169383525848389,3076.658935546875,400.9202880859375,204.8016662597656,3115.941162109375,350.2671813964844,260.82135009765625,3061.601806640625,337.15264892578125,256.30670166015625,2967.304931640625,353.78302001953125,205.1283416748047,3000.351806640625,128.58847045898438,159.74649047851562,3070.97509765625,110.60596466064452,449.23004150390625,3282.965087890625,109.01863098144533,735.774169921875,3093.8359375,102.9697036743164,903.6930541992188,3099.259521484375,283.14935302734375,157.70870971679688,3053.045654296875,245.4697723388672,509.8537292480469,3111.0146484375,205.88270568847656,853.5231323242188,3084.607666015625,215.6922912597656,956.658935546875,3199.4599609375,218.5422515869141,-394.7259521484375,3020.615966796875,219.62803649902344,-483.9082336425781,3133.92529296875,190.04217529296875,-496.3380126953125,3095.28466796875,135.9356689453125,-439.0421142578125,3013.237548828125,236.6773223876953,-501.419677734375,3094.4501953125,282.1395263671875,-459.8763732910156,2994.292724609375
207.2623748779297,153.25827026367188,3091.003662109375,206.41175842285156,-5.198508262634277,3083.0341796875,205.05967712402344,-131.64329528808594,3073.115478515625,213.93667602539065,-321.86907958984375,3041.27978515625,182.53582763671875,-291.9410400390625,3045.566650390625,58.15057373046875,-266.3749084472656,3051.628173828125,5.6857428550720215,-29.623313903808594,3091.530029296875,-16.063724517822266,167.1980438232422,3149.267822265625,-25.263551712036133,204.79588317871097,3225.65576171875,-3.1885616779327393,232.99838256835935,3136.484619140625,-65.93067932128906,246.7450714111328,3206.58447265625,242.2922210693359,-288.6314392089844,3045.672119140625,350.73699951171875,-250.132568359375,3066.55126953125,383.1416931152344,-4.831328868865967,3105.02392578125,407.7809753417969,199.30889892578125,3141.751953125,357.14215087890625,256.3762512207031,3089.975830078125,338.4032897949219,256.49786376953125,2997.39892578125,356.2088623046875,204.29974365234375,3029.8193359375,127.58654022216795,152.9279327392578,3106.076171875,117.84416961669922,436.9356994628906,3320.549072265625,113.8623504638672,767.9639892578125,3241.970947265625,99.0889663696289,876.9043579101562,3367.153564453125,279.1095886230469,153.55613708496094,3077.411865234375,246.2772674560547,505.3612060546875,3117.864013671875,206.11073303222656,845.2225952148438,3084.705078125,226.792236328125,931.4195556640624,3209.759033203125,217.31906127929688,-394.4359130859375,3041.22509765625,202.69552612304688,-479.400390625,3155.193115234375,186.9459228515625,-497.1929016113281,3111.453857421875,148.44729614257812,-451.790771484375,3015.7099609375,231.9136199951172,-494.2864990234375,3122.917236328125,294.4933166503906,-447.743408203125,3036.34765625
204.2991180419922,147.19921875,3130.02685546875,202.4592132568359,-12.951210021972656,3122.848876953125,198.9920196533203,-139.4893341064453,3102.761962890625,203.93736267089844,-333.25408935546875,3080.53125,172.84185791015625,-302.2000732421875,3083.5009765625,48.020301818847656,-271.95526123046875,3086.212646484375,10.021541595458984,-29.83245277404785,3126.224853515625,-14.109037399291992,172.8205108642578,3168.545654296875,-11.605145454406738,238.36968994140625,3224.98046875,1.2179436683654783,235.2539520263672,3128.779541015625,-38.94941329956055,279.38006591796875,3207.876220703125,233.27748107910156,-300.06414794921875,3083.03466796875,343.974365234375,-261.06280517578125,3096.877685546875,375.02001953125,-12.142315864562988,3130.021240234375,404.4671630859375,195.95431518554688,3149.4384765625,364.76507568359375,247.5654296875,3082.798583984375,346.1955871582031,264.6566162109375,2990.751220703125,357.5758056640625,204.70204162597656,3035.32275390625,123.1486358642578,147.62350463867188,3141.361328125,120.2994384765625,433.5936279296875,3359.6201171875,115.40335083007812,776.2545776367188,3331.9013671875,95.02877044677734,884.0661010742188,3459.585205078125,277.47607421875,146.81658935546875,3119.80615234375,246.4412384033203,504.470947265625,3136.108642578125,207.51368713378903,846.1696166992188,3086.75634765625,231.7502593994141,938.8436889648438,3208.4736328125,205.9132537841797,-406.53997802734375,3084.2509765625,211.38888549804688,-469.38531494140625,3214.143798828125,189.7062835693359,-495.4216003417969,3176.96923828125,135.29441833496094,-468.7161560058594,3080.510498046875,236.23434448242188,-490.0942077636719,3180.7451171875,284.1020812988281,-459.9072265625,3077.4970703125
196.2964782714844,147.40435791015625,3165.36083984375,198.95736694335935,-10.603949546813965,3153.739501953125,199.2269287109375,-135.9889373779297,3135.680908203125,200.98062133789065,-327.31591796875,3111.717041015625,170.7462158203125,-296.232177734375,3115.580078125,47.630638122558594,-266.56939697265625,3124.725341796875,4.467643737792969,-28.035297393798828,3163.207763671875,-20.03154182434082,170.35467529296875,3212.99072265625,-11.538249969482422,241.1357421875,3260.240966796875,7.214139938354492,239.0647430419922,3166.141357421875,-51.07592010498047,262.19189453125,3178.65478515625,230.48138427734375,-294.9432678222656,3113.926513671875,341.6875915527344,-261.2532653808594,3125.83251953125,374.591552734375,-17.949565887451172,3173.4150390625,402.59869384765625,185.1447296142578,3211.971923828125,368.912109375,242.27130126953125,3148.082275390625,347.0411071777344,287.7252197265625,3068.366455078125,336.5920104980469,173.95895385742188,3099.535888671875,117.05339813232422,144.85498046875,3181.879150390625,119.24956512451172,441.21282958984375,3378.344482421875,114.88931274414062,775.3956298828125,3439.814453125,106.7255401611328,854.8338623046875,3585.79150390625,267.7534484863281,149.7032470703125,3150.466064453125,244.37071228027344,504.1151123046875,3152.701171875,200.63629150390625,839.19873046875,3091.67431640625,237.4678192138672,941.1271362304688,3199.79638671875,201.9900360107422,-399.8034057617187,3114.634765625,216.04803466796875,-476.6665954589844,3234.06640625,188.07598876953125,-496.0281677246094,3197.815185546875,126.50582122802734,-454.2300109863281,3113.316162109375,234.479736328125,-495.174560546875,3196.259521484375,272.3878173828125,-457.8133544921875,3092.7734375
193.61492919921875,148.46165466308594,3201.2255859375,198.82229614257812,-10.753348350524902,3190.06494140625,201.01434326171875,-137.36412048339844,3173.840576171875,203.5516357421875,-329.96844482421875,3148.121337890625,172.9678497314453,-298.69268798828125,3151.484619140625,49.52470397949219,-266.0674743652344,3159.865478515625,9.664084434509276,-25.97838592529297,3204.048095703125,-23.293909072875977,175.36463928222656,3242.45361328125,-2.6940367221832275,252.6388702392578,3274.59912109375,8.853045463562012,254.00987243652344,3178.581298828125,-36.55783462524414,279.3907775878906,3205.233154296875,233.1898498535156,-297.3482666015625,3151.39453125,345.39373779296875,-263.895751953125,3163.5595703125,371.23101806640625,-16.38823699951172,3203.47412109375,393.1371765136719,190.1424560546875,3236.085693359375,361.1167907714844,244.4500274658203,3167.982666015625,336.2627868652344,296.3954162597656,3092.3388671875,332.7591857910156,173.8346405029297,3120.1083984375,114.82176208496094,144.41993713378906,3222.120361328125,114.43395233154295,453.7897033691406,3402.94384765625,110.48573303222656,771.80615234375,3529.947509765625,113.64446258544922,831.213134765625,3686.726806640625,264.66619873046875,152.10626220703125,3182.3837890625,245.5726318359375,509.4328002929687,3173.2216796875,199.87147521972656,842.0860595703125,3089.473876953125,240.7954559326172,948.3822021484376,3193.5361328125,204.5463104248047,-403.0417175292969,3150.471923828125,203.5240936279297,-448.6876831054687,3286.865478515625,186.54342651367188,-480.43707275390625,3252.02734375,138.61326599121094,-469.7462463378906,3149.730712890625,232.0365753173828,-471.4663391113281,3258.35595703125,285.7995910644531,-451.0210876464844,3156.1533203125
192.2100524902344,155.23370361328125,3234.32666015625,195.86849975585935,-3.8943142890930176,3224.187255859375,196.95782470703125,-130.3587646484375,3207.954345703125,199.70111083984375,-323.2077331542969,3186.21630859375,169.12081909179688,-291.943603515625,3188.952880859375,44.82098007202149,-263.68853759765625,3198.09033203125,5.393605709075928,-22.828535079956055,3236.35400390625,-19.219322204589844,175.33042907714844,3292.217041015625,-14.590301513671877,259.8227844238281,3276.399169921875,17.8131046295166,261.433837890625,3185.41064453125,5.245325088500977,261.0572509765625,3204.92626953125,229.26654052734375,-290.5337219238281,3188.799072265625,341.44061279296875,-256.39923095703125,3197.416748046875,364.7773742675781,-7.408902168273926,3226.0966796875,384.619873046875,200.3445281982422,3249.19677734375,352.8924865722656,251.5227203369141,3178.730712890625,315.2425231933594,321.6875305175781,3127.010009765625,318.0343017578125,182.1497039794922,3137.380859375,112.69123840332033,152.27854919433594,3252.01318359375,112.81918334960938,460.2550048828125,3434.330078125,112.3829116821289,766.5609741210938,3586.533447265625,105.25078582763672,804.0869140625,3749.5986328125,263.9156494140625,157.8985137939453,3218.3779296875,248.7805938720703,514.615966796875,3200.02197265625,200.95980834960935,838.868408203125,3090.30712890625,237.87123107910156,950.4906616210938,3189.91455078125,200.7809295654297,-396.125732421875,3190.059814453125,204.82142639160156,-458.8997497558594,3319.20947265625,178.52333068847656,-481.981689453125,3283.439697265625,123.46019744873048,-449.0116882324219,3190.030029296875,225.23855590820312,-482.3303833007813,3284.95361328125,271.1545104980469,-458.24700927734375,3179.9228515625
192.32504272460935,157.46859741210938,3271.462890625,193.8435211181641,-2.204164981842041,3262.38525390625,192.9759979248047,-128.80381774902344,3244.48046875,190.72203063964844,-321.86444091796875,3219.906494140625,160.8798828125,-289.7645263671875,3223.046630859375,37.4937858581543,-256.5774841308594,3232.949951171875,10.19831371307373,-14.750078201293944,3279.2939453125,-10.914931297302246,187.31204223632812,3323.55322265625,-8.27135944366455,271.787841796875,3305.97900390625,24.82597541809082,262.6367492675781,3215.400634765625,24.723432540893555,224.4173889160156,3214.912353515625,221.20999145507812,-289.9261169433594,3223.0205078125,333.8534851074219,-256.2362365722656,3231.74609375,363.76898193359375,-7.5379462242126465,3262.91845703125,389.30474853515625,200.00775146484375,3287.5751953125,333.50799560546875,252.98231506347656,3235.42431640625,282.6302795410156,301.1886901855469,3170.975341796875,320.60498046875,190.9180603027344,3181.10595703125,112.0862045288086,155.82305908203125,3286.985595703125,108.48165130615234,464.1988525390625,3470.551025390625,106.41064453125,769.027099609375,3627.773193359375,72.44551849365234,778.335693359375,3791.98583984375,264.6799011230469,158.95245361328125,3257.46533203125,245.65451049804688,515.6799926757812,3227.279296875,200.5360107421875,831.060302734375,3090.783447265625,241.15594482421875,937.4703979492188,3195.20166015625,189.8863067626953,-395.0369567871094,3222.71044921875,200.4246826171875,-461.1143493652344,3350.2822265625,173.6614227294922,-484.2344970703125,3314.686767578125,114.23546600341795,-450.7167053222656,3223.795654296875,220.5165100097656,-482.99359130859375,3314.66064453125,262.1460266113281,-454.5577392578125,3208.57177734375
190.4417266845703,153.98745727539062,3314.523193359375,190.50352478027344,-5.390629291534424,3302.597900390625,188.83978271484375,-132.11083984375,3286.328369140625,185.3381805419922,-324.27587890625,3256.535400390625,155.72169494628906,-292.3779602050781,3262.31884765625,33.93292236328125,-255.640625,3277.083740234375,18.213289260864254,-11.25343132019043,3313.326171875,4.941829681396484,193.8956756591797,3343.488525390625,15.488018035888672,267.8443298339844,3386.636474609375,0.858257532119751,263.4066162109375,3291.051513671875,38.0339241027832,266.48760986328125,3255.542236328125,215.9031524658203,-292.3798522949219,3258.74853515625,326.7934875488281,-252.5944671630859,3258.180419921875,358.48553466796875,-4.911154747009277,3293.889404296875,385.3331298828125,201.8435516357422,3322.238525390625,335.4819030761719,256.00640869140625,3265.59716796875,288.4526062011719,314.1157531738281,3206.73583984375,316.8106384277344,193.232666015625,3213.685546875,111.25344848632812,152.46163940429688,3334.50537109375,108.17225646972656,468.46826171875,3504.0673828125,106.34886169433594,781.1591796875,3644.411865234375,77.69689178466797,797.4109497070312,3808.97412109375,261.8492736816406,155.3633575439453,3296.50439453125,249.6245574951172,511.3965148925781,3258.62060546875,201.0659637451172,818.9782104492188,3106.9775390625,246.12661743164065,932.2644653320312,3201.7294921875,184.74110412597656,-397.4479064941406,3257.325439453125,195.34027099609375,-464.0899353027344,3384.48193359375,170.2409210205078,-487.92584228515625,3348.203369140625,111.394775390625,-456.0263366699219,3256.458251953125,216.96829223632812,-484.844482421875,3349.131103515625,259.5087585449219,-453.9173889160156,3244.199951171875
186.9878387451172,153.1731414794922,3352.85791015625,189.69566345214844,-5.813479423522949,3343.027099609375,190.91160583496097,-132.3654327392578,3328.72607421875,183.4888916015625,-322.92626953125,3293.83251953125,154.61827087402344,-290.5211486816406,3299.50390625,31.45618057250977,-258.6246032714844,3309.957275390625,13.103342056274414,-16.095996856689453,3351.646484375,-0.5320748090744019,186.3592987060547,3393.15185546875,21.496292114257812,228.19989013671875,3464.97119140625,-3.397310256958008,258.11505126953125,3376.67724609375,58.57749938964844,273.1866760253906,3339.468017578125,214.6717529296875,-292.015625,3297.851806640625,327.329345703125,-259.009521484375,3301.050537109375,349.6242980957031,-11.564508438110352,3339.712646484375,368.8351135253906,195.09478759765625,3369.92138671875,335.8133850097656,248.09869384765625,3301.568603515625,297.0702819824219,319.2315979003906,3252.228271484375,305.8791809082031,187.20394897460935,3256.501953125,106.4341049194336,151.07859802246094,3364.543701171875,104.63269805908205,465.9201965332031,3533.873046875,105.95994567871094,781.6864013671875,3664.320068359375,70.29906463623047,814.1968383789062,3824.499755859375,259.6266784667969,155.06190490722656,3342.3203125,246.7686004638672,509.50054931640625,3300.680419921875,203.8455047607422,802.4652099609375,3123.12890625,240.56265258789065,929.8012084960938,3201.407470703125,181.0035858154297,-395.8194885253906,3292.65478515625,189.52487182617188,-475.8707275390625,3411.437255859375,163.64588928222656,-494.7283935546875,3373.05908203125,105.9423599243164,-451.27923583984375,3285.893310546875,210.3032684326172,-493.345703125,3374.0556640625,253.54722595214844,-452.8446044921875,3273.1669921875
174.14266967773438,144.7560577392578,3392.96923828125,180.41883850097656,-12.923613548278809,3382.328125,183.7134246826172,-137.955322265625,3363.775634765625,174.9105224609375,-327.4637451171875,3331.305419921875,146.49342346191406,-295.0080871582031,3336.53076171875,27.495271682739254,-252.9081115722656,3347.849365234375,6.897955894470215,-12.839421272277832,3392.1376953125,-10.594264030456545,188.730712890625,3428.784912109375,19.171621322631836,239.64930725097656,3490.50048828125,-8.94048023223877,293.6905517578125,3416.56982421875,48.88222885131836,258.5113220214844,3356.669189453125,206.10166931152344,-296.9737548828125,3334.9794921875,318.3935241699219,-265.623779296875,3335.771240234375,343.2223815917969,-21.48362922668457,3381.49072265625,364.6172790527344,182.48004150390625,3417.515625,325.00579833984375,237.05332946777344,3355.05517578125,284.06085205078125,303.87823486328125,3302.8642578125,302.4041748046875,173.64126586914062,3304.779296875,94.50273895263672,140.69232177734375,3406.213623046875,97.04776000976562,463.8283386230469,3552.9736328125,102.05999755859376,782.9784545898438,3667.7119140625,85.87271881103516,843.686767578125,3821.451904296875,245.95750427246097,148.4205322265625,3381.026123046875,238.7662048339844,501.7785339355469,3353.14599609375,208.1656951904297,772.1237182617188,3144.682373046875,241.76150512695312,918.0875854492188,3174.933837890625,171.8812713623047,-399.81787109375,3330.966552734375,204.80763244628903,-492.2335815429687,3434.257568359375,173.68739318847656,-507.9274291992187,3398.9375,100.02442169189452,-458.6815490722656,3329.802734375,219.33502197265625,-503.481689453125,3392.23095703125,241.92225646972656,-448.5432739257813,3292.413818359375
157.5404052734375,129.3246612548828,3440.03759765625,169.64181518554688,-27.735307693481445,3428.880126953125,175.9248504638672,-152.02059936523438,3407.605712890625,168.77972412109375,-340.00653076171875,3368.339599609375,140.13148498535156,-308.2506103515625,3375.636474609375,20.24810791015625,-270.49267578125,3390.26953125,-0.3359131515026092,-30.60497283935547,3433.452392578125,-17.58159828186035,170.71839904785156,3469.80224609375,20.022602081298828,233.50099182128903,3513.499267578125,18.547901153564453,252.4535675048828,3419.760498046875,40.28523254394531,228.61422729492188,3386.064697265625,199.59353637695312,-309.2545166015625,3372.208251953125,311.996337890625,-280.89794921875,3361.59130859375,344.53851318359375,-40.04676818847656,3416.833740234375,357.477783203125,146.47801208496094,3507.74462890625,322.8536071777344,214.7787322998047,3457.158935546875,317.9512939453125,257.8387756347656,3373.729248046875,311.6589660644531,194.81658935546875,3405.7919921875,79.84654235839844,121.87802124023438,3460.59521484375,86.8362045288086,453.822021484375,3584.448974609375,93.82566833496094,782.2830810546875,3666.657958984375,99.38666534423828,864.3949584960938,3810.621826171875,227.60040283203125,136.03961181640625,3421.499755859375,239.8407745361328,489.75830078125,3415.2919921875,213.2378387451172,744.8790283203125,3188.7412109375,239.3437957763672,895.1090087890625,3193.9443359375,166.75482177734375,-412.2240295410156,3365.363037109375,197.69192504882812,-505.98638916015625,3467.75,167.4459686279297,-521.2012329101562,3431.578125,95.24849700927734,-471.1890563964844,3361.7314453125,213.14309692382812,-516.5211791992188,3425.945556640625,237.6714324951172,-460.0599670410156,3327.65478515625
146.79803466796875,123.32923889160156,3482.31591796875,161.41380310058594,-36.518348693847656,3471.60986328125,169.40773010253906,-162.63999938964844,3447.743896484375,164.92947387695312,-353.99383544921875,3406.65380859375,135.28463745117188,-322.1783752441406,3414.552001953125,14.972143173217772,-279.564697265625,3432.57373046875,-8.482638359069824,-34.37824630737305,3470.32421875,-25.06110382080078,170.04165649414062,3511.28076171875,-15.685876846313477,254.39077758789065,3529.626220703125,18.27289772033691,253.10748291015625,3438.310302734375,30.038591384887695,218.82032775878903,3419.4755859375,195.83123779296875,-322.173583984375,3410.4951171875,307.8609619140625,-285.57733154296875,3397.363525390625,344.62310791015625,-42.057647705078125,3459.08837890625,352.68670654296875,136.56179809570312,3572.596923828125,329.0948791503906,216.90768432617188,3531.02294921875,358.3816223144531,243.45993041992188,3443.791259765625,305.08648681640625,198.0731658935547,3471.695556640625,67.0914535522461,114.81619262695312,3500.60595703125,78.35856628417969,455.5905456542969,3619.173583984375,89.44825744628906,795.8999633789062,3674.732177734375,97.46121215820312,886.9619140625,3816.78759765625,218.67295837402344,131.00582885742188,3465.8232421875,234.30027770996097,490.8971252441406,3482.13525390625,218.25289916992188,733.5641479492188,3232.349853515625,240.5723419189453,887.280029296875,3226.9658203125,164.05743408203125,-427.5657653808594,3403.1953125,182.56179809570312,-511.5545959472656,3519.806884765625,156.27587890625,-531.0196533203125,3481.368896484375,91.91268920898438,-488.2780456542969,3397.1201171875,203.1988525390625,-526.4949340820312,3480.7255859375,240.13865661621097,-479.4152221679687,3378.85888671875
141.0911407470703,115.17070770263672,3521.115966796875,159.2039794921875,-43.96427536010742,3508.939208984375,170.77236938476562,-169.40802001953125,3484.0478515625,163.13743591308594,-360.8713684082031,3445.435546875,134.0546112060547,-328.3818359375,3452.222412109375,14.322735786437988,-283.8109130859375,3467.799560546875,-14.08301830291748,-41.73912048339844,3517.759033203125,-37.13568878173828,160.9858856201172,3562.222900390625,-15.726554870605469,244.9710693359375,3560.1513671875,21.479394912719727,243.90798950195312,3470.268310546875,12.05644416809082,201.5017852783203,3461.256103515625,194.5710601806641,-329.7100524902344,3449.5625,308.75018310546875,-301.2107849121094,3436.513916015625,346.6383361816406,-56.26197052001953,3489.716552734375,351.0892028808594,124.7460708618164,3598.955322265625,341.8282470703125,202.0535430908203,3547.462890625,386.9449462890625,215.37924194335935,3464.210205078125,313.5843505859375,204.08004760742188,3529.7568359375,60.88452911376953,104.95410919189452,3535.327392578125,74.6799545288086,451.0821838378906,3634.919677734375,88.18125915527344,792.5645751953125,3678.087890625,99.0704574584961,893.8189697265625,3812.541748046875,213.41696166992188,124.38346099853516,3508.30078125,232.5662078857422,481.1596374511719,3552.77685546875,216.36053466796875,716.3005981445312,3296.629150390625,226.78025817871097,867.3619995117188,3262.663330078125,160.77023315429688,-434.3359375,3442.926025390625,187.90774536132812,-522.826171875,3554.117431640625,165.2439727783203,-542.8612670898438,3513.8125,97.5625,-503.32373046875,3430.84716796875,211.08302307128903,-532.2017822265625,3514.813720703125,243.4066162109375,-473.9029541015625,3417.491455078125
136.62457275390625,106.77289581298828,3554.92138671875,155.19847106933594,-51.5278205871582,3544.456787109375,167.00540161132812,-175.94566345214844,3518.243896484375,161.62425231933594,-366.6171875,3480.849853515625,132.34457397460938,-334.742431640625,3488.095458984375,13.549179077148438,-289.9938049316406,3504.408203125,-23.802396774291992,-49.96500778198242,3551.36376953125,-50.72674560546875,149.51315307617188,3602.402099609375,-38.92872619628906,231.7180633544922,3579.255126953125,16.659072875976562,244.03298950195312,3501.04052734375,-4.5793280601501465,212.1735687255859,3508.47509765625,192.46450805664065,-335.1163330078125,3484.1279296875,305.37762451171875,-305.69622802734375,3468.359130859375,350.950927734375,-64.20548248291016,3524.548095703125,355.3885498046875,114.1181411743164,3635.907958984375,347.7387390136719,191.9457092285156,3585.895751953125,357.5291442871094,262.5215148925781,3522.922119140625,317.1459045410156,193.2681427001953,3566.84033203125,56.58698272705078,96.56079864501952,3567.341552734375,73.45303344726562,444.2151794433594,3652.910400390625,87.77769470214844,785.2415771484375,3681.77880859375,101.20178985595705,889.0065307617188,3812.871826171875,208.79798889160156,115.98158264160156,3543.7216796875,222.24545288085935,461.0322265625,3638.34130859375,219.35105895996097,689.563720703125,3378.371826171875,226.36415100097656,835.561279296875,3328.876953125,160.3878936767578,-439.7116394042969,3478.723876953125,219.8860321044922,-536.2681274414062,3567.23779296875,190.6972198486328,-553.8842163085938,3530.509521484375,102.99773406982422,-513.5064697265625,3470.8359375,234.13385009765625,-538.0404052734375,3523.19775390625,237.8443603515625,-465.5538330078125,3431.04296875
137.71136474609375,100.97096252441406,3586.73046875,155.24436950683594,-56.355079650878906,3577.478515625,167.1646728515625,-180.046630859375,3552.404052734375,161.7403106689453,-369.3106384277344,3515.175537109375,132.6800079345703,-337.61090087890625,3522.144287109375,14.790900230407717,-294.36566162109375,3541.532470703125,-19.876628875732425,-56.95804977416992,3594.105712890625,-47.73259735107422,141.7015838623047,3641.602294921875,-38.45189666748047,223.83511352539065,3619.3974609375,8.334834098815918,245.90049743652344,3538.47802734375,-9.8201322555542,215.0882568359375,3551.153076171875,192.3924865722656,-338.10150146484375,3518.687744140625,304.1618347167969,-306.92864990234375,3504.585693359375,352.3740234375,-66.3729019165039,3553.991455078125,352.42181396484375,106.86640167236328,3670.47509765625,358.32598876953125,185.7511749267578,3623.204345703125,394.6690979003906,243.05502319335935,3557.57568359375,321.4374084472656,186.30364990234375,3598.038330078125,57.653934478759766,91.55594635009766,3595.115478515625,74.51142883300781,440.63763427734375,3661.967529296875,89.44666290283203,779.0907592773438,3691.403564453125,100.3976593017578,864.6138305664062,3833.85205078125,209.90267944335935,109.4608917236328,3579.169189453125,226.22105407714844,442.9786682128906,3700.983154296875,214.9853057861328,683.5802612304688,3455.890380859375,220.43911743164065,835.0873413085938,3433.85546875,160.3834686279297,-441.87103271484375,3513.030517578125,219.5214080810547,-548.965087890625,3586.733154296875,192.35243225097656,-561.1495971679688,3546.879150390625,106.07726287841795,-514.40478515625,3491.49267578125,235.16639709472656,-543.334716796875,3543.859130859375,239.59654235839844,-457.5928039550781,3465.181396484375
135.6801300048828,99.48590087890624,3619.3388671875,153.2967071533203,-57.44904327392578,3609.2158203125,166.594482421875,-180.7705535888672,3584.326171875,163.42552185058594,-370.1892395019531,3549.770263671875,134.0469970703125,-338.7774963378906,3556.12353515625,14.955856323242188,-299.99700927734375,3575.899169921875,-29.716041564941406,-66.83837127685547,3636.909423828125,-63.63412857055664,126.81238555908205,3697.50830078125,-36.99285507202149,196.13726806640625,3655.32568359375,-11.221278190612791,225.78646850585935,3567.90283203125,-18.536645889282227,166.0498809814453,3586.286865234375,193.6574859619141,-338.6690673828125,3553.012939453125,306.1700134277344,-310.80963134765625,3539.906982421875,357.2403869628906,-70.5905990600586,3585.319091796875,360.3443908691406,105.79901885986328,3696.128173828125,367.953857421875,182.74661254882812,3646.34326171875,381.9020690917969,261.183349609375,3596.061767578125,326.74896240234375,184.4702606201172,3630.2421875,55.36697769165039,90.30352783203124,3621.926025390625,74.48271942138672,439.5012817382813,3683.470703125,89.77275085449219,778.3724975585938,3693.38720703125,109.09288024902344,860.809326171875,3836.3662109375,208.10202026367188,107.76605224609376,3617.005615234375,227.71766662597656,424.6690368652344,3775.14697265625,210.0469207763672,670.1992797851562,3536.3916015625,226.98828125,822.140869140625,3535.95263671875,162.86264038085938,-442.6338806152344,3548.627685546875,218.9481658935547,-565.7633666992188,3593.442626953125,191.94012451171875,-567.0215454101562,3551.8037109375,107.34407806396484,-506.14111328125,3509.60009765625,235.0576629638672,-550.0269775390625,3553.45751953125,241.98703002929688,-447.733154296875,3498.741455078125
138.01451110839844,94.70743560791016,3655.953125,154.78164672851562,-62.5272331237793,3640.215576171875,168.19134521484375,-186.83314514160156,3617.697998046875,162.73724365234375,-375.948974609375,3577.69482421875,133.61814880371094,-344.28106689453125,3585.12744140625,15.218793869018556,-303.35284423828125,3607.9111328125,-33.3524284362793,-72.10454559326172,3676.83203125,-62.50590896606445,113.67389678955078,3762.359130859375,-32.209102630615234,184.61099243164065,3724.8583984375,-19.158292770385746,191.49916076660156,3629.75146484375,-21.957494735717773,154.9025421142578,3649.25146484375,193.4578094482422,-344.7301940917969,3581.66162109375,306.09881591796875,-314.1656799316406,3571.712646484375,359.47784423828125,-73.55186462402344,3618.1318359375,373.3381652832031,106.95694732666016,3722.96630859375,376.2254028320313,182.70591735839844,3670.220458984375,392.0749816894531,253.8598175048828,3609.92529296875,334.1439514160156,184.4151306152344,3658.214111328125,57.25236892700195,86.21871948242188,3654.71875,75.55439758300781,438.9615478515625,3703.585693359375,88.97703552246094,779.104248046875,3687.614013671875,106.558349609375,855.1558837890625,3835.095458984375,210.84127807617188,102.3620834350586,3657.06640625,232.70359802246097,413.9139099121094,3828.339111328125,213.73377990722656,676.5330200195312,3606.3935546875,225.30099487304688,824.6985473632812,3644.900390625,161.36953735351562,-448.62554931640625,3574.5107421875,236.27862548828125,-556.4281005859375,3631.542236328125,209.09249877929688,-566.5888061523438,3591.006103515625,115.3350067138672,-524.1016235351562,3544.5888671875,249.3441925048828,-543.2255859375,3589.368408203125,240.00279235839844,-447.7678833007813,3522.886962890625
143.5152130126953,90.68144989013672,3690.983154296875,158.42703247070312,-66.52556610107422,3670.782958984375,170.56809997558594,-191.31748962402344,3648.9248046875,166.05471801757812,-380.8531188964844,3609.072021484375,136.76040649414062,-349.4555358886719,3617.3828125,19.35381507873535,-307.88079833984375,3644.942138671875,-38.27491760253906,-78.66421508789062,3715.274169921875,-57.220001220703125,93.71829223632812,3828.238037109375,-39.96284103393555,172.30239868164062,3798.0703125,-28.628204345703125,204.719482421875,3707.9716796875,-30.42444229125977,189.75827026367188,3753.337646484375,196.5802459716797,-349.2279052734375,3612.114501953125,308.11578369140625,-314.78302001953125,3600.071533203125,368.5232543945313,-75.96483612060547,3649.5419921875,381.7591552734375,97.8489990234375,3765.9052734375,388.8469848632813,176.4203338623047,3717.57275390625,406.31304931640625,253.1371154785156,3664.7333984375,345.9886474609375,176.42051696777344,3693.744384765625,62.573150634765625,83.54662322998047,3686.7578125,77.89860534667969,438.8493957519531,3720.571533203125,88.46327209472656,779.0092163085938,3693.380859375,95.3807601928711,844.738037109375,3846.93212890625,216.50424194335935,97.115234375,3694.79296875,231.5531463623047,399.4577026367187,3883.75390625,220.63377380371097,690.2100830078125,3698.3662109375,248.7462615966797,819.3829956054688,3776.9814453125,165.41563415527344,-453.6759643554687,3605.940673828125,230.40101623535156,-573.1017456054688,3651.493896484375,190.43313598632812,-578.733154296875,3622.07421875,97.67263793945312,-517.8552856445312,3600.01806640625,232.1906280517578,-565.536376953125,3605.9853515625,222.6647186279297,-473.98980712890625,3533.8896484375
149.32789611816406,92.00923919677734,3722.08056640625,160.72543334960938,-65.9085922241211,3701.613037109375,170.67723083496094,-190.85418701171875,3677.55517578125,169.51071166992188,-382.9972229003906,3648.86767578125,139.60595703125,-351.6515808105469,3655.718505859375,19.81904411315918,-312.53326416015625,3677.7314453125,-18.323577880859375,-83.28357696533203,3762.22607421875,-35.29934310913086,101.1707000732422,3855.845703125,-17.03011131286621,170.28402709960938,3807.737060546875,-31.576629638671875,207.54066467285156,3719.70458984375,4.411214828491211,154.7928924560547,3742.5625,199.51080322265625,-350.5704650878906,3649.65869140625,311.62701416015625,-317.7469787597656,3635.459716796875,373.3048095703125,-77.27194213867188,3678.50439453125,389.5185852050781,96.27546691894533,3795.944091796875,393.2927551269531,175.7219696044922,3748.17529296875,396.5841979980469,261.2549133300781,3706.868408203125,349.8543395996094,176.4243927001953,3728.711669921875,68.43186950683594,87.4159164428711,3712.47265625,77.1545181274414,444.0144348144531,3745.58935546875,88.06196594238281,782.6596069335938,3696.446533203125,79.61270904541016,891.474365234375,3823.69091796875,222.27537536621097,96.15123748779295,3730.744384765625,233.1873016357422,392.0197143554687,3931.7470703125,219.31578063964844,710.2235717773438,3796.663818359375,256.7391662597656,838.5192260742188,3873.663330078125,170.3035125732422,-456.0811767578125,3650.024169921875,251.83978271484375,-574.03759765625,3660.718017578125,211.3592834472656,-576.8465576171875,3631.356201171875,110.57650756835938,-524.8878173828125,3627.873779296875,250.45144653320312,-554.4120483398438,3618.809326171875,226.17030334472656,-448.7606201171875,3574.151123046875
158.4707489013672,88.88851928710938,3750.139892578125,169.52745056152344,-68.6656494140625,3730.58740234375,178.56739807128906,-194.0896148681641,3711.229736328125,177.4136199951172,-384.476318359375,3675.74169921875,147.6755828857422,-353.65655517578125,3684.54931640625,29.66520881652832,-312.988525390625,3710.65087890625,-15.006680488586426,-90.70652770996094,3807.4150390625,-24.43937873840332,84.2384262084961,3917.472900390625,9.220186233520508,153.91439819335938,3880.17919921875,-0.9975340366363524,182.33265686035156,3788.641845703125,26.891023635864254,134.089111328125,3807.184814453125,207.18997192382812,-352.0404052734375,3676.849609375,318.28033447265625,-316.0107421875,3665.739013671875,376.9837646484375,-76.29776000976562,3712.43798828125,396.0685424804687,92.82540893554688,3834.63134765625,396.8456726074219,174.25527954101562,3790.782958984375,430.6144104003906,222.6390838623047,3716.65234375,351.8980712890625,172.544921875,3762.517333984375,77.44834899902344,83.83368682861328,3745.054443359375,82.99520874023438,440.4509582519531,3763.168212890625,87.66841888427734,775.4329223632812,3697.98681640625,85.42799377441406,843.0552978515625,3850.79443359375,231.53221130371097,93.44668579101562,3754.7255859375,236.21310424804688,388.5915832519531,3955.045166015625,232.37789916992188,731.2578125,3916.159423828125,267.70257568359375,806.0520629882812,4045.769775390625,178.55230712890625,-457.3207092285156,3674.225830078125,257.9036865234375,-576.1443481445312,3662.75537109375,219.5832366943359,-571.22265625,3631.12744140625,120.03179168701172,-517.616455078125,3633.27197265625,259.4991760253906,-547.5309448242188,3626.578125,239.2593688964844,-434.2796020507813,3605.96533203125
162.04153442382812,87.54551696777344,3784.4228515625,169.57257080078125,-69.61925506591797,3766.651611328125,175.9000244140625,-193.86541748046875,3743.247314453125,179.9710693359375,-382.6380310058594,3704.787353515625,149.57371520996094,-352.9944152832031,3714.264892578125,29.82405662536621,-319.859130859375,3739.960205078125,-26.465803146362305,-108.38219451904295,3850.71337890625,-23.75564765930176,52.15631484985352,3979.543701171875,14.430739402770996,122.85242462158205,3950.41943359375,2.9870412349700928,157.8331298828125,3861.8583984375,13.712298393249512,103.6204605102539,3866.291015625,208.65899658203125,-349.5413818359375,3706.224853515625,318.03887939453125,-309.40667724609375,3699.18505859375,381.2432861328125,-71.15435791015625,3740.369384765625,397.2906799316406,97.17261505126952,3862.29296875,400.4543151855469,177.64337158203125,3817.7666015625,404.9828186035156,262.8893127441406,3777.778564453125,353.7438659667969,175.57728576660156,3792.522705078125,81.25272369384766,84.03925323486328,3781.19482421875,88.11585235595703,439.2582702636719,3776.169677734375,88.60810852050781,772.3462524414062,3710.103759765625,82.22028350830078,850.2717895507812,3856.848388671875,234.892333984375,90.70726013183594,3787.333740234375,236.8935089111328,392.1976623535156,3974.632568359375,223.81509399414065,730.1554565429688,4032.639892578125,254.41998291015625,783.8384399414062,4172.5849609375,183.18849182128903,-455.0172119140625,3702.060791015625,260.7471923828125,-571.8388061523438,3676.020263671875,220.45513916015625,-564.6627197265625,3647.85986328125,121.98218536376952,-511.8883972167969,3661.206298828125,259.8089294433594,-540.71630859375,3642.268798828125,238.57972717285156,-426.8544921875,3631.881591796875
164.42868041992188,88.89649963378906,3815.201416015625,173.02560424804688,-68.95665740966797,3801.892578125,180.07171630859375,-193.5310516357422,3779.1455078125,188.54473876953125,-382.6200866699219,3741.12451171875,157.44400024414062,-353.6670837402344,3750.831787109375,35.82768249511719,-322.6694030761719,3771.031494140625,-27.35307884216309,-124.87216186523438,3902.448974609375,42.105587005615234,-40.4969367980957,4077.362060546875,83.94786071777344,33.82488250732422,4069.770263671875,39.52528762817383,89.93768310546875,4005.65576171875,64.67384338378906,-60.228790283203125,3967.6474609375,216.45423889160156,-348.7425842285156,3742.1865234375,325.4476013183594,-307.3299865722656,3733.154541015625,384.692138671875,-68.55110931396484,3779.709228515625,401.4793395996094,98.61239624023438,3903.792724609375,404.4151306152344,180.6949005126953,3861.90966796875,446.0093994140625,214.84344482421875,3784.295166015625,357.1252746582031,175.802978515625,3824.46630859375,83.4762954711914,84.6335220336914,3813.471923828125,91.36431121826172,440.06109619140625,3794.97705078125,88.63101959228516,767.0681762695312,3701.115234375,89.4325180053711,840.8275756835938,3850.484619140625,237.4270172119141,92.74060821533205,3816.760986328125,243.2598419189453,402.6679992675781,3991.034912109375,242.1651306152344,719.4251708984375,4124.68701171875,292.25140380859375,724.97021484375,4269.4384765625,193.5697021484375,-455.0408020019531,3738.572265625,234.75814819335935,-555.972412109375,3830.954345703125,207.6086578369141,-570.6642456054688,3791.91064453125,130.58724975585938,-522.4026489257812,3725.225830078125,252.5672607421875,-559.2724609375,3788.662353515625,271.57452392578125,-488.3175964355469,3698.226806640625
165.23793029785156,95.80553436279295,3853.986328125,174.951416015625,-62.22520065307617,3837.337890625,182.86566162109375,-187.24847412109375,3814.860107421875,187.4995574951172,-375.6262512207031,3769.8505859375,156.92898559570312,-346.3861389160156,3780.965576171875,33.05567932128906,-321.52490234375,3798.5751953125,-33.317604064941406,-134.80218505859375,3945.3369140625,25.848220825195312,-93.85040283203124,4139.396484375,108.45471954345705,-109.03656768798828,4157.53857421875,87.24095916748047,-69.82791900634766,4072.0390625,87.77791595458984,-119.2744369506836,4034.38134765625,216.13409423828125,-342.1981201171875,3771.825439453125,327.5591735839844,-305.47021484375,3769.070068359375,383.1528015136719,-65.50868225097656,3818.6708984375,400.7081298828125,105.50759887695312,3938.56005859375,399.925048828125,185.8541259765625,3892.69287109375,419.6140747070313,254.19219970703125,3830.04248046875,358.63238525390625,176.83155822753906,3850.564453125,84.03623962402344,91.02542877197266,3851.983154296875,91.53189849853516,446.3773498535156,3816.052490234375,88.20346069335938,769.4077758789062,3705.5830078125,82.82564544677734,841.92236328125,3856.11474609375,238.46107482910156,100.11595916748048,3855.79248046875,247.22927856445312,411.3129577636719,4030.226318359375,249.8431701660156,721.771484375,4180.6826171875,315.44268798828125,713.3055419921875,4319.54248046875,191.1838836669922,-448.2401123046875,3764.6357421875,231.14649963378903,-546.377685546875,3861.244873046875,201.49752807617188,-561.7445068359375,3824.102783203125,124.01564025878906,-512.9212646484375,3757.692626953125,246.96546936035156,-552.9891357421875,3818.3779296875,265.783447265625,-488.0325622558594,3723.003662109375
166.52769470214844,95.8783187866211,3900.80517578125,176.6721954345703,-61.6291618347168,3874.40087890625,184.5628967285156,-185.55918884277344,3843.640869140625,192.254150390625,-375.2153625488281,3800.10791015625,161.12010192871094,-346.31292724609375,3811.435302734375,39.12615203857422,-320.6517333984375,3841.450439453125,-32.175132751464844,-145.1941680908203,4001.365234375,24.73669815063477,-111.91110229492188,4198.685546875,78.0769271850586,-170.5072479248047,4233.06103515625,79.36473846435547,-134.55690002441406,4143.060546875,79.53365325927734,-157.3217315673828,4103.9052734375,220.4069976806641,-341.0500183105469,3801.3759765625,331.5802307128906,-301.6072692871094,3801.218505859375,381.9527893066406,-62.04515838623047,3863.35791015625,399.1769104003906,108.39456176757812,3985.9892578125,396.3116149902344,189.75390625,3941.029296875,413.1548156738281,260.4690246582031,3879.451171875,362.37249755859375,181.7942047119141,3895.347412109375,84.91954803466797,90.49728393554688,3901.550537109375,88.92668151855469,444.85296630859375,3843.543212890625,89.11842346191406,762.0748291015625,3712.603759765625,83.47296142578125,852.2528076171875,3854.28515625,240.11734008789065,100.73062896728516,3900.133056640625,249.72824096679688,416.56402587890625,4069.92236328125,251.10986328125,733.4501953125,4210.80224609375,290.0423278808594,785.3155517578125,4351.14892578125,197.294921875,-448.1681213378906,3795.496826171875,230.49444580078125,-542.5932006835938,3899.2119140625,201.5015869140625,-559.0720825195312,3861.681396484375,127.80964660644533,-511.179931640625,3789.5263671875,247.66270446777344,-552.1331176757812,3857.165283203125,272.25103759765625,-492.8962097167969,3758.685546875
175.90817260742188,93.6406021118164,3935.641845703125,183.85350036621097,-63.35947799682617,3905.38330078125,190.1411590576172,-188.7350921630859,3880.4697265625,197.8011016845703,-378.9559631347656,3839.12646484375,167.05398559570312,-350.33477783203125,3852.159423828125,49.13760757446289,-329.0510559082031,3897.951416015625,-22.24688148498535,-147.8480682373047,4051.435546875,49.18804931640625,-113.73565673828124,4243.9130859375,73.59737396240234,-183.8168487548828,4288.17041015625,78.82910919189453,-151.7179412841797,4196.828125,84.71432495117188,-190.09524536132812,4161.10400390625,225.45004272460935,-344.3558349609375,3837.993408203125,334.3654479980469,-298.9356384277344,3838.162109375,380.03179931640625,-61.666072845458984,3912.0126953125,407.0460815429687,97.08368682861328,4047.97802734375,389.2136535644531,183.0948944091797,4017.327392578125,412.1497802734375,227.37109375,3936.108642578125,369.1310424804687,164.85604858398438,3944.27001953125,94.49895477294922,88.32279968261719,3941.857421875,90.71273803710938,442.3695068359375,3881.18408203125,88.10765075683594,746.3045043945312,3721.562255859375,81.32549285888672,842.8743286132812,3858.99169921875,249.3184509277344,98.4358901977539,3930.036865234375,253.57606506347656,415.9244384765625,4097.21923828125,246.96353149414065,737.3319702148438,4227.63671875,279.91015625,787.4743041992188,4370.1884765625,203.65280151367188,-451.91510009765625,3835.190185546875,243.3593292236328,-557.0401000976562,3925.537841796875,212.4912872314453,-569.5907592773438,3887.958740234375,134.49327087402344,-514.9163208007812,3825.772216796875,258.2874450683594,-561.4764404296875,3881.802734375,276.90728759765625,-491.0331726074219,3789.535888671875
181.2252960205078,92.21749114990234,3974.968505859375,187.14105224609375,-64.25601196289062,3944.020263671875,191.7344970703125,-188.8435516357422,3916.824462890625,205.68955993652344,-376.90277099609375,3870.2705078125,173.92037963867188,-349.5973815917969,3883.23779296875,54.32614517211914,-336.49493408203125,3926.628662109375,-25.345243453979492,-159.6280975341797,4079.912109375,46.7330207824707,-149.02142333984375,4274.208984375,80.3544692993164,-221.87423706054688,4305.57666015625,75.78873443603516,-171.2473602294922,4223.3466796875,91.66595458984376,-204.70962524414065,4180.9970703125,232.32012939453125,-341.66448974609375,3870.926025390625,339.4071350097656,-292.9585266113281,3872.83349609375,381.9563293457031,-55.67866516113281,3945.962646484375,407.36279296875,100.33263397216795,4084.422607421875,415.8681945800781,192.4112091064453,4077.101318359375,413.6673889160156,216.67941284179688,3985.255615234375,371.07122802734375,167.8081817626953,3981.173095703125,99.82181549072266,88.40361022949219,3978.691162109375,101.41541290283205,443.4353942871094,3931.422607421875,90.00414276123047,725.3970947265625,3737.68212890625,88.52713012695312,823.3967895507812,3873.64501953125,254.63038635253903,95.65663146972656,3971.611572265625,261.4563903808594,412.4011840820313,4137.84814453125,253.1285858154297,740.0935668945312,4248.27734375,305.0205993652344,738.7177734375,4393.48388671875,213.6227264404297,-449.3139343261719,3864.371826171875,268.61761474609375,-542.6194458007812,3958.9111328125,233.4434356689453,-559.8123168945312,3927.6884765625,146.16107177734375,-514.0113525390625,3871.58154296875,277.5426025390625,-551.6463623046875,3914.397705078125,281.01385498046875,-491.8692932128906,3813.6240234375
190.87437438964844,86.36343383789062,4008.6630859375,194.4507598876953,-72.22625732421875,3981.62451171875,196.6934814453125,-198.4926300048828,3957.097412109375,209.743896484375,-387.7340087890625,3908.47216796875,178.44651794433594,-360.7077026367187,3924.112060546875,67.2879867553711,-340.0488586425781,3986.099609375,5.932923316955566,-149.63861083984375,4134.78515625,71.53290557861328,-48.439449310302734,4305.7255859375,94.12803649902344,-98.35208892822266,4373.1181640625,111.12394714355467,-114.23503112792967,4278.47265625,66.1565170288086,-154.03573608398438,4249.96337890625,236.05462646484375,-351.8255920410156,3907.173828125,343.2789611816406,-301.09912109375,3906.590087890625,385.26116943359375,-67.31954193115234,3996.5087890625,413.3260803222656,104.9177017211914,4116.62109375,412.46234130859375,190.50184631347656,4078.9365234375,360.7061767578125,193.21832275390625,3998.3671875,402.5780029296875,169.3582000732422,4031.00244140625,110.37801361083984,81.78101348876953,4024.893310546875,108.65959930419922,441.6447143554687,3995.169921875,93.30802917480467,696.3281860351562,3762.81201171875,99.18418884277344,814.8704833984375,3883.08642578125,263.4614562988281,90.49559783935548,3994.02783203125,269.25921630859375,406.5998229980469,4167.67236328125,249.0797576904297,744.078369140625,4253.16650390625,296.5469970703125,787.0700073242188,4394.82958984375,218.28836059570312,-460.59661865234375,3901.635498046875,264.24176025390625,-549.8073120117188,4006.214111328125,236.0476226806641,-569.9685668945312,3969.507080078125,155.4055633544922,-531.081298828125,3898.376953125,281.3301086425781,-558.1942749023438,3963.607177734375,297.0302734375,-497.9347839355469,3863.166259765625
196.45443725585935,80.76274871826172,4039.402099609375,199.8342742919922,-79.62369537353516,4022.391845703125,199.83303833007812,-206.3328094482422,3998.356689453125,216.19320678710935,-397.7728576660156,3958.07470703125,184.6871032714844,-370.7475891113281,3973.61083984375,72.66575622558594,-362.6072998046875,4037.5947265625,-10.494134902954102,-190.03677368164065,4198.04296875,61.136417388916016,-110.6894302368164,4378.4814453125,122.05406951904295,-157.67007446289062,4419.26513671875,83.35226440429688,-125.01288604736328,4335.70458984375,67.3315658569336,-197.16253662109375,4296.296875,241.5459899902344,-361.2356262207031,3954.1279296875,350.0747375488281,-314.824951171875,3939.6787109375,387.4031372070313,-77.43023681640625,4023.791259765625,413.1491394042969,92.64102935791016,4148.36474609375,416.69378662109375,178.22378540039062,4110.25341796875,363.6571350097656,191.33609008789065,4031.267578125,421.0368957519531,176.26512145996094,4089.4951171875,116.59129333496094,76.94453430175781,4059.534912109375,112.06116485595705,438.7989807128906,4050.382080078125,94.18599700927734,683.8724975585938,3806.851806640625,102.00352478027344,826.4932861328125,3897.925048828125,268.47052001953125,84.20579528808594,4021.247314453125,275.3117980957031,403.09429931640625,4191.61279296875,248.1243438720703,746.4479370117188,4251.51318359375,292.26165771484375,806.6024780273438,4388.3505859375,226.43960571289065,-470.8273010253906,3954.330322265625,301.0241394042969,-538.4048461914062,4059.129638671875,259.0338134765625,-561.1460571289062,4042.359375,160.85865783691406,-525.9879760742188,3994.756103515625,299.50445556640625,-560.5148315429688,4017.92919921875,280.6158752441406,-531.7252197265625,3904.568603515625
210.94122314453125,65.54304504394531,4073.22216796875,209.39138793945312,-91.27890014648438,4047.177734375,207.21682739257812,-215.6771240234375,4021.227294921875,220.66580200195312,-404.0593566894531,3979.2861328125,189.30470275878903,-376.68853759765625,3992.515869140625,71.77576446533203,-365.0775146484375,4040.255615234375,0.7698312401771545,-219.98272705078125,4226.1162109375,75.98479461669922,-179.1859130859375,4414.25048828125,116.10160064697266,-244.05914306640625,4453.5556640625,81.3815689086914,-183.493896484375,4387.24072265625,76.78858947753906,-254.77883911132812,4323.392578125,246.9989471435547,-368.8296813964844,3978.170654296875,356.4472351074219,-326.9464416503906,3978.544189453125,393.2624816894531,-95.3288803100586,4067.721435546875,408.2139587402344,71.28357696533203,4193.50341796875,436.63763427734375,149.17996215820312,4152.7587890625,397.29437255859375,177.05557250976562,4071.318115234375,388.3060607910156,151.330322265625,4106.0810546875,130.97032165527344,63.9609260559082,4087.5078125,123.22390747070312,416.4244995117187,4142.02392578125,115.18761444091795,631.8490600585938,3877.898193359375,123.51683044433594,797.0406494140625,3855.300048828125,283.0545349121094,66.96971130371094,4060.34033203125,284.20074462890625,391.23345947265625,4208.12548828125,258.43841552734375,729.935791015625,4265.65966796875,278.2452697753906,822.1982421875,4386.8447265625,228.7798614501953,-476.2712097167969,3975.0224609375,255.2023773193359,-532.8926391601562,4103.86083984375,240.87452697753903,-564.1966552734375,4067.77099609375,178.99545288085938,-555.2555541992188,3973.68310546875,283.71533203125,-546.0341186523438,4070.099853515625,317.90484619140625,-505.1812438964844,3966.208984375
216.01046752929688,56.933013916015625,4099.6171875,214.78250122070312,-100.11823272705078,4080.85205078125,211.8403778076172,-223.59654235839844,4053.75048828125,228.8000946044922,-411.8975524902344,4017.6240234375,196.9032745361328,-384.7522583007813,4029.207275390625,77.28781127929688,-379.1090698242187,4070.7216796875,-13.291888236999512,-235.8869781494141,4247.666015625,64.13185119628906,-193.3612518310547,4433.35986328125,133.13644409179688,-238.1195068359375,4456.24072265625,84.00346374511719,-193.61550903320312,4387.0810546875,80.82133483886719,-248.53411865234375,4330.9375,254.55319213867188,-376.5270080566406,4016.21875,361.5333251953125,-330.729736328125,4008.970703125,399.3591003417969,-101.68701171875,4100.77392578125,404.0945739746094,61.86871337890625,4229.57373046875,431.1741027832031,138.258544921875,4186.203125,387.3580627441406,171.5902099609375,4109.80810546875,391.7666931152344,142.27035522460938,4146.96533203125,136.19065856933594,56.03034591674805,4112.39501953125,132.74075317382812,399.591796875,4201.455078125,134.20603942871094,618.1339721679688,3942.034912109375,148.48965454101562,777.1671752929688,3896.302734375,287.98748779296875,57.74699401855469,4088.0947265625,283.8913269042969,383.24652099609375,4228.59521484375,247.45968627929688,723.2393188476562,4252.5283203125,242.7033233642578,828.1845703125,4363.50634765625,237.933837890625,-483.7136840820313,4015.597412109375,268.7362060546875,-550.5090942382812,4137.60546875,249.35118103027344,-577.9317626953125,4101.07080078125,182.064697265625,-557.9036865234375,4013.298583984375,293.386962890625,-563.4552612304688,4101.15283203125,323.0259704589844,-518.67431640625,3998.1484375
228.6571807861328,46.97113037109375,4133.4462890625,222.2935333251953,-108.09463500976562,4108.65625,216.4351806640625,-230.45301818847656,4080.715576171875,225.4649658203125,-418.72698974609375,4048.311767578125,194.76055908203125,-390.1083984375,4058.442626953125,76.68795013427734,-373.4355163574219,4098.93505859375,48.28983688354492,-225.70111083984375,4290.3271484375,137.0166473388672,-161.2799835205078,4462.73486328125,147.54483032226562,-219.83460998535156,4523.20166015625,138.44735717773438,-172.85679626464844,4440.9140625,120.55650329589844,-258.5960998535156,4399.98681640625,252.71478271484375,-384.8460388183594,4047.1201171875,362.0504150390625,-346.9356689453125,4052.6171875,408.2348327636719,-117.18888854980467,4133.9169921875,413.2214965820313,57.14015579223633,4245.25,430.9944152832031,133.19578552246094,4197.90185546875,394.0132141113281,162.952392578125,4117.27197265625,390.9712219238281,133.8379364013672,4159.87109375,148.75445556640625,48.9744758605957,4141.42626953125,142.24436950683594,372.6801452636719,4281.23876953125,143.2421112060547,604.4521484375,4036.5380859375,152.0794677734375,768.9771118164062,4027.07861328125,300.708984375,45.16462707519531,4126.25048828125,292.8846130371094,373.4427185058594,4253.84326171875,262.90673828125,712.7083740234375,4254.47900390625,267.31732177734375,815.1963500976562,4366.4248046875,231.21463012695312,-490.4551086425781,4047.702392578125,279.88409423828125,-549.2991943359375,4166.89501953125,251.2454376220703,-577.25390625,4138.091796875,170.02928161621094,-557.6260986328125,4063.992919921875,295.2020263671875,-567.7579956054688,4128.14013671875,306.9729919433594,-535.5185546875,4017.93994140625
236.07601928710935,41.27276992797851,4171.8037109375,228.44625854492188,-114.26256561279295,4144.68701171875,220.9899139404297,-236.3047332763672,4112.7744140625,229.9367828369141,-424.7243041992187,4075.121826171875,199.13409423828125,-396.2625732421875,4086.391357421875,80.15467834472656,-384.9432067871094,4128.30908203125,20.86746597290039,-261.4355163574219,4331.2275390625,106.77849578857422,-226.0576171875,4514.51708984375,189.75161743164065,-206.224609375,4513.6865234375,136.62803649902344,-167.39340209960938,4444.15087890625,121.37367248535156,-256.9551086425781,4404.0810546875,257.2903747558594,-390.5907897949219,4074.529052734375,367.5242919921875,-352.9240417480469,4076.957763671875,412.2919006347656,-123.79686737060548,4164.884765625,424.6151123046875,52.94950485229492,4274.02783203125,436.6085510253906,129.05397033691406,4224.00244140625,392.183837890625,158.19541931152344,4146.33447265625,397.3811950683594,107.1422882080078,4179.44189453125,156.0745849609375,43.27001953125,4182.857421875,153.9448699951172,359.60357666015625,4343.28076171875,150.65635681152344,598.6931762695312,4103.0087890625,160.98141479492188,761.4463500976562,4072.116455078125,308.216796875,39.47176361083984,4161.8349609375,294.779052734375,374.2936401367187,4276.94482421875,264.9648132324219,715.203857421875,4261.8828125,273.4718017578125,821.14794921875,4371.537109375,235.7936859130859,-496.8149108886719,4072.55078125,275.6831970214844,-553.1463623046875,4197.06787109375,253.985107421875,-583.5266723632812,4164.42578125,180.52902221679688,-571.0005493164062,4080.38525390625,297.769775390625,-569.0153198242188,4160.16796875,319.6489562988281,-532.9093627929688,4052.034423828125
240.55812072753903,47.364742279052734,4200.72021484375,233.5640563964844,-107.33319854736328,4174.6689453125,226.69252014160156,-228.7881317138672,4143.65869140625,232.014892578125,-416.02874755859375,4105.84326171875,201.83335876464844,-387.0584411621094,4116.38330078125,83.17247009277344,-370.7907104492187,4154.94677734375,52.511505126953125,-198.807373046875,4324.1953125,114.50721740722656,-101.79503631591795,4492.7841796875,181.3971710205078,-116.72113037109376,4542.650390625,150.78753662109375,-120.47283172607422,4452.6796875,118.76993560791016,-209.68002319335935,4460.88671875,259.99945068359375,-382.7789306640625,4106.03466796875,372.0499877929687,-353.7833251953125,4104.25830078125,414.4850769042969,-128.31973266601562,4198.0068359375,433.2555236816406,51.036983489990234,4299.08935546875,447.5259704589844,124.07086944580078,4246.2626953125,382.81597900390625,118.32225799560548,4179.03759765625,391.4865417480469,90.83308410644533,4200.6796875,160.99867248535156,49.20981216430664,4211.12353515625,165.80508422851562,347.1520690917969,4399.2041015625,166.65577697753906,614.7666015625,4194.7802734375,184.86289978027344,777.0443115234375,4171.8701171875,312.3003845214844,45.700958251953125,4191.33935546875,301.6013488769531,381.55718994140625,4296.1533203125,272.6744689941406,719.6971435546875,4271.04248046875,289.02301025390625,832.112060546875,4371.6015625,236.17909240722656,-487.7594299316406,4103.1875,285.54083251953125,-560.5619506835938,4213.9482421875,263.9171447753906,-586.340087890625,4177.9609375,185.89495849609375,-565.0497436523438,4101.08251953125,306.2648620605469,-568.7173461914062,4174.22607421875,320.07525634765625,-514.4926147460938,4073.38671875
238.0018768310547,38.86587905883789,4242.8212890625,234.38140869140625,-112.64602661132812,4208.33984375,229.4779357910156,-231.71546936035156,4173.14990234375,233.66244506835935,-416.5376281738281,4133.16845703125,204.3301239013672,-388.241455078125,4145.91259765625,91.7190399169922,-374.0584411621094,4197.17724609375,52.75570297241211,-226.23294067382812,4383.1630859375,110.5781707763672,-135.8518829345703,4554.3876953125,191.6255798339844,-114.74185943603516,4559.22412109375,150.52447509765625,-100.63272094726562,4475.716796875,137.955078125,-202.89694213867188,4468.60546875,261.0606689453125,-383.39947509765625,4131.927734375,371.8359375,-354.21630859375,4129.90087890625,418.8102416992187,-135.09988403320312,4229.68310546875,438.2207336425781,42.185665130615234,4329.99951171875,443.074951171875,115.5652084350586,4277.55078125,378.3834533691406,119.9236297607422,4211.53564453125,394.8266906738281,75.20616912841797,4235.77978515625,161.05699157714844,36.25017929077149,4262.3935546875,168.1300811767578,325.3614196777344,4457.3505859375,175.15347290039062,614.7369384765625,4292.0771484375,191.78163146972656,772.479736328125,4253.625,307.3864440917969,41.22456741333008,4225.171875,309.6605529785156,378.2034606933594,4313.6142578125,272.4903259277344,710.07373046875,4269.6474609375,285.67724609375,845.9959106445312,4332.0986328125,238.14219665527344,-487.46246337890625,4129.39599609375,314.6876220703125,-569.5252685546875,4213.08984375,269.5019836425781,-584.51513671875,4202.5341796875,174.79371643066406,-534.8291015625,4174.97265625,304.0616149902344,-587.1241455078125,4172.97705078125,273.3415832519531,-548.3753662109375,4070.097412109375
242.57601928710935,32.569522857666016,4266.43212890625,243.44744873046875,-119.83859252929688,4237.3046875,242.5915069580078,-239.30311584472656,4203.8994140625,250.25733947753903,-422.3952941894531,4158.35302734375,219.7120056152344,-393.7628479003906,4166.3876953125,97.6498794555664,-375.2142333984375,4181.0693359375,50.112796783447266,-193.4781494140625,4331.00341796875,90.0950927734375,-80.14669036865234,4493.02587890625,142.51708984375,-35.58357238769531,4540.7783203125,148.47950744628906,-95.95166015625,4468.9970703125,161.59573364257812,-167.0907745361328,4509.65087890625,278.0619201660156,-390.0921325683594,4163.6044921875,388.12396240234375,-360.6825866699219,4173.83203125,435.0003356933594,-137.7864227294922,4263.80029296875,419.3985290527344,30.088558197021484,4379.14892578125,437.3876647949219,107.4333038330078,4336.41748046875,395.4349060058594,120.0563735961914,4255.0908203125,395.52044677734375,86.43624877929688,4282.767578125,164.14036560058594,29.939231872558594,4277.8486328125,167.13426208496094,310.302001953125,4484.30908203125,176.97325134277344,636.2835083007812,4418.1904296875,185.59536743164065,760.01904296875,4523.8515625,313.3049011230469,34.941375732421875,4256.1376953125,305.056884765625,375.2610778808594,4327.4951171875,272.732666015625,706.07861328125,4276.60986328125,290.7958679199219,815.1488037109375,4377.85791015625,253.8163604736328,-493.1321105957031,4152.7509765625,297.182861328125,-566.5931396484375,4263.45654296875,266.58282470703125,-588.7276000976562,4232.7373046875,188.0764923095703,-555.4429321289062,4162.8359375,310.5851745605469,-582.0762329101562,4223.38720703125,324.4897155761719,-540.5438232421875,4118.18408203125
242.57679748535156,33.83955001831055,4300.62744140625,240.9317169189453,-121.0291976928711,4272.12353515625,238.0090484619141,-241.0490875244141,4234.220703125,237.2870178222656,-427.3459167480469,4189.29443359375,207.6507110595703,-396.8772888183594,4197.3720703125,87.05375671386719,-368.4929809570313,4221.3115234375,52.127140045166016,-163.07730102539062,4348.13818359375,86.57061767578125,-16.19161605834961,4486.53173828125,99.4884796142578,61.731475830078125,4455.1357421875,164.89306640625,45.19832229614258,4387.71044921875,146.1778564453125,9.83194065093994,4389.52197265625,266.962890625,-395.817138671875,4194.27001953125,378.9571533203125,-366.0097961425781,4200.9306640625,444.0139465332031,-135.8824462890625,4268.62255859375,419.90325927734375,38.52461242675781,4378.09033203125,416.8394470214844,120.55171966552734,4337.6201171875,387.2132568359375,118.7478256225586,4248.69091796875,378.9807434082031,74.48063659667969,4270.9638671875,162.52694702148438,33.15458297729492,4308.96923828125,167.60543823242188,308.6639709472656,4530.2001953125,187.66574096679688,645.78271484375,4528.80126953125,186.32220458984375,752.0230102539062,4655.51611328125,314.7612609863281,34.457210540771484,4293.10498046875,297.874755859375,383.6336975097656,4342.056640625,278.199462890625,717.1871948242188,4272.62646484375,279.89947509765625,824.4292602539062,4380.533203125,237.66915893554688,-499.2631530761719,4184.10791015625,297.50848388671875,-566.1481323242188,4293.9453125,259.3641357421875,-588.5853271484375,4271.9775390625,169.8961181640625,-554.6901245117188,4213.9384765625,301.63446044921875,-586.9946899414062,4253.5224609375,297.3789367675781,-557.0792236328125,4141.88720703125
241.294189453125,30.799978256225582,4329.07568359375,241.51104736328125,-124.35768127441406,4300.51123046875,240.13363647460935,-244.51837158203125,4262.20751953125,243.5062713623047,-431.248779296875,4217.71533203125,213.22515869140625,-400.64013671875,4222.7041015625,89.72399139404297,-374.2081909179687,4217.29638671875,40.42594909667969,-137.88072204589844,4255.1953125,67.20338439941406,27.28161239624023,4373.81884765625,78.77479553222656,101.22608947753906,4333.2080078125,143.50160217285156,93.671630859375,4263.32421875,126.46852111816406,68.47117614746094,4276.11669921875,272.6572570800781,-399.71923828125,4225.62109375,384.62353515625,-370.7730407714844,4237.8818359375,449.2453308105469,-136.68496704101562,4292.88134765625,415.1210021972656,35.921112060546875,4403.25146484375,424.26409912109375,114.6068115234375,4357.0869140625,380.5692443847656,118.88491821289062,4274.05810546875,374.2395935058594,70.63345336914062,4299.29443359375,161.0409698486328,29.276912689208984,4336.73974609375,169.5592041015625,309.0215148925781,4553.53369140625,188.3491668701172,641.1353149414062,4615.31005859375,175.92776489257812,733.7406616210938,4752.1123046875,313.66204833984375,32.17339324951172,4322.1650390625,293.96685791015625,384.5849609375,4344.0244140625,278.7330017089844,719.365478515625,4276.35009765625,279.130859375,832.3601684570312,4378.64453125,244.2348175048828,-503.30865478515625,4212.72265625,311.96759033203125,-582.2005004882812,4309.57470703125,277.955322265625,-604.9486694335938,4281.72509765625,185.11099243164065,-573.0963745117188,4227.56884765625,319.8482360839844,-593.4165649414062,4265.92431640625,312.8018493652344,-541.8806762695312,4162.3935546875
240.44142150878903,25.40170669555664,4362.8291015625,240.2194366455078,-128.74588012695312,4330.5927734375,238.1236572265625,-248.08201599121097,4290.52783203125,238.3773498535156,-435.0052490234375,4248.25732421875,208.7082977294922,-403.7867126464844,4252.39697265625,86.70623016357422,-372.7938232421875,4243.55859375,34.941837310791016,-134.649169921875,4254.09326171875,69.83802032470703,11.570989608764648,4393.083984375,78.64105987548828,90.28206634521484,4362.22900390625,139.54762268066406,93.56648254394533,4288.89892578125,122.1180648803711,61.997310638427734,4297.25439453125,267.98516845703125,-404.0431823730469,4256.27587890625,379.67816162109375,-375.5690307617187,4270.0634765625,456.0924682617187,-146.38169860839844,4328.46044921875,426.5056457519531,26.673749923706055,4438.736328125,428.5942077636719,104.603515625,4390.7919921875,383.4648132324219,120.60700988769533,4310.18798828125,379.1761169433594,65.3841323852539,4339.46630859375,160.62294006347656,23.39101219177246,4372.99365234375,175.8126983642578,319.40496826171875,4565.41357421875,190.97816467285156,628.0040893554688,4701.77880859375,183.67079162597656,698.7695922851562,4851.0625,312.4172668457031,27.21483612060547,4353.66357421875,302.6119079589844,380.0525817871094,4358.259765625,278.43585205078125,710.2515869140625,4275.4619140625,284.29779052734375,838.7765502929688,4356.67626953125,237.7062225341797,-506.98828125,4244.0888671875,316.59393310546875,-585.4417724609375,4332.07373046875,278.14044189453125,-607.6633911132812,4310.4248046875,179.4249725341797,-574.0389404296875,4269.83935546875,317.44610595703125,-598.1088256835938,4288.20361328125,296.5460205078125,-549.3065185546875,4185.45361328125
243.24923706054688,32.555450439453125,4392.8271484375,245.2372283935547,-122.21087646484376,4361.57666015625,245.80096435546875,-241.6626739501953,4320.75634765625,236.73410034179688,-429.40576171875,4280.8359375,209.09017944335935,-395.97802734375,4281.4619140625,92.0131607055664,-356.6492614746094,4253.99462890625,53.89269256591797,-117.14128875732422,4222.31005859375,57.84584426879883,4.31087589263916,4387.76123046875,63.644378662109375,87.87710571289062,4372.0576171875,135.31759643554688,98.03351593017578,4309.55908203125,107.5108413696289,70.46907806396484,4304.35888671875,267.6160583496094,-400.418701171875,4291.595703125,378.95550537109375,-368.9255981445313,4304.240234375,450.190185546875,-134.37603759765625,4349.16455078125,409.18218994140625,33.15818405151367,4465.20166015625,425.4984436035156,113.28872680664062,4423.564453125,386.2581787109375,120.98493194580078,4338.48974609375,376.50140380859375,67.22897338867188,4359.38427734375,162.70664978027344,30.575626373291016,4397.50830078125,177.40771484375,319.7867126464844,4601.68505859375,193.00213623046875,622.4720458984375,4752.703125,169.13433837890625,673.4053344726562,4908.68017578125,315.8780212402344,34.34074401855469,4388.60546875,302.777587890625,387.9935302734375,4382.6640625,274.3038330078125,711.5016479492188,4274.8447265625,280.1162414550781,831.8406372070312,4368.4248046875,231.21194458007812,-501.414306640625,4277.455078125,283.46295166015625,-587.4534301757812,4377.92431640625,259.10784912109375,-608.7326049804688,4340.3984375,177.8677215576172,-576.899169921875,4269.85693359375,302.0671691894531,-592.0191040039062,4336.33251953125,313.0357971191406,-527.5350952148438,4240.57763671875
244.3839111328125,43.83631896972656,4435.54638671875,244.6858062744141,-110.24903869628906,4395.6103515625,244.85145568847656,-233.2393798828125,4362.94580078125,251.5493621826172,-419.51556396484375,4310.23876953125,221.42822265625,-387.82080078125,4311.04443359375,99.3575439453125,-353.526611328125,4297.248046875,55.624046325683594,-112.20886993408205,4271.8740234375,46.61743927001953,36.20920944213867,4415.798828125,85.93226623535156,111.19210815429688,4430.3994140625,143.09043884277344,96.52256774902344,4354.1611328125,103.91346740722656,132.95452880859375,4379.12353515625,279.7935485839844,-389.1392822265625,4325.07861328125,386.5171813964844,-357.7167663574219,4362.3671875,459.62652587890625,-123.71760559082033,4417.2490234375,414.4856567382813,63.234718322753906,4500.46875,428.3890380859375,135.83489990234375,4444.85205078125,389.3822326660156,120.49740600585938,4359.8623046875,373.5997314453125,74.69611358642578,4388.787109375,163.42794799804688,41.671024322509766,4443.28857421875,186.11827087402344,333.3493957519531,4648.20556640625,209.1293487548828,625.6619873046875,4822.99267578125,190.0490875244141,644.6744384765625,4987.95556640625,317.3854675292969,45.788856506347656,4428.564453125,310.8531188964844,401.7208557128906,4404.53515625,272.2646179199219,720.0247192382812,4277.31591796875,293.5881652832031,831.7396240234375,4380.828125,251.27452087402344,-491.913330078125,4301.8505859375,314.702392578125,-580.5714721679688,4394.9716796875,267.64630126953125,-591.0825805664062,4381.96484375,178.8049774169922,-530.877685546875,4346.24267578125,304.12249755859375,-598.95263671875,4353.97119140625,283.2702941894531,-560.4037475585938,4245.59814453125
246.89703369140625,48.09981918334961,4462.3935546875,249.25228881835935,-107.28351593017578,4433.86474609375,249.7723388671875,-229.4711151123047,4401.85498046875,245.55511474609375,-415.9045715332031,4355.0263671875,216.5664978027344,-383.9388122558594,4359.73046875,95.04632568359376,-348.54290771484375,4356.9697265625,55.60993957519531,-107.69481658935548,4338.7841796875,59.307655334472656,36.22724151611328,4485.291015625,77.81958770751953,115.17044067382812,4458.87841796875,155.01951599121094,108.4140625,4402.73681640625,121.8174285888672,132.48300170898438,4434.76318359375,275.9831237792969,-385.8084106445313,4363.99267578125,387.8271789550781,-355.6572265625,4376.09326171875,462.259765625,-121.00013732910156,4415.80810546875,417.1816101074219,51.2662239074707,4523.31982421875,423.17767333984375,129.68301391601562,4475.92919921875,382.0105895996094,133.421875,4391.43798828125,376.1429138183594,78.42372131347656,4417.48974609375,166.98036193847656,44.847293853759766,4473.5107421875,190.8577423095703,336.40240478515625,4673.8232421875,215.06231689453125,638.4546508789062,4825.43408203125,202.0275421142578,669.9849243164062,4987.7978515625,318.9613952636719,51.03276443481445,4452.36865234375,316.0226745605469,403.876708984375,4422.00830078125,272.5057373046875,711.6004028320312,4278.31494140625,303.5582580566406,827.3483276367188,4372.8603515625,243.0753173828125,-487.9644470214844,4349.13330078125,331.0881652832031,-576.43212890625,4417.53515625,287.1083984375,-594.5863647460938,4403.63037109375,185.28216552734375,-551.2194213867188,4384.77734375,321.9384460449219,-587.3591918945312,4373.9892578125,285.0655212402344,-532.6740112304688,4278.52294921875
246.37890625,47.85960388183594,4505.82568359375,247.5210723876953,-101.02684783935548,4462.8583984375,248.0457000732422,-219.5213165283203,4426.70458984375,248.933349609375,-403.4148559570313,4384.92529296875,219.7487945556641,-372.57135009765625,4388.0234375,98.6019287109375,-346.1207580566406,4394.52734375,43.50609588623047,-112.67344665527344,4385.34912109375,43.88483428955078,34.03989791870117,4523.41796875,69.5462646484375,108.99087524414062,4496.5888671875,148.78854370117188,116.73112487792967,4446.888671875,114.9168930053711,114.55596160888672,4466.57763671875,277.91015625,-373.083740234375,4393.85498046875,385.67333984375,-342.93328857421875,4416.814453125,444.5339050292969,-109.63201904296876,4460.67919921875,409.8094482421875,73.43093872070312,4543.77099609375,424.3740539550781,149.4055938720703,4497.65869140625,375.5144348144531,130.84286499023438,4421.63671875,376.04840087890625,83.73580169677734,4439.4951171875,168.8153839111328,42.86882781982422,4521.05712890625,192.92279052734375,330.40972900390625,4715.12255859375,214.88589477539065,642.5238647460938,4827.1328125,226.4771423339844,730.2865600585938,4963.67333984375,316.3213195800781,52.360008239746094,4492.09033203125,324.7776184082031,399.4420166015625,4480.9228515625,272.4547424316406,673.1182250976562,4293.45703125,272.1988220214844,819.8377685546875,4323.263671875,248.10691833496097,-474.2401123046875,4380.71923828125,323.4186706542969,-573.1671752929688,4444.14990234375,281.65911865234375,-586.971923828125,4423.4296875,185.9244842529297,-537.8208618164062,4400.0908203125,319.1715087890625,-577.5528564453125,4399.626953125,295.76904296875,-510.0843811035156,4311.0126953125
247.75453186035156,46.92970275878906,4536.95361328125,248.3065948486328,-103.81853485107422,4496.3017578125,248.6435089111328,-224.2017364501953,4463.31298828125,248.88021850585935,-409.9433288574219,4423.30029296875,219.37863159179688,-379.19586181640625,4428.23291015625,99.92194366455078,-353.899658203125,4455.470703125,48.76593780517578,-118.23849487304688,4473.79541015625,61.32364273071289,40.27028274536133,4599.96630859375,68.02499389648438,114.0848388671875,4559.86328125,131.04486083984375,119.97924041748048,4489.60400390625,104.17730712890624,101.7987060546875,4506.1484375,278.2528991699219,-378.92279052734375,4429.79345703125,387.6195068359375,-346.2683410644531,4444.5947265625,442.2280578613281,-110.12886810302734,4489.08056640625,426.6947021484375,78.3787841796875,4569.54931640625,443.6236877441406,156.8000030517578,4527.16015625,380.1643981933594,134.936767578125,4462.857421875,381.2610778808594,88.7116928100586,4471.79736328125,169.5970001220703,42.47091293334961,4552.42626953125,197.9922332763672,335.3087158203125,4742.66552734375,224.2687225341797,648.1038208007812,4859.21240234375,235.01937866210935,745.5384521484375,4990.63232421875,318.23260498046875,50.95038986206055,4523.00048828125,328.2245178222656,400.4968872070313,4508.69580078125,275.3955383300781,669.900634765625,4310.9169921875,268.0587158203125,820.3013916015625,4319.8583984375,248.6752166748047,-481.3524169921875,4419.91748046875,320.0150146484375,-559.5487060546875,4512.50537109375,282.4333190917969,-580.93115234375,4489.48583984375,187.76803588867188,-545.6891479492188,4443.599609375,322.74371337890625,-572.975341796875,4469.349609375,308.7069091796875,-526.0394897460938,4365.67626953125
242.26820373535156,41.75289535522461,4586.3505859375,244.0021514892578,-108.3661880493164,4539.84619140625,245.88626098632812,-229.2435760498047,4505.607421875,240.87013244628903,-416.31195068359375,4466.10693359375,212.0537567138672,-384.5224914550781,4470.95849609375,93.98385620117188,-351.8540344238281,4500.14208984375,66.69070434570312,-120.92204284667967,4572.1875,52.13816833496094,67.42769622802734,4650.041015625,51.69289779663086,130.89471435546875,4593.75830078125,124.24659729003906,117.36540222167967,4533.64013671875,105.272216796875,100.12899017333984,4546.68017578125,271.3028564453125,-385.8985290527344,4472.4970703125,379.5547180175781,-353.8514404296875,4498.51123046875,431.9501953125,-117.38729858398438,4552.06591796875,454.4948425292969,79.15145111083984,4612.7001953125,467.6857299804687,153.74679565429688,4561.669921875,386.1391906738281,138.0821533203125,4518.548828125,389.2171325683594,92.32231903076172,4527.93701171875,162.98886108398438,37.100101470947266,4598.4140625,198.93296813964844,339.9171447753906,4775.5859375,233.1853485107422,658.7659301757812,4879.33740234375,243.2860565185547,739.771728515625,5022.77099609375,313.7579040527344,45.94852066040039,4575.47216796875,328.699462890625,397.0632019042969,4550.818359375,277.93743896484375,642.8056030273438,4320.51708984375,268.8497314453125,793.7864990234375,4333.8681640625,238.6516265869141,-488.1728210449219,4463.00048828125,286.50286865234375,-595.2557983398438,4542.2626953125,244.4058837890625,-602.568359375,4517.65087890625,162.20501708984375,-537.0904541015625,4479.86181640625,285.7365417480469,-602.828369140625,4497.32421875,285.14910888671875,-539.4683837890625,4400.84765625
240.39483642578125,39.15293884277344,4611.7587890625,241.64437866210935,-109.17765045166016,4571.00732421875,242.3642120361328,-227.43991088867188,4537.275390625,236.6507568359375,-412.7755737304687,4511.54248046875,209.04129028320312,-382.2929992675781,4521.275390625,108.46903228759766,-353.57666015625,4586.49853515625,91.94542694091795,-122.89000701904295,4643.8330078125,77.63922119140625,70.80541229248047,4691.51025390625,63.69811248779297,128.35189819335938,4633.3046875,126.4979248046875,117.48529815673828,4565.341796875,107.41437530517578,99.42574310302734,4581.48583984375,265.6612548828125,-381.7566528320313,4508.58544921875,373.4020385742187,-346.6397399902344,4504.41650390625,409.3850708007813,-122.71112060546876,4591.0556640625,439.60888671875,64.17706298828125,4662.986328125,494.84033203125,115.4144058227539,4614.85693359375,441.81890869140625,88.31688690185547,4545.2763671875,452.0384521484375,42.7347297668457,4570.19970703125,163.82896423339844,33.823402404785156,4628.81005859375,210.3167724609375,335.0611877441406,4790.8359375,251.8275604248047,649.5947265625,4881.2666015625,270.607666015625,741.0551147460938,5013.08349609375,309.4376220703125,43.95882034301758,4596.38330078125,322.232666015625,385.15826416015625,4644.5556640625,291.57086181640625,588.1717529296875,4381.91650390625,276.35894775390625,729.4943237304688,4338.50537109375,237.0479736328125,-483.1911926269531,4513.1572265625,310.7417297363281,-565.6508178710938,4596.62744140625,283.2590637207031,-587.0554809570312,4563.2236328125,191.38619995117188,-561.0917358398438,4509.9892578125,322.247802734375,-566.6001586914062,4553.5361328125,311.6896667480469,-499.1801452636719,4463.50146484375
236.53794860839844,27.34119415283203,4652.6279296875,240.8491668701172,-121.96247863769533,4613.33203125,240.9669189453125,-238.34310913085935,4572.08447265625,230.3970184326172,-424.5350341796875,4548.70703125,204.41368103027344,-393.6020202636719,4561.6904296875,114.7388687133789,-359.16290283203125,4639.7158203125,91.804443359375,-125.0738525390625,4683.408203125,71.27111053466797,71.43619537353516,4719.17333984375,66.28579711914062,125.99274444580078,4656.34033203125,135.16635131835938,117.97071838378906,4593.55712890625,105.90705108642578,100.15675354003906,4610.79150390625,259.16888427734375,-393.6901245117187,4541.78955078125,364.7764587402344,-358.22491455078125,4518.3115234375,402.5784912109375,-137.99594116210938,4615.72265625,434.2301635742187,45.80219268798828,4696.72021484375,401.6893615722656,121.52263641357422,4661.16748046875,344.4633483886719,127.87853240966795,4589.4794921875,398.9202270507813,65.28901672363281,4604.58642578125,161.45217895507812,19.137073516845703,4675.5615234375,208.43295288085935,335.4638366699219,4809.14697265625,251.4233856201172,656.8484497070312,4876.75048828125,271.4388122558594,768.8829345703125,4992.2958984375,304.24609375,34.73921203613281,4631.94775390625,311.0037841796875,369.2793884277344,4720.79443359375,300.04150390625,580.7105712890625,4461.55810546875,291.6235046386719,710.310546875,4388.083984375,230.3997802734375,-495.2204895019531,4550.83935546875,301.6446533203125,-586.7102661132812,4627.6875,258.1418151855469,-600.605224609375,4611.48828125,165.27195739746094,-549.20068359375,4583.60546875,294.7923889160156,-598.4652709960938,4585.013671875,271.58892822265625,-546.1746215820312,4487.0703125
239.9622802734375,20.09621238708496,4679.970703125,241.0654296875,-131.1958770751953,4646.5390625,241.0596160888672,-250.0948028564453,4611.7939453125,222.7487640380859,-431.1472473144531,4562.41552734375,196.9312438964844,-399.9209899902344,4575.474609375,91.5269546508789,-362.3597412109375,4629.26513671875,76.5063247680664,-130.48155212402344,4689.33837890625,61.79753875732422,64.66409301757812,4737.0751953125,59.55987930297851,129.90333557128906,4684.7978515625,141.32411193847656,118.2911148071289,4640.22509765625,107.17121887207033,110.53675079345705,4639.06103515625,254.1962890625,-402.0353698730469,4563.9716796875,362.1077880859375,-369.9666137695313,4544.67724609375,416.8846130371094,-152.78607177734375,4642.8310546875,464.6109313964844,29.80455780029297,4720.24951171875,429.4700012207031,97.78803253173828,4672.796875,350.1438903808594,123.21589660644533,4633.17724609375,405.3518676757813,56.24462890625,4648.81591796875,161.22274780273438,17.729522705078125,4688.08251953125,207.1731719970703,334.25390625,4824.43017578125,257.3520202636719,657.5518798828125,4882.521484375,254.97752380371097,750.0760498046875,5016.33642578125,310.9651794433594,22.23036003112793,4672.65576171875,325.0884704589844,362.3968505859375,4741.33544921875,310.0276184082031,567.7936401367188,4476.12841796875,302.4903869628906,712.4277954101562,4438.27001953125,218.04298400878903,-501.5557861328125,4555.08544921875,284.3402099609375,-591.9494018554688,4638.2138671875,245.7765960693359,-608.5510864257812,4613.7119140625,153.95901489257812,-563.729736328125,4572.68798828125,286.1224670410156,-601.09326171875,4594.25634765625,274.70361328125,-543.7887573242188,4496.6123046875
240.46420288085935,6.945903301239014,4704.802734375,240.20265197753903,-144.3154754638672,4670.4462890625,237.4434509277344,-260.2038269042969,4626.40283203125,224.1195068359375,-445.8426818847656,4594.91357421875,197.6685485839844,-414.4222106933594,4606.2802734375,101.88652801513672,-375.113037109375,4675.0439453125,73.39562225341797,-141.16876220703125,4721.7939453125,47.72043991088867,55.29191970825195,4759.3349609375,46.11688995361328,122.30549621582033,4709.17626953125,133.9864501953125,125.0883331298828,4676.05029296875,107.639892578125,109.63506317138672,4673.37744140625,254.45550537109375,-415.5870666503906,4592.23046875,363.1310424804687,-382.0028381347656,4580.58251953125,426.1501770019531,-162.42510986328125,4668.59619140625,479.3158264160156,21.04920196533203,4740.79052734375,441.0985412597656,87.9880599975586,4694.0498046875,361.5128784179687,115.51689910888672,4656.15869140625,407.8626403808594,55.092254638671875,4676.20263671875,162.03720092773438,4.509478569030762,4716.12646484375,205.80935668945312,330.5903015136719,4829.740234375,250.8181915283203,655.9805297851562,4882.17822265625,260.83770751953125,740.3418579101562,5021.14990234375,311.185302734375,9.142934799194336,4694.5908203125,332.25286865234375,343.947265625,4785.99267578125,312.6656799316406,553.8303833007812,4524.15283203125,322.31829833984375,702.4330444335938,4507.36328125,221.8885498046875,-516.8280029296875,4594.37060546875,291.2545471191406,-608.6513061523438,4673.5908203125,253.7898712158203,-625.6336669921875,4647.58544921875,160.45236206054688,-582.7957763671875,4607.56298828125,294.0476379394531,-615.2796020507812,4629.18603515625,281.2818908691406,-553.2008056640625,4534.52880859375
236.44923400878903,2.5787763595581055,4730.2685546875,239.5100555419922,-148.6499481201172,4697.80712890625,240.0739288330078,-267.04217529296875,4662.041015625,223.3318634033203,-448.6684265136719,4615.41357421875,197.69761657714844,-418.0879821777344,4630.05029296875,102.34154510498048,-388.2083435058594,4703.40283203125,75.19615936279297,-154.48175048828125,4748.75732421875,50.62175369262695,41.82001876831055,4784.9794921875,57.14716720581055,106.90924835205078,4733.08447265625,141.1015625,119.86556243896484,4693.54638671875,106.3365478515625,105.74358367919922,4701.17431640625,253.9442138671875,-418.7484130859375,4614.51611328125,362.05084228515625,-387.0924377441406,4596.7490234375,429.646484375,-172.18856811523438,4690.88916015625,486.58551025390625,7.492229461669922,4768.04931640625,450.9310302734375,79.29383850097656,4727.3505859375,367.571044921875,106.6839370727539,4699.3642578125,407.23931884765625,52.9156379699707,4714.837890625,158.71890258789062,-1.9473587274551392,4744.025390625,206.71923828125,328.9720458984375,4837.3017578125,251.20591735839844,653.6530151367188,4888.998046875,263.8208923339844,724.7908325195312,5034.49853515625,306.5420837402344,6.660191535949707,4717.86328125,328.5207214355469,322.1775817871094,4860.0556640625,311.6019592285156,549.8033447265625,4614.49951171875,324.8083190917969,698.5118408203125,4621.603515625,220.07125854492188,-519.1303100585938,4608.93212890625,289.51531982421875,-604.9822998046875,4693.9189453125,252.69207763671875,-623.9208984375,4668.5986328125,159.52589416503906,-584.8973999023438,4625.21923828125,292.919189453125,-614.1185913085938,4650.12744140625,280.4960021972656,-557.9849243164062,4552.13330078125
233.89129638671875,-10.351686477661133,4758.833984375,240.10922241210935,-161.77670288085938,4723.890625,243.560546875,-279.948974609375,4685.37744140625,230.9451141357422,-462.693359375,4637.765625,204.31076049804688,-432.4193420410156,4651.90478515625,101.54191589355467,-395.7005310058594,4712.078125,72.98392486572266,-162.8457489013672,4766.84375,47.77660369873047,32.80599594116211,4811.20556640625,59.582061767578125,97.77122497558594,4759.369140625,137.04859924316406,120.26019287109376,4710.72216796875,107.1830062866211,98.70133972167967,4729.43798828125,261.223876953125,-432.10052490234375,4637.66943359375,366.67236328125,-392.97760009765625,4615.44482421875,427.86322021484375,-185.36251831054688,4731.22265625,478.6434326171875,-12.42654037475586,4828.3779296875,456.9316711425781,64.03300476074219,4785.341796875,404.9714965820313,122.51638793945312,4735.814453125,421.9623107910156,46.06207275390625,4761.80029296875,155.2003631591797,-15.845797538757324,4768.64013671875,206.79833984375,321.4836120605469,4841.76806640625,252.8565216064453,649.4141845703125,4881.60302734375,285.8442077636719,729.5648193359375,5020.0234375,304.8503723144531,-5.39740514755249,4749.9912109375,329.0805969238281,308.3458251953125,4900.048828125,299.3900146484375,564.4441528320312,4682.95068359375,320.6343688964844,710.76171875,4709.74365234375,229.0172576904297,-533.56103515625,4631.0390625,310.419189453125,-618.901123046875,4706.63232421875,273.3023376464844,-639.274169921875,4682.37890625,174.35897827148438,-604.97998046875,4647.05322265625,311.6080017089844,-625.311279296875,4662.00244140625,288.5824890136719,-564.5686645507812,4568.0537109375
233.5603790283203,-11.963895797729492,4771.31884765625,237.1962127685547,-163.89804077148438,4742.49560546875,239.0908660888672,-281.2870178222656,4703.6474609375,225.87440490722656,-461.8279724121094,4652.0234375,199.26942443847656,-431.6130065917969,4665.6376953125,97.57949829101562,-397.6034851074219,4727.8095703125,83.39505004882812,-165.89820861816406,4787.14697265625,71.46488189697266,28.581470489501953,4836.91455078125,67.59150695800781,97.67365264892578,4790.20263671875,139.3047332763672,120.56910705566406,4734.43017578125,107.7439422607422,99.59244537353516,4748.9267578125,256.4006652832031,-431.86480712890625,4653.7783203125,363.8710021972656,-397.0686645507813,4638.2431640625,438.8493957519531,-191.4377899169922,4746.39306640625,463.6454162597656,-71.53254699707031,4909.119140625,479.48773193359375,15.125252723693848,4891.20849609375,441.47845458984375,77.13538360595703,4834.72412109375,398.0005798339844,-2.6399717330932617,4840.4755859375,154.6676025390625,-14.677434921264648,4775.6708984375,202.4180603027344,319.62371826171875,4855.9736328125,251.40362548828125,647.4489135742188,4869.25341796875,256.9287109375,713.237060546875,5017.66455078125,304.70147705078125,-9.516977310180664,4767.39453125,325.8583679199219,292.54840087890625,4936.3193359375,318.79864501953125,571.2012939453125,4750.10595703125,323.86944580078125,695.8695678710938,4832.36328125,223.22132873535156,-532.123779296875,4643.78466796875,317.3601379394531,-615.04736328125,4704.39111328125,272.91064453125,-633.3034057617188,4697.5947265625,171.65151977539062,-591.311767578125,4689.521484375,302.96966552734375,-628.3189697265625,4664.029296875,255.0664825439453,-580.4472045898438,4572.82080078125
226.84326171875,-7.497166156768799,4802.87353515625,234.5060882568359,-159.51193237304688,4772.07861328125,239.87171936035156,-276.18865966796875,4730.00048828125,232.21253967285156,-458.79632568359375,4681.9560546875,204.14393615722656,-427.8175354003906,4690.48388671875,87.4586410522461,-395.00091552734375,4718.60693359375,59.66667938232422,-157.5526885986328,4745.16748046875,68.14269256591797,16.2724552154541,4847.49755859375,90.7057647705078,82.38025665283203,4801.17236328125,151.3504638671875,113.71807861328124,4736.46875,112.46776580810548,85.6558609008789,4763.83984375,262.63677978515625,-428.9596557617187,4687.54443359375,372.6561584472656,-397.6335754394531,4683.2646484375,423.4641723632813,-172.51060485839844,4765.7734375,441.39703369140625,-4.352659225463867,4880.65673828125,423.287841796875,77.82595825195312,4848.046875,391.1657409667969,146.34219360351562,4794.9365234375,408.43316650390625,25.872936248779297,4789.67041015625,147.63006591796875,-11.939042091369627,4805.08935546875,200.4153289794922,324.3327941894531,4879.68994140625,249.6838531494141,653.6337280273438,4886.126953125,259.4656677246094,731.5950317382812,5029.0166015625,298.2732849121094,-3.4917314052581787,4800.87548828125,319.5754699707031,285.3428039550781,4993.98193359375,323.45196533203125,570.25244140625,4814.91455078125,330.5712585449219,710.2274780273438,4868.44580078125,229.87779235839844,-529.5582275390625,4675.39501953125,335.6724853515625,-599.0675659179688,4734.890625,292.443115234375,-621.4852294921875,4733.353515625,187.15708923339844,-588.5944213867188,4730.24853515625,319.42108154296875,-617.1112670898438,4696.9638671875,260.4906921386719,-581.5432739257812,4606.03125
221.50961303710935,-18.55512046813965,4832.24462890625,226.4743194580078,-170.62255859375,4794.17724609375,231.34910583496097,-288.82366943359375,4752.63134765625,215.42483520507812,-472.9276123046875,4704.88671875,188.50628662109375,-440.1639099121094,4712.544921875,72.19715118408203,-398.3640747070313,4735.30810546875,24.570722579956055,-167.27679443359375,4677.44580078125,68.61011505126953,-35.534263610839844,4826.70703125,101.58634948730467,38.31668472290039,4801.71533203125,152.42225646972656,104.54956817626952,4756.41259765625,112.63115692138672,40.882911682128906,4753.49169921875,247.5022430419922,-444.3800964355469,4711.22265625,361.3923034667969,-424.4991455078125,4711.1796875,444.2142333984375,-200.01144409179688,4774.56494140625,410.4857177734375,-25.61993980407715,4879.84326171875,392.1654968261719,47.73539352416992,4828.9404296875,365.9080200195313,111.84817504882812,4766.34521484375,358.4134521484375,11.291670799255373,4788.8466796875,141.6435089111328,-19.46402359008789,4825.458984375,194.3648681640625,322.30938720703125,4890.822265625,248.3662872314453,654.2720336914062,4887.27392578125,250.1758270263672,732.7201538085938,5032.0703125,293.5284118652344,-17.73552131652832,4838.36279296875,307.1331481933594,262.32232666015625,5050.44091796875,332.4553527832031,593.1182861328125,4976.59375,352.4303894042969,695.1185913085938,5086.8515625,209.55816650390625,-544.2206420898438,4698.57568359375,283.02288818359375,-630.8292236328125,4782.58251953125,245.9595642089844,-650.5629272460938,4756.92919921875,150.0937042236328,-612.7488403320312,4714.5009765625,286.2882080078125,-639.2459716796875,4738.0048828125,271.2664794921875,-581.0151977539062,4639.76806640625
224.5155792236328,-29.18477249145508,4853.56396484375,230.34768676757812,-182.00146484375,4819.2060546875,236.46575927734375,-298.5877990722656,4773.68994140625,219.27589416503903,-479.7939147949219,4716.6767578125,192.6784515380859,-446.8729248046875,4724.62451171875,75.1808853149414,-403.2854614257813,4732.8603515625,56.542625427246094,-187.2047119140625,4623.7490234375,99.14163208007812,-66.4000015258789,4782.22216796875,110.30646514892578,16.270360946655273,4796.29150390625,154.610107421875,88.12443542480469,4752.85986328125,116.83013153076172,42.57609176635742,4745.74853515625,251.5430145263672,-452.2776184082031,4725.80859375,366.54290771484375,-441.1309509277344,4725.365234375,466.7293090820313,-231.41896057128903,4810.0908203125,405.0872192382813,-82.45386505126953,4938.89208984375,430.8058471679687,1.898929476737976,4916.07861328125,395.9539794921875,-22.381183624267575,4832.99462890625,377.278564453125,-41.28831100463867,4830.58544921875,144.71841430664062,-30.679433822631836,4846.66650390625,196.25254821777344,314.35699462890625,4891.3828125,247.6630096435547,646.5220947265625,4888.35009765625,251.6877288818359,733.789306640625,5027.8408203125,296.4721984863281,-27.83696746826172,4859.78369140625,299.34075927734375,255.93348693847656,5066.919921875,337.2298889160156,591.4028930664062,5029.50048828125,345.2916259765625,711.5924072265625,5121.263671875,212.3495330810547,-550.5333862304688,4706.75634765625,272.0689392089844,-628.9615478515625,4807.81494140625,238.0281982421875,-650.686767578125,4779.75439453125,149.4696502685547,-616.08056640625,4721.74951171875,280.7053527832031,-642.0203247070312,4765.142578125,279.89532470703125,-594.1590576171875,4660.45751953125
223.68458557128903,-29.07697868347168,4867.60986328125,230.19903564453125,-180.37506103515625,4835.2978515625,237.07476806640625,-296.25714111328125,4792.3017578125,224.7946624755859,-478.2052001953125,4744.8427734375,197.61558532714844,-446.3311767578125,4752.2724609375,81.175537109375,-409.5196228027344,4774.2119140625,15.355646133422852,-210.4952850341797,4657.65478515625,89.5008316040039,-99.93440246582033,4808.6650390625,111.73477935791016,-19.72484588623047,4816.23193359375,137.04510498046875,59.9128303527832,4773.65234375,113.1555633544922,12.761786460876465,4781.13818359375,255.93283081054688,-449.4859313964844,4751.33447265625,369.4053649902344,-437.53521728515625,4754.51513671875,473.007568359375,-234.8932342529297,4843.55810546875,407.9235534667969,-72.15133666992188,4947.6591796875,400.18316650390625,3.449082374572754,4899.4638671875,355.6749267578125,-4.872933864593506,4819.1650390625,369.6866455078125,-56.9890022277832,4844.70458984375,144.97988891601562,-30.728376388549805,4859.474609375,189.6405792236328,310.2797546386719,4909.01904296875,242.33888244628903,637.3997802734375,4886.90869140625,243.0369873046875,739.7759399414062,5013.232421875,294.65606689453125,-27.587841033935547,4874.94580078125,287.432373046875,258.65216064453125,5071.1357421875,336.4552917480469,589.3296508789062,5100.375,343.0852966308594,683.5687255859375,5216.373046875,220.25880432128903,-548.6742553710938,4738.48876953125,269.6197204589844,-610.9282836914062,4853.11767578125,241.32150268554688,-637.5130004882812,4823.91845703125,160.53323364257812,-615.8310546875,4752.43359375,284.481689453125,-627.4935302734375,4814.11474609375,294.9087219238281,-591.390625,4706.783203125
228.28225708007812,-28.409448623657227,4888.0126953125,232.68142700195312,-178.29457092285156,4857.962890625,239.0098876953125,-293.2885437011719,4816.92578125,225.0106964111328,-471.8909912109375,4766.52685546875,198.71095275878903,-439.5636901855469,4771.87646484375,82.74200439453125,-399.97509765625,4772.02880859375,15.79462718963623,-194.2001953125,4675.65283203125,52.61043548583984,-82.1507797241211,4835.70947265625,102.8754425048828,-17.778522491455078,4823.75048828125,142.10569763183594,58.94248962402344,4789.775390625,113.28621673583984,10.65811538696289,4789.373046875,256.01263427734375,-444.7132263183594,4776.09716796875,367.9657287597656,-435.7459716796875,4785.82275390625,476.7579956054687,-242.4283447265625,4880.951171875,417.2796325683594,-86.2978515625,4993.29638671875,416.6785888671875,-7.656246185302734,4951.89453125,375.6820373535156,-9.36745262145996,4870.62060546875,367.8318481445313,-61.61860275268555,4892.3759765625,151.15403747558594,-28.13365936279297,4875.34619140625,191.3903656005859,310.9681701660156,4909.36376953125,232.0051727294922,636.2736206054688,4899.978515625,235.9722900390625,735.9281005859375,5025.84375,297.8321533203125,-28.65814208984375,4899.43505859375,298.2185363769531,252.7930450439453,5095.1337890625,320.9901123046875,575.6890869140625,5166.23779296875,330.2975769042969,669.1674194335938,5280.27880859375,218.72952270507812,-541.208251953125,4758.85546875,259.7913818359375,-635.4487915039062,4850.5400390625,228.27981567382812,-649.603271484375,4817.24267578125,151.45323181152344,-600.716796875,4757.93896484375,271.75872802734375,-643.10107421875,4808.5263671875,285.7782287597656,-583.0225830078125,4714.6748046875
229.3018493652344,-27.99709129333496,4900.12255859375,234.2622833251953,-174.34539794921875,4871.2939453125,239.3238983154297,-286.70123291015625,4831.46875,232.14520263671875,-462.0089416503906,4784.560546875,205.16941833496097,-431.856689453125,4791.22265625,88.07230377197266,-417.7990112304687,4811.0029296875,-64.663818359375,-278.56658935546875,4707.43603515625,64.5057373046875,-256.721435546875,4850.5556640625,91.7280502319336,-181.5508728027344,4860.40771484375,144.544677734375,-110.47628021240234,4878.55859375,78.27687072753906,-138.96054077148438,4823.1064453125,261.43096923828125,-433.7717590332031,4791.70263671875,371.2408447265625,-429.7859191894531,4797.07666015625,469.33013916015625,-250.55238342285156,4914.2734375,371.3963012695313,-126.40399932861328,5030.89404296875,375.1519775390625,-42.86194610595703,5007.89013671875,360.3698425292969,-17.85943031311035,4923.9228515625,358.5044860839844,-76.97866821289062,4933.48779296875,153.23043823242188,-29.513975143432617,4894.73388671875,187.04702758789065,302.69122314453125,4920.25244140625,218.7274932861328,620.4482421875,4898.73046875,217.36831665039065,721.2772216796875,5018.6953125,297.8988037109375,-26.629249572753903,4904.98193359375,291.2667236328125,236.1555023193359,5111.8974609375,290.7510070800781,558.9915161132812,5131.37841796875,290.1874694824219,654.9867553710938,5238.96337890625,229.28968811035156,-529.96630859375,4777.986328125,228.9030303955078,-622.4325561523438,4875.5537109375,203.9774169921875,-631.907958984375,4837.06591796875,155.0520477294922,-574.0555419921875,4762.86376953125,247.616943359375,-634.4895629882812,4838.4375,292.9354248046875,-585.2774047851562,4751.619140625
231.9261932373047,-40.662933349609375,4913.06884765625,229.02259826660156,-183.6747589111328,4890.669921875,228.7199554443359,-294.1440124511719,4856.1142578125,228.99916076660156,-461.8135070800781,4801.984375,201.8642120361328,-433.1919250488281,4807.1591796875,89.78509521484375,-403.6547546386719,4802.18798828125,-46.20294189453125,-225.8609161376953,4788.361328125,-38.9726676940918,-151.12876892089844,4960.96630859375,32.426414489746094,-142.49742126464844,4991.53564453125,87.56009674072266,-111.98231506347656,4930.55322265625,29.35570526123047,-143.5037841796875,4876.8193359375,256.1410827636719,-434.5030212402344,4813.07666015625,360.4678649902344,-414.9557189941406,4824.2314453125,477.9548950195313,-224.4141387939453,4870.1259765625,427.0029602050781,-134.7542724609375,5030.4287109375,393.3943786621094,-58.32406234741211,5020.00439453125,333.1691589355469,-25.04970932006836,4968.0888671875,367.9249572753906,-89.19478607177734,4962.3056640625,158.4435577392578,-37.87675857543945,4904.80517578125,171.73165893554688,284.4316711425781,4943.46240234375,195.4959259033203,588.9606323242188,4887.74609375,192.7728576660156,699.2227783203125,4992.384765625,298.188720703125,-43.175350189208984,4920.5205078125,243.08848571777344,275.6774597167969,4945.4892578125,251.1117401123047,584.8161010742188,4892.43359375,216.28126525878903,680.2138061523438,4988.623046875,227.90020751953125,-527.3687744140625,4792.185546875,218.297607421875,-635.3009643554688,4864.74072265625,192.94825744628903,-633.3294677734375,4827.099609375,151.45420837402344,-557.8720703125,4770.80615234375,234.7516632080078,-640.571044921875,4826.47314453125,283.0853271484375,-580.2752685546875,4753.43701171875
230.2888946533203,-42.11881637573242,4928.53369140625,229.4931640625,-184.26405334472656,4909.2119140625,230.66409301757812,-294.2843322753906,4876.85791015625,229.8418884277344,-464.85699462890625,4839.71142578125,202.93896484375,-436.354736328125,4843.8583984375,92.7356948852539,-416.2408447265625,4869.6162109375,-87.20138549804688,-307.25531005859375,4941.16845703125,-88.15577697753906,-228.53758239746097,5110.2373046875,-32.146244049072266,-176.8394775390625,5123.8525390625,-16.635921478271484,-121.92694854736328,5058.33056640625,-37.558631896972656,-188.62599182128903,5017.60791015625,257.0007629394531,-436.6315002441406,4846.1875,360.68011474609375,-420.4660949707031,4859.287109375,454.3588562011719,-218.3556976318359,4899.74072265625,405.945068359375,-147.46546936035156,5067.96240234375,382.5516357421875,-67.44648742675781,5067.7470703125,326.1717834472656,-39.38496017456055,5010.0625,368.0935668945313,-102.33647918701172,4994.705078125,157.36764526367188,-40.69271087646485,4921.044921875,163.3356170654297,279.668212890625,4951.97802734375,177.41615295410156,583.9777221679688,4909.06396484375,124.68771362304688,636.4451293945312,5040.05517578125,296.0451965332031,-43.40480422973633,4935.2861328125,236.2393798828125,272.1185607910156,4951.68701171875,247.04725646972656,577.1425170898438,4892.61474609375,206.5250244140625,666.8838500976562,4990.14892578125,229.07118225097656,-530.4552612304688,4836.44970703125,182.9397125244141,-613.2443237304688,4924.27197265625,177.93084716796875,-624.3829345703125,4880.95361328125,170.3748779296875,-572.8297729492188,4793.33984375,214.6316375732422,-627.2657470703125,4901.255859375,292.9808349609375,-585.8213500976562,4844.30908203125
224.92686462402344,-54.91365432739258,4953.3330078125,224.68641662597656,-197.51646423339844,4938.0087890625,227.9245147705078,-308.42388916015625,4909.09326171875,233.72625732421875,-473.6958312988281,4853.2890625,205.7119140625,-447.0711975097656,4860.97119140625,93.94210052490234,-426.7121276855469,4878.29638671875,-40.42825698852539,-350.5174560546875,5037.9609375,-54.78510284423828,-321.1318054199219,5221.52880859375,-31.431306838989254,-251.73240661621097,5246.6474609375,-64.32427978515625,-199.8294677734375,5185.2470703125,0.7126145362854004,-307.1368103027344,5136.77197265625,259.75933837890625,-445.1659240722656,4862.44775390625,362.2870788574219,-420.3354797363281,4869.453125,435.9583435058594,-216.24163818359375,4933.9296875,415.471923828125,-161.9460906982422,5113.609375,389.5514526367187,-85.69625854492188,5135.09130859375,350.4079284667969,-59.396270751953125,5063.9111328125,372.1298522949219,-117.2126235961914,5033.896484375,153.0870819091797,-53.23689651489258,4938.8564453125,164.5869598388672,267.57037353515625,4961.876953125,202.53663635253903,569.1775512695312,4915.0068359375,151.4815673828125,654.9852905273438,5027.75634765625,289.70794677734375,-56.4256591796875,4966.38671875,232.3296356201172,259.900390625,4964.8994140625,229.89744567871097,564.4739379882812,4902.98193359375,176.31796264648438,658.6067504882812,4989.40234375,235.72203063964844,-538.4898071289062,4842.787109375,174.39988708496094,-620.7711791992188,4921.2548828125,180.16864013671875,-633.6199340820312,4878.51904296875,190.8003845214844,-585.5570678710938,4789.2802734375,211.2101593017578,-633.7207641601562,4906.85791015625,298.5911865234375,-589.8112182617188,4867.7294921875
219.69781494140625,-63.451141357421875,4977.638671875,219.68890380859375,-207.85939025878903,4955.86865234375,223.11538696289065,-319.60369873046875,4922.21630859375,237.5207366943359,-487.8607482910156,4866.8447265625,208.3936309814453,-460.365478515625,4869.181640625,94.0102081298828,-437.4745178222656,4859.92041015625,-55.981597900390625,-328.69775390625,4989.6923828125,-42.903228759765625,-352.6358642578125,5177.58203125,-41.03753662109375,-290.68487548828125,5226.28271484375,-74.72929382324219,-212.4507751464844,5202.45068359375,17.712160110473633,-298.3912353515625,5111.66552734375,262.1427917480469,-459.2015686035156,4881.19580078125,356.1976623535156,-436.0641174316406,4928.1787109375,427.9187927246094,-234.43048095703125,5013.765625,378.9456176757813,-168.78860473632812,5187.71337890625,361.0505065917969,-87.3019027709961,5203.29541015625,387.7535400390625,-58.204959869384766,5125.8408203125,377.6722106933594,-126.33517456054688,5083.85107421875,146.60165405273438,-61.19546127319336,4962.70556640625,163.79837036132812,265.51025390625,4981.68017578125,203.06919860839844,571.2127685546875,4926.0908203125,145.1326141357422,657.6058959960938,5038.77001953125,285.61187744140625,-65.48518371582031,4991.10400390625,236.11163330078125,257.7760925292969,4976.50146484375,214.62405395507812,567.5888671875,4915.548828125,144.8197784423828,649.9232177734375,5006.40869140625,240.6728057861328,-553.8404541015625,4856.45166015625,174.6499481201172,-624.6488037109375,4945.498046875,183.09814453125,-644.5347290039062,4905.0947265625,198.55197143554688,-610.860595703125,4808.16064453125,213.02682495117188,-639.3357543945312,4935.24365234375,303.6641845703125,-600.0401611328125,4893.48681640625
217.19171142578125,-65.58989715576172,5000.6416015625,217.97308349609375,-208.2813720703125,4976.875,222.2521820068359,-318.1875305175781,4941.14208984375,239.5633087158203,-485.0177307128906,4887.68505859375,210.315673828125,-458.1624450683594,4889.39306640625,96.7219009399414,-437.61431884765625,4878.91064453125,-84.77717590332031,-337.0174560546875,4963.4453125,-76.35557556152344,-376.360107421875,5147.15576171875,-60.69047164916992,-322.0224609375,5200.99169921875,-67.60818481445312,-234.6807861328125,5200.83203125,7.3213090896606445,-304.66827392578125,5116.673828125,263.3587951660156,-456.202880859375,4902.048828125,356.4431457519531,-426.0555725097656,4944.4443359375,432.4918518066406,-221.38047790527344,5011.15380859375,376.1248474121094,-195.24252319335935,5191.17822265625,350.5682067871094,-119.96702575683594,5218.5283203125,389.79248046875,-73.76133728027344,5157.3466796875,375.054931640625,-131.96226501464844,5094.78662109375,144.880859375,-63.4443244934082,4985.3828125,163.74134826660156,260.31817626953125,4999.29736328125,200.6610412597656,560.466796875,4930.09912109375,150.5221405029297,651.3798217773438,5040.984375,282.3975830078125,-67.524658203125,5014.4013671875,236.7674865722656,252.64620971679688,4990.87890625,212.0608062744141,559.1077880859375,4929.66650390625,155.99551391601562,644.9021606445312,5024.68505859375,243.71693420410156,-550.3944091796875,4877.8994140625,171.31736755371094,-628.1668701171875,4953.306640625,184.0394744873047,-644.5048828125,4912.92138671875,208.1486053466797,-603.4121704101562,4821.8369140625,210.4476318359375,-641.3732299804688,4945.93701171875,303.0790710449219,-598.1351928710938,4917.017578125
216.9732208251953,-65.81742095947266,5007.41064453125,217.8491973876953,-209.22311401367188,4983.18212890625,222.0120086669922,-319.9981689453125,4948.09765625,239.17349243164065,-489.4171142578125,4899.8486328125,209.9282989501953,-462.191650390625,4900.2314453125,96.3030242919922,-439.6145324707031,4887.55322265625,-75.7139663696289,-321.9260559082031,4973.05810546875,-37.19076919555664,-372.74505615234375,5151.06005859375,-3.654712915420532,-326.0151672363281,5204.482421875,14.510560989379885,-243.5715179443359,5179.330078125,68.31307983398438,-364.21728515625,5123.138671875,263.0481262207031,-460.1656188964844,4913.7958984375,353.79248046875,-429.4080810546875,4961.89501953125,425.13568115234375,-230.91473388671875,5052.45166015625,357.404052734375,-220.4045257568359,5231.23681640625,325.6695861816406,-146.7012481689453,5257.7861328125,381.0277404785156,-100.6869888305664,5209.669921875,370.3846435546875,-152.2879638671875,5136.6474609375,144.3011474609375,-63.64639663696289,4991.93310546875,165.7679901123047,261.4360656738281,5011.25390625,209.69906616210935,563.4713134765625,4947.00634765625,167.1089324951172,659.2379150390625,5058.0888671875,282.50482177734375,-67.77513122558594,5021.3671875,236.77346801757812,254.3673858642578,5000.96044921875,214.3963165283203,562.358154296875,4937.86181640625,152.66822814941406,645.1004028320312,5033.18994140625,243.0655975341797,-555.4446411132812,4892.111328125,163.13156127929688,-627.595458984375,4966.71142578125,177.68276977539062,-646.277099609375,4927.70703125,208.7640686035156,-610.0191040039062,4836.0556640625,202.33021545410156,-642.5206909179688,4962.27734375,298.53704833984375,-603.5951538085938,4937.02392578125
208.5425720214844,-67.20921325683594,5028.42919921875,210.79478454589844,-215.4305725097656,5011.2216796875,217.2434234619141,-330.58013916015625,4980.681640625,249.7188720703125,-503.0517578125,4933.9970703125,220.24267578125,-475.4010009765625,4927.0966796875,119.65170288085938,-451.7560119628906,4866.92041015625,-58.802040100097656,-334.08807373046875,4954.90771484375,-55.70750427246094,-394.9366455078125,5139.1044921875,-14.776986122131348,-355.4225769042969,5196.1240234375,3.1915512084960938,-267.4581604003906,5185.68310546875,58.21526718139648,-364.841796875,5126.45361328125,269.18603515625,-473.1627197265625,4954.8173828125,348.8179931640625,-441.41253662109375,5023.7529296875,408.7217102050781,-251.3885498046875,5149.3583984375,319.6626281738281,-191.3056640625,5313.8515625,281.3881530761719,-113.6353988647461,5308.95068359375,357.4781494140625,-102.46304321289062,5264.46923828125,349.95672607421875,-166.7270050048828,5200.82080078125,134.98402404785156,-65.99030303955078,5008.30126953125,170.73233032226562,264.54522705078125,5048.4169921875,242.6431427001953,559.3818359375,4946.8115234375,216.66683959960935,667.400146484375,5057.32958984375,274.8735656738281,-68.30835723876953,5046.5791015625,222.35812377929688,261.92059326171875,5037.0556640625,225.0038146972656,571.609619140625,4943.9130859375,173.50318908691406,659.7894287109375,5045.69384765625,256.6410827636719,-570.5595092773438,4926.01171875,143.736572265625,-626.2374877929688,4973.125,171.5855712890625,-653.3079833984375,4946.97705078125,242.32339477539065,-636.2960205078125,4869.82861328125,180.6149444580078,-642.8853759765625,4988.48046875,284.8211975097656,-610.7588500976562,4999.45751953125
210.10545349121097,-59.31919860839844,5045.2490234375,211.104736328125,-208.80577087402344,5028.93505859375,217.07073974609375,-325.1779479980469,4999.3603515625,248.7134704589844,-501.9359130859375,4964.10009765625,219.1075439453125,-474.4595642089844,4955.41455078125,115.84595489501952,-459.6088562011719,4895.12109375,-81.34127044677734,-341.7879943847656,4933.732421875,-73.83434295654297,-396.44189453125,5121.2861328125,-33.585323333740234,-358.71295166015625,5180.81982421875,5.122132778167725,-276.36065673828125,5184.71240234375,44.91339492797851,-366.6733703613281,5126.306640625,268.5855407714844,-470.5602111816406,4982.8798828125,358.26129150390625,-432.2210998535156,5035.568359375,428.63232421875,-245.16802978515625,5163.5791015625,335.4873962402344,-213.4794158935547,5335.373046875,283.0215759277344,-143.6082000732422,5337.01513671875,350.2427062988281,-106.52643585205078,5290.962890625,345.57452392578125,-171.62850952148438,5220.44384765625,136.66656494140625,-57.346004486083984,5022.669921875,169.97560119628906,275.500732421875,5067.05322265625,288.41522216796875,563.9803466796875,4984.88916015625,250.76919555664065,696.8312377929688,5061.4931640625,276.3284912109375,-61.0985107421875,5065.609375,216.25128173828125,270.5167236328125,5059.01953125,250.42819213867188,585.08984375,4981.080078125,172.66395568847656,672.3258666992188,5067.39208984375,255.3211975097656,-570.3858032226562,4960.66943359375,141.2471466064453,-630.4375610351562,5002.21484375,172.32638549804688,-657.1423950195312,4978.83154296875,247.99627685546875,-639.0408935546875,4905.5888671875,177.9755096435547,-644.8663330078125,5020.77880859375,280.3246765136719,-607.0510864257812,5037.83740234375
208.5943298339844,-54.01251220703125,5060.5966796875,209.1604156494141,-203.46676635742188,5045.7568359375,216.2545928955078,-320.0423889160156,5017.89013671875,245.36102294921875,-497.8927307128906,4987.4482421875,217.6126708984375,-469.6632690429687,4975.796875,123.79362487792967,-454.6917114257813,4901.92822265625,-70.71288299560547,-327.9073791503906,4916.5341796875,-84.38146209716797,-389.5167236328125,5101.30908203125,-48.06001663208008,-358.28204345703125,5166.7041015625,2.196371555328369,-283.87689208984375,5181.29345703125,34.98683166503906,-366.7300720214844,5123.92431640625,264.3676452636719,-466.9515380859375,5007.67529296875,352.2052307128906,-433.6992492675781,5066.2919921875,422.3193359375,-250.71775817871097,5199.66845703125,310.61199951171875,-220.12982177734375,5359.92333984375,262.9920654296875,-146.99130249023438,5358.72412109375,337.507568359375,-112.52997589111328,5323.30517578125,335.5071716308594,-177.65478515625,5247.86572265625,137.57073974609375,-51.40190124511719,5031.5947265625,180.0008544921875,278.5511474609375,5085.5732421875,314.76812744140625,566.7232055664062,5035.22265625,290.4124450683594,699.9454345703125,5116.0390625,272.6394348144531,-56.36661148071289,5086.74853515625,213.12889099121097,274.82696533203125,5076.359375,256.83148193359375,583.8099365234375,4983.8701171875,198.07701110839844,686.3649291992188,5068.04248046875,250.07278442382812,-566.4653930664062,4985.30078125,126.10205841064452,-616.7311401367188,5005.40234375,160.27935791015625,-647.4175415039062,4994.88818359375,252.3995056152344,-642.828125,4941.19921875,156.20838928222656,-628.6958618164062,5034.5146484375,253.1996612548828,-590.7059936523438,5070.7841796875
216.00579833984375,-64.09980010986328,5075.86181640625,207.9709320068359,-213.80645751953125,5056.3310546875,208.87071228027344,-332.0937194824219,5031.50341796875,230.30642700195312,-513.32763671875,5008.15576171875,210.22314453125,-482.59521484375,4988.7255859375,144.65692138671875,-449.5616760253906,4892.36328125,-10.504648208618164,-275.6881103515625,4869.22509765625,-102.8938980102539,-318.4991760253906,5037.345703125,-71.29271697998047,-328.0978088378906,5111.966796875,-4.182800769805908,-299.72955322265625,5167.43359375,-1.2945160865783691,-354.807861328125,5100.2392578125,244.6511077880859,-483.8645324707031,5034.17333984375,296.2049255371094,-459.5481262207031,5129.94140625,327.8805236816406,-275.5249328613281,5278.4990234375,193.98529052734375,-186.59559631347656,5395.89208984375,193.76182556152344,-98.79159545898438,5392.66845703125,283.29022216796875,-107.9580307006836,5391.27001953125,277.82305908203125,-172.392578125,5308.4423828125,155.27447509765625,-54.72846603393555,5029.013671875,178.73095703125,276.6407775878906,5097.88134765625,344.71588134765625,554.3582153320312,5076.74462890625,315.79095458984375,696.211669921875,5141.90234375,270.7698974609375,-72.55034637451172,5118.107421875,218.0754547119141,261.4072265625,5094.72900390625,223.4937286376953,582.1454467773438,5028.05224609375,168.04266357421875,671.0546264648438,5129.81591796875,229.30972290039065,-582.5184326171875,5006.2177734375,125.9275360107422,-667.632568359375,5030.943359375,162.97103881835938,-685.002197265625,5006.94384765625,238.2870330810547,-643.6582641601562,4942.44677734375,163.81187438964844,-677.6226806640625,5050.62451171875,256.5235595703125,-624.3388671875,5080.51904296875
225.5896453857422,-64.253173828125,5081.93017578125,220.52256774902344,-215.75067138671875,5064.44775390625,221.4362640380859,-336.2042541503906,5045.19580078125,246.06613159179688,-519.8394775390625,5032.91650390625,227.65591430664065,-490.005859375,5009.92919921875,173.71348571777344,-462.3070983886719,4903.76123046875,8.396119117736816,-300.7164611816406,4854.56640625,10.752769470214844,-400.5603637695313,5025.962890625,85.13479614257812,-405.46478271484375,5060.9775390625,90.67594909667967,-317.86236572265625,5032.06396484375,79.10539245605469,-386.5545349121094,4935.37109375,257.7972106933594,-488.724609375,5058.94677734375,310.0325622558594,-461.2151489257813,5154.6865234375,352.3749694824219,-278.77001953125,5306.06689453125,166.75718688964844,-234.2555999755859,5368.66162109375,151.9857177734375,-146.94183349609375,5373.302734375,230.41091918945312,-132.70872497558594,5416.87744140625,265.2591857910156,-179.0576934814453,5313.77294921875,168.59442138671875,-56.27384567260742,5029.30224609375,184.92337036132812,277.2520446777344,5105.0048828125,264.24090576171875,592.8167114257812,5139.72705078125,241.02256774902344,689.0297241210938,5265.73046875,276.9847412109375,-71.448486328125,5129.38720703125,225.3474273681641,265.0979309082031,5096.90771484375,303.26275634765625,571.6526489257812,5000.49169921875,257.80755615234375,686.2654418945312,5081.2978515625,245.5652008056641,-589.6885986328125,5034.33203125,127.67359924316406,-647.369140625,5075.1083984375,158.52508544921875,-675.2191772460938,5051.353515625,236.3809051513672,-658.579345703125,4977.74853515625,164.3303680419922,-663.33251953125,5094.06982421875,269.1958312988281,-628.3706665039062,5112.46240234375
210.93069458007812,-64.0313491821289,5104.4208984375,204.49754333496097,-216.15716552734375,5088.3544921875,201.9390869140625,-337.66656494140625,5073.8251953125,232.2072601318359,-521.4351196289062,5079.08837890625,223.66238403320312,-492.7351989746094,5049.546875,199.9364776611328,-467.7106018066406,4931.81201171875,71.90726470947266,-313.1233215332031,4805.50146484375,60.58828353881836,-437.9565734863281,4960.12451171875,111.60993194580078,-486.5261535644531,5003.33154296875,112.54532623291016,-404.8753356933594,4959.3828125,138.59039306640625,-459.3169860839844,4880.2587890625,232.49082946777344,-489.13043212890625,5106.50732421875,224.0656890869141,-470.6420593261719,5217.525390625,127.4867935180664,-354.1433410644531,5405.91796875,83.5378646850586,-458.88031005859375,5239.4013671875,143.47561645507812,-465.939208984375,5174.01953125,97.67150115966795,-439.5454406738281,5248.2724609375,170.52513122558594,-458.5559997558594,5319.41650390625,168.210205078125,-55.36129379272461,5039.435546875,209.632080078125,273.8456115722656,5128.56884765625,343.0181884765625,570.5485229492188,5173.119140625,309.8541259765625,697.3515014648438,5266.228515625,249.45362854003903,-71.84951782226562,5163.021484375,216.72796630859375,265.5611267089844,5109.47900390625,228.66683959960935,588.159423828125,5032.81640625,160.30677795410156,688.6170043945312,5117.169921875,232.2266387939453,-591.4352416992188,5082.89306640625,140.0773162841797,-630.7145385742188,4988.11474609375,176.56036376953125,-660.692138671875,4996.9296875,278.75408935546875,-649.6690063476562,5032.5849609375,141.7322998046875,-655.7070922851562,5024.7763671875,176.16432189941406,-643.8060302734375,5131.1533203125
219.5712890625,-71.87315368652344,5105.32470703125,212.9344940185547,-225.482666015625,5087.20361328125,211.88958740234375,-348.047607421875,5070.015625,238.84996032714844,-534.2944946289062,5061.08642578125,229.0538787841797,-503.1766357421875,5033.79443359375,198.14749145507812,-473.20550537109375,4917.453125,63.80538558959961,-302.5413818359375,4815.80615234375,-6.45163631439209,-417.4721984863281,4965.353515625,49.707515716552734,-465.83544921875,5003.94873046875,93.90615844726562,-384.8214416503906,4987.3486328125,78.7765121459961,-452.0943603515625,4889.66455078125,241.4764862060547,-503.5899353027344,5090.85498046875,262.17657470703125,-480.5152587890625,5200.6865234375,177.65855407714844,-353.02923583984375,5391.2294921875,25.433584213256836,-444.520751953125,5291.236328125,48.312110900878906,-482.2681884765625,5212.83544921875,44.03253173828125,-426.9781799316406,5286.45263671875,146.3884735107422,-456.3833923339844,5311.61181640625,177.13665771484375,-62.243499755859375,5039.23779296875,221.13552856445312,270.6417541503906,5128.3466796875,350.7947998046875,573.1399536132812,5172.09716796875,305.4927062988281,700.990966796875,5261.7109375,257.8364562988281,-80.55663299560547,5164.91845703125,223.19635009765625,262.07672119140625,5122.11962890625,212.68443298339844,592.7315063476562,5066.27197265625,135.0952606201172,673.3776245117188,5165.50830078125,237.61273193359375,-605.1646118164062,5060.2080078125,105.37142944335938,-641.4200439453125,5034.86767578125,140.0110321044922,-671.6400756835938,5019.181640625,245.181884765625,-660.8924560546875,4988.75439453125,127.88265991210938,-668.4324951171875,5062.78369140625,219.04351806640625,-661.1624145507812,5130.3408203125
218.25900268554688,-82.93437957763672,5158.89892578125,217.99659729003903,-228.01614379882812,5101.5302734375,229.622802734375,-345.0050354003906,5059.880859375,230.3011474609375,-532.8078002929688,5032.05078125,233.82041931152344,-497.7327575683594,5007.6669921875,226.9976043701172,-468.113525390625,4886.40869140625,55.44976806640625,-305.8550109863281,4835.01318359375,11.334728240966797,-321.976318359375,5032.32470703125,30.55447578430176,-395.55517578125,5068.48388671875,86.6686019897461,-353.8265380859375,5004.93359375,106.16195678710938,-359.12664794921875,4980.11962890625,228.3945770263672,-505.8252258300781,5065.7041015625,212.30441284179688,-495.4637145996094,5179.1044921875,214.7483062744141,-329.3474426269531,5360.83984375,42.74387741088867,-362.589111328125,5253.62353515625,23.671918869018555,-441.396240234375,5213.05029296875,77.07785034179688,-383.91656494140625,5262.75341796875,120.93313598632812,-445.948486328125,5301.5458984375,245.4211883544922,-55.40961837768555,5089.16650390625,252.40103149414065,293.3265075683594,5119.080078125,342.48382568359375,578.29833984375,5269.466796875,307.93328857421875,732.5377197265625,5226.396484375,193.7656707763672,-107.75466918945312,5221.779296875,196.3433532714844,237.07220458984375,5279.9560546875,223.15896606445312,567.586181640625,5345.90234375,138.6698455810547,684.7496337890625,5302.85498046875,218.87733459472656,-602.3939208984375,5020.64599609375,82.05216979980469,-623.8788452148438,4996.91650390625,113.70196533203124,-648.3524169921875,4968.71875,217.48765563964844,-631.27294921875,4933.69384765625,105.10700225830078,-659.6954345703125,5012.16845703125,202.19732666015625,-678.6734008789062,5069.96875
221.82032775878903,-77.7069320678711,5165.4765625,222.4554901123047,-222.2395782470703,5107.98583984375,233.93226623535156,-338.798828125,5066.20166015625,225.32080078125,-526.7918701171875,5045.83154296875,232.3949279785156,-493.13677978515625,5020.462890625,236.111083984375,-464.5540771484375,4899.2041015625,128.4367218017578,-266.4835510253906,4814.20458984375,74.96818542480469,-265.7304382324219,5009.2265625,131.3845672607422,-247.23524475097656,5068.58740234375,145.31394958496094,-297.1629943847656,4989.9189453125,166.8182373046875,-329.15045166015625,4983.0078125,222.9122772216797,-498.42633056640625,5078.1240234375,199.7663726806641,-482.77496337890625,5189.32861328125,211.3531494140625,-345.5688171386719,5392.572265625,56.95390701293945,-349.0829162597656,5258.09765625,68.20867919921875,-403.2379760742187,5186.59814453125,82.87037658691406,-346.82208251953125,5258.55322265625,158.19424438476562,-397.3960266113281,5306.5791015625,250.5641632080078,-50.20263671875,5096.64697265625,251.88851928710935,296.8846130371094,5133.5263671875,328.34014892578125,583.80908203125,5285.525390625,274.4300842285156,719.5436401367188,5212.39013671875,195.90074157714844,-102.5087661743164,5227.54296875,194.42713928222656,241.0322265625,5287.09765625,217.4321746826172,570.438720703125,5354.84619140625,122.36792755126952,673.7325439453125,5301.2099609375,210.6007537841797,-595.8397216796875,5036.4423828125,117.85447692871094,-618.5983276367188,4933.9306640625,147.38308715820312,-655.5842895507812,4945.83154296875,248.568359375,-664.3637084960938,4989.43505859375,111.83513641357422,-642.9523315429688,4971.42041015625,140.8981170654297,-635.5486450195312,5081.6474609375
236.3040313720703,-88.50952911376953,5181.8046875,231.1990966796875,-241.0893096923828,5144.46435546875,242.2684326171875,-364.6148986816406,5124.3193359375,236.07342529296875,-555.1124877929688,5108.45458984375,248.79339599609375,-522.0105590820312,5083.81884765625,267.47979736328125,-488.1292724609375,4963.9775390625,198.21221923828125,-315.3879699707031,4807.04931640625,84.55875396728516,-301.44732666015625,4976.2724609375,108.37857818603516,-256.2371826171875,5043.98193359375,152.87095642089844,-308.532958984375,4978.052734375,194.705810546875,-334.9615783691406,4993.27001953125,227.15672302246097,-525.3672485351562,5138.91162109375,175.1674041748047,-513.642822265625,5241.77880859375,91.8105697631836,-415.1253662109375,5453.61279296875,53.494163513183594,-354.3962707519531,5259.56298828125,125.20380401611328,-319.3453674316406,5215.16064453125,127.44017028808594,-287.7543029785156,5303.203125,134.0928497314453,-320.4731140136719,5207.20361328125,279.9642333984375,-73.86376190185547,5115.990234375,253.1211395263672,268.96673583984375,5194.25048828125,290.2210998535156,573.8363037109375,5333.0966796875,197.80653381347656,702.592529296875,5287.07470703125,196.93370056152344,-101.7162628173828,5241.15283203125,196.103271484375,247.04969787597656,5290.87158203125,215.7447204589844,581.6837768554688,5351.17919921875,101.42731475830078,656.2572021484375,5284.65087890625,222.78485107421875,-625.102783203125,5098.2939453125,109.08104705810548,-625.9273071289062,5013.97607421875,143.47862243652344,-660.2644653320312,5005.66552734375,253.60382080078125,-667.9522705078125,5022.5625,113.89439392089844,-662.3843994140625,5040.9033203125,168.18960571289062,-688.2169189453125,5139.42724609375
216.79559326171875,-101.61800384521484,5185.93310546875,218.8458709716797,-256.0874938964844,5161.8740234375,234.0155792236328,-380.0322265625,5156.3759765625,223.14633178710935,-568.8206176757812,5135.41015625,241.33729553222656,-536.1092529296875,5114.33642578125,287.86541748046875,-484.2257995605469,5010.23388671875,277.9983825683594,-243.22821044921875,4988.55322265625,117.75921630859376,-253.71986389160156,5113.15966796875,45.2840461730957,-281.6931457519531,5080.20751953125,123.51454162597656,-324.40301513671875,5048.22802734375,152.19827270507812,-314.9480895996094,5021.16455078125,210.1558380126953,-539.3344116210938,5164.29052734375,139.10633850097656,-522.1959228515625,5253.400390625,46.26202392578125,-394.33538818359375,5442.9228515625,55.31991958618164,-383.8074645996094,5237.56201171875,122.7107925415039,-332.5097961425781,5204.6591796875,154.27423095703125,-248.6195373535156,5229.7490234375,131.920654296875,-331.76348876953125,5198.46044921875,273.4834289550781,-92.2169418334961,5130.40625,259.82177734375,246.9412078857422,5219.1123046875,264.7749938964844,564.910888671875,5325.36083984375,174.05303955078125,692.3140258789062,5275.44921875,165.67767333984375,-110.09536743164062,5236.00439453125,181.9128570556641,236.65248107910156,5284.18310546875,214.79946899414065,567.8098754882812,5347.81298828125,118.3250732421875,652.5289306640625,5268.2451171875,209.16497802734375,-637.6364135742188,5121.50048828125,108.74124908447266,-624.556640625,5023.65283203125,145.45603942871094,-655.619140625,5014.00146484375,251.93568420410156,-663.8864135742188,5044.59765625,111.66506958007812,-665.263916015625,5043.40380859375,153.0372314453125,-708.484619140625,5141.4033203125
213.17515563964844,-100.03385925292967,5179.38232421875,214.8305206298828,-254.10870361328125,5156.8935546875,228.2263031005859,-377.80230712890625,5152.701171875,215.9470062255859,-564.9085083007812,5125.34375,235.2914581298828,-531.9262084960938,5106.1552734375,284.8509826660156,-478.7092895507813,5004.76611328125,279.60198974609375,-238.62115478515625,5027.2666015625,156.08615112304688,-221.39418029785156,5186.72998046875,91.87557983398438,-274.4662170410156,5197.873046875,143.68431091308594,-333.0184326171875,5145.1259765625,136.48085021972656,-226.2440643310547,5076.96337890625,202.22366333007812,-536.2976684570312,5154.50341796875,121.38916015625,-519.3103637695312,5234.2080078125,45.44211196899414,-363.46771240234375,5408.4013671875,44.82560729980469,-354.33489990234375,5203.60400390625,126.23263549804688,-361.2041320800781,5164.68212890625,97.54069519042967,-318.39996337890625,5241.74267578125,131.39108276367188,-357.2254638671875,5156.83740234375,272.8804931640625,-91.80622100830078,5127.4072265625,262.0901184082031,246.92051696777344,5212.51123046875,280.0912170410156,559.4013061523438,5328.90087890625,182.4666290283203,679.4713134765625,5276.0869140625,159.33624267578125,-107.4530792236328,5226.25048828125,179.521728515625,237.1847686767578,5277.7236328125,216.86578369140625,565.95068359375,5343.994140625,112.1566162109375,643.8535766601562,5269.16357421875,201.7517242431641,-632.7777099609375,5108.740234375,123.71123504638672,-633.0628051757812,4992.20556640625,158.448974609375,-667.2217407226562,4995.83056640625,255.56170654296875,-675.31103515625,5048.24169921875,119.10356903076172,-669.2212524414062,5018.86181640625,136.87693786621094,-695.1077270507812,5128.82421875
217.80870056152344,-90.1921615600586,5173.689453125,218.7648773193359,-242.76242065429688,5147.6728515625,229.0321044921875,-365.72113037109375,5138.38671875,216.9966583251953,-553.2269287109375,5125.26416015625,238.42648315429688,-522.22314453125,5105.57373046875,303.73272705078125,-480.7870178222656,5008.626953125,316.1755676269531,-242.2784881591797,5029.466796875,241.37857055664065,-67.4013671875,5095.12744140625,214.1730804443359,-56.564842224121094,5173.36572265625,261.5494384765625,-110.47857666015624,5113.06298828125,187.7346343994141,-164.51219177246094,5093.669921875,200.9975128173828,-522.4364013671875,5150.3798828125,122.33038330078124,-495.2653503417969,5228.4189453125,62.32485580444336,-286.7685852050781,5340.6650390625,-44.433841705322266,-179.73387145996094,5204.04248046875,-10.478109359741213,-179.12791442871094,5120.75244140625,80.9725341796875,-168.2165069580078,5117.9296875,66.74323272705078,-220.1495819091797,5229.88134765625,278.80511474609375,-81.35407257080078,5124.10205078125,271.0697937011719,255.13064575195312,5209.7900390625,289.3466491699219,562.8460693359375,5332.87109375,201.68783569335935,684.4867553710938,5270.14892578125,162.8055419921875,-98.16185760498048,5218.404296875,183.3337554931641,243.888916015625,5272.66943359375,216.72332763671875,570.3303833007812,5342.11669921875,136.76934814453125,654.2393188476562,5247.63623046875,203.63902282714844,-621.7299194335938,5112.9716796875,144.3888702392578,-608.5702514648438,4987.47216796875,173.8589324951172,-646.5792846679688,4994.16357421875,260.11883544921875,-668.1072998046875,5058.90576171875,131.85182189941406,-644.5769653320312,5011.15771484375,130.20506286621094,-676.019775390625,5120.37646484375
220.41123962402344,-100.5121078491211,5176.39501953125,216.75830078125,-255.3439483642578,5155.19140625,223.6745758056641,-380.11724853515625,5154.0625,201.68795776367188,-568.8271484375,5144.47265625,228.44879150390625,-539.6759643554688,5127.7841796875,306.6458435058594,-508.7637939453125,5034.94775390625,342.8013916015625,-270.2533264160156,5014.12841796875,236.3808135986328,-104.2052230834961,5063.14306640625,182.52638244628903,-106.50545501708984,5128.05126953125,252.7393035888672,-124.23491668701172,5067.0625,190.67005920410156,-212.96847534179688,5057.72607421875,183.4333648681641,-535.8295288085938,5165.67529296875,94.63710021972656,-496.8353271484375,5227.9052734375,80.05097198486328,-285.171875,5353.81396484375,81.85455322265625,-291.5274963378906,5148.1240234375,151.22653198242188,-337.239013671875,5111.3701171875,96.81700897216795,-285.9181823730469,5166.744140625,158.3354949951172,-356.0820617675781,5233.0048828125,288.28631591796875,-96.37018585205078,5134.4560546875,279.788330078125,248.3060607910156,5199.02490234375,294.52960205078125,564.4707641601562,5309.494140625,194.6480255126953,685.5757446289062,5261.51953125,159.2052764892578,-104.2470703125,5214.212890625,185.48243713378903,239.8061981201172,5275.1650390625,221.3367156982422,568.3068237304688,5349.72705078125,144.82704162597656,657.8668212890625,5255.2099609375,186.0767059326172,-637.5423583984375,5131.9267578125,160.6977081298828,-611.3292236328125,4995.93994140625,187.87466430664065,-650.7880859375,5006.41015625,255.38998413085935,-680.298095703125,5089.53125,142.45834350585938,-649.4835205078125,5012.26806640625,112.6762466430664,-691.2786865234375,5114.95947265625
214.63658142089844,-99.56238555908205,5176.45849609375,208.47702026367188,-253.65785217285156,5159.9716796875,210.9571228027344,-377.5735473632813,5163.56982421875,195.13763427734375,-565.5872802734375,5158.7060546875,224.3992156982422,-536.7131958007812,5147.49169921875,322.0733947753906,-500.6170959472656,5079.6591796875,462.4235534667969,-305.7259216308594,5073.83935546875,332.3121032714844,-204.65963745117188,4957.59326171875,300.2548828125,-128.0220489501953,4947.259765625,252.86712646484375,-196.51055908203125,4990.71044921875,225.90505981445312,-240.4353485107422,4934.91552734375,171.9829864501953,-532.4451293945312,5173.1259765625,79.02496337890625,-488.6598510742187,5223.2529296875,52.13047409057617,-267.16357421875,5323.92578125,100.0285186767578,-320.8130187988281,5132.82421875,137.13238525390625,-384.8572082519531,5081.38623046875,124.89978790283205,-320.6285705566406,5146.5830078125,175.52120971679688,-409.44586181640625,5191.5791015625,287.1646423339844,-99.03949737548828,5144.47412109375,288.593994140625,241.55838012695312,5216.00927734375,301.8691711425781,558.7674560546875,5315.16748046875,211.6033477783203,686.2894287109375,5269.1806640625,149.23486328125,-100.03389739990234,5205.30029296875,179.23507690429688,240.6067657470703,5267.986328125,219.90460205078125,564.5380859375,5347.88916015625,148.21604919433594,655.0799560546875,5252.41162109375,184.20040893554688,-634.671630859375,5146.42578125,176.89491271972656,-616.2216796875,5008.14697265625,203.5515899658203,-653.6504516601562,5024.15478515625,259.5664367675781,-676.0894165039062,5116.376953125,158.10194396972656,-653.9967651367188,5023.732421875,116.32315826416016,-691.7770385742188,5122.73291015625
219.3834991455078,-94.9788055419922,5177.76416015625,214.8240509033203,-248.12136840820312,5160.55126953125,217.558349609375,-371.31549072265625,5163.28857421875,208.02537536621097,-558.3524780273438,5152.033203125,236.25161743164065,-528.3580932617188,5142.14404296875,330.2025146484375,-479.0523376464844,5078.87158203125,379.1148986816406,-246.5313720703125,5054.96923828125,249.5380096435547,-192.80767822265625,4911.79931640625,214.46051025390625,-122.59957122802734,4884.14111328125,217.1673126220703,-202.84161376953125,4931.82080078125,145.13015747070312,-236.81460571289065,4899.8974609375,183.81260681152344,-526.6777954101562,5167.23388671875,84.33025360107422,-487.1506652832031,5205.40283203125,25.03048324584961,-253.18113708496097,5236.2216796875,65.73109436035156,-267.6380310058594,5037.89892578125,127.5141372680664,-323.15655517578125,5004.30712890625,121.84429168701172,-265.9953308105469,5075.8955078125,120.38719940185548,-342.5502014160156,5127.634765625,292.8879089355469,-93.9779052734375,5149.38916015625,286.4549560546875,244.25347900390625,5221.826171875,289.9749450683594,558.7898559570312,5323.66845703125,207.5619354248047,688.1202392578125,5271.7880859375,153.10133361816406,-95.88136291503906,5203.35107421875,180.6955718994141,243.23114013671875,5263.9541015625,221.01022338867188,565.3451538085938,5342.990234375,146.99374389648438,657.8228759765625,5252.68017578125,199.52381896972656,-626.8907470703125,5137.42236328125,157.12881469726562,-617.9223022460938,5005.4931640625,182.7276611328125,-657.0695190429688,5017.81591796875,258.4981994628906,-679.8199462890625,5093.599609375,139.3877410888672,-651.3853759765625,5029.25244140625,122.40056610107422,-675.6806640625,5138.5283203125
219.62057495117188,-91.95276641845705,5177.7021484375,214.17092895507812,-244.6711883544922,5161.9580078125,215.7614593505859,-367.37506103515625,5166.94189453125,189.35560607910156,-552.4119262695312,5163.22265625,221.02256774902344,-525.812255859375,5154.7939453125,318.21087646484375,-500.2737731933594,5083.69677734375,406.9841613769531,-296.29241943359375,4999.23046875,276.62408447265625,-264.64508056640625,4851.2685546875,240.60641479492188,-195.446044921875,4823.17041015625,215.90269470214844,-221.4496307373047,4909.0244140625,174.75381469726562,-262.3924560546875,4908.14013671875,167.1084747314453,-517.9962158203125,5174.548828125,69.86175537109375,-463.0843200683594,5193.3046875,66.8280258178711,-220.7286071777344,5199.70556640625,126.97038269042967,-322.9916687011719,5035.90869140625,180.95529174804688,-393.8774108886719,5041.52734375,240.09063720703125,-462.9788208007813,5051.1416015625,205.60955810546875,-360.0151062011719,5068.88232421875,293.9914245605469,-92.01126861572266,5152.5263671875,290.5084228515625,246.2801971435547,5218.73486328125,298.5279235839844,557.0157470703125,5327.9052734375,223.3580322265625,688.8603515625,5273.22705078125,152.55709838867188,-91.90001678466795,5200.40380859375,179.05311584472656,246.80105590820312,5256.62353515625,218.89404296875,568.0371704101562,5334.43603515625,145.91741943359375,660.1448364257812,5243.77685546875,175.69027709960938,-620.3189697265625,5150.98974609375,196.86880493164065,-627.798583984375,5014.45556640625,214.1561737060547,-663.8436889648438,5041.37939453125,247.7837829589844,-674.21435546875,5144.71484375,170.44622802734375,-659.310791015625,5031.5908203125,106.49420166015624,-672.5802612304688,5123.58447265625
217.9700164794922,-95.17619323730467,5177.1357421875,212.17355346679688,-247.53103637695312,5161.62451171875,213.40264892578125,-369.93115234375,5166.84619140625,184.5121307373047,-554.1751098632812,5166.87646484375,216.5146484375,-528.2628173828125,5158.09228515625,311.71539306640625,-511.6396484375,5082.33154296875,387.9715881347656,-343.4668273925781,4933.1591796875,229.8189239501953,-377.43798828125,4816.84716796875,165.36402893066406,-348.9809875488281,4773.513671875,150.56834411621094,-315.2861633300781,4858.7265625,155.5175018310547,-406.5514221191406,4895.50732421875,162.73777770996094,-519.3081665039062,5177.3193359375,64.55267333984375,-465.69873046875,5193.05615234375,51.288822174072266,-224.34732055664065,5184.37451171875,119.45081329345705,-334.5022277832031,5029.69384765625,176.2522430419922,-402.2888488769531,5040.2158203125,237.708251953125,-465.6492919921875,5063.29296875,198.62765502929688,-362.4500427246094,5053.39453125,292.286865234375,-95.48521423339844,5152.3994140625,287.7620849609375,241.784423828125,5219.40771484375,294.5692443847656,550.140625,5332.91357421875,222.42320251464844,683.6332397460938,5279.32373046875,150.95523071289062,-94.89752197265624,5199.44140625,179.9501495361328,242.9551696777344,5254.412109375,222.800537109375,563.0988159179688,5331.6767578125,155.55531311035156,660.5588989257812,5242.787109375,170.0045166015625,-621.9658813476562,5156.02490234375,192.98431396484375,-622.4583740234375,5019.9189453125,212.04058837890625,-658.4364624023438,5045.49609375,245.0412750244141,-671.1079711914062,5148.4970703125,168.351806640625,-656.0757446289062,5035.35595703125,104.47703552246094,-676.8693237304688,5125.66015625
218.0160675048828,-95.04183197021484,5177.37890625,212.39451599121097,-247.55853271484375,5161.4462890625,213.1105194091797,-370.18359375,5164.89208984375,183.1856231689453,-554.261962890625,5155.40966796875,215.64010620117188,-528.1612548828125,5148.8671875,313.3376159667969,-507.9846496582031,5076.99072265625,391.1022338867187,-330.35687255859375,4939.52783203125,232.0953063964844,-371.4515075683594,4826.27978515625,167.84046936035156,-346.78192138671875,4780.21044921875,148.90921020507812,-313.28289794921875,4864.810546875,156.0594482421875,-406.2122802734375,4901.1796875,161.2467498779297,-519.72021484375,5166.771484375,62.54926300048828,-466.5803833007813,5181.931640625,46.795047760009766,-225.1013336181641,5191.5458984375,125.47791290283205,-317.20257568359375,5029.875,214.31932067871097,-324.93072509765625,5029.59130859375,303.2175598144531,-334.8162841796875,5048.15966796875,203.32142639160156,-294.24609375,5064.0087890625,292.6663818359375,-95.2816390991211,5153.3359375,286.86517333984375,242.1970672607422,5221.4609375,291.62750244140625,549.9913940429688,5337.7890625,225.0144500732422,686.8606567382812,5284.935546875,150.70059204101562,-94.82559204101562,5199.06005859375,180.31968688964844,243.2348175048828,5255.17822265625,223.31846618652344,563.4841918945312,5333.75341796875,160.75721740722656,663.2470092773438,5243.6875,168.64796447753906,-621.4609375,5140.93701171875,201.3896026611328,-613.3200073242188,5006.90673828125,219.84881591796875,-650.1542358398438,5031.81005859375,245.8285675048828,-667.7650756835938,5136.234375,176.8896942138672,-648.5781860351562,5018.6064453125,107.38292694091795,-676.6080932617188,5102.76708984375
217.54464721679688,-95.34588623046876,5177.6708984375,211.80734252929688,-247.8671112060547,5161.81201171875,212.40423583984375,-370.4922790527344,5165.30810546875,181.31661987304688,-554.3505249023438,5155.28369140625,213.9927978515625,-528.45703125,5149.0263671875,313.4051818847656,-509.1668395996094,5079.28857421875,408.5089416503906,-326.4505310058594,4960.68896484375,261.3642883300781,-329.1591491699219,4826.00830078125,231.31884765625,-270.5520935058594,4775.7861328125,196.49993896484375,-251.06033325195312,4859.72412109375,156.05535888671875,-345.087646484375,4860.2802734375,159.52655029296875,-519.6813354492188,5166.54443359375,61.1392707824707,-465.8574523925781,5181.30810546875,47.39387130737305,-224.5238800048828,5196.23486328125,127.61311340332033,-311.5457458496094,5032.51611328125,216.3666229248047,-320.23199462890625,5032.80078125,305.0422058105469,-331.48638916015625,5051.65576171875,205.50552368164065,-290.5240783691406,5068.0712890625,292.22625732421875,-95.66513061523438,5153.72412109375,287.20855712890625,241.78233337402344,5222.07763671875,293.1234130859375,549.1439819335938,5339.49853515625,228.82896423339844,687.7741088867188,5288.38818359375,150.20095825195312,-95.0580062866211,5199.26513671875,180.06118774414062,243.0126190185547,5255.20947265625,223.4198455810547,563.1682739257812,5333.978515625,161.90097045898438,664.1911010742188,5244.599609375,166.4356689453125,-621.4261474609375,5140.5869140625,201.7198181152344,-614.0239868164062,5007.1591796875,220.244873046875,-650.3313598632812,5032.7783203125,244.40182495117188,-666.5593872070312,5137.8623046875,177.53866577148438,-649.5507202148438,5018.71044921875,106.80487823486328,-677.87890625,5101.74169921875
195.0260009765625,-110.14362335205078,5171.04443359375,186.3875732421875,-264.6482238769531,5155.65087890625,180.71234130859375,-388.6863098144531,5161.8486328125,159.64895629882812,-576.7010498046875,5166.27001953125,191.89779663085935,-549.0023803710938,5170.53369140625,312.61395263671875,-527.1519775390625,5192.3720703125,416.14263916015625,-342.0038146972656,5306.494140625,419.1433715820313,-240.5236053466797,5131.66357421875,392.6172180175781,-218.1330413818359,5055.2431640625,326.25830078125,-221.07383728027344,4988.46728515625,336.6866760253906,-232.3022003173828,5044.8701171875,134.20738220214844,-542.2075805664062,5162.36962890625,33.9080696105957,-491.6236572265625,5139.5224609375,13.45358943939209,-261.1726379394531,5221.44921875,128.42889404296875,-249.26515197753903,5052.47265625,217.2303466796875,-260.00286865234375,5065.37841796875,286.944091796875,-306.1257019042969,5105.173828125,229.9316864013672,-263.77728271484375,5061.01025390625,274.2281494140625,-114.03611755371094,5165.6669921875,287.3170471191406,230.82241821289065,5217.36279296875,301.812744140625,545.0589599609375,5328.10791015625,293.61041259765625,681.212890625,5238.3271484375,123.6059112548828,-106.6335906982422,5175.89306640625,164.19517517089844,231.79246520996097,5248.896484375,212.4843292236328,551.7122802734375,5343.1884765625,178.59864807128906,675.2521362304688,5264.68896484375,153.41590881347656,-646.9326171875,5156.33984375,212.0784149169922,-615.4723510742188,5033.1015625,224.8156890869141,-657.8637084960938,5053.62158203125,230.07388305664065,-696.5887451171875,5156.98291015625,184.6782989501953,-651.2918701171875,5033.060546875,98.66064453125,-690.9617309570312,5096.85986328125
194.13922119140625,-108.58264923095705,5164.0390625,186.9046630859375,-263.3438415527344,5145.3857421875,181.41036987304688,-387.9356689453125,5148.57421875,166.38735961914062,-576.6758422851562,5133.97607421875,197.4911651611328,-548.5289916992188,5142.8291015625,316.8704528808594,-518.8947143554688,5165.30224609375,412.9895935058594,-372.7914733886719,5332.15576171875,439.80426025390625,-200.23402404785156,5228.8994140625,419.42242431640625,-202.8685760498047,5147.21923828125,375.159912109375,-215.2951507568359,5064.640625,383.1753845214844,-228.7904815673828,5123.345703125,139.9850616455078,-542.570556640625,5131.76318359375,37.73508834838867,-490.6341247558594,5122.84326171875,26.974639892578125,-267.4372863769531,5226.400390625,119.90037536621094,-237.8850555419922,5045.5771484375,209.77964782714844,-249.96896362304688,5045.6845703125,275.3976135253906,-308.3331298828125,5075.99072265625,220.3488616943359,-248.71131896972656,5025.49072265625,273.8027038574219,-112.1326141357422,5162.59521484375,285.7855224609375,229.5027008056641,5238.48486328125,295.7950439453125,547.4329833984375,5342.46728515625,296.1042175292969,680.9334716796875,5247.4482421875,122.30316925048828,-105.38148498535156,5165.3408203125,162.8809051513672,232.7570343017578,5245.14990234375,208.26333618164065,549.5228881835938,5354.5146484375,177.79469299316406,675.471435546875,5277.4560546875,163.0945281982422,-646.0206298828125,5117.07568359375,209.2428436279297,-610.4713745117188,4989.1630859375,224.41001892089844,-653.3684692382812,5007.2373046875,240.21282958984375,-694.8633422851562,5108.8447265625,182.24154663085935,-646.7495727539062,4990.82373046875,103.0184326171875,-689.3199462890625,5061.85302734375
197.46240234375,-103.57738494873048,5163.1865234375,187.6974639892578,-254.4421844482422,5153.87646484375,179.182373046875,-374.7669067382813,5164.4755859375,162.03317260742188,-557.3544921875,5145.9658203125,192.3408966064453,-530.752685546875,5156.236328125,310.873046875,-506.5403442382813,5165.923828125,413.7626037597656,-369.9780578613281,5326.57470703125,442.8069152832031,-192.80177307128903,5245.7021484375,428.0571594238281,-187.21388244628903,5165.4853515625,380.00299072265625,-199.6321563720703,5088.33251953125,391.9483337402344,-226.3934631347656,5139.73828125,137.06971740722656,-523.7648315429688,5143.56103515625,41.8852653503418,-474.2561950683594,5112.65576171875,44.99417495727539,-261.9132385253906,5222.41748046875,138.23336791992188,-228.1800079345703,5049.4091796875,223.55921936035156,-249.76502990722656,5047.99609375,280.0643615722656,-315.9406433105469,5071.64111328125,234.26214599609375,-248.42562866210935,5034.60302734375,274.63934326171875,-108.76483917236328,5166.298828125,286.8551025390625,225.40081787109375,5227.17822265625,289.60968017578125,540.012451171875,5307.947265625,299.6198425292969,681.4944458007812,5235.97509765625,127.86857604980467,-98.89962768554688,5160.3798828125,160.58668518066406,229.7445526123047,5239.095703125,197.02505493164065,539.9130859375,5340.14501953125,177.777099609375,673.7725830078125,5284.2412109375,158.31024169921875,-624.251220703125,5128.05712890625,200.3223571777344,-621.8856201171875,4998.28271484375,216.19590759277344,-657.422119140625,5025.5478515625,233.9940490722656,-670.9278564453125,5130.8330078125,174.88365173339844,-655.9326171875,5009.3779296875,100.01139831542967,-679.497802734375,5088.197265625
197.6496124267578,-94.93548583984376,5164.38525390625,185.46372985839844,-246.06292724609375,5152.9912109375,175.11294555664062,-366.8517150878906,5161.82666015625,158.3926544189453,-550.4341430664062,5145.923828125,188.2957763671875,-523.5892333984375,5157.33056640625,307.8577880859375,-502.3116455078125,5167.0712890625,415.2849426269531,-370.5074157714844,5330.021484375,440.297607421875,-198.6451873779297,5235.62890625,421.12200927734375,-198.44444274902344,5155.8359375,378.3243713378906,-208.2975311279297,5074.89404296875,387.4645385742187,-227.29002380371097,5130.82080078125,133.59666442871094,-516.7243041992188,5141.51025390625,38.103485107421875,-466.2484436035156,5111.59423828125,15.46777629852295,-228.56590270996097,5135.65283203125,183.09861755371097,-229.6734161376953,5026.26220703125,258.0299987792969,-240.1031036376953,5071.91552734375,340.1116027832031,-227.7919006347656,5108.0322265625,273.6605529785156,-238.8492431640625,5064.4091796875,275.04681396484375,-101.37503051757812,5167.02197265625,287.03289794921875,232.4417724609375,5236.513671875,292.8519592285156,545.8090209960938,5326.43798828125,300.17510986328125,683.39794921875,5245.7744140625,127.85714721679688,-89.128662109375,5162.0078125,156.14053344726562,242.1627960205078,5236.85400390625,188.79034423828125,556.57568359375,5329.8408203125,167.67408752441406,684.2528686523438,5260.337890625,155.4322967529297,-617.919189453125,5129.08349609375,211.4045257568359,-624.8565673828125,5004.29052734375,226.2684631347656,-656.657958984375,5036.58984375,233.2073516845703,-659.0542602539062,5144.38037109375,186.80728149414065,-659.4967651367188,5016.08984375,104.92271423339844,-680.7048950195312,5088.98388671875
192.818115234375,-104.27672576904295,5170.31005859375,185.08546447753903,-258.8349304199219,5154.87744140625,177.35296630859375,-382.7879943847656,5160.68994140625,156.83328247070312,-570.4315795898438,5147.0537109375,186.9897003173828,-543.4493408203125,5160.7705078125,306.11151123046875,-522.2887573242188,5190.61767578125,408.8180847167969,-362.954345703125,5339.25439453125,449.13427734375,-200.3070831298828,5226.125,420.1320495605469,-195.20982360839844,5147.51904296875,367.4772338867187,-200.7302398681641,5069.61328125,383.05328369140625,-227.62371826171875,5124.53857421875,132.87322998046875,-535.4666748046875,5139.57861328125,39.9556770324707,-479.4190673828125,5102.60205078125,11.025754928588867,-238.4542236328125,5139.26806640625,185.6509704589844,-229.07415771484375,5032.79052734375,261.1082763671875,-241.75550842285156,5080.89404296875,337.91302490234375,-249.03073120117188,5132.0810546875,280.9814147949219,-242.72384643554688,5068.6279296875,271.8887939453125,-108.89725494384766,5176.9658203125,288.5901184082031,232.8424835205078,5245.67529296875,299.3597106933594,553.9869384765625,5335.0224609375,310.05548095703125,683.4615478515625,5236.0732421875,121.51663208007812,-100.11019897460938,5164.30810546875,149.77638244628906,238.82565307617188,5240.779296875,181.55596923828125,560.0816040039062,5337.57763671875,158.26100158691406,687.109375,5260.7890625,153.51885986328125,-639.7567138671875,5131.12939453125,213.4421539306641,-618.6727905273438,5006.2861328125,230.49156188964844,-655.6384887695312,5033.18408203125,235.7623291015625,-678.19384765625,5141.23828125,190.85504150390625,-657.4524536132812,5010.7587890625,107.6724853515625,-698.6935424804688,5077.27587890625
193.18893432617188,-106.00350189208984,5170.7880859375,186.74368286132812,-263.2109069824219,5146.02001953125,180.8039703369141,-390.4004211425781,5147.271484375,167.01834106445312,-580.1063232421875,5109.97998046875,198.3316345214844,-552.5202026367188,5123.14794921875,320.161865234375,-518.4765014648438,5140.07666015625,420.9504089355469,-371.5342712402344,5310.71337890625,442.4242248535156,-183.55142211914065,5226.57861328125,426.9607238769531,-178.0853271484375,5142.18896484375,367.6648254394531,-202.93295288085935,5070.2666015625,381.069580078125,-229.9216766357422,5123.068359375,139.9410858154297,-545.3358154296875,5110.955078125,36.39414978027344,-490.8911437988281,5101.01025390625,8.621809959411621,-244.7301788330078,5143.7373046875,186.27853393554688,-231.72036743164065,5033.109375,264.1924133300781,-242.762939453125,5081.84912109375,342.5968933105469,-250.09336853027344,5134.67236328125,279.1022644042969,-244.0738220214844,5079.72998046875,274.4599304199219,-109.77159881591795,5173.55615234375,295.95806884765625,238.2891845703125,5251.87841796875,313.0012512207031,563.7154541015625,5354.25341796875,318.672119140625,692.6009521484375,5247.81201171875,119.90330505371094,-102.60564422607422,5168.2919921875,140.68910217285156,244.84988403320312,5247.7314453125,163.315185546875,575.5896606445312,5343.857421875,143.28277587890625,684.3143310546875,5236.81982421875,164.55526733398438,-648.4503173828125,5084.650390625,219.65542602539065,-618.347900390625,4955.65966796875,239.68031311035156,-656.7493286132812,4980.58837890625,250.5802459716797,-684.8667602539062,5089.67626953125,198.260009765625,-659.1307983398438,4959.1982421875,117.66007995605467,-707.9408569335938,5028.5087890625
194.6853485107422,-102.00625610351562,5168.3857421875,186.05322265625,-255.0067901611328,5143.66796875,177.2734832763672,-378.7846374511719,5142.4912109375,164.68833923339844,-565.7099609375,5118.36474609375,194.52850341796875,-538.1049194335938,5131.2578125,314.19195556640625,-507.9662780761719,5146.81982421875,418.3121337890625,-373.7243041992187,5316.958984375,448.303466796875,-189.4569396972656,5240.34814453125,431.4647216796875,-180.4501190185547,5158.7724609375,374.7321472167969,-194.70362854003903,5085.1728515625,389.3291931152344,-227.03363037109375,5135.412109375,138.5781707763672,-531.7421264648438,5115.2119140625,37.90403747558594,-482.5806579589844,5091.9658203125,11.538800239562988,-243.67332458496097,5139.3525390625,184.5317840576172,-233.2258148193359,5031.07080078125,260.64874267578125,-241.28109741210935,5078.80908203125,336.07177734375,-248.1029052734375,5131.765625,275.4973449707031,-244.6286773681641,5077.673828125,273.4593811035156,-107.66529083251952,5175.90478515625,286.7076110839844,232.6931915283203,5248.744140625,292.7890319824219,552.9440307617188,5339.3759765625,294.00225830078125,678.677490234375,5235.65673828125,123.6513442993164,-96.90325164794922,5161.60595703125,148.99288940429688,240.470458984375,5242.8505859375,174.03817749023438,560.3762817382812,5343.7880859375,164.5435333251953,672.65234375,5244.8251953125,163.34332275390625,-633.876708984375,5098.2939453125,237.5332489013672,-623.8401489257812,4980.21728515625,243.3643798828125,-664.2702026367188,5006.732421875,233.54171752929688,-690.018798828125,5113.5341796875,206.62277221679688,-656.5541381835938,4981.04443359375,110.77302551269533,-679.5194091796875,5038.32177734375
194.55970764160156,-99.6632308959961,5169.35986328125,183.45382690429688,-250.67198181152344,5143.28515625,171.36807250976562,-372.8701171875,5140.24755859375,160.98179626464844,-557.385009765625,5111.865234375,189.3708648681641,-530.3441162109375,5127.5087890625,305.77789306640625,-503.6537170410156,5157.4033203125,419.9240112304687,-374.5401611328125,5321.53564453125,470.31744384765625,-197.5072021484375,5243.9560546875,444.2364196777344,-183.0146026611328,5166.5810546875,379.19427490234375,-182.771240234375,5100.02880859375,396.8926086425781,-225.1742706298828,5145.8935546875,135.4598846435547,-523.6808471679688,5107.30517578125,36.27067184448242,-475.5196228027344,5081.43115234375,8.119074821472168,-235.5908203125,5102.501953125,198.01443481445312,-229.11073303222656,5033.1259765625,266.18572998046875,-248.2779083251953,5087.5146484375,344.0597839355469,-250.33604431152344,5135.453125,280.5215759277344,-242.47854614257812,5080.98193359375,271.55889892578125,-107.6070785522461,5182.56982421875,275.30438232421875,231.73974609375,5243.3857421875,271.55035400390625,551.8307495117188,5321.462890625,289.99395751953125,686.103271484375,5233.9365234375,125.12615203857422,-92.4999008178711,5157.447265625,156.69839477539062,238.18487548828125,5248.353515625,186.75732421875,550.990478515625,5358.41552734375,177.25782775878906,680.0042724609375,5285.61669921875,161.30140686035156,-624.4610595703125,5090.65625,239.31251525878903,-621.1016845703125,4976.40185546875,241.26953125,-661.1371459960938,5003.177734375,226.04019165039065,-684.688720703125,5108.69140625,206.45852661132812,-651.2005615234375,4976.40234375,108.26651763916016,-666.457763671875,5029.85986328125
197.73843383789065,-97.35555267333984,5170.7705078125,185.3434295654297,-248.84396362304688,5148.55322265625,171.7653045654297,-370.8945007324219,5148.73876953125,150.28443908691406,-555.9664306640625,5133.5712890625,180.37693786621097,-529.6263427734375,5147.05078125,299.9706115722656,-514.8265991210938,5172.11083984375,424.9610290527344,-394.53656005859375,5334.962890625,507.2603759765625,-213.8445587158203,5313.57177734375,545.2933349609375,-199.6813201904297,5241.27490234375,491.3316345214844,-235.0292053222656,5174.234375,457.3612365722656,-229.1797637939453,5213.77294921875,126.7326202392578,-521.2232666015625,5126.82421875,26.438243865966797,-474.7775573730469,5102.21923828125,8.871795654296875,-233.3057403564453,5114.79248046875,197.1959686279297,-230.04454040527344,5041.1728515625,264.83270263671875,-253.6020050048828,5094.46044921875,341.4989013671875,-253.2298889160156,5144.31005859375,280.43682861328125,-253.32766723632812,5091.75537109375,274.2914733886719,-105.84898376464844,5185.97412109375,278.0889892578125,231.9378967285156,5254.52880859375,274.8316650390625,550.146484375,5339.6826171875,293.80255126953125,679.5526733398438,5245.27685546875,128.7071990966797,-89.69664764404297,5157.06103515625,163.53720092773438,245.90707397460935,5225.7314453125,194.54652404785156,558.614990234375,5335.57568359375,168.2876434326172,685.1881713867188,5262.67822265625,146.43800354003906,-624.2520141601562,5117.16650390625,244.48390197753903,-634.133544921875,5020.0498046875,243.5295562744141,-668.4461059570312,5053.876953125,209.79327392578125,-674.2256469726562,5157.52392578125,213.9746856689453,-666.5926513671875,5019.970703125,108.41901397705078,-680.9508666992188,5057.0947265625
196.67906188964844,-98.75711822509766,5169.986328125,184.6512451171875,-250.98094177246097,5147.373046875,171.39190673828125,-373.6716918945313,5146.87548828125,150.43927001953125,-559.6146850585938,5130.35205078125,180.5510101318359,-533.1401977539062,5144.17138671875,300.4464416503906,-517.80908203125,5170.41552734375,422.6155395507813,-397.61279296875,5337.14111328125,500.5531311035156,-214.7193145751953,5309.78466796875,538.8150024414062,-201.9335479736328,5236.88720703125,486.7190856933594,-240.8185272216797,5169.69384765625,452.1001892089844,-232.94419860839844,5209.29833984375,126.6854248046875,-524.7313842773438,5123.72021484375,25.60175132751465,-478.57135009765625,5099.24462890625,7.769498825073242,-236.15939331054688,5115.73388671875,195.0718536376953,-231.17352294921875,5037.046875,264.58526611328125,-255.86024475097656,5088.0966796875,343.10986328125,-256.4574890136719,5135.83203125,281.934814453125,-255.57777404785156,5082.482421875,273.5877990722656,-107.1314697265625,5185.45263671875,274.04559326171875,232.11570739746097,5255.41015625,267.352294921875,551.260498046875,5343.08935546875,278.83111572265625,682.4166870117188,5248.53564453125,127.32705688476562,-91.20560455322266,5156.03955078125,162.5682373046875,246.0474395751953,5224.91064453125,194.6172637939453,560.3697509765625,5334.81005859375,170.69203186035156,689.2761840820312,5263.7353515625,146.8439483642578,-628.13818359375,5113.40869140625,241.47767639160156,-636.7755126953125,5011.91748046875,242.49327087402344,-671.1333618164062,5046.03369140625,212.9585723876953,-677.1060180664062,5151.50146484375,211.4051513671875,-669.9107666015625,5013.193359375,107.19920349121094,-685.9946899414062,5054.83349609375
196.7091064453125,-98.56185913085938,5170.1357421875,184.78012084960935,-250.7759704589844,5147.4130859375,171.6024932861328,-373.4737854003906,5146.7529296875,150.65274047851562,-559.3890991210938,5129.93310546875,180.755859375,-532.9373168945312,5143.81201171875,300.61822509765625,-517.4219360351562,5170.0947265625,422.4752197265625,-396.406982421875,5336.453125,499.5200500488281,-213.4342803955078,5307.1767578125,537.608642578125,-201.1845703125,5234.0966796875,485.5418395996094,-240.9948272705078,5167.42626953125,450.9507141113281,-232.8731231689453,5206.990234375,126.90533447265624,-524.494873046875,5123.3369140625,25.91727638244629,-478.1921691894531,5098.74072265625,8.416345596313477,-235.78012084960935,5115.55322265625,195.83189392089844,-230.78602600097656,5037.140625,265.2441101074219,-255.6495056152344,5088.2412109375,343.6971435546875,-256.42633056640625,5136.08984375,282.5899658203125,-255.37904357910156,5082.671875,273.6110534667969,-106.90454864501952,5185.6494140625,273.7615966796875,232.2019195556641,5256.2744140625,266.76751708984375,551.0657958984375,5344.9375,277.91314697265625,682.5418701171875,5250.79052734375,127.36326599121094,-91.03888702392578,5156.14599609375,162.3551483154297,246.1104431152344,5225.63623046875,193.50714111328125,560.257568359375,5336.28466796875,171.19908142089844,689.4772338867188,5265.25439453125,147.0659942626953,-627.8861083984375,5112.88330078125,240.0985412597656,-637.2657470703125,5009.98876953125,241.32546997070312,-671.655517578125,5044.06494140625,213.3148956298828,-677.44970703125,5149.95703125,209.76353454589844,-670.1410522460938,5011.69189453125,106.05522918701172,-685.35546875,5054.87060546875
199.4930877685547,-102.14421844482422,5173.6416015625,187.53656005859375,-254.72244262695312,5150.93310546875,174.18984985351562,-377.6924133300781,5150.72607421875,148.9949951171875,-563.9342041015625,5139.32861328125,179.64883422851562,-537.71142578125,5152.7314453125,300.1803283691406,-524.0294799804688,5178.31884765625,423.6484680175781,-393.45501708984375,5336.87890625,499.4332885742187,-214.7735290527344,5284.06591796875,543.4166259765625,-206.7125701904297,5213.53662109375,486.1209411621094,-257.1011657714844,5159.1337890625,446.0300598144531,-232.8894195556641,5193.40625,126.08024597167967,-528.6370239257812,5131.41845703125,26.813156127929688,-480.1936645507813,5103.0087890625,12.879377365112305,-237.30072021484375,5123.9345703125,199.30226135253903,-230.57615661621097,5042.13134765625,269.6305236816406,-256.822021484375,5091.62939453125,348.95068359375,-258.83221435546875,5138.412109375,286.93426513671875,-256.4359130859375,5085.82568359375,276.52130126953125,-110.53124237060548,5189.43701171875,275.6952819824219,229.41229248046875,5259.98974609375,267.2325134277344,548.8656616210938,5349.279296875,284.0501403808594,680.4736938476562,5255.51025390625,130.03334045410156,-94.58126831054688,5159.39794921875,165.66929626464844,243.61557006835935,5227.46875,194.05963134765625,559.7640380859375,5335.484375,168.45797729492188,683.75390625,5256.015625,143.95433044433594,-632.9803466796875,5124.29833984375,227.5261993408203,-643.2277221679688,5013.25341796875,235.762939453125,-673.8026123046875,5050.044921875,218.634521484375,-671.7462768554688,5158.625,201.23452758789065,-678.7361450195312,5021.07177734375,104.14665985107422,-699.9636840820312,5076.158203125
200.4364318847656,-100.9264144897461,5175.59521484375,189.41160583496097,-252.85992431640625,5152.4912109375,176.85980224609375,-375.3887939453125,5151.32861328125,153.05517578125,-560.89306640625,5138.0390625,183.2894592285156,-534.7138671875,5151.90966796875,302.88507080078125,-520.0624389648438,5178.81396484375,423.1553039550781,-391.7708435058594,5340.16015625,494.6584777832031,-213.43722534179688,5283.5322265625,539.9717407226562,-205.3518218994141,5214.271484375,486.1908264160156,-257.9801330566406,5159.07958984375,444.50103759765625,-233.50619506835935,5192.146484375,130.0872802734375,-525.815673828125,5130.27294921875,31.624258041381836,-477.7350463867187,5100.3955078125,17.18256187438965,-235.725830078125,5119.23291015625,204.6293487548828,-231.0280914306641,5041.8623046875,273.4915771484375,-257.7196350097656,5092.48974609375,351.7022399902344,-260.4354553222656,5140.33642578125,290.47186279296875,-257.5845947265625,5087.4501953125,277.10986328125,-108.93326568603516,5191.6611328125,272.929931640625,229.86659240722656,5260.4521484375,261.6081848144531,549.1567993164062,5344.72802734375,279.0671691894531,678.7235717773438,5249.419921875,131.296630859375,-93.70629119873048,5161.107421875,163.83583068847656,242.5851287841797,5232.7119140625,192.50669860839844,562.9602661132812,5322.28662109375,167.80152893066406,682.5404052734375,5237.15087890625,148.61138916015625,-629.5392456054688,5122.3935546875,223.18145751953125,-638.8187255859375,5005.72509765625,229.75306701660156,-673.3705444335938,5038.8857421875,219.57672119140625,-679.6614990234375,5147.71337890625,193.36181640625,-671.453125,5012.22412109375,98.26956176757812,-686.2693481445312,5071.734375
204.2605743408203,-111.92191314697266,5176.0830078125,192.2854766845703,-263.6961975097656,5152.9365234375,178.70497131347656,-386.0553588867187,5152.35791015625,147.003173828125,-570.335693359375,5139.92822265625,178.19085693359375,-545.4198608398438,5153.94775390625,297.7349853515625,-530.9762573242188,5180.89990234375,421.1702270507813,-395.6384582519531,5333.6904296875,495.5369262695313,-221.9278106689453,5267.546875,540.1143798828125,-204.16461181640625,5199.6796875,482.4811096191406,-262.64617919921875,5155.43505859375,448.4652099609375,-233.51112365722656,5174.41162109375,125.67335510253906,-534.3623046875,5131.72314453125,30.454761505126953,-480.1037292480469,5102.134765625,20.03046607971191,-237.94039916992188,5119.994140625,213.29644775390625,-234.1317901611328,5058.87353515625,273.7453918457031,-254.4626922607422,5121.65771484375,344.1415100097656,-251.27169799804688,5180.3017578125,291.9150695800781,-255.01576232910156,5118.5078125,280.717529296875,-120.48626708984376,5192.6845703125,258.4337158203125,217.0836639404297,5263.12109375,225.9207763671875,533.1085815429688,5353.31591796875,249.2237548828125,674.1121826171875,5277.65869140625,135.31597900390625,-104.19905853271484,5161.11279296875,202.1390838623047,227.10450744628903,5231.30615234375,260.8705139160156,540.7445678710938,5329.03564453125,268.066650390625,673.939208984375,5263.138671875,139.7380828857422,-638.7867431640625,5124.65234375,242.85972595214844,-646.2566528320312,5032.19384765625,242.5254821777344,-679.2086181640625,5067.5244140625,204.37106323242188,-682.8945922851562,5170.01708984375,214.4424591064453,-680.707275390625,5032.228515625,108.14378356933594,-700.4514770507812,5065.41064453125
201.33644104003903,-101.66143798828124,5183.044921875,188.3466796875,-254.5616912841797,5161.50341796875,174.15159606933594,-377.625244140625,5161.50927734375,150.5979766845703,-564.3221435546875,5149.3623046875,181.3535919189453,-537.8290405273438,5162.19189453125,301.6723937988281,-509.9000244140625,5174.828125,426.0998840332031,-331.3092041015625,5275.9833984375,491.64654541015625,-165.31187438964844,5182.544921875,562.0635375976562,-173.64749145507812,5138.19384765625,493.92041015625,-238.089111328125,5141.64404296875,490.6478576660156,-272.6551818847656,5144.1953125,127.08287048339844,-529.1636962890625,5142.2890625,28.93292999267578,-480.2747802734375,5110.2939453125,19.108135223388672,-236.5478973388672,5127.91064453125,210.19857788085935,-254.9429473876953,5058.90185546875,272.73809814453125,-269.55841064453125,5122.02587890625,346.4486389160156,-262.11993408203125,5176.99365234375,282.48785400390625,-268.72930908203125,5126.2919921875,278.2662658691406,-110.53426361083984,5199.63427734375,279.939697265625,230.33969116210935,5268.244140625,270.8526611328125,551.6589965820312,5352.50341796875,294.7922058105469,681.5000610351562,5257.4013671875,131.9654083251953,-93.66041564941406,5168.08544921875,179.1788330078125,248.6591033935547,5203.205078125,174.69796752929688,556.2321166992188,5337.89990234375,161.2937469482422,690.14599609375,5272.330078125,145.8938446044922,-633.413818359375,5133.931640625,225.19192504882812,-643.1705932617188,5019.4951171875,234.79998779296875,-674.0265502929688,5055.8134765625,221.8825225830078,-672.58349609375,5165.15185546875,199.1090850830078,-678.7293701171875,5028.13232421875,104.04354095458984,-700.1347045898438,5086.90869140625
199.05426025390625,-99.77975463867188,5187.06005859375,187.9495391845703,-253.03292846679688,5164.41552734375,175.73995971679688,-376.546630859375,5160.86572265625,151.36871337890625,-563.5945434570312,5148.9453125,181.4029998779297,-537.158935546875,5163.7744140625,300.3824768066406,-508.6856384277344,5186.59912109375,424.7445068359375,-382.357177734375,5349.23876953125,515.7569580078125,-202.69186401367188,5334.8330078125,573.194580078125,-189.86834716796875,5275.13525390625,531.4443969726562,-229.16590881347656,5200.55908203125,540.2138671875,-157.9988555908203,5242.810546875,128.7156524658203,-528.2384033203125,5139.75732421875,30.402145385742188,-479.7215576171875,5106.767578125,20.598833084106445,-235.60633850097656,5126.7353515625,212.3058624267578,-252.4192657470703,5057.63427734375,273.76483154296875,-276.0493469238281,5119.37158203125,347.2033996582031,-277.1770324707031,5175.541015625,292.51824951171875,-278.58154296875,5114.666015625,276.146240234375,-107.89175415039062,5204.154296875,282.3968811035156,234.59332275390625,5268.42578125,279.727783203125,558.5892944335938,5345.62646484375,290.2850646972656,689.584716796875,5249.04638671875,129.53701782226562,-92.46481323242188,5171.64453125,183.7170562744141,250.71578979492188,5193.919921875,171.34344482421875,558.0413208007812,5330.6123046875,157.07867431640625,688.405029296875,5257.689453125,147.17161560058594,-632.9725952148438,5133.90234375,223.05010986328125,-640.9224243164062,5016.64794921875,234.29180908203125,-671.9181518554688,5052.5263671875,224.86154174804688,-671.3004150390625,5162.48486328125,197.71466064453125,-676.9907836914062,5025.91552734375,104.69436645507812,-700.1762084960938,5087.7216796875
197.1187438964844,-103.570068359375,5191.9765625,186.9344787597656,-256.91900634765625,5168.6806640625,175.24868774414062,-380.59716796875,5165.54541015625,150.65371704101562,-567.806640625,5154.1669921875,181.32632446289065,-541.3388671875,5167.6748046875,302.3670654296875,-515.6663208007812,5181.935546875,436.4108581542969,-390.42138671875,5337.87646484375,520.8380737304688,-209.51808166503903,5306.5146484375,593.8746948242188,-193.0529937744141,5268.65234375,550.4146728515625,-251.61680603027344,5209.1123046875,569.5177612304688,-160.33328247070312,5231.50830078125,127.51598358154295,-532.4359741210938,5146.15283203125,26.95647621154785,-483.2002868652344,5121.802734375,19.66123962402344,-239.2261199951172,5146.48681640625,207.6444854736328,-253.8919982910156,5066.95556640625,272.26214599609375,-279.354248046875,5124.7197265625,348.5724182128906,-282.12109375,5176.994140625,230.58807373046875,-283.47479248046875,5154.7998046875,274.3113098144531,-111.29771423339844,5209.0986328125,285.711181640625,230.19705200195312,5279.22119140625,286.509033203125,552.6190795898438,5363.87548828125,317.6439514160156,687.7114868164062,5277.71630859375,127.51080322265624,-96.6017074584961,5176.53662109375,169.22244262695312,248.21405029296875,5204.2177734375,160.25588989257812,557.4633178710938,5337.4755859375,152.17628479003906,685.0557861328125,5258.68603515625,145.87631225585938,-637.2024536132812,5139.1025390625,215.9677734375,-620.801513671875,5019.01953125,227.46517944335935,-659.5100708007812,5046.3642578125,223.08689880371097,-683.5662841796875,5154.07861328125,189.4945373535156,-657.2157592773438,5021.30224609375,98.38055419921876,-690.7990112304688,5081.3203125
196.7711181640625,-105.28419494628906,5193.7255859375,187.1546173095703,-258.0010070800781,5170.18603515625,175.79693603515625,-381.21490478515625,5167.2763671875,151.1483154296875,-567.5390625,5154.189453125,181.7381591796875,-541.32958984375,5167.84716796875,302.5469055175781,-517.0379638671875,5182.14208984375,442.48431396484375,-390.1306457519531,5329.8583984375,525.3697509765625,-213.60411071777344,5280.06640625,600.8842163085938,-193.09860229492188,5250.74462890625,557.9428100585938,-258.49456787109375,5199.05322265625,579.296142578125,-164.62863159179688,5209.0302734375,128.1161651611328,-532.2186889648438,5146.58251953125,28.571800231933594,-481.5914611816406,5123.08642578125,17.453449249267578,-238.46340942382812,5144.755859375,212.6434631347656,-257.70623779296875,5089.31640625,268.08734130859375,-287.0412292480469,5153.8193359375,336.5390319824219,-294.0763244628906,5215.13818359375,213.47708129882812,-323.6584167480469,5174.61083984375,273.641357421875,-112.77623748779295,5210.927734375,284.85943603515625,226.78355407714844,5283.49365234375,287.2746276855469,546.5219116210938,5372.9111328125,293.7808532714844,676.095947265625,5274.94287109375,127.4538345336914,-98.52828979492188,5178.212890625,161.57427978515625,245.55307006835935,5207.8203125,155.08543395996094,549.1917114257812,5350.392578125,136.33482360839844,675.0177001953125,5271.7236328125,146.31661987304688,-636.5057373046875,5138.5283203125,210.6688690185547,-623.5242919921875,5015.50341796875,222.65480041503903,-661.8519287109375,5042.8271484375,222.9338531494141,-683.970947265625,5150.591796875,183.7443695068359,-659.2136840820312,5019.6416015625,95.3091049194336,-689.8551025390625,5084.19970703125
197.6702880859375,-108.08721923828124,5195.5205078125,188.0040740966797,-262.7168884277344,5171.224609375,176.36683654785156,-387.5389709472656,5169.6015625,149.48793029785156,-576.4747924804688,5168.22314453125,180.97576904296875,-549.452392578125,5179.8291015625,304.5267028808594,-528.1808471679688,5188.38330078125,448.4644470214844,-407.2717895507813,5342.23486328125,527.8712768554688,-227.2032165527344,5288.970703125,601.6105346679688,-230.3099670410156,5247.52685546875,556.6303100585938,-302.8350524902344,5205.828125,583.078369140625,-209.39483642578125,5202.78466796875,126.32192993164062,-540.9939575195312,5158.83203125,26.423707962036133,-492.0050354003906,5127.4580078125,15.72834300994873,-245.45834350585935,5146.47509765625,209.7655487060547,-273.14813232421875,5081.59765625,272.7363586425781,-277.56329345703125,5147.33544921875,241.48080444335935,-337.7412109375,5211.50927734375,226.1767120361328,-335.2588195800781,5181.3466796875,275.7181091308594,-115.57998657226562,5212.15625,285.1972961425781,227.1947326660156,5291.2470703125,285.5231018066406,550.4181518554688,5384.17138671875,301.8145751953125,680.1651000976562,5284.076171875,127.2911148071289,-101.33065795898438,5180.51904296875,151.64317321777344,237.90609741210935,5269.3935546875,170.4549560546875,560.4512939453125,5374.8046875,148.1620330810547,671.0103759765625,5273.63330078125,143.66604614257812,-647.1091918945312,5156.693359375,218.82403564453125,-624.4468383789062,5039.26416015625,230.37742614746097,-664.1124267578125,5065.984375,222.16798400878903,-692.2708740234375,5173.4921875,193.09524536132812,-661.948486328125,5039.1953125,99.7471923828125,-700.3848266601562,5094.6337890625
200.062744140625,-98.45429229736328,5197.06494140625,189.80335998535156,-250.2702789306641,5170.40380859375,179.0131378173828,-373.2481689453125,5166.9208984375,159.807861328125,-559.7872924804688,5153.70849609375,190.732177734375,-532.6695556640625,5164.177734375,311.97821044921875,-507.7468872070313,5164.5263671875,458.1106262207031,-399.9643249511719,5320.36181640625,535.7154541015625,-219.60105895996097,5278.16943359375,615.2312622070312,-219.1009063720703,5253.08740234375,566.4649658203125,-290.1268005371094,5216.6005859375,601.5827026367188,-201.31997680664065,5203.078125,134.84783935546875,-525.3471069335938,5149.3828125,27.83769416809082,-488.9322204589844,5135.59521484375,30.05528259277344,-245.8374786376953,5154.12353515625,214.99082946777344,-311.4378662109375,5100.67578125,276.0242614746094,-312.1100158691406,5166.5107421875,232.66146850585935,-354.36993408203125,5235.73193359375,223.2517852783203,-358.748779296875,5208.6181640625,277.96661376953125,-105.5917739868164,5207.72998046875,285.2372131347656,231.82421875,5286.86279296875,286.2209777832031,550.9177856445312,5375.91357421875,305.1778869628906,684.07861328125,5285.23388671875,129.81336975097656,-92.01810455322266,5187.4482421875,148.6674346923828,242.9491271972656,5273.1650390625,165.7665252685547,561.2365112304688,5375.50634765625,143.602783203125,676.5740966796875,5283.41650390625,155.7079620361328,-628.5401611328125,5137.6064453125,218.73939514160156,-620.30908203125,5013.83642578125,230.6052398681641,-657.7537231445312,5042.22705078125,231.80416870117188,-676.265625,5150.41943359375,191.56494140625,-655.4852905273438,5019.41845703125,103.7108917236328,-683.0040893554688,5085.71533203125
195.07229614257812,-104.44702911376952,5200.26123046875,184.8616180419922,-257.60693359375,5176.86279296875,173.93685913085938,-381.2554931640625,5176.00927734375,153.5403594970703,-568.8526611328125,5166.255859375,184.5026397705078,-541.5992431640625,5177.1376953125,307.27349853515625,-522.0717163085938,5182.18798828125,457.6935119628906,-399.4569091796875,5324.26171875,536.3985595703125,-220.50697326660156,5273.95263671875,617.522216796875,-220.80792236328125,5252.9169921875,567.6751098632812,-293.6775207519531,5220.52099609375,606.3140258789062,-206.4449462890625,5200.93505859375,128.87840270996094,-534.1566162109375,5160.37255859375,24.15172004699707,-491.11474609375,5143.62646484375,26.360082626342773,-246.5213165283203,5158.5947265625,202.5575408935547,-298.896728515625,5069.1630859375,270.8070068359375,-316.4432678222656,5125.5263671875,263.4661560058594,-370.97174072265625,5199.80712890625,236.45333862304688,-343.239013671875,5164.0947265625,273.2634582519531,-111.43573760986328,5211.8857421875,284.4442443847656,229.04193115234375,5285.03515625,288.2313537597656,550.2320556640625,5372.8046875,306.11480712890625,682.1038818359375,5278.59912109375,124.56388092041016,-98.14500427246094,5189.7783203125,144.47665405273438,240.6786651611328,5266.8603515625,163.11570739746094,561.04345703125,5368.078125,145.87603759765625,678.4918212890625,5276.3583984375,149.36354064941406,-638.2681884765625,5151.47216796875,225.06243896484375,-626.5806274414062,5034.45849609375,234.5095062255859,-664.6805419921875,5063.3076171875,224.77589416503903,-685.6067504882812,5171.201171875,197.8084716796875,-662.3667602539062,5036.50634765625,103.50701141357422,-692.4842529296875,5093.1064453125
196.2819671630859,-108.80915069580078,5211.3681640625,189.08058166503903,-262.035400390625,5185.63671875,180.83932495117188,-386.0748901367187,5182.79150390625,160.15309143066406,-573.3565063476562,5164.79736328125,191.4976806640625,-546.5470581054688,5175.970703125,313.742431640625,-524.0155639648438,5166.96630859375,458.6950073242187,-405.0035400390625,5318.189453125,536.9921264648438,-222.11341857910156,5282.01123046875,614.2489624023438,-220.95700073242188,5249.18212890625,582.7470703125,-292.4022216796875,5196.478515625,628.3018798828125,-200.52505493164065,5226.95068359375,135.2616729736328,-538.4056396484375,5161.3583984375,30.313045501708984,-493.58551025390625,5150.28955078125,32.55839538574219,-248.17933654785156,5155.8828125,198.51254272460935,-318.5687255859375,5058.751953125,272.3640441894531,-328.0489501953125,5110.0029296875,286.1179504394531,-365.8269348144531,5193.41650390625,227.9274749755859,-366.6719665527344,5160.42529296875,274.8851623535156,-114.27332305908205,5221.90771484375,293.9151306152344,228.10874938964844,5286.9375,303.5574951171875,551.9561767578125,5366.25048828125,326.59918212890625,682.353271484375,5270.64013671875,125.40203094482422,-103.8818588256836,5201.86376953125,141.15386962890625,236.46958923339844,5275.8046875,155.35081481933594,560.0097045898438,5369.26025390625,140.25823974609375,673.4525146484375,5271.87548828125,155.51058959960938,-642.1192626953125,5146.8544921875,218.59295654296875,-637.3200073242188,5021.8603515625,231.3575897216797,-673.6444091796875,5051.8408203125,233.1197509765625,-688.0625610351562,5161.4052734375,191.97494506835935,-673.0484008789062,5028.8974609375,104.21279907226562,-699.9804077148438,5096.87109375
195.584228515625,-108.02247619628906,5213.248046875,188.13824462890625,-259.2953186035156,5185.3994140625,180.992431640625,-381.8196716308594,5175.7470703125,156.7980499267578,-567.6261596679688,5172.7265625,188.90155029296875,-540.94873046875,5179.6318359375,310.0990295410156,-522.0817260742188,5166.1796875,465.023193359375,-407.046875,5306.4033203125,538.3045654296875,-222.63742065429688,5279.8779296875,616.5808715820312,-218.3777313232422,5252.251953125,584.7680053710938,-288.6954040527344,5199.88232421875,629.37744140625,-199.7226104736328,5226.1650390625,132.43783569335938,-532.8977661132812,5168.61669921875,27.270078659057617,-490.75103759765625,5161.59130859375,31.606502532958984,-247.7738494873047,5165.2900390625,200.51727294921875,-304.8211975097656,5068.767578125,271.1452941894531,-326.6410827636719,5119.21337890625,288.2283020019531,-372.9312438964844,5196.48095703125,241.5690765380859,-370.5276794433594,5156.2197265625,273.8332824707031,-113.11870574951172,5220.00927734375,291.8231506347656,226.2018890380859,5282.84716796875,300.78814697265625,546.5501708984375,5362.59619140625,311.9546813964844,673.752197265625,5263.3798828125,125.02360534667967,-103.4269790649414,5207.1513671875,137.7548065185547,236.2256774902344,5267.3828125,149.85292053222656,557.489990234375,5356.89697265625,135.07708740234375,669.5848999023438,5260.19482421875,150.02044677734375,-636.6906127929688,5160.24365234375,223.0287170410156,-632.3080444335938,5042.3916015625,233.15130615234375,-668.0742797851562,5073.25439453125,225.46566772460935,-681.8035888671875,5181.54345703125,196.2904052734375,-667.7501220703125,5047.21875,103.94732666015624,-694.4216918945312,5106.81396484375
197.0986785888672,-108.99483489990234,5216.15966796875,189.66607666015625,-260.8661804199219,5188.2021484375,182.44625854492188,-383.96246337890625,5179.75537109375,158.33250427246094,-570.468505859375,5174.28125,190.56997680664065,-543.7484741210938,5181.41748046875,312.502685546875,-525.7496948242188,5168.98828125,469.6101684570313,-413.1822509765625,5310.3828125,543.7715454101562,-228.4722137451172,5282.4638671875,620.4210815429688,-224.4366149902344,5249.72802734375,584.6010131835938,-293.6564636230469,5197.82958984375,631.9169311523438,-212.58367919921875,5217.25732421875,133.81988525390625,-535.5765991210938,5170.759765625,28.312652587890625,-492.7633056640625,5165.96484375,39.918968200683594,-249.0716857910156,5170.0439453125,190.6771697998047,-320.2503356933594,5053.2880859375,264.0743408203125,-346.99810791015625,5097.671875,271.80450439453125,-400.2458190917969,5172.345703125,256.1767883300781,-388.5749206542969,5120.5595703125,275.6748962402344,-114.05699920654295,5222.7685546875,292.1090087890625,226.80076599121097,5285.21728515625,300.7510681152344,548.99658203125,5362.9345703125,305.2232971191406,681.7574462890625,5269.60693359375,126.24302673339844,-104.43006134033205,5210.2001953125,139.52684020996094,236.0492248535156,5273.38623046875,151.56463623046875,558.2345581054688,5364.49755859375,142.82923889160156,673.0322875976562,5269.33984375,151.5354766845703,-639.6337280273438,5160.83154296875,227.94569396972656,-625.9502563476562,5045.22607421875,237.0010223388672,-664.4628295898438,5073.28759765625,226.3224945068359,-687.3536376953125,5180.20166015625,200.6976623535156,-661.537353515625,5046.3369140625,106.23863220214844,-692.3466796875,5101.28759765625
196.1311798095703,-102.02639770507812,5223.783203125,189.08164978027344,-253.35533142089844,5197.05322265625,182.25244140625,-376.1066589355469,5193.88330078125,166.22183227539062,-562.4098510742188,5185.0048828125,197.29771423339844,-534.5857543945312,5191.8125,316.2218933105469,-509.3659057617187,5171.44775390625,472.4436950683594,-376.0426635742187,5292.2666015625,528.4520263671875,-191.1385498046875,5240.595703125,607.8130493164062,-182.2012634277344,5217.88134765625,579.2267456054688,-262.35888671875,5179.95361328125,645.104248046875,-209.46356201171875,5209.29443359375,140.2527313232422,-528.7369384765625,5182.9326171875,33.192359924316406,-491.4547119140625,5180.2919921875,17.98604393005371,-249.3546600341797,5190.416015625,200.7284240722656,-273.2923583984375,5106.46630859375,256.7373352050781,-326.1675109863281,5151.84912109375,186.05789184570312,-292.0330810546875,5104.66455078125,225.7393035888672,-351.48236083984375,5171.26318359375,274.4853820800781,-106.5070343017578,5228.4853515625,293.0594177246094,232.10487365722656,5292.95751953125,302.2708740234375,551.8265380859375,5373.748046875,317.9267578125,688.3604736328125,5288.85205078125,125.47574615478516,-97.98600769042967,5219.54248046875,138.48828125,241.4832763671875,5278.65673828125,151.85818481445312,564.3699340820312,5360.517578125,143.0727081298828,684.5408935546875,5273.5107421875,162.0884552001953,-631.1690063476562,5170.2978515625,224.84901428222656,-630.5374755859375,5046.771484375,233.9715576171875,-667.9263305664062,5075.89453125,234.18212890625,-683.8701171875,5184.03564453125,195.28797912597656,-663.3236694335938,5053.205078125,106.2492218017578,-682.6116333007812,5120.013671875
195.6181182861328,-98.29703521728516,5227.1083984375,186.8101348876953,-251.03097534179688,5211.4326171875,179.65786743164062,-373.6469421386719,5216.91357421875,165.89137268066406,-560.1453857421875,5209.6083984375,196.78330993652344,-531.8733520507812,5215.22900390625,314.2555847167969,-503.8933715820313,5190.685546875,483.0542297363281,-380.3795776367187,5304.68701171875,546.5016479492188,-192.09344482421875,5282.4150390625,604.2630615234375,-173.2970733642578,5225.84326171875,573.3267211914062,-247.43930053710935,5178.70751953125,645.693603515625,-209.2390594482422,5208.857421875,139.4185028076172,-526.84765625,5208.208984375,33.20710372924805,-490.0036010742187,5193.61083984375,-16.85959815979004,-252.5174560546875,5191.18115234375,180.78494262695312,-277.68048095703125,5155.19189453125,227.5205078125,-314.05859375,5222.1259765625,166.76214599609375,-299.15618896484375,5155.27783203125,184.82241821289065,-303.9111328125,5240.03466796875,274.0852355957031,-102.85831451416016,5227.4609375,290.39312744140625,234.705810546875,5297.2861328125,299.0701904296875,553.0006713867188,5383.21875,302.0758361816406,691.1223754882812,5299.59912109375,124.86090850830078,-94.1839370727539,5226.79052734375,141.719970703125,244.58702087402344,5288.31103515625,160.09475708007812,567.7960815429688,5367.49462890625,148.88461303710938,688.5224609375,5281.61572265625,162.21517944335938,-629.0213012695312,5195.43310546875,220.72503662109375,-624.7240600585938,5069.9541015625,233.9429931640625,-660.7800903320312,5099.16357421875,238.94992065429688,-675.1522827148438,5207.3779296875,194.3186187744141,-659.81787109375,5077.71044921875,109.4548568725586,-685.7249755859375,5147.58837890625
195.6781768798828,-98.27259826660156,5227.1552734375,186.89854431152344,-250.98976135253903,5211.45263671875,179.7653350830078,-373.5963134765625,5216.88916015625,166.12094116210938,-560.0771484375,5209.39501953125,196.99020385742188,-531.7939453125,5215.0517578125,314.4238586425781,-503.6405944824219,5190.583984375,482.7589416503906,-378.9012451171875,5303.8837890625,545.0562133789062,-190.4585418701172,5279.93408203125,602.6812133789062,-171.8253173828125,5223.18212890625,572.1365356445312,-246.53634643554688,5176.7119140625,644.3258056640625,-207.69773864746097,5206.51904296875,139.6299591064453,-526.7982177734375,5208.021484375,33.41173553466797,-489.99554443359375,5193.4580078125,-16.72504425048828,-252.5452423095703,5191.47119140625,180.90017700195312,-277.3109436035156,5155.216796875,227.94354248046875,-312.8623352050781,5222.3671875,166.96104431152344,-298.83441162109375,5155.546875,185.3481903076172,-302.1347961425781,5240.173828125,274.137939453125,-102.821044921875,5227.5234375,290.24957275390625,234.6953125,5297.45166015625,298.6793518066406,552.9046630859375,5383.59619140625,301.1982116699219,690.9252319335938,5299.82568359375,124.92754364013672,-94.17105865478516,5226.8232421875,141.85694885253906,244.5382080078125,5288.46875,160.34156799316406,567.65771484375,5367.849609375,149.23927307128906,688.3016357421875,5281.86767578125,162.4928436279297,-628.9342041015625,5195.1513671875,221.3776397705078,-623.9822998046875,5069.8876953125,234.75994873046875,-659.9909057617188,5099.07275390625,239.5137176513672,-674.5228881835938,5207.26611328125,195.2046356201172,-659.2777709960938,5077.49267578125,110.3101806640625,-685.9266967773438,5147.03515625
197.85543823242188,-97.00652313232422,5230.13916015625,189.5535888671875,-249.4176025390625,5213.802734375,182.74295043945312,-371.8446350097656,5218.91357421875,171.78155517578125,-558.1488647460938,5210.685546875,202.21107482910156,-529.4955444335938,5216.3193359375,319.680419921875,-499.2552185058594,5195.91796875,478.5298767089844,-347.6471862792969,5287.1337890625,519.1759643554688,-166.1473846435547,5214.79052734375,592.2839965820312,-157.8567352294922,5176.69287109375,562.1275634765625,-240.76168823242188,5147.337890625,638.275146484375,-198.2136383056641,5195.625,144.85281372070312,-525.3079833984375,5209.57421875,38.089813232421875,-489.9400634765625,5197.10546875,-13.112545013427734,-253.16029357910156,5200.5048828125,182.1301422119141,-276.7535400390625,5153.96142578125,232.7787322998047,-312.36749267578125,5218.18896484375,168.28236389160156,-298.39678955078125,5154.9677734375,191.1906890869141,-302.27349853515625,5238.35302734375,276.1905822753906,-101.33885192871094,5230.74951171875,289.7297058105469,234.9026031494141,5304.34375,294.82476806640625,550.7244262695312,5397.11279296875,285.080810546875,689.78857421875,5316.17919921875,127.21720123291016,-93.0998764038086,5229.5888671875,146.83815002441406,243.94468688964844,5296.060546875,168.74331665039062,564.245361328125,5383.2119140625,166.87857055664062,693.8400268554688,5311.12158203125,169.09072875976562,-626.8714599609375,5196.18505859375,223.90835571289065,-616.56591796875,5069.6708984375,238.7351531982422,-653.271484375,5097.099609375,247.03744506835935,-671.449462890625,5204.33447265625,198.59681701660156,-652.4871215820312,5076.79833984375,116.46544647216795,-682.9434204101562,5147.76611328125
199.87515258789065,-97.18527221679688,5233.1484375,191.6597900390625,-249.20887756347656,5216.80224609375,184.9404754638672,-371.2883605957031,5222.822265625,175.2186737060547,-557.3107299804688,5218.13623046875,205.4995574951172,-528.4161376953125,5222.3662109375,321.37255859375,-495.3979797363281,5199.20263671875,473.7659912109375,-324.94140625,5262.23828125,498.21002197265625,-158.67002868652344,5155.5478515625,573.9317016601562,-146.16795349121094,5124.88525390625,551.3453979492188,-235.7720489501953,5117.03271484375,619.2140502929688,-184.35128784179688,5176.16796875,148.08265686035156,-524.7736206054688,5217.2568359375,41.1090087890625,-489.4495544433594,5210.2666015625,-2.668615341186523,-252.2541351318359,5225.2060546875,182.55601501464844,-265.475341796875,5146.7626953125,249.23211669921875,-283.6669616699219,5202.81494140625,172.51890563964844,-287.86846923828125,5153.75341796875,216.7816925048828,-275.283935546875,5228.77490234375,278.0154113769531,-101.4615707397461,5233.64697265625,289.4085998535156,233.76751708984375,5308.14453125,292.18377685546875,548.5079956054688,5401.73291015625,276.8182373046875,686.4348754882812,5320.53662109375,129.41262817382812,-93.32913970947266,5232.69873046875,153.29171752929688,242.15817260742188,5301.12646484375,180.51974487304688,560.7728881835938,5389.7373046875,180.64776611328125,685.2833251953125,5309.85400390625,172.64529418945312,-626.11865234375,5204.93798828125,222.65875244140625,-613.5324096679688,5077.02880859375,237.71548461914065,-651.1556396484375,5102.8271484375,249.70242309570312,-672.3236083984375,5208.876953125,196.9582977294922,-649.0321655273438,5084.17333984375,117.18599700927734,-679.6727294921875,5157.26806640625
202.5942840576172,-97.9329833984375,5233.86962890625,195.1748504638672,-249.636474609375,5217.1611328125,189.02117919921875,-371.53076171875,5222.28466796875,183.4427490234375,-557.2506103515625,5214.9970703125,213.0270233154297,-527.8106689453125,5219.5146484375,328.5543212890625,-491.3402404785156,5201.796875,471.1166687011719,-325.0903625488281,5291.54833984375,480.4119567871094,-156.5189971923828,5186.86376953125,553.494140625,-139.12582397460938,5152.83056640625,553.661376953125,-229.81234741210935,5134.3701171875,603.9855346679688,-180.4172210693359,5180.3740234375,155.6426239013672,-525.3857421875,5214.68603515625,47.72367477416992,-493.2182922363281,5212.3046875,5.389760971069336,-257.0682067871094,5236.77734375,173.74618530273438,-258.10791015625,5126.677734375,251.9629669189453,-274.97662353515625,5165.1884765625,166.46124267578125,-281.1250915527344,5134.7470703125,221.16409301757812,-269.2480773925781,5200.34619140625,280.5880432128906,-101.83642578125,5234.67724609375,281.8051452636719,232.8818359375,5309.03125,272.7811279296875,547.0750732421875,5401.65869140625,268.1217956542969,687.2182006835938,5323.66357421875,132.26390075683594,-94.41307830810548,5233.14111328125,164.56324768066406,239.7810516357422,5300.84912109375,203.61997985839844,554.8381958007812,5394.99365234375,195.4438934326172,685.4348754882812,5326.65087890625,182.3525390625,-625.7615966796875,5200.857421875,228.47471618652344,-616.27734375,5071.53662109375,244.5288543701172,-653.0096435546875,5097.82666015625,259.69140625,-671.1995239257812,5203.79052734375,203.32339477539065,-651.6806030273438,5080.34521484375,126.08879852294922,-680.8540649414062,5156.34765625
205.86187744140625,-102.829833984375,5240.5439453125,205.9885406494141,-253.37249755859375,5235.19384765625,206.9019470214844,-372.9976501464844,5249.04248046875,199.5401153564453,-553.720947265625,5219.22802734375,229.1104278564453,-525.5875244140625,5226.07763671875,341.6956787109375,-487.58831787109375,5204.8701171875,439.893798828125,-307.5580139160156,5316.1787109375,355.7010192871094,-222.76657104492188,5161.02099609375,406.3634338378906,-189.80699157714844,5106.6376953125,479.22113037109375,-241.63218688964844,5088.47265625,435.9442443847656,-218.59193420410156,5233.17041015625,172.4151153564453,-522.42138671875,5223.9833984375,72.69143676757812,-476.763671875,5206.64013671875,13.027865409851074,-249.65269470214844,5243.8388671875,168.39862060546875,-255.8124084472656,5120.74853515625,250.53005981445312,-273.5121154785156,5145.3447265625,161.49501037597656,-279.37939453125,5136.3623046875,262.64764404296875,-274.7586364746094,5138.51904296875,282.7740173339844,-102.6423797607422,5237.09033203125,279.4332275390625,228.9308929443359,5302.73193359375,272.3902893066406,540.3316040039062,5388.40380859375,272.3659973144531,671.6738891601562,5300.25439453125,136.50680541992188,-102.9988784790039,5243.658203125,155.31126403808594,230.80337524414065,5290.96044921875,183.83462524414065,546.66015625,5368.3408203125,155.3638916015625,666.1279296875,5290.25634765625,197.32191467285156,-618.9761352539062,5197.00048828125,189.3131103515625,-608.4159545898438,5061.970703125,222.16180419921875,-637.5894775390625,5079.3896484375,278.1156005859375,-643.386474609375,5170.45703125,179.16848754882812,-647.5700073242188,5078.4755859375,145.5423126220703,-688.3668212890625,5175.6533203125
204.16372680664065,-107.90519714355467,5243.35888671875,204.5903778076172,-259.3499450683594,5237.474609375,206.10037231445312,-379.84625244140625,5250.09228515625,202.23106384277344,-560.9346313476562,5215.32763671875,231.5008544921875,-531.7802124023438,5220.53662109375,337.8288879394531,-485.62457275390625,5184.3154296875,380.21966552734375,-258.84393310546875,5227.7353515625,305.9772644042969,-177.6865692138672,5064.259765625,359.9809265136719,-141.74302673339844,5014.42626953125,415.4957885742187,-212.928466796875,5031.0693359375,389.4730224609375,-186.56549072265625,5136.6630859375,174.41278076171875,-530.5846557617188,5223.35302734375,70.96321868896484,-489.177734375,5215.27490234375,9.30235195159912,-262.96453857421875,5262.6279296875,141.2449493408203,-244.3955535888672,5114.107421875,224.471435546875,-228.22476196289065,5137.97705078125,149.73619079589844,-278.62774658203125,5141.88525390625,240.7006378173828,-228.9921875,5115.48583984375,281.4469299316406,-107.48429870605467,5238.1298828125,286.0546875,227.4691619873047,5296.85546875,286.73095703125,542.7789306640625,5375.72412109375,289.923095703125,675.7127685546875,5288.27880859375,134.4740753173828,-108.28473663330078,5248.07470703125,151.42327880859375,227.29766845703125,5298.19482421875,176.0947265625,547.0348510742188,5369.15087890625,151.7061767578125,660.307861328125,5279.62548828125,200.2891540527344,-625.989990234375,5191.25146484375,201.19451904296875,-612.280029296875,5055.43505859375,225.67762756347656,-648.7169799804688,5073.70751953125,274.7916564941406,-668.5187377929688,5167.484375,181.361572265625,-648.3919067382812,5070.7451171875,134.44793701171875,-681.5025024414062,5166.09521484375
208.7801055908203,-109.2574691772461,5246.40087890625,209.33905029296875,-261.3921813964844,5240.65087890625,211.08078002929688,-382.2285461425781,5255.119140625,208.42837524414065,-565.674560546875,5229.32861328125,237.62759399414065,-535.9384155273438,5232.892578125,341.7126770019531,-486.6193542480469,5192.69921875,366.239013671875,-256.3803405761719,5237.41357421875,275.3006896972656,-230.95692443847656,5063.46435546875,320.19097900390625,-196.0338592529297,5004.1552734375,403.3521423339844,-235.38409423828125,5010.34716796875,373.38616943359375,-189.75567626953125,5115.16748046875,180.29342651367188,-535.03955078125,5236.0537109375,76.24351501464844,-494.2887878417969,5225.67919921875,13.507268905639648,-266.30670166015625,5268.3798828125,141.681640625,-242.50331115722656,5116.13916015625,223.42965698242188,-210.6621856689453,5127.609375,156.5480499267578,-270.2246398925781,5141.537109375,235.7055206298828,-237.5926971435547,5064.86376953125,286.409423828125,-108.77220153808594,5241.1083984375,286.83905029296875,227.03628540039065,5303.90673828125,282.7607116699219,542.6818237304688,5387.26708984375,276.1947937011719,668.24609375,5288.5341796875,138.77833557128906,-109.6950454711914,5251.1728515625,157.05517578125,227.12225341796875,5302.94384765625,183.2349090576172,547.5874633789062,5376.8955078125,158.34683227539062,656.7681884765625,5281.529296875,206.84539794921875,-632.1614990234375,5208.4423828125,220.7486572265625,-630.781005859375,5072.0302734375,243.68670654296875,-665.2064819335938,5095.90869140625,283.88153076171875,-675.7650756835938,5195.7900390625,199.65969848632812,-665.8037109375,5088.7021484375,143.76710510253906,-690.9472045898438,5182.21630859375
214.4212188720703,-106.81827545166016,5248.0146484375,212.32810974121097,-260.57379150390625,5245.3330078125,211.07276916503903,-382.4881286621094,5261.20947265625,205.28533935546875,-567.6321411132812,5234.47509765625,235.2644805908203,-538.022216796875,5237.607421875,342.8733215332031,-487.2293701171875,5205.57177734375,357.1861267089844,-250.5192718505859,5228.18896484375,250.33885192871097,-199.64285278320312,5067.0341796875,293.9690246582031,-180.40017700195312,4999.08935546875,363.6705932617187,-241.5708465576172,4990.35546875,361.5094909667969,-188.63967895507812,5105.8544921875,177.44020080566406,-536.3225708007812,5241.9560546875,72.28237915039062,-496.3978576660156,5227.81298828125,18.160823822021484,-263.29278564453125,5268.4140625,151.09930419921875,-245.16482543945312,5116.7802734375,233.3994140625,-211.0561981201172,5123.958984375,163.51080322265625,-268.5672607421875,5137.7744140625,244.69509887695312,-239.13034057617188,5062.80517578125,292.99713134765625,-107.85717010498048,5246.24951171875,292.03466796875,232.396728515625,5303.9052734375,285.78021240234375,551.9214477539062,5385.40625,285.9646911621094,692.8046875,5306.4619140625,143.56585693359375,-105.88146209716795,5249.60546875,159.0567169189453,233.85658264160156,5305.9951171875,182.39816284179688,557.1861572265625,5383.39892578125,148.53919982910156,669.22705078125,5291.87158203125,202.32875061035156,-634.6759643554688,5213.14453125,210.59054565429688,-629.3863525390625,5074.97119140625,237.8003387451172,-662.3283081054688,5097.388671875,283.2646484375,-671.1129760742188,5196.37646484375,193.3081970214844,-666.890625,5091.82080078125,143.2786865234375,-699.1682739257812,5187.79931640625
218.57911682128903,-107.92161560058594,5248.55126953125,214.66070556640625,-263.7271728515625,5244.74072265625,211.78024291992188,-387.4238586425781,5259.736328125,210.4129943847656,-574.8865356445312,5230.59326171875,239.9857482910156,-543.9776611328125,5232.7578125,342.87347412109375,-483.12939453125,5196.47216796875,315.7820129394531,-258.0777282714844,5279.7333984375,205.33311462402344,-185.03123474121097,5126.2919921875,240.6474151611328,-126.63176727294922,5077.0673828125,278.5011901855469,-201.37501525878903,5120.61572265625,300.8216552734375,-111.73763275146484,5164.994140625,181.6070098876953,-544.1260986328125,5239.84716796875,75.16526794433594,-501.73638916015625,5230.88916015625,-8.26120376586914,-277.0212707519531,5286.4326171875,143.96713256835938,-241.98403930664065,5153.298828125,229.4999084472656,-212.55479431152344,5148.1201171875,151.42721557617188,-255.1431884765625,5174.67333984375,242.2816925048828,-223.1009979248047,5126.0107421875,298.2281494140625,-109.89981842041016,5247.53271484375,294.2566833496094,234.2776336669922,5310.07568359375,286.20599365234375,557.8660888671875,5393.77734375,287.18621826171875,685.4491577148438,5291.201171875,146.75608825683594,-106.13777923583984,5249.4697265625,161.72491455078125,236.9568023681641,5314.15576171875,184.8080291748047,562.180908203125,5402.7041015625,156.1197967529297,668.867431640625,5300.32568359375,208.50558471679688,-642.6665649414062,5208.28271484375,211.45675659179688,-626.5429077148438,5068.8232421875,236.13980102539065,-664.4574584960938,5087.41357421875,285.1924743652344,-686.5567626953125,5184.25341796875,190.60372924804688,-663.7791748046875,5083.74560546875,140.77964782714844,-698.941162109375,5180.64794921875
213.2648162841797,-105.91832733154295,5240.7138671875,213.98757934570312,-260.90496826171875,5238.33642578125,218.2169647216797,-383.7721862792969,5253.89208984375,226.3463897705078,-571.6162719726562,5238.728515625,254.2185516357422,-539.4244384765625,5239.37451171875,353.3843994140625,-477.2327270507813,5197.8447265625,254.9875946044922,-269.40655517578125,5266.9345703125,134.98910522460938,-132.21885681152344,5180.9765625,168.02110290527344,-56.37678527832031,5168.46875,243.4672393798828,-105.62470245361328,5142.07958984375,225.34829711914065,-98.8125,5119.86376953125,196.0606689453125,-541.8662109375,5244.89404296875,88.69233703613281,-509.59228515625,5222.84326171875,13.527565002441406,-284.19140625,5281.09765625,127.95832824707033,-203.0749053955078,5132.8779296875,210.97203063964844,-170.04034423828125,5144.37744140625,138.06820678710938,-226.3332061767578,5138.74169921875,221.21163940429688,-161.17587280273438,5123.5087890625,290.799560546875,-105.307373046875,5224.45849609375,290.6830749511719,233.82174682617188,5301.763671875,288.08270263671875,552.6207275390625,5395.89794921875,255.6105499267578,691.2842407226562,5317.0849609375,143.3483428955078,-106.46925354003906,5255.3720703125,159.11659240722656,235.8526306152344,5312.7431640625,185.4295654296875,562.4155883789062,5386.91943359375,151.79486083984375,677.12255859375,5296.71044921875,228.2295684814453,-640.4508056640625,5221.53955078125,237.52293395996097,-639.8687133789062,5082.23681640625,257.55279541015625,-677.50244140625,5105.63525390625,300.552490234375,-693.4569091796875,5205.77734375,212.72108459472656,-672.9324951171875,5099.9091796875,156.66488647460938,-692.4016723632812,5197.0556640625
218.3072204589844,-109.0663604736328,5243.02734375,219.72915649414065,-265.1124267578125,5234.39111328125,222.78305053710935,-389.6847229003906,5243.56982421875,227.5287322998047,-578.61279296875,5222.18359375,256.2759094238281,-546.8627319335938,5225.23486328125,362.3369445800781,-488.7156066894531,5192.78173828125,258.9841613769531,-277.96234130859375,5252.009765625,148.09164428710938,-123.8461456298828,5179.650390625,174.11358642578125,-43.63417053222656,5181.8818359375,242.06605529785156,-102.73487091064452,5152.72412109375,228.32530212402344,-98.79730224609376,5114.6787109375,197.40057373046875,-548.1304931640625,5228.0205078125,91.76187896728516,-511.2160339355469,5200.61767578125,37.97502517700195,-293.2575988769531,5302.8251953125,128.9791717529297,-198.4528350830078,5144.49951171875,215.630615234375,-171.97811889648438,5150.86181640625,137.8603057861328,-222.9576110839844,5147.6630859375,224.8482666015625,-162.1673126220703,5129.65869140625,297.61376953125,-107.81971740722656,5233.5595703125,295.3620910644531,235.8467712402344,5303.46484375,287.3384704589844,559.6918334960938,5389.4892578125,290.60205078125,685.2753295898438,5283.8828125,146.7930450439453,-110.19051361083984,5251.564453125,160.45379638671875,233.1076507568359,5320.07470703125,182.87518310546875,560.5762939453125,5403.60693359375,144.57330322265625,670.6770629882812,5307.6337890625,228.71060180664065,-647.4285278320312,5202.58642578125,229.7992248535156,-638.5940551757812,5062.09765625,251.83192443847656,-677.5040893554688,5082.22021484375,301.2516174316406,-698.6793823242188,5179.3955078125,206.31202697753903,-673.3046875,5079.35546875,155.9037322998047,-699.462890625,5179.10107421875
218.3074951171875,-109.06629180908205,5243.02783203125,219.72947692871097,-265.1122741699219,5234.3916015625,222.7834625244141,-389.68450927734375,5243.5703125,227.5295867919922,-578.6124877929688,5222.1845703125,256.2766418457031,-546.8623657226562,5225.236328125,362.3382263183594,-488.7154541015625,5192.78515625,258.99090576171875,-277.9590148925781,5252.0107421875,148.10385131835938,-123.84298706054688,5179.64306640625,174.12734985351562,-43.63153076171875,5181.873046875,242.07945251464844,-102.7345962524414,5152.71923828125,228.3400421142578,-98.79785919189452,5114.67333984375,197.40135192871097,-548.1302490234375,5228.021484375,91.76273345947266,-511.2159118652344,5200.61865234375,37.97600936889648,-293.2576599121094,5302.826171875,128.98008728027344,-198.45228576660156,5144.5009765625,215.63145446777344,-171.9775390625,5150.86376953125,137.86123657226562,-222.95704650878903,5147.6650390625,224.84910583496097,-162.16665649414062,5129.66015625,297.6139831542969,-107.81963348388672,5233.56005859375,295.3617858886719,235.8465881347656,5303.4658203125,287.3375549316406,559.6912841796875,5389.49072265625,290.59979248046875,685.2744750976562,5283.88427734375,146.7933349609375,-110.19046020507812,5251.56494140625,160.45462036132812,233.107421875,5320.0751953125,182.87684631347656,560.57568359375,5403.60791015625,144.5758056640625,670.6763916015625,5307.634765625,228.7116546630859,-647.42822265625,5202.587890625,229.8047790527344,-638.5935668945312,5062.09912109375,251.83827209472656,-677.5027465820312,5082.22216796875,301.2554016113281,-698.67626953125,5179.3994140625,206.31834411621097,-673.3051147460938,5079.35595703125,155.90760803222656,-699.4652709960938,5179.10009765625
220.08836364746097,-108.89148712158205,5252.7568359375,222.09133911132812,-263.7201843261719,5238.9423828125,224.64260864257812,-387.7962951660156,5245.58642578125,231.50779724121097,-576.3560791015625,5231.9326171875,259.7439880371094,-544.4102172851562,5234.4462890625,364.0677795410156,-483.7405700683594,5203.59326171875,265.75433349609375,-269.4812927246094,5252.6826171875,161.53919982910156,-124.64803314208984,5157.7744140625,171.42481994628906,-41.33085250854492,5156.8837890625,239.07275390625,-104.4719467163086,5139.50244140625,243.83628845214844,-87.4084243774414,5100.22216796875,201.1434326171875,-546.1166381835938,5235.75341796875,95.68902587890624,-510.6367492675781,5208.32568359375,40.35055160522461,-293.7988586425781,5308.904296875,129.98699951171875,-193.49005126953125,5154.6669921875,217.05059814453125,-170.97315979003906,5146.01171875,138.7234344482422,-219.9597930908203,5151.5166015625,223.4027099609375,-159.58358764648438,5131.85791015625,299.4156494140625,-107.48722839355467,5248.51953125,293.99822998046875,235.40628051757812,5312.4169921875,283.5834045410156,558.892578125,5392.3642578125,278.50946044921875,676.35205078125,5279.11572265625,148.55545043945312,-110.15776824951172,5256.57763671875,166.72389221191406,232.22073364257812,5318.81298828125,191.8786163330078,558.7784423828125,5397.6884765625,157.8186798095703,664.5130004882812,5296.6083984375,233.77195739746097,-645.5070190429688,5215.21484375,238.02801513671875,-646.3965454101562,5075.263671875,257.7121276855469,-684.5840454101562,5098.349609375,303.9092712402344,-701.1590576171875,5197.31201171875,212.74496459960935,-678.5692749023438,5094.18701171875,159.4929962158203,-695.4175415039062,5193.75830078125
220.09120178222656,-108.89151000976562,5252.7587890625,222.0930633544922,-263.720458984375,5238.9453125,224.6436004638672,-387.7966613769531,5245.58935546875,231.505615234375,-576.3565673828125,5231.9326171875,259.74237060546875,-544.4110717773438,5234.4453125,364.0661926269531,-483.7430725097656,5203.58837890625,265.76129150390625,-269.4806823730469,5252.6826171875,161.54660034179688,-124.64351654052734,5157.77978515625,171.43482971191406,-41.32654571533203,5156.888671875,239.0801239013672,-104.46975708007812,5139.50390625,243.84255981445312,-87.40616607666016,5100.22412109375,201.1417999267578,-546.1167602539062,5235.7548828125,95.68561553955078,-510.635009765625,5208.33642578125,40.35736083984375,-293.8023376464844,5308.93212890625,129.9820556640625,-193.4830780029297,5154.6943359375,217.04586791992188,-170.96615600585938,5146.041015625,138.7198486328125,-219.9553070068359,5151.54052734375,223.39903259277344,-159.5765380859375,5131.890625,299.4185791015625,-107.48775482177734,5248.521484375,294.0054016113281,235.40614318847656,5312.41943359375,283.5929870605469,558.8922729492188,5392.369140625,278.55029296875,676.3630981445312,5279.130859375,148.55824279785156,-110.15734100341795,5256.58056640625,166.73377990722656,232.22235107421875,5318.80908203125,191.89599609375,558.7823486328125,5397.6748046875,157.83131408691406,664.52001953125,5296.59912109375,233.76808166503903,-645.5074462890625,5215.21337890625,238.0166473388672,-646.3981323242188,5075.26123046875,257.7029113769531,-684.5849609375,5098.3466796875,303.90582275390625,-701.1580200195312,5197.306640625,212.7353057861328,-678.5713500976562,5094.1865234375,159.489013671875,-695.4199829101562,5193.7607421875
224.6617126464844,-112.76322174072266,5262.9443359375,230.83241271972656,-267.8573303222656,5250.26123046875,236.77798461914065,-391.9568176269531,5258.3037109375,240.4345245361328,-578.1658935546875,5223.24609375,269.23333740234375,-546.850341796875,5227.787109375,372.8561096191406,-484.611328125,5196.7998046875,273.7201232910156,-272.4288635253906,5254.59375,166.00772094726562,-122.31652069091795,5171.79736328125,171.44248962402344,-40.07313537597656,5155.30712890625,238.13650512695312,-104.53230285644533,5138.16845703125,243.34182739257812,-87.45927429199219,5100.59375,210.6631622314453,-548.2783813476562,5232.080078125,103.26931762695312,-511.20550537109375,5215.6240234375,53.66779708862305,-295.7972412109375,5323.099609375,134.03993225097656,-190.35252380371097,5166.71240234375,219.8555450439453,-172.1409912109375,5144.4599609375,141.31358337402344,-219.81100463867188,5156.888671875,224.59271240234375,-158.96713256835938,5131.5869140625,304.0566711425781,-109.24453735351562,5258.54443359375,298.7716369628906,234.4553680419922,5321.51611328125,289.2193603515625,559.3543701171875,5398.26171875,283.3086853027344,678.83837890625,5286.76513671875,153.06776428222656,-115.93616485595705,5266.91162109375,166.48826599121094,228.4958343505859,5322.10888671875,186.51658630371097,557.4124145507812,5394.99462890625,146.37294006347656,663.7659301757812,5296.4296875,240.8988800048828,-645.1353149414062,5198.76220703125,240.32730102539065,-647.8001708984375,5058.52001953125,262.9259033203125,-684.5806884765625,5081.40478515625,313.4730529785156,-697.1982421875,5179.03564453125,217.4963226318359,-681.0967407226562,5078.7626953125,168.66627502441406,-699.4459228515625,5180.544921875
226.52793884277344,-114.3330078125,5260.109375,232.9903106689453,-269.26458740234375,5247.12109375,239.11712646484375,-393.2715759277344,5254.90576171875,242.56234741210935,-579.2197875976562,5219.267578125,271.3541259765625,-547.9073486328125,5223.5439453125,375.3779602050781,-486.94287109375,5191.779296875,282.88824462890625,-275.3150634765625,5260.740234375,176.30348205566406,-119.90192413330078,5187.17578125,185.28282165527344,-36.699256896972656,5194.302734375,249.2218475341797,-99.1767807006836,5164.4541015625,265.7626037597656,-79.69960021972656,5136.2314453125,212.89016723632812,-549.420166015625,5228.55126953125,105.36200714111328,-512.0978393554688,5214.3291015625,55.61983871459961,-297.3690185546875,5322.64599609375,132.88970947265625,-189.05014038085935,5166.8759765625,218.5716094970703,-171.12734985351562,5144.17333984375,140.7325897216797,-219.69932556152344,5156.97216796875,223.6283416748047,-158.6168975830078,5132.11962890625,305.8653564453125,-110.67462921142578,5255.94482421875,300.405029296875,231.77960205078125,5323.9345703125,289.6002197265625,555.0960693359375,5405.8583984375,299.3252868652344,684.466796875,5306.517578125,154.98593139648438,-117.63194274902344,5263.865234375,166.64219665527344,226.77015686035156,5317.8681640625,185.3783264160156,555.5921630859375,5390.2705078125,147.07711791992188,664.3759765625,5293.83203125,242.8047790527344,-646.0604858398438,5194.59521484375,234.3446044921875,-648.7093505859375,5054.71923828125,261.17877197265625,-683.4672241210938,5076.05517578125,318.1191101074219,-691.8738403320312,5170.466796875,215.5767364501953,-683.7659912109375,5076.05517578125,174.44293212890625,-706.1259765625,5180.3037109375
224.2939453125,-123.46487426757812,5253.005859375,233.90866088867188,-274.414306640625,5236.19580078125,242.8387451171875,-395.7306823730469,5238.46435546875,249.7866668701172,-580.2427368164062,5224.12646484375,277.317138671875,-548.7763061523438,5224.50390625,385.4592590332031,-500.2752075195313,5195.81298828125,407.4525451660156,-276.8951721191406,5267.8291015625,360.6810302734375,-110.02156066894533,5172.380859375,388.5771789550781,-39.4995002746582,5203.9345703125,367.5701904296875,-110.01692962646484,5148.41796875,398.2427978515625,-1.3931915760040283,5190.7177734375,220.23741149902344,-550.8614501953125,5230.25390625,112.45256042480467,-520.6311645507812,5222.9306640625,73.77497863769531,-307.95050048828125,5327.63037109375,110.25181579589844,-171.33363342285156,5185.689453125,189.8898468017578,-143.9252471923828,5158.69384765625,121.27291870117188,-193.73480224609375,5190.62060546875,192.3953094482422,-139.86456298828125,5135.6533203125,301.6502990722656,-117.8809585571289,5247.10888671875,307.10919189453125,217.5013885498047,5311.22900390625,308.82171630859375,532.785888671875,5395.54638671875,305.3499755859375,668.0828247070312,5310.5703125,154.53834533691406,-128.50015258789062,5258.32373046875,164.07968139648438,208.6880645751953,5309.16357421875,182.1363983154297,529.92919921875,5381.603515625,148.40948486328125,645.0825805664062,5296.63134765625,251.1921234130859,-647.8870849609375,5207.4580078125,239.2084045410156,-642.5169677734375,5071.0146484375,265.69464111328125,-677.8548583984375,5089.16455078125,323.7752685546875,-691.8109130859375,5179.31103515625,221.111083984375,-677.8099365234375,5090.3720703125,183.44871520996097,-705.2208251953125,5191.96826171875
