1474.7816162109375,42.3914680480957,2475.053466796875,1486.2052001953125,-121.03021240234376,2440.724365234375,1503.8599853515625,-253.1519470214844,2428.9951171875,1497.3385009765625,-448.88323974609375,2373.00537109375,1526.3575439453125,-413.604736328125,2367.71484375,1639.468017578125,-363.3450317382813,2316.0693359375,1672.4168701171875,-120.65745544433594,2231.016845703125,1455.975341796875,-99.23234558105467,2237.658203125,1416.7935791015625,-160.06564331054688,2291.747314453125,1353.077880859375,-89.40653991699219,2326.741943359375,1358.317626953125,-150.7052764892578,2270.4375,1471.538818359375,-419.9691162109375,2398.385498046875,1368.5679931640625,-395.7679443359375,2461.90283203125,1280.0277099609375,-198.7651824951172,2614.00390625,1357.0966796875,-54.91598129272461,2465.935302734375,1281.2117919921875,-58.08723068237305,2405.16259765625,1379.6593017578125,-52.90263366699219,2390.656005859375,1344.383544921875,-99.67206573486328,2336.74609375,1549.5660400390625,55.872501373291016,2435.763916015625,1501.1788330078125,424.1149291992187,2491.66357421875,1520.2430419921875,744.1141357421875,2653.1611328125,1458.77392578125,900.019775390625,2600.18408203125,1407.3453369140625,30.23502540588379,2510.48291015625,1358.0411376953125,402.1615905761719,2508.293701171875,1371.310791015625,750.0818481445312,2610.003173828125,1311.8502197265625,884.1539916992188,2541.8955078125,1488.6971435546875,-518.3309936523438,2341.76904296875,1424.7171630859375,-468.607177734375,2214.639892578125,1448.28466796875,-515.4992065429688,2212.8271484375,1537.3079833984375,-567.6548461914062,2271.991943359375,1404.6619873046875,-508.3082275390625,2234.074951171875,1399.7401123046875,-561.8760986328125,2344.60205078125
1476.597412109375,42.27164840698242,2476.464111328125,1488.76904296875,-121.0136260986328,2442.00390625,1507.116455078125,-253.0051727294922,2430.3603515625,1503.6807861328125,-448.66357421875,2374.0791015625,1532.258056640625,-413.0037536621094,2369.076416015625,1644.5003662109375,-361.8924865722656,2316.492431640625,1672.7412109375,-121.11856079101562,2224.81787109375,1456.7431640625,-101.8505859375,2241.94921875,1422.882568359375,-163.14730834960938,2298.979736328125,1359.263916015625,-92.6558074951172,2334.392822265625,1364.3599853515625,-158.47584533691406,2278.997314453125,1477.2958984375,-420.1426696777344,2399.27490234375,1372.5435791015625,-396.8859252929687,2460.09814453125,1277.9736328125,-202.04734802246097,2611.207275390625,1359.0013427734375,-54.71152114868164,2468.8974609375,1284.120361328125,-55.50310897827149,2406.864990234375,1344.4588623046875,-44.2201042175293,2328.412109375,1347.8768310546875,-101.51195526123048,2339.34765625,1551.3218994140625,56.118255615234375,2437.246826171875,1500.74951171875,424.0970153808594,2492.1328125,1518.900390625,744.2425537109375,2653.190185546875,1455.575927734375,899.1283569335938,2599.596923828125,1409.2152099609375,29.785551071166992,2511.827880859375,1356.5430908203125,401.0934143066406,2506.236572265625,1369.357421875,749.3743896484375,2606.343994140625,1308.7174072265625,881.79638671875,2536.200439453125,1496.23095703125,-518.1539306640625,2342.690673828125,1436.66015625,-464.2853698730469,2215.165283203125,1458.69873046875,-511.8839721679687,2213.046875,1544.651611328125,-567.9081420898438,2273.1318359375,1414.9078369140625,-503.5963745117187,2233.497802734375,1405.87841796875,-558.745361328125,2342.939453125
1479.5391845703125,42.283294677734375,2477.576904296875,1489.024169921875,-120.7581024169922,2440.39453125,1502.3037109375,-252.5572509765625,2420.81884765625,1504.900146484375,-450.9524841308594,2374.139404296875,1532.83349609375,-414.8713073730469,2368.180908203125,1645.1895751953125,-362.618896484375,2316.62158203125,1673.8231201171875,-122.7090072631836,2222.0986328125,1458.0477294921875,-100.62125396728516,2241.328125,1425.9503173828125,-162.92616271972656,2298.43212890625,1365.113037109375,-88.86253356933594,2331.671630859375,1365.888427734375,-157.10528564453125,2281.73291015625,1477.130126953125,-421.8454284667969,2397.170654296875,1370.2242431640625,-398.3353271484375,2454.292236328125,1284.013671875,-204.2884063720703,2611.7587890625,1359.4910888671875,-55.3395881652832,2467.737548828125,1286.1871337890625,-62.09659576416016,2404.05029296875,1350.096435546875,-48.727840423583984,2328.68408203125,1349.9354248046875,-101.55918884277344,2338.547607421875,1554.072998046875,55.720314025878906,2437.669921875,1501.188232421875,423.509765625,2494.24658203125,1520.120849609375,742.7039184570312,2657.89892578125,1451.0877685546875,892.2469482421875,2596.203857421875,1412.3287353515625,30.166540145874023,2513.56298828125,1355.2950439453125,401.0919799804687,2502.414306640625,1371.7720947265625,747.8963012695312,2608.28955078125,1308.939697265625,878.1900634765625,2535.750244140625,1499.9234619140625,-522.118896484375,2345.9931640625,1447.272216796875,-460.1913757324219,2218.900634765625,1470.329833984375,-507.2389221191406,2214.86083984375,1553.5472412109375,-566.1568603515625,2276.255126953125,1425.162353515625,-501.05816650390625,2233.059326171875,1410.4300537109375,-563.9971313476562,2337.715576171875
1480.7001953125,42.75183868408203,2478.355712890625,1490.0322265625,-121.09259033203124,2441.273193359375,1502.7489013671875,-253.44692993164065,2420.966064453125,1502.450439453125,-451.6357116699219,2369.57568359375,1530.8701171875,-415.5964660644531,2364.084716796875,1644.212158203125,-363.38031005859375,2313.079345703125,1676.9290771484375,-120.82536315917967,2223.564208984375,1460.0775146484375,-97.17481994628906,2239.656005859375,1427.9493408203125,-162.18382263183594,2294.319091796875,1375.4599609375,-77.74488830566406,2316.655517578125,1369.05029296875,-158.2290496826172,2284.85595703125,1475.16943359375,-422.6059875488281,2393.682861328125,1369.7967529296875,-398.5592346191406,2454.509765625,1281.6729736328125,-200.66879272460935,2608.080322265625,1363.83984375,-53.7358512878418,2464.132080078125,1292.7921142578125,-61.02947998046875,2397.353759765625,1347.679443359375,-49.74334716796875,2314.332275390625,1351.935791015625,-97.6114273071289,2334.94482421875,1555.548583984375,56.1065788269043,2438.185546875,1502.9217529296875,425.1197204589844,2498.1552734375,1523.043701171875,746.1190185546875,2661.678466796875,1455.3524169921875,899.4985961914062,2605.9501953125,1413.2059326171875,30.70928001403809,2514.578857421875,1355.5606689453125,403.19573974609375,2501.896484375,1373.404052734375,750.8085327148438,2610.458251953125,1313.9759521484375,887.6595458984375,2545.946044921875,1496.280517578125,-522.3994140625,2339.7607421875,1441.5469970703125,-458.8865051269531,2213.5283203125,1459.731689453125,-508.290283203125,2209.674560546875,1541.0120849609375,-573.66455078125,2268.09326171875,1416.4412841796875,-497.1370849609375,2230.475830078125,1402.3990478515625,-555.6286010742188,2338.405517578125
1480.92041015625,43.70255661010742,2479.118408203125,1488.82568359375,-120.22673797607422,2442.03173828125,1502.49853515625,-253.09991455078125,2426.163818359375,1499.9613037109375,-449.49658203125,2368.310546875,1528.570068359375,-413.494873046875,2363.583251953125,1642.417236328125,-364.4586791992187,2310.56396484375,1693.60546875,-119.87680053710938,2236.50830078125,1476.4876708984375,-93.6727523803711,2241.212646484375,1440.724609375,-162.6011505126953,2288.3017578125,1394.0677490234375,-73.20716857910156,2303.037109375,1381.73681640625,-155.83843994140625,2266.43701171875,1473.25146484375,-421.0823059082031,2393.7587890625,1367.697265625,-400.1043395996094,2455.416748046875,1275.536376953125,-198.5238494873047,2601.6728515625,1364.1676025390625,-56.92195892333984,2456.203369140625,1294.753662109375,-64.93059539794922,2387.799560546875,1349.3785400390625,-56.805564880371094,2304.2294921875,1353.097900390625,-102.45782470703124,2327.94482421875,1556.666015625,56.12738800048828,2440.343994140625,1500.5167236328125,426.2620849609375,2489.35498046875,1521.28173828125,744.8662109375,2657.467529296875,1457.83447265625,899.5584106445312,2600.3564453125,1412.6173095703125,32.49854278564453,2514.082763671875,1354.9857177734375,404.9488220214844,2499.689697265625,1375.6407470703125,750.035400390625,2615.637451171875,1311.545166015625,880.4310302734375,2542.7421875,1492.8255615234375,-519.2005615234375,2336.2841796875,1442.344482421875,-459.3276672363281,2206.5380859375,1465.3604736328125,-506.7557067871094,2203.80615234375,1547.6539306640625,-565.0463256835938,2268.03076171875,1419.7177734375,-499.99713134765625,2221.199462890625,1402.8895263671875,-561.0555419921875,2327.302490234375
1481.7178955078125,44.68560028076172,2479.026123046875,1489.1966552734375,-119.7399673461914,2442.157958984375,1501.9730224609375,-252.9138946533203,2425.272705078125,1495.5328369140625,-448.3170471191406,2362.75146484375,1524.7640380859375,-412.6046142578125,2358.547607421875,1639.0328369140625,-362.4731750488281,2306.621826171875,1690.87890625,-118.17700958251952,2229.8583984375,1475.026123046875,-88.86450958251953,2255.042724609375,1447.301025390625,-164.66578674316406,2297.15966796875,1397.8277587890625,-76.06199645996094,2308.927490234375,1387.6197509765625,-163.24639892578125,2274.19091796875,1469.5010986328125,-419.998046875,2389.2001953125,1364.8709716796875,-397.7522277832031,2452.582763671875,1267.894775390625,-190.88819885253903,2589.226318359375,1364.869384765625,-52.31893157958984,2445.33203125,1298.426025390625,-60.748512268066406,2373.756103515625,1345.3985595703125,-55.352027893066406,2285.167236328125,1349.736328125,-100.46128845214844,2318.976318359375,1557.494873046875,56.93070602416992,2439.786376953125,1498.948486328125,427.29150390625,2491.417724609375,1522.746337890625,746.684814453125,2659.548828125,1460.9501953125,906.4376831054688,2614.472900390625,1413.3865966796875,33.643653869628906,2514.41015625,1353.1771240234375,406.5049133300781,2497.03955078125,1371.2471923828125,755.5202026367188,2604.1640625,1314.760986328125,895.3193359375,2542.34619140625,1486.8798828125,-517.2955932617188,2329.110107421875,1423.9127197265625,-459.244140625,2203.626953125,1446.1571044921875,-507.0867004394531,2199.53955078125,1534.21435546875,-565.1769409179688,2256.43505859375,1402.46533203125,-499.468017578125,2221.36865234375,1395.895751953125,-558.4172973632812,2330.118896484375
1480.7254638671875,43.84986114501953,2477.40087890625,1486.9305419921875,-119.29461669921876,2439.56640625,1499.506103515625,-251.60958862304688,2422.68359375,1494.297607421875,-446.3797607421875,2362.43505859375,1523.32763671875,-410.8826293945313,2358.289306640625,1639.03857421875,-362.39495849609375,2310.409912109375,1674.283935546875,-119.1194076538086,2226.980224609375,1461.6492919921875,-82.81059265136719,2257.59619140625,1439.9246826171875,-161.656494140625,2296.240966796875,1372.76220703125,-86.34024810791016,2307.173583984375,1377.5836181640625,-163.3831329345703,2271.7451171875,1468.033203125,-418.0332336425781,2388.083984375,1363.845703125,-399.1202087402344,2451.713134765625,1259.8629150390625,-193.0560302734375,2580.88232421875,1363.966796875,-55.22087097167969,2443.614501953125,1299.599853515625,-60.118370056152344,2370.68603515625,1340.619384765625,-54.48160552978515,2279.912353515625,1347.8272705078125,-96.62863159179688,2316.91357421875,1555.112548828125,56.107303619384766,2436.745849609375,1502.423828125,423.4964294433594,2497.345947265625,1530.1827392578125,741.9855346679688,2661.54833984375,1459.991455078125,892.812744140625,2604.15869140625,1413.647216796875,32.79677963256836,2514.061279296875,1352.9334716796875,403.1994018554687,2498.7392578125,1371.675048828125,749.6574096679688,2606.05126953125,1294.0478515625,871.325927734375,2532.660888671875,1486.274169921875,-515.2625732421875,2329.587890625,1423.1025390625,-460.9988708496094,2203.692626953125,1446.24267578125,-508.1046142578125,2200.516845703125,1534.675537109375,-562.9827880859375,2258.390869140625,1402.5721435546875,-501.1217041015625,2221.877685546875,1396.7730712890625,-558.043212890625,2330.8466796875
1477.55908203125,44.098297119140625,2479.127197265625,1484.0557861328125,-118.0855712890625,2441.9013671875,1495.7716064453125,-249.6366271972656,2425.140625,1492.277099609375,-444.0804748535156,2368.15966796875,1520.964599609375,-408.7086791992187,2363.791748046875,1634.4632568359375,-361.0028991699219,2312.341796875,1671.1531982421875,-122.7989501953125,2220.4287109375,1461.69287109375,-82.58680725097656,2257.56884765625,1437.1053466796875,-159.94935607910156,2296.159912109375,1364.8150634765625,-90.01976776123047,2288.622314453125,1374.1514892578125,-162.9373016357422,2266.151123046875,1465.7691650390625,-415.6831970214844,2392.95849609375,1360.0980224609375,-397.8264770507813,2452.821044921875,1251.8720703125,-193.2256317138672,2577.328857421875,1359.6021728515625,-54.69057083129883,2445.92724609375,1297.60205078125,-58.323387145996094,2371.706298828125,1334.1435546875,-51.84346389770508,2279.775390625,1335.6021728515625,-110.20545959472656,2325.845947265625,1553.59912109375,55.519386291503906,2442.638671875,1502.5101318359375,422.7899169921875,2488.904296875,1528.0032958984375,737.0745849609375,2656.57421875,1462.659912109375,882.8920288085938,2585.53955078125,1408.990478515625,33.79939651489258,2512.0302734375,1353.374267578125,402.63629150390625,2497.746826171875,1373.32275390625,745.373046875,2608.962646484375,1286.9224853515625,848.00341796875,2520.15673828125,1485.013427734375,-513.0559692382812,2336.482421875,1408.827392578125,-467.7136535644531,2215.4990234375,1435.134521484375,-512.6846923828125,2211.606689453125,1531.16455078125,-558.6323852539062,2263.273681640625,1393.0736083984375,-508.501953125,2236.001220703125,1400.0650634765625,-562.227783203125,2345.643798828125
1474.6942138671875,43.251686096191406,2479.0146484375,1480.02099609375,-117.74187469482422,2442.067626953125,1490.5181884765625,-248.32809448242188,2424.949951171875,1484.7672119140625,-441.2015075683594,2368.262451171875,1513.6513671875,-406.4349060058594,2363.954833984375,1627.2406005859375,-360.8484802246094,2313.406494140625,1669.92431640625,-127.04328918457033,2218.31298828125,1463.5045166015625,-81.14739990234375,2256.339599609375,1437.205078125,-157.1138916015625,2294.992919921875,1362.378662109375,-91.65831756591795,2283.34619140625,1374.994384765625,-163.63052368164062,2276.45751953125,1458.79443359375,-412.7275390625,2392.8916015625,1353.78173828125,-395.5072021484375,2452.194091796875,1242.9486083984375,-195.6620330810547,2577.933349609375,1350.481689453125,-52.7275505065918,2454.062255859375,1288.2208251953125,-51.68534851074219,2380.93994140625,1331.3533935546875,-40.97203826904297,2293.1630859375,1324.553466796875,-104.54120635986328,2333.46044921875,1550.1951904296875,54.07767105102539,2442.7265625,1499.923828125,418.8200378417969,2487.035888671875,1526.7646484375,731.4675903320312,2651.78173828125,1460.8876953125,871.6517333984375,2573.52099609375,1406.6116943359375,33.48942184448242,2511.7373046875,1353.651123046875,399.8968505859375,2498.606201171875,1373.3876953125,741.766357421875,2603.49951171875,1280.9937744140625,830.70361328125,2508.38525390625,1476.75,-509.5409240722656,2336.776123046875,1400.271240234375,-462.8302307128906,2217.921630859375,1429.091796875,-505.5490112304687,2212.191162109375,1526.24365234375,-548.023193359375,2262.6708984375,1386.8336181640625,-505.1964416503906,2235.851806640625,1395.4420166015625,-563.7120971679688,2341.83544921875
1470.8551025390625,43.57659530639648,2475.317138671875,1469.8011474609375,-117.15396118164062,2443.718017578125,1475.4903564453125,-247.38217163085935,2431.13134765625,1468.3724365234375,-439.6421203613281,2378.943115234375,1497.52587890625,-405.6459655761719,2374.493408203125,1609.7794189453125,-356.9399719238281,2327.00146484375,1662.4498291015625,-130.0956268310547,2226.259033203125,1457.7498779296875,-75.18234252929688,2247.12548828125,1425.2674560546875,-148.34182739257812,2284.67333984375,1339.657470703125,-102.86905670166016,2263.538330078125,1373.744140625,-162.25669860839844,2287.684326171875,1442.53662109375,-410.5744323730469,2402.2431640625,1336.66552734375,-393.6258544921875,2457.78662109375,1231.704833984375,-198.4206695556641,2590.898681640625,1341.4736328125,-52.75522232055664,2475.829833984375,1274.7325439453125,-37.612491607666016,2409.655029296875,1327.210693359375,-23.446578979492188,2328.687255859375,1300.2255859375,-101.57835388183594,2358.34912109375,1545.4051513671875,50.45541000366211,2437.841552734375,1495.145263671875,411.83538818359375,2482.527587890625,1520.8328857421875,726.4426879882812,2636.7099609375,1453.11669921875,875.2288818359375,2583.177001953125,1403.6300048828125,37.373661041259766,2509.110595703125,1350.01416015625,400.446044921875,2497.64453125,1376.1304931640625,736.2911987304688,2609.653076171875,1307.3544921875,863.1320190429688,2544.630859375,1460.14111328125,-507.9337463378906,2349.041015625,1397.302001953125,-464.4751892089844,2222.8203125,1423.880126953125,-508.45123291015625,2221.83447265625,1513.107666015625,-552.507080078125,2282.22216796875,1380.231201171875,-504.6965026855469,2241.463134765625,1376.5870361328125,-557.1454467773438,2349.6689453125
1466.9708251953125,34.1185188293457,2474.236572265625,1463.6192626953125,-124.84738159179688,2445.000244140625,1464.6546630859375,-253.1016540527344,2429.0634765625,1455.8193359375,-442.6678161621094,2377.1845703125,1484.900390625,-409.3781127929687,2372.83837890625,1594.95947265625,-357.4982604980469,2328.385498046875,1652.3824462890625,-132.56161499023438,2234.505126953125,1450.489501953125,-75.94085693359375,2248.8896484375,1416.24169921875,-148.1275177001953,2283.96337890625,1334.51611328125,-99.15473175048828,2261.3759765625,1354.7569580078125,-147.67587280273438,2300.019775390625,1430.6077880859375,-413.7897338867187,2400.256103515625,1326.8115234375,-392.3384094238281,2454.736083984375,1225.2635498046875,-195.19525146484375,2580.930908203125,1328.5858154296875,-42.604251861572266,2474.44384765625,1260.3529052734375,-23.41346549987793,2412.77490234375,1329.4859619140625,-9.227039337158203,2347.334228515625,1296.58642578125,-96.37041473388672,2355.634765625,1541.0643310546875,39.21640396118164,2438.02392578125,1497.824951171875,396.5958557128906,2482.913330078125,1527.007568359375,707.9584350585938,2632.587646484375,1454.8843994140625,840.0252075195312,2554.001220703125,1400.157470703125,29.521530151367188,2506.890869140625,1350.60498046875,388.3878784179687,2497.8837890625,1368.64404296875,725.0921630859375,2593.003173828125,1274.0958251953125,809.9932861328125,2502.186279296875,1447.0445556640625,-509.9275207519531,2347.545166015625,1395.317138671875,-469.10064697265625,2217.697265625,1413.48046875,-516.3004150390625,2221.551025390625,1491.638916015625,-568.5200805664062,2287.590576171875,1371.46923828125,-503.28277587890625,2239.166015625,1357.3018798828125,-543.0712280273438,2350.127685546875
1462.9000244140625,35.812705993652344,2476.687255859375,1456.931640625,-124.7648468017578,2449.535400390625,1455.988525390625,-254.2766876220703,2435.4072265625,1444.7227783203125,-445.998291015625,2385.9560546875,1474.5111083984375,-412.9111633300781,2381.210205078125,1585.196044921875,-362.5444030761719,2333.634033203125,1642.23486328125,-133.50970458984375,2244.14013671875,1437.121826171875,-80.60760498046875,2248.2138671875,1402.4100341796875,-153.7855224609375,2282.520751953125,1322.873291015625,-98.26874542236328,2264.2421875,1319.6732177734375,-120.29861450195312,2260.689697265625,1419.600341796875,-416.1979675292969,2408.649169921875,1314.258056640625,-391.88818359375,2461.02392578125,1213.6131591796875,-183.6730804443359,2573.5869140625,1324.2855224609375,-34.82900619506836,2465.75732421875,1264.92529296875,-27.1151180267334,2392.364990234375,1317.5379638671875,-10.732596397399902,2312.514404296875,1293.927490234375,-91.76329040527344,2350.709716796875,1537.387939453125,39.31778717041016,2439.583984375,1495.2626953125,400.4846496582031,2478.479248046875,1525.9635009765625,716.9010620117188,2623.66455078125,1456.916748046875,857.2272338867188,2554.19921875,1395.7310791015625,32.65201950073242,2510.144775390625,1342.475830078125,393.71142578125,2494.616455078125,1371.7586669921875,729.7822265625,2599.12890625,1290.528564453125,840.301025390625,2521.82275390625,1435.0928955078125,-514.1171875,2357.061767578125,1379.99951171875,-465.924072265625,2229.832763671875,1402.1162109375,-512.0210571289062,2229.68505859375,1484.811767578125,-563.7796020507812,2292.073486328125,1358.8082275390625,-503.9900512695313,2248.1474609375,1347.64599609375,-554.8413696289062,2355.912841796875
1458.08447265625,37.02876663208008,2479.2802734375,1449.7896728515625,-123.44605255126952,2451.64453125,1446.8369140625,-252.9227752685547,2436.88134765625,1432.0189208984375,-444.7243957519531,2388.28466796875,1462.3436279296875,-412.1472473144531,2383.205810546875,1575.583251953125,-366.6786193847656,2336.537109375,1630.553466796875,-137.19898986816406,2246.531494140625,1426.704345703125,-79.66676330566406,2254.734130859375,1389.9454345703125,-151.89576721191406,2289.033447265625,1313.1739501953125,-92.99642944335938,2269.30712890625,1313.1610107421875,-125.88544464111328,2259.10693359375,1407.537109375,-414.3971252441406,2411.02490234375,1302.508544921875,-389.1208801269531,2463.709716796875,1204.8045654296875,-174.6222686767578,2566.977294921875,1326.46923828125,-37.99125671386719,2454.699951171875,1272.7034912109375,-35.820743560791016,2376.705322265625,1309.30859375,-26.5090389251709,2287.2880859375,1299.01806640625,-85.8592529296875,2337.70166015625,1532.693603515625,39.54990768432617,2442.246826171875,1495.192138671875,401.7805786132813,2477.5458984375,1533.1075439453125,718.2476806640625,2621.332763671875,1463.1695556640625,851.0343627929688,2538.9306640625,1390.8060302734375,34.75534439086914,2512.6748046875,1343.4853515625,396.55950927734375,2491.84423828125,1379.5821533203125,732.087890625,2596.568359375,1288.9132080078125,823.83349609375,2506.14794921875,1421.0513916015625,-512.8232421875,2359.72509765625,1371.542724609375,-465.9610290527344,2229.649169921875,1392.50537109375,-512.5968627929688,2231.197509765625,1471.738525390625,-565.0523071289062,2297.483642578125,1348.7823486328125,-503.1290588378906,2247.98681640625,1332.662109375,-551.4511108398438,2356.353515625
1452.8226318359375,33.230384826660156,2482.02783203125,1442.4818115234375,-126.81481170654295,2454.36083984375,1435.521728515625,-255.25355529785156,2434.7802734375,1420.2606201171875,-446.99114990234375,2387.579345703125,1450.785888671875,-414.6905517578125,2382.66552734375,1565.189453125,-367.4914245605469,2341.55810546875,1626.8116455078125,-139.17767333984375,2254.240234375,1421.0316162109375,-90.036376953125,2251.786865234375,1361.30078125,-142.66323852539062,2288.91943359375,1296.5172119140625,-68.67683410644531,2282.186767578125,1307.3258056640625,-123.89427185058594,2259.384765625,1395.698486328125,-416.4004211425781,2409.706787109375,1293.8692626953125,-385.8577880859375,2465.2978515625,1205.004638671875,-165.5969696044922,2563.095703125,1325.1873779296875,-35.79106903076172,2442.209716796875,1264.343505859375,-26.946020126342773,2370.33935546875,1305.6646728515625,-19.492982864379883,2283.021484375,1291.57666015625,-75.03581237792969,2322.505615234375,1526.892822265625,34.980167388916016,2444.220947265625,1492.531494140625,397.0306701660156,2477.528564453125,1539.057861328125,712.1629638671875,2620.14892578125,1466.634765625,816.06689453125,2505.4111328125,1386.0303955078125,31.652524948120117,2516.11962890625,1337.3734130859375,391.9745178222656,2486.3828125,1384.7061767578125,722.3898315429688,2600.29150390625,1273.363037109375,762.5147094726562,2496.776611328125,1409.2991943359375,-515.1236572265625,2359.46044921875,1364.3890380859375,-463.25433349609375,2229.92236328125,1383.90673828125,-510.43157958984375,2230.605712890625,1459.828857421875,-566.9668579101562,2297.0400390625,1340.168701171875,-500.1624755859375,2246.616455078125,1320.09423828125,-550.9263305664062,2352.94384765625
1450.5347900390625,35.93947219848633,2482.53857421875,1439.1129150390625,-123.06256866455078,2455.96533203125,1431.65869140625,-250.7864227294922,2437.970458984375,1414.2645263671875,-442.31732177734375,2396.8408203125,1444.8447265625,-410.7023620605469,2390.77587890625,1559.0670166015625,-368.6005859375,2346.619384765625,1635.1390380859375,-148.61660766601562,2254.507568359375,1433.849609375,-89.13961029052734,2263.9091796875,1377.82958984375,-144.53793334960938,2301.3466796875,1311.7054443359375,-73.0105209350586,2291.732421875,1322.3150634765625,-131.19871520996094,2279.85009765625,1390.3546142578125,-411.0677795410156,2418.107177734375,1288.3031005859375,-379.505615234375,2470.8466796875,1196.364990234375,-157.41636657714844,2556.179443359375,1317.513671875,-36.12932586669922,2430.161865234375,1258.2760009765625,-30.523487091064453,2357.494873046875,1298.44873046875,-26.302942276000977,2270.173095703125,1300.606201171875,-74.31356811523438,2306.752197265625,1524.004638671875,36.967552185058594,2444.8076171875,1495.8857421875,396.5314636230469,2482.72412109375,1545.96630859375,709.6569213867188,2622.5908203125,1472.2958984375,814.2752075195312,2511.113525390625,1384.2838134765625,35.01240921020508,2516.562255859375,1333.9884033203125,392.3844604492187,2485.142333984375,1379.1075439453125,722.983642578125,2591.571533203125,1264.937744140625,765.0377807617188,2493.71826171875,1402.489990234375,-510.6520080566406,2371.0078125,1360.3768310546875,-460.4259338378906,2241.03759765625,1381.224853515625,-506.62701416015625,2242.315673828125,1456.24609375,-560.40576171875,2310.63427734375,1337.0023193359375,-497.8542175292969,2256.826416015625,1315.349365234375,-549.0264282226562,2361.70361328125
1420.04248046875,18.908985137939453,2491.708740234375,1406.7491455078125,-134.0124969482422,2464.989990234375,1397.8079833984375,-256.9382019042969,2446.978515625,1373.358154296875,-439.3988342285156,2401.593017578125,1404.261962890625,-410.1283264160156,2397.060302734375,1515.855224609375,-371.572509765625,2356.484375,1596.1632080078125,-149.7535400390625,2305.588134765625,1403.526611328125,-90.93460845947266,2284.129150390625,1321.68310546875,-107.0178680419922,2294.849853515625,1281.9935302734375,-23.085742950439453,2277.9619140625,1292.1983642578125,-93.51203918457033,2263.898193359375,1351.3804931640625,-408.8719482421875,2422.6748046875,1254.877685546875,-374.026123046875,2474.287353515625,1177.8924560546875,-156.2902069091797,2558.7412109375,1290.16259765625,-30.633882522583008,2441.778564453125,1234.4462890625,-15.29399299621582,2372.0712890625,1284.0390625,-7.970386028289795,2294.02880859375,1269.53369140625,-43.80947494506836,2321.358154296875,1491.172607421875,18.98085021972656,2455.907958984375,1493.8106689453125,368.3677062988281,2468.480224609375,1554.2056884765625,669.561767578125,2599.927978515625,1500.4874267578125,773.2440795898438,2485.333251953125,1355.9014892578125,18.844181060791016,2523.991943359375,1326.24462890625,364.0260620117187,2479.9111328125,1376.202880859375,684.3568725585938,2574.237548828125,1270.977783203125,720.2462158203125,2472.757080078125,1359.4322509765625,-503.93896484375,2374.575927734375,1333.8614501953125,-465.8573303222656,2241.9501953125,1350.7232666015625,-511.1507873535156,2249.2734375,1413.044189453125,-560.34912109375,2326.429443359375,1307.6495361328125,-498.8911437988281,2258.175537109375,1274.3052978515625,-536.69921875,2360.896240234375
1410.759765625,13.008209228515623,2502.149169921875,1393.238037109375,-139.85630798339844,2474.270751953125,1381.091796875,-262.9112548828125,2455.896484375,1347.1195068359375,-442.79443359375,2403.950927734375,1379.8946533203125,-415.1691284179687,2401.073974609375,1497.0693359375,-389.6823425292969,2364.7470703125,1607.991455078125,-178.67080688476562,2321.89208984375,1424.614501953125,-97.38115692138672,2288.852294921875,1340.7208251953125,-93.28140258789062,2280.586669921875,1270.3787841796875,-35.101470947265625,2255.35205078125,1308.8592529296875,-94.50739288330078,2278.354736328125,1326.35009765625,-411.57232666015625,2425.55322265625,1231.5819091796875,-374.0076904296875,2479.353759765625,1167.0006103515625,-152.47950744628906,2566.88330078125,1275.59814453125,-7.218196868896484,2469.490478515625,1235.947998046875,-15.067103385925291,2388.099609375,1252.0166015625,-8.166690826416016,2296.6650390625,1265.16064453125,-21.412738800048828,2355.644287109375,1482.7451171875,11.078749656677246,2467.4853515625,1496.72998046875,361.6446228027344,2461.898193359375,1567.828369140625,658.3112182617188,2601.13916015625,1535.3682861328125,795.3109130859375,2516.64501953125,1345.847412109375,14.748086929321287,2533.40673828125,1315.8681640625,359.4883117675781,2477.605224609375,1383.056640625,672.435302734375,2588.881591796875,1295.935791015625,773.2281494140625,2517.650634765625,1330.0955810546875,-505.775146484375,2374.457763671875,1312.513671875,-461.5371398925781,2241.904541015625,1333.4285888671875,-505.460693359375,2248.235107421875,1393.68798828125,-553.375732421875,2328.35546875,1288.515625,-498.1676330566406,2253.680908203125,1250.1881103515625,-546.0523681640625,2350.76806640625
1388.6282958984375,7.923582553863525,2506.5146484375,1374.4698486328125,-142.47076416015625,2477.012451171875,1364.2298583984375,-263.2563171386719,2455.885498046875,1336.141845703125,-441.32672119140625,2405.0595703125,1367.7381591796875,-413.3307189941406,2402.611572265625,1480.8131103515625,-379.5387268066406,2366.81005859375,1581.7012939453125,-166.74603271484375,2329.693603515625,1410.723388671875,-74.16032409667969,2282.44384765625,1329.0972900390625,-89.14226531982422,2278.717529296875,1252.5277099609375,-40.918643951416016,2256.321533203125,1341.2025146484375,-94.05547332763672,2367.70654296875,1314.584716796875,-411.03863525390625,2425.85302734375,1220.494140625,-372.1915588378906,2475.95458984375,1140.779541015625,-160.62985229492188,2564.807861328125,1226.34130859375,-1.8129348754882812,2472.533935546875,1195.1502685546875,17.359966278076172,2390.923583984375,1204.057861328125,46.02519989013672,2304.3505859375,1230.991943359375,-10.053433418273926,2352.3095703125,1460.6123046875,7.368796825408936,2474.796875,1491.9407958984375,350.8947448730469,2457.697021484375,1557.55615234375,637.5200805664062,2607.6572265625,1540.482421875,753.7100219726562,2496.61865234375,1323.7171630859375,8.423857688903809,2535.115966796875,1311.8565673828125,348.6567077636719,2479.184814453125,1402.9659423828125,610.0127563476562,2665.313232421875,1334.2728271484375,700.7916259765625,2569.647705078125,1321.4383544921875,-503.8493347167969,2376.057861328125,1280.119140625,-456.373291015625,2252.53955078125,1302.2420654296875,-499.2878723144531,2253.35107421875,1375.6229248046875,-547.6438598632812,2318.453369140625,1259.609130859375,-493.35064697265625,2266.83203125,1240.5728759765625,-544.5536499023438,2365.789306640625
1385.629638671875,10.067404747009276,2513.1923828125,1366.239501953125,-138.44656372070312,2480.029541015625,1352.3868408203125,-258.1702880859375,2457.352294921875,1318.9952392578125,-433.9967956542969,2404.261962890625,1351.8572998046875,-407.6135864257813,2403.772216796875,1467.578369140625,-381.1612243652344,2371.872314453125,1586.3143310546875,-183.2931671142578,2315.217529296875,1425.2235107421875,-70.81734466552734,2280.991943359375,1344.769775390625,-86.00849151611328,2293.314453125,1268.1092529296875,-34.19709777832031,2284.884033203125,1347.4327392578125,-101.56336212158205,2358.03759765625,1297.8052978515625,-402.87451171875,2423.878173828125,1201.572265625,-365.1184997558594,2469.710205078125,1137.7867431640625,-154.401611328125,2570.437744140625,1218.69140625,6.41845178604126,2478.9111328125,1177.929931640625,18.91288375854492,2400.61669921875,1208.886962890625,47.54780197143555,2319.611083984375,1186.337646484375,11.332046508789062,2374.876953125,1457.403076171875,7.722743034362793,2481.727294921875,1487.904541015625,349.6578674316406,2456.3759765625,1554.9219970703125,632.2894897460938,2610.81982421875,1539.00390625,745.09716796875,2496.938720703125,1320.908447265625,12.181690216064451,2541.56591796875,1314.1510009765625,350.15838623046875,2478.606689453125,1394.7105712890625,620.3707275390625,2654.700927734375,1327.8046875,704.8524169921875,2552.960205078125,1303.097412109375,-495.4754943847656,2374.244384765625,1275.367431640625,-450.497314453125,2246.578857421875,1286.4161376953125,-497.0789184570313,2251.51318359375,1345.31396484375,-555.6292724609375,2322.1171875,1246.5308837890625,-479.98199462890625,2263.2568359375,1215.15087890625,-516.2160034179688,2365.208984375
1369.2724609375,24.316999435424805,2525.9130859375,1344.6282958984375,-126.70716857910156,2493.250732421875,1326.1383056640625,-248.2418212890625,2470.126953125,1286.28076171875,-427.78021240234375,2420.7998046875,1320.6866455078125,-402.03118896484375,2419.71484375,1439.926025390625,-382.5550842285156,2386.226318359375,1573.64013671875,-193.228759765625,2315.404052734375,1410.7620849609375,-79.91636657714844,2270.5751953125,1332.2266845703125,-88.17674255371094,2300.51171875,1264.1385498046875,-23.618541717529297,2313.8232421875,1347.3546142578125,-102.16857147216795,2368.446533203125,1265.669189453125,-394.785400390625,2439.818115234375,1170.6761474609375,-349.9560852050781,2487.461669921875,1102.8509521484375,-126.54244995117188,2567.894287109375,1172.4364013671875,45.775146484375,2479.027587890625,1157.6759033203125,52.03314208984375,2389.520263671875,1161.952880859375,70.83802795410156,2298.387939453125,1181.22509765625,35.19302749633789,2364.927490234375,1442.7232666015625,19.076473236083984,2494.724609375,1474.6697998046875,367.5135803222656,2465.592041015625,1545.2291259765625,655.4102783203125,2622.856689453125,1536.7691650390625,761.128662109375,2497.366455078125,1303.0386962890625,29.042612075805664,2554.037109375,1312.2420654296875,370.6762390136719,2475.206787109375,1394.83056640625,635.5868530273438,2670.08642578125,1327.100341796875,712.8550415039062,2559.208251953125,1268.0848388671875,-490.73779296875,2391.85302734375,1258.0701904296875,-447.79937744140625,2257.9970703125,1273.773193359375,-493.6727600097656,2265.6689453125,1326.7664794921875,-546.269775390625,2348.052734375,1229.8521728515625,-481.2369689941406,2270.023681640625,1184.53564453125,-522.3049926757812,2367.307861328125
1353.5086669921875,33.68699264526367,2544.028076171875,1324.3240966796875,-122.1454620361328,2510.58984375,1301.7637939453125,-247.2844390869141,2485.880859375,1258.7213134765625,-428.53997802734375,2421.285888671875,1294.8203125,-402.54193115234375,2422.9033203125,1419.4017333984375,-376.2384948730469,2397.5341796875,1525.7628173828125,-159.7882537841797,2328.065673828125,1340.6732177734375,-65.88910675048828,2292.053466796875,1270.3651123046875,-16.693714141845703,2308.929931640625,1201.3665771484375,52.49270248413086,2318.045654296875,1299.7557373046875,-41.15760040283203,2399.148193359375,1237.434326171875,-395.3717956542969,2442.67724609375,1145.0748291015625,-341.14825439453125,2495.54736328125,1083.2322998046875,-103.1462860107422,2565.73046875,1139.56591796875,69.17481231689453,2453.3271484375,1137.3087158203125,71.6544418334961,2359.223388671875,1141.5169677734375,83.4097671508789,2263.57373046875,1148.148193359375,49.75913619995117,2342.513427734375,1429.842529296875,26.08526039123535,2512.831298828125,1465.2762451171875,385.04779052734375,2467.15283203125,1521.3597412109375,713.8905639648438,2564.40478515625,1530.4271240234375,845.669921875,2457.16357421875,1284.67529296875,40.541805267333984,2572.159423828125,1313.7410888671875,388.9501037597656,2473.779541015625,1406.322021484375,592.8357543945312,2744.249267578125,1421.4891357421875,748.5758056640625,2748.714599609375,1239.5924072265625,-491.2073059082031,2386.48828125,1248.522705078125,-441.269775390625,2249.649658203125,1262.9080810546875,-489.34722900390625,2257.759033203125,1305.0855712890625,-548.0900268554688,2347.349609375,1217.416015625,-475.7792053222656,2256.67822265625,1156.81640625,-521.2273559570312,2348.44873046875
1350.3717041015625,42.60405349731445,2553.703857421875,1312.9334716796875,-110.7521514892578,2516.633056640625,1284.470947265625,-234.62684631347656,2491.137451171875,1238.8076171875,-414.9634094238281,2425.318603515625,1275.5477294921875,-389.92974853515625,2428.177734375,1402.0159912109375,-374.71246337890625,2402.56298828125,1506.673583984375,-156.00250244140625,2336.997314453125,1326.58056640625,-52.17118453979492,2301.98486328125,1272.8531494140625,-7.02646017074585,2354.284912109375,1245.3956298828125,64.43917846679688,2415.801025390625,1252.1697998046875,13.919822692871094,2368.793701171875,1217.666259765625,-381.1462707519531,2445.895263671875,1119.5921630859375,-332.5284729003906,2493.909912109375,1069.5142822265625,-91.11811065673828,2562.53173828125,1105.53759765625,84.53384399414062,2446.681396484375,1100.0975341796875,107.26234436035156,2355.3896484375,1120.184326171875,138.34262084960938,2266.229248046875,1108.6268310546875,96.28563690185548,2334.286376953125,1426.61328125,31.360008239746097,2523.22119140625,1462.5374755859375,388.54156494140625,2463.80517578125,1514.0001220703125,724.9894409179688,2535.08642578125,1529.638427734375,852.9480590820312,2423.84228515625,1281.6212158203125,52.743309020996094,2581.19140625,1312.9222412109375,399.1834411621094,2475.767578125,1414.202880859375,585.43115234375,2756.014404296875,1452.8131103515625,735.2035522460938,2780.916259765625,1219.21728515625,-477.23187255859375,2389.94482421875,1207.7783203125,-422.6072082519531,2254.976806640625,1228.8314208984375,-468.6846923828125,2259.640625,1287.0096435546875,-524.1103515625,2342.222900390625,1182.0941162109375,-461.04644775390625,2263.582275390625,1137.326904296875,-516.5691528320312,2358.94775390625
1336.484130859375,58.607643127441406,2565.5859375,1291.395751953125,-91.9115219116211,2525.79296875,1256.7340087890625,-213.71531677246097,2498.33935546875,1207.8079833984375,-394.62298583984375,2436.814697265625,1244.9801025390625,-370.2059326171875,2439.07763671875,1372.575439453125,-364.4514465332031,2415.53173828125,1481.364013671875,-149.88247680664062,2343.701171875,1300.1572265625,-53.05963897705078,2296.8681640625,1251.061767578125,7.2379150390625,2336.96240234375,1221.58203125,92.52532196044922,2375.622314453125,1232.9942626953125,21.35890769958496,2368.538330078125,1187.3001708984375,-359.9693298339844,2456.584716796875,1087.830322265625,-311.874267578125,2502.065673828125,1020.49169921875,-71.53096771240234,2558.125,1047.6600341796875,113.6047821044922,2455.549072265625,1078.4906005859375,138.82118225097656,2370.186767578125,1083.468994140625,151.05270385742188,2274.59912109375,1116.128173828125,116.1741180419922,2357.268798828125,1412.524169921875,43.55598831176758,2536.360595703125,1455.0321044921875,397.0755310058594,2462.14453125,1521.1143798828125,727.6888427734375,2546.734375,1542.886962890625,858.6616821289062,2440.23779296875,1267.9154052734375,72.18037414550781,2591.939697265625,1313.4981689453125,413.24847412109375,2475.315673828125,1425.74169921875,570.9453125,2768.4296875,1469.3463134765625,717.8599243164062,2800.635986328125,1187.0860595703125,-457.3170471191406,2402.932861328125,1200.7933349609375,-414.1666870117187,2264.13916015625,1217.6629638671875,-460.7217712402344,2275.71630859375,1258.181396484375,-511.7932434082031,2370.6669921875,1171.53564453125,-450.23284912109375,2271.399169921875,1108.656982421875,-494.6673889160156,2362.18310546875
1315.5928955078125,69.62153625488281,2587.938232421875,1268.5426025390625,-79.29395294189453,2542.445556640625,1231.6070556640625,-199.3557281494141,2508.806884765625,1179.8699951171875,-379.0086975097656,2443.759521484375,1217.765869140625,-355.6896057128906,2447.917236328125,1346.6705322265625,-357.4683532714844,2428.723388671875,1466.886962890625,-152.69468688964844,2344.47314453125,1296.033203125,-31.27870750427246,2316.426513671875,1243.8646240234375,25.11460304260254,2358.927734375,1212.735107421875,114.69908142089844,2385.604248046875,1218.1656494140625,39.559608459472656,2371.1552734375,1159.4661865234375,-343.6971130371094,2462.821533203125,1056.637451171875,-297.5892639160156,2503.78076171875,990.2403564453124,-54.93025588989258,2554.919189453125,1020.8577880859376,138.81903076171875,2468.997314453125,1045.876220703125,167.14083862304688,2382.347900390625,1049.262939453125,187.9925994873047,2287.84228515625,1096.3109130859375,154.28396606445312,2371.292724609375,1392.970703125,52.93764877319336,2562.5244140625,1451.27392578125,396.7375793457031,2454.665771484375,1511.8486328125,669.5048828125,2663.50732421875,1530.9366455078125,830.8189697265625,2610.69873046875,1245.81787109375,84.66612243652344,2610.855224609375,1311.813720703125,419.0320739746094,2481.28515625,1391.18994140625,573.1022338867188,2788.240478515625,1426.46533203125,722.8751831054688,2820.185302734375,1158.7579345703125,-441.09375,2408.449462890625,1174.1497802734375,-396.6654968261719,2269.689697265625,1187.10595703125,-444.8829650878906,2280.2529296875,1224.562744140625,-501.1798706054687,2373.9951171875,1141.8514404296875,-430.2898864746094,2276.86083984375,1076.4718017578125,-470.8418884277344,2368.248046875
1281.7928466796875,93.2397003173828,2611.703857421875,1236.898193359375,-59.80558013916016,2559.63818359375,1201.5098876953125,-183.0934295654297,2520.41357421875,1149.07666015625,-366.65277099609375,2448.007080078125,1188.154541015625,-342.92376708984375,2453.88916015625,1322.177490234375,-351.1657409667969,2447.331787109375,1449.060302734375,-140.44349670410156,2363.461669921875,1277.7618408203125,-18.353008270263672,2305.784423828125,1219.093994140625,47.242313385009766,2327.1337890625,1200.568603515625,136.81504821777344,2371.40087890625,1195.427978515625,67.7953872680664,2360.874267578125,1127.6790771484375,-330.5223388671875,2467.825927734375,1021.809326171875,-282.6431884765625,2510.192138671875,959.6430053710938,-29.36810302734375,2556.061767578125,989.818359375,167.83226013183594,2461.24853515625,1014.6627197265624,209.8193359375,2376.827880859375,1021.0633544921876,249.1700897216797,2285.24658203125,1042.3299560546875,201.5311737060547,2358.2509765625,1362.8104248046875,77.35660552978516,2588.53271484375,1439.463623046875,418.26654052734375,2448.36865234375,1525.027099609375,685.0887451171875,2674.07568359375,1575.7823486328125,847.81298828125,2629.53759765625,1208.73583984375,107.56219482421876,2632.598388671875,1297.3111572265625,439.1721801757813,2478.892333984375,1416.0885009765625,577.7593383789062,2793.34814453125,1468.3057861328125,727.4764404296875,2826.99951171875,1127.9959716796875,-429.7946166992187,2409.665283203125,1157.7427978515625,-379.1486511230469,2270.43115234375,1169.619140625,-429.3821105957031,2280.740234375,1198.444091796875,-491.2442932128906,2378.492431640625,1123.6044921875,-413.69085693359375,2273.38916015625,1047.200439453125,-458.0421447753906,2359.281005859375
1260.4661865234375,119.4511489868164,2628.47509765625,1214.0609130859375,-31.947940826416016,2575.105224609375,1177.0289306640625,-153.1217041015625,2532.772216796875,1124.83837890625,-333.9648132324219,2455.8076171875,1163.81982421875,-310.7931823730469,2462.965087890625,1297.0987548828125,-319.2554931640625,2453.308837890625,1443.7645263671875,-119.96467590332033,2377.361328125,1273.7548828125,0.0108703970909118,2314.935791015625,1204.157470703125,52.48044204711914,2338.126953125,1187.4696044921875,152.24859619140625,2334.801025390625,1183.752197265625,80.51940155029297,2312.639404296875,1103.4119873046875,-298.21063232421875,2475.840087890625,995.962646484375,-249.9429626464844,2511.86669921875,930.9255981445312,1.9167065620422363,2555.358642578125,965.2875366210938,209.13726806640625,2489.9697265625,972.1058959960938,256.5892639160156,2405.51513671875,959.2310180664062,286.33624267578125,2311.46240234375,1008.2318725585938,257.5624084472656,2386.428955078125,1341.036865234375,102.84547424316406,2605.525634765625,1420.1016845703125,436.1031188964844,2452.906005859375,1515.0921630859375,700.373046875,2675.524169921875,1566.8905029296875,862.528564453125,2632.95068359375,1187.8121337890625,134.4252166748047,2649.169921875,1277.8248291015625,454.3504028320313,2476.40478515625,1385.032958984375,595.1177368164062,2792.360107421875,1443.3369140625,742.230712890625,2824.328857421875,1104.135498046875,-395.8710632324219,2415.894287109375,1120.5499267578125,-348.26373291015625,2274.059814453125,1138.7581787109375,-396.0819091796875,2285.478271484375,1179.4515380859375,-449.7015686035156,2383.2958984375,1091.083251953125,-386.255859375,2280.11572265625,1025.1793212890625,-435.3507690429687,2371.25634765625
1230.9608154296875,153.72596740722656,2647.27685546875,1183.6009521484375,1.2626200914382937,2596.0859375,1144.8612060546875,-117.77530670166016,2548.1904296875,1090.7913818359375,-299.3336181640625,2472.436279296875,1130.1607666015625,-276.6671142578125,2480.04833984375,1263.8349609375,-286.6107482910156,2471.14306640625,1414.37255859375,-98.40119171142578,2374.420166015625,1246.7198486328125,29.234050750732425,2318.661865234375,1181.739501953125,82.55925750732422,2352.166748046875,1172.9949951171875,183.70709228515625,2350.226806640625,1161.0860595703125,111.76029205322266,2318.55615234375,1069.551025390625,-262.8215026855469,2491.635986328125,965.165283203125,-204.7861328125,2523.402587890625,907.0199584960938,50.92962265014648,2558.675048828125,943.1673583984376,246.95639038085935,2463.88916015625,923.5153198242188,298.9661560058594,2383.876220703125,951.7467041015624,354.4842834472656,2305.88330078125,965.8499145507812,278.177001953125,2338.097412109375,1312.4713134765625,134.4916229248047,2629.15283203125,1406.809326171875,448.7034301757813,2445.012451171875,1507.8056640625,704.84814453125,2676.229248046875,1575.7103271484375,859.8659057617188,2627.7265625,1157.459228515625,171.07041931152344,2663.6201171875,1236.954345703125,483.94781494140625,2471.2138671875,1374.179443359375,631.894775390625,2773.350830078125,1456.364990234375,770.94140625,2785.5126953125,1069.6932373046875,-361.6233520507813,2432.841796875,1109.242431640625,-315.3115234375,2294.66015625,1124.2359619140625,-363.6608581542969,2308.951904296875,1147.9444580078125,-417.79534912109375,2412.393310546875,1078.0911865234375,-352.60943603515625,2296.200439453125,997.33251953125,-399.4928588867187,2376.45068359375
1215.2310791015625,176.3030548095703,2664.08544921875,1163.521728515625,23.917495727539062,2609.722900390625,1121.7156982421875,-96.40184020996094,2562.664306640625,1058.579833984375,-274.3995056152344,2478.66943359375,1099.4923095703125,-254.20457458496097,2488.4677734375,1233.8599853515625,-275.0653991699219,2482.681884765625,1399.4005126953125,-91.5599594116211,2392.44921875,1227.7886962890625,31.28756523132324,2327.494873046875,1171.4114990234375,101.97303771972656,2342.657958984375,1127.81494140625,195.1241455078125,2345.001953125,1145.01708984375,121.4067611694336,2354.156982421875,1038.67626953125,-236.66644287109375,2498.413330078125,933.1795043945312,-176.80772399902344,2529.4638671875,888.0425415039062,85.04973602294922,2564.919189453125,924.925537109375,294.0647888183594,2494.521484375,904.8587646484376,331.2500305175781,2405.311279296875,876.5269775390625,353.3619384765625,2310.794189453125,944.485595703125,361.9584655761719,2386.304931640625,1297.22607421875,155.3966064453125,2644.69580078125,1382.570068359375,470.7776794433594,2448.42138671875,1487.79638671875,725.926513671875,2686.140869140625,1556.416748046875,886.6480712890625,2650.47607421875,1141.2926025390625,195.1553192138672,2681.56982421875,1225.38330078125,501.8552551269531,2472.228515625,1337.8057861328125,632.38525390625,2797.518310546875,1416.2049560546875,769.9840087890625,2840.51806640625,1034.860595703125,-334.93414306640625,2435.991943359375,1079.9849853515625,-292.5141906738281,2296.1015625,1091.6912841796875,-342.2070617675781,2311.376953125,1110.498046875,-397.198974609375,2417.157958984375,1045.977294921875,-328.11639404296875,2297.610595703125,960.0191040039062,-369.09716796875,2378.183837890625
1184.1436767578125,208.64401245117188,2682.391845703125,1129.889892578125,56.35495376586914,2629.157470703125,1085.9830322265625,-61.70684814453125,2577.693359375,1023.4553833007812,-239.71226501464844,2492.225341796875,1064.359619140625,-219.62844848632812,2502.718994140625,1198.497802734375,-243.67791748046875,2497.408447265625,1365.971923828125,-66.95020294189453,2396.291259765625,1202.861572265625,73.44442749023438,2344.8486328125,1140.439453125,139.43809509277344,2358.54833984375,1123.28125,238.40284729003903,2381.7529296875,1187.8328857421875,114.29839324951172,2471.9716796875,1003.3283081054688,-201.87094116210935,2511.764892578125,896.715087890625,-141.845947265625,2539.549072265625,840.1394653320312,119.03330993652344,2569.56494140625,867.6307373046875,327.13336181640625,2491.1552734375,859.39404296875,372.6451416015625,2403.720703125,864.5135498046875,395.3724365234375,2305.10791015625,876.734619140625,391.8268737792969,2393.73193359375,1266.3919677734375,184.55091857910156,2667.492431640625,1364.8656005859375,484.2878723144531,2452.244873046875,1460.3663330078125,744.5640869140625,2689.660888671875,1532.4349365234375,900.6786499023438,2640.900634765625,1109.976806640625,230.3698272705078,2695.827392578125,1211.13671875,522.123291015625,2471.76611328125,1322.4554443359375,731.85302734375,2754.0244140625,1383.2972412109375,883.9193725585938,2739.401123046875,1000.1593627929688,-300.2171630859375,2448.984375,1058.219482421875,-258.8952331542969,2313.25341796875,1068.6790771484375,-308.4651184082031,2330.13134765625,1077.6805419921875,-362.3774108886719,2438.019287109375,1024.3148193359375,-294.7422790527344,2311.924072265625,931.1276245117188,-335.4577331542969,2384.60693359375
1174.45068359375,240.4126434326172,2700.475830078125,1113.904296875,89.93041229248047,2645.256103515625,1065.0155029296875,-25.415225982666016,2589.84912109375,990.88623046875,-202.01611328125,2507.41162109375,1033.2891845703125,-183.9025726318359,2516.89990234375,1166.6121826171875,-216.33660888671875,2512.05615234375,1342.095947265625,-45.07158660888672,2410.48828125,1180.3834228515625,93.2588119506836,2344.6396484375,1122.49609375,162.84852600097656,2363.599853515625,1099.8414306640625,264.01495361328125,2358.876220703125,1147.5623779296875,168.55987548828125,2448.750244140625,973.08349609375,-162.65786743164062,2526.976318359375,869.4874877929688,-97.0379409790039,2557.23388671875,821.8697509765625,167.99191284179688,2582.2255859375,835.3504638671875,366.1636657714844,2475.30126953125,824.2861328125,410.8575744628906,2387.006591796875,797.7125244140625,479.6794738769531,2316.55712890625,840.5408935546875,436.0010070800781,2375.8291015625,1256.232421875,213.1965484619141,2684.97314453125,1362.90087890625,492.8417663574219,2443.60546875,1464.4207763671875,745.8177490234375,2690.02783203125,1544.613037109375,895.5602416992188,2630.6953125,1100.7044677734375,264.9545593261719,2714.455322265625,1203.1864013671875,537.4559326171875,2463.93505859375,1333.784912109375,771.2727661132812,2721.144775390625,1389.2703857421875,920.6663208007812,2676.341064453125,963.3463134765624,-262.1053466796875,2465.14990234375,1021.4783935546876,-220.02354431152344,2328.518310546875,1032.1649169921875,-269.9396057128906,2345.373291015625,1041.5350341796875,-324.4517517089844,2453.84130859375,987.4383544921876,-256.197509765625,2327.144775390625,893.8446044921875,-297.6085205078125,2400.35986328125
1156.9075927734375,280.09552001953125,2711.208740234375,1087.3240966796875,131.328857421875,2662.301513671875,1032.1783447265625,18.628007888793945,2607.297119140625,956.1931762695312,-157.67001342773438,2525.85986328125,998.7728271484376,-140.10899353027344,2535.6123046875,1131.1561279296875,-175.71072387695312,2527.800537109375,1317.3602294921875,-23.23015022277832,2415.851318359375,1150.7669677734375,112.18167877197266,2356.340576171875,1106.8892822265625,191.63912963867188,2374.1162109375,1098.7408447265625,294.8599548339844,2366.961181640625,1086.501220703125,216.1428375244141,2351.384521484375,938.7945556640624,-117.84231567382812,2544.839599609375,832.5795288085938,-52.9987678527832,2566.523193359375,767.41259765625,207.9232482910156,2595.140869140625,801.3807983398438,406.7985534667969,2494.193115234375,772.8351440429688,448.902099609375,2408.576904296875,796.2329711914062,502.8404541015625,2325.205810546875,775.1000366210938,436.3729553222656,2380.435546875,1236.944091796875,246.22335815429688,2700.36865234375,1350.4617919921875,509.7918395996094,2444.419677734375,1461.561279296875,767.5797729492188,2681.598388671875,1544.240234375,915.9264526367188,2622.12353515625,1084.735107421875,310.6395263671875,2720.98388671875,1190.77294921875,567.5975341796875,2455.8896484375,1331.83056640625,807.8995361328125,2701.380126953125,1392.723388671875,952.7578735351562,2649.250732421875,928.169677734375,-217.7663726806641,2483.9140625,996.7670288085938,-180.6024627685547,2350.738037109375,1006.1295166015624,-229.82473754882812,2370.22998046875,1007.0366821289062,-280.23370361328125,2481.069580078125,962.95068359375,-216.9196929931641,2348.069580078125,863.9418334960938,-255.8933258056641,2415.272705078125
1112.0789794921875,316.33477783203125,2731.658935546875,1044.83056640625,165.15078735351562,2681.684814453125,992.2776489257812,51.66543960571289,2622.91455078125,916.1931762695312,-125.94294738769533,2539.787841796875,959.0804443359376,-108.20084381103516,2549.837890625,1092.7508544921875,-142.9943389892578,2539.659912109375,1291.7589111328125,6.064116954803467,2440.36962890625,1130.0010986328125,141.30589294433594,2362.657958984375,1087.7294921875,223.28271484375,2376.67626953125,1054.2103271484375,322.4150390625,2379.6533203125,1062.63330078125,237.48915100097656,2409.06298828125,898.5158081054688,-85.8782958984375,2559.04052734375,792.8340454101562,-18.796310424804688,2582.822265625,735.3197631835938,246.57516479492188,2609.07421875,762.4471435546875,447.2136840820313,2505.2001953125,715.6574096679688,493.74957275390625,2429.46728515625,742.3209838867188,545.3109741210938,2344.50146484375,759.357177734375,478.73150634765625,2372.416748046875,1193.4130859375,282.778564453125,2723.726318359375,1350.4827880859375,517.619140625,2457.9873046875,1445.3955078125,790.2903442382812,2690.4609375,1540.9580078125,928.821044921875,2622.4873046875,1038.7364501953125,346.5938720703125,2738.812255859375,1194.9002685546875,564.3016967773438,2458.936279296875,1318.296630859375,824.4381713867188,2698.540771484375,1385.59814453125,961.6805419921876,2631.299072265625,888.1640625,-186.43023681640625,2497.136474609375,953.5237426757812,-152.6725311279297,2359.929443359375,959.591796875,-203.2898406982422,2378.4169921875,961.6937866210938,-255.9940185546875,2489.3369140625,916.2683715820312,-186.1779937744141,2358.5126953125,816.890869140625,-217.93624877929688,2430.8251953125
1089.6773681640625,343.7619323730469,2742.0546875,1014.008544921875,199.93272399902344,2694.93505859375,954.5078735351562,92.11872100830078,2638.9375,873.5941772460938,-79.82110595703125,2559.6162109375,916.2142333984376,-63.79550552368164,2568.994873046875,1046.6866455078125,-99.44915771484376,2559.54248046875,1262.978271484375,20.37090110778809,2472.60107421875,1114.1834716796875,154.17208862304688,2381.218994140625,1057.22412109375,224.9830322265625,2390.31787109375,1039.272216796875,324.52874755859375,2373.83056640625,1033.4105224609375,249.49038696289065,2393.9326171875,857.7630615234375,-39.8812141418457,2578.251708984375,754.8673095703125,27.196020126342773,2599.96875,694.4730834960938,285.2758483886719,2632.66455078125,713.698486328125,472.8951416015625,2514.107666015625,696.1256103515625,516.269775390625,2427.619384765625,733.8131103515625,568.8915405273438,2350.427490234375,711.54296875,495.7042846679687,2391.57080078125,1167.0162353515625,306.4797058105469,2731.658203125,1333.488525390625,531.708984375,2475.268798828125,1442.862060546875,797.521728515625,2696.77294921875,1536.6358642578125,927.166259765625,2619.501220703125,1019.9373779296876,377.3809814453125,2751.429443359375,1181.7982177734375,566.8964233398438,2465.507568359375,1316.360107421875,816.9129028320312,2697.570068359375,1383.8221435546875,948.1736450195312,2627.248291015625,843.8585815429688,-138.42579650878906,2518.5791015625,902.507080078125,-109.3195571899414,2380.950439453125,914.6649169921876,-156.0311737060547,2403.053466796875,923.7138061523438,-197.5151824951172,2515.546875,870.3930053710938,-146.3717803955078,2382.90869140625,778.1144409179688,-183.08120727539065,2457.60791015625
1051.6494140625,385.968994140625,2758.82568359375,972.2750854492188,245.4313507080078,2713.255615234375,911.3265380859376,139.13209533691406,2658.82373046875,827.67431640625,-30.27126121520996,2581.62939453125,870.2653198242188,-14.91074275970459,2590.18408203125,997.7490844726562,-57.24539566040039,2586.315673828125,1207.3809814453125,56.965118408203125,2483.864501953125,1065.5238037109375,196.7461700439453,2395.109375,1024.2418212890625,277.18841552734375,2399.47216796875,1004.30810546875,375.88189697265625,2386.040771484375,996.2276000976562,294.69061279296875,2411.6708984375,812.797607421875,9.502246856689451,2600.368408203125,714.3466186523438,82.11988067626953,2618.205078125,660.6055297851562,339.6742858886719,2647.206787109375,683.4945678710938,519.260498046875,2520.8115234375,646.4927368164062,557.3590087890625,2439.08544921875,678.8187866210938,612.17626953125,2362.14990234375,692.2677001953125,556.7242431640625,2397.0625,1126.696533203125,344.6943054199219,2755.3984375,1349.4515380859375,506.2019348144531,2498.632568359375,1465.9703369140625,660.0664672851562,2802.127685546875,1608.632568359375,762.454345703125,2788.731689453125,983.9761352539062,423.1881408691406,2761.916259765625,1169.6005859375,579.4578247070312,2474.771728515625,1332.437255859375,806.489013671875,2707.23046875,1425.1624755859375,921.0258178710938,2639.86865234375,796.782470703125,-87.98295593261719,2541.480224609375,865.4525146484375,-68.57920837402344,2408.339111328125,874.3118286132812,-113.9255828857422,2433.51513671875,873.8848266601562,-149.00282287597656,2547.4091796875,832.3233032226562,-104.15339660644533,2409.909423828125,734.6173706054688,-133.5492706298828,2478.901611328125
1012.4312744140624,428.6162414550781,2782.055419921875,935.1126098632812,288.6545104980469,2736.337646484375,876.2904052734375,183.64309692382812,2679.865478515625,787.62255859375,15.164509773254396,2611.229736328125,830.3853759765625,29.577224731445312,2618.38818359375,955.1310424804688,-17.178937911987305,2615.260009765625,1155.8564453125,95.3107452392578,2499.4453125,997.8433227539062,220.15261840820312,2420.76025390625,981.4376831054688,308.2981872558594,2416.46728515625,967.4445190429688,407.2032775878906,2403.518798828125,958.9259033203124,331.389404296875,2410.7919921875,774.24169921875,55.65290069580078,2628.55126953125,682.8716430664062,135.8994598388672,2644.0615234375,647.4820556640625,394.6943054199219,2669.85107421875,653.9812622070312,568.983642578125,2537.49951171875,621.4081420898438,601.8555908203125,2452.650390625,676.5253295898438,581.6624755859375,2372.92138671875,670.8521118164062,618.580810546875,2453.130859375,1087.16748046875,388.2229309082031,2779.321533203125,1226.9947509765625,603.426025390625,2508.39404296875,1377.5645751953125,674.9406127929688,2823.69091796875,1532.302490234375,755.5626831054688,2816.408203125,945.038330078125,465.0406799316406,2784.5205078125,1079.8572998046875,702.3553466796875,2530.60791015625,1288.165771484375,907.1984252929688,2741.640625,1376.400390625,1013.371826171875,2659.43798828125,754.7899169921875,-42.68553161621094,2574.166015625,814.784912109375,-7.989969253540039,2441.37255859375,825.2594604492188,-55.36685562133789,2460.55712890625,831.74755859375,-102.59114074707033,2568.6904296875,782.2540893554688,-43.59182357788086,2440.87841796875,689.7670288085938,-81.3329086303711,2511.154052734375
971.2977905273438,492.2782287597656,2799.188720703125,891.0189208984375,353.55352783203125,2755.8193359375,831.5501098632812,248.27960205078125,2701.032958984375,735.6356811523438,82.15219116210938,2637.546875,778.813232421875,94.33577728271484,2645.810791015625,898.1368408203125,35.52962875366211,2648.04248046875,1107.4227294921875,133.19549560546875,2534.86669921875,974.687255859375,272.9963684082031,2437.737060546875,938.7367553710938,355.07611083984375,2436.24658203125,951.724365234375,449.6374206542969,2404.5751953125,915.7069091796876,366.5770263671875,2406.784912109375,724.1131591796875,124.19017028808594,2652.09765625,634.0115356445312,206.19342041015625,2663.85400390625,606.953857421875,464.351806640625,2699.8623046875,611.5157470703125,614.5435180664062,2541.098388671875,614.113037109375,656.8065185546875,2454.38916015625,610.5695190429688,674.2181396484375,2357.149169921875,631.0308227539062,655.1123046875,2439.45361328125,1043.96728515625,448.7165222167969,2804.013671875,1250.806396484375,596.6021118164062,2531.6669921875,1380.7413330078125,683.802490234375,2851.524169921875,1550.698974609375,721.1729125976562,2840.65185546875,905.7684936523438,531.5596923828125,2794.837646484375,1087.4334716796875,668.8834838867188,2500.445556640625,1283.928955078125,872.3460083007812,2722.86376953125,1394.016845703125,960.180419921875,2646.05517578125,700.876220703125,24.512697219848633,2602.198974609375,765.2672729492188,41.469993591308594,2468.28662109375,774.3379516601562,-3.195457220077514,2493.514404296875,776.8007202148438,-36.532318115234375,2606.666748046875,732.21044921875,6.579473495483398,2471.207763671875,637.1959228515625,-20.779916763305664,2542.576416015625
903.322998046875,554.80126953125,2814.984375,824.4069213867188,418.3345642089844,2775.0986328125,766.1224975585938,313.1977233886719,2725.614013671875,680.6375122070312,144.61990356445312,2667.037353515625,722.158935546875,158.57398986816406,2675.819091796875,842.4851684570312,109.41131591796876,2684.84326171875,1051.4072265625,172.6992950439453,2559.197265625,931.29345703125,313.69580078125,2457.301025390625,926.2286987304688,398.5534057617187,2435.470703125,910.6712036132812,492.7995910644531,2411.484619140625,907.649658203125,414.7130737304687,2410.74365234375,667.3009643554688,185.7755126953125,2679.431396484375,572.3419189453125,258.91912841796875,2678.577392578125,540.6310424804688,509.87744140625,2721.91552734375,598.2665405273438,647.62158203125,2568.50927734375,586.4102783203125,650.6777954101562,2474.805419921875,597.1573486328125,668.9426879882812,2380.34716796875,633.6444702148438,654.1209106445312,2451.558837890625,973.5818481445312,511.419189453125,2824.40283203125,1227.9046630859375,571.4563598632812,2569.72802734375,1360.60400390625,739.5535278320312,2844.93798828125,1523.8677978515625,780.553955078125,2816.30029296875,839.9674682617188,593.9208374023438,2806.491455078125,1042.189208984375,753.8851928710938,2548.857666015625,1234.5030517578125,968.6265258789062,2751.539306640625,1336.6473388671875,1051.64453125,2665.777099609375,649.901123046875,85.59848022460938,2633.642822265625,707.5372924804688,96.64502716064452,2499.452880859375,713.7994384765625,52.29446029663086,2523.875732421875,718.890869140625,19.558366775512695,2634.571533203125,672.494140625,65.42960357666016,2504.069580078125,581.0721435546875,46.85200119018555,2578.6220703125
883.4635009765625,615.3563232421875,2833.855712890625,785.8803100585938,487.1308288574219,2791.153076171875,710.5858764648438,385.1658630371094,2749.998779296875,620.34716796875,209.83108520507812,2702.4033203125,662.9302368164062,223.81829833984375,2711.81005859375,779.8677978515625,160.93235778808594,2726.369140625,994.76025390625,227.34780883789065,2599.56103515625,883.617431640625,361.6210632324219,2470.7861328125,876.1770629882812,405.2276306152344,2392.439208984375,848.0535278320312,448.3209533691406,2305.574462890625,851.2354125976562,470.6386413574219,2416.0615234375,607.4281616210938,253.3480529785156,2710.63330078125,509.2736511230469,327.2633056640625,2709.3955078125,498.0021667480469,587.66796875,2745.15771484375,613.6673583984375,669.1221313476562,2577.383056640625,587.5804443359375,641.2147216796875,2488.357421875,551.9737548828125,604.27294921875,2403.41064453125,608.1680297851562,659.5379638671875,2455.7880859375,946.0135498046876,561.0863037109375,2853.876953125,1205.5196533203125,651.1527709960938,2599.975830078125,1305.95654296875,863.3579711914062,2869.56396484375,1461.9061279296875,932.972412109375,2831.171875,827.059326171875,664.2940063476562,2815.80126953125,1060.686279296875,623.025634765625,2527.122314453125,1272.8978271484375,726.95458984375,2800.369873046875,1427.162841796875,766.5946044921875,2776.540283203125,588.4384155273438,147.24562072753906,2672.56201171875,658.5682983398438,170.30111694335938,2541.82177734375,659.6336669921875,121.74075317382812,2561.2099609375,653.6209716796875,74.2507095336914,2669.55810546875,620.0955810546875,141.08580017089844,2540.01904296875,519.6355590820312,120.76629638671876,2606.967041015625
869.3557739257812,627.8319702148438,2853.720458984375,756.1198120117188,521.2787475585938,2811.86865234375,666.2297973632812,436.3711853027344,2776.072265625,565.8511352539062,274.6619567871094,2729.487060546875,608.041748046875,284.94781494140625,2737.925537109375,723.179931640625,228.77008056640625,2753.220458984375,935.8015747070312,267.25555419921875,2628.649658203125,839.2874145507812,396.85552978515625,2495.571044921875,838.4981079101562,424.2911682128906,2413.109619140625,828.9191284179688,450.587646484375,2319.68701171875,805.293701171875,494.65374755859375,2438.626220703125,556.6854248046875,317.37603759765625,2738.28369140625,462.5429382324219,389.45220947265625,2743.8271484375,450.6344604492187,642.2551879882812,2766.888916015625,595.6798706054688,650.81640625,2612.5322265625,572.9749145507812,620.7116088867188,2526.888427734375,542.90185546875,592.5865478515625,2440.32177734375,606.361083984375,600.7994995117188,2503.30615234375,923.989990234375,566.7647705078125,2861.37451171875,1171.070556640625,708.9378662109375,2639.355712890625,1322.595947265625,887.9857177734375,2892.77880859375,1464.57568359375,962.111083984375,2838.590576171875,820.0897216796875,682.8989868164062,2846.818115234375,1069.1595458984375,643.81689453125,2588.53466796875,1288.6522216796875,732.572265625,2844.871826171875,1442.24267578125,754.2848510742188,2833.07666015625,530.072998046875,217.1125335693359,2700.442138671875,598.8515014648438,242.40330505371097,2575.28759765625,599.0870361328125,194.9115753173828,2592.507568359375,592.0123901367188,145.80694580078125,2695.610595703125,561.2901000976562,214.80657958984375,2572.44873046875,463.6073303222656,194.56124877929688,2635.947265625
608.1981201171875,713.7470703125,2859.996826171875,571.9998779296875,580.07275390625,2831.130859375,544.1467895507812,474.19036865234375,2802.784912109375,490.18890380859375,318.9333190917969,2751.599365234375,523.7877197265625,334.7563171386719,2763.058349609375,631.4444580078125,307.79571533203125,2786.1240234375,830.6052856445312,342.237060546875,2701.485107421875,810.1653442382812,421.343994140625,2536.718994140625,804.5716552734375,487.65826416015625,2499.287109375,740.533447265625,536.2333374023438,2469.609619140625,739.9782104492188,486.7655944824219,2473.72607421875,474.2003173828125,353.9694519042969,2758.645751953125,389.9269714355469,413.8551330566406,2772.28515625,413.0556640625,635.74169921875,2763.3251953125,543.3699951171875,721.0850219726562,2661.24658203125,581.1748657226562,767.9816284179688,2605.296630859375,659.1140747070312,797.5070190429688,2593.19384765625,634.4901733398438,721.0619506835938,2590.366455078125,676.6947021484375,692.9877319335938,2870.23486328125,787.1094360351562,960.178955078125,2739.13623046875,837.0198974609375,1205.4326171875,2910.591552734375,897.8512573242188,1333.8897705078125,2867.40478515625,546.4317016601562,732.4666748046875,2850.764404296875,639.560791015625,1004.2245483398438,2716.49853515625,717.3750610351562,1265.8658447265625,2856.04345703125,758.183349609375,1381.0350341796875,2794.804931640625,472.0937805175781,263.97149658203125,2722.490966796875,538.109375,294.3896179199219,2617.84033203125,531.7435302734375,251.21348571777344,2625.909912109375,516.7637329101562,195.3939971923828,2708.15673828125,501.9728088378906,276.0993347167969,2611.309814453125,412.9806213378906,262.591796875,2663.189208984375
604.1402587890625,737.4229736328125,2706.393310546875,555.3895263671875,622.633056640625,2751.265380859375,516.2546997070312,530.5767822265625,2786.21533203125,446.9978332519531,385.2916259765625,2796.720458984375,480.9141845703125,398.2696533203125,2794.032958984375,581.0152587890625,367.5752868652344,2776.24658203125,761.0083618164062,420.0394592285156,2692.59521484375,744.7925415039062,506.182861328125,2544.24853515625,739.3953247070312,556.9623413085938,2494.149658203125,730.565185546875,631.6652221679688,2466.120849609375,737.38916015625,606.396240234375,2548.387939453125,436.1837463378906,420.3341979980469,2797.483154296875,359.9090576171875,480.438232421875,2808.214599609375,319.1033935546875,680.3856201171875,2762.24365234375,339.3973693847656,597.8409423828125,2609.858154296875,273.8147277832031,557.5022583007812,2612.019775390625,198.3102264404297,536.1150512695312,2620.24609375,332.323974609375,558.15087890625,2695.8681640625,666.1212158203125,710.1890869140625,2704.063232421875,755.1621704101562,824.1839599609375,2444.193359375,853.9346313476562,1088.165283203125,2480.912109375,903.90576171875,1170.359375,2380.32763671875,548.2493896484375,761.9810180664062,2708.494384765625,599.0850219726562,899.1524658203125,2449.912109375,723.7423706054688,1157.4075927734375,2466.1591796875,757.84619140625,1235.8182373046875,2370.841064453125,420.38763427734375,331.0834045410156,2790.70361328125,448.3954772949219,366.1304626464844,2680.076171875,443.5450439453125,325.3148193359375,2686.373779296875,453.0079040527344,267.3997802734375,2760.036865234375,413.7063598632813,350.08050537109375,2684.1298828125,350.0328674316406,335.03753662109375,2756.19921875
604.6756591796875,737.7958374023438,2730.380126953125,545.644775390625,628.5802001953125,2777.25732421875,498.4740295410156,541.3335571289062,2814.91357421875,409.7650146484375,406.8365478515625,2825.867431640625,445.2351684570313,415.2541198730469,2826.3671875,544.5276489257812,377.3033142089844,2823.674560546875,730.5740966796875,400.1267700195313,2739.311279296875,717.1827392578125,481.1223754882813,2587.574951171875,700.2412719726562,530.7784423828125,2538.815673828125,690.0260620117188,581.7169189453125,2477.489501953125,700.7137451171875,536.9580078125,2511.48828125,403.65765380859375,442.9609069824219,2823.30810546875,334.193115234375,511.0566711425781,2812.980712890625,293.1221923828125,704.3981323242188,2743.717529296875,346.11993408203125,645.2549438476562,2588.105224609375,295.0982971191406,587.8045043945312,2581.486083984375,228.66043090820312,545.056884765625,2581.455322265625,338.5107727050781,590.6116333007812,2667.330810546875,664.9492797851562,706.9641723632812,2734.4482421875,880.2055053710938,677.829345703125,2530.759033203125,936.70703125,956.2071533203124,2548.1611328125,1007.6265258789062,1035.9356689453125,2458.541259765625,550.3242797851562,765.5980834960938,2726.71142578125,646.1679077148438,855.0089721679688,2459.6865234375,775.2717895507812,1111.5318603515625,2474.871337890625,822.60400390625,1180.8785400390625,2377.980224609375,376.9739074707031,356.0208740234375,2820.000732421875,360.215576171875,411.7352294921875,2715.59130859375,350.19207763671875,371.3660278320313,2717.38623046875,378.7086486816406,297.4814453125,2768.5693359375,328.2833557128906,399.3650817871094,2733.150146484375,301.0831298828125,375.9611206054687,2823.760986328125
712.0142822265625,584.6614990234375,2877.314697265625,575.2216796875,543.2968139648438,2876.6708984375,465.6844787597656,511.30670166015625,2871.06201171875,313.49884033203125,443.2555236816406,2821.5263671875,349.33294677734375,429.69635009765625,2830.109375,435.334228515625,354.91046142578125,2841.234375,641.1703491210938,396.493896484375,2771.2060546875,656.6031494140625,486.7506408691406,2609.545166015625,654.619384765625,544.611083984375,2558.573974609375,638.6244506835938,606.1725463867188,2499.867919921875,607.09130859375,559.8056640625,2552.90771484375,327.5646667480469,479.0069274902344,2830.923583984375,305.0549011230469,581.8167114257812,2835.53466796875,451.52587890625,749.2234497070312,2798.190673828125,491.9129638671875,626.2673950195312,2661.629638671875,503.9645385742187,596.2200927734375,2585.146240234375,540.50244140625,527.31884765625,2551.14453125,498.76904296875,594.9912719726562,2574.453125,732.7581176757812,516.2985229492188,2862.10986328125,959.3939208984376,573.09521484375,2642.449462890625,1199.10986328125,642.0574340820312,2464.378662109375,1192.7078857421875,618.9691772460938,2316.236083984375,693.3086547851562,646.307373046875,2891.02587890625,963.0608520507812,769.6477661132812,2770.030029296875,1217.21533203125,849.1559448242188,2928.141845703125,1322.9158935546875,916.8159790039062,2870.584716796875,259.7501220703125,419.37542724609375,2792.845947265625,274.4319152832031,429.3278198242187,2665.354248046875,247.8540496826172,396.4866943359375,2680.36669921875,241.8137359619141,341.9571228027344,2765.821533203125,236.22406005859375,436.7142028808594,2679.60986328125,192.2037048339844,465.1678161621094,2770.537841796875
697.0248413085938,565.2340087890625,2916.247802734375,549.8170166015625,539.3765869140625,2899.55078125,432.1441650390625,518.7264404296875,2886.05810546875,262.0807189941406,480.1546630859375,2830.517578125,295.8065185546875,458.6945190429687,2840.96923828125,359.3191833496094,362.3952026367187,2875.812744140625,583.9551391601562,356.14166259765625,2814.453857421875,590.1351928710938,434.0292053222656,2635.227783203125,616.528076171875,510.6564025878906,2630.684326171875,626.1092529296875,548.9259643554688,2548.583984375,597.6471557617188,524.7200317382812,2567.12353515625,284.043701171875,514.1842041015625,2840.107666015625,275.1572265625,623.5547485351562,2855.8876953125,482.71136474609375,737.3923950195312,2873.21630859375,490.53656005859375,649.0285034179688,2696.21044921875,460.9557189941406,604.6334228515625,2626.980224609375,521.472900390625,650.6893920898438,2674.230224609375,467.6683349609375,648.333740234375,2612.405029296875,711.3094482421875,490.3755798339844,2906.236572265625,983.57275390625,520.6358032226562,2709.147216796875,1270.80419921875,562.3928833007812,2568.53076171875,1293.4906005859375,544.5665283203125,2413.266845703125,684.143798828125,632.7371826171875,2925.275634765625,990.494140625,716.4575805664062,2812.215576171875,1272.76904296875,776.4197998046875,2963.687744140625,1390.3314208984375,834.0097045898438,2900.651611328125,202.35305786132812,466.3902587890625,2799.135498046875,189.1431579589844,485.0933837890625,2665.628173828125,159.21514892578125,454.9660949707031,2686.19287109375,162.0440216064453,392.35394287109375,2772.748779296875,155.62535095214844,498.7304382324219,2689.97412109375,138.64817810058594,528.441650390625,2794.986572265625
721.9873657226562,551.4609375,2900.488525390625,555.2762451171875,538.4849853515625,2902.515869140625,422.0953063964844,527.26953125,2899.326171875,223.2613983154297,510.4817199707031,2859.369873046875,257.6241455078125,481.96673583984375,2870.18359375,307.56610107421875,364.10601806640625,2909.80078125,548.0045166015625,333.5028991699219,2818.431640625,547.4644775390625,434.9845886230469,2626.166259765625,579.5577392578125,519.0466918945312,2633.265625,594.530029296875,562.381103515625,2542.95263671875,531.3826293945312,528.5507202148438,2559.21826171875,254.21202087402344,544.6188354492188,2863.689208984375,254.39500427246097,667.87939453125,2865.257080078125,501.1680603027344,755.728271484375,2897.56640625,507.868896484375,670.5128784179688,2694.68115234375,448.2632751464844,605.3875122070312,2654.052734375,528.4992065429688,657.7833251953125,2681.037841796875,463.8004760742187,636.2048950195312,2615.78125,728.6984252929688,467.5543823242187,2915.30712890625,1001.8386840820312,460.6882629394531,2658.08837890625,1359.0926513671875,487.8499145507813,2642.47265625,1507.7100830078125,506.2633056640625,2550.7685546875,715.9357299804688,627.1231079101562,2887.126220703125,961.6018676757812,579.7332763671875,2607.996337890625,1321.2490234375,604.00146484375,2645.373046875,1448.514892578125,643.2650756835938,2553.91748046875,152.02175903320312,503.1197204589844,2832.28662109375,159.74050903320312,497.351318359375,2681.973876953125,118.8685302734375,473.6194458007813,2704.752685546875,98.54768371582033,423.6310119628906,2810.623046875,122.29749298095705,522.2843017578125,2700.090576171875,94.4261245727539,579.00927734375,2805.391357421875
702.9342041015625,545.3126831054688,2902.5654296875,530.6281127929688,536.4376220703125,2904.9716796875,392.9049987792969,528.7390747070312,2903.46142578125,186.0270843505859,519.581787109375,2868.681396484375,220.4373321533203,488.9281311035156,2879.8017578125,274.61236572265625,367.8170776367187,2918.7041015625,514.67919921875,334.5028991699219,2806.03857421875,495.155517578125,451.67669677734375,2615.746826171875,530.2224731445312,537.0903930664062,2627.935791015625,545.5194702148438,607.624267578125,2552.3515625,459.96966552734375,538.7322998046875,2551.230224609375,219.6394805908203,553.4207153320312,2871.05224609375,240.8693084716797,677.9073486328125,2855.85595703125,501.29156494140625,731.2975463867188,2796.74853515625,472.3019104003906,596.2764892578125,2616.379638671875,460.8722839355469,556.7394409179688,2524.936279296875,500.8279113769531,595.5809936523438,2611.23388671875,463.2055358886719,567.292236328125,2511.69970703125,707.6148071289062,458.582275390625,2917.841552734375,996.4362182617188,460.97119140625,2659.968017578125,1364.9945068359375,492.6813659667969,2650.4697265625,1482.5677490234375,476.5625915527344,2513.5498046875,698.7135009765625,623.5213012695312,2888.790283203125,955.8662109375,562.7619018554688,2606.3359375,1329.4593505859375,573.0242919921875,2618.580322265625,1440.35595703125,576.6864013671875,2494.16455078125,111.44853973388672,514.4915161132812,2843.105224609375,91.99119567871094,491.016357421875,2690.70947265625,48.14229202270508,486.6275634765625,2722.15283203125,27.67053985595703,457.5750427246094,2839.500732421875,68.68745422363281,531.0852661132812,2709.561279296875,80.55252838134766,606.3442993164062,2810.821533203125
687.6301879882812,542.1946411132812,2894.2919921875,520.3115844726562,536.702392578125,2898.8427734375,386.5771789550781,531.284423828125,2895.552001953125,184.97055053710935,522.9136352539062,2866.9453125,218.4408264160156,493.2146606445313,2877.65478515625,265.7098693847656,373.1389770507813,2914.45849609375,492.0572814941406,328.16619873046875,2795.98974609375,459.876708984375,449.4098510742187,2618.038818359375,491.6531982421875,532.4673461914062,2634.2314453125,459.8722534179687,569.0792236328125,2545.13671875,425.05609130859375,528.159423828125,2535.371826171875,217.83982849121097,555.5833129882812,2867.631591796875,234.93934631347656,676.4327392578125,2849.11572265625,456.1480407714844,782.1800537109375,2750.399169921875,475.66058349609375,618.6102905273438,2603.85888671875,443.4468078613281,550.9137573242188,2541.796630859375,498.7433776855469,619.7926025390625,2588.03662109375,443.4371032714844,569.1671142578125,2516.860595703125,690.7489624023438,457.5849304199219,2906.8466796875,992.244384765625,470.2742309570313,2682.8759765625,1350.7921142578125,489.8424682617187,2676.0673828125,1448.156005859375,450.8594055175781,2534.907470703125,684.8178100585938,618.490966796875,2882.970458984375,974.9021606445312,601.9835205078125,2645.277099609375,1333.9500732421875,596.8687744140625,2697.929443359375,1444.72021484375,603.8285522460938,2580.20166015625,111.97036743164062,517.84765625,2844.029541015625,85.24846649169922,508.8283386230469,2695.849609375,45.48274612426758,497.0804138183594,2728.118408203125,36.245365142822266,455.2605590820313,2839.14599609375,60.33577728271485,543.0791625976562,2719.617919921875,71.54859161376953,606.2495727539062,2824.548095703125
686.1827392578125,543.7938842773438,2884.301513671875,520.8055419921875,539.518798828125,2895.40478515625,388.3740234375,533.8661499023438,2894.98828125,188.5416259765625,515.7771606445312,2873.74560546875,223.4579315185547,488.0098876953125,2882.9599609375,269.2605285644531,366.89837646484375,2912.7041015625,486.6629943847656,315.4364929199219,2786.02978515625,425.6166687011719,437.7507629394531,2619.367431640625,458.5348815917969,520.493896484375,2628.239501953125,421.1592102050781,541.7221069335938,2537.48095703125,396.90679931640625,513.117919921875,2529.159912109375,219.4409942626953,549.70068359375,2873.484130859375,217.2447052001953,670.15576171875,2852.89501953125,407.0940551757813,798.5053100585938,2726.556640625,446.830810546875,610.3526611328125,2623.27490234375,418.00982666015625,565.5137329101562,2543.0029296875,485.66595458984375,625.7727661132812,2582.179931640625,420.8617248535156,575.3745727539062,2523.02685546875,689.6353149414062,461.4510803222656,2904.021484375,998.7047729492188,498.1968078613281,2700.17431640625,1351.2020263671875,544.4938354492188,2694.276611328125,1453.6859130859375,526.9080200195312,2554.63037109375,683.0693359375,618.0459594726562,2866.51904296875,956.3584594726562,598.7147216796875,2615.382568359375,1304.3436279296875,619.790771484375,2702.38037109375,1428.559326171875,624.710205078125,2601.35400390625,115.8369369506836,507.2774353027344,2853.61572265625,93.8774185180664,499.2703552246094,2706.11669921875,53.080322265625,489.1195983886719,2736.751953125,38.81963348388672,448.1306762695313,2846.28564453125,69.72953796386719,534.0811157226562,2728.8564453125,79.73827362060547,596.214111328125,2833.0986328125
680.1715087890625,551.0889892578125,2877.667724609375,513.8535766601562,544.761474609375,2894.355712890625,380.4150085449219,537.9169921875,2899.840576171875,180.2747039794922,505.3161315917969,2882.045166015625,217.77748107910156,479.6374206542969,2888.837158203125,273.6708984375,359.0686340332031,2906.262451171875,491.5012817382813,292.50836181640625,2782.765625,413.1412658691406,408.2524719238281,2616.172607421875,440.0316162109375,494.2883911132813,2611.078857421875,390.1579284667969,500.9782409667969,2523.147705078125,354.79156494140625,481.8205871582031,2546.07763671875,208.72845458984375,541.8179321289062,2883.09619140625,197.2195281982422,663.904052734375,2870.197021484375,359.0282897949219,797.9783935546875,2710.391357421875,392.2814636230469,585.6954345703125,2662.169921875,420.8888854980469,561.871826171875,2572.370361328125,438.2101745605469,614.9894409179688,2654.802978515625,409.5628662109375,610.5401611328125,2570.054443359375,685.2091064453125,467.80322265625,2896.294921875,1001.2395629882812,504.7563781738281,2697.173095703125,1355.9013671875,548.45947265625,2665.764404296875,1459.58935546875,528.9976196289062,2525.327392578125,675.6288452148438,626.1914672851562,2860.87060546875,938.745849609375,620.0382690429688,2593.815185546875,1284.5037841796875,650.3220825195312,2698.396728515625,1417.96875,655.7384643554688,2607.43359375,107.2586898803711,492.24896240234375,2862.97021484375,97.79375457763672,469.51702880859375,2714.334228515625,54.7223014831543,460.0347595214844,2742.777587890625,33.12493896484375,428.2406311035156,2855.25244140625,70.11001586914062,505.282470703125,2731.8720703125,68.76318359375,577.7239379882812,2831.07568359375
679.12109375,550.7266845703125,2877.7890625,512.9547119140625,544.2861328125,2894.1533203125,379.6525573730469,537.3449096679688,2899.34814453125,179.77757263183594,504.2458190917969,2881.978515625,217.3210906982422,478.6957092285156,2888.697998046875,272.690673828125,357.9718017578125,2905.61474609375,487.0076293945313,289.7685241699219,2777.531982421875,405.8956909179687,406.7592468261719,2613.448486328125,433.6507568359375,492.3328857421875,2607.07373046875,383.4551696777344,500.3320007324219,2519.560546875,354.13720703125,486.2298889160156,2539.906005859375,208.1068420410156,540.7837524414062,2882.959228515625,194.2062530517578,662.4769897460938,2869.9599609375,352.5547180175781,798.2975463867188,2708.634765625,380.1648254394531,585.4506225585938,2660.410400390625,409.2376098632813,563.4520263671875,2570.406982421875,420.971923828125,611.30615234375,2656.823486328125,397.7022705078125,618.1417236328125,2572.17822265625,684.1783447265625,467.5316467285156,2896.39794921875,1000.5279541015624,503.733642578125,2698.40283203125,1354.934326171875,547.3062133789062,2668.32666015625,1457.5506591796875,528.2665405273438,2527.2802734375,674.5607299804688,625.7473754882812,2861.00830078125,936.5670166015624,623.44873046875,2593.36181640625,1281.7137451171875,654.4191284179688,2698.420654296875,1415.11865234375,661.595703125,2607.79833984375,106.83665466308594,490.9934997558594,2863.072509765625,100.0824203491211,468.30755615234375,2714.4443359375,56.601078033447266,458.657470703125,2742.09326171875,33.17798614501953,426.7697448730469,2854.041259765625,71.98583984375,503.9204406738281,2731.48583984375,68.61697387695312,576.239990234375,2830.56787109375
674.5718994140625,564.67138671875,2867.1572265625,512.8214111328125,546.9472045898438,2885.70166015625,382.9272766113281,530.6717529296875,2887.865234375,188.4696350097656,488.05670166015625,2878.402099609375,226.79364013671875,464.9097900390625,2882.87353515625,281.6046447753906,348.4527893066406,2908.4462890625,476.8537902832031,268.7294616699219,2767.47412109375,393.2911071777344,394.19293212890625,2617.11572265625,424.0917053222656,475.4930114746094,2601.140380859375,380.6880798339844,501.4847412109375,2515.82080078125,371.5984191894531,471.2862243652344,2517.959716796875,214.3127288818359,525.2874145507812,2878.9853515625,186.66307067871097,642.7976684570312,2879.963134765625,263.6942443847656,824.3330688476562,2712.869873046875,287.329345703125,623.9070434570312,2636.993408203125,377.20367431640625,596.7412109375,2621.401123046875,376.7466735839844,632.6983642578125,2712.025634765625,384.6086730957031,645.4871215820312,2641.30615234375,685.0646362304688,482.6773681640625,2880.31103515625,1002.8656616210938,522.5870361328125,2700.1328125,1350.234619140625,561.3713989257812,2665.751953125,1448.0919189453125,549.0996704101562,2524.869140625,665.110107421875,638.6090087890625,2855.2958984375,924.8052978515624,645.4739990234375,2595.92138671875,1264.4068603515625,684.4749755859375,2691.367919921875,1397.4560546875,696.245361328125,2606.5498046875,117.03336334228516,471.6018981933594,2862.61962890625,102.43183135986328,463.07659912109375,2716.083251953125,66.39601135253906,440.0820617675781,2744.5908203125,62.68824768066406,393.09075927734375,2850.990234375,68.65293884277344,487.65777587890625,2738.675537109375,56.72457504272461,545.10498046875,2843.667724609375
688.7432250976562,573.8680419921875,2880.075927734375,522.6771240234375,553.2227783203125,2892.892822265625,389.552490234375,536.4669799804688,2893.30126953125,193.62747192382812,486.1119079589844,2921.44677734375,233.94390869140625,463.8296813964844,2919.3779296875,277.2373046875,336.8752746582031,2929.056396484375,476.81982421875,279.5803527832031,2772.635498046875,393.13922119140625,392.2886962890625,2605.59423828125,423.4889221191406,476.732666015625,2593.17822265625,384.8229064941406,502.787109375,2502.85009765625,369.7060546875,468.04254150390625,2504.031982421875,218.3223419189453,525.0974731445312,2916.17333984375,170.6483612060547,639.133056640625,2910.765869140625,255.64208984375,779.481201171875,2702.815673828125,271.2768859863281,608.4257202148438,2563.830078125,356.68634033203125,583.1122436523438,2524.106689453125,340.42291259765625,624.5354614257812,2613.56640625,359.3826904296875,641.9840087890625,2638.332275390625,699.4584350585938,488.77935791015625,2881.85107421875,1027.5396728515625,534.7792358398438,2702.72900390625,1380.9571533203125,574.3391723632812,2647.2451171875,1479.8486328125,579.1272583007812,2501.4453125,679.0808715820312,650.59619140625,2878.47509765625,912.1282348632812,429.5118408203125,2682.659912109375,1217.9315185546875,235.1247711181641,2651.272705078125,1314.2725830078125,161.32778930664062,2543.73388671875,119.38480377197266,466.38079833984375,2919.414794921875,125.71063995361328,463.2132568359375,2768.412841796875,84.34905242919922,439.9196472167969,2791.19970703125,63.71075820922851,388.2682189941406,2896.694580078125,88.87409973144531,488.74810791015625,2787.386474609375,63.121185302734375,544.3348388671875,2894.34130859375
685.8580322265625,576.0789184570312,2870.381591796875,524.78662109375,554.642822265625,2897.491455078125,394.7964172363281,534.0841064453125,2892.525146484375,202.5840606689453,488.1526184082031,2926.19677734375,241.9608917236328,465.8704528808594,2925.0087890625,283.7460021972656,341.23199462890625,2936.982177734375,474.7630615234375,283.8705139160156,2777.814697265625,398.751708984375,385.8399963378906,2605.500732421875,421.89752197265625,468.7448120117187,2583.2060546875,382.3289489746094,499.9114379882813,2497.076904296875,371.1808471679687,462.8357543945313,2506.62158203125,227.01681518554688,525.7984008789062,2918.167724609375,177.03326416015625,636.18359375,2910.21728515625,245.55560302734375,778.0614624023438,2703.397216796875,272.6220397949219,610.8048095703125,2568.013427734375,356.28021240234375,600.6575927734375,2522.58251953125,339.79974365234375,627.5516967773438,2615.445068359375,359.1116027832031,644.8812866210938,2639.830322265625,698.54296875,493.4504699707031,2880.412841796875,1014.374755859375,579.6161499023438,2708.723388671875,1350.106689453125,673.7448120117188,2651.855224609375,1414.83642578125,690.2318115234375,2492.28515625,674.41943359375,650.5885620117188,2861.3359375,916.6356201171876,426.3885498046875,2695.736083984375,1217.07177734375,240.3395538330078,2645.004150390625,1282.310791015625,160.83860778808594,2523.53662109375,129.55091857910156,469.2977600097656,2926.56298828125,128.0274658203125,465.4076232910156,2778.243896484375,88.81519317626953,442.3949890136719,2802.821044921875,74.3536605834961,392.1370239257813,2907.548828125,92.71812438964844,490.3297729492187,2798.60205078125,72.57850646972656,545.3011474609375,2904.4765625
683.70654296875,581.8201293945312,2867.832275390625,525.534423828125,559.6204223632812,2901.0068359375,397.02349853515625,537.417236328125,2900.614013671875,206.9003143310547,490.9141540527344,2933.77783203125,246.0904998779297,469.1759948730469,2933.2529296875,290.08355712890625,346.45220947265625,2942.71142578125,474.4668884277344,286.67315673828125,2780.606689453125,399.5380554199219,387.15045166015625,2609.529296875,420.814208984375,468.2676086425781,2582.6982421875,382.1777648925781,502.0546875,2498.2724609375,368.4386901855469,463.6067810058594,2513.408447265625,230.81402587890625,528.2425537109375,2925.232666015625,182.8607940673828,637.2103881835938,2908.29736328125,237.049072265625,756.4689331054688,2686.648193359375,274.0560302734375,613.0845947265625,2531.101318359375,360.27716064453125,576.0596313476562,2517.579833984375,340.6971130371094,602.8155517578125,2608.86181640625,337.692626953125,626.1195678710938,2623.306640625,697.7070922851562,500.56646728515625,2880.2119140625,1014.006591796875,581.3909301757812,2714.6162109375,1341.0584716796875,660.261962890625,2618.676025390625,1394.259765625,691.0006713867188,2458.77490234375,671.0816040039062,655.090087890625,2856.6689453125,913.2024536132812,428.11529541015625,2703.138916015625,1212.0340576171875,247.3623504638672,2648.323974609375,1285.8089599609375,167.02938842773438,2534.55615234375,134.74411010742188,471.615234375,2934.10205078125,131.98951721191406,466.3678588867187,2787.2900390625,93.60589599609376,443.42193603515625,2812.18115234375,80.69612884521484,394.4900512695313,2916.469482421875,96.95494079589844,490.88427734375,2807.52783203125,77.38147735595703,546.1002807617188,2912.03125
694.6119384765625,590.07177734375,2867.367919921875,537.9760131835938,566.1691284179688,2900.010986328125,411.3819580078125,545.2135620117188,2916.18994140625,224.2146148681641,491.18121337890625,2944.587158203125,263.9249572753906,471.2174682617187,2944.696533203125,304.7896728515625,348.42523193359375,2952.152099609375,481.1539001464844,296.9267578125,2781.75146484375,398.3216247558594,388.6741333007813,2611.58984375,411.6539306640625,470.0466918945313,2582.86474609375,369.3244934082031,510.5358276367187,2504.318603515625,362.3907470703125,460.5331115722656,2512.192138671875,246.580322265625,529.2129516601562,2936.97509765625,196.1298065185547,635.1112060546875,2915.492431640625,247.834228515625,717.8161010742188,2679.531005859375,284.49896240234375,607.8721313476562,2500.844970703125,369.01220703125,574.5863647460938,2476.581787109375,353.4687194824219,626.2462158203125,2556.365234375,339.38531494140625,608.8301391601562,2614.4072265625,709.5502319335938,509.7766418457031,2880.252685546875,961.5289916992188,583.2392578125,2629.466064453125,1298.6993408203125,659.4111938476562,2659.102294921875,1422.8045654296875,697.7251586914062,2549.61083984375,681.1414794921875,662.4774780273438,2855.749267578125,868.5287475585938,428.8755187988281,2651.25830078125,1188.1627197265625,284.8548278808594,2652.719970703125,1281.310546875,222.4512939453125,2543.82666015625,153.5026397705078,469.1655578613281,2943.19189453125,137.73300170898438,465.9076843261719,2798.373046875,101.69548797607422,443.3382568359375,2826.085693359375,97.46261596679688,393.6352844238281,2929.654541015625,105.26969909667967,490.4147033691406,2821.751953125,95.96173095703124,544.0619506835938,2927.349365234375
705.000244140625,616.9367065429688,2865.873779296875,554.7617797851562,576.292236328125,2899.01904296875,432.5780029296875,541.1131591796875,2903.20458984375,247.31114196777344,484.7635192871094,2902.667236328125,286.3253173828125,465.4951171875,2906.906494140625,319.4521789550781,345.092529296875,2932.671142578125,500.27935791015625,302.03326416015625,2770.801025390625,395.1865539550781,388.6732482910156,2615.0869140625,405.3943176269531,466.19281005859375,2579.54296875,354.84930419921875,511.7869873046875,2511.312744140625,360.0252990722656,460.854736328125,2514.337890625,269.4860534667969,522.750244140625,2900.4775390625,228.9413299560547,632.8040161132812,2898.51708984375,274.54327392578125,711.2093505859375,2664.320556640625,265.8496398925781,592.1641845703125,2492.1552734375,335.0921325683594,537.8536987304688,2463.72900390625,344.50201416015625,591.2855224609375,2541.38916015625,318.0987548828125,573.4407958984375,2604.351318359375,727.6422729492188,539.1598510742188,2873.130126953125,976.807373046875,594.1293334960938,2623.327880859375,1299.481201171875,699.1387329101562,2659.545654296875,1429.9674072265625,701.5772094726562,2555.195068359375,684.5828857421875,687.0714721679688,2859.33056640625,896.3726196289062,592.6638793945312,2588.2880859375,1237.5118408203125,542.736572265625,2581.118896484375,1326.8250732421875,482.1413269042969,2471.634033203125,178.9535675048828,462.6328125,2890.576904296875,171.15573120117188,435.0398864746094,2750.1474609375,140.3309326171875,409.620361328125,2780.0830078125,142.46881103515625,376.6167907714844,2888.21240234375,133.6221160888672,454.3654174804687,2768.7841796875,108.13015747070312,518.3740844726562,2863.178955078125
703.1643676757812,615.7308349609375,2862.651123046875,554.4537353515625,575.0821533203125,2895.767822265625,433.7627868652344,539.9412231445312,2905.248779296875,250.77670288085935,482.2863159179687,2901.68017578125,289.51226806640625,463.6575012207031,2907.091796875,322.170654296875,344.7688293457031,2934.7080078125,505.1101379394531,297.6601257324219,2779.889404296875,407.7872619628906,381.3851623535156,2620.071533203125,404.17388916015625,459.2405090332031,2585.883056640625,354.7474670410156,522.29052734375,2533.896484375,364.3815307617187,461.3542175292969,2529.1533203125,272.4344177246094,520.0975341796875,2899.300048828125,229.4364318847656,627.9548950195312,2893.961181640625,300.0390930175781,708.2648315429688,2669.2412109375,274.9486999511719,525.5068359375,2574.036376953125,320.8136291503906,500.328369140625,2498.80419921875,310.9463806152344,562.846923828125,2568.13134765625,380.6795043945313,533.4187622070312,2635.149658203125,726.2229614257812,539.093017578125,2872.12744140625,987.8754272460938,594.7303466796875,2640.522216796875,1305.9603271484375,705.6429443359375,2670.017822265625,1427.166015625,696.93017578125,2557.54736328125,682.3714599609375,684.8385009765625,2854.10595703125,904.7327880859376,659.5068969726562,2580.531494140625,1246.0081787109375,670.4161376953125,2567.11279296875,1332.7794189453125,636.6316528320312,2446.54248046875,183.5368499755859,459.4701232910156,2888.609130859375,174.84274291992188,413.6472778320313,2754.461669921875,145.53799438476562,391.7030029296875,2787.73388671875,150.16021728515625,373.6147766113281,2898.214111328125,137.29527282714844,433.9347839355469,2770.882568359375,111.2320327758789,508.43072509765625,2855.624755859375
719.0891723632812,594.4021606445312,2882.5830078125,566.9896850585938,557.9793701171875,2901.482666015625,443.84716796875,531.648193359375,2899.38623046875,259.986328125,478.2305908203125,2889.65771484375,297.99920654296875,458.8220825195313,2896.843505859375,334.64056396484375,342.4631042480469,2929.283203125,519.6942749023438,296.84490966796875,2776.90478515625,403.770751953125,379.5905151367187,2629.728759765625,414.52777099609375,460.5544738769531,2606.082763671875,364.11468505859375,476.4501037597656,2526.647705078125,362.85113525390625,459.583984375,2546.89501953125,282.5882568359375,515.453369140625,2887.530517578125,260.0699157714844,628.2138671875,2871.2939453125,375.88232421875,643.5119018554688,2651.810791015625,269.80316162109375,474.8559265136719,2594.218017578125,293.20684814453125,427.1581115722656,2519.658447265625,310.763671875,513.563720703125,2551.624267578125,378.5813598632813,513.346435546875,2536.7431640625,735.8952026367188,516.9248657226562,2868.52197265625,1009.415771484375,597.8306274414062,2659.6953125,1330.14697265625,703.8807373046875,2664.5595703125,1436.2469482421875,725.1463623046875,2539.43408203125,703.9343872070312,664.266845703125,2895.26220703125,927.8216552734376,573.2915649414062,2637.7802734375,1224.9393310546875,406.2078552246094,2656.672607421875,1318.5596923828125,379.8234252929687,2539.60791015625,192.83583068847656,456.7804870605469,2874.369384765625,187.0174865722656,412.310791015625,2739.75048828125,164.70118713378906,384.2177429199219,2773.74462890625,178.64695739746094,365.78070068359375,2883.275146484375,146.99566650390625,424.0075378417969,2758.422119140625,110.39112854003906,489.9837036132813,2846.130126953125
718.9147338867188,592.2984008789062,2864.3056640625,571.7772216796875,554.0911254882812,2904.164794921875,451.204833984375,519.26806640625,2910.054443359375,267.60882568359375,468.6546325683594,2892.566650390625,304.7093811035156,449.002197265625,2902.644775390625,338.6810302734375,334.0347595214844,2941.188720703125,524.2290649414062,300.5417785644531,2787.2177734375,410.9406127929687,389.62457275390625,2642.39794921875,420.3963317871094,473.7418823242187,2636.9296875,359.3919677734375,512.998779296875,2575.306884765625,373.7644958496094,485.51123046875,2661.601318359375,290.93927001953125,505.2776794433594,2890.08740234375,273.0234375,618.2777099609375,2871.91064453125,380.1480712890625,642.51953125,2649.521484375,267.22015380859375,474.9841613769531,2604.9619140625,276.26947021484375,428.3410949707031,2526.96240234375,314.2489318847656,509.8673706054687,2552.739013671875,371.8641662597656,524.072021484375,2564.80126953125,741.479248046875,515.8672485351562,2874.33740234375,1005.6386108398438,598.4467163085938,2655.78857421875,1320.2186279296875,712.1359252929688,2697.02734375,1435.72802734375,727.1829833984375,2580.132080078125,698.5673828125,661.2197265625,2855.259765625,937.5901489257812,619.43017578125,2599.8828125,1277.991943359375,612.542724609375,2608.131591796875,1365.2117919921875,566.781494140625,2492.582763671875,201.1544952392578,447.7179870605469,2874.58544921875,207.37838745117188,422.7776489257813,2735.389404296875,182.9989776611328,390.0224914550781,2763.025634765625,188.2497406005859,356.4666442871094,2869.407470703125,165.81564331054688,431.3131103515625,2752.02587890625,120.8243179321289,483.7225036621094,2844.490478515625
719.3695068359375,593.6163940429688,2866.15234375,573.1587524414062,552.6652221679688,2901.09228515625,453.9596557617187,517.0946655273438,2907.51611328125,272.03704833984375,465.9484252929687,2892.105224609375,309.1280517578125,446.51361083984375,2900.9873046875,346.7348937988281,332.9649353027344,2936.7412109375,536.9013061523438,292.68829345703125,2793.711181640625,424.4215698242187,381.54925537109375,2650.600341796875,423.2158203125,462.23974609375,2626.946044921875,367.9771423339844,493.56292724609375,2557.142333984375,371.6474304199219,472.3889465332031,2597.058349609375,294.85577392578125,502.4825439453125,2890.12939453125,273.0955505371094,614.8644409179688,2880.771728515625,384.8463745117187,656.5879516601562,2665.740234375,275.74658203125,490.4083251953125,2615.18798828125,286.345703125,446.8631286621094,2536.510498046875,322.9872131347656,528.16796875,2562.0166015625,366.083984375,549.7890625,2565.970458984375,742.41015625,517.7625122070312,2873.664794921875,998.0770263671876,597.8900146484375,2649.0556640625,1310.0906982421875,712.7059326171875,2682.3408203125,1433.453369140625,729.9732055664062,2576.2705078125,698.5927734375,662.0171508789062,2859.3779296875,936.8167114257812,674.5769653320312,2604.301513671875,1273.1151123046875,704.0427856445312,2610.57666015625,1371.2381591796875,687.3616943359375,2497.6513671875,206.00631713867188,445.1204528808594,2874.918212890625,207.14181518554688,419.4002380371094,2736.966552734375,186.47499084472656,385.72314453125,2765.744384765625,198.8850555419922,353.9672546386719,2871.07666015625,166.31236267089844,425.35784912109375,2755.379150390625,122.87606811523438,475.287353515625,2848.72314453125
719.6923217773438,591.484130859375,2868.246337890625,574.0326538085938,552.2525634765625,2904.14208984375,455.1065673828125,517.9548950195312,2911.037109375,274.1346435546875,466.8462829589844,2895.411376953125,311.0359191894531,447.5746765136719,2904.455810546875,347.0887756347656,334.505859375,2941.241943359375,538.3524169921875,290.2953796386719,2802.85009765625,427.8951416015625,375.8484497070313,2657.529296875,425.2181396484375,454.8976135253906,2630.1669921875,368.5309753417969,476.7865905761719,2558.55908203125,380.60003662109375,466.7374267578125,2651.234130859375,296.8243408203125,503.2125244140625,2893.333740234375,275.5280456542969,615.1585693359375,2884.40234375,393.994140625,665.0947265625,2676.161376953125,291.6768798828125,496.9422302246094,2622.036865234375,306.0773620605469,453.59820556640625,2544.3544921875,339.4841003417969,535.4219970703125,2571.01171875,357.46942138671875,561.9537353515625,2558.6142578125,741.959716796875,515.8113403320312,2875.89892578125,993.677490234375,594.1288452148438,2648.79443359375,1305.3560791015625,705.75146484375,2680.057861328125,1427.78759765625,725.8457641601562,2574.609375,699.6129150390625,659.7216796875,2861.345458984375,937.9427490234376,620.03173828125,2611.4755859375,1273.9296875,625.6767578125,2611.78662109375,1360.8424072265625,529.384521484375,2536.841064453125,208.4849548339844,445.9861145019531,2878.212890625,216.10682678222656,418.8175048828125,2741.429443359375,196.67672729492188,384.4234619140625,2769.822998046875,207.2474365234375,354.96075439453125,2875.46826171875,174.5535125732422,422.3905029296875,2758.242431640625,125.0102996826172,470.3915710449219,2848.848876953125
721.6720581054688,590.13037109375,2874.02880859375,575.8961181640625,551.8200073242188,2910.079833984375,456.8397521972656,518.2748413085938,2917.201171875,277.4973449707031,462.5595703125,2899.876953125,314.79437255859375,444.2282409667969,2909.14013671875,352.1127014160156,331.3149719238281,2944.89697265625,543.4217529296875,289.9670104980469,2805.9130859375,433.1695556640625,377.0940856933594,2661.528564453125,434.569580078125,456.9130859375,2636.55078125,378.5865478515625,466.9474792480469,2561.879638671875,387.717529296875,469.0200500488281,2654.43701171875,299.2330322265625,499.494140625,2898.14013671875,270.6800231933594,609.6708374023438,2888.306640625,399.1100158691406,682.4227294921875,2693.27001953125,321.2474365234375,498.7731018066406,2650.39794921875,336.4138488769531,453.9923400878906,2573.740478515625,387.5045166015625,525.5606079101562,2601.6708984375,361.5384826660156,546.4017333984375,2576.751953125,743.4766235351562,514.369140625,2881.6884765625,996.250244140625,586.689453125,2654.061279296875,1308.46240234375,695.0577392578125,2689.26025390625,1428.8809814453125,719.4453735351562,2582.544921875,702.0098876953125,658.4476928710938,2867.121826171875,940.9384155273438,600.2357788085938,2621.758544921875,1276.746337890625,595.2345581054688,2623.560546875,1368.8585205078125,515.7716064453125,2536.2724609375,212.59329223632812,440.0810852050781,2882.0595703125,225.56455993652344,405.4833679199219,2747.451416015625,202.7452850341797,373.7671203613281,2776.39013671875,206.17417907714844,349.29754638671875,2883.70654296875,183.5121154785156,412.2376403808594,2761.799560546875,132.33953857421875,467.5415344238281,2847.103515625
726.5478515625,590.324462890625,2875.06884765625,580.2344360351562,554.1508178710938,2910.42919921875,460.7632141113281,522.3892211914062,2916.3759765625,282.5303039550781,464.8620300292969,2895.9931640625,319.8115234375,446.9414367675781,2905.89208984375,357.474365234375,334.4337463378906,2942.101318359375,549.8958740234375,296.0328369140625,2804.25634765625,435.552001953125,380.1574096679687,2661.585205078125,431.8006591796875,459.55914306640625,2635.831787109375,373.3384094238281,472.6333312988281,2563.70068359375,360.9395751953125,449.3825988769531,2623.70068359375,303.8823547363281,501.9819641113281,2894.625,270.3724060058594,610.275390625,2881.48974609375,408.6150512695313,691.4185180664062,2697.0908203125,371.6188659667969,510.1807861328125,2611.517578125,357.374267578125,457.6767883300781,2539.8603515625,393.15625,520.4865112304688,2597.033203125,388.8118896484375,547.0075073242188,2523.826416015625,747.130859375,514.28271484375,2882.4462890625,1001.4109497070312,565.7034912109375,2651.410888671875,1317.5374755859375,657.24951171875,2695.06591796875,1445.9317626953125,702.1675415039062,2606.048828125,707.9872436523438,658.8946533203125,2868.416259765625,950.0995483398438,593.2415161132812,2628.642578125,1285.24072265625,577.94677734375,2628.5869140625,1383.6851806640625,512.1397705078125,2537.218017578125,218.25108337402344,441.7298583984375,2877.08349609375,235.2427520751953,403.5271301269531,2744.062255859375,214.11708068847656,371.4465942382813,2773.787109375,217.61196899414065,350.92730712890625,2881.8056640625,192.6966094970703,408.0461730957031,2757.6630859375,136.9877166748047,462.75634765625,2840.3037109375
735.8463745117188,592.48828125,2875.948974609375,586.6728515625,558.0140380859375,2906.463623046875,465.54144287109375,528.0316162109375,2908.737060546875,286.5022888183594,470.1995239257813,2882.406982421875,323.4642028808594,452.3609313964844,2894.8671875,361.83978271484375,341.65509033203125,2938.681640625,552.5968017578125,294.458740234375,2797.75634765625,435.4815979003906,381.4495239257813,2656.656494140625,431.80181884765625,459.9090881347656,2626.148681640625,373.823974609375,476.81927490234375,2553.39453125,385.1613464355469,460.8734130859375,2578.541015625,308.356689453125,507.4185791015625,2880.433837890625,280.29443359375,615.0292358398438,2850.838134765625,467.9397277832031,683.282958984375,2706.47802734375,456.500244140625,500.84423828125,2612.5244140625,380.3687438964844,456.65875244140625,2590.5458984375,464.7315673828125,495.5862121582031,2588.187744140625,422.3255920410156,510.4031677246094,2521.741455078125,755.0679321289062,515.3486938476562,2882.765869140625,990.5042724609376,551.4193115234375,2625.87646484375,1324.568359375,571.7469482421875,2617.103515625,1429.0364990234375,583.5553588867188,2491.320556640625,718.5134887695312,662.0484619140625,2869.8017578125,968.8212890625,581.33154296875,2638.954833984375,1306.420654296875,559.4390869140625,2636.30126953125,1403.3206787109375,512.3611450195312,2530.740478515625,222.44760131835935,446.4417419433594,2861.379638671875,245.97071838378903,395.5501403808594,2732.4267578125,225.0092010498047,365.4080505371094,2764.8466796875,225.53086853027344,355.87335205078125,2875.368408203125,202.44973754882812,399.4783325195313,2744.267578125,141.04335021972656,460.052978515625,2819.799072265625
758.5089111328125,587.3190307617188,2868.0517578125,603.8767700195312,556.0316162109375,2902.917236328125,477.3035583496094,530.6144409179688,2907.1435546875,290.0794372558594,473.8632507324219,2887.496826171875,328.6389465332031,454.6014099121094,2898.109375,371.4256896972656,339.43914794921875,2938.94970703125,567.8385009765625,285.33612060546875,2793.591552734375,448.360107421875,385.3019409179687,2652.6884765625,431.0765075683594,462.6587219238281,2616.3251953125,358.169189453125,481.6266174316406,2553.8662109375,383.7152099609375,461.92816162109375,2572.598876953125,313.121826171875,512.1190185546875,2885.24609375,295.0479431152344,621.9371337890625,2842.8369140625,497.5534057617187,681.27001953125,2699.6669921875,499.718994140625,483.9532470703125,2620.247314453125,409.2750244140625,475.0250854492187,2596.64697265625,505.2430114746094,468.5226135253906,2597.036865234375,432.94244384765625,488.79547119140625,2542.31591796875,774.7459106445312,506.3551635742187,2867.409423828125,972.7568359375,545.881103515625,2566.278076171875,1318.1190185546875,547.5558471679688,2594.247314453125,1452.578369140625,582.628662109375,2496.90234375,743.8673095703125,660.3276977539062,2868.630859375,946.3704833984376,564.1053466796875,2584.1982421875,1295.7908935546875,554.4806518554688,2604.497802734375,1422.66162109375,513.6431884765625,2523.239501953125,222.4759979248047,450.66802978515625,2868.3994140625,249.01638793945312,400.8506164550781,2734.26513671875,230.4170684814453,367.8236083984375,2767.923095703125,233.4520263671875,357.4250793457031,2882.22119140625,203.9802398681641,401.1910095214844,2747.19189453125,136.73382568359375,458.1157531738281,2826.673828125
768.2979736328125,588.2428588867188,2871.461181640625,608.8855590820312,557.5573120117188,2902.956298828125,479.3527221679687,532.4378051757812,2911.177978515625,287.486328125,479.8374328613281,2880.900390625,325.71856689453125,459.03460693359375,2893.92529296875,371.98333740234375,343.9109191894531,2940.437255859375,573.012939453125,281.7261047363281,2794.389404296875,448.2965087890625,384.63275146484375,2652.7060546875,433.096923828125,464.582763671875,2616.053955078125,352.1562194824219,483.1781921386719,2560.070556640625,381.9875183105469,463.3670654296875,2568.74072265625,312.28826904296875,518.2836303710938,2879.7763671875,300.30810546875,632.4652099609375,2838.810546875,513.696044921875,684.3468627929688,2697.779541015625,544.9429931640625,482.6766357421875,2621.961669921875,454.00482177734375,457.65386962890625,2603.5283203125,551.8258666992188,466.4410095214844,2596.77001953125,462.3622131347656,475.7410583496094,2560.60107421875,784.4413452148438,505.2864074707031,2872.3466796875,953.3104248046876,524.1551513671875,2542.463134765625,1304.7344970703125,543.8090209960938,2585.810302734375,1460.51025390625,565.9324340820312,2512.3427734375,753.74072265625,663.0484008789062,2870.66259765625,944.4329833984376,555.2591552734375,2571.634765625,1301.7310791015625,548.64453125,2598.43359375,1442.718505859375,536.9365234375,2524.205078125,218.78797912597656,458.0292663574219,2857.70751953125,251.31773376464844,393.19964599609375,2727.617919921875,230.86181640625,363.0912780761719,2764.5869140625,229.2778778076172,364.5952453613281,2882.07275390625,204.73361206054688,394.8043823242187,2738.892578125,132.8207244873047,460.9941711425781,2810.9775390625
773.7396240234375,586.151611328125,2873.158203125,612.6206665039062,557.9188842773438,2902.369384765625,482.00726318359375,533.8767700195312,2905.217041015625,288.4404602050781,481.5025634765625,2879.220458984375,326.891357421875,460.7492065429687,2892.443115234375,371.3136291503906,345.3798828125,2941.87255859375,575.3416748046875,284.6114196777344,2797.22607421875,462.3301696777344,389.6365661621094,2646.0234375,437.5935974121094,468.5305480957031,2611.27978515625,360.3772583007813,509.87213134765625,2561.715087890625,386.1391906738281,461.9573364257813,2561.76123046875,313.6128234863281,519.8901977539062,2876.48828125,301.0467224121094,634.29638671875,2834.585205078125,514.3341064453125,682.3433227539062,2689.764404296875,572.578125,486.3448181152344,2612.013671875,485.4057312011719,446.3836669921875,2600.66162109375,580.1648559570312,472.31695556640625,2589.10546875,483.8594970703125,468.7855529785156,2568.186279296875,789.1881103515625,502.7724609375,2877.780517578125,958.45458984375,524.9180297851562,2546.294189453125,1312.0888671875,544.1104736328125,2585.690185546875,1468.93896484375,566.75634765625,2512.68896484375,759.80908203125,661.3381958007812,2868.989990234375,941.88330078125,542.6239624023438,2566.531005859375,1300.3079833984375,557.4832153320312,2597.741943359375,1442.90576171875,548.4388427734375,2524.565673828125,218.93638610839844,459.3603515625,2857.60595703125,251.81752014160156,398.1864929199219,2725.03515625,230.7810211181641,366.9338989257813,2761.06787109375,228.50958251953125,364.64398193359375,2879.09521484375,204.95941162109375,399.8508911132813,2736.148681640625,132.8620147705078,464.6282043457031,2810.2900390625
773.7600708007812,586.196044921875,2873.087158203125,612.5946044921875,557.7726440429688,2902.178955078125,481.9602355957031,533.5869140625,2904.959716796875,288.4306945800781,480.7573547363281,2879.071044921875,326.9594421386719,460.0713806152344,2892.2265625,371.5532531738281,344.5826721191406,2941.34375,575.3696899414062,284.20111083984375,2796.08203125,461.9133605957031,389.5429992675781,2645.32861328125,436.9169921875,468.589111328125,2611.04052734375,359.47869873046875,510.25396728515625,2562.026611328125,385.1395263671875,462.2718200683594,2561.931640625,313.5139465332031,519.224365234375,2876.3720703125,299.89129638671875,633.8057250976562,2835.161376953125,512.3614501953125,684.1582641601562,2689.76220703125,564.5760498046875,486.8997192382813,2610.7158203125,476.1691589355469,449.7459716796875,2599.09814453125,571.7262573242188,472.7911682128906,2587.705078125,475.5675048828125,475.4010314941406,2569.444580078125,789.2974853515625,502.8026123046875,2877.68505859375,959.1561279296876,525.5289916992188,2546.398193359375,1312.8094482421875,545.0908203125,2586.532958984375,1470.398681640625,567.97412109375,2515.071533203125,759.7493286132812,661.3956298828125,2868.941162109375,942.2827758789062,544.2537231445312,2565.98974609375,1301.182861328125,558.8662719726562,2592.9853515625,1440.605224609375,550.2305297851562,2513.769775390625,218.93557739257812,458.4697265625,2857.48583984375,251.7234649658203,397.1955261230469,2724.880615234375,231.1151580810547,365.8532409667969,2761.108154296875,229.4164123535156,363.8644409179687,2879.191162109375,204.8896026611328,398.4934997558594,2736.21435546875,132.5691375732422,462.8808898925781,2810.54638671875
767.693115234375,588.2570190429688,2872.762451171875,608.2904052734375,557.1112060546875,2903.52099609375,478.8274230957031,531.1631469726562,2909.0244140625,288.01043701171875,476.0943298339844,2877.05224609375,326.57177734375,455.6213989257813,2889.559814453125,373.2337036132813,339.25201416015625,2932.279296875,576.1082763671875,278.611572265625,2788.31640625,463.6278381347656,382.19732666015625,2637.314208984375,444.0369873046875,460.9921875,2600.32763671875,366.2936706542969,515.8949584960938,2569.25537109375,390.32623291015625,464.5338134765625,2559.89892578125,312.1302795410156,514.9682006835938,2877.0107421875,301.7922668457031,629.3186645507812,2836.20458984375,512.6361694335938,687.9225463867188,2694.1650390625,585.3981323242188,502.9559020996094,2605.546630859375,503.4574890136719,452.932373046875,2602.064697265625,592.1255493164062,490.4202880859375,2581.638671875,494.2232971191406,469.2864685058594,2574.0078125,784.4005126953125,505.4861755371094,2875.533935546875,962.2213134765624,528.4501953125,2550.810302734375,1314.8358154296875,544.998291015625,2583.35400390625,1475.0379638671875,567.3369750976562,2520.371826171875,752.6273193359375,662.8950805664062,2870.263427734375,960.1868896484376,679.9368286132812,2563.790771484375,1308.7891845703125,716.0498046875,2637.95361328125,1450.695068359375,732.5525512695312,2566.569580078125,219.75247192382812,453.74066162109375,2853.18115234375,251.0220947265625,391.5603637695313,2721.562255859375,231.6749725341797,360.5546569824219,2758.3583984375,232.0852508544922,360.13519287109375,2875.81884765625,204.63665771484375,392.25537109375,2733.6435546875,132.9927978515625,456.11761474609375,2807.984130859375
756.6431274414062,592.6522827148438,2874.04541015625,596.4231567382812,558.5773315429688,2904.861572265625,466.719970703125,530.29150390625,2916.3759765625,277.8743591308594,466.2921447753906,2879.1962890625,317.1122131347656,447.5241394042969,2893.51806640625,374.02349853515625,333.8527526855469,2934.46533203125,584.7569580078125,277.17633056640625,2796.503662109375,463.8792724609375,386.81488037109375,2653.94873046875,440.3545837402344,439.8735046386719,2585.212890625,369.26849365234375,510.7008666992187,2574.2001953125,393.2111511230469,455.7500305175781,2564.30712890625,300.5917663574219,506.4387817382813,2879.058837890625,284.3912048339844,618.7012329101562,2831.831787109375,485.52923583984375,735.669921875,2709.1044921875,464.7599792480469,523.5389404296875,2656.957763671875,409.8035278320313,521.2881469726562,2577.224609375,492.2763977050781,468.2637023925781,2592.481689453125,414.33740234375,526.3975219726562,2564.031982421875,775.1378784179688,509.6098327636719,2878.3798828125,971.4779663085938,536.3778686523438,2561.170166015625,1327.900634765625,549.13623046875,2584.965576171875,1494.851806640625,571.858642578125,2537.59375,739.965576171875,667.5352172851562,2870.136962890625,978.392578125,747.7952270507812,2593.916259765625,1326.8712158203125,779.7057495117188,2683.430419921875,1478.8983154296875,802.108154296875,2635.299072265625,210.84494018554688,440.45941162109375,2853.42919921875,256.47711181640625,392.40179443359375,2718.72314453125,230.45620727539065,358.3076477050781,2748.6396484375,214.8783264160156,343.3434143066406,2865.0908203125,208.6013031005859,394.9578857421875,2724.867919921875,130.5712127685547,454.6935119628906,2797.850830078125
754.4862060546875,596.7799682617188,2870.28515625,593.220703125,561.6798095703125,2902.438720703125,462.9942932128906,531.6705322265625,2916.93212890625,272.90850830078125,465.2135009765625,2880.61083984375,312.6231994628906,446.7910461425781,2895.355224609375,369.12066650390625,331.389892578125,2935.886474609375,582.4467163085938,273.6960754394531,2798.059326171875,466.9701232910156,384.4435424804687,2649.115234375,439.62640380859375,437.3782958984375,2580.656494140625,369.7210388183594,511.38079833984375,2577.810302734375,394.647216796875,455.5374145507813,2561.76318359375,295.55413818359375,505.8578796386719,2879.780029296875,278.5444641113281,619.926513671875,2834.37451171875,487.3516845703125,736.6813354492188,2719.51953125,487.9229736328125,525.6211547851562,2652.77490234375,408.1769714355469,525.697509765625,2596.302001953125,499.140869140625,485.523681640625,2584.818603515625,415.71783447265625,527.234130859375,2569.381103515625,774.8600463867188,514.1583862304688,2882.276611328125,968.8330078125,534.6968994140625,2559.299560546875,1328.246337890625,552.8308715820312,2582.071533203125,1498.9788818359375,570.9805908203125,2540.892333984375,736.1141967773438,671.283447265625,2859.471923828125,972.0039672851562,649.765625,2566.302490234375,1324.9991455078125,713.9479370117188,2629.9462890625,1476.7841796875,729.2925415039062,2574.13330078125,205.4550323486328,438.268310546875,2855.09228515625,248.07748413085935,391.4154357910156,2717.527099609375,218.7617645263672,358.2445373535156,2746.217529296875,201.00450134277344,339.9228515625,2862.94140625,200.1396026611328,397.8998107910156,2723.65966796875,126.39434814453124,461.7609252929687,2799.369140625
753.0764770507812,596.3012084960938,2869.106689453125,591.583984375,561.7572631835938,2905.300048828125,460.6648254394531,532.00732421875,2920.895263671875,270.10052490234375,465.6507263183594,2880.7646484375,309.8312683105469,446.9316101074219,2895.88232421875,368.3449096679687,330.51947021484375,2932.976806640625,584.8936157226562,270.41021728515625,2798.545654296875,471.1957092285156,383.6075134277344,2648.318115234375,442.0511474609375,436.9877624511719,2580.28857421875,372.5568542480469,512.1378784179688,2583.151611328125,395.3059997558594,457.261474609375,2564.703857421875,292.85882568359375,506.53265380859375,2880.826416015625,279.4445495605469,621.351806640625,2834.263916015625,488.1988220214844,739.6055908203125,2717.49365234375,480.9073791503906,523.8712768554688,2663.220458984375,405.04644775390625,525.0950927734375,2600.79345703125,492.3010559082031,476.2960815429687,2589.14697265625,409.0988159179687,536.659912109375,2588.11376953125,773.2764282226562,512.9568481445312,2879.691650390625,967.6439208984376,539.1709594726562,2554.94580078125,1328.7015380859375,553.9896240234375,2584.47314453125,1500.4613037109375,572.6727905273438,2543.647216796875,734.861328125,671.4564819335938,2859.56201171875,973.0770874023438,641.4747924804688,2566.3544921875,1327.43017578125,708.2667846679688,2631.2158203125,1479.4075927734375,722.1021118164062,2572.986328125,202.6564178466797,438.9030456542969,2853.779541015625,233.3839874267578,392.13323974609375,2712.15869140625,203.34375,360.3244934082031,2742.1455078125,191.383544921875,340.4428405761719,2860.0185546875,186.2635498046875,401.9805908203125,2721.46044921875,121.84854888916016,469.55816650390625,2803.31396484375
743.9186401367188,590.5364990234375,2873.880615234375,580.9305419921875,557.594482421875,2910.23388671875,449.01800537109375,529.3001098632812,2927.984619140625,258.8357238769531,460.1785888671875,2883.745361328125,298.940673828125,441.6931457519531,2899.131103515625,366.8104248046875,328.3061218261719,2932.8701171875,582.5632934570312,264.3409423828125,2795.501220703125,483.380615234375,379.6404724121094,2634.76806640625,444.125,442.4065246582031,2580.366455078125,373.8553771972656,515.7738037109375,2597.89501953125,394.8420104980469,458.6639404296875,2569.0947265625,281.06134033203125,501.6964111328125,2884.90771484375,269.1249084472656,619.232666015625,2842.65283203125,466.9526672363281,737.1517333984375,2704.3583984375,490.9101257324219,522.3135986328125,2645.328857421875,403.4173583984375,505.708984375,2602.26904296875,499.2176513671875,476.6020812988281,2586.673095703125,410.4949951171875,521.1292114257812,2580.348876953125,763.50439453125,506.5939331054687,2885.62646484375,963.5716552734376,540.3785400390625,2562.029052734375,1327.4874267578125,563.8245849609375,2578.08203125,1493.689208984375,588.1718139648438,2517.006591796875,726.25732421875,666.2311401367188,2863.28857421875,971.3709716796876,634.9459838867188,2572.58203125,1329.2037353515625,702.5592041015625,2631.27099609375,1476.75732421875,715.6351318359375,2559.863037109375,191.74864196777344,432.6825256347656,2855.15966796875,230.6565093994141,396.7443237304687,2711.29150390625,199.488525390625,362.156982421875,2737.4443359375,181.82180786132812,333.2170104980469,2853.543701171875,182.6392364501953,405.2889404296875,2718.897705078125,112.53727722167967,466.1253051757813,2802.626220703125
739.1435546875,591.9628295898438,2873.341552734375,576.9058227539062,556.3909301757812,2911.07666015625,445.5359191894531,526.1863403320312,2930.332763671875,254.3882751464844,459.54888916015625,2885.799072265625,294.4765625,440.3860473632813,2900.4775390625,361.1881103515625,325.51043701171875,2931.7685546875,585.9630126953125,271.2772521972656,2804.731689453125,483.5343627929687,374.4532775878906,2637.71533203125,445.77490234375,437.5701599121094,2582.562744140625,376.9926452636719,514.4457397460938,2583.604248046875,402.5920715332031,452.48040771484375,2564.11083984375,276.9639892578125,500.8821411132813,2887.7744140625,270.2028503417969,620.6024780273438,2850.559326171875,444.6712036132813,722.7786865234375,2673.407470703125,499.7362976074219,532.6083374023438,2568.128662109375,412.3877868652344,486.4043884277344,2573.896484375,513.5296630859375,493.09075927734375,2571.177001953125,401.6520080566406,485.6983947753906,2573.33935546875,759.9547119140625,508.07757568359375,2883.740234375,959.144775390625,539.3670043945312,2559.05322265625,1323.190673828125,566.7283935546875,2570.9326171875,1490.9337158203125,590.2911376953125,2513.5263671875,720.3772583007812,667.6058349609375,2863.964599609375,937.1139526367188,727.552978515625,2555.42822265625,1292.3397216796875,782.5125122070312,2639.3037109375,1443.998291015625,802.2645263671875,2578.578369140625,186.8472900390625,433.23150634765625,2857.0322265625,222.5384979248047,408.0925903320313,2709.96484375,191.8454132080078,371.648681640625,2734.15673828125,176.63986206054688,334.10662841796875,2848.207275390625,174.68801879882812,416.0881042480469,2719.2470703125,106.5347671508789,470.5916137695313,2808.863037109375
738.7413940429688,592.7593994140625,2872.561279296875,576.4571533203125,557.1945190429688,2910.4423828125,445.0455932617187,527.0242919921875,2929.89306640625,253.52394104003903,460.9703369140625,2885.671630859375,293.6441345214844,441.6425476074219,2900.110595703125,359.9693298339844,326.0907897949219,2929.963623046875,583.8779296875,271.81243896484375,2801.185546875,481.1663818359375,378.2115173339844,2636.248291015625,443.4503173828125,442.7524719238281,2582.6689453125,375.2242126464844,520.1749267578125,2584.189453125,402.0888671875,458.704833984375,2563.93505859375,276.1982727050781,502.2664794921875,2887.786865234375,268.6519470214844,622.1395874023438,2851.02978515625,434.3636474609375,722.716552734375,2664.616943359375,493.3389892578125,536.6499633789062,2554.044921875,410.0522155761719,485.5049133300781,2569.982177734375,510.8115539550781,495.1539001464844,2563.25,398.752197265625,484.8734130859375,2571.906005859375,759.5326538085938,508.8116455078125,2882.817138671875,956.4889526367188,542.7077026367188,2556.83251953125,1320.8172607421875,570.5560913085938,2561.989013671875,1467.0330810546875,592.3672485351562,2461.1826171875,719.9929809570312,668.4586791992188,2863.313232421875,924.6340942382812,743.940673828125,2549.758544921875,1280.11865234375,797.5414428710938,2634.133544921875,1425.62109375,819.2459716796875,2560.241943359375,185.7987060546875,434.9273986816406,2856.994873046875,221.22036743164065,414.0399475097656,2709.128173828125,190.8960876464844,376.6880187988281,2732.436767578125,176.3747100830078,335.95025634765625,2845.532470703125,173.31570434570312,421.38763427734375,2718.775390625,104.9850616455078,472.9158325195313,2810.077880859375
731.2691650390625,601.6533203125,2877.580810546875,567.4278564453125,561.1173706054688,2910.599609375,435.30670166015625,527.8572387695312,2929.07470703125,242.45779418945312,460.029052734375,2884.2470703125,283.2503967285156,440.66558837890625,2898.15966796875,357.206787109375,328.6478271484375,2929.34423828125,575.7944946289062,280.830322265625,2784.787109375,470.24658203125,393.95355224609375,2623.37939453125,434.86767578125,464.4834899902344,2574.48828125,380.98492431640625,548.5761108398438,2604.06884765625,392.7375793457031,489.8392028808594,2566.421142578125,264.90472412109375,501.9021606445313,2887.112548828125,261.5230407714844,624.3756103515625,2854.54638671875,435.1585693359375,723.8126831054688,2671.1416015625,483.8603515625,545.7398071289062,2540.0634765625,408.8567504882813,486.8791198730469,2570.05029296875,507.6409606933594,493.5431518554687,2543.97314453125,398.4626770019531,484.39306640625,2572.049072265625,753.4598388671875,516.8110961914062,2883.5341796875,953.7944946289062,547.6422729492188,2555.1318359375,1321.4793701171875,574.2293701171875,2566.440673828125,1438.96923828125,583.7035522460938,2429.61962890625,711.2589111328125,678.1593627929688,2872.21240234375,911.4264526367188,762.99267578125,2553.859619140625,1270.5714111328125,809.2777099609375,2642.0439453125,1398.324951171875,837.3494873046875,2539.582763671875,174.2086181640625,433.60894775390625,2855.18115234375,212.2717132568359,408.8771362304687,2707.0791015625,182.86691284179688,370.857666015625,2731.597900390625,168.58982849121094,333.0904846191406,2846.941650390625,163.57913208007812,414.7735900878906,2716.11865234375,91.75252532958984,467.2005004882813,2805.810791015625
731.2711181640625,601.2470092773438,2872.885986328125,568.00390625,562.0143432617188,2908.716796875,437.0652465820313,530.3121948242188,2935.002197265625,245.4006500244141,461.49749755859375,2888.259765625,285.96014404296875,442.4596862792969,2903.011962890625,357.411865234375,329.232666015625,2934.65576171875,574.4937744140625,281.9872131347656,2788.46484375,470.1911315917969,394.0184631347656,2626.002685546875,430.8323364257813,458.8367004394531,2572.735595703125,384.77484130859375,549.3484497070312,2595.102294921875,393.27978515625,486.93121337890625,2565.865234375,267.6604919433594,503.3952026367187,2890.906494140625,262.9107666015625,624.3713989257812,2854.01953125,428.2372741699219,719.6670532226562,2661.624755859375,494.6372985839844,547.1663208007812,2531.517822265625,417.9128112792969,486.3548278808594,2550.79248046875,518.8050537109375,494.3333435058594,2536.47216796875,405.7081909179687,486.4140625,2571.687744140625,753.3829345703125,516.7237548828125,2881.0927734375,950.376953125,547.041259765625,2551.37646484375,1316.7869873046875,579.3433837890625,2567.9892578125,1486.7098388671875,602.9976806640625,2512.56201171875,711.3319702148438,677.46533203125,2865.4853515625,916.3260498046876,780.1030883789062,2556.35400390625,1276.0946044921875,835.2555541992188,2633.606689453125,1427.484619140625,862.624267578125,2571.57666015625,177.7747802734375,434.5596008300781,2858.57275390625,212.382568359375,415.5035095214844,2709.059326171875,184.21730041503903,376.2842102050781,2732.938232421875,173.43780517578125,334.47027587890625,2847.044677734375,163.9331512451172,420.32171630859375,2719.48193359375,93.7502670288086,468.4641723632813,2812.52001953125
724.1331787109375,603.163818359375,2876.07470703125,560.4736938476562,562.5452880859375,2906.705078125,429.80712890625,530.125732421875,2932.158203125,238.7553253173828,459.7938232421875,2886.879638671875,279.7639465332031,441.0247802734375,2900.410888671875,354.33758544921875,329.9960021972656,2931.553466796875,570.7205810546875,278.2482604980469,2786.733154296875,470.1379089355469,394.121337890625,2625.177978515625,429.1981201171875,457.5089721679687,2571.67333984375,383.15582275390625,548.4085083007812,2591.4765625,387.76995849609375,482.8663024902344,2565.24169921875,260.396240234375,501.8641357421875,2890.270751953125,252.99099731445312,624.3660278320312,2860.28955078125,400.13616943359375,717.5820922851562,2653.352294921875,469.8858642578125,551.0465698242188,2518.041015625,413.9718627929687,478.52288818359375,2557.20849609375,508.349609375,490.6263732910156,2520.378173828125,404.3356628417969,479.89544677734375,2574.789794921875,745.3890991210938,518.1934814453125,2876.96826171875,947.8555908203124,544.9288330078125,2551.0947265625,1313.729248046875,577.9572143554688,2562.510986328125,1484.716064453125,602.5866088867188,2512.066162109375,704.9657592773438,679.7853393554688,2875.269287109375,927.5419921875,799.3134155273438,2585.863525390625,1286.1546630859375,853.23095703125,2666.061279296875,1438.046142578125,885.8563232421875,2608.783935546875,171.159423828125,432.67669677734375,2857.66845703125,206.21438598632812,414.29644775390625,2708.464599609375,175.70773315429688,376.3791198730469,2731.328369140625,161.4033203125,333.3763427734375,2844.3642578125,158.08499145507812,421.6205139160156,2718.471435546875,89.8053970336914,471.9256591796875,2811.47216796875
724.6704711914062,603.9219970703125,2877.341796875,562.1553955078125,562.561767578125,2906.693115234375,431.074951171875,529.291015625,2922.018310546875,238.13150024414065,461.6303405761719,2888.611572265625,279.3312683105469,442.5450439453125,2899.837890625,354.6642150878906,332.5708312988281,2928.80712890625,566.8841552734375,277.488037109375,2782.29052734375,469.7625122070313,393.4729614257813,2620.73388671875,428.6663818359375,458.2334899902344,2570.131591796875,382.4940490722656,548.2887573242188,2589.884521484375,387.5777587890625,484.2967529296875,2565.68798828125,260.3233947753906,503.1546325683594,2890.3955078125,254.74366760253903,625.423828125,2862.681884765625,398.9352111816406,718.9808349609375,2656.162109375,445.77044677734375,549.090087890625,2517.679931640625,411.6891174316406,470.6505737304687,2567.42333984375,494.3630981445313,485.8214111328125,2510.79248046875,405.1053771972656,467.7476806640625,2579.783447265625,745.9763793945312,519.5647583007812,2876.438720703125,946.4286499023438,543.0559692382812,2552.080322265625,1309.4755859375,581.174072265625,2545.847900390625,1420.7584228515625,594.7489624023438,2406.59814453125,705.4580078125,679.9906616210938,2878.15625,925.4188842773438,791.1455078125,2586.798828125,1279.0389404296875,839.7482299804688,2680.09765625,1405.324462890625,876.3463745117188,2581.27783203125,169.08216857910156,435.3761596679687,2863.728515625,206.82525634765625,426.0927734375,2715.39794921875,180.3951416015625,384.7192077636719,2736.43359375,169.75794982910156,336.7955322265625,2846.99853515625,158.43942260742188,428.0411987304687,2725.015625,85.04926300048828,467.4319763183594,2818.25830078125
725.4308471679688,604.6738891601562,2873.512451171875,561.3076171875,566.3685302734375,2904.7734375,430.8844299316406,536.063232421875,2933.91845703125,239.06277465820312,466.7015380859375,2890.289794921875,280.07275390625,447.7297058105469,2903.554931640625,351.2572021484375,333.42205810546875,2930.58203125,563.00341796875,279.0303039550781,2779.924560546875,468.5592956542969,397.3426513671875,2616.39990234375,424.4038391113281,462.6717224121094,2568.0087890625,383.7346496582031,553.96728515625,2596.098388671875,387.2950439453125,488.1404113769531,2561.181640625,260.97210693359375,508.6618041992187,2893.4052734375,249.6670379638672,630.89306640625,2863.459228515625,407.52490234375,714.53369140625,2660.30859375,475.5485534667969,541.0448608398438,2533.039794921875,411.4862365722656,470.7542724609375,2562.67529296875,498.8634338378906,485.6207580566406,2512.10498046875,405.006103515625,467.7136535644531,2579.81396484375,745.8145751953125,519.51416015625,2876.17919921875,943.6172485351562,541.3704223632812,2547.028564453125,1308.5711669921875,585.1188354492188,2551.31396484375,1478.12548828125,612.1727294921875,2497.30908203125,707.0499877929688,681.4661254882812,2871.10791015625,927.1563110351562,797.6658325195312,2578.40283203125,1282.832763671875,854.358642578125,2669.296875,1436.9788818359375,887.071044921875,2618.376708984375,171.07984924316406,439.8937683105469,2861.66650390625,210.1464080810547,420.623779296875,2713.55224609375,181.4852294921875,381.4177856445313,2736.6474609375,167.4939422607422,339.9252014160156,2850.30419921875,161.469970703125,425.26422119140625,2722.49658203125,88.47129821777344,473.2814025878906,2813.1162109375
725.3775634765625,593.25537109375,2877.74462890625,564.2447509765625,555.1099853515625,2903.912353515625,434.3155517578125,524.58154296875,2916.080322265625,242.8394012451172,461.3841857910156,2885.07470703125,283.2650451660156,441.80908203125,2895.2666015625,355.9128723144531,332.9005432128906,2925.349609375,559.476318359375,274.9696350097656,2774.904541015625,470.2980651855469,395.9031066894531,2617.0400390625,423.8321838378906,455.338623046875,2567.0849609375,383.2981872558594,545.876220703125,2588.7470703125,387.4288330078125,480.2507934570313,2560.913330078125,265.3557434082031,501.9004211425781,2887.07470703125,254.7358856201172,622.147705078125,2860.641357421875,394.0877380371094,726.8845825195312,2661.607177734375,464.3721618652344,554.9933471679688,2542.349365234375,412.7589416503906,474.4808044433594,2560.934326171875,496.8619384765625,486.5138244628906,2508.5673828125,407.3393859863281,468.7560119628906,2579.17041015625,744.778564453125,509.8281555175781,2875.596435546875,935.8402709960938,540.0775756835938,2552.963623046875,1291.4774169921875,588.3892211914062,2532.05419921875,1375.821533203125,599.260498046875,2377.9228515625,707.8827514648438,668.4852905273438,2879.681884765625,945.0474243164062,626.6815185546875,2591.216064453125,1293.825439453125,680.73291015625,2677.326416015625,1396.7125244140625,709.324462890625,2555.554443359375,174.0982208251953,436.9384765625,2861.22314453125,206.90216064453125,421.4791564941406,2714.64892578125,179.1551513671875,382.9113159179687,2737.20703125,168.84115600585938,339.5531005859375,2847.67822265625,159.7018585205078,426.3991394042969,2725.204833984375,92.14146423339844,471.8957214355469,2817.525634765625
725.3280029296875,594.5233154296875,2872.35595703125,566.21826171875,556.3335571289062,2903.052734375,437.520263671875,525.5786743164062,2917.3818359375,247.19093322753903,463.1635437011719,2886.976318359375,287.271728515625,443.6802978515625,2897.27294921875,356.7798156738281,332.49432373046875,2921.802001953125,556.4467163085938,267.9873046875,2771.89697265625,470.3421325683594,396.6238708496094,2620.6240234375,425.6256713867187,455.3907775878906,2569.425048828125,381.50390625,544.9827880859375,2583.350341796875,387.7421569824219,474.7786560058594,2558.48095703125,269.6745910644531,503.3452453613281,2888.6591796875,259.3203430175781,621.6151733398438,2857.58349609375,390.6151123046875,729.686279296875,2657.279296875,465.4459228515625,557.0703735351562,2544.84033203125,413.1044921875,477.18023681640625,2560.29541015625,496.76507568359375,486.6749572753906,2508.00732421875,408.6040344238281,469.5202941894531,2578.813720703125,744.9906616210938,511.7448120117187,2871.288330078125,937.9968872070312,537.3163452148438,2552.44970703125,1290.6468505859375,586.717529296875,2526.621826171875,1385.64453125,599.0759887695312,2380.38671875,707.5973510742188,669.1683349609375,2873.318603515625,923.0743408203124,720.6791381835938,2573.02001953125,1268.3956298828125,768.9299926757812,2665.705078125,1391.2196044921875,795.7547607421875,2565.379150390625,178.8629608154297,438.9116516113281,2863.4423828125,206.22341918945312,420.687255859375,2717.1396484375,176.84242248535156,384.4109191894531,2740.569091796875,166.88497924804688,342.689453125,2850.819091796875,160.08981323242188,428.721435546875,2728.891357421875,98.7489242553711,478.7194519042969,2822.091552734375
727.6424560546875,592.7050170898438,2874.85791015625,567.610595703125,556.3392944335938,2904.38330078125,438.3494567871094,527.0700073242188,2918.710205078125,247.628173828125,465.0665283203125,2887.787353515625,287.6768493652344,445.4556884765625,2898.286376953125,356.38995361328125,333.92913818359375,2924.592529296875,552.29052734375,268.05078125,2769.69580078125,469.1580200195313,396.6464538574219,2616.2509765625,424.9918518066406,455.6623840332031,2564.613037109375,382.7109680175781,544.885986328125,2585.8505859375,387.06689453125,474.2795104980469,2552.63427734375,270.2667236328125,505.24603271484375,2889.440673828125,259.0908203125,622.951416015625,2855.841796875,391.568359375,734.2212524414062,2657.5322265625,465.2855529785156,558.047119140625,2549.27880859375,413.227783203125,477.0553283691406,2560.272705078125,496.4527587890625,487.0004577636719,2507.083740234375,408.3289489746094,469.35302734375,2578.88525390625,746.3667602539062,509.56939697265625,2873.949951171875,940.0233154296876,538.0776977539062,2555.062255859375,1292.1658935546875,590.7755737304688,2522.02587890625,1379.605224609375,604.4375,2370.94189453125,710.758056640625,667.6720581054688,2875.676513671875,934.2469482421876,667.2733154296875,2576.083251953125,1292.3248291015625,709.8469848632812,2599.43017578125,1390.411865234375,735.1575927734375,2474.167236328125,179.19583129882812,440.9256591796875,2864.052734375,201.32095336914065,421.0357666015625,2716.84130859375,173.5857391357422,384.4660949707031,2741.945068359375,168.74436950683594,344.1476135253906,2853.25634765625,155.4427032470703,428.314453125,2730.278076171875,96.60372161865234,478.5247802734375,2825.214599609375
728.1366577148438,590.7822265625,2875.495849609375,567.5277099609375,554.767578125,2901.651611328125,437.9453125,525.7596435546875,2912.581787109375,246.9542694091797,462.9715270996094,2885.8623046875,287.2489013671875,443.5685729980469,2895.68408203125,355.97503662109375,332.61962890625,2923.98193359375,558.4298706054688,269.6105041503906,2776.724609375,469.7498779296875,391.9642028808594,2621.446533203125,425.9918823242187,451.8358154296875,2570.530517578125,382.8900451660156,542.4882202148438,2581.19189453125,391.4833679199219,463.4646606445313,2550.93994140625,269.47430419921875,503.2138366699219,2886.808837890625,253.2196044921875,620.6522827148438,2854.604248046875,437.5616455078125,761.1420288085938,2730.22998046875,472.2213745117187,587.71484375,2600.369873046875,421.9452819824219,512.4962768554688,2565.79296875,494.1670227050781,492.1248474121094,2500.881591796875,424.1433715820313,483.4375,2581.7216796875,746.711669921875,507.6531066894531,2875.0927734375,940.1719360351562,538.3754272460938,2556.5126953125,1290.6947021484375,594.4803466796875,2514.916259765625,1363.568603515625,607.4911499023438,2356.335205078125,711.38671875,665.743408203125,2875.859375,937.7658081054688,664.0877075195312,2578.684326171875,1294.7978515625,711.70849609375,2605.262939453125,1389.855712890625,740.7493896484375,2478.586669921875,178.180908203125,438.4686279296875,2863.6572265625,207.57725524902344,426.5491943359375,2716.934814453125,179.7266387939453,388.11181640625,2738.865478515625,170.85813903808594,342.1743469238281,2847.659423828125,160.97250366210938,432.0072326660156,2728.51904296875,96.5215072631836,475.9006958007813,2822.86083984375
726.3973999023438,602.4293212890625,2868.827880859375,567.3851318359375,562.5530395507812,2900.561279296875,438.7283325195313,529.0648803710938,2912.64453125,247.9592437744141,464.9950256347656,2884.49365234375,288.1767578125,445.9469909667969,2895.642578125,356.6600036621094,333.6504211425781,2920.15869140625,555.6616821289062,269.6064758300781,2767.8662109375,463.198974609375,391.0712585449219,2613.524658203125,419.925048828125,459.5680847167969,2574.051025390625,377.1930236816406,550.3352661132812,2586.83056640625,385.2009887695313,471.4848327636719,2554.21728515625,270.4482421875,505.3660278320313,2884.580322265625,259.7216491699219,621.8172607421875,2846.179931640625,452.2703552246094,760.5919189453125,2731.646240234375,463.6797790527344,584.40576171875,2600.676025390625,421.3701171875,504.8377380371094,2564.68212890625,495.11920166015625,492.3703002929687,2499.202880859375,421.30523681640625,480.7326354980469,2581.1845703125,748.4637451171875,520.3219604492188,2876.22314453125,939.25537109375,536.1383666992188,2554.129638671875,1290.3409423828125,595.4189453125,2515.98828125,1367.74560546875,594.542236328125,2358.66064453125,706.4992065429688,676.4691772460938,2862.158935546875,930.2681274414062,716.2439575195312,2564.771728515625,1281.0328369140625,778.5125122070312,2628.24462890625,1390.1368408203125,801.619140625,2511.68017578125,179.49029541015625,439.6352233886719,2861.81640625,206.8778839111328,425.3440551757813,2714.6259765625,181.23538208007812,386.1327819824219,2738.064453125,176.48178100585938,342.541015625,2848.316650390625,160.18917846679688,428.8955078125,2726.971923828125,95.27100372314452,472.1746826171875,2821.5791015625
725.5863037109375,601.6349487304688,2869.22705078125,566.5238037109375,561.9799194335938,2899.229248046875,438.05560302734375,528.9655151367188,2911.745849609375,247.1134490966797,465.6299133300781,2886.0693359375,287.2836608886719,446.5305786132813,2896.929931640625,354.2529602050781,334.03582763671875,2923.23388671875,554.0105590820312,272.1995544433594,2771.87646484375,462.2641296386719,388.51953125,2613.7841796875,421.87493896484375,455.9818420410156,2570.096923828125,376.6805419921875,545.2108764648438,2583.65673828125,385.8617248535156,469.4591979980469,2550.814208984375,269.7279357910156,505.8251037597656,2885.625244140625,259.1458740234375,621.9412841796875,2846.93896484375,452.8113098144531,762.2925415039062,2737.50244140625,465.9408874511719,589.6566162109375,2602.73828125,422.0188903808594,511.6519775390625,2565.775390625,494.0464172363281,492.6205139160156,2500.252197265625,424.4046020507813,483.8465576171875,2581.881591796875,747.3474731445312,519.5765991210938,2876.138671875,940.3998413085938,537.0413208007812,2556.33349609375,1290.1943359375,594.5572509765625,2510.87255859375,1365.8189697265625,593.357177734375,2353.062255859375,705.9632568359375,675.6304931640625,2862.994140625,934.4660034179688,737.1146850585938,2573.935546875,1283.2386474609375,798.4552612304688,2644.84033203125,1395.3734130859375,825.6693725585938,2532.55126953125,178.44435119628906,440.4446105957031,2864.323486328125,207.27789306640625,421.21490478515625,2718.27490234375,178.35748291015625,384.608642578125,2741.883056640625,168.31353759765625,343.79608154296875,2852.5947265625,160.86932373046875,428.52777099609375,2729.611083984375,97.85115814208984,478.3902282714844,2821.925048828125
725.3475952148438,601.5443115234375,2869.269287109375,566.3726196289062,561.8082275390625,2899.153564453125,437.9737243652344,528.7210693359375,2911.45947265625,247.1871337890625,465.3599853515625,2885.5126953125,287.33819580078125,446.2722778320313,2896.365478515625,353.74188232421875,333.393310546875,2922.103515625,552.5142822265625,271.10882568359375,2769.861083984375,461.0653991699219,388.6267395019531,2612.63671875,420.7298889160156,456.4542236328125,2569.56494140625,376.1334533691406,545.50634765625,2585.6474609375,384.7711791992187,470.0368347167969,2550.37939453125,269.7677917480469,505.5480041503906,2885.164794921875,259.129638671875,621.6174926757812,2846.553955078125,448.4479370117187,758.6121826171875,2726.133056640625,468.2267150878906,589.0428466796875,2588.5009765625,425.14886474609375,508.78955078125,2555.72607421875,497.6942138671875,490.6117858886719,2490.610107421875,426.3272399902344,483.2005615234375,2577.35791015625,747.1400146484375,519.53759765625,2876.15673828125,939.823486328125,536.9841918945312,2556.3525390625,1288.5172119140625,594.1314697265625,2503.942138671875,1361.9075927734375,591.858154296875,2345.19091796875,705.6964111328125,675.4933471679688,2863.058837890625,934.1796264648438,739.8036499023438,2574.8486328125,1282.145263671875,801.9371337890625,2648.046875,1394.86474609375,829.7714233398438,2536.6171875,178.5859832763672,440.190673828125,2863.67138671875,207.5331268310547,421.1729431152344,2717.69677734375,178.85446166992188,384.402587890625,2741.285400390625,169.06288146972656,343.5323486328125,2851.933349609375,161.10304260253906,428.19134521484375,2729.025390625,97.8022232055664,477.6208801269531,2821.295654296875
724.8341674804688,602.8309326171875,2872.97216796875,565.99169921875,562.458251953125,2902.328857421875,437.7089538574219,528.9984130859375,2914.25244140625,247.02525329589844,466.8353271484375,2885.44677734375,286.7768249511719,447.5916748046875,2897.364501953125,351.62835693359375,334.0307922363281,2923.7734375,551.2307739257812,270.4623107910156,2773.33447265625,463.1365966796875,385.74603271484375,2612.69775390625,420.8511657714844,449.8318481445313,2565.9951171875,381.9869995117187,540.8507080078125,2585.35302734375,386.4954223632813,469.0964660644531,2552.362060546875,269.9348449707031,506.8140563964844,2884.96826171875,265.0996398925781,621.4537353515625,2841.398681640625,451.43115234375,767.9295654296875,2727.9091796875,478.7428283691406,587.8095703125,2606.009033203125,428.9730224609375,518.6558837890625,2560.143310546875,494.75921630859375,493.7897338867187,2490.29150390625,429.554443359375,486.1145629882813,2578.13916015625,746.7760620117188,520.8259887695312,2878.91796875,942.6575317382812,537.4567260742188,2561.195556640625,1289.79736328125,597.2937622070312,2502.794677734375,1360.685791015625,592.9618530273438,2343.030517578125,705.0482177734375,676.7784423828125,2867.61083984375,941.5825805664062,751.578857421875,2588.774658203125,1289.397705078125,811.4066772460938,2663.86767578125,1403.4161376953125,838.0890502929688,2553.5771484375,178.68821716308594,441.9156494140625,2862.620849609375,207.21353149414065,420.6771240234375,2716.931884765625,177.91891479492188,384.7108154296875,2740.952392578125,167.47250366210938,345.34576416015625,2852.034423828125,160.9377899169922,428.6380310058594,2728.185302734375,98.58348083496094,480.2359619140625,2819.845703125
725.641357421875,602.212158203125,2874.872802734375,566.958984375,562.2919311523438,2904.126708984375,438.7807922363281,529.4837646484375,2916.48046875,248.1006622314453,468.7554016113281,2886.993896484375,287.5885925292969,449.2814636230469,2899.117431640625,352.0908508300781,336.4471130371094,2928.225341796875,542.0314331054688,263.73345947265625,2770.3466796875,462.4969482421875,385.57574462890625,2610.577392578125,420.061279296875,449.9763793945313,2564.74267578125,381.3949279785156,540.5518798828125,2585.63232421875,384.1510314941406,468.90631103515625,2552.1552734375,271.2659912109375,508.4969482421875,2886.52978515625,269.9895324707031,625.0387573242188,2848.71875,416.1828308105469,724.0176391601562,2654.6748046875,469.05126953125,562.2503662109375,2517.11181640625,420.9396057128906,491.3136291503906,2561.661865234375,507.47906494140625,496.3403015136719,2513.93310546875,422.8716125488281,480.4104919433594,2582.15966796875,747.0525512695312,520.1019897460938,2878.96533203125,942.2117309570312,537.6195678710938,2561.5849609375,1287.52685546875,597.34716796875,2496.325927734375,1363.9930419921875,590.0335083007812,2339.593017578125,706.333984375,676.2545166015625,2871.1826171875,931.8568725585938,755.5509643554688,2585.391845703125,1278.7713623046875,817.9287109375,2659.657958984375,1394.42822265625,843.4925537109375,2551.21826171875,179.80250549316406,444.3254699707031,2863.951171875,207.0219268798828,419.3577575683594,2718.864501953125,180.1613311767578,382.8392333984375,2744.641845703125,173.6830291748047,347.1334533691406,2857.04296875,160.64942932128906,425.2228698730469,2730.646728515625,97.19142150878906,476.6441955566406,2821.36962890625
726.3661499023438,602.8758544921875,2874.803466796875,567.7647094726562,563.1517944335938,2903.88330078125,439.6591491699219,530.5061645507812,2916.08935546875,249.00320434570312,470.5212097167969,2886.21923828125,288.3754577636719,450.9080810546875,2898.334228515625,352.5753479003906,337.9884948730469,2927.211181640625,542.718017578125,265.7958068847656,2769.728515625,462.9735412597656,387.3297424316406,2610.101318359375,420.1040344238281,451.4369201660156,2564.4228515625,381.1944274902344,541.2217407226562,2587.6875,385.2034912109375,469.9071960449219,2550.876953125,272.2745666503906,510.1524658203125,2885.888671875,270.87664794921875,626.8795166015625,2849.034912109375,423.3050231933594,730.6389770507812,2662.7724609375,476.4405822753906,565.30126953125,2529.963623046875,422.8779602050781,496.1770629882813,2570.79248046875,508.4069519042969,497.2698059082031,2521.216796875,423.2690734863281,482.3180847167969,2586.123291015625,747.665283203125,520.8172607421875,2878.8740234375,943.85400390625,538.250732421875,2562.53369140625,1289.468017578125,597.8499145507812,2500.639892578125,1366.9864501953125,591.0657958984375,2344.58251953125,707.1597900390625,676.87158203125,2871.133056640625,931.7592163085938,757.0557250976562,2585.314697265625,1278.52099609375,818.803466796875,2659.19287109375,1393.9378662109375,845.064453125,2550.885498046875,180.721923828125,446.39202880859375,2863.0439453125,208.2286071777344,424.6690979003906,2717.633544921875,181.1258544921875,387.73931884765625,2742.45556640625,174.12611389160156,349.50994873046875,2853.875732421875,161.8946075439453,430.4977722167969,2729.401611328125,98.48646545410156,480.09033203125,2821.020263671875
729.4464721679688,602.62841796875,2871.22607421875,569.8328247070312,565.578369140625,2900.380126953125,440.9401550292969,533.8583984375,2909.529052734375,250.0184783935547,471.6145935058594,2883.182861328125,289.718505859375,452.59283447265625,2895.5458984375,352.02020263671875,338.55780029296875,2925.5234375,545.7882080078125,267.25872802734375,2771.160400390625,462.1668395996094,378.7494201660156,2605.6533203125,418.726318359375,445.5081787109375,2564.113525390625,381.1215515136719,534.3822631835938,2593.238037109375,385.62005615234375,463.9671325683594,2549.799560546875,273.0650939941406,511.4567260742187,2881.43994140625,265.1758728027344,626.953857421875,2840.82763671875,479.35406494140625,744.5700073242188,2744.4423828125,474.4853515625,578.1248779296875,2602.033203125,425.7438659667969,499.6554870605469,2573.365478515625,503.0615234375,506.1506652832031,2511.74658203125,422.2108154296875,482.0986328125,2586.4814453125,750.3099975585938,520.8031616210938,2881.464111328125,943.1284790039062,537.1148071289062,2562.042236328125,1287.781982421875,602.2079467773438,2495.966552734375,1354.633544921875,589.0809326171875,2335.02783203125,710.6329345703125,676.413818359375,2861.994140625,946.523681640625,742.2689208984375,2580.580078125,1291.125,810.6865844726562,2662.14111328125,1407.2105712890625,836.2938232421875,2553.86962890625,181.54722595214844,446.2945556640625,2861.328125,207.15090942382812,419.03619384765625,2716.16455078125,181.05950927734375,382.61566162109375,2742.98291015625,176.5293426513672,348.8050231933594,2856.21875,160.81393432617188,424.55609130859375,2728.48974609375,97.87284088134766,476.8837585449219,2819.26171875
729.4758911132812,602.5873413085938,2871.803955078125,569.9191284179688,565.3783569335938,2901.055419921875,441.0768127441406,533.572509765625,2910.58349609375,250.18614196777344,470.863037109375,2885.152099609375,289.9803161621094,451.9497375488281,2897.376220703125,352.6330261230469,338.0533752441406,2927.14111328125,545.6788940429688,266.5967712402344,2771.95361328125,461.5049743652344,379.7295837402344,2607.850341796875,418.8355407714844,445.77056884765625,2564.409912109375,382.59271240234375,534.99609375,2594.17529296875,385.83160400390625,462.9909973144531,2548.458740234375,273.135986328125,510.7529296875,2883.2470703125,266.83245849609375,624.3710327148438,2837.399658203125,479.7937316894531,726.6375122070312,2722.5810546875,512.2022094726562,565.9165649414062,2577.2353515625,434.3601684570313,508.9534606933594,2570.122314453125,511.25390625,502.1583557128906,2508.00927734375,430.4934692382813,488.0760192871094,2587.62939453125,750.4256591796875,520.7822875976562,2882.018310546875,944.1649169921876,538.286865234375,2563.22314453125,1289.5260009765625,603.9367065429688,2501.564208984375,1360.16796875,592.3661499023438,2342.134765625,710.5846557617188,676.3546142578125,2862.59326171875,946.1415405273438,742.4254150390625,2580.95654296875,1291.481201171875,810.5103759765625,2659.601806640625,1406.44775390625,835.31298828125,2549.9609375,181.6798095703125,445.3560485839844,2863.630859375,207.40321350097656,424.5032958984375,2717.4326171875,180.49961853027344,387.3674621582031,2742.402099609375,174.81744384765625,348.33380126953125,2853.890869140625,161.1265869140625,430.329833984375,2729.840576171875,98.79647064208984,479.5137634277344,2822.764404296875
726.6445922851562,604.0230102539062,2870.066650390625,567.0197143554688,565.6500854492188,2899.522216796875,438.0197448730469,533.145263671875,2908.631591796875,246.25547790527344,471.8177185058594,2882.861083984375,286.0090026855469,452.5029602050781,2894.964599609375,350.8631591796875,339.0725402832031,2923.059326171875,546.365234375,265.3736572265625,2771.087646484375,461.721435546875,377.4045104980469,2605.847412109375,420.1137390136719,447.2321472167969,2567.14990234375,382.3929443359375,536.9381713867188,2594.2666015625,391.6277465820313,468.5119018554687,2552.199462890625,269.5368347167969,511.6429443359375,2881.194580078125,266.36578369140625,625.7958374023438,2835.631591796875,474.1038208007813,767.8025512695312,2758.324462890625,507.824951171875,606.1632690429688,2613.5712890625,444.9855346679687,540.5414428710938,2579.794677734375,505.7290344238281,509.71966552734375,2507.54345703125,450.0497131347656,503.1785278320313,2590.892578125,747.927490234375,521.8986206054688,2878.41552734375,946.2416381835938,536.5172729492188,2561.331298828125,1292.1973876953125,603.7942504882812,2500.22314453125,1357.8590087890625,591.616943359375,2338.308349609375,707.4528198242188,678.0782470703125,2862.5380859375,956.9305419921876,748.3968505859375,2593.09521484375,1303.51611328125,813.884765625,2672.098388671875,1416.1351318359375,839.1476440429688,2559.644287109375,177.40708923339844,446.880126953125,2861.171630859375,208.29415893554688,418.5609436035156,2716.90380859375,182.6811981201172,381.5061340332031,2743.535888671875,176.01077270507812,349.0003967285156,2857.316650390625,161.34512329101562,422.582763671875,2727.825439453125,93.78990936279295,473.93212890625,2816.166748046875
727.4981689453125,603.6680908203125,2871.3623046875,568.240478515625,564.9574584960938,2900.19287109375,439.6776428222656,532.1948852539062,2910.055908203125,248.36585998535156,470.4065246582031,2885.726318359375,288.1422424316406,451.2964172363281,2897.68115234375,352.8934020996094,337.9007263183594,2924.67529296875,544.5529174804688,263.4345397949219,2769.229248046875,461.8683471679687,379.4075317382813,2606.385986328125,418.3333129882813,446.822509765625,2566.045166015625,383.34326171875,535.3896484375,2599.0625,388.7242126464844,465.0525817871094,2549.42041015625,271.48565673828125,510.18792724609375,2883.72802734375,267.361083984375,623.689453125,2837.381103515625,463.2142333984375,763.3609008789062,2731.96142578125,505.317138671875,592.7815551757812,2601.091796875,438.5150451660156,526.829345703125,2577.8408203125,505.2884826660156,504.45361328125,2508.159912109375,440.70556640625,494.7520446777344,2590.36962890625,749.0410766601562,521.9085693359375,2880.58544921875,945.3623046875,536.813232421875,2563.286865234375,1290.4210205078125,603.9085083007812,2501.7060546875,1359.4093017578125,593.511962890625,2341.49365234375,708.072021484375,677.394287109375,2863.045166015625,955.29638671875,746.9773559570312,2592.525390625,1300.241943359375,814.3392944335938,2673.3212890625,1414.7255859375,838.050048828125,2562.96044921875,179.6183624267578,445.24566650390625,2864.59814453125,207.03041076660156,425.1997985839844,2718.610107421875,180.56546020507812,387.5389709472656,2743.248779296875,174.5635528564453,348.1507568359375,2854.583251953125,160.552001953125,430.1773376464844,2730.60693359375,96.52658081054688,478.0260925292969,2823.0576171875
725.2542114257812,603.2222900390625,2872.194091796875,566.0109252929688,564.4735107421875,2901.22412109375,437.41644287109375,532.0984497070312,2912.20947265625,246.66873168945312,469.5054626464844,2885.33935546875,286.4454650878906,450.4805908203125,2897.459228515625,352.1534118652344,337.39837646484375,2923.559326171875,543.6417236328125,259.7533264160156,2769.386474609375,461.994873046875,380.0111083984375,2609.09619140625,419.49713134765625,444.4002685546875,2563.071044921875,382.5328063964844,531.9218139648438,2596.773193359375,389.4039306640625,463.6172790527344,2546.744140625,269.58197021484375,509.4438171386719,2884.015869140625,264.4505615234375,623.3992309570312,2838.83984375,450.7303161621094,764.1046142578125,2718.3974609375,501.4141845703125,586.2787475585938,2600.825439453125,436.1109619140625,519.1669921875,2576.583740234375,505.6380615234375,504.7365417480469,2507.474609375,435.929443359375,491.772705078125,2590.28125,746.5224609375,521.1671752929688,2879.33447265625,944.572998046875,536.96435546875,2563.07666015625,1289.3570556640625,603.451171875,2498.97998046875,1360.214599609375,597.5679931640625,2339.32080078125,706.0757446289062,677.2150268554688,2865.75537109375,950.4317016601562,750.166259765625,2593.4306640625,1295.35546875,815.3923950195312,2676.33251953125,1412.2003173828125,841.4403686523438,2568.972412109375,178.2589111328125,444.19683837890625,2863.263671875,207.14273071289065,412.6601257324219,2719.580078125,178.0687255859375,378.3401794433594,2746.105712890625,167.7249755859375,347.07318115234375,2859.69775390625,160.8130340576172,421.0915832519531,2730.175048828125,97.9885711669922,478.7450256347656,2817.755615234375
725.5184936523438,603.5294189453125,2872.736328125,566.3565673828125,564.9553833007812,2901.905029296875,437.8206176757813,532.7243041992188,2913.08642578125,247.01759338378903,470.5457458496094,2886.51171875,286.74102783203125,451.4632568359375,2898.618408203125,352.39019775390625,338.5528564453125,2925.22021484375,544.2191772460938,260.3594055175781,2771.994873046875,462.7557373046875,379.5128173828125,2610.953369140625,420.2579040527344,443.4715576171875,2564.4296875,383.166015625,531.1964111328125,2597.281982421875,389.847412109375,462.9852294921875,2548.55908203125,270.0049133300781,510.4083862304687,2885.102783203125,265.0797424316406,624.2523803710938,2839.811279296875,451.9741516113281,763.3554077148438,2718.78564453125,501.4050598144531,585.8677978515625,2600.40283203125,437.8600463867187,526.6127319335938,2558.0185546875,513.64111328125,518.1951293945312,2494.82373046875,435.0034484863281,495.4599609375,2574.060546875,746.7089233398438,521.50537109375,2879.891845703125,944.2864379882812,537.1885375976562,2563.58203125,1288.649658203125,603.2233276367188,2497.8994140625,1358.739990234375,597.194091796875,2338.015380859375,706.4100341796875,677.4940185546875,2866.28369140625,950.4425659179688,750.3990478515625,2593.94580078125,1295.15966796875,815.3241577148438,2677.05517578125,1412.03076171875,841.4247436523438,2569.87255859375,178.5699005126953,445.36724853515625,2864.553955078125,207.8388214111328,416.46539306640625,2720.4833984375,178.93939208984375,381.5517578125,2746.35888671875,168.60842895507812,348.3143615722656,2859.3212890625,161.47128295898438,424.444091796875,2731.138671875,98.21653747558594,480.20361328125,2819.535400390625
724.9471435546875,602.0277099609375,2873.504150390625,566.385986328125,562.017822265625,2901.180419921875,438.6368103027344,528.8712768554688,2913.93603515625,248.20089721679688,467.0204162597656,2888.527099609375,287.85980224609375,447.9655456542969,2900.378662109375,352.69000244140625,335.3590087890625,2928.279541015625,545.2793579101562,262.11865234375,2774.835693359375,463.2256774902344,380.69775390625,2614.5263671875,420.2770385742187,440.04974365234375,2563.081787109375,383.3116760253906,526.576904296875,2598.26123046875,389.1307678222656,463.61663818359375,2550.96484375,271.1434631347656,506.7472534179687,2886.98486328125,265.0691833496094,620.5546875,2842.72998046875,445.2136535644531,762.9121704101562,2717.019775390625,508.69976806640625,587.109130859375,2604.147216796875,440.9322814941406,533.7059326171875,2561.17919921875,512.9613647460938,518.3819580078125,2495.4033203125,438.7927551269531,497.6620178222656,2574.729248046875,746.8740844726562,520.5155029296875,2881.28955078125,947.0419921875,538.8712158203125,2568.0634765625,1290.553955078125,604.6005249023438,2503.32568359375,1363.3544921875,599.9572143554688,2345.177490234375,705.1746826171875,675.5308227539062,2866.48388671875,948.3207397460938,748.4143676757812,2594.850830078125,1292.0819091796875,814.6165771484375,2676.29345703125,1409.3328857421875,840.6715087890625,2570.2294921875,179.81271362304688,441.9653625488281,2867.02490234375,208.01206970214844,420.7315368652344,2721.869140625,179.4086151123047,384.5851745605469,2746.01318359375,169.92562866210938,345.59161376953125,2856.825439453125,161.85012817382812,428.0647888183594,2733.2158203125,99.35440063476562,478.9010925292969,2824.574462890625
724.791259765625,602.0919799804688,2873.40478515625,566.0789184570312,562.0848388671875,2901.149169921875,438.20989990234375,528.9462280273438,2914.01513671875,247.5348663330078,467.1004333496094,2888.88720703125,287.2373352050781,448.02099609375,2900.717041015625,351.99267578125,335.2637939453125,2928.775634765625,544.5015258789062,261.407958984375,2775.122802734375,462.4964294433594,379.4665222167969,2614.13427734375,419.734619140625,438.33197021484375,2561.836181640625,382.70849609375,525.5249633789062,2595.54541015625,388.7332153320313,461.14654541015625,2548.672119140625,270.51513671875,506.8524475097656,2887.275146484375,264.3591613769531,620.794677734375,2843.0625,445.6453247070313,763.0723876953125,2718.39697265625,508.3678894042969,587.7371826171875,2603.984619140625,442.6672058105469,539.4708251953125,2552.392333984375,517.3069458007812,528.0949096679688,2488.617431640625,439.0611572265625,500.7581787109375,2566.947021484375,746.7212524414062,520.4989624023438,2881.199462890625,947.0406494140624,538.88525390625,2567.658203125,1290.956298828125,604.690185546875,2503.31201171875,1364.0589599609375,600.103759765625,2345.1220703125,705.0160522460938,675.66796875,2866.3759765625,948.310546875,748.502685546875,2594.38623046875,1292.4188232421875,814.6936645507812,2675.857421875,1409.783203125,840.75341796875,2569.69384765625,179.0436248779297,442.0325622558594,2867.47705078125,207.30516052246097,419.7347106933594,2722.348876953125,179.1702880859375,383.4325866699219,2746.9111328125,170.3448944091797,345.35797119140625,2858.21337890625,161.0293426513672,426.6032104492187,2733.713623046875,97.98458099365234,477.57708740234375,2824.77001953125
726.766357421875,601.932861328125,2876.0537109375,567.5669555664062,563.4109497070312,2904.345458984375,439.1075744628906,531.3873291015625,2915.7861328125,247.88294982910156,470.908203125,2889.504638671875,287.5166931152344,451.4082336425781,2901.09716796875,350.677978515625,337.1809387207031,2927.587158203125,547.0288696289062,260.8115539550781,2779.591552734375,463.1466369628906,373.4004211425781,2615.32373046875,419.4480895996094,433.54010009765625,2565.09912109375,385.06549072265625,521.8063354492188,2599.187744140625,390.9916076660156,452.666015625,2547.90478515625,271.1124267578125,510.60205078125,2888.516845703125,268.05853271484375,627.2705688476562,2851.20654296875,421.49310302734375,721.2793579101562,2660.311767578125,488.1387023925781,566.5283813476562,2520.681396484375,430.52642822265625,495.6833801269531,2552.194091796875,517.8702392578125,525.4537353515625,2516.4599609375,422.5427551269531,496.5479431152344,2574.482421875,747.8172607421875,519.9077758789062,2882.823486328125,945.9005737304688,539.4602661132812,2567.384765625,1290.8543701171875,604.9793701171875,2505.906005859375,1370.6387939453125,596.7743530273438,2350.883056640625,707.7838134765625,675.8985595703125,2869.94921875,929.8688354492188,751.5435180664062,2580.505615234375,1273.966552734375,818.4178466796875,2663.436279296875,1391.2415771484375,842.3818969726562,2556.380859375,179.19161987304688,446.51605224609375,2867.622802734375,209.00909423828125,424.4352111816406,2722.58056640625,182.0889129638672,387.2053527832031,2747.253662109375,174.1297149658203,349.4128723144531,2858.873046875,162.3968505859375,429.6491394042969,2733.701904296875,96.97539520263672,478.8200988769531,2824.27587890625
729.7658081054688,603.221923828125,2872.912841796875,570.3071899414062,565.7179565429688,2901.882080078125,441.5936584472656,534.487548828125,2913.87451171875,249.70066833496097,475.1682434082031,2888.600830078125,289.22503662109375,455.4843444824219,2900.396728515625,350.9884948730469,340.7549133300781,2928.497314453125,547.5560302734375,260.79833984375,2782.33837890625,463.8111877441406,373.6379699707031,2617.946044921875,418.0584106445313,429.3288879394531,2564.40283203125,382.9947204589844,519.0967407226562,2593.7890625,389.7901611328125,453.5821228027344,2551.214599609375,273.26458740234375,514.6900634765625,2887.075439453125,270.9088134765625,630.664794921875,2847.311767578125,455.91265869140625,726.9053955078125,2687.8076171875,506.0207824707031,559.7571411132812,2555.470947265625,422.32757568359375,511.4107666015625,2553.427490234375,510.1483459472656,533.0276489257812,2513.079345703125,419.0520324707031,494.592529296875,2574.70166015625,750.3544311523438,521.021240234375,2879.822509765625,949.3950805664062,538.9374389648438,2564.5380859375,1296.157958984375,606.7247924804688,2515.260498046875,1377.14697265625,599.1261596679688,2360.675048828125,711.2002563476562,677.345947265625,2866.68212890625,936.1038818359376,753.2261962890625,2579.100341796875,1281.6236572265625,817.2865600585938,2659.548828125,1397.492919921875,843.3856811523438,2551.27685546875,180.73001098632812,451.032470703125,2867.10595703125,207.8374938964844,418.7071838378906,2723.335693359375,182.4665679931641,382.7760009765625,2751.426513671875,178.0556182861328,353.3716735839844,2865.83203125,161.3311309814453,423.5968017578125,2735.190185546875,96.65054321289062,477.9168090820313,2823.456298828125
729.7966918945312,603.2028198242188,2872.76123046875,570.315185546875,565.6880493164062,2901.718017578125,441.5818481445313,534.4461059570312,2913.6640625,249.68373107910156,475.10260009765625,2888.27001953125,289.2098388671875,455.417236328125,2900.081787109375,351.0054626464844,340.6760559082031,2928.14794921875,547.6500854492188,260.8268127441406,2781.973388671875,464.0096130371094,373.85882568359375,2617.622314453125,418.4605407714844,429.736083984375,2564.07958984375,383.5945129394531,519.7382202148438,2593.02734375,390.3049621582031,454.2555236816406,2551.009765625,273.24652099609375,514.6331787109375,2886.76904296875,270.841796875,630.5545043945312,2846.802490234375,454.7765502929687,726.2221069335938,2685.667724609375,505.09619140625,558.7542724609375,2553.767578125,421.6135864257813,509.9958190917969,2552.404541015625,509.2030029296875,531.8930053710938,2511.67431640625,418.51910400390625,493.2843933105469,2573.8056640625,750.3893432617188,520.9912109375,2879.668212890625,949.3759155273438,538.9391479492188,2564.29248046875,1296.1322021484375,606.70849609375,2514.601806640625,1376.9783935546875,599.101806640625,2359.915771484375,711.2274169921875,677.3366088867188,2866.532958984375,936.191650390625,753.2259521484375,2578.9365234375,1281.7908935546875,817.314208984375,2659.236328125,1397.6259765625,843.4057006835938,2550.89453125,180.71791076660156,450.961669921875,2866.729736328125,207.8590545654297,418.95172119140625,2722.87451171875,182.39114379882812,382.9952392578125,2750.85791015625,177.841064453125,353.29730224609375,2865.198486328125,161.34873962402344,423.9076843261719,2734.7119140625,96.7128448486328,478.1384582519531,2823.087890625
729.7966918945312,603.2028198242188,2872.76123046875,570.315185546875,565.6880493164062,2901.718017578125,441.5818481445313,534.4461059570312,2913.6640625,249.68373107910156,475.10260009765625,2888.27001953125,289.2098388671875,455.417236328125,2900.081787109375,351.0054626464844,340.6760559082031,2928.14794921875,547.6500854492188,260.8268127441406,2781.973388671875,464.0096130371094,373.85882568359375,2617.622314453125,418.4605407714844,429.736083984375,2564.07958984375,383.5945129394531,519.7382202148438,2593.02734375,390.3049621582031,454.2555236816406,2551.009765625,273.24652099609375,514.6331787109375,2886.76904296875,270.841796875,630.5545043945312,2846.802490234375,454.7765502929687,726.2221069335938,2685.667724609375,505.09619140625,558.7542724609375,2553.767578125,421.6135864257813,509.9958190917969,2552.404541015625,509.2030029296875,531.8930053710938,2511.67431640625,418.51910400390625,493.2843933105469,2573.8056640625,750.3893432617188,520.9912109375,2879.668212890625,949.3759155273438,538.9391479492188,2564.29248046875,1296.1322021484375,606.70849609375,2514.601806640625,1376.9783935546875,599.101806640625,2359.915771484375,711.2274169921875,677.3366088867188,2866.532958984375,936.191650390625,753.2259521484375,2578.9365234375,1281.7908935546875,817.314208984375,2659.236328125,1397.6259765625,843.4057006835938,2550.89453125,180.71791076660156,450.961669921875,2866.729736328125,207.8590545654297,418.95172119140625,2722.87451171875,182.39114379882812,382.9952392578125,2750.85791015625,177.841064453125,353.29730224609375,2865.198486328125,161.34873962402344,423.9076843261719,2734.7119140625,96.7128448486328,478.1384582519531,2823.087890625
730.5844116210938,602.7717895507812,2870.671142578125,571.0693969726562,565.5767211914062,2902.97705078125,441.94537353515625,533.2295532226562,2912.691650390625,249.40773010253903,472.3223876953125,2890.43701171875,289.1958923339844,453.0968322753906,2902.729736328125,353.225341796875,338.34564208984375,2927.781494140625,544.8231811523438,257.8310852050781,2773.8974609375,463.0649719238281,380.5783081054687,2614.66015625,418.0790100097656,441.09771728515625,2565.330810546875,384.68841552734375,531.197021484375,2596.8203125,389.1256408691406,459.2530822753906,2547.93212890625,272.9292907714844,511.9764099121094,2887.416748046875,266.0538635253906,624.6983642578125,2838.511962890625,473.8458251953125,750.1859741210938,2736.031494140625,476.2423706054687,559.2488403320312,2627.19580078125,443.4696350097656,529.1243286132812,2540.9873046875,535.3534545898438,522.8341064453125,2503.621826171875,424.4351501464844,483.9910888671875,2557.8896484375,751.9296264648438,520.9136962890625,2881.81982421875,950.7594604492188,538.4951782226562,2564.796142578125,1298.757568359375,608.5587768554688,2518.1796875,1373.0185546875,603.5691528320312,2359.4541015625,711.33642578125,676.5868530273438,2860.61767578125,948.3900146484376,741.4268798828125,2578.40185546875,1295.1053466796875,809.1082153320312,2656.52685546875,1410.5267333984375,833.029541015625,2546.429931640625,180.14697265625,447.1798095703125,2870.08740234375,208.3433837890625,425.7564392089844,2723.94580078125,180.86746215820312,388.6355285644531,2748.655517578125,173.22946166992188,349.8378601074219,2860.5029296875,161.73329162597656,431.73138427734375,2735.600830078125,97.76683807373048,481.4812927246094,2827.611083984375
731.802734375,602.9732666015625,2869.817138671875,572.0079956054688,566.1722412109375,2901.318115234375,442.8116149902344,534.6224975585938,2912.818603515625,250.64111328125,473.3731689453125,2888.16650390625,290.32952880859375,454.1934814453125,2900.873291015625,353.3308410644531,339.7090759277344,2929.59619140625,543.8989868164062,257.3807678222656,2775.324951171875,463.3132934570313,378.9372863769531,2614.537841796875,417.8034973144531,436.2915954589844,2561.986328125,381.5384521484375,526.4574584960938,2589.96142578125,389.2321166992187,459.7562255859375,2548.30126953125,274.1181945800781,513.0888061523438,2885.521484375,267.2935485839844,626.2976684570312,2837.697265625,471.45611572265625,754.8407592773438,2731.6640625,481.2468872070313,554.9299926757812,2640.762939453125,446.5850524902344,514.0665893554688,2559.86083984375,533.1198120117188,509.4271240234375,2511.160400390625,433.6658020019531,487.7327270507813,2565.501953125,752.777587890625,520.9259033203125,2880.364013671875,951.3173828125,539.1399536132812,2563.124755859375,1298.3944091796875,610.3963012695312,2511.304931640625,1373.8143310546875,606.5677490234375,2353.0634765625,712.8888549804688,676.9590454101562,2860.306396484375,953.3259887695312,738.3572998046875,2580.1123046875,1299.969482421875,804.97216796875,2659.723388671875,1417.810546875,829.7716674804688,2552.380859375,181.66258239746097,448.13909912109375,2866.94482421875,208.1538543701172,419.32904052734375,2721.732421875,180.70867919921875,383.6557312011719,2748.537353515625,174.03036499023438,350.4764404296875,2862.258056640625,161.70297241210938,426.1901245117187,2733.5654296875,99.03399658203124,480.8656005859375,2823.6796875
731.1947631835938,602.26806640625,2871.52197265625,571.5149536132812,564.83447265625,2900.568603515625,442.54638671875,533.3057250976562,2910.76513671875,250.5183258056641,471.92633056640625,2889.7509765625,290.4192810058594,452.7847900390625,2901.394287109375,353.4004211425781,338.65869140625,2930.041015625,543.5023803710938,258.3653259277344,2775.199462890625,462.5989074707031,380.7611389160156,2615.94287109375,418.8712158203125,443.6711120605469,2568.908935546875,382.7281188964844,533.6808471679688,2596.63623046875,385.3298034667969,462.8170471191406,2555.142578125,273.7772521972656,511.6278076171875,2886.972412109375,262.1795654296875,626.0667724609375,2844.030517578125,461.6919860839844,749.7553100585938,2725.708984375,475.3348083496094,554.209228515625,2627.428955078125,443.5052185058594,527.7745971679688,2539.92041015625,535.5767211914062,504.4268493652344,2511.456298828125,419.4633483886719,481.1383666992187,2554.502685546875,751.9185791015625,520.091552734375,2879.5439453125,952.9954223632812,539.8756103515625,2565.107177734375,1299.0830078125,612.676025390625,2514.98388671875,1376.009521484375,612.1619873046875,2357.90869140625,712.5071411132812,676.3702392578125,2864.2880859375,954.6828002929688,739.294677734375,2587.187255859375,1299.5621337890625,807.16943359375,2669.27587890625,1417.5980224609375,835.6741333007812,2563.68359375,181.33265686035156,446.766357421875,2869.839599609375,204.75050354003903,422.3268432617187,2723.687255859375,178.14108276367188,385.8381958007813,2749.978271484375,174.11245727539062,349.4779357910156,2862.5380859375,158.64834594726562,428.5678405761719,2736.678955078125,97.82730102539062,480.1622619628906,2829.423583984375
727.2285766601562,602.0242919921875,2873.120849609375,567.7409057617188,565.7113647460938,2903.272705078125,438.7535400390625,535.09423828125,2913.5478515625,247.4300842285156,473.6154479980469,2889.39892578125,287.116943359375,454.5152893066406,2901.5751953125,351.7891845703125,341.02142333984375,2927.9990234375,543.4347534179688,258.2955627441406,2776.99658203125,463.95367431640625,382.20855712890625,2618.616455078125,418.97900390625,439.723388671875,2566.381591796875,373.4965515136719,525.5770874023438,2593.000732421875,384.0769958496094,459.0460815429687,2553.03271484375,270.64068603515625,513.301025390625,2887.116455078125,263.26275634765625,626.6621704101562,2840.998046875,462.9634094238281,755.9067993164062,2729.98486328125,481.7740173339844,552.4627075195312,2651.219970703125,450.8480529785156,534.935791015625,2561.333984375,527.5956420898438,490.2885437011719,2517.50390625,428.0120239257813,485.3327941894531,2563.882568359375,747.33740234375,519.7508544921875,2880.4013671875,950.7123413085938,540.6737060546875,2568.152587890625,1295.9154052734375,611.860107421875,2513.42626953125,1370.2127685546875,613.0658569335938,2355.3681640625,709.0955200195312,676.2139892578125,2866.5556640625,955.57666015625,744.2381591796875,2595.228515625,1300.0146484375,807.8740844726562,2680.265625,1418.8729248046875,836.0538330078125,2575.8623046875,178.69276428222656,448.4656982421875,2868.36669921875,208.1678771972656,420.9685363769531,2724.08349609375,180.7664337158203,384.9433288574219,2750.051025390625,172.37408447265625,351.1285705566406,2862.98681640625,161.6025848388672,427.1684265136719,2735.027587890625,96.82421112060548,480.3226623535156,2823.902587890625
728.872314453125,604.4320068359375,2876.435302734375,567.7537231445312,567.7665405273438,2905.380859375,437.7043762207031,536.6468505859375,2915.60498046875,244.337158203125,475.0202331542969,2893.568115234375,284.386474609375,455.7822265625,2905.8193359375,350.6456604003906,341.6681213378906,2931.4267578125,543.4429931640625,259.1075134277344,2778.027099609375,457.5126037597656,374.8006896972656,2614.339111328125,415.05078125,442.0051879882813,2570.994873046875,370.8355407714844,523.73876953125,2612.07763671875,381.717529296875,460.4290771484375,2554.957763671875,267.87335205078125,514.9232177734375,2890.52734375,265.1149597167969,629.3816528320312,2843.803466796875,470.5688171386719,714.7409057617188,2700.276611328125,530.0904541015625,527.9963989257812,2598.501708984375,444.1841125488281,499.2428894042969,2562.478271484375,531.4561767578125,497.7064208984375,2513.94970703125,432.4021911621094,483.6603088378906,2567.835693359375,749.4126586914062,521.7456665039062,2886.029541015625,951.2914428710938,539.2973022460938,2568.793212890625,1299.6400146484375,614.00390625,2518.843505859375,1379.400146484375,608.9869384765625,2361.861328125,710.3501586914062,678.993896484375,2867.78369140625,950.116943359375,746.8484497070312,2586.173095703125,1295.8848876953125,816.340576171875,2674.351806640625,1413.36279296875,841.5781860351562,2565.590576171875,174.76060485839844,449.61614990234375,2873.233642578125,209.2500915527344,425.89007568359375,2728.05322265625,182.7356719970703,387.8446350097656,2752.942626953125,173.15476989746094,351.3642272949219,2866.02099609375,161.79066467285156,429.7452392578125,2738.024169921875,91.86700439453124,478.6451110839844,2826.89111328125
735.6111450195312,601.0409545898438,2872.456298828125,573.875244140625,566.4317016601562,2902.5283203125,443.2569885253906,536.2523193359375,2912.01904296875,249.1512908935547,476.25390625,2888.05859375,288.92279052734375,456.6936950683594,2901.050048828125,350.78765869140625,340.70770263671875,2930.453857421875,545.541259765625,258.0865173339844,2778.633544921875,458.3955993652344,375.069091796875,2615.8916015625,415.41693115234375,439.86907958984375,2569.12939453125,374.2997131347656,527.5574951171875,2600.54638671875,382.0621948242187,461.1322326660156,2556.113525390625,273.1870422363281,515.9647216796875,2884.910400390625,266.9201354980469,630.5750732421875,2838.204345703125,486.3935241699219,721.9227905273438,2720.384765625,495.7657775878906,512.7886962890625,2648.57763671875,456.7923583984375,503.2463073730469,2559.501220703125,529.8470458984375,450.8492431640625,2515.528076171875,452.35693359375,492.242919921875,2545.4521484375,755.6067504882812,518.4130859375,2884.903564453125,950.9396362304688,539.5018310546875,2562.874755859375,1301.0501708984375,613.3247680664062,2518.78369140625,1376.333740234375,607.5960083007812,2359.217529296875,717.5802001953125,675.5501708984375,2861.231689453125,959.57861328125,645.8943481445312,2573.91064453125,1317.8775634765625,702.8193969726562,2607.098876953125,1415.845703125,714.795166015625,2478.114013671875,179.4351348876953,451.301025390625,2867.04052734375,204.01052856445312,419.01953125,2721.16259765625,177.60308837890625,383.28570556640625,2749.577880859375,173.64239501953125,352.75433349609375,2864.997314453125,157.3404083251953,425.3175964355469,2733.769775390625,94.81983947753906,481.46490478515625,2824.2177734375
731.6657104492188,602.4728393554688,2869.434814453125,572.2064819335938,565.6505126953125,2901.67138671875,443.3624267578125,534.1008911132812,2915.298583984375,251.0842132568359,474.52691650390625,2889.185791015625,290.3986511230469,455.118408203125,2902.51806640625,351.7243347167969,339.9497375488281,2931.475341796875,542.7128295898438,259.035400390625,2777.43212890625,458.4521179199219,375.6807556152344,2615.205810546875,415.4935607910156,440.2802429199219,2569.525390625,373.16644287109375,527.8097534179688,2596.96875,381.56402587890625,459.8810119628906,2555.83642578125,274.9530944824219,513.9408569335938,2886.38916015625,270.96893310546875,628.3079833984375,2841.41845703125,478.5441284179687,721.64990234375,2709.12158203125,506.77935791015625,508.2821960449219,2665.549560546875,459.8216857910156,502.2310485839844,2580.962646484375,521.0245971679688,450.0940246582031,2522.681640625,460.8051452636719,487.92181396484375,2562.11767578125,752.92333984375,520.7660522460938,2881.256591796875,952.73291015625,540.1633911132812,2565.35302734375,1298.1158447265625,617.6661376953125,2513.784423828125,1377.9329833984375,611.609375,2357.99267578125,712.496826171875,676.1514282226562,2858.774658203125,941.4431762695312,701.1721801757812,2564.23876953125,1290.882568359375,768.5042114257812,2627.64306640625,1404.0513916015625,785.1633911132812,2514.133544921875,182.17095947265625,449.767333984375,2867.48828125,203.9660797119141,413.9724731445313,2723.2158203125,175.45944213867188,380.8249816894531,2751.976318359375,169.72593688964844,352.59320068359375,2866.947509765625,158.22596740722656,423.5708923339844,2735.688232421875,100.36676025390624,484.7456970214844,2824.658447265625
734.8375854492188,599.757080078125,2873.435302734375,574.1182861328125,564.7535400390625,2902.6982421875,444.3787231445313,535.5665283203125,2915.15380859375,251.2569122314453,478.2539978027344,2887.689453125,290.3946533203125,458.22894287109375,2900.8837890625,351.1611022949219,343.07989501953125,2932.013671875,543.0564575195312,257.06915283203125,2781.1923828125,459.3653259277344,376.82415771484375,2620.47509765625,414.9107360839844,436.72515869140625,2569.80859375,371.1708679199219,524.3137817382812,2595.38525390625,382.0042114257813,458.7706298828125,2557.478271484375,275.5787353515625,517.5156860351562,2885.4833984375,273.8255920410156,632.1344604492188,2840.4677734375,492.1149597167969,709.4737548828125,2714.391845703125,515.3099365234375,498.680419921875,2656.03466796875,458.1600646972656,496.7251892089844,2577.56787109375,522.7317504882812,446.5251159667969,2520.97216796875,458.67535400390625,489.2757263183594,2558.9267578125,754.1478881835938,516.868408203125,2880.34326171875,952.577392578125,540.7172241210938,2563.159912109375,1299.350830078125,617.794921875,2516.508544921875,1372.6595458984375,612.925537109375,2357.198486328125,717.4246215820312,674.5014038085938,2867.2060546875,948.8001708984376,661.1685180664062,2573.04052734375,1309.7181396484375,689.6779174804688,2576.125244140625,1395.440673828125,710.39697265625,2440.938232421875,182.0403289794922,454.4661254882813,2865.442626953125,208.0169982910156,412.9906921386719,2723.143798828125,180.9546661376953,379.6423950195313,2753.1923828125,175.09413146972656,356.669677734375,2869.517822265625,161.5519561767578,420.5659484863281,2734.590576171875,98.90924835205078,482.658935546875,2819.8818359375
735.3781127929688,598.6423950195312,2871.352783203125,574.9580688476562,563.9505004882812,2901.128173828125,445.2784729003906,534.5730590820312,2911.303466796875,252.3526611328125,476.714111328125,2886.058837890625,291.5408020019531,456.9708557128906,2899.27734375,351.43304443359375,341.7144470214844,2930.798583984375,541.214111328125,258.3818664550781,2776.534423828125,458.22308349609375,375.3918762207031,2613.904296875,414.2960815429687,437.2172546386719,2565.38671875,374.7967834472656,523.7711791992188,2599.375244140625,381.0793151855469,457.4109191894531,2551.86279296875,276.57220458984375,515.9031982421875,2883.08984375,271.9173278808594,628.8582763671875,2834.728271484375,493.3922424316406,711.7879638671875,2719.05615234375,504.7307739257813,498.3232421875,2668.759033203125,460.06585693359375,498.7417907714844,2582.72265625,517.0527954101562,443.8387451171875,2522.72509765625,460.1869201660156,485.5216369628906,2563.7646484375,754.723876953125,515.9920654296875,2879.28369140625,952.0357666015624,541.1431274414062,2562.199462890625,1298.8770751953125,617.6115112304688,2519.538330078125,1371.7681884765625,615.0513916015625,2360.285888671875,717.93310546875,673.171875,2864.201171875,950.8850708007812,661.778564453125,2571.952392578125,1311.30322265625,689.4334716796875,2574.529052734375,1396.6026611328125,709.1897583007812,2439.23291015625,183.12771606445312,452.5447998046875,2864.678955078125,203.70594787597656,414.8103332519531,2720.715576171875,175.61810302734375,381.9499206542969,2750.212158203125,171.10198974609375,355.31683349609375,2865.623291015625,158.04318237304688,424.3904418945313,2733.48974609375,100.76424407958984,486.5708312988281,2822.14501953125
730.9755859375,602.451904296875,2868.5595703125,571.539306640625,565.0371704101562,2901.822998046875,442.4522399902344,532.8911743164062,2914.129638671875,248.8390655517578,475.3582458496094,2890.473388671875,288.1085205078125,455.5652160644531,2903.66650390625,349.69512939453125,340.583984375,2933.93701171875,544.70068359375,264.50457763671875,2781.6640625,458.1656799316406,376.8024291992187,2617.04345703125,419.9914855957031,439.6807861328125,2564.846435546875,376.959228515625,527.3679809570312,2591.368408203125,381.3519592285156,461.38922119140625,2553.343017578125,273.21600341796875,514.5081787109375,2887.007568359375,275.2532043457031,628.0108642578125,2839.17919921875,490.353515625,713.8051147460938,2712.95458984375,561.5484619140625,534.52685546875,2607.16162109375,479.4356994628906,505.2673950195313,2564.34716796875,517.9786376953125,419.42144775390625,2532.059814453125,464.37884521484375,485.7913208007813,2566.279541015625,752.392822265625,520.4273681640625,2878.9541015625,951.6839599609376,540.0210571289062,2561.9091796875,1298.3624267578125,617.4664306640625,2514.479736328125,1376.5128173828125,606.2659912109375,2357.762939453125,711.6627197265625,676.4171142578125,2859.1865234375,939.61279296875,709.7804565429688,2563.819580078125,1293.044189453125,774.2075805664062,2609.481689453125,1395.7674560546875,790.4273681640625,2485.98681640625,179.2845916748047,451.1895446777344,2869.67236328125,207.95687866210935,430.5946350097656,2723.354248046875,181.48272705078125,392.697998046875,2748.087890625,174.9737548828125,353.6078186035156,2860.02685546875,161.16714477539062,435.3126831054687,2735.06103515625,95.89755249023438,483.3197937011719,2827.240234375
731.5867919921875,602.5084838867188,2868.48876953125,572.7691040039062,565.3657836914062,2900.28369140625,444.2978515625,533.2293701171875,2910.811279296875,252.27215576171875,474.50726318359375,2886.925537109375,291.5321044921875,455.0286560058594,2899.714111328125,352.4290771484375,339.64776611328125,2926.321533203125,547.83203125,263.03887939453125,2777.32177734375,456.62451171875,377.2409973144531,2618.231689453125,419.52301025390625,442.0074768066406,2568.500732421875,372.3699340820313,527.8817749023438,2591.559814453125,381.3993225097656,460.7271728515625,2553.64404296875,276.1365661621094,513.7061767578125,2883.93408203125,272.4483337402344,626.3299560546875,2835.903564453125,490.7911682128906,723.915771484375,2728.265380859375,558.7000122070312,527.14697265625,2660.959228515625,505.1151428222656,513.35986328125,2581.8095703125,536.3847045898438,437.7104187011719,2526.2568359375,481.7899475097656,483.66851806640625,2579.279541015625,752.879638671875,521.0587768554688,2879.69873046875,954.0553588867188,539.781005859375,2566.295166015625,1297.8204345703125,617.7064208984375,2513.869140625,1376.9024658203125,612.6950073242188,2358.404541015625,712.3861083984375,675.955322265625,2858.38037109375,934.9072875976562,728.1517944335938,2564.263427734375,1282.2479248046875,797.0516967773438,2629.749755859375,1393.4066162109375,820.2200317382812,2516.254150390625,183.2956695556641,450.0888366699219,2866.067138671875,207.34158325195312,425.2147521972656,2720.44921875,180.7216033935547,388.8720397949219,2746.68994140625,176.24403381347656,352.9927062988281,2859.097412109375,161.28158569335938,431.4302673339844,2733.182373046875,100.12537384033205,483.1592102050781,2825.254150390625
736.2294921875,600.9109497070312,2870.458740234375,574.606201171875,567.3488159179688,2901.864990234375,444.05865478515625,537.5718994140625,2912.64453125,250.60194396972656,476.5009765625,2887.001220703125,290.3134765625,457.2199401855469,2900.50830078125,352.0042419433594,341.3852844238281,2930.58544921875,547.9111328125,263.2066345214844,2778.1015625,458.1529541015625,382.19573974609375,2618.396240234375,418.1240234375,442.9364013671875,2564.233154296875,373.2495422363281,528.7090454101562,2595.646240234375,381.1422424316406,466.1882629394531,2553.104248046875,274.4616394042969,516.295654296875,2883.88720703125,272.9072265625,630.8389282226562,2836.774169921875,493.8931579589844,714.6546020507812,2716.4814453125,585.4974975585938,537.5391235351562,2620.694091796875,512.1209106445312,509.9116516113281,2562.4833984375,532.821533203125,417.1965637207031,2531.141357421875,483.1585998535156,483.8626403808594,2580.060302734375,756.21044921875,518.750244140625,2885.484375,952.6821899414062,539.66943359375,2564.340087890625,1301.1649169921875,618.8298950195312,2518.014892578125,1385.0093994140625,607.6090087890625,2363.168212890625,718.2117919921875,674.9989013671875,2856.909423828125,960.6912231445312,667.180908203125,2568.79638671875,1314.2054443359375,739.99267578125,2617.015625,1418.9251708984375,749.7567138671875,2493.352294921875,181.26556396484375,451.0969848632813,2865.404052734375,202.1001739501953,419.15960693359375,2718.94091796875,176.81146240234375,383.1881103515625,2748.021484375,176.29229736328125,352.54937744140625,2863.423095703125,155.76121520996094,425.03167724609375,2732.824462890625,95.2821044921875,480.5289001464844,2824.96875
731.164794921875,601.6611328125,2868.367919921875,572.235107421875,564.8019409179688,2899.9150390625,443.7557678222656,533.0635986328125,2911.468505859375,252.0699462890625,473.0540161132813,2888.091796875,291.470458984375,453.8680419921875,2900.88720703125,353.0943298339844,339.7646484375,2931.076171875,546.010009765625,264.2366638183594,2778.33935546875,458.5234680175781,381.1393432617187,2619.126708984375,420.2035827636719,442.7242126464844,2566.372802734375,373.4219970703125,525.3743896484375,2599.68310546875,383.4671630859375,463.71820068359375,2553.056396484375,275.6824951171875,512.3904418945312,2884.924560546875,273.48126220703125,626.5164184570312,2840.48974609375,491.1795654296875,704.8014526367188,2716.963134765625,592.1377563476562,539.7137451171875,2614.92724609375,519.5269775390625,510.48480224609375,2558.366943359375,531.891845703125,415.7202453613281,2532.810546875,487.3094482421875,484.9920959472656,2582.017333984375,752.3096923828125,520.1923217773438,2879.70556640625,951.3671264648438,540.526123046875,2565.06103515625,1294.90380859375,616.1729125976562,2508.04833984375,1376.0977783203125,606.2921142578125,2353.91552734375,712.0975952148438,675.1251831054688,2858.144287109375,937.1261596679688,714.5358276367188,2563.953125,1284.3438720703125,785.7874755859375,2627.507568359375,1396.068603515625,804.2076416015625,2513.70263671875,183.2174530029297,448.1297912597656,2867.42822265625,207.58560180664065,425.2658081054687,2721.53759765625,180.24510192871097,388.9381408691406,2747.046142578125,174.61767578125,351.2921447753906,2858.820068359375,161.5706329345703,432.0252685546875,2734.15234375,100.80571746826172,483.2263488769531,2826.7734375
736.5044555664062,600.812255859375,2870.892333984375,575.8045043945312,565.7200927734375,2900.26513671875,446.1222229003906,535.5181884765625,2910.933837890625,253.48049926757812,475.2153015136719,2886.494384765625,293.18609619140625,455.7322692871094,2898.791015625,352.9930419921875,339.11798095703125,2926.164306640625,544.0504760742188,262.8392028808594,2769.120361328125,456.9306945800781,380.471923828125,2608.62451171875,419.1507568359375,443.7884521484375,2556.69189453125,371.68603515625,526.1996459960938,2591.2890625,381.1462097167969,469.7063598632813,2549.085205078125,277.1062927246094,514.9006958007812,2884.1953125,270.2460021972656,630.42626953125,2842.0380859375,494.8432312011719,696.8513793945312,2720.8505859375,595.9906616210938,523.6683959960938,2630.488037109375,533.8645629882812,508.1744689941406,2557.485107421875,530.8308715820312,411.89837646484375,2532.65380859375,485.8607177734375,484.9190368652344,2581.059814453125,756.6113891601562,518.6678466796875,2882.759033203125,950.6235961914062,538.6067504882812,2562.536865234375,1297.631103515625,619.6611328125,2524.9267578125,1387.077392578125,613.7731323242188,2374.09765625,718.3731079101562,674.8854370117188,2860.191650390625,953.1985473632812,667.2098388671875,2568.513427734375,1307.070068359375,727.3805541992188,2616.14404296875,1410.744140625,743.3518676757812,2493.442626953125,184.26084899902344,450.4632873535156,2865.303955078125,207.7141876220703,425.4691467285156,2718.762939453125,179.2384033203125,389.9841003417969,2744.80078125,172.7677001953125,353.30963134765625,2857.539306640625,161.69390869140625,433.7200317382813,2731.4912109375,102.34984588623048,487.7828369140625,2824.298583984375
737.0993041992188,601.5470581054688,2870.193115234375,575.9795532226562,567.2258911132812,2899.9912109375,445.8161315917969,537.4456176757812,2909.06396484375,251.88999938964844,479.5970458984375,2885.636474609375,291.3721923828125,459.67828369140625,2898.27783203125,351.2349548339844,342.4594421386719,2924.158203125,544.7164306640625,262.04461669921875,2771.387939453125,456.8201599121094,380.6148376464844,2611.444091796875,418.8259582519531,444.3640747070313,2559.899169921875,370.00787353515625,526.8084106445312,2593.07080078125,380.5756530761719,468.1029052734375,2549.968505859375,276.1681213378906,518.945068359375,2882.65771484375,270.99542236328125,632.7294311523438,2835.1728515625,488.0709533691406,721.6477661132812,2713.598388671875,505.0809326171875,510.0523376464844,2654.340087890625,457.8487854003906,519.067138671875,2569.764404296875,431.2457885742187,429.482421875,2604.399169921875,456.0303955078125,493.85296630859375,2557.384521484375,756.7621459960938,519.0453491210938,2881.486083984375,950.7926025390624,538.7612915039062,2560.423095703125,1298.4501953125,619.2601928710938,2521.1328125,1377.027587890625,614.6387939453125,2363.94921875,719.3684692382812,675.9425048828125,2860.009521484375,956.1224365234376,666.4540405273438,2569.025146484375,1311.343994140625,725.8910522460938,2612.618408203125,1412.5181884765625,739.4080200195312,2487.16015625,182.15591430664065,455.5119018554687,2864.840087890625,202.383544921875,419.2181396484375,2719.89453125,174.55982971191406,385.7550659179687,2749.298583984375,170.75634765625,357.84869384765625,2864.873291015625,156.55294799804688,428.39068603515625,2733.0224609375,99.06464385986328,489.5142822265625,2822.8798828125
730.4815063476562,601.7994384765625,2868.66552734375,571.6611328125,564.2222290039062,2899.637451171875,443.2869262695313,531.9013061523438,2910.227783203125,251.0230255126953,473.51507568359375,2888.065673828125,290.4239501953125,453.8834228515625,2900.11083984375,352.8076477050781,338.6661682128906,2923.57666015625,542.802001953125,261.0154113769531,2768.39697265625,456.7542724609375,379.13232421875,2609.388427734375,420.0830993652344,441.6002502441406,2556.548583984375,372.3846740722656,518.84326171875,2599.92138671875,381.080810546875,467.44281005859375,2549.222900390625,274.8495788574219,512.7325439453125,2885.2548828125,274.34832763671875,626.8062744140625,2840.739501953125,484.8283081054687,714.9780883789062,2711.66259765625,550.9828491210938,532.6978149414062,2610.5419921875,465.2939147949219,506.8496398925781,2574.359619140625,450.4736633300781,409.1556701660156,2570.299072265625,461.7799072265625,494.39404296875,2563.75341796875,751.8869018554688,520.3768920898438,2879.642578125,951.1370239257812,539.5348510742188,2565.18408203125,1295.1766357421875,618.57568359375,2517.22314453125,1373.9349365234375,608.6853637695312,2361.89306640625,711.1793212890625,675.2216796875,2858.766845703125,939.8715209960938,713.695068359375,2567.43798828125,1287.5701904296875,783.733642578125,2629.04345703125,1395.2275390625,800.3497314453125,2511.18359375,181.80453491210935,449.36956787109375,2867.79150390625,202.0731506347656,430.7623596191406,2720.72119140625,175.6599884033203,393.5901489257813,2745.95556640625,173.4285430908203,352.7959289550781,2856.700439453125,156.42205810546875,436.9040222167969,2734.827880859375,98.11708068847656,485.1220703125,2830.530029296875
727.7430419921875,602.6377563476562,2869.731689453125,568.4742431640625,564.8673706054688,2899.49951171875,439.8759460449219,532.2840576171875,2909.05224609375,248.117431640625,472.3113403320313,2884.113525390625,287.4415588378906,453.0911865234375,2897.284423828125,351.5566711425781,339.5799865722656,2925.1376953125,544.41943359375,259.45013427734375,2774.16455078125,458.4005432128906,378.6780700683594,2615.523193359375,420.863525390625,440.5523986816406,2562.3623046875,366.7323303222656,516.7874755859375,2599.934326171875,384.46630859375,459.0358276367187,2545.645751953125,271.8142395019531,511.673095703125,2881.086181640625,269.681640625,625.5426635742188,2835.59423828125,489.4808349609375,723.8384399414062,2730.84423828125,507.7642822265625,526.768798828125,2637.02099609375,459.0990295410156,523.5865478515625,2553.535400390625,436.76910400390625,429.6212768554687,2575.48828125,398.474609375,543.8844604492188,2578.763671875,749.2457275390625,521.2110595703125,2881.4619140625,950.63330078125,538.9727172851562,2567.61083984375,1295.1002197265625,619.2031860351562,2520.67333984375,1370.857421875,609.8887939453125,2363.527587890625,708.3531494140625,676.0637817382812,2859.154052734375,943.9849853515624,726.8663330078125,2574.5986328125,1290.1138916015625,799.5180053710938,2644.643798828125,1400.703125,821.8973999023438,2530.16748046875,179.3399200439453,447.3787231445313,2862.87939453125,202.1248016357422,419.52496337890625,2717.4150390625,174.13011169433594,384.5755920410156,2744.235107421875,168.4834442138672,350.428466796875,2857.275146484375,156.31390380859375,427.7181701660156,2730.14501953125,97.33969116210938,483.1365966796875,2821.684326171875
726.3607788085938,602.96533203125,2871.885009765625,566.98681640625,565.0426025390625,2902.064453125,438.545166015625,532.8218383789062,2916.1923828125,247.43112182617188,471.3593444824219,2888.06640625,286.78436279296875,452.3380432128906,2901.632568359375,355.0072326660156,339.7099609375,2923.4658203125,543.6229248046875,257.8433837890625,2767.583740234375,456.553466796875,380.89691162109375,2612.096435546875,421.3173828125,445.3693237304687,2560.273681640625,367.7493591308594,516.2072143554688,2608.145263671875,379.6398620605469,462.98736572265625,2544.790771484375,270.8564147949219,510.9956359863281,2885.696533203125,272.76123046875,623.506103515625,2836.54345703125,480.616455078125,729.3812255859375,2715.272216796875,511.431396484375,521.7288208007812,2651.826416015625,471.4678649902344,524.048828125,2563.682373046875,436.44232177734375,432.04693603515625,2575.666259765625,404.0991516113281,540.942626953125,2584.212646484375,748.1900634765625,521.7410888671875,2885.09814453125,948.584228515625,538.6341552734375,2570.00634765625,1292.5560302734375,617.96630859375,2515.16015625,1366.9866943359375,608.9861450195312,2357.118896484375,706.6764526367188,676.2088623046875,2859.97021484375,943.3197021484376,732.9550170898438,2576.7646484375,1289.3741455078125,805.6463623046875,2649.425537109375,1401.5364990234375,825.1669921875,2535.674560546875,179.08331298828125,445.9939575195313,2865.646240234375,202.47984313964844,431.0703430175781,2718.19677734375,176.07989501953125,392.8343505859375,2742.121337890625,172.34974670410156,349.3246765136719,2852.140380859375,156.35440063476562,436.2313232421875,2731.593994140625,95.35871124267578,481.4807739257813,2827.50146484375
726.3995971679688,602.9650268554688,2871.922607421875,567.0464477539062,565.03271484375,2902.095947265625,438.6217346191406,532.8030395507812,2916.21435546875,247.5568084716797,471.2766418457031,2888.060302734375,286.9095764160156,452.2730407714844,2901.635498046875,355.15997314453125,339.6900329589844,2923.52197265625,543.8897705078125,257.8597717285156,2767.807861328125,456.89263916015625,380.7870178222656,2612.214599609375,421.73236083984375,445.2342834472656,2560.326904296875,368.2165832519531,516.1162109375,2608.167724609375,380.0672607421875,462.8898315429687,2544.841796875,270.9659423828125,510.9163513183594,2885.69091796875,272.794677734375,623.4203491210938,2836.554931640625,480.5484313964844,729.552978515625,2715.399658203125,511.5951232910156,521.9745483398438,2651.910888671875,471.6572570800781,524.2742309570312,2563.7666015625,436.7291870117187,432.2425537109375,2575.712890625,404.2702331542969,541.0844116210938,2584.281005859375,748.233642578125,521.7525024414062,2885.13720703125,948.6399536132812,538.6414794921875,2570.103271484375,1292.5762939453125,617.99755859375,2515.33349609375,1367.0281982421875,609.0198364257812,2357.323974609375,706.7108764648438,676.197998046875,2860.006103515625,943.35009765625,733.0071411132812,2576.86572265625,1289.3345947265625,805.7227783203125,2649.6318359375,1401.5172119140625,825.2796020507812,2535.932861328125,179.2302703857422,445.88726806640625,2865.632080078125,202.87771606445312,430.8949890136719,2718.2470703125,176.5057373046875,392.6380615234375,2742.15625,172.67556762695312,349.208251953125,2852.18896484375,156.72837829589844,435.9902038574219,2731.5673828125,95.51701354980467,481.205810546875,2827.335693359375
734.264404296875,601.6807861328125,2865.17041015625,576.1223754882812,565.4575805664062,2896.84912109375,448.0887145996094,534.0635375976562,2906.096923828125,256.2913818359375,477.35980224609375,2884.575927734375,295.4222106933594,457.49566650390625,2896.266845703125,354.2996520996094,340.9087219238281,2918.279052734375,544.015380859375,258.8887634277344,2767.152099609375,456.3135986328125,380.3635864257813,2613.092529296875,424.1178283691406,446.2832336425781,2562.316162109375,368.6219787597656,520.8309326171875,2599.550048828125,380.8088684082031,463.5258483886719,2546.37060546875,280.24591064453125,516.2430419921875,2881.901123046875,275.27099609375,631.34130859375,2842.21142578125,485.1752624511719,710.5859985351562,2709.082763671875,504.8490295410156,510.157470703125,2626.620361328125,452.35540771484375,524.2369384765625,2547.407470703125,433.4955139160156,432.4592590332031,2577.49853515625,396.45697021484375,547.3070678710938,2578.79052734375,754.932861328125,520.4067993164062,2875.415771484375,950.7662353515624,539.007568359375,2560.94482421875,1293.5645751953125,618.136474609375,2517.424560546875,1375.9310302734375,612.987548828125,2364.719482421875,715.6266479492188,674.9690551757812,2855.931640625,935.3018188476562,733.0028686523438,2563.241455078125,1277.1988525390625,804.3283081054688,2642.884521484375,1392.6575927734375,827.8897094726562,2535.094482421875,187.1648406982422,453.9081115722656,2864.574951171875,207.43338012695312,429.9183654785156,2719.0390625,180.40200805664065,394.3143615722656,2745.329833984375,177.10653686523438,357.6493225097656,2856.872314453125,162.08396911621094,437.34222412109375,2732.688232421875,104.66602325439452,489.6734313964844,2825.972412109375
731.0499877929688,601.9789428710938,2866.176025390625,573.1875,564.2174682617188,2896.755615234375,445.61138916015625,531.9378051757812,2907.64892578125,254.61965942382812,474.0364685058594,2883.759033203125,293.68670654296875,454.4563903808594,2895.991455078125,354.113037109375,338.7083740234375,2917.60400390625,545.8704223632812,259.5955810546875,2767.850830078125,456.28814697265625,381.32269287109375,2615.315185546875,426.2138977050781,445.7049865722656,2561.48046875,367.4467468261719,515.7772827148438,2602.02783203125,384.76800537109375,461.5827941894531,2541.726806640625,278.3453369140625,513.0330200195312,2881.3193359375,274.15655517578125,627.533203125,2840.13134765625,485.0203857421875,714.7642822265625,2714.103515625,501.136474609375,512.8164672851562,2635.0986328125,454.5079345703125,525.2236328125,2552.117919921875,430.4998168945313,433.79736328125,2579.209228515625,397.1166076660156,548.909912109375,2578.030517578125,752.4296264648438,520.969482421875,2876.509765625,950.7384643554688,537.8821411132812,2563.843505859375,1292.4339599609375,618.1581420898438,2516.212646484375,1372.7257080078125,611.8536987304688,2362.603759765625,711.7710571289062,675.0287475585938,2856.857666015625,934.0899047851562,734.4615478515625,2566.82470703125,1275.869140625,807.2437133789062,2644.3623046875,1390.70654296875,830.836669921875,2536.102294921875,185.9622802734375,450.13140869140625,2862.921142578125,207.4241943359375,430.32470703125,2717.046875,181.19741821289065,393.4420471191406,2742.288818359375,178.3444061279297,353.95184326171875,2852.77685546875,161.88206481933594,436.2721557617187,2730.6455078125,102.82820129394533,484.7691345214844,2824.851806640625
731.1737060546875,602.0189819335938,2866.309814453125,573.3119506835938,564.1990356445312,2896.8798828125,445.7383117675781,531.8719482421875,2907.766845703125,254.7894744873047,473.7165832519531,2884.04052734375,293.89599609375,454.18560791015625,2896.236572265625,354.62298583984375,338.55255126953125,2917.67431640625,545.9745483398438,259.8634033203125,2767.152099609375,455.6820373535156,381.6198425292969,2615.039306640625,425.0943908691406,445.8219909667969,2561.26904296875,365.88531494140625,516.0267333984375,2600.951171875,382.9008483886719,461.03070068359375,2541.558837890625,278.46282958984375,512.7474365234375,2881.583984375,274.157958984375,627.193603515625,2840.234619140625,484.3917236328125,714.8424682617188,2713.410888671875,510.6417541503906,515.996337890625,2629.376708984375,462.0739135742187,527.2861938476562,2547.346923828125,441.903564453125,434.7384338378906,2573.77490234375,403.08843994140625,548.2864379882812,2575.747314453125,752.5829467773438,521.01220703125,2876.648193359375,950.71875,538.0501708984375,2563.85009765625,1292.1240234375,618.184814453125,2513.78955078125,1371.5020751953125,611.5615844726562,2359.70703125,711.8679809570312,675.0663452148438,2856.987548828125,934.0421142578124,734.8289794921875,2566.880126953125,1275.81201171875,807.8941040039062,2644.30126953125,1390.5186767578125,831.610107421875,2535.9140625,186.1405334472656,449.7214050292969,2863.260498046875,207.4857177734375,430.0851745605469,2717.3359375,181.29014587402344,393.1633911132813,2742.56005859375,178.54331970214844,353.5447082519531,2853.012939453125,161.95033264160156,436.0034484863281,2730.980712890625,102.95783996582033,484.3786315917969,2825.29833984375
729.29443359375,601.5462646484375,2866.291748046875,571.7593383789062,563.0112915039062,2895.896240234375,444.5554504394531,530.2269287109375,2906.614013671875,253.86557006835935,472.2669982910156,2883.664306640625,292.9638671875,452.7208862304687,2895.5283203125,354.7857971191406,337.70849609375,2915.531982421875,545.1494750976562,259.3035888671875,2764.458740234375,454.4254760742187,378.3092346191406,2611.0234375,425.78765869140625,444.9303588867187,2559.455810546875,368.5832824707031,516.8549194335938,2598.5009765625,383.9707946777344,463.374755859375,2541.87646484375,277.4723205566406,511.23828125,2881.28271484375,274.9968566894531,625.443603515625,2839.81787109375,480.87799072265625,719.5626220703125,2711.544677734375,501.8554382324219,522.203369140625,2623.70849609375,452.39501953125,526.8323974609375,2541.78515625,444.0240478515625,434.1886901855469,2573.0849609375,397.5467224121094,552.62255859375,2571.5205078125,750.9745483398438,520.7688598632812,2876.513671875,951.5848999023438,539.4346923828125,2566.253662109375,1292.4693603515625,617.8196411132812,2514.786865234375,1368.6826171875,609.8359985351562,2359.556396484375,709.7445068359375,674.3867797851562,2857.073974609375,936.106689453125,738.0134887695312,2571.9921875,1277.77490234375,810.4911499023438,2647.150146484375,1389.9078369140625,833.2200927734375,2536.34375,185.24465942382812,448.4099426269531,2863.17236328125,207.85267639160156,430.2288513183594,2717.545654296875,180.639892578125,393.6243286132813,2741.93359375,175.7591094970703,352.7428894042969,2851.6064453125,162.383056640625,436.92584228515625,2730.713134765625,103.42776489257812,485.2389526367187,2824.78076171875
734.8612060546875,600.2696533203125,2868.673095703125,576.4766845703125,564.0877685546875,2896.517333984375,448.6153259277344,533.4906005859375,2905.477783203125,257.5794982910156,477.0228271484375,2881.968994140625,296.5699462890625,457.07513427734375,2893.4873046875,354.8160095214844,340.55621337890625,2915.28515625,544.9541625976562,259.45196533203125,2765.42626953125,451.1781921386719,380.4466857910156,2615.468017578125,426.2140808105469,446.385009765625,2561.2080078125,366.4371643066406,521.8338012695312,2587.685546875,384.1233215332031,464.8267822265625,2541.561279296875,281.41278076171875,515.8765869140625,2880.121826171875,276.3378601074219,628.7978515625,2835.549072265625,483.9849853515625,725.99169921875,2712.610107421875,491.0314636230469,523.312744140625,2635.391845703125,454.4067077636719,528.1233520507812,2547.007568359375,446.0574951171875,433.7079772949219,2572.416015625,396.00396728515625,553.6358642578125,2570.2041015625,754.92431640625,518.8763427734375,2877.030517578125,952.25830078125,540.7155151367188,2564.95166015625,1293.529541015625,616.5169067382812,2512.569580078125,1360.821044921875,607.0172729492188,2353.38134765625,716.7694091796875,673.6656494140625,2861.13671875,928.5979614257812,696.5216674804688,2559.270751953125,1281.349609375,732.5557861328125,2602.4716796875,1378.8302001953125,755.3377685546875,2478.621337890625,188.79920959472656,453.8821411132813,2861.235107421875,206.6913604736328,428.8271179199219,2715.998046875,178.844482421875,394.32708740234375,2742.618408203125,175.50169372558594,358.25860595703125,2854.004150390625,161.8858184814453,437.7764892578125,2730.046630859375,107.369873046875,492.1408996582031,2823.462158203125
732.060791015625,601.6795654296875,2865.22119140625,574.4799194335938,563.9102172851562,2896.20361328125,447.17437744140625,531.4222412109375,2907.760009765625,256.0950012207031,474.40631103515625,2884.41552734375,295.0915222167969,454.65032958984375,2896.391845703125,356.183349609375,339.19696044921875,2916.728515625,543.9466552734375,257.9958190917969,2763.5791015625,451.5542297363281,380.6594848632813,2613.847412109375,425.2981567382813,448.1935424804687,2562.088623046875,368.30621337890625,523.531494140625,2594.65576171875,383.7876892089844,462.68365478515625,2539.01708984375,279.9292297363281,513.2788696289062,2882.052490234375,276.88629150390625,627.3245239257812,2839.93212890625,478.7532653808594,721.0410766601562,2704.78564453125,485.52630615234375,513.3299560546875,2641.662353515625,455.0857238769531,527.1329345703125,2551.79931640625,417.2740783691406,442.5372924804687,2584.364013671875,393.7244567871094,555.9781494140625,2567.1640625,753.7106323242188,521.04833984375,2877.041259765625,953.157470703125,538.5299682617188,2565.64404296875,1294.7685546875,618.7529296875,2520.4453125,1371.3017578125,610.1854858398438,2365.26318359375,712.5382080078125,674.3882446289062,2854.5625,930.744873046875,712.546630859375,2558.441162109375,1276.091796875,782.26123046875,2619.26513671875,1383.1300048828125,799.565673828125,2502.4375,187.34542846679688,450.87640380859375,2863.77490234375,207.5590362548828,429.6972351074219,2718.091796875,179.9345703125,394.0602722167969,2743.5078125,175.7572479248047,355.1679382324219,2854.020751953125,162.3898468017578,437.5568237304687,2731.766845703125,105.70286560058594,488.72857666015625,2825.83056640625
730.223388671875,601.3406372070312,2866.826904296875,572.4403076171875,563.4180908203125,2897.45947265625,444.9619445800781,531.1187133789062,2909.12744140625,253.6282501220703,474.8338012695313,2884.424072265625,292.5404968261719,454.8474731445313,2896.4619140625,353.871337890625,338.9800720214844,2914.43701171875,546.387939453125,259.4572448730469,2765.9580078125,452.1499938964844,379.95947265625,2615.320556640625,425.2425231933594,446.6328430175781,2562.63720703125,368.2522583007813,523.2166137695312,2592.4912109375,384.0494689941406,463.9279174804687,2542.447509765625,277.6220397949219,513.6829833984375,2882.450927734375,276.40625,627.587646484375,2839.517333984375,476.6788330078125,723.8231201171875,2703.277099609375,479.1217956542969,520.4716796875,2626.4013671875,437.9141540527344,535.7203979492188,2541.077880859375,416.4997253417969,449.9437255859375,2584.0830078125,385.57672119140625,561.5761108398438,2558.3330078125,751.6822509765625,520.36083984375,2877.106201171875,950.234375,539.1787719726562,2564.78125,1291.2322998046875,616.8610229492188,2509.01220703125,1363.1739501953125,607.19140625,2351.524169921875,710.873046875,674.3637084960938,2857.557861328125,932.7506103515624,728.9694213867188,2566.323974609375,1277.7935791015625,798.3232421875,2631.2275390625,1385.7154541015625,817.8401489257812,2515.350830078125,184.8374938964844,451.6507873535156,2863.261474609375,201.5614318847656,430.4150390625,2716.9951171875,174.05992126464844,395.0390319824219,2743.00634765625,171.8809051513672,356.00628662109375,2853.650390625,156.76100158691406,438.8009033203125,2731.69775390625,102.74584197998048,490.5634460449219,2827.154296875
733.44775390625,601.4424438476562,2870.5029296875,573.69482421875,564.093994140625,2898.726318359375,444.9559326171875,532.7810668945312,2911.274169921875,252.43362426757812,475.3860778808594,2885.195556640625,291.7117614746094,455.3085021972656,2897.27392578125,354.333984375,339.609130859375,2919.291259765625,548.2884521484375,260.3572998046875,2768.990966796875,453.2174377441406,380.4747924804687,2616.115234375,425.3536682128906,446.2822570800781,2561.65234375,364.728759765625,522.8356323242188,2586.752685546875,382.8981628417969,464.65240478515625,2542.99365234375,276.44415283203125,514.6760864257812,2883.65234375,275.2311706542969,630.1539306640625,2842.158203125,476.9842529296875,713.0751342773438,2695.704345703125,472.0950927734375,512.8191528320312,2606.79638671875,420.4216003417969,535.314208984375,2528.162353515625,415.87017822265625,452.9158325195313,2583.0400390625,380.5241394042969,567.368896484375,2551.87451171875,754.3201293945312,519.5401611328125,2880.264404296875,951.7100219726562,539.661865234375,2563.76123046875,1297.3310546875,618.9411010742188,2522.397705078125,1370.28955078125,604.99267578125,2364.158203125,714.6261596679688,675.2973022460938,2861.7001953125,941.99072265625,680.0703125,2565.855224609375,1296.7039794921875,721.4330444335938,2616.9755859375,1394.645263671875,738.455078125,2490.54638671875,183.27052307128903,451.8958129882813,2863.41259765625,207.1546173095703,424.3793640136719,2717.968017578125,177.21766662597656,390.4269409179687,2744.020751953125,168.27374267578125,355.5115051269531,2856.686767578125,161.52012634277344,434.4613952636719,2730.069580078125,103.5309600830078,491.60882568359375,2821.2724609375
736.6314086914062,600.0602416992188,2870.113525390625,576.9588623046875,563.0016479492188,2896.723876953125,448.1816101074219,531.8079223632812,2904.9892578125,254.797607421875,476.17864990234375,2886.382080078125,294.1842956542969,455.8998107910156,2897.290283203125,355.8251953125,340.0002746582031,2919.044189453125,546.0064697265625,259.3524475097656,2765.77685546875,452.043701171875,377.361328125,2611.33154296875,421.98590087890625,445.9801330566406,2562.120849609375,364.6709899902344,523.8327026367188,2589.870361328125,383.9371948242187,464.3072204589844,2542.4501953125,279.0547790527344,515.1110229492188,2883.54296875,277.48834228515625,630.0220947265625,2841.380859375,482.2904357910156,710.6550903320312,2699.09423828125,467.75201416015625,512.3922119140625,2608.11962890625,419.2882385253906,536.4051513671875,2528.19287109375,417.8349914550781,452.6701049804687,2580.728759765625,380.3457946777344,568.0056762695312,2551.557861328125,757.012451171875,518.070556640625,2878.225830078125,950.3699340820312,539.972412109375,2560.433349609375,1295.2503662109375,618.1864013671875,2518.407470703125,1361.9630126953125,605.022216796875,2357.834228515625,718.2529296875,673.993896484375,2862.79833984375,945.13671875,678.440673828125,2567.732421875,1299.74365234375,719.3596801757812,2613.427490234375,1392.640869140625,735.76806640625,2483.6552734375,184.86328125,453.1878356933594,2867.35595703125,207.95176696777344,425.6728515625,2722.1611328125,178.152587890625,391.8603515625,2748.29736328125,169.70314025878906,357.0650329589844,2860.734619140625,162.504638671875,435.8119812011719,2734.447265625,105.19007873535156,492.9358825683594,2825.689697265625
736.62548828125,600.0621337890625,2870.09912109375,576.9479370117188,563.0159912109375,2896.718017578125,448.165771484375,531.83203125,2904.9873046875,254.76622009277344,476.2424011230469,2886.37841796875,294.1498718261719,455.9541320800781,2897.283935546875,355.7655334472656,340.0347595214844,2919.0205078125,545.9204711914062,259.3560791015625,2765.727783203125,451.9840087890625,377.42919921875,2611.309326171875,421.9549560546875,446.0738525390625,2562.114013671875,364.689453125,523.9405517578125,2589.93310546875,383.9163208007813,464.44000244140625,2542.466064453125,279.0316467285156,515.1710205078125,2883.542724609375,277.4791259765625,630.096435546875,2841.411865234375,482.3341979980469,710.7282104492188,2699.191162109375,467.8232727050781,512.5687866210938,2607.976318359375,419.38079833984375,536.6734008789062,2528.061767578125,417.9148254394531,452.8759460449219,2580.501708984375,380.4281311035156,568.2453002929688,2551.452392578125,757.00048828125,518.069091796875,2878.210205078125,950.335693359375,539.9259033203125,2560.392333984375,1295.21337890625,618.0838012695312,2518.177734375,1361.8397216796875,604.8795166015625,2357.568115234375,718.25244140625,673.9988403320312,2862.784912109375,945.0623779296876,678.3720703125,2567.6513671875,1299.72265625,719.226806640625,2613.046875,1392.515625,735.592041015625,2483.1904296875,184.8254241943359,453.2670593261719,2867.351318359375,207.85313415527344,425.8357238769531,2722.127685546875,178.04559326171875,392.0198059082031,2748.252197265625,169.61619567871094,357.15399169921875,2860.671875,162.41404724121094,435.9889526367187,2734.435791015625,105.15608215332033,493.0818481445313,2825.73681640625
