81.82518005371094,64.09432983398438,2467.38134765625,88.37334442138672,-119.03933715820312,2494.750732421875,90.8121109008789,-260.52484130859375,2538.533447265625,97.71256256103516,-482.95849609375,2574.789794921875,131.34396362304688,-444.8022155761719,2572.717041015625,273.93121337890625,-404.5084228515625,2582.02587890625,366.36175537109375,-132.8053741455078,2581.363525390625,265.4393615722656,-234.0689239501953,2387.50146484375,241.60284423828125,-289.1152648925781,2307.484375,160.53921508789062,-284.74896240234375,2230.005859375,199.06455993652344,-270.1023254394531,2266.213623046875,61.72771835327149,-447.2597351074219,2567.03515625,-71.13567352294922,-421.91168212890625,2548.088623046875,-204.6888732910156,-162.3426055908203,2530.772216796875,-89.00760650634766,-230.47634887695312,2327.115478515625,10.361515045166016,-210.3960876464844,2290.8251953125,48.755619049072266,-248.9638671875,2194.879638671875,12.89258861541748,-236.10720825195312,2240.987060546875,175.76376342773438,69.07820129394531,2478.25439453125,193.61618041992188,473.4352111816406,2573.332763671875,205.6057281494141,852.1212158203125,2693.070068359375,271.14385986328125,968.1993408203124,2551.349609375,-2.8833746910095215,59.60014724731445,2457.576416015625,-35.935794830322266,460.1839904785156,2562.130126953125,-66.50796508789062,839.72265625,2689.56201171875,-107.55596160888672,950.0987548828124,2554.74560546875,101.4696044921875,-567.7109375,2574.54736328125,125.54693603515624,-538.2637329101562,2412.056396484375,157.6484375,-580.1448364257812,2436.43994140625,202.2803955078125,-605.1056518554688,2557.761962890625,105.1417999267578,-586.4798583984375,2424.13818359375,36.901702880859375,-642.8541870117188,2527.486083984375
86.38140106201172,60.5597038269043,2476.3388671875,92.06129455566406,-122.13705444335938,2503.81982421875,95.22953033447266,-263.1747131347656,2547.80078125,101.88465881347656,-485.934326171875,2578.2861328125,135.57815551757812,-447.9971008300781,2576.193603515625,277.2763977050781,-404.9495544433594,2578.27978515625,357.08544921875,-130.75283813476562,2557.816650390625,247.9966583251953,-253.8865509033203,2382.65380859375,223.9337921142578,-264.5321960449219,2286.4208984375,128.8485870361328,-312.3515930175781,2251.70556640625,167.49485778808594,-295.00732421875,2268.508056640625,65.98235321044922,-449.9625854492187,2572.46240234375,-65.76068878173828,-422.3662414550781,2551.31787109375,-210.9923553466797,-169.44541931152344,2544.848876953125,-100.4628448486328,-244.42547607421875,2341.43603515625,-0.76303631067276,-219.71075439453125,2310.002685546875,47.06159210205078,-273.0473937988281,2226.474853515625,-2.245604991912842,-251.71971130371097,2237.7900390625,180.64495849609375,64.24794006347656,2481.3759765625,196.26983642578125,471.29833984375,2559.488037109375,201.1841735839844,847.6615600585938,2683.8046875,272.51324462890625,969.133056640625,2550.277099609375,1.3798103332519531,57.233856201171875,2471.796630859375,-35.16411590576172,458.2550048828125,2569.326904296875,-68.04927825927734,838.9013061523438,2689.65234375,-106.25664520263672,952.4994506835938,2557.268310546875,105.14437866210938,-570.4692993164062,2575.856201171875,125.28541564941406,-547.177978515625,2412.244873046875,155.83306884765625,-589.9053955078125,2436.823486328125,202.97293090820312,-613.6419067382812,2557.09619140625,102.81082153320312,-593.7327270507812,2426.417236328125,35.306793212890625,-643.1693115234375,2533.310546875
84.75789642333984,57.44664764404297,2487.81787109375,89.46599578857422,-126.31097412109376,2511.864013671875,92.79917907714844,-268.6368103027344,2553.060302734375,97.1919174194336,-493.23974609375,2573.758544921875,131.3885040283203,-455.5002136230469,2573.121826171875,274.4484558105469,-416.7648620605469,2583.05908203125,344.3933410644531,-140.9701385498047,2544.316650390625,226.2327423095703,-248.3364715576172,2363.773681640625,204.4329376220703,-246.1837615966797,2266.141357421875,138.0584259033203,-315.9539489746094,2323.878173828125,135.19900512695312,-294.1759338378906,2260.310546875,61.54981231689453,-456.5556640625,2569.730712890625,-70.43452453613281,-426.4144592285156,2551.126708984375,-213.11273193359375,-171.19235229492188,2540.635986328125,-99.83924102783205,-254.16746520996097,2341.012939453125,-2.409011125564575,-222.9013671875,2307.296142578125,18.025924682617188,-277.49176025390625,2213.580078125,-3.513857841491699,-259.6940612792969,2241.101806640625,179.4615936279297,60.04512023925781,2489.132568359375,200.54237365722656,471.5982360839844,2545.97412109375,211.2256774902344,842.3343505859375,2689.139404296875,271.4587707519531,968.2085571289062,2553.408447265625,-0.6406083703041077,55.10348892211914,2486.632080078125,-35.96986389160156,459.385986328125,2575.9990234375,-66.95553588867188,842.7503051757812,2692.06005859375,-108.72404479980467,952.2565307617188,2556.627685546875,99.51464080810548,-577.8650512695312,2567.582275390625,121.33112335205078,-542.8361206054688,2405.78759765625,154.4424591064453,-584.910400390625,2428.5068359375,200.83547973632812,-612.91650390625,2548.574951171875,101.89729309082033,-591.7953491210938,2416.53955078125,35.73960494995117,-652.6636352539062,2518.783935546875
83.67496490478516,63.5853271484375,2491.385986328125,87.54771423339844,-119.03773498535156,2502.4755859375,89.93055725097656,-262.21014404296875,2532.469970703125,94.09556579589844,-482.9037170410156,2561.97900390625,127.85540771484376,-445.6930236816406,2560.1240234375,268.437255859375,-409.2794494628906,2580.43017578125,346.89471435546875,-138.0009307861328,2555.903076171875,208.01873779296875,-248.3228454589844,2397.33544921875,163.90325927734375,-277.2362976074219,2313.82568359375,101.22867584228516,-361.6560363769531,2348.8984375,97.46580505371094,-320.3732604980469,2378.836181640625,58.94660949707031,-446.897705078125,2556.219970703125,-72.95802307128906,-420.57275390625,2545.94921875,-212.84962463378903,-168.0712432861328,2536.384521484375,-99.74507904052734,-253.0782165527344,2341.38623046875,-5.9971137046813965,-240.7801055908203,2292.69775390625,16.45611572265625,-291.5897216796875,2198.97802734375,-9.592689514160156,-273.4236145019531,2248.562744140625,177.1363983154297,65.74136352539062,2494.25244140625,199.056640625,473.71527099609375,2535.562255859375,207.13658142089844,839.07568359375,2678.6142578125,276.7278747558594,969.9926147460938,2556.364990234375,-0.603310763835907,61.641136169433594,2488.801025390625,-34.6655387878418,461.7419738769531,2572.622802734375,-64.02071380615234,840.8438110351562,2685.294189453125,-109.09168243408205,952.1427001953124,2555.5263671875,96.44444274902344,-566.6192626953125,2559.320068359375,109.6671371459961,-544.4216918945312,2396.5302734375,145.15658569335938,-582.5233764648438,2420.71875,197.0940093994141,-598.3184814453125,2538.882080078125,93.21175384521484,-592.4922485351562,2411.85546875,35.03791809082031,-646.8098754882812,2520.14892578125
83.31963348388672,61.27946472167969,2502.0400390625,83.83294677734375,-123.28147888183594,2515.046142578125,84.45183563232422,-267.78546142578125,2546.617431640625,92.31340789794922,-491.8943176269531,2566.80517578125,125.86032104492188,-453.7092895507813,2566.1748046875,267.2103576660156,-411.8899230957031,2581.983154296875,346.3975830078125,-137.42681884765625,2558.93408203125,189.0465087890625,-243.7442169189453,2411.305419921875,126.60871124267578,-255.65293884277344,2334.284423828125,66.24746704101562,-251.24380493164065,2239.973876953125,96.76776123046876,-295.10986328125,2309.62890625,56.17623519897461,-455.82366943359375,2562.935546875,-76.309814453125,-428.0777893066406,2546.241943359375,-214.58102416992188,-171.45431518554688,2529.083740234375,-92.7566909790039,-262.44805908203125,2338.794677734375,-0.9977295994758606,-244.28082275390625,2285.76953125,17.218299865722656,-304.2545471191406,2195.194580078125,-5.905352592468262,-295.4828796386719,2247.904296875,177.87664794921875,61.474853515625,2501.080810546875,196.4108123779297,476.0917663574219,2512.049072265625,209.80642700195312,834.2711181640625,2682.232666015625,271.36590576171875,973.2734375,2561.257080078125,-1.9465833902359009,61.103271484375,2502.905029296875,-31.72377586364746,467.2960510253906,2581.14111328125,-57.14958953857422,853.2157592773438,2686.893798828125,-114.27010345458984,953.3289184570312,2550.267578125,95.91177368164062,-576.2950439453125,2560.462646484375,104.5992202758789,-540.9786987304688,2397.833740234375,141.39682006835938,-580.9706420898438,2418.23095703125,197.27801513671875,-605.7357788085938,2534.630126953125,88.72120666503906,-590.7843017578125,2409.92529296875,33.30803298950195,-654.5834350585938,2516.329833984375
75.46122741699219,51.750972747802734,2497.5234375,68.28770446777344,-129.0909423828125,2518.539794921875,73.98886108398438,-270.6605224609375,2552.34033203125,92.9377670288086,-491.0419616699219,2567.638916015625,124.12956237792967,-452.0616760253906,2563.983642578125,263.41363525390625,-408.8375244140625,2570.733154296875,338.5003967285156,-137.31422424316406,2553.844970703125,178.44589233398438,-244.3915557861328,2415.91650390625,125.21823120117188,-244.47439575195312,2333.225830078125,82.53977966308594,-268.6664123535156,2234.37744140625,101.08328247070312,-269.23052978515625,2308.1484375,55.72130584716797,-457.0261535644531,2568.365234375,-74.60739135742188,-429.4909057617187,2551.1962890625,-206.1932373046875,-178.49325561523438,2502.45556640625,-67.05335998535156,-301.4309997558594,2350.590087890625,-9.073112487792969,-252.7040557861328,2276.591552734375,21.002538681030273,-326.3314514160156,2202.8349609375,5.468972206115723,-308.9502258300781,2240.2763671875,153.09237670898438,42.7862663269043,2446.881591796875,8.909567832946777,413.0983581542969,2542.9990234375,112.3490753173828,752.6409912109375,2706.35302734375,48.52223205566406,931.4498291015624,2682.724365234375,5.457818508148193,59.834842681884766,2543.189697265625,34.298519134521484,464.1730041503906,2592.965576171875,197.55747985839844,811.8316650390625,2684.52099609375,212.3059844970703,984.942138671875,2656.218017578125,99.17144012451172,-573.8519287109375,2559.684326171875,94.92984771728516,-555.0447387695312,2396.7138671875,133.77203369140625,-591.3217163085938,2417.7578125,197.75115966796875,-602.7786254882812,2529.728515625,81.77635192871094,-603.0261840820312,2414.507568359375,37.014739990234375,-656.3944702148438,2528.75634765625
81.01779174804688,50.43585586547851,2487.468505859375,78.07881164550781,-127.87701416015624,2509.387939453125,79.81488037109375,-266.5997619628906,2546.62744140625,90.79698944091795,-484.4677429199219,2561.5576171875,122.83782958984376,-446.9153747558594,2561.26123046875,258.9804382324219,-402.3015747070313,2575.50732421875,315.5321044921875,-131.84413146972656,2542.134033203125,149.57818603515625,-205.7339324951172,2395.284423828125,112.8313446044922,-234.00210571289065,2310.103759765625,95.1728973388672,-251.1678009033203,2204.10107421875,88.78608703613281,-256.84765625,2282.110595703125,55.16226959228515,-449.876220703125,2559.03173828125,-75.14503479003906,-429.3870849609375,2547.073974609375,-193.8047790527344,-178.7869110107422,2487.6005859375,-59.22771835327149,-307.0747985839844,2341.35888671875,2.4546236991882324,-264.3332824707031,2268.74951171875,45.379669189453125,-355.37615966796875,2232.543701171875,25.43255615234375,-338.93011474609375,2239.58984375,171.00726318359375,46.748348236083984,2469.536865234375,160.10531616210938,448.3234558105469,2435.14453125,210.6896514892578,761.1818237304688,2654.32080078125,236.85435485839844,947.6007080078124,2641.58642578125,-0.1296699047088623,53.761043548583984,2503.63818359375,-23.805551528930664,451.29681396484375,2563.798583984375,-35.08491897583008,821.3279418945312,2684.494140625,-79.111572265625,976.8123779296876,2621.08740234375,95.35623931884766,-566.2281494140625,2553.633056640625,97.52111053466795,-554.3327026367188,2392.249267578125,132.0500946044922,-592.2279052734375,2415.690185546875,190.6642913818359,-603.9451293945312,2528.51025390625,80.10303497314453,-599.6155395507812,2411.25439453125,28.367361068725582,-643.5147705078125,2524.429931640625
83.7629623413086,44.805912017822266,2473.870361328125,83.03246307373047,-133.92031860351562,2503.22998046875,84.28699493408203,-271.9932556152344,2546.83154296875,91.50626373291016,-490.9181518554687,2571.353271484375,124.41939544677734,-453.6195373535156,2570.02978515625,260.87640380859375,-404.25885009765625,2572.4130859375,316.68524169921875,-130.61764526367188,2545.67236328125,138.33432006835938,-179.37734985351562,2399.86669921875,118.00806427001952,-199.5282745361328,2306.39111328125,86.63410186767578,-243.72264099121097,2211.014404296875,94.38188934326172,-240.67166137695312,2283.02294921875,56.20888137817383,-455.6324462890625,2566.694091796875,-72.61064910888672,-430.254150390625,2542.45849609375,-176.8283233642578,-172.5133056640625,2475.94677734375,-45.66343307495117,-315.5128479003906,2337.36328125,9.648237228393556,-288.0793762207031,2252.11279296875,63.80353927612305,-377.2006530761719,2279.526123046875,43.11415481567383,-341.4292907714844,2235.88623046875,175.9703826904297,43.11207962036133,2465.853515625,176.04971313476562,446.0979309082031,2413.03125,223.96575927734375,756.3294067382812,2641.7978515625,221.6947479248047,946.4894409179688,2639.102294921875,0.6154924631118774,46.333309173583984,2481.099365234375,-24.191410064697266,442.9113159179687,2564.423583984375,-42.822242736816406,820.0263061523438,2671.66943359375,-92.572509765625,963.130126953125,2584.10986328125,94.8907699584961,-573.6627807617188,2566.941650390625,80.57079315185547,-557.9496459960938,2405.1962890625,119.93250274658205,-594.19970703125,2424.31787109375,190.3649444580078,-604.4688720703125,2531.547607421875,67.98479461669922,-605.1011962890625,2424.619384765625,30.11070442199707,-655.3248291015625,2541.82275390625
72.91879272460938,49.948246002197266,2468.29931640625,77.77622985839844,-127.76237487792967,2503.850830078125,81.61756896972656,-264.3459167480469,2552.19580078125,94.23987579345705,-483.82379150390625,2570.768310546875,126.29044342041016,-445.70306396484375,2570.034912109375,263.3581237792969,-397.58453369140625,2569.626708984375,292.5766296386719,-121.9561996459961,2524.509765625,145.6920928955078,-187.42759704589844,2352.19970703125,168.61363220214844,-174.9858856201172,2257.885986328125,89.60025024414062,-225.7097320556641,2200.9541015625,113.4384994506836,-222.0643768310547,2215.13525390625,58.0417594909668,-449.2335510253906,2567.49267578125,-70.8407211303711,-429.561279296875,2538.1259765625,-177.79904174804688,-172.11669921875,2473.67041015625,-38.909629821777344,-322.3524169921875,2350.761962890625,55.11042404174805,-318.7215576171875,2303.349609375,89.29435729980469,-388.10980224609375,2378.621826171875,63.553802490234375,-347.10406494140625,2275.848876953125,165.54507446289062,52.38480758666992,2467.8232421875,216.5224609375,445.85687255859375,2377.901611328125,235.4532928466797,781.2329711914062,2573.676025390625,236.58843994140625,964.2966918945312,2625.9169921875,-10.606400489807127,47.7510871887207,2468.728759765625,-35.98303985595703,443.3233642578125,2558.324462890625,-54.562965393066406,820.4367065429688,2666.955322265625,-105.1015167236328,962.7597045898438,2578.24609375,99.48815155029295,-566.3991088867188,2564.093017578125,81.00896453857422,-556.1571655273438,2402.172607421875,116.93526458740234,-595.6838989257812,2421.72216796875,189.8015899658203,-609.0072021484375,2527.122314453125,64.10973358154297,-600.8123779296875,2424.185302734375,25.320528030395508,-641.5494995117188,2544.86376953125
51.27693176269531,51.2765998840332,2484.495361328125,64.4978256225586,-125.89215087890624,2516.39013671875,78.15717315673828,-264.34063720703125,2554.712158203125,91.36700439453124,-482.9439392089844,2571.64599609375,123.2519302368164,-445.04156494140625,2569.19580078125,257.5769958496094,-391.9678649902344,2561.55908203125,256.79364013671875,-117.83126068115234,2506.619140625,166.8959197998047,-175.9505615234375,2297.797607421875,186.30691528320312,-195.89910888671875,2204.43408203125,84.09424591064453,-234.613037109375,2202.087646484375,92.5376205444336,-227.0099945068359,2190.959716796875,55.264034271240234,-448.4332275390625,2570.614990234375,-73.99954986572266,-433.8225708007813,2542.664794921875,-168.23634338378906,-177.49851989746094,2461.590576171875,-26.333465576171875,-307.8722839355469,2322.539794921875,76.9133529663086,-323.1132507324219,2311.9794921875,131.6215362548828,-383.8208312988281,2381.756591796875,88.46417236328125,-345.9887390136719,2290.459716796875,140.771728515625,53.953121185302734,2462.265869140625,195.2845764160156,418.4856567382813,2294.33642578125,241.87228393554688,752.0753173828125,2485.091064453125,250.2403564453125,932.1624755859376,2543.60595703125,-29.424463272094727,48.863059997558594,2504.540771484375,-45.50170135498047,447.2656555175781,2573.24267578125,-51.281341552734375,826.5670166015625,2668.668212890625,-109.26270294189452,961.9485473632812,2575.283447265625,96.04082489013672,-565.1402587890625,2564.408447265625,84.22687530517578,-550.9246826171875,2402.885986328125,116.8138198852539,-592.7354736328125,2422.807373046875,184.5227203369141,-612.3036499023438,2529.96875,63.953102111816406,-594.661865234375,2423.28369140625,18.56689453125,-634.9508056640625,2541.135498046875
58.96815872192383,47.2890510559082,2487.380615234375,67.08182525634766,-129.36529541015625,2521.45849609375,76.93490600585938,-267.7082214355469,2560.1025390625,94.08692169189452,-485.5369567871094,2577.057861328125,125.2061004638672,-447.1504821777344,2574.56298828125,258.6785583496094,-394.1282348632813,2560.500244140625,255.583251953125,-118.9815673828125,2514.652099609375,171.50485229492188,-187.2768096923828,2307.084716796875,205.1552276611328,-237.06752014160156,2230.683349609375,99.3500518798828,-249.95323181152344,2207.509765625,100.80904388427734,-236.6365203857422,2201.863525390625,57.445899963378906,-451.7633056640625,2576.059326171875,-70.11036682128906,-440.4144287109375,2541.06640625,-172.3511505126953,-193.1721649169922,2445.10986328125,-15.891864776611328,-317.83953857421875,2317.859130859375,88.09603881835938,-329.6936950683594,2318.144775390625,160.78689575195312,-372.5671997070313,2384.273681640625,101.8267593383789,-351.8061828613281,2299.779541015625,147.30357360839844,46.359527587890625,2461.5302734375,157.76556396484375,388.87109375,2247.304931640625,223.34649658203125,735.8917236328125,2403.637451171875,234.75091552734375,920.4089965820312,2443.470703125,-20.687763214111328,48.12724304199219,2510.69091796875,-44.30255126953125,445.3995971679687,2578.379150390625,-55.383087158203125,824.7938232421875,2669.24267578125,-112.5158920288086,960.815673828125,2577.0068359375,100.22799682617188,-567.4523315429688,2569.859619140625,80.83541107177734,-539.1689453125,2411.316162109375,114.21985626220705,-582.364013671875,2425.880615234375,186.74644470214844,-611.0016479492188,2527.352294921875,61.558563232421875,-584.4984130859375,2428.675048828125,21.860355377197266,-635.0496826171875,2544.26708984375
71.6429443359375,44.292144775390625,2486.92138671875,71.73025512695312,-131.65089416503906,2519.4404296875,74.45606231689453,-269.6447448730469,2557.0009765625,92.87924194335938,-485.7994384765625,2575.60693359375,123.53068542480467,-447.4210815429687,2573.605224609375,255.75149536132812,-394.1440124511719,2558.331298828125,260.7232360839844,-121.64112854003906,2508.0712890625,163.5010223388672,-179.53016662597656,2304.838134765625,206.3008575439453,-265.6599426269531,2296.119384765625,104.23221588134766,-268.15679931640625,2259.796875,101.75806427001952,-258.8918762207031,2229.5048828125,56.23469543457031,-452.5579223632813,2573.5576171875,-70.98295593261719,-447.7749328613281,2539.086669921875,-165.5400390625,-224.29132080078125,2394.669189453125,29.746740341186523,-322.4728088378906,2306.86865234375,131.08485412597656,-343.3647155761719,2317.17431640625,177.14842224121094,-372.1585388183594,2408.7998046875,142.04745483398438,-353.3770446777344,2305.673828125,160.8765411376953,40.70095443725586,2467.251708984375,145.61349487304688,391.8089294433594,2273.11474609375,222.23863220214844,742.833251953125,2407.802978515625,236.7802734375,927.6371459960938,2438.394775390625,-8.822925567626953,47.530479431152344,2504.658203125,-40.812843322753906,441.6461486816406,2571.7529296875,-59.688045501708984,817.5182495117188,2665.0712890625,-115.68760681152344,956.205322265625,2578.40478515625,99.81420135498048,-567.1705322265625,2569.1142578125,85.86946105957031,-536.4566650390625,2411.52880859375,117.18120574951172,-580.6375732421875,2426.3173828125,185.4272003173828,-612.7574462890625,2528.666259765625,64.763916015625,-581.0380859375,2427.634033203125,20.50786590576172,-631.3549194335938,2540.664306640625
73.58948516845703,43.67485809326172,2489.3515625,72.68623352050781,-131.79136657714844,2524.224365234375,74.39400482177734,-269.5303649902344,2562.69970703125,93.78294372558594,-485.54925537109375,2581.575927734375,124.22797393798828,-446.9890747070313,2580.1552734375,255.73033142089844,-394.3511047363281,2558.127197265625,288.90765380859375,-121.17606353759766,2525.51220703125,166.81915283203125,-165.06900024414062,2332.48095703125,216.74630737304688,-243.1033477783203,2305.246337890625,112.94637298583984,-262.3158874511719,2280.81201171875,105.07611846923828,-286.8600769042969,2296.856201171875,56.98554611206055,-452.53472900390625,2578.857177734375,-68.0462417602539,-449.6452941894531,2537.02734375,-150.77828979492188,-237.36636352539065,2370.248779296875,61.45545959472656,-326.5085754394531,2320.4296875,152.0869140625,-349.1554870605469,2366.0634765625,181.8225250244141,-379.3764343261719,2463.765625,69.4404525756836,-317.4714660644531,2431.85302734375,162.83148193359375,39.35402297973633,2469.922119140625,134.81503295898438,393.4416198730469,2282.85205078125,217.64862060546875,752.731689453125,2388.8818359375,232.66307067871097,939.1544189453124,2406.54443359375,-6.883956432342529,47.57114028930664,2506.87158203125,-40.3958854675293,442.0670471191406,2570.6005859375,-58.60054397583008,818.57421875,2661.2490234375,-119.2395248413086,955.7767944335938,2575.38916015625,101.33196258544922,-566.8635864257812,2575.18896484375,85.82280731201172,-530.661865234375,2418.941162109375,116.4761199951172,-575.884521484375,2431.80859375,185.48043823242188,-612.667236328125,2532.037109375,64.09043884277344,-575.3463745117188,2433.8623046875,20.43526840209961,-628.5584716796875,2545.775146484375
69.009765625,44.98055648803711,2491.757080078125,65.08753967285156,-130.41598510742188,2521.74755859375,66.01016998291016,-266.8988037109375,2561.974365234375,89.45909118652344,-481.5733337402344,2578.64111328125,119.0189437866211,-442.6447143554687,2577.251953125,251.9230194091797,-395.0942077636719,2556.888916015625,293.7963562011719,-122.95642852783205,2542.988525390625,194.7205810546875,-159.54673767089844,2337.10888671875,210.8259735107422,-254.2015380859375,2333.986328125,114.19720458984376,-257.033935546875,2286.282470703125,167.43971252441406,-277.0674743652344,2278.952880859375,52.22364807128906,-449.38970947265625,2576.612060546875,-73.6919174194336,-452.1074523925781,2539.849609375,-146.15237426757812,-243.64566040039065,2366.06298828125,68.69047546386719,-318.76702880859375,2310.34228515625,125.1982421875,-347.81866455078125,2391.962890625,180.1566162109375,-371.9475402832031,2479.28369140625,97.71340942382812,-301.0277404785156,2412.4189453125,157.39404296875,39.447715759277344,2470.9580078125,134.08352661132812,394.1310119628906,2288.831298828125,200.88429260253903,754.6454467773438,2394.935791015625,210.6617126464844,940.4191284179688,2412.916015625,-10.69021987915039,49.969757080078125,2510.5126953125,-41.57386779785156,442.6484069824219,2573.918212890625,-57.83842468261719,816.9137573242188,2665.751953125,-118.32234191894533,952.5357666015624,2579.05078125,98.39228057861328,-562.2604370117188,2571.490234375,93.28968048095705,-540.9168701171875,2412.68896484375,119.5798110961914,-586.4818725585938,2431.41845703125,180.32518005371097,-617.7853393554688,2537.840087890625,67.62022399902344,-582.0000610351562,2430.505126953125,14.927090644836426,-620.307861328125,2543.826171875
69.04395294189453,44.606449127197266,2491.892578125,65.15968322753906,-130.7362518310547,2521.907958984375,66.14678955078125,-267.1341857910156,2562.280517578125,89.61665344238281,-481.6940307617187,2579.596923828125,119.1617431640625,-442.7745361328125,2578.120849609375,252.16409301757812,-395.5902099609375,2557.82666015625,295.96038818359375,-123.89713287353516,2542.7294921875,196.4408721923828,-160.80470275878906,2337.193359375,211.3791351318359,-255.64324951171875,2334.73974609375,114.77162170410156,-257.5713806152344,2287.015625,167.28131103515625,-277.24664306640625,2278.573486328125,52.38705825805664,-449.5330505371094,2577.438720703125,-73.41983795166016,-452.4874267578125,2540.453857421875,-145.3607635498047,-244.95870971679688,2365.46533203125,69.6463623046875,-320.2731018066406,2310.9267578125,126.96672821044922,-349.0111389160156,2392.0537109375,182.6726531982422,-372.8013610839844,2478.95654296875,105.77941131591795,-299.4564514160156,2405.82080078125,157.4013214111328,39.08748245239258,2471.08642578125,132.6287841796875,393.6468811035156,2289.15625,199.4161834716797,754.1268920898438,2395.0029296875,208.78675842285156,939.8876342773438,2412.7900390625,-10.6317777633667,49.58314895629883,2510.654541015625,-41.27789306640625,442.1717224121094,2574.031982421875,-57.23439025878906,816.3253173828125,2665.92333984375,-116.61158752441406,952.2142333984376,2578.970703125,98.57022857666016,-562.3775024414062,2572.6943359375,93.59884643554688,-541.422607421875,2413.88232421875,119.86843872070312,-586.9282836914062,2432.73779296875,180.51071166992188,-617.9635009765625,2539.2548828125,67.92390441894531,-582.4526977539062,2431.77099609375,15.154008865356444,-620.4794921875,2545.10888671875
102.83089447021484,48.47589492797851,2504.477294921875,78.68610382080078,-127.91983795166016,2528.630615234375,62.77518081665039,-266.9912109375,2560.84912109375,75.50296783447266,-483.7237548828125,2586.750244140625,107.07331848144533,-445.7791442871094,2586.313232421875,241.99240112304688,-402.5006408691406,2560.814453125,369.1604614257813,-166.4188690185547,2486.342041015625,274.99652099609375,-163.84156799316406,2272.5966796875,213.28367614746097,-237.4251251220703,2286.06298828125,115.57750701904295,-275.98834228515625,2257.630859375,177.76173400878906,-259.936767578125,2279.2841796875,39.64948272705078,-449.7996520996094,2580.72900390625,-87.49169158935547,-455.1550903320313,2544.017822265625,-141.9484100341797,-250.47889709472656,2355.463134765625,83.12156677246094,-314.6771240234375,2321.217529296875,164.53964233398438,-320.2019958496094,2386.358154296875,189.3719482421875,-361.87835693359375,2481.6875,134.4573516845703,-299.930908203125,2412.69384765625,190.99208068847656,33.54541778564453,2483.567626953125,103.89690399169922,390.7333679199219,2318.09423828125,-3.653660297393799,754.6580810546875,2384.850341796875,-77.08869171142578,909.9868774414062,2306.90185546875,23.332067489624023,61.939361572265625,2523.332275390625,57.524295806884766,463.2262573242187,2523.906982421875,156.37962341308594,810.8616333007812,2668.75830078125,180.85040283203125,982.6620483398438,2672.93310546875,81.42508697509766,-565.6910400390625,2583.0,137.86231994628906,-556.4520874023438,2431.612548828125,145.42491149902344,-605.1773071289062,2458.928466796875,156.58828735351562,-639.7454833984375,2581.32275390625,98.965576171875,-590.3002319335938,2439.111328125,1.8722712993621824,-608.21728515625,2526.648681640625
79.64923858642578,56.21205520629883,2562.495361328125,68.05995178222656,-122.49557495117188,2563.2578125,63.449649810791016,-265.28948974609375,2572.539306640625,82.30982208251953,-482.292236328125,2579.48388671875,112.9314193725586,-443.7844848632813,2578.98291015625,250.7760467529297,-407.505126953125,2562.432861328125,330.287841796875,-142.47116088867188,2542.880615234375,287.9450988769531,-137.24908447265625,2314.003662109375,264.57879638671875,-230.5692138671875,2304.6015625,186.8140106201172,-236.80718994140625,2229.24560546875,238.5369873046875,-207.89236450195312,2218.257568359375,45.58599090576172,-449.0098876953125,2579.795166015625,-84.71082305908203,-450.374267578125,2558.634521484375,-154.7082977294922,-268.3370056152344,2354.063720703125,70.68401336669922,-312.2771911621094,2300.646484375,132.9248046875,-330.1239929199219,2382.127685546875,179.86074829101562,-357.52923583984375,2473.84814453125,152.900634765625,-333.88116455078125,2381.1083984375,160.17379760742188,50.80583572387695,2519.3203125,27.842864990234375,346.0400695800781,2280.9599609375,27.017688751220703,707.2885131835938,2411.326416015625,119.64435577392578,817.6771240234375,2290.503173828125,7.036685943603516,61.08707809448242,2601.428466796875,51.69076156616211,459.9934692382813,2596.6669921875,152.92532348632812,803.044677734375,2747.27783203125,161.50823974609375,966.9225463867188,2692.455078125,89.18209075927734,-563.2747192382812,2568.609619140625,100.4916000366211,-545.83642578125,2408.654052734375,123.69891357421876,-591.8131103515625,2431.111572265625,173.0329132080078,-622.00830078125,2544.460693359375,71.90774536132812,-586.0480346679688,2424.876708984375,6.828073501586914,-620.3062744140625,2533.91064453125
100.09709167480467,56.83868789672851,2557.084228515625,82.38717651367188,-122.22908782958984,2564.45361328125,67.49322509765625,-265.3841247558594,2568.1416015625,85.76991271972656,-483.4943542480469,2579.276123046875,116.68528747558594,-444.88232421875,2578.06982421875,255.7160797119141,-411.8156433105469,2558.054443359375,301.1289367675781,-137.9046173095703,2585.00146484375,257.20404052734375,-140.4998016357422,2355.04443359375,317.2298583984375,-213.5295562744141,2332.41650390625,222.4215545654297,-202.7380523681641,2279.57275390625,209.3477783203125,-206.95664978027344,2254.43017578125,48.944091796875,-449.91009521484375,2578.917724609375,-80.10844421386719,-471.18115234375,2556.1904296875,-151.17066955566406,-269.60546875,2368.826416015625,74.23436737060547,-301.3625793457031,2302.515625,142.1099853515625,-316.7604675292969,2380.68017578125,178.9436798095703,-356.5793151855469,2473.160400390625,146.8273162841797,-312.37420654296875,2389.948486328125,186.9063720703125,47.06003952026367,2528.09130859375,47.171531677246094,357.2582092285156,2309.999755859375,95.22017669677734,721.77734375,2428.228759765625,172.8576202392578,822.106201171875,2287.98193359375,21.81734085083008,65.65652465820312,2583.228515625,23.009960174560547,468.9423522949219,2565.326904296875,-9.787786483764648,831.9475708007812,2704.85205078125,-85.6585693359375,939.1808471679688,2590.757568359375,92.43644714355467,-565.1461181640625,2569.891845703125,101.375,-552.1868286132812,2408.44970703125,123.01386260986328,-598.875732421875,2431.780029296875,173.45472717285156,-628.6484985351562,2545.559326171875,71.13713836669922,-590.8263549804688,2426.345947265625,6.390498161315918,-619.4489135742188,2538.065673828125
74.50688934326172,80.13253784179688,2536.865478515625,67.0663070678711,-108.05299377441406,2559.52099609375,61.98286819458008,-259.2659606933594,2569.8154296875,84.07369232177734,-488.2911987304687,2588.4033203125,115.91653442382812,-447.04107666015625,2589.080322265625,262.8934631347656,-420.7043151855469,2560.681640625,302.302001953125,-131.80804443359375,2524.38916015625,210.94671630859375,-139.2806396484375,2295.449462890625,223.0815887451172,-239.9489593505859,2281.27001953125,128.129638671875,-256.94482421875,2218.86181640625,173.18087768554688,-254.52780151367188,2217.842041015625,44.86723709106445,-453.6822509765625,2583.810791015625,-88.20205688476562,-489.6110534667969,2560.27783203125,-150.91578674316406,-267.09246826171875,2370.064453125,82.95301818847656,-307.0107727050781,2292.113037109375,159.0794677734375,-311.3646545410156,2371.72705078125,178.98280334472656,-356.3025207519531,2473.399169921875,162.15670776367188,-308.7378845214844,2384.78662109375,170.80923461914062,77.63714599609375,2547.765380859375,67.20600891113281,425.7966613769531,2325.87451171875,171.87973022460938,737.646484375,2565.20068359375,245.6346435546875,922.0888061523438,2579.9482421875,-12.333191871643066,82.38273620605469,2527.036376953125,31.57171630859375,464.36676025390625,2345.501220703125,-65.69751739501953,770.074462890625,2602.533203125,-96.15901947021484,950.6912841796876,2608.482421875,93.42135620117188,-574.333740234375,2581.1298828125,101.92571258544922,-547.2386474609375,2412.6533203125,124.55799102783205,-598.3450927734375,2433.08984375,178.19293212890625,-639.4498901367188,2549.71826171875,69.93716430664062,-589.1281127929688,2428.40478515625,2.244729518890381,-628.1644897460938,2543.733642578125
75.16346740722656,78.50682067871094,2555.62548828125,69.95748138427734,-111.40637969970705,2569.407958984375,66.16205596923828,-263.6056823730469,2572.71484375,85.74345397949219,-493.9995422363281,2589.086181640625,118.2885971069336,-453.0168151855469,2589.10986328125,265.0486755371094,-420.9408874511719,2562.11669921875,296.7217712402344,-130.21066284179688,2523.031005859375,246.5494384765625,-159.8145751953125,2282.342041015625,325.9448547363281,-221.4530029296875,2260.722900390625,214.36590576171875,-196.3648376464844,2245.52783203125,178.2975311279297,-274.50775146484375,2235.2392578125,46.73231506347656,-458.6860046386719,2585.8916015625,-87.70941925048828,-492.9703979492187,2564.303955078125,-129.75515747070312,-271.593994140625,2365.294677734375,109.56390380859376,-301.4812316894531,2296.5888671875,182.98599243164065,-299.3768005371094,2379.409423828125,231.70208740234375,-316.8616943359375,2480.30908203125,181.04312133789065,-290.3595275878906,2391.5322265625,172.37559509277344,76.18544006347656,2560.35791015625,90.5796127319336,463.99713134765625,2400.312255859375,195.16275024414065,775.7154541015625,2642.727294921875,241.35926818847656,969.0496826171876,2665.011962890625,-12.496977806091309,80.60010528564453,2551.35791015625,35.8332405090332,436.9671325683594,2321.191162109375,-54.370967864990234,779.1756591796875,2533.69287109375,-73.51036071777344,958.6541748046876,2569.587646484375,93.72858428955078,-580.46337890625,2580.896240234375,87.47916412353516,-538.4849853515625,2414.66064453125,111.66339111328124,-591.3477783203125,2428.520751953125,175.4136962890625,-642.6023559570312,2536.36181640625,56.660621643066406,-581.8616943359375,2429.49853515625,-1.0536184310913086,-631.258544921875,2546.9658203125
83.83210754394531,80.42052459716797,2544.802001953125,74.7357177734375,-109.49799346923828,2561.890380859375,67.91749572753906,-261.7579650878906,2569.7939453125,84.3538818359375,-492.5540771484375,2590.586669921875,117.4753646850586,-451.8873291015625,2590.49365234375,264.9773864746094,-422.2138671875,2562.90380859375,307.626708984375,-131.73484802246094,2527.674072265625,251.7284698486328,-155.35299682617188,2287.02392578125,333.8990173339844,-211.6809234619141,2260.718017578125,220.3308868408203,-195.76638793945312,2245.961181640625,187.18850708007812,-273.7595520019531,2242.404541015625,45.76690673828125,-456.7517395019531,2586.048583984375,-87.72180938720703,-493.5749816894531,2560.99609375,-120.38729095458984,-267.46685791015625,2364.56298828125,120.62325286865234,-304.6541748046875,2303.77490234375,189.4358062744141,-316.9797058105469,2389.921630859375,253.0977783203125,-329.56915283203125,2483.22216796875,206.42730712890625,-318.18829345703125,2392.307861328125,180.99659729003903,76.4823226928711,2552.75537109375,89.39289855957031,469.5376281738281,2409.14599609375,198.57589721679688,778.9983520507812,2653.92919921875,251.96009826660156,972.2202758789062,2653.31494140625,-3.78537917137146,83.9717788696289,2537.630126953125,26.864696502685547,429.7638549804687,2287.42822265625,-53.20440673828125,770.553466796875,2507.88671875,-72.3935775756836,949.6156005859376,2547.697265625,91.42125701904295,-579.4305419921875,2584.040283203125,96.18659973144533,-544.1480102539062,2415.82177734375,116.4184341430664,-597.8245849609375,2433.045654296875,171.50083923339844,-648.240234375,2546.296142578125,61.99704360961914,-585.0623779296875,2430.72119140625,-4.6453399658203125,-626.0608520507812,2547.05517578125
91.05976104736328,73.64183807373047,2555.82177734375,87.74424743652344,-114.0811767578125,2573.834716796875,84.89828491210938,-264.6752624511719,2580.9306640625,86.40455627441406,-494.0418090820313,2589.4169921875,121.70718383789062,-456.1278076171875,2590.653564453125,266.5801086425781,-426.4739379882813,2559.453125,284.4361267089844,-168.3877410888672,2423.7060546875,212.7945251464844,-199.9648895263672,2191.332275390625,300.3599853515625,-238.54396057128903,2156.579345703125,190.1498107910156,-218.81350708007812,2179.2646484375,180.3765869140625,-323.9124450683594,2234.593017578125,50.625450134277344,-456.0762023925781,2587.596923828125,-82.45506286621094,-484.8274841308594,2559.421142578125,-110.35031127929688,-266.5033264160156,2358.99365234375,130.4352569580078,-312.8525085449219,2319.838623046875,188.5598297119141,-337.98797607421875,2409.30810546875,239.24139404296875,-365.2285461425781,2505.733642578125,180.3538818359375,-352.2455139160156,2429.88134765625,187.4088897705078,71.70604705810547,2553.382080078125,97.5561752319336,469.8806762695313,2441.498291015625,193.2849273681641,784.3998413085938,2677.13671875,249.18296813964844,957.7651977539062,2599.37255859375,4.177495956420898,75.38742065429688,2558.021728515625,31.765281677246097,401.9106750488281,2290.86865234375,-78.12593841552734,769.6338500976562,2431.4951171875,-110.93980407714844,854.8310546875,2273.79150390625,87.57217407226562,-579.691162109375,2578.41357421875,95.76187896728516,-557.4644775390625,2410.189208984375,113.52576446533205,-609.7796630859375,2431.384521484375,164.5719451904297,-653.0913696289062,2547.49365234375,60.301483154296875,-595.427734375,2427.31298828125,-8.514768600463867,-624.8648681640625,2543.8681640625
103.81619262695312,74.67383575439453,2559.02587890625,97.32366180419922,-114.93588256835938,2570.5029296875,92.04244995117188,-266.6977844238281,2575.906005859375,81.0342025756836,-497.03271484375,2593.876220703125,118.5972671508789,-460.7585754394531,2594.022216796875,268.7135925292969,-453.6640930175781,2569.342041015625,445.1365051269531,-271.69268798828125,2419.55419921875,307.6230773925781,-270.5678405761719,2214.259033203125,279.79486083984375,-248.56509399414065,2118.0009765625,195.88064575195312,-206.3005218505859,2184.515380859375,181.43606567382812,-325.6990966796875,2229.73388671875,47.111083984375,-457.0154418945313,2590.0244140625,-85.04855346679688,-489.4619140625,2556.6923828125,-94.58062744140624,-270.71649169921875,2351.64306640625,150.54345703125,-310.92877197265625,2321.47607421875,203.17022705078125,-350.94256591796875,2409.96484375,271.2311096191406,-368.4786987304687,2498.642822265625,206.68771362304688,-349.2284240722656,2421.1376953125,200.87269592285156,71.21900939941406,2556.854248046875,123.96426391601562,478.3289489746094,2455.600341796875,191.76573181152344,795.5543212890625,2702.40771484375,256.301025390625,947.4039306640624,2590.108154296875,16.29608154296875,77.7892074584961,2560.98388671875,36.20101547241211,400.4495849609375,2283.47998046875,-52.32220077514648,767.97607421875,2447.017822265625,-103.242919921875,836.28857421875,2284.352783203125,77.68408966064453,-583.6664428710938,2586.32568359375,98.53662872314452,-556.721435546875,2418.557373046875,117.3940200805664,-608.9679565429688,2440.24951171875,161.3547821044922,-652.7962646484375,2560.19677734375,63.58435821533203,-597.159912109375,2432.01953125,-13.444438934326172,-633.1926879882812,2542.70947265625
120.53410339355467,55.32548522949219,2443.411865234375,112.7744140625,-127.29724884033205,2497.667724609375,105.40640258789062,-274.971923828125,2534.724365234375,83.06803131103516,-500.02001953125,2586.610595703125,122.55935668945312,-466.14886474609375,2580.502685546875,272.4234313964844,-445.3071594238281,2559.338623046875,296.0137023925781,-215.33755493164065,2375.538330078125,139.25485229492188,-245.99139404296875,2185.9814453125,209.56639099121097,-242.19741821289065,2110.92919921875,120.46400451660156,-271.02716064453125,2178.5,170.2223663330078,-378.1269226074219,2202.326904296875,51.04280471801758,-459.02447509765625,2577.761474609375,-83.6840591430664,-488.3486022949219,2550.497314453125,-62.64112854003906,-277.5465393066406,2336.77685546875,164.03868103027344,-315.723876953125,2437.61865234375,215.8240966796875,-345.0065002441406,2531.102294921875,289.08685302734375,-360.3841552734375,2616.4306640625,235.2926025390625,-358.1538391113281,2531.13037109375,216.3755340576172,46.68629455566406,2428.0400390625,56.15919876098633,412.076416015625,2273.505126953125,-18.487504959106445,739.023193359375,2507.451904296875,-85.17671966552734,909.0182495117188,2589.55712890625,34.10967254638672,63.115821838378906,2457.273193359375,124.96554565429688,478.9569396972656,2418.70166015625,182.1180725097656,795.2394409179688,2678.37939453125,252.09957885742188,952.2403564453124,2612.146728515625,74.98979949951172,-586.7861328125,2591.910400390625,87.29586029052734,-556.892578125,2423.244873046875,106.68888854980467,-609.9102172851562,2443.030517578125,156.553955078125,-656.5928955078125,2560.038330078125,52.49794387817383,-597.2987060546875,2437.8701171875,-19.225255966186523,-634.6057739257812,2552.20166015625
89.88033294677734,30.20571517944336,2393.86376953125,92.73336029052734,-137.08213806152344,2490.560791015625,95.2376937866211,-269.90386962890625,2569.42333984375,83.85071563720703,-503.4420471191406,2594.56787109375,122.1965560913086,-466.9176330566406,2590.7841796875,265.1431579589844,-431.7986755371094,2542.729248046875,262.56494140625,-152.73526000976562,2434.496826171875,241.6632080078125,79.84365844726562,2341.83642578125,298.1312255859375,165.25888061523438,2321.97216796875,245.9122314453125,60.671234130859375,2316.18701171875,348.0909423828125,7.303923606872559,2283.113037109375,49.44868469238281,-462.5563659667969,2592.300048828125,-84.63436126708984,-491.7809143066406,2554.096923828125,-50.48283767700195,-270.3924865722656,2347.117919921875,175.84669494628906,-319.61309814453125,2452.361328125,237.41455078125,-356.26092529296875,2538.840576171875,322.05694580078125,-372.5252380371094,2615.040283203125,263.66363525390625,-373.46881103515625,2529.0146484375,187.88851928710935,25.38953399658203,2382.639892578125,38.48257827758789,416.32611083984375,2269.126953125,-53.86631774902344,756.1427612304688,2487.62353515625,-128.38316345214844,930.1773071289062,2560.67431640625,1.5020370483398438,34.54867935180664,2403.984619140625,66.88325500488281,457.8431091308594,2468.647705078125,205.18603515625,802.1991577148438,2662.72998046875,280.1734619140625,967.4862670898438,2618.987060546875,79.23189544677734,-591.6553955078125,2589.462890625,61.754756927490234,-549.516845703125,2421.492919921875,86.4985580444336,-603.4259033203125,2434.034423828125,157.92547607421875,-655.9430541992188,2538.89599609375,31.03370475769043,-593.0513305664062,2438.858154296875,-19.753293991088867,-641.9996948242188,2562.007568359375
99.90202331542967,44.94439697265625,2400.076904296875,98.7952117919922,-124.79924774169922,2492.91650390625,97.7961654663086,-260.9237365722656,2566.357666015625,90.8782196044922,-494.7526550292969,2593.019775390625,128.5236053466797,-457.6965637207031,2587.087890625,264.808837890625,-418.3615112304687,2524.5341796875,303.0421142578125,-142.7333984375,2413.2705078125,279.92767333984375,90.0347671508789,2320.793701171875,311.8533630371094,184.95718383789065,2350.384033203125,286.1912841796875,93.08055877685548,2282.325927734375,264.226806640625,219.76007080078125,2283.761962890625,55.81441116333008,-454.2893676757813,2592.387451171875,-77.69498443603516,-491.1351013183594,2558.35595703125,-54.97227478027344,-285.9691467285156,2333.337646484375,160.05526733398438,-326.4658203125,2463.730712890625,225.81707763671875,-367.75634765625,2545.05126953125,302.05706787109375,-394.3429260253906,2627.1953125,257.9020690917969,-379.7922058105469,2529.490966796875,197.97499084472656,38.39076614379883,2389.263671875,38.393333435058594,423.4582214355469,2267.827392578125,-47.49287796020508,765.3765869140625,2486.624267578125,-139.17202758789062,935.4044189453124,2549.56494140625,11.46531867980957,50.85409927368164,2409.827392578125,88.921875,471.4152526855469,2482.0302734375,208.80079650878903,823.0916137695312,2676.3251953125,280.3303527832031,977.8177490234376,2599.6220703125,87.18534088134766,-583.148193359375,2588.507080078125,55.6319580078125,-549.970947265625,2420.365966796875,80.21993255615234,-603.81640625,2433.80712890625,159.66220092773438,-652.3805541992188,2534.9580078125,25.590660095214844,-591.656982421875,2442.9033203125,-15.083791732788086,-632.2762451171875,2572.845703125
110.73867797851562,60.02156829833984,2406.008544921875,111.78385162353516,-108.0527572631836,2497.125,113.6040496826172,-238.5178680419922,2576.729736328125,122.90193176269533,-463.3804626464844,2635.72412109375,157.211669921875,-424.0256042480469,2629.97509765625,304.7473449707031,-387.4223327636719,2610.958251953125,381.67083740234375,-120.86597442626952,2507.378173828125,287.6677551269531,7.739499092102051,2316.584228515625,276.8003845214844,104.6973876953125,2350.1923828125,312.082763671875,57.3037223815918,2250.60546875,277.0762939453125,153.024169921875,2294.344482421875,85.43143463134766,-427.8586120605469,2624.15576171875,-47.13123321533203,-418.7858276367187,2577.181640625,-51.57794189453125,-259.46295166015625,2320.9697265625,185.6984405517578,-343.43927001953125,2321.25341796875,243.19873046875,-355.729248046875,2415.528076171875,275.23876953125,-365.0802001953125,2524.34326171875,223.1907501220703,-380.8009948730469,2451.0390625,207.6809844970703,54.65152740478515,2394.990966796875,42.924598693847656,433.9053039550781,2280.64306640625,-41.77278137207031,763.5176391601562,2509.3056640625,-140.48233032226562,926.5185546875,2572.4853515625,23.3215389251709,64.86397552490234,2415.943603515625,97.36686706542967,480.7466125488281,2488.16943359375,213.54019165039065,830.15966796875,2678.101806640625,273.6950988769531,980.987060546875,2590.06689453125,127.66753387451172,-550.4188232421875,2643.76611328125,83.19775390625,-532.4974365234375,2478.374755859375,107.37509155273438,-584.9182739257812,2494.664306640625,193.02813720703125,-625.60302734375,2591.949951171875,54.62535858154297,-570.51220703125,2506.879638671875,24.629701614379883,-597.1821899414062,2641.427490234375
53.13715744018555,30.2849063873291,2525.634033203125,48.78989028930664,-142.70761108398438,2550.018798828125,49.0871696472168,-279.864990234375,2576.59912109375,85.45687103271484,-489.3957824707031,2577.248779296875,111.48719787597656,-449.52880859375,2571.064697265625,202.3292694091797,-369.7457885742187,2500.422119140625,178.61660766601562,-127.26988220214844,2382.454345703125,153.5449981689453,73.60005187988281,2279.307861328125,194.7845458984375,139.48077392578125,2332.74853515625,163.46656799316406,78.66151428222656,2251.982177734375,219.5223693847656,189.45733642578125,2306.32958984375,47.945281982421875,-459.9209899902344,2585.203369140625,-80.42272186279297,-470.4656677246094,2582.914794921875,-82.82770538330078,-322.6953125,2350.04150390625,140.09408569335938,-359.4903564453125,2393.442138671875,216.330078125,-373.2848815917969,2459.109619140625,282.9880676269531,-398.5749816894531,2534.87890625,222.9806671142578,-369.8188171386719,2466.8125,132.19107055664062,22.541358947753903,2484.79248046875,117.0135498046875,391.19921875,2351.9755859375,114.66683959960938,765.8047485351562,2341.0732421875,38.0155143737793,894.6929931640625,2235.302734375,-18.149246215820312,37.26760482788086,2562.462646484375,-17.327030181884766,428.768798828125,2549.249267578125,76.34678649902344,774.9204711914062,2671.021240234375,32.888458251953125,932.2639770507812,2627.89208984375,96.18648529052734,-567.683837890625,2564.661376953125,20.475759506225582,-552.8690795898438,2427.4609375,47.911563873291016,-599.5724487304688,2435.953125,146.67547607421875,-632.8264770507812,2503.48291015625,3.030951023101806,-589.10888671875,2458.295166015625,6.477896213531494,-615.5007934570312,2583.84619140625
50.384490966796875,26.690034866333008,2526.240478515625,49.91271209716797,-146.75106811523438,2550.27685546875,54.766990661621094,-283.60546875,2579.3056640625,84.93685150146484,-494.4900817871094,2583.916015625,111.56399536132812,-455.61383056640625,2574.22705078125,204.34002685546875,-381.3777160644531,2499.61767578125,170.57420349121094,-126.93628692626952,2411.98095703125,89.78376770019531,47.86711883544922,2290.58984375,154.2367706298828,113.2745590209961,2268.240234375,75.82022094726562,65.82867431640625,2214.885498046875,177.36744689941406,137.09036254882812,2278.471923828125,49.04758834838867,-463.5331726074219,2594.013671875,-79.73888397216797,-466.3123474121094,2602.150634765625,-106.18278503417967,-327.41131591796875,2364.710693359375,114.7409210205078,-365.5364685058594,2311.058837890625,201.3468475341797,-365.6436767578125,2364.484375,279.5822448730469,-379.2127380371094,2432.02294921875,225.1759490966797,-367.1046752929687,2347.20947265625,129.6293182373047,20.770509719848633,2485.08203125,122.4131851196289,398.3433532714844,2376.5947265625,120.50447082519533,772.4326171875,2344.060791015625,51.774166107177734,890.058349609375,2220.580322265625,-21.07404899597168,32.027931213378906,2563.355224609375,-23.737098693847656,424.2628173828125,2549.3779296875,58.031986236572266,779.4381103515625,2654.978271484375,4.0137505531311035,928.2030029296876,2595.240234375,92.2669448852539,-573.587890625,2573.0751953125,15.561349868774414,-539.20556640625,2439.6328125,42.36016845703125,-587.1246948242188,2441.47998046875,141.30503845214844,-630.7379150390625,2503.03271484375,-2.253354549407959,-579.0880737304688,2465.52685546875,1.7783082723617554,-622.3098754882812,2586.5712890625
39.06884002685547,14.78941822052002,2527.03125,50.071014404296875,-154.49717712402344,2552.190185546875,63.11370468139648,-288.3020324707031,2579.09765625,80.80923461914062,-496.1327209472656,2586.113037109375,108.70103454589844,-459.7893981933594,2575.10107421875,212.33999633789065,-406.9917907714844,2501.921875,239.4469451904297,-169.20960998535156,2386.6318359375,145.58132934570312,-37.23286056518555,2233.394775390625,156.07781982421875,46.47885513305664,2271.47998046875,69.10391235351562,63.873565673828125,2217.42236328125,166.06985473632812,93.27932739257812,2260.302490234375,47.83549499511719,-463.66741943359375,2596.672607421875,-75.82315826416016,-461.4373168945313,2622.853515625,-112.22601318359376,-339.7098388671875,2383.8564453125,96.60394287109376,-369.8895568847656,2303.5078125,193.8456268310547,-364.4471435546875,2324.671875,293.0333251953125,-377.1352233886719,2345.286376953125,219.3176116943359,-349.2850341796875,2271.79248046875,113.57721710205078,12.77708625793457,2480.908203125,94.2671890258789,376.81982421875,2357.620849609375,91.9352798461914,744.471435546875,2347.970703125,33.14889144897461,879.7576293945312,2244.66015625,-28.118640899658203,16.604026794433594,2568.622314453125,-48.44795227050781,399.7297058105469,2544.48779296875,9.81042194366455,757.4805297851562,2626.63037109375,-37.19697189331055,904.1763305664062,2565.609130859375,83.1229248046875,-574.04150390625,2576.57373046875,15.121325492858888,-547.8267211914062,2440.37890625,41.2339973449707,-594.5123291015625,2446.1748046875,134.7672119140625,-633.562255859375,2513.832275390625,-3.663928747177124,-585.4867553710938,2466.88134765625,-6.087310791015625,-621.2241821289062,2587.62939453125
42.11726379394531,19.87761688232422,2523.849609375,54.55876159667969,-149.43336486816406,2548.67333984375,68.18782043457031,-283.4794616699219,2574.361572265625,81.75955200195312,-491.5997924804687,2584.111328125,110.45899963378906,-455.9325866699219,2572.87939453125,213.98675537109375,-406.0143432617187,2497.44580078125,225.29122924804688,-179.44358825683594,2359.006591796875,131.9102325439453,-62.29902648925781,2193.74951171875,141.9615936279297,23.101787567138672,2228.1201171875,51.96329116821289,71.66710662841797,2209.6748046875,153.8003387451172,57.64496612548828,2235.294921875,49.32829284667969,-458.35406494140625,2593.9921875,-74.6231689453125,-448.920654296875,2617.28662109375,-106.15938568115234,-332.63623046875,2374.78173828125,97.56607055664062,-377.6408996582031,2288.231689453125,196.6075439453125,-376.6558532714844,2299.712890625,295.8940124511719,-399.0372924804687,2308.334716796875,215.96261596679688,-357.39349365234375,2249.159912109375,116.42892456054688,18.51559829711914,2477.315673828125,47.59074783325195,370.6886291503906,2337.80859375,-11.625129699707031,716.5112915039062,2226.982421875,-109.40339660644533,742.0653076171875,2077.833251953125,-24.892833709716797,21.105806350708008,2565.81103515625,-50.31083679199219,404.5316467285156,2550.112060546875,-17.364721298217773,769.3244018554688,2614.037841796875,-97.32684326171876,882.5453491210938,2523.133544921875,82.62622833251953,-569.6861572265625,2575.556640625,6.214402675628662,-555.175048828125,2442.021728515625,31.185047149658203,-602.0001220703125,2451.04296875,127.92512512207033,-637.4025268554688,2516.247802734375,-11.886363983154297,-589.1286010742188,2473.568115234375,-7.094696044921875,-611.9862670898438,2597.3876953125
40.3614501953125,25.4506778717041,2525.769287109375,51.29774475097656,-146.35592651367188,2554.0927734375,60.12351989746094,-283.6737060546875,2576.9052734375,76.00528717041016,-495.08209228515625,2588.378662109375,106.19876098632812,-458.1140747070313,2583.982666015625,226.95681762695312,-410.9382629394531,2531.68212890625,292.9017639160156,-198.2582092285156,2378.546875,215.97447204589844,-117.881103515625,2180.89013671875,159.19944763183594,-48.053367614746094,2208.608154296875,83.62684631347656,24.656585693359375,2221.576171875,176.84458923339844,7.8483967781066895,2209.875244140625,40.88212966918945,-462.0533447265625,2591.009765625,-86.42373657226562,-449.1763000488281,2578.0673828125,-112.2743911743164,-306.1298828125,2344.20654296875,101.99490356445312,-382.6383056640625,2312.703857421875,197.11265563964844,-379.2187194824219,2277.755859375,287.9395751953125,-402.4387512207031,2233.039306640625,201.4450836181641,-363.0532531738281,2236.209228515625,120.53041076660156,24.12135887145996,2486.7509765625,61.31378936767578,374.875732421875,2323.234619140625,8.178461074829102,724.273193359375,2200.396484375,-65.66189575195312,754.6849975585938,2035.51220703125,-31.930431365966797,26.649385452270508,2560.95361328125,-42.36457061767578,417.3445129394531,2547.114013671875,158.9019012451172,724.0790405273438,2638.53369140625,204.93028259277344,886.1969604492188,2635.21630859375,80.54832458496094,-574.3546752929688,2579.619140625,15.638216972351074,-548.4181518554688,2438.87841796875,36.65062713623047,-598.1527099609375,2447.884033203125,126.3135986328125,-644.1118774414062,2520.119140625,-7.824918270111084,-582.670166015625,2467.796142578125,-15.099555015563965,-611.1257934570312,2592.51416015625
55.33517837524414,36.1057014465332,2527.4072265625,55.16084671020508,-138.28868103027344,2555.13671875,51.85356903076172,-278.5140380859375,2571.11328125,71.09004974365234,-491.6495971679687,2590.628662109375,101.07608032226562,-453.9984436035156,2584.552734375,213.36085510253903,-398.00830078125,2519.148681640625,290.1271057128906,-154.3027801513672,2421.531494140625,345.3760681152344,49.059852600097656,2330.462890625,311.81500244140625,138.24066162109375,2328.34375,263.72821044921875,233.60931396484375,2333.92578125,273.9434814453125,136.34910583496094,2292.785888671875,35.081626892089844,-458.6500244140625,2592.297607421875,-92.46993255615234,-446.5770263671875,2569.30419921875,-104.14376831054688,-300.9858093261719,2331.94580078125,107.8749771118164,-396.3059997558594,2334.621826171875,189.18634033203125,-421.2904357910156,2277.21435546875,273.12884521484375,-417.279052734375,2214.0546875,187.62762451171875,-413.97308349609375,2253.439208984375,135.8126983642578,29.612567901611328,2487.07666015625,82.703125,399.56146240234375,2355.428466796875,46.681884765625,767.5476684570312,2273.5947265625,-65.73518371582031,743.50439453125,2128.103515625,-17.234943389892578,41.96084213256836,2563.77490234375,-43.85921859741211,436.8506164550781,2558.336181640625,164.92428588867188,740.6055908203125,2661.212890625,201.0991973876953,906.223876953125,2642.04638671875,76.78365325927734,-572.0875244140625,2584.746337890625,17.37917137145996,-542.8223876953125,2440.138916015625,36.953590393066406,-593.7861938476562,2449.5625,123.5483169555664,-643.3482666015625,2525.653076171875,-8.385729789733887,-577.1106567382812,2468.119140625,-21.398040771484375,-606.84228515625,2593.676513671875
55.64835357666016,35.73933029174805,2527.27685546875,55.724151611328125,-139.37132263183594,2555.019775390625,52.65382385253906,-280.1639404296875,2571.07666015625,72.64740753173828,-494.1522521972656,2590.01708984375,102.62669372558594,-456.2442932128906,2583.945556640625,215.12615966796875,-398.8174133300781,2518.9248046875,289.3499755859375,-152.0930633544922,2423.872802734375,342.17486572265625,53.72461700439453,2334.568359375,311.07916259765625,143.96160888671875,2327.672607421875,269.1845703125,242.66278076171875,2321.8671875,274.4026794433594,136.9024658203125,2284.934326171875,36.40156173706055,-461.1316223144531,2591.879638671875,-91.75709533691406,-449.0762023925781,2569.289794921875,-102.42868041992188,-301.1709899902344,2331.997314453125,109.26302337646484,-399.35504150390625,2337.165283203125,190.82156372070312,-423.55120849609375,2279.036865234375,275.2278747558594,-418.5252990722656,2215.863525390625,188.76866149902344,-416.91497802734375,2253.90625,136.4601287841797,29.35900115966797,2486.783935546875,81.17405700683594,401.4468078613281,2357.275146484375,42.17315673828125,770.347900390625,2273.885498046875,-71.251708984375,757.1532592773438,2126.844970703125,-17.223182678222656,41.49275207519531,2563.790771484375,-44.48268508911133,437.9256286621094,2557.808837890625,164.35147094726562,743.610595703125,2660.596923828125,198.71490478515625,910.3167114257812,2641.413330078125,78.58585357666016,-574.8792114257812,2583.868896484375,15.040338516235352,-543.5720825195312,2440.7529296875,35.281192779541016,-594.7431030273438,2448.865966796875,124.49374389648438,-645.1057739257812,2522.189208984375,-9.861987113952637,-578.6390380859375,2468.92626953125,-19.485586166381836,-610.6338500976562,2594.771728515625
33.227088928222656,36.22956848144531,2550.313720703125,53.07078552246094,-146.6387481689453,2547.193603515625,70.37458801269531,-291.5047912597656,2565.769775390625,71.45945739746094,-512.9132080078125,2598.889404296875,105.39102935791016,-477.4679565429687,2586.769287109375,245.5893096923828,-490.4645385742187,2543.12158203125,286.84173583984375,-219.41864013671875,2465.44482421875,321.9859313964844,8.272051811218262,2401.232421875,272.8455810546875,75.8169174194336,2454.9208984375,378.8014526367187,101.1295166015625,2431.515380859375,338.0759582519531,129.953125,2486.1728515625,37.76594543457031,-474.87994384765625,2602.125244140625,-96.57068634033205,-481.42376708984375,2619.479248046875,-91.31867218017578,-202.09336853027344,2540.42333984375,-87.53722381591797,30.222803115844727,2472.05908203125,-167.69369506835938,82.03045654296875,2520.239501953125,-119.69014739990234,143.03854370117188,2442.982177734375,-120.9131088256836,112.87549591064452,2530.129638671875,126.429931640625,46.4630126953125,2543.300048828125,89.3563461303711,456.816650390625,2517.734619140625,-1.784898281097412,799.424072265625,2690.836181640625,-102.52449035644533,924.9157104492188,2583.962646484375,-50.81800842285156,27.001625061035156,2556.63818359375,-31.314193725585938,438.5892639160156,2572.96923828125,9.060959815979004,825.8755493164062,2658.537353515625,-18.441505432128903,908.9063720703124,2503.8134765625,68.7601089477539,-597.0975341796875,2597.85791015625,17.235401153564453,-542.8929443359375,2449.99560546875,32.89999771118164,-598.3199462890625,2453.70458984375,114.63818359375,-666.857666015625,2529.271484375,-13.766229629516602,-579.6099243164062,2473.169921875,-36.378421783447266,-625.4856567382812,2598.220703125
33.41604232788086,44.46434783935547,2542.46484375,38.34308624267578,-137.3035125732422,2549.5556640625,43.86091995239258,-280.9084777832031,2572.164306640625,42.957557678222656,-499.4902648925781,2607.6552734375,76.07408142089844,-465.3764343261719,2592.1943359375,215.21615600585935,-495.68170166015625,2560.860107421875,292.1358642578125,-233.55799865722656,2491.40576171875,337.4942321777344,-30.074522018432617,2379.582763671875,284.4372253417969,35.279632568359375,2430.185546875,368.3585205078125,104.74402618408205,2413.47509765625,342.1531677246094,92.0853271484375,2465.64794921875,10.919744491577148,-461.0538024902344,2613.35986328125,-98.47711181640624,-519.5474853515625,2664.392822265625,-53.74653244018555,-270.782958984375,2528.01318359375,-15.872511863708496,-62.72913360595703,2415.441650390625,0.0742785632610321,-4.325293064117432,2502.151123046875,-44.769920349121094,89.60064697265625,2472.0986328125,-27.9132022857666,26.14951515197754,2513.31494140625,125.97418975830078,46.628170013427734,2533.619140625,107.47543334960938,453.9584655761719,2555.553955078125,70.91267395019531,796.45849609375,2738.99169921875,2.609364748001098,971.903564453125,2706.32470703125,-50.04771423339844,42.51313018798828,2550.44091796875,-38.46302795410156,449.6221008300781,2573.038818359375,-14.21871566772461,828.5143432617188,2679.651611328125,-97.02969360351562,951.1974487304688,2584.78515625,38.3217658996582,-582.6807250976562,2608.009765625,32.282440185546875,-550.8925170898438,2447.333251953125,45.89888381958008,-604.1238403320312,2462.839599609375,101.31355285644533,-658.308837890625,2566.34521484375,-3.820278644561768,-584.9820556640625,2465.20458984375,-61.346317291259766,-614.3693237304688,2582.19580078125
46.458595275878906,35.76380157470703,2536.022705078125,53.58527755737305,-144.34332275390625,2552.403076171875,59.5257568359375,-286.33306884765625,2579.60205078125,43.3901252746582,-501.0484313964844,2625.943359375,79.83038330078125,-469.27685546875,2614.313232421875,220.8365478515625,-496.3597717285156,2593.9248046875,283.7533874511719,-250.6350555419922,2474.530517578125,327.23187255859375,-58.61739730834961,2345.67529296875,294.08306884765625,9.569168090820312,2407.276611328125,360.15777587890625,96.99358367919922,2410.0458984375,344.9112243652344,52.74365997314453,2441.105712890625,12.747228622436523,-461.4588012695313,2624.30126953125,-114.79493713378906,-490.2497863769531,2650.8330078125,3.5578906536102295,-414.8585815429687,2402.02587890625,98.14049530029295,-365.35491943359375,2189.00244140625,199.02960205078125,-370.7256164550781,2218.259765625,290.3841857910156,-404.7379760742187,2264.166259765625,183.71766662597656,-349.45196533203125,2279.148681640625,138.8732147216797,39.23107147216797,2533.939208984375,88.3321304321289,438.26116943359375,2590.215576171875,21.78919219970703,790.3505249023438,2739.408203125,-20.270740509033203,970.3944702148438,2695.413330078125,-36.87574768066406,32.63720703125,2537.9013671875,-41.83121109008789,437.0802612304687,2569.4111328125,-38.036407470703125,816.2151489257812,2669.8193359375,-97.72300720214844,956.1573486328124,2583.625244140625,35.133758544921875,-583.406982421875,2629.998291015625,46.938568115234375,-563.822509765625,2468.592529296875,53.06570053100586,-616.5376586914062,2488.789306640625,92.444091796875,-667.7610473632812,2599.99072265625,6.034736633300781,-592.2994995117188,2485.050048828125,-64.2119140625,-606.2633666992188,2597.023193359375
57.698768615722656,40.62418746948242,2538.336669921875,59.23155975341797,-140.74139404296875,2542.914794921875,61.23569869995117,-283.70623779296875,2567.30517578125,52.68148422241211,-499.8692321777344,2611.4248046875,87.53388214111328,-467.2056579589844,2597.177001953125,220.80880737304688,-458.58734130859375,2539.75244140625,273.49505615234375,-195.93128967285156,2454.829833984375,292.38482666015625,11.05332374572754,2343.32080078125,301.4814758300781,102.25627136230467,2308.8447265625,244.1477813720703,140.51821899414062,2223.265625,294.6332092285156,131.9860382080078,2269.15576171875,21.291305541992188,-460.7148132324219,2613.09765625,-104.9504623413086,-499.060791015625,2634.981689453125,-6.197951793670654,-362.4534606933594,2403.510498046875,94.64885711669922,-478.3674621582031,2220.630615234375,195.0628204345703,-461.6590881347656,2248.10888671875,287.1483459472656,-452.9679260253906,2303.885498046875,203.80938720703125,-459.8464660644531,2256.35546875,150.3557586669922,41.31769943237305,2534.7880859375,128.95477294921875,445.4533386230469,2579.10546875,158.6866455078125,796.324462890625,2744.605712890625,238.70474243164065,916.7548217773438,2620.55126953125,-25.854114532470703,39.998817443847656,2541.53662109375,-48.25448989868164,445.2242126464844,2567.644775390625,-59.875003814697266,820.8986206054688,2683.05908203125,-108.05177307128906,942.2732543945312,2566.134033203125,46.142608642578125,-582.6131591796875,2614.8271484375,55.83817672729492,-571.4666748046875,2452.083251953125,58.963829040527344,-623.5836791992188,2474.755859375,97.34832000732422,-672.0924682617188,2587.86669921875,13.424860000610352,-596.44384765625,2470.672119140625,-55.38910675048828,-600.4635009765625,2584.697998046875
58.15080261230469,48.2247200012207,2536.316162109375,55.73225784301758,-130.0109100341797,2540.853271484375,54.454856872558594,-270.50994873046875,2564.9130859375,43.44721221923828,-483.2014465332031,2606.447998046875,78.41121673583984,-451.1090698242187,2594.303955078125,212.79409790039065,-448.17144775390625,2545.867919921875,261.8702392578125,-197.72488403320312,2440.269775390625,290.9039306640625,3.6502182483673096,2329.17626953125,301.2529296875,94.85888671875,2300.258544921875,239.8766326904297,142.50733947753906,2225.253662109375,292.73968505859375,125.90138244628906,2260.482177734375,12.651443481445312,-444.6439208984375,2606.86669921875,-111.53883361816406,-484.5802917480469,2622.9375,3.2523722648620605,-371.23297119140625,2392.346923828125,127.86802673339844,-508.2439880371094,2248.1083984375,223.52284240722656,-491.4855346679687,2284.26611328125,307.9379577636719,-466.7646484375,2343.6923828125,248.45155334472656,-482.021484375,2271.099365234375,149.2313232421875,46.91762161254883,2533.518798828125,141.74774169921875,446.5632629394531,2551.496826171875,167.40802001953125,797.4383544921875,2701.333740234375,250.85086059570312,931.7559204101562,2601.0625,-23.98051643371582,49.40339279174805,2538.838623046875,-49.295196533203125,447.2753601074219,2567.2724609375,-64.92330932617188,818.078857421875,2674.864013671875,-113.3485870361328,943.2564697265624,2566.87255859375,36.661834716796875,-564.5233154296875,2608.954833984375,54.23506164550781,-578.2188720703125,2449.9052734375,56.27769470214844,-625.3684692382812,2479.94287109375,88.43257904052734,-655.0006713867188,2598.862060546875,11.72968578338623,-600.066650390625,2469.650146484375,-61.466529846191406,-587.3826293945312,2577.489990234375
58.15382385253906,48.222015380859375,2536.314453125,55.73420333862305,-130.0138397216797,2540.8525390625,54.45610427856445,-270.5128173828125,2564.914306640625,43.44660949707031,-483.20306396484375,2606.45703125,78.41062927246094,-451.1117248535156,2594.309814453125,212.79806518554688,-448.1997985839844,2545.88427734375,261.92303466796875,-197.7679748535156,2440.272705078125,290.9712829589844,3.573089838027954,2329.12060546875,301.326904296875,94.77278900146484,2300.176513671875,239.9536895751953,142.4042510986328,2225.157958984375,292.815673828125,125.80451202392578,2260.39111328125,12.65155029296875,-444.6448669433594,2606.8759765625,-111.5395965576172,-484.57379150390625,2622.960205078125,3.227524518966675,-371.2373046875,2392.3515625,127.81371307373048,-508.27740478515625,2248.11474609375,223.47512817382812,-491.53912353515625,2284.265380859375,307.7530517578125,-466.7104187011719,2343.841064453125,248.3854522705078,-482.1235046386719,2271.134033203125,149.23446655273438,46.914337158203125,2533.5166015625,141.75949096679688,446.5609436035156,2551.4921875,167.43797302246094,797.4373168945312,2701.32470703125,250.8818817138672,931.7476806640624,2601.044189453125,-23.97760772705078,49.40121078491211,2538.83740234375,-49.29080581665039,447.2741394042969,2567.267822265625,-64.91893005371094,818.07958984375,2674.855224609375,-113.3405532836914,943.2554321289062,2566.859375,36.65979766845703,-564.52490234375,2608.967041015625,54.2242431640625,-578.2260131835938,2449.91650390625,56.26758575439453,-625.374755859375,2479.95556640625,88.42835235595703,-655.003662109375,2598.87451171875,11.719439506530762,-600.0723876953125,2469.66455078125,-61.47085189819336,-587.38330078125,2577.50830078125
60.22399139404297,34.364566802978516,2535.99072265625,56.89470291137695,-148.10726928710938,2541.13037109375,55.15888977050781,-291.9020080566406,2566.114990234375,25.745628356933594,-505.103515625,2621.2802734375,62.88773727416992,-477.17474365234375,2602.399169921875,178.87677001953125,-513.90380859375,2521.1640625,230.0232086181641,-299.8306579589844,2343.590576171875,284.88934326171875,-115.16828918457033,2204.92724609375,370.683837890625,-76.23711395263672,2176.04150390625,397.2672729492187,19.456825256347656,2224.66015625,396.6631164550781,-92.4701690673828,2236.99267578125,-0.8132904767990112,-462.19586181640625,2623.86474609375,-129.1516571044922,-483.1337890625,2658.557373046875,11.749550819396973,-373.38775634765625,2432.43115234375,112.3095932006836,-530.7649536132812,2281.125244140625,218.0426483154297,-528.6708984375,2272.520263671875,305.15997314453125,-524.062744140625,2337.353271484375,235.3282012939453,-494.2983093261719,2267.816162109375,153.43516540527344,32.55253982543945,2532.037841796875,149.98721313476562,442.0320129394531,2544.70654296875,175.45547485351562,803.3817138671875,2693.296630859375,264.28045654296875,936.646728515625,2587.912109375,-23.828628540039062,35.99855041503906,2539.555419921875,-49.17706680297851,443.4023742675781,2568.95361328125,-63.51987838745117,822.0675048828125,2682.754150390625,-113.4760971069336,945.7577514648438,2567.34912109375,9.983779907226562,-586.8189086914062,2629.1796875,22.710115432739254,-568.75537109375,2466.22705078125,27.058977127075195,-621.9500732421875,2487.021728515625,64.89553833007812,-674.0628662109375,2599.643310546875,-19.520654678344727,-595.9306030273438,2483.001953125,-90.9263153076172,-606.713134765625,2595.975830078125
60.64144134521485,33.98078918457031,2536.1474609375,64.33683013916016,-151.61415100097656,2541.560791015625,68.36705780029297,-297.6188659667969,2568.1826171875,35.64047622680664,-514.2591552734375,2623.5869140625,73.2994384765625,-486.5379333496094,2603.1767578125,194.02810668945312,-555.7276000976562,2550.4462890625,319.0191650390625,-562.1233520507812,2291.442138671875,329.18963623046875,-577.5451049804688,2050.716552734375,262.6091613769531,-539.650146484375,1986.07763671875,356.503662109375,-564.1801147460938,2042.9422607421875,257.5672912597656,-541.402099609375,1940.9241943359375,9.757997512817385,-470.0392456054687,2627.622314453125,-123.0828628540039,-483.7008361816406,2657.73876953125,29.69020652770996,-340.2799377441406,2452.80419921875,66.49461364746094,-550.2396240234375,2333.064697265625,170.5338134765625,-534.1807861328125,2309.27490234375,266.8163757324219,-540.745849609375,2255.33154296875,181.9046173095703,-510.1232604980469,2272.597412109375,155.42127990722656,35.7291145324707,2531.38720703125,172.57469177246094,452.0644226074219,2525.71875,196.45632934570312,816.802490234375,2683.8603515625,272.31121826171875,953.142333984375,2566.87158203125,-24.82571029663086,32.40425109863281,2540.43994140625,-49.47463607788086,446.7789306640625,2571.647705078125,-63.411041259765625,831.304931640625,2689.6015625,-113.83619689941406,945.5447387695312,2560.76904296875,18.019062042236328,-597.0641479492188,2631.537109375,30.72553825378418,-589.942138671875,2464.904052734375,30.84217071533203,-642.845947265625,2489.314453125,65.96488952636719,-691.838134765625,2606.7041015625,-14.205887794494627,-612.7969970703125,2483.85888671875,-86.30001831054688,-610.63525390625,2599.612060546875
45.78785705566406,38.935028076171875,2534.35546875,51.07763671875,-149.5001678466797,2532.587158203125,56.45343780517578,-298.6308898925781,2553.678466796875,30.073015213012695,-516.2698364257812,2621.255615234375,68.20802307128906,-487.4686584472656,2601.287353515625,198.83477783203125,-542.5701904296875,2549.152099609375,330.8077392578125,-560.2103271484375,2289.269287109375,301.0271911621094,-617.4085693359375,2052.822509765625,314.25103759765625,-590.0913696289062,1955.7034912109375,328.40972900390625,-609.9901123046875,2067.239990234375,305.7818298339844,-582.4595336914062,1919.484375,1.4817286729812622,-472.6298522949219,2620.8876953125,-134.10150146484375,-502.3435974121094,2627.626220703125,19.481674194335938,-301.70166015625,2470.53076171875,68.66893768310547,-531.2334594726562,2389.9599609375,134.4288330078125,-505.28961181640625,2306.26220703125,207.3433074951172,-477.3224487304687,2225.65869140625,149.6385955810547,-514.0512084960938,2306.6298828125,141.96434020996094,41.68263626098633,2529.26953125,173.49420166015625,463.4834899902344,2522.86474609375,200.0928649902344,831.4158935546875,2688.28076171875,272.016357421875,958.5076904296876,2554.63232421875,-40.938720703125,36.45738983154297,2538.941650390625,-58.24510192871094,457.8534240722656,2565.24560546875,-73.8089370727539,845.9645385742188,2691.849609375,-122.08216094970705,945.6552124023438,2547.270263671875,15.706136703491213,-600.5142822265625,2633.3837890625,20.019704818725582,-584.2862548828125,2464.419189453125,22.477989196777344,-639.1773071289062,2486.3056640625,65.03475952148438,-694.1411743164062,2600.815185546875,-24.08894920349121,-609.49755859375,2484.60888671875,-91.36469268798828,-615.0540161132812,2605.48388671875
39.85906982421875,45.94644546508789,2534.6904296875,44.016963958740234,-141.63491821289062,2531.7734375,48.59830856323242,-290.2425537109375,2551.771484375,24.15683937072754,-505.6334228515625,2623.572265625,61.869667053222656,-477.0755004882813,2603.076416015625,192.93609619140625,-531.2269897460938,2553.10400390625,325.7741394042969,-576.2344970703125,2298.520751953125,331.07635498046875,-648.805908203125,2065.670654296875,330.07550048828125,-621.1026611328125,1968.255615234375,359.3903503417969,-639.6959228515625,2076.477783203125,311.9136047363281,-620.874267578125,1935.2867431640625,-4.660200119018555,-462.4472351074219,2622.315185546875,-139.17483520507812,-494.5682678222656,2625.114013671875,16.666963577270508,-302.62469482421875,2462.073974609375,55.465850830078125,-542.8041381835938,2419.1943359375,123.83474731445312,-530.7618408203125,2335.091796875,206.88340759277344,-496.6363525390625,2268.621337890625,137.00906372070312,-538.7510986328125,2334.772705078125,135.5810546875,48.15410614013672,2529.166748046875,170.82801818847656,467.7357177734375,2525.0947265625,200.37600708007812,834.8194580078125,2687.328369140625,271.15679931640625,962.8690185546876,2555.3408203125,-46.457664489746094,43.95570373535156,2539.671142578125,-59.67927169799805,463.1770935058594,2571.37060546875,-72.36670684814453,850.8641357421875,2693.4609375,-122.36482238769533,944.9435424804688,2546.7763671875,10.553420066833496,-589.3339233398438,2637.405517578125,10.539616584777832,-589.3099975585938,2468.39013671875,21.87091827392578,-640.4733276367188,2495.220947265625,73.5382308959961,-676.3644409179688,2612.7880859375,-28.60814094543457,-618.907958984375,2491.9013671875,-92.63381958007812,-623.0655517578125,2613.864990234375
39.69551086425781,43.62168502807617,2533.473876953125,43.686729431152344,-143.9398193359375,2530.56591796875,48.176700592041016,-292.48260498046875,2550.921875,23.967330932617188,-506.64013671875,2626.309814453125,61.574405670166016,-478.461669921875,2605.12255859375,191.84506225585935,-534.2531127929688,2554.930419921875,319.0939636230469,-590.0802001953125,2299.677734375,313.580078125,-672.542236328125,2070.181640625,309.14935302734375,-650.8134765625,1971.3697509765625,341.31341552734375,-663.5768432617188,2079.612060546875,290.1952819824219,-653.203369140625,1939.1075439453125,-4.8076043128967285,-463.4515075683594,2624.5439453125,-137.79217529296875,-483.5491638183594,2656.79541015625,-81.46223449707031,-276.4674987792969,2452.753662109375,-76.552001953125,-470.450927734375,2299.910400390625,29.76305770874023,-472.7601623535156,2275.799560546875,135.24215698242188,-443.585693359375,2253.442626953125,28.68358039855957,-490.6368408203125,2323.720703125,135.40208435058594,45.74530792236328,2527.8603515625,170.6573944091797,465.2561340332031,2522.305908203125,200.85105895996097,832.4893188476562,2683.955810546875,272.832763671875,960.5811767578124,2552.697998046875,-46.6073112487793,41.70671844482422,2538.5361328125,-59.34386444091797,460.855712890625,2570.686279296875,-71.6442642211914,848.5344848632812,2692.672607421875,-121.97722625732422,946.6143188476562,2548.77734375,10.365089416503906,-590.0819091796875,2641.56689453125,21.202495574951172,-598.8348388671875,2473.14794921875,26.2633113861084,-649.3019409179688,2503.023681640625,66.92948913574219,-683.2615356445312,2625.36865234375,-21.80965805053711,-623.7626342773438,2495.26513671875,-93.64159393310548,-616.1680297851562,2612.60791015625
37.32854843139648,47.01365280151367,2530.303955078125,31.785465240478516,-136.04998779296875,2515.908447265625,29.14118766784668,-282.5799560546875,2525.52734375,26.349454879760746,-492.8639526367187,2601.377685546875,60.28856658935547,-461.9176330566406,2580.449951171875,191.9790954589844,-482.4303588867187,2517.951904296875,324.21270751953125,-472.0711059570313,2266.19287109375,300.7147216796875,-628.0393676757812,2086.84912109375,286.7953186035156,-718.1687622070312,2047.925048828125,317.2726135253906,-612.7296752929688,2066.2119140625,223.1657257080078,-723.5479736328125,2020.6339111328125,-5.922031879425049,-453.6382141113281,2599.15478515625,-119.86905670166016,-524.3363037109375,2618.050537109375,-122.29654693603516,-378.9532165527344,2367.19921875,14.41671657562256,-578.456787109375,2365.31494140625,94.50003051757812,-591.9827270507812,2434.6142578125,181.4948272705078,-578.3733520507812,2499.486328125,112.06951141357422,-588.7559204101562,2433.03125,130.86106872558594,44.80516815185547,2522.37353515625,169.71121215820312,455.2136535644531,2522.330322265625,196.6263885498047,818.7920532226562,2671.6767578125,272.18560791015625,959.6767578125,2563.708251953125,-47.01383972167969,49.0051383972168,2537.455322265625,-58.59039688110352,458.8201599121094,2576.13916015625,-71.22938537597656,844.5133056640625,2674.026611328125,-121.43498992919922,954.6261596679688,2544.193359375,21.24822998046875,-575.3406982421875,2617.10009765625,-8.427379608154297,-585.6570434570312,2454.641357421875,2.950087070465088,-634.8436279296875,2482.448974609375,70.2164306640625,-667.4376220703125,2589.4736328125,-44.301612854003906,-609.3040161132812,2486.14111328125,-84.6789321899414,-599.8350830078125,2614.527099609375
37.27457809448242,43.36261367797851,2529.220703125,32.15033721923828,-139.60623168945312,2515.106689453125,29.766555786132812,-286.04150390625,2524.66796875,26.212316513061523,-497.3672180175781,2597.051513671875,60.41217803955078,-466.0236206054687,2577.25537109375,194.3131103515625,-484.5974731445313,2519.25146484375,335.6994934082031,-469.0645446777344,2273.017333984375,294.0918273925781,-646.598388671875,2119.0263671875,247.94190979003903,-730.1668090820312,2145.576416015625,309.4685363769531,-653.4053344726562,2093.754638671875,202.54261779785156,-736.3568725585938,2158.303466796875,-6.105425834655762,-458.22369384765625,2594.865478515625,-115.16218566894533,-535.2304077148438,2617.0048828125,-137.4717559814453,-382.5744323730469,2371.7509765625,7.566437244415283,-574.8989868164062,2352.024658203125,89.26146697998047,-601.1918334960938,2415.406982421875,150.5027618408203,-657.6073608398438,2486.20068359375,117.0043487548828,-598.7498168945312,2400.533447265625,130.76483154296875,41.338111877441406,2521.52294921875,169.4304656982422,451.4696044921875,2519.54296875,191.2120056152344,816.7033081054688,2664.90771484375,269.5101623535156,959.4445190429688,2561.673828125,-47.02969741821289,45.188194274902344,2536.161865234375,-59.255332946777344,454.6838684082031,2574.96337890625,-72.42386627197266,839.5230712890625,2674.986572265625,-120.59488677978516,951.2671508789062,2545.94775390625,21.07073402404785,-580.03955078125,2611.354736328125,-39.916038513183594,-583.6034545898438,2457.70068359375,-23.441164016723633,-633.8265991210938,2480.5830078125,63.3858757019043,-670.527587890625,2570.7587890625,-68.94786834716797,-608.7601928710938,2494.561279296875,-83.2905502319336,-605.0009765625,2628.5673828125
34.96060562133789,41.99212646484375,2529.400146484375,29.28434944152832,-140.81967163085938,2515.583740234375,26.46989631652832,-287.11126708984375,2525.227783203125,19.844736099243164,-498.7747802734375,2595.7734375,54.52774429321289,-467.72119140625,2576.48095703125,188.978515625,-487.4319763183594,2520.490234375,333.5481872558594,-476.6453552246094,2276.149658203125,270.1170959472656,-668.8922119140625,2150.136962890625,226.0469665527344,-733.2410888671875,2211.11279296875,286.83441162109375,-686.0081176757812,2131.016845703125,193.2568359375,-737.3765258789062,2234.08056640625,-11.94705581665039,-459.2547302246094,2593.698974609375,-122.06463623046876,-533.6343994140625,2618.65576171875,-150.7840118408203,-376.7417297363281,2377.073486328125,-10.61403751373291,-571.60986328125,2350.82373046875,79.8420181274414,-608.5071411132812,2393.47119140625,127.23550415039062,-697.662109375,2435.052734375,110.31834411621094,-601.0447998046875,2359.08984375,128.35252380371094,39.68150329589844,2521.6044921875,167.48976135253906,449.3668518066406,2515.953369140625,191.46678161621097,814.5527954101562,2660.14208984375,268.9637451171875,959.9635620117188,2560.408447265625,-49.254981994628906,44.075721740722656,2536.4296875,-61.089481353759766,453.1528015136719,2575.890380859375,-73.57905578613281,837.1658325195312,2677.755126953125,-121.17916870117188,950.4841918945312,2550.101318359375,13.599597930908203,-581.41845703125,2609.34619140625,-46.65358352661133,-574.86474609375,2455.6591796875,-28.887393951416016,-626.1783447265625,2474.7060546875,58.52149200439453,-667.2543334960938,2562.226318359375,-75.08284759521484,-603.5365600585938,2490.287109375,-89.9969253540039,-610.4557495117188,2623.984130859375
35.11173629760742,34.729515075683594,2530.31884765625,28.506267547607425,-150.70237731933594,2527.1708984375,24.43095970153809,-298.9297180175781,2531.912353515625,17.347843170166016,-518.0703735351562,2586.013427734375,52.68730163574219,-485.0731506347656,2569.834228515625,178.2232666015625,-526.6229248046875,2501.823974609375,338.0481262207031,-424.3845520019531,2285.883544921875,259.5139465332031,-650.4199829101562,2255.12548828125,256.0609436035156,-703.8655395507812,2339.767578125,240.4744110107422,-691.5008544921875,2229.145263671875,200.36668395996097,-687.8638305664062,2379.392578125,-14.988595008850098,-478.17041015625,2586.34228515625,-123.12471771240234,-557.7830810546875,2612.44970703125,-170.7085418701172,-378.9220581054687,2385.453125,-20.46981430053711,-552.2860717773438,2301.418212890625,72.08624267578125,-594.444580078125,2337.29541015625,108.89269256591795,-693.6446533203125,2369.07958984375,96.7895965576172,-612.24951171875,2313.2333984375,128.6288604736328,31.661800384521484,2514.793701171875,167.81927490234375,446.1829528808594,2507.984619140625,191.15646362304688,812.4610595703125,2661.86474609375,272.3910217285156,960.5138549804688,2564.62744140625,-49.216766357421875,37.49580764770508,2544.318359375,-61.57135772705078,452.5615539550781,2568.910888671875,-72.85614776611328,838.9481811523438,2679.866455078125,-120.9628448486328,952.4478149414062,2549.681396484375,11.19785213470459,-602.5321044921875,2592.964599609375,-68.31156921386719,-577.4512329101562,2448.09423828125,-52.459434509277344,-632.0684814453125,2460.56201171875,42.729713439941406,-687.795166015625,2532.828857421875,-94.71217346191406,-607.3322143554688,2484.238037109375,-92.97013092041016,-625.407958984375,2619.309814453125
29.687105178833008,41.35786819458008,2529.89892578125,20.18855857849121,-141.5883331298828,2524.841064453125,16.569971084594727,-287.0232238769531,2542.17919921875,19.471105575561523,-507.1097717285156,2578.087890625,52.23282241821289,-472.18798828125,2562.525390625,173.688232421875,-501.2794799804687,2485.289306640625,355.19378662109375,-441.51470947265625,2275.37646484375,245.1428680419922,-649.4464111328125,2313.01318359375,271.4617919921875,-665.7833862304688,2406.95166015625,170.26219177246094,-691.240234375,2369.126953125,176.3629913330078,-665.9893798828125,2445.8564453125,-13.471388816833496,-468.966552734375,2583.770263671875,-119.39183807373048,-551.955078125,2595.738037109375,-177.42178344726562,-377.5553894042969,2372.411865234375,-31.689897537231445,-560.1974487304688,2312.298583984375,72.74138641357422,-571.3463745117188,2329.98193359375,81.86275482177734,-679.8477783203125,2323.096435546875,97.51651763916016,-603.3302001953125,2300.6982421875,121.70549774169922,37.04866027832031,2512.957275390625,166.7657470703125,445.8058776855469,2512.790771484375,195.65945434570312,809.8881225585938,2657.938232421875,269.9984130859375,959.1246948242188,2561.83935546875,-53.289920806884766,45.24366760253906,2545.17578125,-63.66249084472656,454.9573059082031,2573.036376953125,-71.42879486083984,840.2364501953125,2669.08349609375,-122.17040252685548,955.7335205078124,2544.850830078125,16.26725959777832,-590.958251953125,2578.50390625,-46.27228546142578,-566.3333129882812,2427.74462890625,-32.68538284301758,-620.3560180664062,2441.982421875,52.502559661865234,-675.9517822265625,2523.285400390625,-76.35638427734375,-595.271484375,2460.638671875,-89.0577621459961,-612.1553344726562,2593.557861328125
28.58641815185547,37.122257232666016,2535.6630859375,22.183544158935547,-147.8555145263672,2528.473388671875,20.30866050720215,-295.1642761230469,2543.458740234375,21.50768280029297,-518.2693481445312,2575.572021484375,55.25067901611328,-482.7558288574219,2561.790771484375,184.1203765869141,-516.8814697265625,2496.550537109375,360.8161315917969,-453.5392456054687,2279.562744140625,235.4152679443359,-650.982421875,2336.8193359375,216.46902465820312,-669.1016845703125,2433.296142578125,160.68753051757812,-684.4555053710938,2337.17919921875,166.4393310546875,-666.3468627929688,2467.230224609375,-11.921655654907228,-479.7570190429687,2580.783447265625,-118.81573486328124,-564.0120849609375,2591.63623046875,-183.75784301757812,-378.8551940917969,2374.931640625,-33.59909439086914,-555.8561401367188,2300.178955078125,73.5613021850586,-559.8720092773438,2309.56298828125,88.17611694335938,-666.7056274414062,2286.47900390625,96.68528747558594,-597.6055908203125,2278.753662109375,122.09131622314452,34.45142364501953,2521.10693359375,166.01763916015625,447.6078796386719,2509.59619140625,188.9140625,813.1323852539062,2663.406005859375,272.6394348144531,956.7193603515624,2562.38916015625,-55.73106384277344,39.53066635131836,2548.7890625,-64.08141326904297,454.1783142089844,2568.44091796875,-80.05400848388672,840.7372436523438,2675.41845703125,-120.19249725341795,955.4214477539062,2544.038818359375,18.12217712402344,-603.0021362304688,2574.246337890625,-56.49363327026367,-554.6505737304688,2433.0791015625,-43.427547454833984,-611.0463256835938,2438.165771484375,47.21995162963867,-680.4796752929688,2503.631591796875,-85.02086639404297,-587.8494262695312,2464.215087890625,-87.37579345703125,-624.2521362304688,2595.263916015625
29.13089370727539,36.58063507080078,2533.65234375,25.39934730529785,-148.8080291748047,2531.982421875,25.51317024230957,-296.086669921875,2548.8837890625,29.55946159362793,-521.2889404296875,2562.6318359375,62.86415481567383,-484.304443359375,2551.75,193.9457092285156,-518.2655029296875,2490.582763671875,370.16851806640625,-475.3424377441406,2267.86474609375,231.99749755859375,-651.1602783203125,2357.93798828125,228.08433532714844,-672.9229736328125,2455.55126953125,189.43959045410156,-665.614013671875,2350.3515625,185.92088317871097,-673.8524780273438,2496.755859375,-4.370734214782715,-483.7137145996094,2571.03173828125,-112.23629760742188,-567.524658203125,2566.0107421875,-185.31268310546875,-377.1306762695313,2356.10302734375,-37.01530456542969,-556.2754516601562,2281.859619140625,69.8601303100586,-545.7343139648438,2290.79248046875,106.79344940185548,-647.3433227539062,2268.467041015625,97.3794403076172,-586.5816040039062,2258.353515625,122.5657958984375,34.84209442138672,2517.873291015625,165.53968811035156,448.5482482910156,2505.851318359375,190.93247985839844,812.0973510742188,2664.998046875,270.5557861328125,957.99755859375,2563.564208984375,-55.123477935791016,38.14834976196289,2547.881103515625,-62.866851806640625,453.3927917480469,2564.72216796875,-74.02945709228516,839.09375,2676.950439453125,-118.46251678466795,954.8955078125,2547.6796875,27.220102310180664,-605.7581787109375,2554.366943359375,-60.98017501831055,-552.1829223632812,2423.04345703125,-55.52457427978515,-609.7274780273438,2429.634033203125,33.4260368347168,-689.5693359375,2485.089599609375,-88.77466583251953,-579.4443359375,2460.13916015625,-75.73193359375,-609.908935546875,2592.22802734375
28.784027099609375,39.3287239074707,2535.76708984375,26.89891815185547,-144.9702606201172,2529.057373046875,27.681352615356445,-292.20733642578125,2536.81494140625,33.54874038696289,-514.3282470703125,2568.436767578125,66.14912414550781,-478.3843078613281,2553.851806640625,188.6333770751953,-519.5651245117188,2482.153076171875,377.4425354003906,-485.7637634277344,2270.448974609375,228.282958984375,-648.5107421875,2364.0126953125,239.3642120361328,-668.4049072265625,2460.91796875,200.6432647705078,-658.1497192382812,2356.643310546875,193.10617065429688,-659.886962890625,2508.71826171875,-0.2336436808109283,-476.5626220703125,2574.5859375,-103.97362518310548,-564.424072265625,2575.70751953125,-194.0153045654297,-383.9091491699219,2365.864501953125,-53.9365119934082,-564.1107788085938,2283.04345703125,52.0537109375,-548.7705078125,2287.370849609375,104.59388732910156,-644.6005249023438,2276.8095703125,80.94318389892578,-581.3919067382812,2249.15185546875,121.64218139648438,38.96868515014648,2519.56787109375,167.8522186279297,449.7766418457031,2500.141357421875,192.7792205810547,808.9108276367188,2663.956787109375,270.47332763671875,957.6433715820312,2567.26806640625,-54.950252532958984,39.65338516235352,2550.37451171875,-63.46759033203125,452.8923645019531,2558.649169921875,-74.8963623046875,834.7425537109375,2676.133056640625,-119.02806091308594,953.4013671875,2550.74755859375,31.58688163757324,-598.7403564453125,2567.09228515625,-51.75872802734375,-567.8843383789062,2426.750244140625,-51.40509414672851,-622.5384521484375,2445.746337890625,29.954072952270508,-695.3868408203125,2518.194580078125,-81.50321960449219,-583.7136840820312,2468.287109375,-70.56488037109375,-585.4973754882812,2603.278564453125
36.957637786865234,40.93755340576172,2534.151123046875,39.15290451049805,-143.0193328857422,2526.21337890625,42.821266174316406,-290.055419921875,2532.399658203125,43.14260482788086,-510.9288635253906,2570.199462890625,76.65706634521484,-476.239990234375,2554.93896484375,199.1378173828125,-521.965087890625,2486.542236328125,395.3589782714844,-486.259521484375,2282.63916015625,231.77828979492188,-648.0591430664062,2348.75439453125,249.2649078369141,-658.6109619140625,2446.021728515625,201.0055694580078,-645.0436401367188,2346.39501953125,190.63458251953125,-625.2015380859375,2492.71826171875,10.2677640914917,-472.2824096679687,2574.9765625,-99.23709869384766,-552.24951171875,2568.743896484375,-206.86456298828125,-386.4635620117187,2355.688232421875,-71.80462646484375,-564.719970703125,2262.13330078125,34.97237777709961,-570.9822998046875,2265.5087890625,140.60470581054688,-598.7645874023438,2274.86572265625,52.72792434692383,-568.431884765625,2241.091552734375,129.97662353515625,42.66056823730469,2519.9453125,164.70236206054688,454.20989990234375,2507.30224609375,192.6061553955078,812.2300415039062,2671.5771484375,266.96728515625,960.0796508789062,2571.578857421875,-46.921669006347656,39.38383483886719,2546.961181640625,-61.65359115600586,451.314453125,2568.5791015625,-75.1675796508789,834.187744140625,2680.234375,-117.9856185913086,953.1450805664062,2555.07373046875,39.19379806518555,-595.1435546875,2571.19140625,-84.28702545166016,-566.0180053710938,2464.364013671875,-65.21983337402344,-620.4038696289062,2468.38623046875,48.160430908203125,-676.97021484375,2501.0390625,-96.54984283447266,-597.3796997070312,2505.809326171875,-48.8874397277832,-620.3262939453125,2630.26708984375
41.706783294677734,39.71276092529297,2530.26708984375,39.47853469848633,-137.47598266601562,2522.506103515625,40.29560852050781,-278.8712463378906,2533.191162109375,49.99443817138672,-490.6838989257813,2573.585693359375,80.29573059082031,-456.4851379394531,2556.644775390625,199.20486450195312,-497.8131408691406,2490.6748046875,398.1973571777344,-503.4913330078125,2301.32568359375,233.82130432128903,-651.681884765625,2366.08251953125,224.5128173828125,-664.5416259765625,2460.492431640625,176.44174194335938,-647.7969970703125,2365.8896484375,152.69549560546875,-612.5673828125,2482.376708984375,17.289356231689453,-454.4894104003906,2579.066650390625,-98.32103729248048,-515.1004028320312,2571.594482421875,-241.8967742919922,-396.2096862792969,2362.746826171875,-79.46701049804688,-546.2610473632812,2287.718505859375,12.530155181884766,-574.0755615234375,2324.979736328125,93.50870513916016,-622.9172973632812,2371.9619140625,16.563791275024414,-577.2823486328125,2338.415771484375,131.3062286376953,39.189422607421875,2516.490478515625,182.77215576171875,433.6855163574219,2504.59423828125,260.21807861328125,748.8286743164062,2703.0302734375,306.29510498046875,901.352783203125,2606.5732421875,-39.08897399902344,40.18467330932617,2542.68994140625,-57.23641204833984,436.0887145996094,2574.428466796875,-71.27854919433594,808.361083984375,2669.119140625,-112.68473815917967,941.7796020507812,2569.86962890625,49.13585662841797,-571.8486938476562,2576.2763671875,-39.51507186889648,-520.1268310546875,2453.84814453125,-13.398187637329102,-568.8482666015625,2447.4580078125,90.98278045654295,-621.350830078125,2494.71923828125,-56.04587936401367,-563.1796264648438,2476.630615234375,-42.0202751159668,-621.4368896484375,2592.292236328125
58.6073112487793,42.13763046264648,2525.562744140625,51.07497024536133,-136.77684020996094,2515.086181640625,47.29383087158203,-280.0786437988281,2518.99267578125,20.77878189086914,-490.500244140625,2570.666259765625,57.58872604370117,-462.0071716308594,2554.482177734375,183.2653656005859,-494.9435119628906,2493.00390625,399.4343872070313,-513.2706909179688,2319.4072265625,234.6429443359375,-653.7759399414062,2405.924560546875,225.40953063964844,-644.5722045898438,2501.861083984375,200.7231903076172,-718.19970703125,2425.88037109375,159.6373291015625,-597.8314208984375,2507.693115234375,-6.549615383148193,-449.0686340332031,2571.723388671875,-135.2114715576172,-464.41650390625,2598.0830078125,-250.50279235839844,-379.948486328125,2353.701171875,-116.89456176757812,-550.7584228515625,2260.204833984375,-18.360801696777344,-582.3159790039062,2272.95263671875,-4.036257743835449,-673.513916015625,2326.634765625,-4.700273513793945,-582.4634399414062,2261.833740234375,148.7443389892578,39.30933380126953,2509.057373046875,178.2709197998047,440.74212646484375,2510.391357421875,208.40597534179688,791.5977172851562,2665.227783203125,269.3368835449219,953.7228393554688,2591.181396484375,-22.673219680786133,44.68803024291992,2540.446533203125,-53.837162017822266,445.0283508300781,2561.17724609375,-75.72579193115234,815.7921142578125,2675.9248046875,-110.58438110351562,944.9177856445312,2565.719970703125,7.016138076782227,-571.20654296875,2577.212646484375,9.176660537719728,-590.0643920898438,2416.765625,13.194974899291992,-636.6209716796875,2448.12646484375,56.17668533325195,-663.5947875976562,2565.0537109375,-31.91307258605957,-610.5162353515625,2441.248779296875,-94.6733169555664,-592.9757690429688,2555.738525390625
50.7278938293457,41.40048599243164,2528.615966796875,40.96697616577149,-141.10079956054688,2518.926513671875,37.19586563110352,-286.9076843261719,2530.5068359375,32.973148345947266,-500.3465270996094,2593.9873046875,68.07662963867188,-466.982421875,2580.46337890625,208.48605346679688,-480.4786987304687,2540.35205078125,398.4751281738281,-444.7867126464844,2332.99853515625,206.09353637695312,-582.1400146484375,2305.87158203125,202.79383850097656,-622.71923828125,2395.8740234375,190.416259765625,-727.6138305664062,2429.508544921875,167.55783081054688,-602.5565795898438,2434.834228515625,-0.3412619829177856,-462.5796203613281,2588.5673828125,-135.02940368652344,-463.2439270019531,2580.844970703125,-314.2481994628906,-374.8328552246094,2372.280517578125,-155.98370361328125,-514.5906372070312,2256.198974609375,-59.15750503540039,-555.1073608398438,2273.39892578125,-16.043703079223633,-645.6264038085938,2316.048828125,-43.66694259643555,-576.7285766601562,2256.212158203125,142.22064208984375,37.519554138183594,2509.5458984375,176.51170349121094,446.76995849609375,2510.87646484375,201.6886749267578,808.2289428710938,2661.74609375,267.43634033203125,965.3673095703124,2572.756103515625,-31.775142669677734,44.900089263916016,2545.812255859375,-52.63653564453125,454.279296875,2562.369384765625,-75.27589416503906,829.2810668945312,2689.52001953125,-111.9329605102539,945.402587890625,2561.31396484375,29.6086368560791,-583.419677734375,2604.466796875,20.560625076293945,-581.6385498046875,2439.881103515625,19.94210624694824,-632.9838256835938,2465.576904296875,65.9541015625,-680.8911743164062,2577.3837890625,-22.402156829833984,-600.0684204101562,2465.011474609375,-77.19642639160156,-589.3466186523438,2587.27490234375
37.665496826171875,48.23810577392578,2533.06982421875,26.66980743408203,-129.28677368164062,2527.889892578125,20.854503631591797,-271.17034912109375,2536.354736328125,-6.243715286254883,-485.5855712890625,2549.80859375,25.67803192138672,-455.10601806640625,2528.785888671875,79.18463134765625,-458.978271484375,2396.68359375,-163.84375,-364.90960693359375,2306.9306640625,-162.4073944091797,-587.4972534179688,2369.915283203125,-101.54769897460938,-631.534423828125,2310.074951171875,-29.755033493041992,-671.9331665039062,2240.586181640625,-91.62741088867188,-624.4609985351562,2274.288818359375,-27.8917179107666,-445.273193359375,2568.013916015625,-157.5272979736328,-428.5294799804687,2578.931396484375,-294.6134948730469,-289.7061767578125,2376.93017578125,-207.9024658203125,-485.1683044433594,2281.255859375,-116.34290313720705,-533.2205810546875,2282.479248046875,-43.66057205200195,-605.0989379882812,2310.27587890625,-106.43267822265624,-539.6165771484375,2253.941162109375,126.05435943603516,43.37165451049805,2512.2236328125,172.26724243164062,439.9129333496094,2519.49267578125,200.5227203369141,792.725341796875,2662.121337890625,239.9024353027344,963.6541748046876,2597.7333984375,-42.038631439208984,52.62639999389648,2551.86767578125,-54.070613861083984,451.3063354492187,2551.709716796875,-76.20272064208984,816.059814453125,2674.846923828125,-104.81951904296876,950.59814453125,2571.7236328125,-24.162445068359375,-564.8511352539062,2543.9873046875,7.777236461639404,-609.0888671875,2393.291015625,17.58625030517578,-646.6064453125,2433.4501953125,46.24793243408203,-641.0696411132812,2556.4755859375,-30.344697952270508,-634.971435546875,2416.52099609375,-112.28482055664062,-615.5656127929688,2516.452880859375
53.52355194091797,50.25379180908203,2535.843994140625,46.74553680419922,-132.10552978515625,2527.6923828125,42.7107048034668,-278.00482177734375,2532.47900390625,13.390689849853516,-496.59368896484375,2560.275146484375,52.29713821411133,-465.6423950195313,2553.426025390625,192.91912841796875,-465.7238159179687,2512.821044921875,419.8738403320313,-521.0853881835938,2353.18505859375,237.22035217285156,-649.7728271484375,2433.63671875,242.0172576904297,-641.3862915039062,2531.755126953125,155.99253845214844,-669.0829467773438,2467.936279296875,139.90126037597656,-558.2783813476562,2490.900634765625,-15.470948219299316,-455.088623046875,2560.05029296875,-142.52194213867188,-410.4909973144531,2560.517822265625,-332.6991882324219,-291.36151123046875,2379.532958984375,-195.4460906982422,-460.914794921875,2278.31396484375,-103.61827850341795,-513.7289428710938,2285.217529296875,-44.58570861816406,-601.5638427734375,2310.240478515625,-97.3297348022461,-551.1286010742188,2256.316162109375,146.14230346679688,47.3194580078125,2524.47607421875,176.34622192382812,456.0697021484375,2529.68798828125,178.9453887939453,829.0665283203125,2649.368896484375,161.1110382080078,967.4210205078124,2517.715576171875,-29.994848251342773,52.89981460571289,2546.09521484375,-51.71785354614258,461.766845703125,2549.35791015625,-68.34039306640625,831.7916259765625,2689.028564453125,-113.10317993164062,945.68603515625,2561.87060546875,0.9479187726974488,-579.2376708984375,2557.0361328125,8.410109519958496,-605.2573852539062,2394.75048828125,13.70526123046875,-651.0343627929688,2428.82080078125,55.3934211730957,-671.4202270507812,2550.042236328125,-33.14177703857422,-626.8606567382812,2419.5078125,-100.9066390991211,-606.9397583007812,2533.55810546875
50.93029022216797,51.65031051635742,2545.7666015625,47.807647705078125,-129.44859313964844,2533.27392578125,46.156829833984375,-274.58453369140625,2533.236083984375,18.21662139892578,-491.5351867675781,2564.31396484375,56.83213806152344,-460.3212585449219,2559.560546875,201.73483276367188,-456.23822021484375,2547.311279296875,419.0113525390625,-377.9360656738281,2386.856689453125,239.31448364257812,-514.2041625976562,2317.20556640625,234.2582550048828,-573.6262817382812,2394.962646484375,176.86367797851562,-647.8451538085938,2452.31396484375,167.59376525878906,-542.0599975585938,2445.610595703125,-10.971196174621582,-450.77734375,2560.909423828125,-136.6826934814453,-405.03131103515625,2564.8017578125,-329.2347717285156,-252.8346710205078,2416.92822265625,-222.88162231445312,-395.1034851074219,2256.993408203125,-135.58592224121094,-454.3451232910156,2258.591796875,-85.46585845947266,-539.364013671875,2302.66357421875,-143.81053161621094,-506.7522583007813,2253.539794921875,143.37994384765625,50.60083770751953,2537.871826171875,178.62847900390625,456.2862854003906,2525.4091796875,197.35829162597656,812.8515014648438,2680.6708984375,232.9528961181641,983.0031127929688,2602.390380859375,-32.43562698364258,52.5966682434082,2552.885498046875,-57.54233169555664,458.7774353027344,2550.010986328125,-68.59842681884766,830.6690673828125,2677.9814453125,-112.7980499267578,952.4151000976562,2559.6962890625,7.315481185913086,-573.9231567382812,2562.341796875,37.97414016723633,-568.4932250976562,2401.806640625,18.980846405029297,-617.8517456054688,2422.9609375,24.095911026000977,-676.3400268554688,2537.837646484375,-12.464054107666016,-575.6560668945312,2415.1044921875,-89.73787689208984,-552.7352905273438,2521.31884765625
54.27017974853515,46.814842224121094,2548.762451171875,50.83053970336914,-135.3455352783203,2535.00439453125,48.7032356262207,-281.39166259765625,2533.533447265625,4.197169303894043,-498.7882690429687,2547.507568359375,45.26447296142578,-470.1827697753906,2543.630126953125,187.08920288085935,-469.4219970703125,2507.3134765625,390.56597900390625,-345.5278625488281,2354.528564453125,208.53314208984375,-457.1271057128906,2250.45068359375,200.8509826660156,-530.762939453125,2315.59716796875,186.6937561035156,-616.5455932617188,2384.058837890625,173.7993927001953,-511.5827331542969,2383.4130859375,-21.86276054382324,-455.4765625,2548.897216796875,-141.40469360351562,-394.7117004394531,2561.438232421875,-318.4010925292969,-189.9585723876953,2461.922119140625,-246.1745758056641,-316.9365234375,2270.820068359375,-158.27748107910156,-369.6647338867187,2243.095703125,-138.873046875,-464.57861328125,2292.557861328125,-184.8827667236328,-447.6209106445313,2257.946533203125,147.44142150878906,45.51960754394531,2542.6181640625,177.53109741210938,454.2527770996094,2531.23193359375,193.60150146484375,816.7700805664062,2679.064208984375,243.359375,979.3235473632812,2590.1201171875,-29.74641990661621,47.982810974121094,2554.30322265625,-61.42876052856445,456.29876708984375,2557.5439453125,-70.64556884765625,831.3727416992188,2684.087158203125,-112.0353775024414,949.9263305664062,2560.02294921875,-13.53135871887207,-580.10595703125,2539.02978515625,46.52372741699219,-567.8850708007812,2386.2998046875,20.285449981689453,-616.9135131835938,2400.217529296875,0.0033527612686157,-682.6248168945312,2510.33984375,-6.21133279800415,-571.5326538085938,2389.939697265625,-100.23957061767578,-548.2177734375,2482.78515625
60.91669464111328,31.95651626586914,2548.262939453125,57.41072845458984,-151.6540985107422,2534.012451171875,54.94648742675781,-298.8626403808594,2531.209716796875,36.49250030517578,-520.4445190429688,2559.581298828125,74.07323455810547,-487.3619079589844,2552.220703125,214.4143218994141,-492.65814208984375,2506.835693359375,411.4840087890625,-612.2619018554688,2338.725341796875,209.3787078857422,-697.5794067382812,2434.733642578125,173.4372100830078,-715.9391479492188,2525.59130859375,140.90206909179688,-750.3362426757812,2626.607421875,101.15555572509766,-711.1024169921875,2508.62451171875,5.382042407989502,-480.0612487792969,2559.69091796875,-127.91192626953124,-455.6179809570313,2568.125732421875,-349.30096435546875,-490.63665771484375,2382.99755859375,-174.84188842773438,-658.512939453125,2396.62744140625,-121.29136657714844,-724.3051147460938,2331.339599609375,-89.80902862548828,-756.7384033203125,2431.248046875,-76.0974349975586,-707.8131713867188,2372.52392578125,154.97006225585938,30.4540958404541,2544.4814453125,155.19332885742188,443.7781677246094,2546.400390625,127.7230224609375,816.1766357421875,2675.24609375,116.06779479980467,964.7180786132812,2551.914306640625,-23.89536476135254,33.31131362915039,2551.672607421875,-55.95325469970703,444.9272155761719,2547.4697265625,-70.75350952148438,818.7692260742188,2686.609375,-102.00228881835938,949.9721069335938,2570.51611328125,27.988000869750977,-604.2948608398438,2556.461669921875,37.82099533081055,-531.3975219726562,2407.75537109375,43.82105255126953,-588.85107421875,2409.37939453125,85.01111602783203,-675.5494995117188,2498.362548828125,-3.8459041118621826,-564.0879516601562,2414.7236328125,-73.81774139404297,-614.7319946289062,2518.82958984375
60.42266845703125,32.8300666809082,2548.739013671875,56.82353973388672,-150.59011840820312,2533.42724609375,54.265838623046875,-297.71746826171875,2530.762451171875,31.47936630249023,-519.1641235351562,2555.8642578125,69.68556213378906,-486.7334899902344,2549.035888671875,210.5376739501953,-496.9721984863281,2506.432861328125,391.17529296875,-643.6932373046875,2341.6455078125,186.34312438964844,-716.2896728515625,2441.9091796875,147.00790405273438,-768.2002563476562,2516.948974609375,93.44114685058594,-799.6321411132812,2609.548828125,85.09733581542969,-731.9083862304688,2518.386962890625,1.1764094829559326,-478.2120666503906,2556.52490234375,-131.50277709960938,-453.9555969238281,2571.465087890625,-346.707763671875,-520.9007568359375,2388.099853515625,-157.1439208984375,-669.90283203125,2412.64599609375,-82.45176696777344,-717.3555297851562,2352.5185546875,-58.79171371459961,-763.2469482421875,2449.19091796875,-64.24970245361328,-706.1098022460938,2359.050537109375,154.44320678710938,31.253889083862305,2545.519775390625,157.2255859375,444.3236083984375,2549.48046875,129.34300231933594,815.4100952148438,2681.313232421875,119.3681869506836,962.5767211914062,2556.36572265625,-24.35978126525879,34.251373291015625,2551.6416015625,-55.17029571533203,445.74078369140625,2548.476318359375,-67.98141479492188,816.623046875,2694.904296875,-95.1839370727539,943.6254272460938,2573.399658203125,21.357160568237305,-602.7322387695312,2551.5146484375,36.39072036743164,-530.7908935546875,2402.880615234375,42.99712371826172,-588.1226806640625,2405.172607421875,81.5173110961914,-673.6486206054688,2496.351806640625,-5.112251281738281,-563.9180908203125,2408.381103515625,-78.6371078491211,-614.6600341796875,2509.859375
,,,,,,,,,,,,,,,,,,,,,,,,,,,,,,,,,,,,,,,,,,,,,,,,,,,,,,,,,,,,,,,,,,,,,,,,,,,,,,,,,,,,,,,,,,,,,,,
76.490966796875,37.062782287597656,2613.331787109375,54.386173248291016,-148.78077697753906,2578.045166015625,40.06526184082031,-298.0217590332031,2551.51123046875,16.179819107055664,-526.857666015625,2523.61962890625,19.052734375,-484.9010620117187,2492.487548828125,-70.08531188964844,-472.30657958984375,2369.264892578125,-297.4610595703125,-603.2994384765625,2504.046875,-75.50391387939453,-662.722900390625,2411.8095703125,-68.87358856201172,-652.1270751953125,2309.778076171875,22.358945846557617,-722.7098388671875,2310.30859375,5.72070837020874,-631.9140014648438,2281.559326171875,23.4182186126709,-493.3900146484375,2563.69091796875,-29.55441093444824,-521.5238037109375,2690.62255859375,-304.2327880859375,-444.3663940429687,2596.031494140625,-280.0439758300781,-584.4183959960938,2389.4736328125,-205.97250366210935,-544.4793090820312,2317.581298828125,-117.50254821777344,-591.67919921875,2264.661376953125,-186.2272491455078,-570.7632446289062,2289.577392578125,121.49407958984376,47.96666717529297,2527.71337890625,12.29300308227539,453.3230285644531,2607.723388671875,-73.16009521484375,840.4852294921875,2705.78955078125,-133.440673828125,941.2601928710938,2543.90771484375,35.90968704223633,27.23027229309082,2690.537841796875,97.1398696899414,437.8746337890625,2591.19287109375,235.9814910888672,818.5989990234375,2669.384521484375,263.5971984863281,967.0533447265624,2564.24462890625,-6.89720344543457,-610.4329223632812,2514.300537109375,-12.85351276397705,-514.2550048828125,2372.38623046875,-34.19670486450195,-569.92724609375,2368.477294921875,-10.403417587280272,-686.7218017578125,2432.56640625,-61.80400466918945,-528.4650268554688,2393.65478515625,-111.73049926757812,-569.101806640625,2517.827392578125
56.345184326171875,40.95987319946289,2550.75341796875,49.49000549316406,-142.31976318359375,2535.5615234375,45.004451751708984,-289.35015869140625,2532.64404296875,34.866127014160156,-513.0765991210938,2532.094970703125,70.37752532958984,-477.9320983886719,2524.330078125,207.0344390869141,-492.3123168945313,2470.81689453125,296.9112854003906,-732.510986328125,2346.366943359375,89.90927124023438,-781.1251831054688,2456.049560546875,50.9701042175293,-833.9114990234375,2530.64306640625,21.37691879272461,-844.3660888671875,2637.59765625,-1.033186912536621,-794.2714233398438,2534.611572265625,3.368662595748902,-474.3228454589844,2542.105712890625,-130.52212524414062,-461.8782348632813,2560.056396484375,-340.3524475097656,-598.623046875,2412.96142578125,-106.26140594482422,-655.1798095703125,2439.506591796875,-72.43226623535156,-614.440185546875,2346.583251953125,6.269618988037109,-640.7736206054688,2275.05419921875,-70.72943115234375,-636.2456665039062,2311.919677734375,149.8100128173828,38.311309814453125,2540.531494140625,162.59022521972656,451.0823364257813,2540.9267578125,189.67544555664065,825.903564453125,2661.51123046875,182.08045959472656,994.4114990234376,2567.2060546875,-27.93616485595703,43.34819793701172,2559.97119140625,29.10606575012207,451.3910217285156,2580.55712890625,181.48110961914065,801.8920288085938,2694.532470703125,243.04052734375,947.3114624023438,2612.81982421875,27.56709098815918,-595.9199829101562,2518.5205078125,0.7393993139266968,-490.9065856933594,2393.105712890625,12.656804084777832,-545.725341796875,2379.444580078125,78.90233612060547,-643.2604370117188,2436.012451171875,-35.23372268676758,-529.9485473632812,2398.587158203125,-77.97892761230469,-612.1770629882812,2496.966064453125
60.1048583984375,44.00875473022461,2546.505126953125,55.332462310791016,-132.27615356445312,2531.522705078125,51.63300323486328,-273.29901123046875,2520.63720703125,39.8424072265625,-487.001708984375,2544.69970703125,74.54443359375,-454.4937744140625,2534.53369140625,189.6127166748047,-515.0967407226562,2477.985107421875,247.60031127929688,-742.2548828125,2335.89306640625,67.9859390258789,-796.8823852539062,2468.91796875,21.659683227539062,-872.8257446289062,2503.727294921875,-9.404692649841309,-892.4589233398438,2604.425048828125,-29.899015426635746,-846.0034790039062,2511.43896484375,9.608476638793944,-448.695556640625,2548.91015625,-118.30584716796876,-471.6575317382813,2560.367919921875,-298.8092956542969,-643.1177368164062,2433.703125,-68.72977447509766,-612.7413940429688,2412.95263671875,-66.97689056396484,-595.6229248046875,2311.547607421875,23.56258773803711,-640.674560546875,2281.97412109375,-74.23749542236328,-623.006103515625,2286.52734375,150.02761840820312,42.396270751953125,2536.83447265625,144.96771240234375,439.4185485839844,2545.386962890625,163.6746063232422,786.8884887695312,2696.954345703125,131.6942901611328,938.9835205078124,2595.0546875,-20.98245620727539,45.46280288696289,2555.225830078125,0.4960484802722931,441.31683349609375,2570.20556640625,51.248138427734375,790.4087524414062,2720.75048828125,76.13981628417969,926.6648559570312,2620.4912109375,32.495201110839844,-567.6065673828125,2540.728759765625,1.7135478258132937,-493.5227661132813,2402.9775390625,17.510417938232422,-546.6796875,2400.152587890625,87.02481079101562,-623.1454467773438,2471.82470703125,-29.98651123046875,-532.056884765625,2414.999755859375,-66.99759674072266,-594.95166015625,2522.55712890625
66.54469299316406,42.869232177734375,2549.961181640625,60.08617401123047,-134.22268676757812,2536.036865234375,54.397212982177734,-275.2819519042969,2519.778076171875,39.50236892700195,-489.3586120605469,2547.003662109375,74.8144760131836,-457.3585205078125,2536.324951171875,188.33587646484375,-521.2112426757812,2478.683837890625,229.11227416992188,-752.3699951171875,2334.764892578125,28.073192596435547,-823.4805908203125,2423.815185546875,-7.720798492431641,-879.0135498046875,2493.383544921875,-47.15986251831055,-927.933349609375,2580.8037109375,-47.09572982788086,-873.6542358398438,2508.18359375,9.69003677368164,-450.39984130859375,2550.6875,-117.88473510742188,-476.9131774902344,2564.50634765625,-288.0521545410156,-657.6532592773438,2433.810546875,-57.11389923095703,-632.8834838867188,2405.210693359375,-59.78385925292969,-599.842529296875,2307.370849609375,28.801382064819336,-655.5440063476562,2291.604248046875,-65.19837951660156,-630.0863037109375,2274.701171875,156.8587646484375,40.32373809814453,2540.444580078125,176.78753662109375,437.5374145507813,2510.000732421875,185.52284240722656,779.6862182617188,2677.85107421875,246.54193115234375,939.4100952148438,2602.979736328125,-14.89548397064209,45.16461563110352,2558.54248046875,-33.98086166381836,442.9125061035156,2544.65673828125,-23.02452850341797,801.1119384765625,2685.94482421875,-90.0171127319336,926.9292602539062,2590.1611328125,30.967687606811523,-570.2496948242188,2544.171142578125,2.4992990493774414,-493.46142578125,2406.598388671875,18.35371971130371,-546.8156127929688,2403.12451171875,86.84877014160156,-624.9215698242188,2474.972412109375,-29.58203125,-532.3193969726562,2417.4677734375,-68.6617660522461,-597.263427734375,2523.75390625
65.08724975585938,42.24662780761719,2547.42041015625,59.87606430053711,-134.99465942382812,2535.01416015625,55.1616325378418,-276.3214111328125,2520.945068359375,34.942928314208984,-489.3140869140625,2552.80224609375,70.66011810302734,-458.6541137695313,2539.7978515625,179.6282196044922,-525.741455078125,2477.259765625,210.5892791748047,-760.748046875,2337.191162109375,2.4690628051757812,-831.0336303710938,2408.9306640625,-43.94373321533203,-897.211669921875,2460.610107421875,-86.2354965209961,-951.3382568359376,2543.507568359375,-79.84239196777344,-880.1134033203125,2490.252197265625,6.591075897216797,-449.358642578125,2557.24560546875,-119.66251373291016,-476.7063293457031,2579.166015625,-263.8648986816406,-665.7365112304688,2430.25439453125,-30.913219451904297,-687.0367431640625,2436.6591796875,-11.045520782470703,-642.124755859375,2345.779296875,65.93228149414062,-663.9478759765625,2276.52490234375,-50.61363983154297,-659.77294921875,2316.28466796875,155.11354064941406,40.443389892578125,2535.367431640625,151.99156188964844,439.29193115234375,2537.5537109375,177.6589813232422,782.3426513671875,2701.766845703125,139.60557556152344,932.5413818359376,2597.693115234375,-16.09341812133789,43.87268829345703,2558.289306640625,-30.557878494262695,441.9808654785156,2551.002685546875,-24.37515640258789,800.4258422851562,2691.9306640625,-85.90300750732422,927.4158325195312,2594.05908203125,23.742984771728516,-569.921875,2551.8828125,2.337310552597046,-493.8846130371094,2412.627197265625,19.329925537109375,-546.947265625,2410.27001953125,84.70974731445312,-623.6828002929688,2486.36572265625,-29.642454147338867,-533.298583984375,2421.62744140625,-73.9527359008789,-598.7670288085938,2525.508544921875
67.65038299560547,39.70771789550781,2544.474365234375,63.947364807128906,-136.2664031982422,2532.933837890625,60.390716552734375,-276.55023193359375,2519.02978515625,37.84043502807617,-487.96636962890625,2548.5400390625,73.5225830078125,-457.8825378417969,2535.49169921875,179.40350341796875,-526.4031982421875,2471.6904296875,207.39328002929688,-764.2431640625,2340.16552734375,-8.194491386413574,-823.7697143554688,2390.811279296875,-58.1016845703125,-887.9620971679688,2440.3359375,-97.15230560302734,-933.3383178710938,2528.821044921875,-97.33985900878906,-869.4534301757812,2460.461669921875,10.318422317504885,-447.989013671875,2553.780517578125,-113.3936996459961,-475.8483276367187,2582.516845703125,-244.51405334472656,-670.3060913085938,2432.533447265625,-28.80345344543457,-730.7880859375,2371.401611328125,-16.23725128173828,-675.9054565429688,2285.73828125,73.30929565429688,-671.245361328125,2231.084716796875,-32.475242614746094,-678.7908935546875,2267.552734375,157.05999755859375,38.579925537109375,2532.982421875,154.72293090820312,434.21441650390625,2544.6796875,165.8102569580078,776.8294067382812,2704.6328125,129.39700317382812,929.0447387695312,2605.575439453125,-12.974203109741213,40.72469329833984,2554.837158203125,-31.38056755065918,435.5801086425781,2545.766357421875,-25.836687088012695,793.8729248046875,2678.86328125,-85.22212982177734,926.4968872070312,2589.83740234375,25.610971450805664,-567.7823486328125,2546.8818359375,1.5765689611434937,-494.1838073730469,2408.1494140625,18.27462387084961,-546.9077758789062,2406.177490234375,84.59444427490234,-622.1656494140625,2481.33154296875,-30.04222297668457,-533.093505859375,2418.295654296875,-71.93464660644531,-596.53173828125,2523.18408203125
70.42669677734375,40.81645202636719,2544.496826171875,67.39351654052734,-134.78128051757812,2534.21240234375,64.3855209350586,-274.8111572265625,2521.439697265625,37.642547607421875,-485.5087890625,2548.351318359375,73.71202087402344,-456.1135864257813,2535.2734375,177.3598175048828,-528.3156127929688,2472.703369140625,201.9197540283203,-762.6475830078125,2335.804443359375,-16.466171264648438,-821.4181518554688,2369.8994140625,-74.12100219726562,-886.0860595703125,2408.760986328125,-107.0566177368164,-932.9695434570312,2498.5966796875,-112.3403549194336,-868.7286987304688,2425.51025390625,11.145757675170898,-445.1226501464844,2554.468017578125,-111.17530822753906,-474.3952331542969,2586.059326171875,-251.9961853027344,-662.6815795898438,2438.37744140625,-37.35721206665039,-733.8991088867188,2488.375,9.223088264465332,-710.0965576171875,2400.531494140625,57.57030487060547,-679.597412109375,2312.773681640625,-27.406898498535156,-727.7053833007812,2365.9599609375,159.5987548828125,39.949317932128906,2533.0029296875,150.71502685546875,434.5552062988281,2540.009033203125,154.09751892089844,773.8587646484375,2704.9306640625,116.46717834472656,926.8673095703124,2608.4990234375,-9.98367404937744,41.598388671875,2554.861328125,-32.81379318237305,435.2589721679687,2550.7763671875,-28.288846969604492,794.1013793945312,2679.460693359375,-85.084228515625,929.4928588867188,2593.83642578125,23.677837371826172,-564.7989501953125,2545.796630859375,0.2616550922393799,-494.4690551757813,2405.749267578125,17.296295166015625,-546.963134765625,2405.00830078125,83.38346099853516,-619.9692993164062,2482.013671875,-31.07930564880371,-533.2802734375,2416.439208984375,-73.22299194335938,-594.6517333984375,2522.031982421875
,,,,,,,,,,,,,,,,,,,,,,,,,,,,,,,,,,,,,,,,,,,,,,,,,,,,,,,,,,,,,,,,,,,,,,,,,,,,,,,,,,,,,,,,,,,,,,,
68.8214340209961,38.37835693359375,2545.281494140625,65.41616821289062,-137.6053009033203,2535.523681640625,62.06154251098633,-277.92327880859375,2522.80908203125,35.15865707397461,-489.3050842285156,2547.622802734375,71.3041000366211,-459.7389221191406,2534.774658203125,176.06361389160156,-529.3519287109375,2470.491455078125,208.2865295410156,-753.1954345703125,2317.462646484375,-10.468914985656738,-821.4615478515625,2320.649658203125,-71.34757995605469,-881.0416870117188,2363.045166015625,-101.38284301757812,-901.938720703125,2463.35107421875,-110.59962463378906,-838.267333984375,2377.970458984375,8.64301586151123,-448.8840942382813,2554.2080078125,-112.9756088256836,-478.7691650390625,2588.884033203125,-259.5335388183594,-666.1254272460938,2444.564208984375,-62.523067474365234,-788.72216796875,2440.147705078125,-16.624900817871094,-745.6436767578125,2359.318115234375,28.439197540283203,-696.7095336914062,2278.145751953125,-16.54840087890625,-739.1172485351562,2350.583984375,158.16664123535156,37.29154968261719,2533.702392578125,158.950439453125,432.8611145019531,2536.53662109375,160.6400909423828,774.703857421875,2697.982421875,206.39797973632812,940.890380859375,2630.48779296875,-11.745073318481444,39.35837936401367,2555.72265625,-34.7065544128418,433.76959228515625,2547.985107421875,-36.42032623291016,794.8513793945312,2672.739990234375,-87.85040283203125,935.2877197265624,2591.255859375,21.1082763671875,-568.7183837890625,2544.2587890625,-0.1410357654094696,-494.39703369140625,2405.564697265625,16.70966148376465,-547.0397338867188,2403.638916015625,81.56072998046875,-622.54833984375,2479.694091796875,-31.85702896118164,-533.413818359375,2414.803466796875,-75.7875747680664,-597.528076171875,2518.343994140625
70.02516174316406,31.11806869506836,2548.720947265625,64.15444946289062,-146.36512756347656,2536.819580078125,59.41117477416992,-288.2297668457031,2526.97021484375,26.161935806274418,-500.0872497558594,2557.30419921875,62.82437515258789,-471.8118591308594,2541.5771484375,174.5371856689453,-522.5348510742188,2468.87841796875,234.9986267089844,-739.09326171875,2309.358154296875,17.382055282592773,-816.8530883789062,2297.794921875,-38.21451568603515,-877.1884765625,2347.76123046875,-81.0185546875,-904.42822265625,2442.8701171875,-82.37744903564453,-832.8517456054688,2356.719970703125,1.3594646453857422,-458.2160034179687,2564.909423828125,-119.62743377685548,-469.4539489746094,2614.388427734375,-280.1013488769531,-623.1473388671875,2442.5478515625,-84.42211151123047,-751.89697265625,2436.676025390625,-13.505607604980469,-734.0509033203125,2363.528076171875,30.407451629638672,-703.013671875,2272.23193359375,-12.85016918182373,-737.7722778320312,2346.963134765625,159.95120239257812,29.05164337158203,2535.177978515625,155.99412536621094,428.4074096679687,2534.162841796875,161.21426391601562,763.9400024414062,2716.016845703125,132.08203125,925.0086059570312,2625.815185546875,-11.065125465393066,32.9814567565918,2560.93310546875,-36.47981643676758,430.91461181640625,2548.20947265625,-45.13478469848633,793.6629028320312,2678.976806640625,-87.81365966796875,935.8023681640624,2592.1357421875,8.894730567932129,-579.7201538085938,2556.1669921875,8.437289237976074,-458.6471862792969,2451.10205078125,10.161890029907228,-510.4241943359375,2430.267822265625,52.39371109008789,-622.3773803710938,2471.2216796875,-33.15387725830078,-489.1947937011719,2450.1064453125,-93.2470474243164,-571.9092407226562,2531.54052734375
69.14641571044922,27.616804122924805,2551.01220703125,64.3265380859375,-149.28366088867188,2537.83349609375,60.05373764038086,-290.497314453125,2524.916015625,37.09788513183594,-503.2750244140625,2553.777099609375,71.84619903564453,-473.3589172363281,2537.207763671875,184.8181610107422,-520.5307006835938,2464.885009765625,264.51605224609375,-722.5778198242188,2296.422607421875,53.8239631652832,-815.0178833007812,2279.47802734375,-14.08658218383789,-876.3062133789062,2307.864501953125,-55.79879379272461,-893.9832153320312,2405.329345703125,-55.2974739074707,-829.7175903320312,2317.921630859375,10.862924575805664,-462.7225341796875,2562.6767578125,-105.02742004394533,-470.9888000488281,2622.78076171875,-303.65771484375,-590.2477416992188,2465.416748046875,-115.1328353881836,-722.8857421875,2427.403564453125,-33.37793731689453,-720.7839965820312,2364.576416015625,29.892839431762695,-707.9880981445312,2280.946533203125,-18.23432350158691,-739.4013671875,2353.92236328125,158.44029235839844,26.363954544067383,2535.172119140625,167.6099853515625,424.0523681640625,2517.1015625,176.6622314453125,769.27197265625,2677.000732421875,201.36903381347656,953.6655883789062,2666.42138671875,-11.373787879943848,28.74655532836914,2565.2958984375,-41.87237930297851,425.2345581054687,2555.667236328125,-53.98579788208008,788.5720825195312,2681.08056640625,-81.91786193847656,937.12890625,2600.186279296875,23.29458236694336,-583.3323364257812,2552.290771484375,1.9561480283737185,-463.519287109375,2448.674560546875,7.702911376953125,-514.6810302734375,2427.483154296875,64.5797119140625,-621.0220336914062,2464.322021484375,-35.928138732910156,-498.29833984375,2450.55908203125,-80.33760833740234,-586.6741943359375,2535.42236328125
71.37738800048828,27.287029266357425,2548.826171875,64.8438491821289,-149.1372833251953,2535.74658203125,60.216434478759766,-290.4684753417969,2529.9384765625,28.09237289428711,-501.7071838378906,2557.440185546875,64.39763641357422,-473.23046875,2542.060546875,173.90223693847656,-526.1347045898438,2469.046142578125,299.1980895996094,-696.1751098632812,2294.179443359375,95.38933563232422,-799.2978515625,2265.97900390625,26.106372833251953,-864.6231689453125,2273.869140625,-37.23136901855469,-827.6339721679688,2352.076171875,-22.501745223999023,-788.1911010742188,2312.07421875,3.275688648223877,-460.26373291015625,2565.622802734375,-114.19615173339844,-472.25885009765625,2621.171142578125,-348.774169921875,-536.9015502929688,2483.848388671875,-158.73585510253906,-671.8174438476562,2484.317138671875,-98.8980484008789,-695.5332641601562,2404.05859375,-39.21388626098633,-672.7401733398438,2320.240478515625,-111.2812042236328,-665.032470703125,2381.0400390625,161.06900024414062,24.829105377197266,2537.177001953125,173.1481475830078,421.2683410644531,2514.940673828125,202.59178161621097,772.5916137695312,2655.77783203125,204.70657348632812,958.0099487304688,2668.892333984375,-9.501479148864746,29.503446578979492,2559.330810546875,-43.54826736450195,424.8473815917969,2556.33837890625,-67.06787109375,789.5938110351562,2672.89404296875,-95.4038314819336,936.9979248046876,2590.912353515625,11.236364364624023,-580.9635009765625,2555.320556640625,-1.344558835029602,-477.77288818359375,2434.417724609375,2.6686713695526123,-531.6240844726562,2421.430419921875,53.30217742919922,-633.1250610351562,2475.81640625,-40.738895416259766,-510.1995544433594,2440.09423828125,-91.62815856933594,-582.57421875,2535.35595703125
71.6087417602539,27.68813705444336,2548.79345703125,61.930442810058594,-148.01528930664062,2532.400146484375,55.56318664550781,-289.1412353515625,2530.08935546875,22.526159286499023,-500.6803283691406,2550.438232421875,57.59392166137695,-472.01116943359375,2532.947509765625,175.38888549804688,-528.9673461914062,2478.78076171875,307.7929382324219,-681.867919921875,2294.310302734375,108.9602279663086,-784.9910278320312,2243.115234375,47.17453384399414,-850.0772094726562,2275.448486328125,-0.7720030546188354,-771.2593994140625,2329.730712890625,-10.291769981384276,-775.6369018554688,2291.858154296875,-0.5693156123161316,-459.4355773925781,2562.999755859375,-111.37350463867188,-477.66595458984375,2629.04541015625,-361.099365234375,-510.55670166015625,2509.22802734375,-176.24420166015625,-650.7953491210938,2492.009521484375,-121.52361297607422,-683.9872436523438,2411.68017578125,-60.98670959472656,-679.1522827148438,2325.7626953125,-114.594970703125,-651.7091674804688,2389.23828125,161.10523986816406,23.8400936126709,2537.19970703125,171.10812377929688,419.3672180175781,2510.126708984375,207.2718963623047,773.10791015625,2641.298095703125,214.78565979003903,957.774658203125,2658.09619140625,-9.094179153442385,31.1580867767334,2559.248291015625,-43.1285400390625,425.8175048828125,2554.563720703125,-67.22795867919922,790.3491821289062,2669.542724609375,-102.98140716552734,934.1280517578124,2584.672119140625,4.137815952301025,-579.3701171875,2546.20654296875,-13.339369773864746,-491.2089538574219,2414.825927734375,0.397125244140625,-544.4765014648438,2407.880126953125,61.161476135253906,-630.5693969726562,2476.19287109375,-47.34992980957031,-529.0879516601562,2420.761962890625,-94.65335083007812,-600.0015258789062,2518.63720703125
69.90943145751953,24.01373863220215,2550.45458984375,60.54559326171875,-153.18890380859375,2537.450927734375,54.2086296081543,-295.26654052734375,2534.836181640625,19.390586853027344,-508.6022033691406,2547.365966796875,54.31196975708008,-479.3329772949219,2529.66357421875,178.97250366210938,-514.9382934570312,2470.354248046875,362.86029052734375,-632.4271850585938,2302.02001953125,167.9535675048828,-747.2160034179688,2253.642822265625,112.39847564697266,-825.508056640625,2251.09814453125,17.57003402709961,-778.2550048828125,2270.788818359375,36.90928268432617,-761.077880859375,2309.766357421875,-2.8941407203674316,-467.45263671875,2562.69091796875,-111.87394714355467,-468.9430541992187,2635.651611328125,-375.2681579589844,-462.7858276367187,2538.48486328125,-208.934814453125,-626.8760986328125,2555.105712890625,-177.67044067382812,-648.2412109375,2458.887451171875,-124.86174774169922,-663.1336669921875,2368.28125,-130.20179748535156,-672.3897705078125,2457.435546875,159.76455688476562,20.25385475158691,2536.987060546875,171.4807586669922,418.5638732910156,2512.110107421875,211.44515991210935,774.898193359375,2642.580078125,215.8648681640625,961.1463012695312,2656.70361328125,-11.116884231567385,27.404191970825195,2562.598876953125,-43.64921951293945,424.8742065429687,2557.777587890625,-67.38455963134766,793.0995483398438,2669.66943359375,-104.9673843383789,936.4786376953124,2582.61279296875,-0.1529548317193985,-587.3834228515625,2540.404541015625,-18.128026962280273,-495.7098083496094,2410.19287109375,-4.3757781982421875,-549.1820068359375,2401.968017578125,56.95670318603515,-637.4098510742188,2468.593017578125,-52.38423538208008,-533.936767578125,2415.446533203125,-99.72901153564452,-607.446533203125,2512.549560546875
68.24752807617188,20.703392028808594,2555.058837890625,58.631935119628906,-160.0487518310547,2543.31005859375,53.00791549682617,-304.8665771484375,2548.256103515625,17.9683895111084,-522.7005615234375,2554.9365234375,53.33462142944336,-492.27593994140625,2537.41357421875,178.09063720703125,-533.0172119140625,2474.95947265625,390.4928588867187,-605.425537109375,2305.89599609375,194.71743774414065,-722.998046875,2247.0986328125,176.2794189453125,-801.63525390625,2302.4267578125,72.7995834350586,-803.598876953125,2265.58251953125,59.04547119140625,-754.0299072265625,2261.54833984375,-4.647106170654297,-481.2727355957031,2572.034423828125,-114.10538482666016,-479.6544799804687,2648.8095703125,-384.97113037109375,-443.1802978515625,2563.6240234375,-225.66873168945312,-620.941162109375,2556.620849609375,-185.6110992431641,-650.38916015625,2463.66748046875,-129.44134521484375,-673.5199584960938,2374.38720703125,-119.49737548828124,-677.3649291992188,2482.85888671875,159.9103546142578,16.690181732177734,2541.781005859375,179.55203247070312,422.6122741699219,2519.116455078125,221.4641265869141,787.205322265625,2648.07861328125,244.64837646484375,974.256103515625,2620.6220703125,-14.4088716506958,24.322280883789062,2567.03173828125,-41.17999649047851,430.00823974609375,2562.780029296875,-67.8408432006836,805.4813232421875,2676.030517578125,-107.74382781982422,945.5062255859376,2578.505859375,-1.910317659378052,-602.8046264648438,2545.66650390625,-3.3339755535125732,-500.8558654785156,2418.010498046875,9.872695922851562,-555.2303466796875,2407.64111328125,62.18266677856445,-651.337158203125,2475.760009765625,-39.76596450805664,-538.7913208007812,2417.2080078125,-100.41753387451172,-617.810302734375,2505.654052734375
67.9594955444336,29.03259658813477,2555.035400390625,59.94001007080078,-152.18421936035156,2539.533935546875,54.94427490234375,-297.6315612792969,2537.72412109375,32.22859573364258,-515.854736328125,2568.4736328125,67.31925964355469,-485.2196960449219,2550.25537109375,196.2082672119141,-525.53125,2495.09521484375,409.0399475097656,-576.7246704101562,2317.32177734375,223.56690979003903,-700.3974609375,2237.805908203125,208.9425048828125,-760.7922973632812,2313.92529296875,114.0798110961914,-786.7136840820312,2264.050537109375,100.30530548095705,-724.193115234375,2321.079345703125,5.658732891082764,-474.215087890625,2578.4140625,-111.25428009033205,-477.2113952636719,2644.233642578125,-388.7499694824219,-409.7213745117187,2612.6103515625,-254.1448516845703,-606.2992553710938,2586.4609375,-203.95620727539065,-651.2228393554688,2504.87060546875,-135.1195831298828,-686.6390991210938,2429.014892578125,-153.8902587890625,-666.6946411132812,2517.48291015625,160.1156005859375,26.022693634033203,2542.546630859375,181.05355834960935,433.2054138183594,2516.927978515625,201.47317504882812,796.2361450195312,2659.13330078125,263.28729248046875,962.3525390625,2587.50244140625,-15.14171028137207,31.74675941467285,2566.29736328125,-44.32249069213867,438.7832336425781,2568.079833984375,-66.98663330078125,815.4410400390625,2683.27392578125,-108.41837310791016,943.6517333984376,2570.216796875,17.96704864501953,-597.9785766601562,2567.5595703125,20.416627883911133,-534.4033203125,2416.428955078125,39.50764083862305,-587.8933715820312,2422.489013671875,93.218505859375,-655.9710693359375,2518.488525390625,-12.311164855957031,-575.2279663085938,2423.475341796875,-74.5448226928711,-634.38916015625,2525.959228515625
68.66494750976562,25.532819747924805,2558.154296875,60.840030670166016,-157.79653930664062,2541.187744140625,55.47194290161133,-304.9566650390625,2536.843505859375,47.689796447753906,-525.2738647460938,2577.94091796875,81.70665740966797,-492.45843505859375,2559.795654296875,217.60272216796875,-536.8045654296875,2522.79931640625,424.34515380859375,-551.2841186523438,2326.5244140625,244.06198120117188,-684.8328857421875,2242.515625,223.1968994140625,-737.4404296875,2324.307861328125,131.56869506835938,-754.3941650390625,2262.875,102.31697082519533,-703.4542846679688,2277.22802734375,17.14910888671875,-484.9513854980469,2584.451171875,-104.49078369140624,-487.3358459472656,2644.87109375,-380.0291137695313,-395.76556396484375,2661.64697265625,-275.13397216796875,-610.4380493164062,2619.577880859375,-231.75001525878903,-653.6683959960938,2531.725341796875,-181.9169921875,-692.751953125,2442.14453125,-178.45437622070312,-686.8362426757812,2550.8369140625,162.34329223632812,22.387859344482425,2548.9326171875,179.82089233398438,433.587890625,2508.890625,197.8821563720703,796.2381591796875,2664.888916015625,266.6039123535156,956.7927856445312,2581.55615234375,-15.808939933776855,28.36876678466797,2566.47021484375,-44.0172233581543,440.4656677246094,2563.84619140625,-66.94416046142578,819.2393798828125,2688.284423828125,-109.6307601928711,942.061279296875,2566.67236328125,39.701080322265625,-609.2318115234375,2580.504638671875,44.6589469909668,-585.446533203125,2416.3134765625,46.65976333618164,-640.0866088867188,2435.102294921875,87.50121307373047,-699.4044799804688,2544.464111328125,1.3196040391921997,-610.7500610351562,2434.680419921875,-64.93710327148438,-621.4723510742188,2552.198486328125
68.06488037109375,22.29310607910156,2560.33837890625,60.50527572631836,-162.62075805664062,2543.345703125,55.4068717956543,-310.989013671875,2537.3837890625,46.65435028076172,-534.276123046875,2572.23828125,81.39091491699219,-500.674072265625,2555.766357421875,219.95562744140625,-540.9151000976562,2518.941162109375,448.2582092285156,-519.9718017578125,2344.850830078125,261.5646057128906,-651.4996948242188,2265.974609375,247.119873046875,-709.09033203125,2346.823974609375,202.6541290283203,-667.80859375,2252.015625,228.9578094482422,-681.6641235351562,2403.314697265625,15.67226505279541,-493.8125305175781,2579.185791015625,-108.49634552001952,-493.6032104492187,2637.064208984375,-366.48931884765625,-373.9677429199219,2708.899658203125,-288.7954406738281,-594.3416748046875,2636.361083984375,-276.5903015136719,-648.0309448242188,2543.444091796875,-239.12066650390625,-687.9659423828125,2447.306396484375,-228.20962524414065,-647.819580078125,2528.550048828125,162.26431274414062,19.533252716064453,2548.46435546875,180.04489135742188,435.2303771972656,2520.250732421875,196.78933715820312,803.0955810546875,2672.69921875,268.0097961425781,958.5962524414062,2578.72119140625,-16.878887176513672,24.781787872314453,2571.046142578125,-44.84561538696289,440.4223937988281,2569.350830078125,-66.62355041503906,825.0662231445312,2686.739501953125,-108.7814712524414,948.6515502929688,2563.500732421875,38.58827209472656,-618.9869384765625,2572.193115234375,44.52213668823242,-586.71533203125,2408.049560546875,45.468849182128906,-642.7396240234375,2424.176025390625,85.22097778320312,-708.8408203125,2531.36767578125,0.2967678010463714,-612.3276977539062,2425.162109375,-67.06401824951172,-627.907470703125,2542.84033203125
69.75164794921875,24.36227798461914,2560.699462890625,61.33656311035156,-164.4657440185547,2544.618896484375,55.908935546875,-315.9646911621094,2540.411376953125,11.647153854370115,-542.2526245117188,2529.2236328125,49.81038665771485,-510.3591003417969,2513.64794921875,184.65435791015625,-533.8121948242188,2447.5322265625,466.3811950683594,-458.8868408203125,2410.7275390625,302.0025939941406,-593.08203125,2285.0634765625,278.7325134277344,-662.4049072265625,2356.73046875,235.15750122070312,-623.9281005859375,2257.627685546875,210.67645263671875,-679.3480834960938,2374.467529296875,-10.683575630187988,-499.6936950683594,2550.349853515625,-125.37236785888672,-497.3175964355469,2630.31591796875,-308.5726623535156,-309.3858337402344,2774.383544921875,-298.2423095703125,-532.7677001953125,2663.1923828125,-291.1560974121094,-639.40185546875,2636.127685546875,-297.9532165527344,-752.12158203125,2637.519287109375,-253.19778442382812,-643.0697631835938,2582.5888671875,165.5535125732422,21.335187911987305,2546.111572265625,181.4160919189453,446.3616027832031,2528.784912109375,200.0105438232422,820.6444091796875,2687.101806640625,273.3824768066406,957.02783203125,2561.81982421875,-16.637109756469727,27.091938018798828,2573.85400390625,-42.65784454345703,451.4773864746094,2568.429443359375,-68.91944122314453,841.093017578125,2696.91259765625,-118.24895477294922,945.6653442382812,2554.71630859375,-11.84598159790039,-624.25341796875,2512.84814453125,-35.7489128112793,-486.77825927734375,2414.24560546875,-27.201520919799805,-538.8088989257812,2386.64501953125,36.16114807128906,-653.9060668945312,2416.77490234375,-75.0530776977539,-525.16650390625,2411.438232421875,-121.91092681884766,-629.3593139648438,2491.166748046875
69.3455810546875,40.23892974853515,2560.40966796875,66.3989486694336,-147.30030822753906,2540.858154296875,64.85823822021484,-297.7154235839844,2530.791748046875,30.790302276611328,-524.6494750976562,2528.8896484375,68.18193054199219,-492.111083984375,2513.810791015625,204.3485870361328,-503.31689453125,2449.270751953125,484.6168212890625,-421.0386962890625,2447.748291015625,334.24005126953125,-540.7667846679688,2295.576171875,272.6795349121094,-620.2406616210938,2279.63525390625,209.71795654296875,-636.798828125,2185.7900390625,230.2849273681641,-625.6832885742188,2332.05615234375,5.765730381011963,-482.3771057128906,2546.51416015625,-112.27922821044922,-478.1050109863281,2619.799560546875,-291.5675048828125,-307.2673645019531,2784.879638671875,-323.00506591796875,-530.8103637695312,2681.555419921875,-324.957275390625,-638.2871704101562,2660.21435546875,-347.9064025878906,-748.1551513671875,2662.693115234375,-296.2256774902344,-651.7705688476562,2624.804443359375,164.70867919921875,40.19719314575195,2546.437744140625,181.60292053222656,463.0084533691406,2542.98291015625,199.14132690429688,839.5148315429688,2689.56103515625,276.8364562988281,957.9883422851562,2551.213623046875,-16.647525787353516,40.27656173706055,2573.009033203125,-44.09010314941406,462.0808410644531,2569.912109375,-68.63227844238281,850.1343994140625,2695.694091796875,-118.75648498535156,947.2384033203124,2549.9150390625,11.718446731567385,-607.8060302734375,2515.59716796875,-17.816312789916992,-478.3412780761719,2409.6904296875,-13.135669708251951,-532.2425537109375,2385.750732421875,49.63939666748047,-645.9327392578125,2418.765869140625,-57.871246337890625,-515.3820190429688,2413.4755859375,-99.31681823730467,-611.1338500976562,2504.54638671875
67.74653625488281,47.610538482666016,2562.001708984375,64.78179931640625,-136.22593688964844,2537.935302734375,63.40496063232422,-284.0335388183594,2526.68798828125,29.328779220581055,-507.0348510742187,2531.974853515625,66.81602478027344,-475.6906127929687,2517.567138671875,204.7633514404297,-500.6755676269531,2468.350830078125,467.0505676269531,-384.20452880859375,2479.999267578125,350.79052734375,-503.6307678222656,2305.83203125,287.2201232910156,-578.5681762695312,2286.861083984375,246.9042510986328,-593.91943359375,2183.169189453125,262.22515869140625,-604.8350830078125,2305.52978515625,4.107627868652344,-464.79296875,2546.572509765625,-115.08586883544922,-462.0740966796875,2613.4228515625,-284.78741455078125,-302.05743408203125,2790.17919921875,-322.6349792480469,-526.9720458984375,2703.14599609375,-341.38543701171875,-631.50830078125,2684.89111328125,-380.7828674316406,-734.4951782226562,2690.16259765625,-303.7183532714844,-646.4453735351562,2636.956298828125,161.79454040527344,47.62374496459961,2550.315185546875,182.7848663330078,463.019287109375,2538.45263671875,205.2694854736328,830.81689453125,2687.956298828125,271.5138244628906,958.3367309570312,2556.564208984375,-17.06068992614746,47.598628997802734,2572.5400390625,-44.16991424560547,462.35345458984375,2570.1416015625,-69.78663635253906,844.6746826171875,2691.18115234375,-113.04989624023438,948.1840209960938,2551.51123046875,10.919196128845217,-589.2221069335938,2521.2607421875,-11.2543306350708,-484.9664001464844,2392.68017578125,-9.11870002746582,-541.8431396484375,2380.643798828125,46.87074279785156,-647.2757568359375,2436.415283203125,-52.3976936340332,-517.9518432617188,2403.208740234375,-98.22657012939452,-589.5615844726562,2509.58740234375
68.52198028564453,50.381324768066406,2565.2939453125,64.26313018798828,-133.33677673339844,2538.457275390625,61.679141998291016,-280.9954833984375,2523.16015625,32.9644889831543,-505.0455322265625,2530.510498046875,70.21199798583984,-472.90863037109375,2516.973388671875,210.93421936035156,-493.2347412109375,2473.056884765625,467.7538757324219,-366.2436828613281,2498.92333984375,360.99029541015625,-481.1763610839844,2315.38623046875,302.9569396972656,-558.7150268554688,2289.5458984375,251.05935668945312,-575.6217041015625,2191.194091796875,276.9969482421875,-586.7128295898438,2313.209228515625,6.144435882568359,-463.1975402832031,2543.59423828125,-115.08161926269533,-455.6277160644531,2606.748779296875,-260.990966796875,-304.1081237792969,2810.869384765625,-320.66131591796875,-522.5698852539062,2718.71240234375,-347.7264099121094,-625.6829223632812,2701.862548828125,-396.3513488769531,-724.8233642578125,2707.42138671875,-305.28375244140625,-643.4121704101562,2651.778076171875,162.6019744873047,50.03862380981445,2552.7099609375,182.3190155029297,466.1583251953125,2541.376953125,197.3339080810547,835.2708129882812,2690.218994140625,277.33197021484375,953.3109130859376,2557.1845703125,-16.31407356262207,50.69035720825195,2576.6416015625,-43.925880432128906,465.9460754394531,2566.669189453125,-74.40010070800781,846.2152709960938,2694.906982421875,-111.68563079833984,946.6467895507812,2550.97412109375,16.985883712768555,-587.9432983398438,2520.337158203125,-10.19293975830078,-485.7364196777344,2390.739013671875,-5.817083835601807,-542.679931640625,2379.197509765625,54.82133865356445,-645.3848876953125,2435.67724609375,-49.96430969238281,-520.3128051757812,2401.84619140625,-92.29248809814452,-592.8195190429688,2509.3330078125
67.51834869384766,44.44182205200195,2565.1123046875,63.92737579345703,-139.3102264404297,2538.4052734375,62.23689651489258,-287.2129821777344,2525.525634765625,36.24580764770508,-511.713134765625,2524.28564453125,73.49748992919922,-478.6841125488281,2513.113525390625,217.3221435546875,-488.8730163574219,2476.29736328125,451.04241943359375,-332.4715881347656,2536.84716796875,381.06341552734375,-447.3826599121094,2336.365966796875,308.7423400878906,-503.9090576171875,2296.087158203125,281.3601379394531,-560.891845703125,2203.052001953125,275.4955139160156,-516.6406860351562,2270.969482421875,8.455821990966797,-470.665283203125,2537.87109375,-113.10894012451172,-457.8265380859375,2599.506103515625,-242.36622619628903,-310.7557373046875,2817.626220703125,-366.5727233886719,-412.7197265625,2633.355712890625,-380.4347534179687,-512.9127807617188,2671.012451171875,-397.58203125,-620.5242919921875,2689.719482421875,-319.1890869140625,-552.7876586914062,2638.26904296875,161.5301513671875,44.50727081298828,2552.021484375,183.2581024169922,460.2914123535156,2533.97314453125,201.2789306640625,828.3574829101562,2685.060791015625,274.67572021484375,958.2520751953124,2559.47412109375,-17.256237030029297,44.38280487060547,2576.9169921875,-45.06658172607422,459.6844177246094,2569.720458984375,-72.04447937011719,842.6358642578125,2690.55078125,-112.87881469726562,947.4571533203124,2550.77001953125,21.70796585083008,-594.3983154296875,2510.767822265625,-3.77790641784668,-496.08062744140625,2377.8583984375,5.521953105926514,-552.683837890625,2367.63427734375,69.40919494628906,-649.9291381835938,2429.9013671875,-41.60176086425781,-533.3591918945312,2386.82177734375,-85.89796447753906,-607.4632568359375,2492.409912109375
62.82527160644531,43.20507049560547,2566.11376953125,59.51974868774414,-141.4769744873047,2536.682861328125,58.32809066772461,-290.40655517578125,2523.34228515625,37.17209243774414,-516.9954223632812,2527.611328125,73.60201263427734,-483.17730712890625,2514.577880859375,217.4833068847656,-488.3076171875,2472.9423828125,440.00140380859375,-315.1395263671875,2539.54248046875,379.2952270507813,-412.9816589355469,2325.369140625,322.32513427734375,-494.973388671875,2340.318603515625,302.8518981933594,-524.7579956054688,2232.76806640625,306.6470947265625,-520.8624267578125,2362.674072265625,8.67184829711914,-475.9842834472656,2541.227783203125,-111.2291488647461,-460.8337707519531,2607.591064453125,-222.18734741210935,-287.54974365234375,2819.2607421875,-328.0127868652344,-465.3315124511719,2685.7333984375,-359.8407897949219,-529.5327758789062,2767.468994140625,-378.569580078125,-639.1929931640625,2772.2666015625,-382.7832336425781,-565.6417236328125,2732.495849609375,157.4727325439453,43.65016174316406,2552.6904296875,182.9436492919922,462.1939392089844,2534.472900390625,201.76785278320312,832.8453369140625,2686.650146484375,274.9275207519531,959.5054931640624,2555.57470703125,-22.52250099182129,42.8037109375,2578.218017578125,-50.11781692504883,461.11614990234375,2572.401123046875,-70.28445434570312,846.7330932617188,2695.650634765625,-113.44483184814452,947.6057739257812,2552.0673828125,24.00721549987793,-600.8433837890625,2516.18310546875,0.4345029592514038,-497.4853820800781,2385.2529296875,14.20798683166504,-553.2362670898438,2373.18408203125,80.7718505859375,-649.7238159179688,2435.826416015625,-35.57924270629883,-537.7554931640625,2390.101806640625,-81.84620666503906,-619.9765014648438,2489.9404296875
65.06846618652344,39.192138671875,2568.2236328125,57.78777313232422,-143.55226135253906,2535.6083984375,53.46845245361328,-291.2585754394531,2520.71630859375,45.863067626953125,-517.1966552734375,2522.478759765625,80.38887786865234,-481.3821411132813,2511.062744140625,224.75970458984375,-480.1893615722656,2474.812255859375,417.02545166015625,-287.2839050292969,2567.68505859375,375.7203063964844,-398.9400939941406,2357.549072265625,351.3154296875,-489.5815734863281,2392.800537109375,312.3432922363281,-472.6329040527344,2288.617431640625,312.912841796875,-475.1037292480469,2452.703125,14.715365409851074,-478.36029052734375,2535.3232421875,-106.94054412841795,-467.66253662109375,2597.2802734375,-181.55078125,-258.2823486328125,2788.487060546875,-339.07568359375,-442.16943359375,2754.0205078125,-355.1445617675781,-543.7892456054688,2786.75,-387.6983642578125,-648.37060546875,2771.42822265625,-382.7108154296875,-564.8837890625,2732.539794921875,159.1334686279297,37.73582077026367,2555.385498046875,175.40121459960938,453.68499755859375,2532.953125,197.74139404296875,822.3271484375,2682.373779296875,271.91217041015625,957.3074340820312,2562.648193359375,-19.754074096679688,40.505367279052734,2579.800537109375,-52.12077713012695,455.58880615234375,2571.685791015625,-67.30951690673828,839.3999633789062,2692.25927734375,-118.65936279296876,942.306640625,2554.46630859375,38.20486831665039,-600.9933471679688,2510.034912109375,27.128684997558594,-514.421142578125,2367.27392578125,34.42701721191406,-572.0797729492188,2362.885498046875,88.93399810791016,-665.7079467773438,2438.310546875,-12.99698257446289,-549.1353759765625,2376.618408203125,-68.32588195800781,-611.2771606445312,2484.743408203125
66.4737319946289,39.98756790161133,2563.4248046875,61.65010070800781,-144.10812377929688,2536.459716796875,59.68264389038086,-292.762451171875,2530.276123046875,49.5126953125,-518.4567260742188,2514.1787109375,84.6578140258789,-482.21527099609375,2506.043701171875,229.82513427734375,-471.27197265625,2473.66845703125,412.2174682617187,-270.9666442871094,2572.283935546875,363.10150146484375,-379.0721435546875,2361.453125,360.5949401855469,-474.531982421875,2392.64501953125,314.66876220703125,-452.7616271972656,2292.024658203125,310.86212158203125,-459.70172119140625,2459.2744140625,18.56639289855957,-480.2960815429687,2529.65185546875,-102.18930053710938,-461.383056640625,2591.972900390625,-171.789794921875,-260.0026550292969,2794.186767578125,-338.62030029296875,-435.91351318359375,2758.640380859375,-358.46429443359375,-526.3810424804688,2814.510986328125,-389.490478515625,-626.483642578125,2778.53271484375,-380.811279296875,-562.5028686523438,2732.78271484375,160.8777618408203,39.2236442565918,2551.7529296875,175.1804656982422,456.4170837402344,2538.419677734375,195.3539581298828,829.478515625,2678.9033203125,280.7628479003906,953.6207275390624,2554.4375,-18.6545467376709,40.67642974853515,2573.94970703125,-45.703392028808594,456.9991149902344,2572.84765625,-72.96905517578125,840.3801879882812,2695.1689453125,-121.9675064086914,940.9447631835938,2554.385009765625,41.0782470703125,-601.0762939453125,2495.064453125,15.444722175598145,-503.2200927734375,2361.38525390625,33.95075607299805,-557.6863403320312,2351.349365234375,104.65715026855467,-646.8089599609375,2418.79736328125,-17.336462020874023,-545.8844604492188,2365.685302734375,-61.194942474365234,-628.9304809570312,2465.000244140625
65.11038970947266,36.69474411010742,2564.22265625,60.80181121826172,-147.56358337402344,2537.145263671875,59.13990783691406,-296.32489013671875,2530.31201171875,53.75528717041016,-522.156005859375,2511.2734375,88.3404312133789,-485.0969848632813,2504.20849609375,233.73146057128903,-469.2873840332031,2474.337158203125,405.9945983886719,-256.8177185058594,2566.22412109375,365.0911560058594,-369.954833984375,2356.03515625,366.6356506347656,-464.9308471679687,2389.002197265625,319.63909912109375,-447.0869445800781,2287.991943359375,313.04541015625,-448.1163940429687,2456.022705078125,21.755714416503903,-484.7767333984375,2526.662841796875,-103.7101593017578,-484.5963745117187,2582.475830078125,-250.5867462158203,-357.9848327636719,2803.4697265625,-383.6990966796875,-527.5692138671875,2686.55517578125,-415.6021728515625,-581.0642700195312,2775.103759765625,-423.6302795410156,-690.8355712890625,2761.498291015625,-445.1252746582031,-620.6117553710938,2728.59716796875,159.63075256347656,36.163673400878906,2552.796142578125,176.34710693359375,453.6481628417969,2539.8173828125,193.7935791015625,826.831787109375,2681.34033203125,279.0445556640625,953.9945678710938,2559.5732421875,-20.122766494750977,37.17362976074219,2574.5263671875,-45.061370849609375,453.9871520996094,2571.3857421875,-73.95162963867188,838.6234741210938,2690.528076171875,-118.1301040649414,943.0521240234376,2550.76318359375,47.305450439453125,-604.7530517578125,2490.989013671875,16.3050594329834,-498.9533996582031,2364.505126953125,38.41990280151367,-551.2562866210938,2350.679931640625,114.3568878173828,-640.4962158203125,2412.2607421875,-13.67917823791504,-543.8856811523438,2365.233154296875,-52.79426193237305,-636.8546752929688,2457.664306640625
65.02008056640625,36.693851470947266,2564.162841796875,60.69287109375,-147.55587768554688,2537.022216796875,58.99946975708008,-296.3102111816406,2530.02685546875,53.6287956237793,-522.11083984375,2510.609130859375,88.22750091552734,-485.04248046875,2503.658447265625,233.60362243652344,-468.89508056640625,2473.890869140625,404.5963134765625,-255.3929748535156,2565.763427734375,364.5941467285156,-368.0459289550781,2355.139892578125,366.1919250488281,-463.1180114746094,2387.828369140625,319.7091064453125,-444.2156372070313,2286.772216796875,311.9022216796875,-446.17242431640625,2454.767333984375,21.607913970947266,-484.75439453125,2526.010498046875,-104.09485626220705,-484.47607421875,2581.289794921875,-253.0580139160156,-355.9459533691406,2799.767578125,-390.59521484375,-523.6678466796875,2685.310546875,-445.05755615234375,-556.3950805664062,2772.965087890625,-468.16741943359375,-664.8629150390625,2773.298583984375,-478.2886962890625,-571.78564453125,2724.3349609375,159.54330444335938,36.15423202514648,2552.755615234375,176.38510131835938,453.6383972167969,2539.84765625,193.8957061767578,826.8079833984375,2681.406494140625,279.1023864746094,954.0158081054688,2559.653564453125,-20.215667724609375,37.18045425415039,2574.448974609375,-45.15924835205078,453.9979553222656,2571.55859375,-74.00056457519531,838.5111083984375,2691.117919921875,-118.3011245727539,943.2987670898438,2551.6591796875,47.20454406738281,-604.6744995117188,2490.178955078125,18.325176239013672,-499.261962890625,2362.871337890625,39.837764739990234,-551.93212890625,2349.495849609375,114.24496459960938,-641.77001953125,2412.068603515625,-12.245539665222168,-543.7960815429688,2363.695068359375,-53.10852813720703,-635.6785278320312,2456.45703125
65.61656951904297,35.48473358154297,2569.73046875,62.74188232421875,-147.42938232421875,2540.38916015625,61.87907409667969,-295.18341064453125,2530.044677734375,69.3250961303711,-519.6394653320312,2510.08935546875,101.78827667236328,-480.9103088378906,2503.98876953125,246.63072204589844,-463.8066101074219,2476.28564453125,397.4750671386719,-227.4941864013672,2537.614501953125,348.78814697265625,-337.8052062988281,2329.101318359375,343.955078125,-431.7082824707031,2363.14453125,310.30889892578125,-359.917236328125,2283.733642578125,297.7846984863281,-406.92138671875,2434.95849609375,35.16701889038086,-484.35003662109375,2524.822998046875,-89.72652435302734,-499.82122802734375,2577.876708984375,-268.9744567871094,-362.3772277832031,2763.5751953125,-406.0261840820313,-364.4189147949219,2561.814208984375,-447.5676574707031,-462.9472961425781,2574.456787109375,-494.2945861816406,-553.4719848632812,2616.739990234375,-448.78948974609375,-473.83197021484375,2583.2314453125,159.7489471435547,35.6550407409668,2559.4462890625,179.57408142089844,450.7890930175781,2548.582763671875,195.8318328857422,824.912841796875,2681.38525390625,273.5368957519531,954.1238403320312,2558.43408203125,-19.2667236328125,35.3311653137207,2579.00439453125,-47.44686126708984,449.6313781738281,2572.95068359375,-69.68553924560547,834.1542358398438,2686.334228515625,-120.79566955566406,944.2049560546876,2554.740478515625,67.89556884765625,-601.9088745117188,2489.445068359375,35.405452728271484,-506.235595703125,2356.63427734375,58.49399948120117,-558.6182861328125,2346.547119140625,135.56939697265625,-641.394287109375,2413.9267578125,6.488595008850098,-551.365966796875,2360.36669921875,-30.875484466552734,-638.0604248046875,2458.355712890625
70.34381103515625,37.08225631713867,2572.668212890625,68.595458984375,-145.98094177246094,2539.926025390625,68.12377166748047,-293.9202880859375,2525.119873046875,74.41798400878906,-519.0112915039062,2502.43994140625,107.0042495727539,-480.1733093261719,2496.080810546875,250.5406188964844,-449.185791015625,2470.71044921875,396.7647705078125,-206.36981201171875,2522.117919921875,340.2979736328125,-309.99774169921875,2311.09716796875,344.2450256347656,-405.144287109375,2342.8388671875,295.4549255371094,-326.59869384765625,2278.5126953125,288.3897399902344,-359.44903564453125,2428.530029296875,40.561546325683594,-483.6466979980469,2518.322021484375,-83.9296875,-484.7640075683594,2575.721435546875,-292.37261962890625,-376.8442687988281,2751.955322265625,-483.56884765625,-226.957275390625,2721.552978515625,-497.43450927734375,-201.2030029296875,2825.60009765625,-512.5331420898438,-231.34527587890625,2720.14013671875,-484.6270751953125,-315.160400390625,2826.678466796875,165.08543395996094,37.545989990234375,2565.0166015625,184.4027404785156,453.7072448730469,2540.611083984375,195.9116668701172,826.5828857421875,2681.673828125,274.8664855957031,955.4619140625,2558.004150390625,-15.088878631591797,36.664085388183594,2579.568115234375,-45.91105270385742,452.3263549804687,2571.880859375,-70.65106964111328,837.7338256835938,2687.1220703125,-122.68954467773438,942.870361328125,2551.027587890625,72.27745056152344,-601.3507080078125,2480.835693359375,54.27970123291016,-507.77984619140625,2343.069580078125,76.93914031982422,-561.1106567382812,2336.228759765625,145.7545623779297,-644.3428344726562,2412.392333984375,23.89777183532715,-552.2931518554688,2345.138427734375,-24.52835273742676,-636.0589599609375,2441.5361328125
73.96772003173828,34.66480255126953,2575.1689453125,71.57195281982422,-149.16339111328125,2545.32763671875,70.19046783447266,-297.0982360839844,2528.47802734375,83.08173370361328,-521.14013671875,2496.701904296875,115.03480529785156,-481.29254150390625,2493.61279296875,254.98062133789065,-431.5279235839844,2479.1015625,421.5653991699219,-209.0404815673828,2556.411865234375,334.9246520996094,-217.9517059326172,2330.48486328125,320.76806640625,-317.4324951171875,2327.520263671875,302.77349853515625,-206.79177856445312,2314.876220703125,289.0233154296875,-275.6041564941406,2440.71533203125,47.58281326293945,-487.201171875,2512.352294921875,-78.28799438476562,-477.7664794921875,2566.360107421875,-296.46624755859375,-381.0213928222656,2737.957275390625,-491.7237854003906,-254.9302520751953,2816.04931640625,-522.0101318359375,-239.9471740722656,2918.879150390625,-493.6526184082031,-170.5692138671875,2837.16650390625,-472.3883056640625,-185.7048797607422,2911.393798828125,168.88302612304688,34.60301208496094,2567.92919921875,184.55120849609375,451.6475830078125,2545.5712890625,194.99105834960935,827.7811889648438,2679.549072265625,266.64239501953125,968.5389404296876,2564.208740234375,-11.621594429016112,34.72052001953125,2581.697021484375,-48.9609260559082,450.1929931640625,2564.83984375,-71.37612915039062,834.6480102539062,2685.6767578125,-122.27884674072266,944.5336303710938,2552.58837890625,84.01069641113281,-602.6217041015625,2471.5556640625,62.04746627807617,-504.4810791015625,2337.2890625,84.70370483398438,-557.5494384765625,2328.075927734375,155.8678436279297,-643.1150512695312,2399.697021484375,31.815595626831055,-549.2181396484375,2338.69140625,-13.85073184967041,-636.4283447265625,2433.65576171875
76.34400939941406,36.5284423828125,2581.6474609375,76.1571044921875,-148.50181579589844,2552.736572265625,76.28246307373047,-296.9198913574219,2533.053955078125,93.3621063232422,-521.986083984375,2501.566650390625,125.00505065917967,-481.4717712402344,2499.421630859375,263.4843444824219,-424.3844604492187,2490.34521484375,413.1341552734375,-194.5323028564453,2584.790771484375,322.0062561035156,-215.62399291992188,2360.008056640625,289.6930847167969,-311.31036376953125,2364.155029296875,242.9243927001953,-275.9820251464844,2267.0458984375,237.6220245361328,-289.8807373046875,2439.465576171875,56.733741760253906,-488.3669128417969,2516.209228515625,-71.84569549560547,-469.1760559082031,2562.647216796875,-306.0700988769531,-362.9822692871094,2708.328125,-509.5771484375,-243.9489898681641,2780.45751953125,-589.5088500976562,-242.2810516357422,2854.3037109375,-532.6715698242188,-158.13336181640625,2900.334716796875,-532.2202758789062,-226.23097229003903,2895.469970703125,171.7597198486328,37.60208511352539,2574.1591796875,184.70339965820312,456.7274169921875,2546.4697265625,196.32098388671875,832.917236328125,2686.62451171875,267.5549621582031,968.2708740234376,2563.0224609375,-9.69653606414795,35.56028747558594,2588.39990234375,-51.56498336791992,452.8132019042969,2569.23388671875,-72.88602447509766,838.308349609375,2694.3232421875,-118.12730407714844,941.4761352539062,2552.74072265625,96.20828247070312,-603.890869140625,2476.343017578125,68.12657165527344,-501.7057189941406,2345.11083984375,90.73558807373048,-554.6701049804688,2333.459716796875,165.58372497558594,-642.23681640625,2400.082763671875,38.00795364379883,-546.8760986328125,2346.544189453125,-3.536956310272217,-637.3740844726562,2441.412353515625
78.60577392578125,32.937347412109375,2584.769287109375,77.00432586669922,-152.4873504638672,2558.0380859375,75.82310485839844,-300.8733215332031,2537.714111328125,91.4861297607422,-525.122314453125,2499.693603515625,123.07646942138672,-484.5488586425781,2497.413330078125,255.3203125,-417.4222717285156,2474.153564453125,393.6581115722656,-169.9251251220703,2535.96435546875,254.6949157714844,-203.54969787597656,2338.78076171875,224.58851623535156,-298.9591064453125,2353.47216796875,196.9192047119141,-277.3922119140625,2245.560546875,166.94387817382812,-319.8529357910156,2292.991943359375,55.457366943359375,-491.88726806640625,2516.59765625,-72.42992401123047,-470.1958923339844,2563.99658203125,-315.9073486328125,-349.3056335449219,2680.33056640625,-525.95458984375,-229.4645233154297,2728.832275390625,-595.473876953125,-219.03536987304688,2811.974609375,-617.3203125,-170.47476196289062,2909.97705078125,-588.8928833007812,-205.20294189453125,2835.862060546875,173.93719482421875,33.405330657958984,2575.811767578125,184.8135986328125,452.6874084472656,2547.135498046875,196.40966796875,829.690673828125,2685.544677734375,264.91644287109375,965.6923828125,2560.99365234375,-7.358781814575195,32.515350341796875,2592.846435546875,-50.9677734375,449.26416015625,2564.979248046875,-68.7920150756836,835.4473266601562,2689.00341796875,-116.79664611816406,943.5238647460938,2551.97607421875,93.29603576660156,-606.3682861328125,2472.2294921875,68.26460266113281,-500.8429870605469,2342.953369140625,95.008544921875,-551.8313598632812,2331.130859375,170.33401489257812,-637.3023681640625,2400.00341796875,41.06285858154297,-547.8111572265625,2340.522216796875,-1.3584084510803225,-644.4716186523438,2428.77099609375
80.5062026977539,35.29430389404297,2584.525146484375,80.49922943115234,-148.34417724609375,2560.90576171875,80.29072570800781,-294.8591613769531,2539.857177734375,102.2737045288086,-515.6126708984375,2500.473876953125,131.38134765625,-474.1738586425781,2495.66357421875,262.76611328125,-410.4056396484375,2469.556396484375,371.6233825683594,-146.77838134765625,2439.560546875,185.0426025390625,-239.0664825439453,2318.689453125,180.7577667236328,-330.0745849609375,2359.749267578125,123.81314086914062,-302.145263671875,2267.268798828125,132.29708862304688,-328.9471130371094,2240.1728515625,66.81468200683594,-484.3600463867187,2520.263671875,-60.75733184814453,-468.9837646484375,2566.269287109375,-305.9015197753906,-345.1324157714844,2666.047607421875,-521.2169799804688,-231.1179962158203,2658.597900390625,-609.6419677734375,-220.04490661621097,2718.89990234375,-677.5684204101562,-180.0310821533203,2795.936767578125,-631.9121704101562,-212.37403869628903,2713.318115234375,174.7305145263672,36.40669250488281,2575.8486328125,185.31495666503903,451.2067260742187,2554.737548828125,198.91014099121097,827.225830078125,2681.558837890625,266.060546875,966.9579467773438,2564.23095703125,-4.45998477935791,34.29121780395508,2592.34912109375,-49.366451263427734,446.69134521484375,2579.902099609375,-71.53148651123047,831.5902099609375,2691.054443359375,-112.42389678955078,943.8247680664062,2557.90478515625,105.27577209472656,-595.775146484375,2473.053955078125,59.8580436706543,-501.42144775390625,2343.265380859375,88.40931701660156,-550.6283569335938,2331.52783203125,175.41912841796875,-625.7351684570312,2395.54052734375,36.227996826171875,-549.5362548828125,2346.3642578125,10.62254810333252,-641.9793090820312,2442.737548828125
78.19200134277344,41.9986457824707,2586.287353515625,74.86981201171875,-142.27047729492188,2566.45068359375,71.6884536743164,-289.06976318359375,2546.453857421875,86.99539184570312,-511.3594055175781,2511.29833984375,117.05805206298828,-470.7619018554687,2504.849365234375,246.1032867431641,-409.46929931640625,2464.21728515625,349.7789001464844,-145.79823303222656,2417.669921875,145.38587951660156,-225.48475646972656,2317.94091796875,138.92625427246094,-315.7147216796875,2360.678466796875,52.63466262817383,-288.6584167480469,2294.15087890625,60.37107467651367,-310.64886474609375,2266.147705078125,52.83191680908203,-478.7405090332031,2531.313232421875,-74.64234161376953,-457.5372924804687,2575.709716796875,-334.0712890625,-335.15643310546875,2633.208251953125,-555.975341796875,-241.2153778076172,2594.6650390625,-648.5964965820312,-214.8838806152344,2642.96044921875,-739.2581176757812,-184.7092437744141,2698.166015625,-670.9518432617188,-195.4715576171875,2634.522705078125,172.1683807373047,41.594181060791016,2574.30517578125,189.41336059570312,456.1622314453125,2545.17041015625,209.00613403320312,829.249267578125,2680.974609375,272.2264404296875,967.8101806640624,2559.7685546875,-6.550617694854736,42.363372802734375,2597.091796875,-48.67871856689453,455.27825927734375,2577.927978515625,-70.55520629882812,836.6190795898438,2702.27978515625,-111.11453247070312,938.4489135742188,2560.658203125,87.23287200927734,-592.225830078125,2485.53125,64.66102600097656,-513.5980224609375,2339.9892578125,94.32315826416016,-563.605224609375,2338.785400390625,168.98448181152344,-630.188232421875,2424.468017578125,40.36245346069336,-561.3242797851562,2344.616943359375,-1.6738427877426147,-642.5326538085938,2445.4619140625
78.64279174804688,40.95250701904297,2588.74560546875,75.88656616210938,-144.17257690429688,2569.270751953125,73.16117095947266,-291.68505859375,2549.68896484375,90.53062438964844,-514.9381103515625,2515.318603515625,120.1208267211914,-473.8517761230469,2508.081787109375,242.86502075195312,-407.5347595214844,2455.280029296875,316.66998291015625,-137.27725219726562,2386.9599609375,102.81458282470705,-212.84922790527344,2302.510986328125,80.97357177734375,-304.8988037109375,2336.37060546875,-8.875511169433594,-269.0407409667969,2278.447509765625,20.803295135498047,-332.9356689453125,2327.088623046875,56.199745178222656,-482.4684753417969,2535.85400390625,-72.37273406982422,-461.2504577636719,2578.882568359375,-338.04022216796875,-338.9602966308594,2607.095458984375,-551.1331176757812,-259.2684020996094,2515.9365234375,-655.21875,-241.2867126464844,2539.34912109375,-757.7081298828125,-213.4660186767578,2571.057373046875,-676.4785766601562,-208.28907775878903,2524.57275390625,172.99488830566406,40.84014892578125,2576.4599609375,189.4412841796875,457.3308410644531,2548.51220703125,202.97769165039065,832.7112426757812,2683.7890625,270.3484191894531,967.8886108398438,2559.675048828125,-6.438635349273682,41.05382537841797,2599.823974609375,-48.21892929077149,455.713134765625,2578.547119140625,-70.33895111083984,840.972900390625,2696.234130859375,-113.21475219726562,944.1344604492188,2555.276611328125,91.26393127441406,-596.290771484375,2489.879150390625,56.31934356689453,-513.0436401367188,2348.58056640625,90.61338806152344,-560.0979614257812,2343.97509765625,174.423095703125,-623.5183715820312,2424.3095703125,36.674461364746094,-563.2435302734375,2351.544921875,5.756823539733887,-653.11962890625,2449.824951171875
80.7854995727539,40.67022705078125,2588.60107421875,78.93377685546875,-143.59274291992188,2569.14208984375,76.96311950683594,-290.4492492675781,2549.815673828125,96.75814819335938,-512.5647583007812,2516.36181640625,125.71817779541016,-471.357666015625,2508.9501953125,245.27001953125,-402.634765625,2453.9130859375,308.1904602050781,-132.72378540039062,2379.29736328125,94.83212280273438,-210.699951171875,2299.119140625,66.92066955566406,-301.2145690917969,2331.220947265625,-21.21748733520508,-260.128662109375,2275.1962890625,-6.9490966796875,-316.6956787109375,2320.813232421875,62.257720947265625,-480.5723571777344,2536.7587890625,-65.7252197265625,-458.342529296875,2578.985595703125,-325.1481018066406,-325.38323974609375,2602.3642578125,-523.9678955078125,-243.61509704589844,2487.065673828125,-504.546630859375,-173.78440856933594,2407.425048828125,-436.0193481445313,-256.3350524902344,2381.767578125,-451.1336364746094,-184.3092498779297,2442.198974609375,174.703125,41.01200485229492,2576.427734375,188.90191650390625,455.6637268066406,2549.0263671875,200.28123474121097,829.0671997070312,2684.479248046875,265.8253173828125,964.6895141601562,2561.31201171875,-3.904156446456909,40.36203384399414,2599.578369140625,-47.40385055541992,452.8961486816406,2578.603759765625,-71.20299530029297,836.1174926757812,2696.16943359375,-113.8608169555664,939.8108520507812,2556.61328125,98.37496948242188,-593.6137084960938,2491.328369140625,63.8642463684082,-510.5182495117187,2350.763916015625,97.21236419677734,-557.9007568359375,2346.032958984375,180.21157836914065,-622.17236328125,2425.51171875,43.54051208496094,-560.158935546875,2353.97509765625,12.080855369567873,-648.8995971679688,2452.22802734375
85.2534408569336,42.757049560546875,2589.6455078125,84.65739440917969,-140.66455078125,2572.1328125,83.3370132446289,-286.675537109375,2552.700927734375,103.75759887695312,-508.1007995605469,2523.87548828125,131.81320190429688,-467.0631408691406,2514.314208984375,242.31838989257812,-405.9996337890625,2437.779052734375,250.42703247070312,-137.3758087158203,2341.697509765625,32.300621032714844,-226.73919677734375,2299.083251953125,-26.52727508544922,-294.6210021972656,2341.76611328125,-113.49211883544922,-230.23683166503903,2314.4541015625,-100.13103485107422,-263.442138671875,2296.580810546875,70.03169250488281,-476.1107482910156,2544.842041015625,-59.45379257202149,-460.1745300292969,2582.625244140625,-289.133056640625,-284.0415954589844,2554.4814453125,-389.7784729003906,-243.2061767578125,2337.5810546875,-487.2908020019531,-199.15411376953125,2341.71240234375,-379.8743591308594,-218.30239868164065,2353.013916015625,-474.9409484863281,-214.75454711914065,2394.903564453125,178.32180786132812,43.823543548583984,2575.30810546875,198.98350524902344,455.6783447265625,2545.280029296875,203.77670288085935,826.0706787109375,2682.850830078125,266.5745544433594,964.5553588867188,2563.208984375,1.3295934200286863,41.79534530639648,2602.574462890625,-47.97339630126953,451.3464965820313,2582.026123046875,-69.9730224609375,834.5886840820312,2691.948486328125,-115.66585540771484,940.0975341796876,2556.046630859375,105.09840393066406,-589.2545166015625,2500.856201171875,70.16316223144531,-519.3812866210938,2354.433349609375,100.01702880859376,-568.8760986328125,2353.561279296875,181.61587524414065,-629.7330932617188,2435.905517578125,46.99978256225586,-566.6600952148438,2363.565673828125,14.366765975952148,-641.9955444335938,2471.132568359375
85.41786193847656,42.23590850830078,2582.2236328125,83.7527084350586,-142.66036987304688,2571.111328125,80.53422546386719,-289.83294677734375,2554.98681640625,88.85980987548828,-513.4258422851562,2527.590576171875,119.77049255371094,-473.9612426757813,2518.8125,235.80328369140625,-420.0305786132813,2443.590576171875,211.24253845214844,-157.70626831054688,2329.97607421875,-18.36176300048828,-228.82797241210935,2315.24755859375,-67.5150146484375,-288.82781982421875,2378.3349609375,-155.61846923828125,-219.37823486328125,2377.068115234375,-136.36746215820312,-278.276123046875,2334.7939453125,56.204872131347656,-479.19976806640625,2547.34814453125,-75.19778442382812,-449.58203125,2569.732421875,-335.5680847167969,-347.2858581542969,2484.80419921875,-524.6651611328125,-285.6740417480469,2343.676025390625,-603.295166015625,-268.4188232421875,2272.203857421875,-553.5466918945312,-252.60740661621097,2369.343994140625,-600.7117919921875,-243.69354248046875,2249.032470703125,177.0421600341797,42.84270477294922,2558.397216796875,195.61341857910156,457.74169921875,2541.323974609375,206.30662536621097,827.4837036132812,2686.176025390625,267.5034484863281,966.467529296875,2564.62890625,2.7962028980255127,41.68872833251953,2603.708984375,-54.305084228515625,452.5909423828125,2586.25634765625,-67.4754638671875,841.5844116210938,2684.510009765625,-118.14346313476562,947.5216674804688,2549.4638671875,86.1834716796875,-595.0833129882812,2504.820556640625,75.46841430664062,-523.198486328125,2354.64013671875,104.13006591796876,-573.6507568359375,2357.879150390625,171.20545959472656,-637.2286987304688,2451.603271484375,49.98521041870117,-570.2122802734375,2359.73974609375,-0.6001414656639099,-645.7521362304688,2460.93896484375
86.09183502197266,42.33015060424805,2581.9580078125,84.6615219116211,-142.6875457763672,2570.782958984375,81.66964721679688,-289.9747009277344,2554.757080078125,91.2767562866211,-513.759521484375,2528.12548828125,121.9839324951172,-474.124267578125,2519.207275390625,236.89263916015625,-419.6392517089844,2442.47998046875,207.86837768554688,-159.2882843017578,2324.964599609375,-21.703094482421875,-232.042236328125,2316.350341796875,-67.489990234375,-292.04461669921875,2382.02099609375,-157.97471618652344,-225.81802368164065,2387.529541015625,-138.41921997070312,-282.2580261230469,2342.5966796875,58.40336608886719,-479.6282653808594,2547.7734375,-73.58268737792969,-449.5139770507813,2566.280029296875,-326.4530944824219,-344.8213806152344,2462.93798828125,-491.85687255859375,-292.6832275390625,2291.260986328125,-570.8914794921875,-275.8988037109375,2220.015625,-535.4338989257812,-262.6199645996094,2323.667236328125,-583.8555297851562,-248.5538787841797,2209.67431640625,177.77842712402344,43.06087875366211,2558.125,195.1033172607422,458.2878723144531,2540.995361328125,206.1630859375,828.749267578125,2684.701171875,265.4373474121094,967.2643432617188,2561.470947265625,3.413990020751953,41.67121505737305,2603.449462890625,-53.976898193359375,452.8091735839844,2585.935791015625,-67.57884979248047,841.9916381835938,2684.471435546875,-118.10540771484376,948.5680541992188,2549.718017578125,89.06634521484375,-595.5642700195312,2505.6259765625,79.8829116821289,-525.9059448242188,2354.17724609375,108.42053985595705,-576.3960571289062,2358.449462890625,174.5359344482422,-638.7203369140625,2453.806396484375,54.23270034790039,-572.8147583007812,2359.760009765625,2.519270420074463,-646.748779296875,2461.69384765625
92.95027923583984,41.05997085571289,2578.398193359375,90.7430419921875,-142.5477752685547,2562.67724609375,84.27527618408203,-286.4933776855469,2531.938232421875,96.05767059326172,-510.4012451171875,2527.123291015625,126.68439483642578,-471.736328125,2515.6923828125,249.1163024902344,-433.30853271484375,2442.616943359375,159.7633514404297,-185.8889617919922,2331.767333984375,-76.82376861572266,-222.75196838378903,2340.196044921875,-76.3012466430664,-308.8143005371094,2390.06982421875,-157.06521606445312,-231.8856506347656,2385.8046875,-147.24237060546875,-327.72381591796875,2366.402099609375,62.467472076416016,-475.0660705566406,2542.107666015625,-70.02130126953125,-446.0491333007813,2549.85302734375,-322.3793640136719,-381.72467041015625,2420.322021484375,-491.33843994140625,-344.9023132324219,2250.13720703125,-581.0881958007812,-350.7438049316406,2191.9853515625,-641.816650390625,-322.1998596191406,2278.787841796875,-575.4647216796875,-310.524658203125,2160.53466796875,184.1662139892578,41.97276306152344,2554.930908203125,194.05726623535156,455.2459106445313,2543.648193359375,208.97215270996097,827.8726196289062,2674.518798828125,270.52435302734375,968.3067626953124,2556.451171875,10.696858406066896,40.23686599731445,2599.559814453125,-48.7657356262207,449.02923583984375,2597.3359375,-71.09561920166016,840.0821533203125,2675.328857421875,-118.6617202758789,953.96044921875,2546.990478515625,95.16193389892578,-593.5067749023438,2512.5263671875,77.05921936035156,-533.8401489257812,2358.690673828125,104.74077606201172,-584.2905883789062,2364.30712890625,175.64254760742188,-641.5252075195312,2458.362548828125,51.15218353271485,-579.4420776367188,2368.968505859375,5.4306864738464355,-645.1378784179688,2478.109375
90.5693359375,45.78260803222656,2577.805419921875,86.92386627197266,-138.21835327148438,2559.08935546875,78.0044937133789,-281.3399353027344,2522.931640625,94.28102111816406,-505.8619995117187,2521.974609375,124.25798034667967,-466.6536560058594,2509.848388671875,247.53904724121097,-428.8113403320313,2436.769775390625,140.6123046875,-186.9274749755859,2326.490966796875,-91.93338775634766,-244.3932647705078,2347.855712890625,-80.28379821777344,-328.0830383300781,2401.046875,-174.74874877929688,-270.1858215332031,2417.697998046875,-148.49847412109375,-354.3775634765625,2387.90625,59.8570556640625,-470.81494140625,2536.386962890625,-74.00962829589844,-445.4739685058594,2542.040283203125,-323.1541442871094,-397.4368286132813,2397.61767578125,-510.7871398925781,-364.45318603515625,2245.908203125,-541.4693603515625,-379.2334899902344,2143.9404296875,-607.1821899414062,-357.9443664550781,2229.7119140625,-550.057861328125,-364.6933288574219,2124.922119140625,181.5703582763672,46.58680725097656,2552.17431640625,187.9429931640625,461.6206970214844,2556.140625,209.078125,834.6767578125,2689.40966796875,264.58929443359375,964.6387329101562,2556.138671875,8.509710311889648,45.05742263793945,2600.918212890625,-44.47121047973633,456.3136596679687,2600.585693359375,-63.43564987182617,850.3184204101562,2672.051025390625,-125.8183135986328,952.9765625,2539.72412109375,95.04479217529295,-589.521484375,2508.760986328125,56.376502990722656,-534.22412109375,2356.419677734375,88.8670883178711,-582.2022705078125,2359.6943359375,173.84266662597656,-631.6488037109375,2446.9453125,35.59798049926758,-581.850341796875,2369.756103515625,6.794989109039307,-649.4522705078125,2484.02197265625
83.96388244628906,41.432010650634766,2580.866943359375,84.70989990234375,-142.04928588867188,2552.69384765625,77.941650390625,-282.9984436035156,2506.7431640625,96.64541625976562,-507.9836120605469,2514.671875,126.6681671142578,-468.7703247070313,2501.943603515625,251.3265686035156,-429.72271728515625,2430.808349609375,132.128173828125,-186.70013427734375,2333.805908203125,-95.48252868652344,-252.24575805664065,2380.050537109375,-89.79264068603516,-340.8312072753906,2426.51611328125,-179.084716796875,-274.34344482421875,2410.793212890625,-148.68841552734375,-370.0246887207031,2390.02490234375,61.316162109375,-472.7044067382813,2526.77978515625,-73.1395492553711,-448.1863403320313,2533.503173828125,-316.3511047363281,-392.4350280761719,2379.959716796875,-483.8386840820313,-381.7000732421875,2202.314453125,-528.6971435546875,-372.86663818359375,2104.600830078125,-582.5612182617188,-365.0505981445313,2008.42041015625,-551.7105712890625,-359.7685546875,2097.1044921875,174.6823272705078,46.00772476196289,2553.46923828125,188.63833618164065,462.2747497558594,2560.070556640625,208.02056884765625,837.3632202148438,2692.03125,266.05889892578125,965.9596557617188,2557.52587890625,2.159073829650879,37.30588912963867,2605.572998046875,-48.34334564208984,450.3172607421875,2601.782470703125,-65.26668548583984,845.2692260742188,2676.341552734375,-123.07251739501952,952.4547729492188,2544.682373046875,98.68645477294922,-592.3539428710938,2504.58056640625,47.049442291259766,-541.7864990234375,2353.80908203125,80.59943389892578,-589.3496704101562,2355.8095703125,173.31141662597656,-635.2410278320312,2437.651123046875,28.107349395751953,-589.4724731445312,2370.0966796875,9.44946002960205,-654.4321899414062,2488.492919921875
83.56796264648438,41.89986801147461,2572.9306640625,86.01636505126953,-140.7182159423828,2543.80517578125,80.5650405883789,-281.8106689453125,2499.947021484375,102.81307220458984,-505.6261901855469,2507.915283203125,132.02105712890625,-466.0992736816406,2495.021484375,257.3987121582031,-425.7777404785156,2427.08837890625,135.35365295410156,-186.0232086181641,2328.669921875,-86.49636840820312,-258.78656005859375,2386.087646484375,-90.94108581542967,-349.43603515625,2427.646728515625,-181.09515380859375,-283.11578369140625,2432.213623046875,-128.30015563964844,-372.67816162109375,2378.850830078125,67.13374328613281,-471.0320434570313,2520.16259765625,-67.76233673095703,-452.1868286132813,2525.947509765625,-307.68011474609375,-398.512451171875,2368.605712890625,-486.417236328125,-373.8175659179687,2205.128662109375,-515.1688232421875,-383.3147583007813,2102.0029296875,-562.9006958007812,-362.4591979980469,2005.00244140625,-544.20068359375,-358.4328918457031,2095.128173828125,172.76858520507812,47.987510681152344,2542.25927734375,188.07188415527344,462.3188781738281,2560.224609375,209.2102203369141,836.1454467773438,2691.030029296875,264.9241638183594,965.0543212890624,2556.890869140625,3.1318366527557373,36.41037368774414,2600.58837890625,-47.26169204711914,447.8868713378906,2602.7001953125,-64.29959106445312,842.02099609375,2673.397705078125,-124.24506378173828,951.0693969726562,2545.177490234375,106.12374877929688,-589.6486206054688,2497.91796875,36.96136093139648,-542.3958129882812,2353.93359375,71.59664916992188,-588.9291381835938,2352.627197265625,173.62522888183594,-631.3829345703125,2423.748291015625,21.23649024963379,-590.1434326171875,2372.6259765625,17.590307235717773,-653.827392578125,2492.53662109375
85.41456604003906,38.92396926879883,2572.63818359375,85.91456604003906,-146.36199951171875,2545.906494140625,78.49393463134766,-287.8517761230469,2497.69775390625,101.07196044921876,-514.3402709960938,2507.295654296875,131.0701141357422,-474.3092041015625,2495.340576171875,258.29278564453125,-429.8898620605469,2429.445068359375,136.145263671875,-189.98712158203125,2321.693115234375,-81.02540588378906,-259.881591796875,2406.44921875,-88.40352630615234,-359.83154296875,2419.298583984375,-181.40232849121097,-305.92181396484375,2455.3662109375,-123.66983032226562,-372.8186340332031,2373.459228515625,64.42179870605469,-479.3577575683594,2518.124267578125,-71.66433715820312,-456.5738525390625,2515.9833984375,-320.8133850097656,-405.7720642089844,2365.51953125,-499.2540893554687,-382.891357421875,2197.066650390625,-524.342529296875,-379.3056945800781,2091.265380859375,-564.3224487304688,-357.1360778808594,1989.624267578125,-551.492919921875,-360.97802734375,2086.590576171875,177.45367431640625,42.89976119995117,2546.80224609375,192.62657165527344,462.7054748535156,2547.565673828125,206.48764038085935,836.3890380859375,2693.662841796875,264.62127685546875,962.8908081054688,2554.878173828125,2.41886830329895,35.33881759643555,2595.935791015625,-47.53631591796875,451.9710998535156,2599.091552734375,-62.42234420776367,849.939208984375,2676.45166015625,-125.82547760009766,951.3486938476562,2540.777099609375,104.9811019897461,-599.4111938476562,2497.55517578125,30.76708984375,-546.1666870117188,2355.822265625,66.33658599853516,-592.7095947265625,2351.566162109375,171.89309692382812,-637.4490966796875,2419.0322265625,15.90380859375,-595.4805908203125,2372.984619140625,16.030675888061523,-665.227783203125,2491.462158203125
87.14128875732422,43.05169296264648,2571.385986328125,89.86131286621094,-140.0818328857422,2544.9921875,90.62142181396484,-285.8468017578125,2519.757568359375,108.5158920288086,-509.97418212890625,2507.29638671875,138.21498107910156,-469.9685974121094,2497.189697265625,261.4044494628906,-426.3416442871094,2427.147705078125,143.27561950683594,-189.31382751464844,2317.51806640625,-51.59149932861328,-278.06976318359375,2427.165771484375,-49.53438186645508,-376.7510681152344,2442.434814453125,-146.63905334472656,-427.6722106933594,2419.223876953125,-86.53437042236328,-404.642822265625,2394.83935546875,73.83580017089844,-475.948974609375,2523.491455078125,-60.88069915771485,-454.974365234375,2527.721435546875,-300.5461120605469,-406.8245849609375,2367.923828125,-501.1254577636719,-366.3153076171875,2235.7314453125,-474.4245300292969,-382.9371337890625,2132.894287109375,-559.7347412109375,-360.3323669433594,2066.96142578125,-515.4329833984375,-363.4892883300781,2101.070556640625,176.72959899902344,48.674354553222656,2541.60595703125,189.065673828125,463.7181701660156,2544.18408203125,206.17933654785156,833.2645874023438,2687.787353515625,266.03448486328125,967.5562744140624,2560.743408203125,6.355568885803223,37.98149108886719,2598.240234375,-45.55198669433594,449.5007934570313,2600.839111328125,-65.37812805175781,842.937744140625,2675.834228515625,-123.91678619384766,951.5698852539062,2546.476318359375,109.87570190429688,-592.865966796875,2489.80908203125,22.145919799804688,-561.3384399414062,2351.648681640625,59.03977966308594,-606.1303100585938,2349.927978515625,170.82147216796875,-637.4894409179688,2411.662109375,11.406601905822754,-608.0519409179688,2375.7783203125,25.084148406982425,-661.4682006835938,2499.98681640625
90.36376953125,48.05242919921875,2571.97509765625,90.2562484741211,-133.2303466796875,2547.05908203125,88.3289566040039,-277.2494812011719,2521.459716796875,103.548583984375,-498.9334411621094,2506.928466796875,133.4375,-459.6143798828125,2497.54248046875,261.8034362792969,-430.1375122070313,2433.108642578125,142.27322387695312,-200.8220977783203,2317.072509765625,-19.279033660888672,-323.3594970703125,2441.484375,-15.453946113586426,-418.9329528808594,2466.096435546875,-118.54065704345705,-458.5794677734375,2456.91015625,-49.02117156982422,-459.3992919921875,2471.997314453125,69.53874969482422,-465.0597534179687,2523.07080078125,-64.51470184326172,-450.7295837402344,2527.427490234375,-301.2814636230469,-410.2237854003906,2367.093994140625,-498.8444519042969,-376.4083557128906,2233.452392578125,-459.7745361328125,-391.5842895507813,2135.717529296875,-552.8425903320312,-374.2504577636719,2081.81689453125,-509.5818176269531,-365.0264892578125,2095.32421875,179.43260192871094,51.88386154174805,2543.7138671875,186.783447265625,462.4313659667969,2545.034423828125,204.4674072265625,830.1415405273438,2680.943359375,266.07562255859375,967.7860717773438,2561.863525390625,10.046497344970703,44.59745788574219,2597.459228515625,-46.46378707885742,450.85931396484375,2596.966552734375,-66.64885711669922,839.3984985351562,2673.658447265625,-121.35128784179688,952.614013671875,2549.385009765625,104.06291961669922,-580.728515625,2488.78564453125,10.541640281677246,-574.4157104492188,2353.22021484375,51.62797546386719,-614.4803466796875,2354.82958984375,166.6073760986328,-626.5266723632812,2414.342041015625,5.769711017608643,-618.5256958007812,2382.3330078125,28.53624153137207,-655.5684204101562,2509.490478515625
91.21994018554688,47.70122528076172,2571.96728515625,91.76922607421876,-132.43463134765625,2550.63623046875,91.49276733398438,-276.0771484375,2530.721435546875,101.02239227294922,-495.8446044921875,2512.307373046875,131.41282653808594,-457.4270935058594,2503.1328125,256.7257385253906,-430.69342041015625,2434.517822265625,152.6260986328125,-197.8170623779297,2316.71435546875,-8.331521987915039,-326.616455078125,2431.239013671875,-1.7142454385757446,-419.2809753417969,2462.14501953125,-93.95610809326172,-478.3733215332031,2470.50390625,-43.75442123413086,-458.4154357910156,2469.501953125,68.415771484375,-461.7573547363281,2529.486328125,-64.0424575805664,-445.8136901855469,2538.43701171875,-286.80694580078125,-405.3634033203125,2363.22021484375,-474.3900146484375,-371.0080871582031,2219.478271484375,-454.34417724609375,-398.7926635742187,2119.783203125,-540.4412231445312,-359.0660400390625,2068.101806640625,-481.37060546875,-367.4856262207031,2084.397216796875,181.2037353515625,50.59593963623047,2549.83935546875,186.3874664306641,457.5691833496094,2544.330078125,206.1714324951172,824.9503173828125,2670.690185546875,266.1594543457031,972.9832153320312,2566.912841796875,10.077588081359863,45.0909309387207,2591.92138671875,-44.49277114868164,448.0177917480469,2591.6005859375,-64.34925079345703,830.28564453125,2681.070556640625,-116.92799377441406,946.6240234375,2561.0146484375,99.25980377197266,-576.5911865234375,2492.938720703125,20.251564025878903,-572.094482421875,2350.001220703125,58.10718536376953,-613.9364013671875,2357.41552734375,165.03240966796875,-629.267578125,2427.744384765625,10.111124992370604,-613.9058227539062,2380.2705078125,18.331398010253903,-645.1992797851562,2509.498046875
89.20809173583984,47.8432731628418,2566.41845703125,91.13394165039062,-132.6833953857422,2550.47900390625,91.01876068115234,-276.3824157714844,2531.9248046875,97.68177795410156,-496.5626831054687,2520.96728515625,128.75408935546875,-458.9300231933594,2511.083984375,253.22116088867188,-434.5646362304687,2440.345458984375,164.09930419921875,-195.3816375732422,2323.474365234375,-1.334264874458313,-323.0205078125,2432.364013671875,6.553092956542969,-415.4527587890625,2463.400634765625,-83.90848541259766,-476.7969970703125,2473.557373046875,-40.34435272216797,-454.27886962890625,2468.631591796875,65.30426788330078,-461.5030822753906,2536.408447265625,-66.93209838867188,-442.9906921386719,2540.833251953125,-276.8434753417969,-394.3954162597656,2352.695068359375,-453.3468017578125,-353.3440856933594,2197.4765625,-444.70599365234375,-406.7908630371094,2107.12939453125,-532.5130615234375,-368.2075500488281,2057.702392578125,-481.4419860839844,-368.6458740234375,2061.60888671875,178.33343505859375,51.00495910644531,2541.378173828125,187.98843383789065,457.5256958007813,2548.24658203125,208.67062377929688,824.8035888671875,2673.73046875,262.0257263183594,971.8798828125,2565.37255859375,8.839845657348633,44.992244720458984,2588.998046875,-46.72189712524414,447.3962097167969,2583.7470703125,-62.971099853515625,829.0572509765625,2675.031005859375,-117.83007049560548,947.2091064453124,2558.025146484375,95.0920867919922,-577.8072509765625,2504.263427734375,28.53879737854004,-571.3484497070312,2355.34521484375,64.96556091308594,-613.7782592773438,2365.640380859375,165.25595092773438,-631.1253051757812,2444.549072265625,15.263786315917969,-613.1146850585938,2384.359619140625,12.097526550292969,-645.1671142578125,2513.505615234375
92.93953704833984,46.896183013916016,2568.493408203125,91.07987213134766,-133.99374389648438,2552.202392578125,87.449951171875,-277.354248046875,2529.415283203125,91.45629119873048,-498.10748291015625,2519.09130859375,124.0673370361328,-460.9385070800781,2512.374755859375,252.56951904296875,-434.1970825195313,2449.50048828125,173.91758728027344,-195.65721130371097,2322.755859375,3.9760172367095943,-324.87725830078125,2423.649658203125,14.198647499084473,-416.3717651367187,2457.33837890625,-77.09259033203125,-477.3744812011719,2464.148193359375,-33.952945709228516,-456.1653137207031,2465.5322265625,58.21922302246094,-462.407470703125,2531.241455078125,-72.05207824707031,-437.4632873535156,2512.985595703125,-283.8327941894531,-388.2215576171875,2326.1728515625,-461.1033020019531,-346.8604431152344,2171.116455078125,-452.6266479492187,-417.8633728027344,2093.47216796875,-531.6880493164062,-400.724853515625,2021.7239990234375,-491.5059509277344,-378.39801025390625,2035.8831787109375,183.6302490234375,47.74688720703125,2548.694580078125,194.53656005859375,455.06689453125,2539.322998046875,208.90777587890625,821.0835571289062,2671.7880859375,270.7940368652344,966.9080200195312,2565.57177734375,11.159725189208984,46.12906646728515,2586.3466796875,-42.89019012451172,449.6599731445313,2586.982421875,-63.48601150512695,831.6526489257812,2679.654052734375,-110.65203094482422,949.4058227539062,2558.401611328125,89.17528533935547,-579.4956665039062,2502.150390625,23.34473991394043,-573.607177734375,2352.501220703125,61.72126388549805,-614.550048828125,2362.4072265625,162.34873962402344,-628.5704345703125,2442.00048828125,11.799001693725586,-616.5257568359375,2380.77001953125,9.181495666503906,-650.9521484375,2509.614501953125
93.23743438720705,46.3363037109375,2567.581787109375,90.6911392211914,-133.66624450683594,2552.822998046875,87.44620513916016,-276.9527893066406,2535.217529296875,90.71892547607422,-496.4142456054687,2523.3681640625,123.2630615234375,-459.5082702636719,2516.93212890625,251.12139892578125,-435.4736328125,2453.51708984375,181.5899658203125,-194.7194671630859,2329.1015625,7.327541828155518,-319.1083679199219,2425.543212890625,16.746604919433594,-409.9541015625,2459.641845703125,-67.75072479248047,-478.470703125,2471.203125,-28.98653984069824,-449.3527221679687,2468.548095703125,57.788421630859375,-460.8943481445313,2535.7294921875,-72.28729248046875,-435.4375915527344,2523.074462890625,-268.2831726074219,-376.3522338867187,2324.678955078125,-413.1833801269531,-334.7684020996094,2140.775146484375,-431.6376647949219,-430.85247802734375,2102.748779296875,-515.3729858398438,-407.2693481445313,2039.541259765625,-486.4283447265625,-393.4195251464844,2034.553955078125,183.61932373046875,46.598876953125,2548.7861328125,193.505859375,451.79095458984375,2547.70654296875,202.73910522460935,819.7124633789062,2668.50634765625,265.53924560546875,967.1547241210938,2567.060546875,11.736109733581545,46.09952926635742,2584.53076171875,-45.054443359375,446.9740295410156,2583.738037109375,-65.1263427734375,826.9693603515625,2675.48876953125,-109.74286651611328,949.6576538085938,2559.691162109375,88.17942810058594,-577.2201538085938,2505.9404296875,22.172182083129883,-573.2369995117188,2357.298583984375,58.27745819091797,-615.4776611328125,2368.408447265625,157.99911499023438,-631.732666015625,2447.558349609375,8.71076488494873,-614.267578125,2386.947509765625,5.167543888092041,-643.8263549804688,2516.214111328125
90.84227752685548,46.2778434753418,2565.066162109375,85.64033508300781,-134.483154296875,2548.933349609375,80.81595611572266,-278.6297302246094,2532.649169921875,80.79518127441406,-499.3897399902344,2523.8193359375,114.67488861083984,-463.0016174316406,2519.810546875,245.80252075195312,-437.99176025390625,2461.9912109375,210.29263305664065,-191.1776885986328,2331.96826171875,17.48499298095703,-294.5336608886719,2420.583984375,43.22528839111328,-381.8792419433594,2456.787109375,-39.44545364379883,-453.8132629394531,2465.871337890625,-9.112726211547852,-428.7171630859375,2461.86328125,47.43803024291992,-462.90777587890625,2532.8212890625,-80.94674682617188,-434.3682556152344,2508.04931640625,-290.5307312011719,-367.6240234375,2324.406982421875,-403.6793518066406,-348.88525390625,2114.703369140625,-434.7420349121094,-441.3208923339844,2074.414794921875,-472.4385681152344,-409.7026672363281,1978.1778564453125,-471.2069396972656,-400.4137878417969,2018.4761962890625,181.86492919921875,45.26491928100586,2547.065673828125,193.4475555419922,452.3971862792969,2537.913330078125,202.1045379638672,818.6412353515625,2669.75634765625,265.6485900878906,965.998046875,2566.83056640625,8.763141632080078,47.19124221801758,2581.2978515625,-45.52509307861328,450.5130615234375,2579.929443359375,-62.708885192871094,830.9401245117188,2678.81494140625,-112.17403411865234,950.6727905273438,2560.562255859375,78.1981201171875,-580.7894897460938,2507.15576171875,28.066679000854492,-579.7115478515625,2351.50830078125,65.61173248291016,-619.8672485351562,2366.4189453125,157.61912536621094,-630.4829711914062,2456.225830078125,14.11037540435791,-621.9913330078125,2379.6103515625,-1.3888702392578125,-653.0068969726562,2508.3564453125
85.60120391845703,45.47154998779297,2559.48486328125,80.7876968383789,-134.65130615234375,2542.4365234375,77.65669250488281,-279.042724609375,2533.620361328125,82.623046875,-499.0465087890625,2524.411865234375,115.65889739990234,-462.0306701660156,2521.08251953125,247.16091918945312,-433.8390197753906,2466.818603515625,235.50460815429688,-181.5727081298828,2345.07763671875,38.28798294067383,-275.1934814453125,2432.862548828125,53.88814163208008,-365.7010803222656,2466.15087890625,-31.805448532104492,-433.1438598632813,2477.3212890625,0.4903338849544525,-404.52001953125,2439.98828125,48.42506790161133,-463.4352416992187,2532.861083984375,-80.59934997558594,-438.9696960449219,2509.31982421875,-303.9920959472656,-347.3046569824219,2356.708251953125,-376.46197509765625,-348.88623046875,2129.724609375,-414.4210205078125,-446.7437744140625,2122.899658203125,-415.4057922363281,-409.4575500488281,2021.811767578125,-416.3934631347656,-420.82122802734375,2020.305419921875,177.0740966796875,44.32593536376953,2545.76171875,193.2327117919922,450.0762634277344,2538.417236328125,200.7489776611328,816.9513549804688,2664.91259765625,265.96783447265625,966.0972900390624,2566.81689453125,3.116078615188598,46.50459671020508,2571.85986328125,-49.18614959716797,448.76904296875,2578.287109375,-64.12644958496094,828.2724609375,2676.2421875,-111.85016632080078,952.3184204101562,2562.61474609375,82.11070251464844,-580.1940307617188,2507.606201171875,23.788257598876953,-576.2998657226562,2355.427490234375,60.9765625,-617.3726196289062,2367.8544921875,157.15721130371094,-631.0913696289062,2452.125,10.391758918762209,-618.3917236328125,2383.77783203125,1.207675814628601,-650.2675170898438,2512.4921875
85.51691436767578,42.10789108276367,2555.70458984375,81.664306640625,-138.6682891845703,2544.373779296875,79.62661743164062,-283.4734802246094,2546.6943359375,83.33103942871094,-503.33148193359375,2530.68115234375,116.63868713378906,-466.39752197265625,2528.6748046875,244.6635284423828,-427.5900573730469,2472.304443359375,272.609375,-175.65267944335938,2351.896240234375,70.62296295166016,-289.76446533203125,2392.5859375,61.518096923828125,-370.94281005859375,2446.337890625,-20.453550338745117,-431.1896667480469,2487.466796875,4.617359638214111,-399.8182067871094,2417.73193359375,49.266815185546875,-467.7538757324219,2540.05712890625,-79.66851043701172,-440.7106018066406,2518.15234375,-310.3013000488281,-322.11669921875,2397.7216796875,-333.34716796875,-361.9686279296875,2163.6923828125,-378.0272521972656,-455.9986877441406,2147.956298828125,-341.0353088378906,-413.6748046875,2055.905029296875,-349.4691162109375,-431.0780334472656,2047.851806640625,177.7122802734375,40.67461395263672,2547.22412109375,192.92355346679688,446.8755798339844,2540.433837890625,199.4596405029297,814.3558349609375,2666.411376953125,259.535888671875,967.8295288085938,2571.38818359375,2.3803040981292725,43.40034103393555,2563.351806640625,-52.16899490356445,445.78265380859375,2569.177734375,-61.15043258666992,824.8926391601562,2670.875244140625,-112.12849426269533,950.7642211914062,2560.4462890625,82.42495727539062,-583.9952392578125,2511.3466796875,38.08700180053711,-560.6447143554688,2356.05078125,73.13128662109375,-604.1009521484375,2366.739013671875,161.10275268554688,-630.587646484375,2456.921142578125,21.257251739501953,-605.3189086914062,2377.991455078125,-0.189090147614479,-651.5806274414062,2500.88525390625
84.40644073486328,42.31480026245117,2549.24658203125,79.9311294555664,-140.6105499267578,2547.09765625,76.33950805664062,-286.259765625,2560.336669921875,78.55289459228516,-507.2031555175781,2532.6103515625,112.59891510009766,-470.22796630859375,2533.748046875,242.68003845214844,-429.1803894042969,2479.954833984375,309.291015625,-174.51792907714844,2374.82421875,99.79557800292967,-287.2093811035156,2371.884521484375,72.18262481689453,-366.2694396972656,2424.251220703125,-3.8136839866638184,-436.5441284179687,2463.873046875,19.02242660522461,-390.8255615234375,2387.77783203125,44.170536041259766,-471.4247131347656,2542.7392578125,-84.60336303710938,-437.25628662109375,2521.630126953125,-310.21990966796875,-290.4295959472656,2416.986572265625,-303.6946716308594,-350.37255859375,2183.742919921875,-286.320068359375,-454.3870544433594,2197.477294921875,-233.71926879882812,-410.4012756347656,2112.82177734375,-260.4222412109375,-429.7559509277344,2099.16650390625,177.90451049804688,40.0252685546875,2549.42333984375,195.04502868652344,450.2628479003906,2544.247802734375,202.35594177246097,821.5545654296875,2671.10693359375,266.8851013183594,966.0245361328124,2562.07373046875,0.0951141119003295,44.37937545776367,2549.087158203125,-52.668270111083984,450.5093078613281,2572.048583984375,-66.924560546875,830.6590576171875,2684.05029296875,-108.888427734375,950.39306640625,2560.9296875,77.56758117675781,-587.5267944335938,2508.78955078125,41.53842544555664,-565.5453491210938,2349.46435546875,77.44988250732422,-608.3975830078125,2362.5068359375,161.45257568359375,-632.4375610351562,2458.80712890625,24.52702522277832,-611.08447265625,2370.747802734375,-3.15093994140625,-658.1447143554688,2493.5478515625
83.91800689697266,42.35295486450195,2552.747802734375,78.82786560058594,-141.32217407226562,2547.922119140625,74.99614715576172,-287.85601806640625,2558.23681640625,79.50093078613281,-509.6393737792969,2529.51611328125,113.31576538085938,-472.1551208496094,2530.811767578125,244.4676818847656,-424.1242370605469,2484.076416015625,358.4189758300781,-178.95388793945312,2394.816162109375,153.34620666503906,-283.3731384277344,2330.440673828125,129.58395385742188,-356.3724060058594,2393.281494140625,22.98448944091797,-385.603759765625,2406.539794921875,52.31629943847656,-371.8819580078125,2358.498046875,44.59659957885742,-474.0977783203125,2539.82373046875,-87.01016235351562,-445.06646728515625,2525.84765625,-317.2181396484375,-286.5587463378906,2448.152099609375,-279.60675048828125,-324.8958740234375,2212.201171875,-223.4965057373047,-415.3610229492187,2221.052978515625,-179.29701232910156,-363.92633056640625,2135.17431640625,-209.6680450439453,-396.8012390136719,2139.51513671875,177.81423950195312,39.79072570800781,2551.228759765625,198.6895446777344,451.5697326660156,2540.027099609375,202.55059814453125,824.3724365234375,2668.029541015625,272.8349609375,969.0364379882812,2561.322265625,-0.7523670792579651,44.663429260253906,2554.117431640625,-39.95295333862305,454.3608093261719,2573.315185546875,-66.21944427490234,835.4395141601562,2686.2607421875,-107.5413818359375,950.7487182617188,2557.685302734375,79.34302520751953,-590.2326049804688,2505.272216796875,50.71483612060547,-568.5753784179688,2343.65478515625,87.05829620361328,-610.8212280273438,2358.486083984375,167.01705932617188,-633.290283203125,2459.288330078125,33.62710189819336,-614.7481079101562,2364.086669921875,0.7721520662307739,-662.9502563476562,2485.820556640625
78.03581237792969,40.94619369506836,2553.100341796875,75.40965270996094,-142.65048217773438,2547.44873046875,73.17037200927734,-289.36480712890625,2553.62060546875,81.73597717285156,-510.9381103515625,2525.213623046875,114.8545913696289,-472.8797607421875,2526.612548828125,245.04296875,-417.55120849609375,2485.91162109375,394.7679748535156,-181.63720703125,2432.116943359375,207.0592041015625,-282.90496826171875,2324.662353515625,190.001220703125,-354.4775390625,2391.126708984375,93.5497817993164,-332.7004089355469,2340.11474609375,106.30342864990234,-373.3902587890625,2340.3984375,46.18086624145508,-476.0302429199219,2535.315185546875,-86.35965728759766,-451.4049072265625,2522.5166015625,-324.11212158203125,-288.9169006347656,2488.888427734375,-279.3294372558594,-324.6914978027344,2253.93310546875,-183.75543212890625,-363.2397766113281,2226.05712890625,-159.70384216308594,-331.056396484375,2124.341064453125,-195.2912750244141,-380.8746948242187,2206.20263671875,171.90652465820312,39.56544494628906,2554.3359375,198.94039916992188,450.7284240722656,2542.497314453125,195.35482788085935,823.2823486328125,2670.528076171875,272.5611572265625,961.7286987304688,2560.60693359375,-6.61154842376709,42.1912727355957,2551.986328125,-44.46722412109375,452.0783081054687,2562.937744140625,-66.43645477294922,828.2507934570312,2691.37158203125,-108.73133087158205,944.4691772460938,2564.079833984375,83.11693572998047,-591.5030517578125,2501.083740234375,63.653663635253906,-568.03515625,2338.45703125,96.33556365966795,-612.5872192382812,2354.8486328125,169.73597717285156,-640.31103515625,2459.171875,42.5882453918457,-612.930419921875,2357.91796875,0.9142262935638428,-658.7694702148438,2477.763916015625
76.6056137084961,41.69972229003906,2552.262939453125,75.21444702148438,-140.9746551513672,2545.08984375,73.84163665771484,-287.0318298339844,2550.287353515625,79.6146240234375,-508.1070556640625,2526.0234375,113.13739013671876,-470.7487487792969,2527.8720703125,249.30084228515625,-427.7450866699219,2495.169189453125,405.6339721679687,-196.14654541015625,2449.1982421875,222.01666259765625,-303.958251953125,2343.59912109375,205.2585601806641,-373.726318359375,2411.337646484375,108.77207946777344,-366.202392578125,2357.537109375,97.74739837646484,-368.8619689941406,2366.748779296875,44.50263977050781,-472.6322937011719,2534.311767578125,-87.26505279541016,-449.0090942382813,2518.794677734375,-324.2003479003906,-284.5557861328125,2510.36767578125,-257.93902587890625,-271.73944091796875,2279.3388671875,-165.67337036132812,-324.3663024902344,2281.7314453125,-138.54737854003906,-296.0736083984375,2180.195556640625,-165.01632690429688,-338.47271728515625,2274.494384765625,170.01393127441406,40.90096282958984,2554.48876953125,198.67547607421875,450.0228576660156,2544.68896484375,197.7499237060547,821.079833984375,2671.300048828125,270.411376953125,961.667236328125,2562.62646484375,-7.624782562255859,42.41999435424805,2550.256103515625,-47.03071594238281,450.0209655761719,2565.901611328125,-66.15169525146484,827.183349609375,2685.686279296875,-106.56200408935548,946.6979370117188,2562.072509765625,80.44158935546875,-588.7012329101562,2503.41845703125,65.3515625,-556.6574096679688,2342.607421875,99.26954650878906,-600.4578857421875,2357.4716796875,170.0413818359375,-631.0075073242188,2462.039306640625,45.77739715576172,-603.2568969726562,2358.614990234375,2.500763177871704,-657.5769653320312,2473.519287109375
74.70185852050781,40.79241943359375,2554.476318359375,72.34053802490234,-143.0679168701172,2546.191162109375,70.17301177978516,-290.2002868652344,2546.494140625,75.5088119506836,-512.6281127929688,2520.643310546875,109.40422058105467,-475.27294921875,2524.236328125,247.5283660888672,-429.686767578125,2499.83642578125,437.6268310546875,-217.58013916015625,2487.285400390625,264.7050476074219,-320.8907775878906,2358.1162109375,237.57327270507812,-388.5280456542969,2425.6337890625,164.60494995117188,-342.64031982421875,2354.93896484375,140.2627410888672,-385.2874450683594,2386.255615234375,40.077362060546875,-476.72265625,2527.73583984375,-91.29936981201172,-450.12298583984375,2506.7197265625,-321.572265625,-276.97198486328125,2543.894775390625,-242.16714477539065,-257.3277282714844,2315.799560546875,-158.96990966796875,-324.5548095703125,2316.7158203125,-152.1564178466797,-313.43267822265625,2207.917236328125,-158.67115783691406,-337.65948486328125,2315.76513671875,168.68910217285156,39.41557693481445,2558.24365234375,198.2727508544922,451.1338195800781,2543.9326171875,195.35107421875,824.1136474609375,2673.11083984375,272.9580993652344,961.6533813476562,2561.680419921875,-10.050572395324709,42.03398132324219,2551.0791015625,-48.75975036621094,452.6572265625,2561.8046875,-65.35501861572266,830.2787475585938,2689.206787109375,-109.72502136230467,946.1182250976562,2561.791259765625,76.76376342773438,-593.6049194335938,2497.32421875,74.00736999511719,-550.5066528320312,2337.264404296875,105.08858489990234,-597.0587158203125,2351.46142578125,167.62319946289062,-637.79736328125,2458.86767578125,51.20714569091797,-597.3377685546875,2348.934326171875,-2.4646623134613037,-657.0400390625,2457.6875
73.45000457763672,40.975830078125,2553.490234375,71.37435913085938,-142.75091552734375,2544.3154296875,69.49989318847656,-289.8044128417969,2542.82470703125,71.20601654052734,-512.14990234375,2516.76953125,105.66138458251952,-475.27593994140625,2519.54931640625,245.51597595214844,-441.82415771484375,2487.12939453125,442.6202392578125,-236.0317840576172,2487.12451171875,272.80975341796875,-367.0132141113281,2381.251220703125,247.91358947753903,-420.94879150390625,2460.81640625,165.65182495117188,-390.7656555175781,2391.990234375,156.86476135253906,-430.8424682617187,2436.082763671875,36.46284866333008,-475.79498291015625,2524.735595703125,-95.20047760009766,-446.6539916992187,2510.392822265625,-302.48199462890625,-268.49810791015625,2608.35693359375,-239.26454162597656,-278.8642272949219,2374.788330078125,-158.7101593017578,-349.11517333984375,2377.263916015625,-158.0197296142578,-326.5845947265625,2270.08740234375,-188.48318481445312,-359.2471008300781,2302.255615234375,167.40408325195312,39.743534088134766,2556.911376953125,198.8905029296875,451.1466064453125,2543.771484375,196.4222412109375,823.781494140625,2673.334228515625,270.8472595214844,961.6557006835938,2560.330078125,-11.272527694702148,42.08704376220703,2550.405029296875,-50.592620849609375,452.4382629394531,2561.16064453125,-67.2241439819336,829.1242065429688,2690.66796875,-108.70203399658205,947.1179809570312,2564.38720703125,70.80118560791016,-593.0769653320312,2493.404052734375,74.7771224975586,-539.59375,2336.624755859375,104.3861083984375,-587.6175537109375,2348.802001953125,162.0889892578125,-636.6171875,2455.376708984375,50.66666030883789,-586.5531005859375,2344.35595703125,-8.095344543457031,-652.0093994140625,2446.90380859375
66.30487823486328,46.502906799316406,2555.042724609375,66.13785552978516,-137.03915405273438,2544.713623046875,65.74348449707031,-283.94256591796875,2540.471435546875,65.35286712646484,-506.0304260253906,2513.588623046875,100.1601791381836,-469.6716003417969,2517.751953125,244.34225463867188,-442.7483825683594,2504.1796875,455.7957763671875,-252.2179412841797,2512.375732421875,302.2086181640625,-322.33697509765625,2343.226806640625,260.2427978515625,-395.9399108886719,2394.864990234375,151.9842987060547,-405.9253845214844,2370.838623046875,193.7311553955078,-396.46917724609375,2412.98388671875,30.870269775390625,-469.2569580078125,2520.450927734375,-101.40281677246094,-439.8136901855469,2520.107421875,-297.33563232421875,-260.2967529296875,2636.56591796875,-234.53990173339844,-283.3222351074219,2403.974609375,-157.4755859375,-351.7830505371094,2375.906982421875,-163.44358825683594,-331.599609375,2268.5087890625,-189.24061584472656,-350.30877685546875,2309.1416015625,160.0629425048828,46.075828552246094,2561.11572265625,192.7489318847656,457.2574157714844,2555.819091796875,193.27508544921875,830.2990112304688,2683.3369140625,270.7702941894531,957.75341796875,2560.807373046875,-18.240890502929688,46.88802337646485,2549.56640625,-52.90909194946289,457.3251037597656,2561.40576171875,-78.001708984375,832.0280151367188,2694.35791015625,-107.52832794189452,944.8988647460938,2560.4482421875,64.68423461914062,-586.7986450195312,2489.904541015625,79.72968292236328,-541.9459838867188,2331.230224609375,107.87483978271484,-589.4437866210938,2347.9091796875,157.72198486328125,-633.0374755859375,2460.50830078125,54.62710952758789,-588.1873168945312,2339.814697265625,-11.56183624267578,-647.4760131835938,2441.454345703125
64.43290710449219,47.950313568115234,2559.18701171875,65.2862548828125,-134.63572692871094,2545.0234375,65.62615966796875,-280.86895751953125,2537.864501953125,71.27040100097656,-502.1710510253906,2512.152099609375,104.93490600585938,-464.9328308105469,2515.555419921875,248.44398498535156,-435.9568481445313,2505.60107421875,452.7694091796875,-243.42640686035156,2546.24560546875,301.4765319824219,-317.1012878417969,2377.818115234375,275.9099426269531,-401.7184143066406,2422.054931640625,180.9283142089844,-369.7921752929687,2374.490478515625,178.5267333984375,-390.8674011230469,2416.707275390625,35.97779083251953,-466.5186462402344,2519.377197265625,-96.6749496459961,-441.6940612792969,2522.75244140625,-299.0375671386719,-275.771484375,2645.477294921875,-230.73985290527344,-283.6770324707031,2414.387451171875,-157.18096923828125,-350.3534851074219,2376.0380859375,-166.0139923095703,-334.4047546386719,2268.546630859375,-189.47618103027344,-345.9234924316406,2312.9365234375,157.7186737060547,47.792198181152344,2566.845947265625,189.0288848876953,457.2938537597656,2552.400390625,198.9582977294922,827.9483642578125,2681.87255859375,271.2511291503906,958.7949829101562,2560.89794921875,-19.686981201171875,48.09288787841797,2552.280517578125,-53.75822448730469,457.0712585449219,2561.93603515625,-76.05587005615234,831.3604736328125,2692.009765625,-107.97900390625,944.0162963867188,2559.36474609375,72.57292938232422,-582.7417602539062,2488.957275390625,65.0268325805664,-527.6633911132812,2333.657470703125,96.5608901977539,-574.7241821289062,2343.255859375,162.0327911376953,-622.993408203125,2444.83447265625,42.90194320678711,-575.1732177734375,2342.25537109375,-7.072789669036865,-643.1490478515625,2446.996826171875
63.672847747802734,47.22769927978515,2560.837646484375,64.55611419677734,-135.4220733642578,2546.68505859375,64.91366577148438,-281.70489501953125,2539.512451171875,69.45659637451172,-503.02337646484375,2513.070068359375,103.3235855102539,-465.9822692871094,2516.85009765625,247.0661773681641,-437.05963134765625,2509.787109375,450.4485168457031,-248.98329162597656,2571.3251953125,302.2552185058594,-319.11907958984375,2398.5712890625,287.141845703125,-410.4495544433594,2433.322265625,187.4069671630859,-384.6141357421875,2392.1259765625,183.14202880859375,-398.6316833496094,2443.66748046875,34.308441162109375,-467.1771545410156,2520.1611328125,-98.1358642578125,-441.1521301269531,2524.418212890625,-298.8953857421875,-283.6122741699219,2660.346435546875,-235.59011840820312,-274.3295593261719,2427.8046875,-158.54916381835938,-340.3955078125,2395.632080078125,-156.526123046875,-325.5078430175781,2287.60791015625,-204.5653381347656,-355.59613037109375,2364.488037109375,156.9756622314453,47.07123565673828,2568.6796875,190.77149963378903,456.67132568359375,2559.6162109375,198.61196899414065,828.4649658203125,2686.345458984375,272.2456970214844,955.5738525390624,2562.133056640625,-20.46239471435547,47.3687858581543,2553.766357421875,-54.93929290771485,456.5163879394531,2560.297119140625,-76.62153625488281,831.2830810546875,2689.5126953125,-107.97998046875,947.1466064453124,2559.4404296875,70.45980072021484,-583.5484619140625,2489.599365234375,74.14850616455078,-517.84423828125,2338.283203125,103.94772338867188,-566.2926635742188,2346.54541015625,161.67691040039062,-623.1056518554688,2448.457275390625,50.4490966796875,-565.23486328125,2342.158935546875,-7.685452461242676,-638.8300170898438,2438.6240234375
62.72675704956055,45.73138427734375,2557.908203125,61.88017654418945,-137.74929809570312,2547.107177734375,61.1729621887207,-284.457763671875,2538.903076171875,67.20700073242188,-506.1920776367187,2510.167236328125,100.74058532714844,-468.4532165527344,2511.274658203125,236.45018005371097,-425.6243286132813,2473.346923828125,438.573486328125,-254.14976501464844,2577.24951171875,264.7756652832031,-337.8790588378906,2436.250732421875,287.2964172363281,-434.0729064941406,2445.256591796875,179.1581268310547,-408.07916259765625,2440.46533203125,152.84535217285156,-416.8125305175781,2451.99951171875,32.09221267700195,-470.9180908203125,2520.66552734375,-101.07775115966795,-447.2779846191406,2528.643310546875,-292.3652038574219,-296.9383239746094,2686.618408203125,-235.8602600097656,-278.5848388671875,2452.05078125,-168.7767791748047,-346.87188720703125,2404.656005859375,-175.4238739013672,-342.9452819824219,2295.5068359375,-205.18212890625,-354.0508728027344,2365.4228515625,156.43209838867188,44.91222381591797,2564.47900390625,190.2989044189453,455.95556640625,2566.33642578125,199.90707397460935,830.55810546875,2688.594970703125,271.8545227050781,956.3113403320312,2561.079833984375,-21.771469116210938,46.470062255859375,2551.983154296875,-55.84759140014648,456.7572937011719,2567.6103515625,-76.6108169555664,832.3936767578125,2698.448974609375,-106.86370086669922,942.3001708984376,2562.295654296875,67.52882385253906,-586.7822265625,2485.92822265625,83.89085388183594,-511.8565673828125,2339.2158203125,111.34278106689452,-562.07080078125,2346.29638671875,160.08901977539062,-627.5870971679688,2448.223388671875,58.163536071777344,-558.5328979492188,2338.49560546875,-9.244153022766112,-635.7205200195312,2426.35107421875
62.24165725708008,44.6822509765625,2577.391845703125,61.84918975830078,-139.31594848632812,2555.55859375,61.648284912109375,-286.61627197265625,2539.90478515625,65.59699249267578,-510.5023498535156,2513.415771484375,99.72314453125,-472.7302856445313,2513.7548828125,242.63626098632812,-437.1435546875,2494.987060546875,423.86090087890625,-246.05923461914065,2609.07568359375,270.25860595703125,-352.3720703125,2456.99072265625,256.9158935546875,-427.3497314453125,2392.16796875,164.98031616210938,-448.6212768554687,2452.909423828125,159.1911163330078,-438.3529968261719,2457.455322265625,30.601808547973633,-474.5320434570313,2523.955810546875,-101.97315216064452,-447.9450073242187,2543.253662109375,-289.46734619140625,-306.9659118652344,2717.8642578125,-239.32667541503903,-275.7337951660156,2481.18994140625,-181.1096343994141,-346.2111511230469,2424.278564453125,-192.9215087890625,-358.1971130371094,2315.261474609375,-210.7796173095703,-345.2735290527344,2376.921630859375,156.75851440429688,45.17690658569336,2571.524169921875,188.6104278564453,459.6307373046875,2562.13671875,201.07437133789065,835.7964477539062,2689.56640625,270.51318359375,958.5826416015624,2555.557373046875,-22.98834991455078,44.2361946105957,2582.68310546875,-56.280181884765625,457.4903564453125,2557.87646484375,-70.13032531738281,835.0138549804688,2693.956787109375,-107.94611358642578,947.4450073242188,2559.887451171875,65.00249481201172,-592.015625,2489.90283203125,99.96770477294922,-505.9777526855469,2351.24169921875,124.21922302246094,-558.5324096679688,2356.6435546875,159.46815490722656,-635.3388061523438,2457.6064453125,71.91056823730469,-551.2335815429688,2344.028564453125,-8.371464729309082,-631.7969360351562,2418.7353515625
62.94879913330078,44.004337310791016,2575.88525390625,62.657527923583984,-139.77239990234375,2553.967529296875,62.79047393798828,-287.2420349121094,2541.907958984375,64.81438446044922,-508.9382019042969,2502.238037109375,99.33522033691406,-471.7810668945313,2505.87451171875,244.1488494873047,-440.5885925292969,2498.882080078125,413.237548828125,-244.54049682617188,2622.005126953125,280.645263671875,-358.31292724609375,2456.56787109375,258.91680908203125,-432.52093505859375,2393.32177734375,174.85198974609375,-452.0085754394531,2464.86865234375,168.59263610839844,-441.9827575683594,2464.474853515625,29.9904727935791,-473.2083435058594,2513.828369140625,-102.9020004272461,-446.88519287109375,2529.94677734375,-288.3390808105469,-313.3002624511719,2711.85986328125,-256.88946533203125,-280.10321044921875,2472.531005859375,-188.19070434570312,-336.4080810546875,2411.874755859375,-163.9774169921875,-332.510986328125,2304.45556640625,-216.8819122314453,-344.41107177734375,2387.164306640625,157.33229064941406,44.60134506225586,2569.625244140625,187.69216918945312,458.7688293457031,2574.76171875,200.85140991210935,838.0408325195312,2691.020263671875,269.8451843261719,958.916259765625,2555.37451171875,-22.16094017028809,43.46599197387695,2581.5302734375,-56.50094985961914,456.4691162109375,2562.53271484375,-69.05399322509766,835.0591430664062,2694.366943359375,-107.93305206298828,944.2954711914062,2558.2470703125,63.95578384399414,-588.8016357421875,2473.911376953125,108.7490234375,-506.6873474121094,2335.9267578125,129.99407958984375,-560.2734985351562,2342.914306640625,157.15817260742188,-637.2898559570312,2445.999267578125,78.73302459716797,-550.4940185546875,2328.1298828125,-8.409969329833984,-625.716064453125,2400.397216796875
62.950462341308594,44.00447845458984,2575.8857421875,62.65986633300781,-139.7724151611328,2553.967529296875,62.79327774047851,-287.2420959472656,2541.90673828125,64.8204574584961,-508.9374694824219,2502.231689453125,99.3408432006836,-471.7799987792969,2505.869140625,244.1545257568359,-440.5859680175781,2498.88134765625,413.2405395507813,-244.54373168945312,2622.01806640625,280.652099609375,-358.3084716796875,2456.57177734375,258.9246520996094,-432.5142517089844,2393.32275390625,174.85987854003906,-452.0006713867187,2464.869873046875,168.5970916748047,-441.9736633300781,2464.472412109375,29.995906829833984,-473.2082824707031,2513.82177734375,-102.89820861816406,-446.8833312988281,2529.925048828125,-288.3614807128906,-313.268310546875,2711.789794921875,-256.87371826171875,-280.0928955078125,2472.462646484375,-188.16807556152344,-336.406005859375,2411.82177734375,-163.9381561279297,-332.51904296875,2304.406005859375,-216.85592651367188,-344.40985107421875,2387.107421875,157.3340606689453,44.6018180847168,2569.6259765625,187.6925048828125,458.7699279785156,2574.763671875,200.85028076171875,838.0421752929688,2691.0234375,269.84423828125,958.9183349609376,2555.3779296875,-22.15938186645508,43.4658317565918,2581.530517578125,-56.500038146972656,456.4693908691406,2562.53369140625,-69.05490112304688,835.0597534179688,2694.368408203125,-107.93173217773438,944.2978515625,2558.2490234375,63.96326446533203,-588.80029296875,2473.902587890625,108.75895690917967,-506.6814575195313,2335.921875,130.00006103515625,-560.2697143554688,2342.90576171875,157.16114807128906,-637.2943725585938,2445.985595703125,78.73927307128906,-550.4853515625,2328.123046875,-8.407596588134766,-625.7049560546875,2400.388671875
67.66775512695312,42.5247802734375,2578.296875,68.98670196533203,-140.97030639648438,2556.58935546875,70.32960510253906,-288.1316833496094,2543.80078125,80.4115219116211,-508.8812561035156,2502.19970703125,113.55552673339844,-470.7058715820313,2506.81494140625,256.47235107421875,-432.5130004882813,2500.674560546875,407.4620056152344,-224.25970458984375,2626.179931640625,290.94024658203125,-332.77630615234375,2446.308349609375,297.55316162109375,-411.03082275390625,2384.833251953125,235.40773010253903,-425.7293090820313,2476.739990234375,199.892578125,-420.82568359375,2466.486572265625,44.27433776855469,-474.4904174804687,2513.448486328125,-89.47187042236328,-449.23974609375,2508.234130859375,-307.1793212890625,-261.7585144042969,2558.25537109375,-223.263427734375,-284.5863037109375,2331.068115234375,-175.22970581054688,-379.7382507324219,2344.118896484375,-126.08287048339844,-305.18212890625,2279.876953125,-169.349853515625,-386.4895629882813,2372.224609375,161.9180450439453,43.89025115966797,2572.481201171875,190.9913787841797,457.5061645507813,2571.618408203125,202.8764190673828,836.0948486328125,2688.046875,270.7499694824219,960.325439453125,2555.350341796875,-17.321884155273438,41.29347610473633,2583.541259765625,-55.11634826660156,453.3430786132813,2565.07568359375,-71.32701873779297,833.0780029296875,2691.114990234375,-107.49371337890624,944.5814819335938,2556.473876953125,82.71668243408203,-588.318115234375,2473.17333984375,116.91263580322266,-499.1905822753906,2336.843505859375,138.461181640625,-552.9495239257812,2339.3662109375,173.22457885742188,-635.06884765625,2435.739501953125,86.3241195678711,-542.504638671875,2329.117919921875,4.9415082931518555,-621.3980102539062,2403.73486328125
69.05692291259766,41.51993179321289,2583.636474609375,73.8088150024414,-142.7543487548828,2560.424072265625,77.61860656738281,-290.2794189453125,2543.591552734375,83.10551452636719,-512.8240356445312,2504.07177734375,117.3072509765625,-475.4363403320313,2510.2275390625,261.0086669921875,-441.8648376464844,2490.599853515625,401.9082336425781,-218.9145050048828,2605.748291015625,320.5701904296875,-303.67913818359375,2394.70361328125,341.3771667480469,-396.8186645507813,2363.91357421875,312.8799743652344,-393.7987365722656,2472.731201171875,277.85546875,-397.0119018554687,2474.34228515625,47.302955627441406,-477.0448303222656,2513.1220703125,-86.69295501708984,-448.9440612792969,2509.6513671875,-304.720947265625,-260.909912109375,2565.229736328125,-209.21913146972656,-264.32647705078125,2340.074462890625,-185.2675018310547,-369.4699096679687,2334.66357421875,-120.8079833984375,-300.30633544921875,2277.2587890625,-168.8428497314453,-381.6184387207031,2371.015380859375,163.98052978515625,44.00568389892578,2583.335205078125,195.61248779296875,459.58441162109375,2573.033447265625,204.6827392578125,839.4696655273438,2692.8486328125,271.1875305175781,960.4853515625,2555.029052734375,-16.539871215820312,39.27842330932617,2583.908203125,-52.36321640014648,454.0231323242187,2571.992919921875,-69.72569274902344,837.1578369140625,2694.52734375,-106.65071868896484,944.6148071289062,2555.571533203125,84.5185775756836,-592.9976806640625,2475.666259765625,117.31000518798828,-492.7680358886719,2345.736083984375,138.4485626220703,-547.0403442382812,2343.428955078125,174.31163024902344,-637.5803833007812,2432.56689453125,85.95843505859375,-535.2581787109375,2335.0283203125,4.696378707885742,-619.7230224609375,2404.88134765625
70.99932098388672,39.702606201171875,2590.134033203125,74.9843521118164,-144.0470733642578,2562.82080078125,77.59256744384766,-292.0293884277344,2550.1455078125,80.93394470214844,-512.6697998046875,2500.79296875,115.15573120117188,-477.0867919921875,2513.7841796875,256.1032409667969,-450.43756103515625,2553.66845703125,406.02886962890625,-207.93788146972656,2593.072998046875,308.3183898925781,-310.79266357421875,2397.55615234375,336.66424560546875,-397.5090942382813,2355.904541015625,334.28759765625,-386.5028381347656,2467.879638671875,277.66400146484375,-417.8943786621094,2448.93359375,45.48398208618164,-475.8182067871094,2506.24365234375,-88.656005859375,-448.7736206054687,2512.217529296875,-302.7734069824219,-257.4782409667969,2571.885498046875,-220.02590942382812,-226.48751831054688,2343.779541015625,-206.43267822265625,-330.8725891113281,2319.704833984375,-118.0637435913086,-295.1415100097656,2263.572998046875,-169.77191162109375,-352.0625305175781,2365.990234375,165.76239013671875,40.849365234375,2596.245361328125,199.7482757568359,455.5125122070313,2568.873779296875,200.8097686767578,835.4574584960938,2688.98095703125,275.86114501953125,958.9942626953124,2557.923828125,-14.452703475952148,38.66852188110352,2584.623291015625,-45.47676467895508,453.8415222167969,2572.595458984375,-74.58473205566406,835.5171508789062,2697.57421875,-108.2681884765625,946.1282958984376,2560.254150390625,83.6956558227539,-591.5086059570312,2468.933349609375,121.87191009521484,-499.7102355957031,2334.30517578125,137.1597442626953,-555.9569702148438,2333.32470703125,166.71609497070312,-646.7183837890625,2424.548583984375,85.89611053466797,-539.0096435546875,2326.24853515625,-1.056067705154419,-612.0672607421875,2401.900146484375
69.2357406616211,40.4659309387207,2591.680419921875,73.51383972167969,-141.9950408935547,2563.0537109375,75.88469696044922,-289.3581848144531,2553.481689453125,79.13749694824219,-508.1149291992187,2501.73681640625,113.28924560546876,-472.6982116699219,2514.2060546875,255.29241943359375,-450.0818481445313,2549.369384765625,406.6631774902344,-210.34255981445312,2588.077392578125,324.8806457519531,-295.7678527832031,2379.036376953125,337.1358642578125,-391.0823974609375,2352.434326171875,355.69476318359375,-414.9141540527344,2460.172607421875,295.3543701171875,-415.6632080078125,2418.650390625,43.84412384033203,-471.7423400878906,2508.48486328125,-90.1453628540039,-449.4343566894531,2518.2119140625,-298.0609130859375,-250.8062438964844,2566.5029296875,-225.2434844970703,-213.00636291503903,2337.54345703125,-209.7344970703125,-315.8475036621094,2310.897216796875,-122.9371337890625,-291.508056640625,2247.88916015625,-170.7098388671875,-335.4791564941406,2362.160400390625,163.349853515625,41.490814208984375,2599.212890625,199.6382293701172,453.5625915527344,2572.08935546875,196.41510009765625,833.4136352539062,2684.635009765625,276.25775146484375,959.2772216796876,2560.469970703125,-15.63108730316162,39.541751861572266,2584.88818359375,-45.31361770629883,452.4533081054687,2574.45263671875,-75.17711639404297,833.2001953125,2694.55029296875,-108.22502136230467,946.2460327148438,2560.442138671875,81.4981918334961,-586.10546875,2469.0703125,127.5550308227539,-495.02435302734375,2337.651611328125,141.72824096679688,-551.2225341796875,2337.125732421875,165.01768493652344,-642.3782958984375,2428.67529296875,91.48277282714844,-533.3757934570312,2327.73876953125,0.1636780798435211,-604.6619262695312,2398.35595703125
64.1103286743164,40.546974182128906,2591.871337890625,69.93635559082031,-141.96481323242188,2563.964599609375,73.87748718261719,-288.9255676269531,2549.96630859375,79.40428924560547,-509.7923278808594,2508.4912109375,113.30432891845705,-473.239501953125,2517.99658203125,254.8833465576172,-437.8314514160156,2542.701416015625,449.3204956054687,-237.92630004882812,2606.75439453125,369.85162353515625,-252.4270477294922,2380.5966796875,341.2695007324219,-337.9046325683594,2337.965087890625,335.9693908691406,-391.9170227050781,2435.802001953125,318.9540710449219,-382.2762145996094,2408.328369140625,43.69790267944336,-473.7579956054687,2514.831298828125,-89.8991928100586,-449.0561828613281,2523.970947265625,-292.89556884765625,-267.6666259765625,2628.316650390625,-258.33026123046875,-276.6311340332031,2387.760986328125,-191.6262664794922,-325.3494873046875,2319.19140625,-131.19271850585938,-291.1273193359375,2233.924072265625,-155.67616271972656,-341.9898376464844,2354.197509765625,158.1383056640625,42.275665283203125,2600.195556640625,198.83203125,453.984619140625,2574.45751953125,191.97377014160156,834.7926025390625,2683.41552734375,276.4897766113281,956.70361328125,2558.431396484375,-20.6788330078125,38.988136291503906,2584.364990234375,-44.942378997802734,451.921630859375,2565.6494140625,-75.16075897216797,827.3301391601562,2701.325439453125,-106.5750732421875,940.6100463867188,2567.045166015625,82.05643463134766,-589.1929321289062,2479.46826171875,121.9346694946289,-484.969482421875,2356.059326171875,139.8662872314453,-539.8583984375,2351.1181640625,169.19778442382812,-636.2927856445312,2435.200439453125,88.5414810180664,-524.7343139648438,2342.890869140625,2.2081284523010254,-607.4312744140625,2407.014892578125
,,,,,,,,,,,,,,,,,,,,,,,,,,,,,,,,,,,,,,,,,,,,,,,,,,,,,,,,,,,,,,,,,,,,,,,,,,,,,,,,,,,,,,,,,,,,,,,
58.76413345336914,40.89636993408203,2592.9169921875,61.098514556884766,-140.83290100097656,2568.376220703125,62.10883712768555,-287.163330078125,2559.31298828125,68.89954376220703,-501.010009765625,2495.825927734375,102.31822967529295,-465.7607727050781,2509.218505859375,242.42401123046875,-422.845703125,2520.2958984375,413.93609619140625,-218.16065979003903,2617.1591796875,308.9065856933594,-318.891357421875,2428.302734375,259.64532470703125,-383.195068359375,2371.41357421875,173.13272094726562,-448.23236083984375,2396.3828125,233.87908935546875,-379.83978271484375,2343.2802734375,33.24234390258789,-466.2055969238281,2505.4853515625,-97.80542755126952,-434.3837585449219,2496.027099609375,-300.587890625,-251.24346923828125,2591.50439453125,-207.1818695068359,-295.6909484863281,2373.346923828125,-182.97802734375,-398.18072509765625,2389.753173828125,-101.45093536376952,-460.3861083984375,2352.28271484375,-155.76173400878906,-408.07415771484375,2357.721923828125,152.1871337890625,41.0711555480957,2600.509521484375,194.3860015869141,449.0653076171875,2567.1142578125,195.8290252685547,826.665771484375,2677.094482421875,273.47052001953125,956.7276611328124,2558.17626953125,-25.47949981689453,40.73876190185547,2586.070556640625,-49.15986251831055,450.6041870117187,2565.08642578125,-73.68189239501953,826.3414916992188,2692.253173828125,-107.87293243408205,942.7811889648438,2563.156982421875,72.10780334472656,-576.4415283203125,2459.071533203125,130.2222900390625,-501.0843811035156,2324.056884765625,146.01747131347656,-555.7749633789062,2332.421630859375,160.9530487060547,-632.9505615234375,2436.35986328125,97.07584381103516,-541.72607421875,2315.218994140625,0.9767152070999146,-607.2962646484375,2383.08154296875
64.2682113647461,40.43314743041992,2593.435791015625,65.1495590209961,-140.8162384033203,2570.857421875,65.4608383178711,-286.5227355957031,2561.2734375,68.11012268066406,-500.9397277832031,2502.76123046875,102.1604461669922,-465.8140563964844,2513.93994140625,242.19537353515625,-423.8192443847656,2507.120849609375,407.5529174804687,-218.60540771484375,2610.01904296875,283.17230224609375,-294.4247741699219,2422.490478515625,203.6996154785156,-308.5477294921875,2365.89013671875,119.74391174316406,-369.2290344238281,2404.7158203125,165.2534942626953,-327.2230224609375,2353.868896484375,33.268428802490234,-465.7736206054687,2512.99365234375,-97.08150482177734,-432.4061584472656,2508.12744140625,-310.1327819824219,-249.4598388671875,2573.250244140625,-192.00210571289065,-317.0389709472656,2375.005859375,-181.5563507080078,-421.7879028320313,2388.64599609375,-92.16114807128906,-455.962890625,2337.02587890625,-157.6232147216797,-432.6585388183594,2353.969482421875,157.52029418945312,40.34792709350586,2597.760009765625,195.46383666992188,447.64801025390625,2572.150634765625,197.54103088378903,824.823974609375,2677.820068359375,270.8840637207031,958.2862548828124,2561.22119140625,-19.821300506591797,40.50999069213867,2589.536376953125,-52.49319076538086,448.1521301269531,2569.83984375,-71.08233642578125,823.6187744140625,2693.7607421875,-107.14583587646484,941.4788818359376,2567.474609375,69.2777328491211,-576.9050903320312,2467.802490234375,110.37036895751952,-502.07232666015625,2327.174072265625,131.95156860351562,-554.3839111328125,2336.205078125,161.22010803222656,-625.2201538085938,2440.947021484375,81.03060913085938,-545.8763427734375,2322.064697265625,-3.0262694358825684,-617.3676147460938,2398.333251953125
65.70244598388672,41.557865142822266,2592.259033203125,62.04793167114258,-139.26263427734375,2572.081298828125,58.77274703979492,-284.5221862792969,2564.70068359375,55.036319732666016,-500.9553527832031,2517.95947265625,89.93111419677734,-466.6276245117187,2528.14013671875,230.3229217529297,-429.1059265136719,2516.1162109375,409.1484069824219,-222.5706024169922,2585.541259765625,247.9661865234375,-255.15150451660156,2415.452392578125,153.47154235839844,-281.86956787109375,2413.34423828125,91.32369995117188,-371.1386413574219,2431.145751953125,123.56587982177734,-316.71124267578125,2372.3173828125,21.386821746826172,-464.212646484375,2525.321533203125,-107.13916778564452,-427.95263671875,2512.627197265625,-316.594970703125,-231.62950134277344,2503.93310546875,-150.15304565429688,-337.94940185546875,2368.321533203125,-176.57247924804688,-439.2455749511719,2383.345703125,-77.07579803466797,-457.3142395019531,2344.4736328125,-166.04563903808594,-447.3450927734375,2345.498779296875,158.61441040039062,39.28147888183594,2595.83056640625,196.8301239013672,445.3355407714844,2575.504638671875,196.57794189453125,820.75390625,2682.109619140625,271.8302001953125,951.221435546875,2564.502197265625,-18.080360412597656,43.61057662963867,2589.0380859375,-51.501129150390625,449.6854553222656,2569.518798828125,-72.32492065429688,823.1922607421875,2694.35400390625,-106.39586639404295,941.4432983398438,2568.7890625,54.300289154052734,-578.4116821289062,2487.255615234375,140.46633911132812,-504.1950378417969,2369.216796875,150.2107391357422,-559.8397216796875,2377.48583984375,140.5121612548828,-640.8790283203125,2477.78515625,106.6767120361328,-541.2978515625,2352.885009765625,-3.848910331726074,-600.3998413085938,2399.27685546875
65.12688446044922,41.7059211730957,2592.581298828125,61.433570861816406,-138.857666015625,2572.283447265625,58.18001174926758,-283.844482421875,2563.4677734375,55.20691680908203,-498.4990234375,2510.30078125,89.93440246582031,-464.4183044433594,2521.50634765625,229.87112426757812,-425.47796630859375,2511.144287109375,406.9420776367187,-221.2433319091797,2589.75048828125,245.3282165527344,-248.35888671875,2419.548095703125,150.497314453125,-273.3929443359375,2418.00341796875,84.55723571777344,-360.07135009765625,2433.9658203125,119.34016418457033,-306.8545227050781,2377.536865234375,21.47359085083008,-462.1593017578125,2518.743408203125,-106.94351959228516,-426.0016784667969,2506.5419921875,-316.40313720703125,-230.050048828125,2505.430908203125,-165.3265838623047,-302.1283264160156,2334.474853515625,-175.3425750732422,-406.0965270996094,2350.13720703125,-75.4964370727539,-441.1340026855469,2327.572998046875,-159.5210723876953,-423.1380920410156,2340.318115234375,157.9149627685547,39.40660095214844,2596.152099609375,194.84942626953125,444.9971008300781,2575.0791015625,194.43780517578125,819.8253173828125,2681.868408203125,269.6047668457031,950.921875,2565.322021484375,-18.544212341308594,43.779319763183594,2589.361328125,-51.8698616027832,449.3412780761719,2570.308349609375,-72.39852905273438,822.14453125,2695.64501953125,-105.0827178955078,941.1412963867188,2570.74365234375,54.74627304077149,-574.896484375,2477.322021484375,124.9695816040039,-490.7972106933594,2355.705322265625,140.0254669189453,-545.4774169921875,2361.57275390625,144.91287231445312,-629.2528076171875,2459.73046875,93.38948822021484,-530.2786254882812,2340.81787109375,-7.704339981079102,-599.81640625,2393.338134765625
65.38304901123047,41.94908142089844,2592.6591796875,61.99955749511719,-137.9112091064453,2571.6298828125,59.002220153808594,-282.327880859375,2561.6181640625,57.99048614501953,-498.5920104980469,2519.1083984375,92.2880401611328,-463.81060791015625,2528.59375,231.09555053710935,-423.11334228515625,2516.869140625,411.2283630371094,-224.3795623779297,2599.09423828125,245.781982421875,-237.3518218994141,2432.057373046875,150.52947998046875,-259.1714172363281,2429.37939453125,85.88277435302734,-347.40289306640625,2437.707275390625,117.52860260009766,-288.9967346191406,2389.775390625,24.043577194213867,-462.3177490234375,2525.7646484375,-104.02247619628906,-427.2510986328125,2511.83203125,-316.24639892578125,-235.7614288330078,2513.498291015625,-147.7015380859375,-335.7098388671875,2377.6396484375,-125.14051818847656,-415.5321960449219,2442.43359375,-41.36103439331055,-476.54736328125,2472.170166015625,-134.6959991455078,-412.4716491699219,2467.445068359375,157.84800720214844,39.7682991027832,2596.43408203125,194.8932342529297,443.8999938964844,2574.4794921875,195.4546813964844,819.1160278320312,2674.859619140625,271.35986328125,953.9122314453124,2564.228515625,-17.996662139892578,43.91558837890625,2589.25537109375,-52.69694900512695,448.1223754882813,2573.9541015625,-72.30929565429688,822.61181640625,2689.830078125,-101.25756072998048,944.5963745117188,2567.763671875,58.22576904296875,-576.2387084960938,2489.98681640625,133.8897247314453,-490.1418762207031,2373.908935546875,151.73751831054688,-543.4105224609375,2382.437744140625,152.6353302001953,-624.6466674804688,2482.253662109375,106.56197357177734,-531.741455078125,2357.13330078125,5.9515275955200195,-606.6171875,2401.443603515625
66.5685806274414,42.87533950805664,2592.31396484375,64.11787414550781,-136.69851684570312,2566.9267578125,61.72818756103515,-281.3360595703125,2556.943359375,62.34712600708008,-497.2978210449219,2511.364501953125,96.45207977294922,-462.2800903320313,2521.046142578125,236.22152709960935,-423.3813171386719,2512.505859375,409.0057678222656,-223.34060668945312,2607.681884765625,237.9423065185547,-221.62908935546875,2445.40087890625,141.316650390625,-237.0804748535156,2442.502685546875,79.11558532714844,-327.4193420410156,2436.362548828125,107.24891662597656,-272.0506591796875,2404.102783203125,28.07651138305664,-461.3893127441406,2518.83544921875,-101.21001434326172,-427.9303588867187,2512.415771484375,-314.4320983886719,-237.5420684814453,2527.666015625,-148.0157012939453,-356.94049072265625,2404.91845703125,-114.26390838623048,-417.6775512695313,2484.18017578125,-13.909116744995115,-453.5301208496094,2501.584228515625,-109.8349838256836,-437.5300903320313,2471.626220703125,159.17840576171875,41.09129333496094,2595.9931640625,194.8924102783203,445.9325256347656,2574.140380859375,194.8000335693359,820.7681274414062,2678.032470703125,267.3111877441406,956.7449340820312,2566.109130859375,-16.941762924194336,44.48408889770508,2588.99609375,-51.37112808227539,449.4643859863281,2579.064208984375,-72.92020416259766,824.773681640625,2693.8408203125,-102.85498046875,941.6160888671876,2566.727294921875,63.044822692871094,-574.6376953125,2481.11767578125,122.11237335205078,-489.9158935546875,2354.542724609375,141.83975219726562,-542.7899169921875,2361.839599609375,156.6954803466797,-621.8817749023438,2462.509765625,93.57969665527344,-532.3347778320312,2342.16650390625,0.5115829706192017,-607.7853393554688,2400.376708984375
67.1868667602539,41.58340835571289,2588.2158203125,64.72946166992188,-139.4285888671875,2567.0419921875,62.736385345458984,-284.2362976074219,2550.972900390625,60.25252532958984,-503.5619812011719,2518.035400390625,95.04783630371094,-468.2989196777344,2525.33447265625,234.15850830078125,-425.0757751464844,2514.91650390625,407.0831604003906,-225.44390869140625,2614.650634765625,246.25552368164065,-218.65184020996097,2440.771240234375,149.2093505859375,-230.48602294921875,2429.835693359375,85.15025329589844,-320.3181457519531,2433.397216796875,113.18932342529295,-264.596923828125,2411.564697265625,26.33408546447754,-466.6653747558594,2523.74462890625,-102.473876953125,-429.5516052246094,2514.68994140625,-315.4272155761719,-237.4149475097656,2536.630615234375,-137.75650024414062,-343.5455017089844,2415.198974609375,-112.1325912475586,-414.9642333984375,2489.106201171875,-10.830536842346191,-449.9532470703125,2506.056640625,-102.90251159667967,-435.56982421875,2464.211669921875,160.2808380126953,39.97938537597656,2591.1240234375,194.53358459472656,447.3424682617187,2578.671875,195.55014038085935,825.5479736328125,2677.351318359375,273.2874450683594,956.5884399414062,2561.52734375,-16.760059356689453,43.029823303222656,2585.593505859375,-52.060394287109375,450.04827880859375,2583.885009765625,-71.7215576171875,828.078857421875,2696.6484375,-103.6533432006836,944.8687133789062,2568.791015625,59.69248580932617,-582.9353637695312,2492.26806640625,132.64134216308594,-480.4299011230469,2386.81396484375,150.83401489257812,-534.6388549804688,2387.28662109375,154.4604949951172,-629.697998046875,2475.173828125,104.70001220703124,-519.610107421875,2364.95166015625,4.703908920288086,-600.8781127929688,2401.188232421875
66.58221435546875,41.34785461425781,2588.964111328125,65.31170654296875,-139.158935546875,2567.370361328125,64.13426971435547,-283.8643798828125,2553.866943359375,66.44816589355469,-501.4178161621094,2513.748046875,100.4161376953125,-465.5721435546875,2521.229248046875,239.2589569091797,-422.25872802734375,2513.068115234375,412.31256103515625,-232.43853759765625,2628.470703125,249.5492706298828,-213.4539794921875,2458.154541015625,155.173095703125,-232.69802856445312,2439.416015625,87.80140686035156,-319.64727783203125,2434.42529296875,120.00043487548828,-245.07977294921875,2418.25732421875,31.841211318969727,-465.7565612792969,2521.628173828125,-98.44541931152344,-434.3917236328125,2520.812744140625,-324.84429931640625,-260.462158203125,2549.411376953125,-130.00413513183594,-260.8205871582031,2410.413818359375,-79.04923248291016,-340.4493103027344,2457.5859375,20.488359451293945,-301.974609375,2439.539306640625,-21.86591911315918,-324.5794372558594,2436.62939453125,159.4104766845703,40.230953216552734,2592.8388671875,195.0107879638672,446.4104919433594,2579.715087890625,195.8264617919922,823.7599487304688,2677.730712890625,272.5912780761719,956.2415161132812,2563.716552734375,-17.125106811523438,42.355010986328125,2585.47021484375,-47.327049255371094,448.5287170410156,2572.272216796875,-72.37396240234375,822.4518432617188,2693.80126953125,-103.04883575439452,941.86572265625,2568.70703125,67.22248077392578,-579.6860961914062,2485.421142578125,118.9394302368164,-485.9716796875,2361.504638671875,139.91822814941406,-538.9210205078125,2364.5751953125,160.88211059570312,-623.9534912109375,2459.538818359375,90.49976348876952,-528.1968994140625,2347.8017578125,1.352269172668457,-609.0858154296875,2405.5537109375
66.84602355957031,38.817169189453125,2585.69921875,65.84475708007812,-142.15887451171875,2565.429931640625,65.02999114990234,-286.9383544921875,2550.125732421875,70.3623046875,-503.1223754882813,2501.663818359375,103.89527130126952,-466.97222900390625,2510.14794921875,241.82469177246097,-419.344970703125,2510.030517578125,419.044921875,-244.35354614257812,2642.47119140625,261.4848937988281,-180.5526580810547,2477.6796875,168.03907775878906,-206.8323516845703,2462.230712890625,106.39810180664062,-294.97406005859375,2437.794921875,131.9071044921875,-216.9224853515625,2442.203369140625,35.22336196899414,-468.2961120605469,2511.283935546875,-95.10131072998048,-436.9949951171875,2518.79736328125,-320.5225524902344,-262.2611999511719,2554.3232421875,-134.76502990722656,-237.82687377929688,2404.733642578125,-76.03565979003906,-317.0769348144531,2443.08740234375,28.58240127563477,-289.3528137207031,2436.730712890625,-19.61599349975586,-294.51312255859375,2443.81884765625,159.90829467773438,38.144893646240234,2587.104736328125,194.60910034179688,445.1158447265625,2574.3046875,196.64987182617188,820.887939453125,2680.671142578125,271.26043701171875,955.4453125,2567.109619140625,-17.07231903076172,39.42339324951172,2584.431884765625,-48.984764099121094,446.01177978515625,2567.067626953125,-72.81897735595703,819.6953735351562,2691.731201171875,-100.94900512695312,942.23779296875,2568.6572265625,72.06328582763672,-580.3726806640625,2470.32275390625,118.39297485351562,-488.015625,2342.932861328125,139.90867614746094,-540.85595703125,2345.98583984375,165.15902709960938,-624.4462890625,2441.487548828125,89.7215805053711,-530.7122192382812,2330.93115234375,3.3031628131866455,-611.4810791015625,2393.341796875
72.33477783203125,40.075050354003906,2578.763427734375,69.57091522216797,-141.8000030517578,2561.524658203125,67.29452514648438,-287.12762451171875,2547.00732421875,68.12715911865234,-505.5777282714844,2505.5830078125,102.52247619628906,-469.6329345703125,2512.272705078125,241.67323303222656,-424.1341857910156,2513.012939453125,415.0022277832031,-248.59033203125,2651.70947265625,277.5020751953125,-163.8237762451172,2477.552734375,181.9788818359375,-179.81668090820312,2458.98388671875,134.45811462402344,-277.2733459472656,2436.8466796875,148.6318359375,-212.44561767578125,2443.33349609375,33.64427947998047,-469.731689453125,2514.690185546875,-96.77408599853516,-438.11273193359375,2526.141357421875,-324.8001708984375,-262.9521179199219,2547.994140625,-137.5230255126953,-229.35494995117188,2400.826416015625,-76.64285278320312,-307.0017395019531,2440.060791015625,30.1812744140625,-286.5249938964844,2439.07861328125,-20.45356559753418,-280.6903991699219,2450.888427734375,165.3269805908203,39.46810531616211,2570.257568359375,194.23294067382812,448.4431762695313,2569.347412109375,202.49871826171875,822.8892822265625,2684.467041015625,266.99383544921875,957.8333129882812,2564.296875,-11.520370483398438,40.622352600097656,2586.43359375,-46.89479064941406,448.3323059082031,2570.415771484375,-69.64628601074219,825.8001708984375,2687.796142578125,-107.6360321044922,947.3406982421876,2565.548583984375,67.95960235595703,-584.1007080078125,2476.724365234375,125.8760986328125,-490.9977111816406,2354.006103515625,146.0987548828125,-544.4850463867188,2358.0146484375,162.38516235351562,-629.9412841796875,2454.3896484375,97.25475311279295,-533.0830688476562,2339.26953125,4.432030200958252,-612.9822998046875,2394.088623046875
70.85033416748047,43.68792724609375,2580.892822265625,70.57051086425781,-137.36473083496094,2559.66845703125,70.3432846069336,-282.0891418457031,2542.544677734375,69.72345733642578,-501.93017578125,2512.871826171875,104.2761688232422,-466.0507507324219,2518.07421875,245.71153259277344,-429.8605651855469,2513.39892578125,406.8213195800781,-255.1358337402344,2665.85791015625,307.8035583496094,-169.42120361328125,2468.341796875,214.20785522460935,-160.7768096923828,2439.2578125,180.19325256347656,-265.1329040527344,2427.304931640625,175.78280639648438,-199.00372314453125,2453.915283203125,35.532867431640625,-465.4471740722656,2519.597900390625,-95.53809356689452,-436.5698547363281,2526.18115234375,-329.19244384765625,-272.24273681640625,2560.480712890625,-163.36129760742188,-227.61788940429688,2392.8388671875,-95.42176818847656,-304.0116882324219,2420.612548828125,12.57207202911377,-296.3109130859375,2413.1591796875,-50.43663024902344,-273.4737548828125,2468.314697265625,163.99533081054688,43.788944244384766,2578.802978515625,196.2205047607422,451.5242309570313,2572.37353515625,204.36964416503903,824.83837890625,2688.125244140625,266.8918151855469,957.4099731445312,2565.008544921875,-13.142601013183594,43.59683990478515,2582.77734375,-49.67451858520508,450.3195495605469,2568.2900390625,-68.70179748535156,825.5551147460938,2690.34228515625,-108.09368896484376,943.0350341796876,2565.1865234375,69.20893859863281,-581.6915283203125,2488.2841796875,124.85482025146484,-491.4639587402344,2362.901123046875,148.25010681152344,-543.1322631835938,2370.2451171875,166.805419921875,-622.2398681640625,2471.125,99.5170440673828,-535.908447265625,2349.58349609375,10.466106414794922,-618.663818359375,2405.656005859375
70.62290954589844,45.27237319946289,2580.50634765625,70.28903198242188,-136.11692810058594,2559.739501953125,70.0394287109375,-281.21026611328125,2543.86474609375,69.53624725341797,-501.7542114257813,2516.9697265625,104.12350463867188,-465.7329406738281,2521.685791015625,245.5601501464844,-428.6896057128906,2516.680908203125,403.7257385253906,-250.35145568847656,2668.84814453125,302.0579833984375,-169.6485595703125,2470.13037109375,207.5006103515625,-162.78599548339844,2443.25048828125,175.75318908691406,-268.5575866699219,2437.57177734375,183.1908264160156,-203.10255432128903,2495.13232421875,35.27503204345703,-465.15380859375,2523.2705078125,-96.10538482666016,-436.6918640136719,2529.73779296875,-332.16326904296875,-274.4830322265625,2561.286376953125,-165.04017639160156,-230.27748107910156,2394.2861328125,-107.29360961914062,-317.9785461425781,2409.509521484375,0.2384260296821594,-309.1946105957031,2396.33056640625,-49.295799255371094,-286.02301025390625,2467.08984375,163.90916442871094,45.35397720336914,2578.293701171875,195.4776153564453,453.7409973144531,2569.977294921875,203.5625,828.118896484375,2684.331787109375,266.6674499511719,960.7198486328124,2561.083740234375,-13.497426986694336,45.19878387451172,2582.50146484375,-49.722408294677734,452.5462951660156,2566.998046875,-68.749267578125,828.4140625,2689.083251953125,-107.9391632080078,946.6090087890624,2564.154052734375,69.05030059814453,-581.9481201171875,2493.369873046875,127.13602447509766,-485.788330078125,2373.28173828125,148.32635498046875,-538.8903198242188,2376.76806640625,164.65670776367188,-625.530029296875,2471.940673828125,99.62660217285156,-528.142822265625,2357.38623046875,7.55831241607666,-610.671142578125,2409.2578125
61.5209846496582,45.64274215698242,2581.252197265625,61.21834945678711,-137.03009033203125,2559.25439453125,60.94078826904297,-282.9296569824219,2540.554443359375,69.05543518066406,-505.1763000488281,2514.59814453125,102.40332794189452,-467.2472534179687,2516.7431640625,242.1794281005859,-423.0624084472656,2501.067626953125,364.55328369140625,-196.23098754882812,2622.702880859375,273.83612060546875,-40.6374626159668,2465.293701171875,205.530517578125,31.44917678833008,2465.497314453125,144.9508819580078,124.6866226196289,2472.93896484375,145.34115600585938,20.002328872680664,2471.072265625,33.34745407104492,-469.8980407714844,2523.161376953125,-100.34838104248048,-448.4625854492187,2530.98193359375,-327.8475646972656,-286.2426452636719,2610.0654296875,-194.5137176513672,-263.9142761230469,2409.072998046875,-152.65757751464844,-362.30804443359375,2409.536865234375,-55.977760314941406,-329.147705078125,2370.14599609375,-83.321533203125,-290.14398193359375,2507.834228515625,155.51092529296875,45.845947265625,2578.271728515625,192.78269958496097,456.8512878417969,2566.063232421875,201.62103271484375,832.0441284179688,2687.901123046875,267.58221435546875,958.403076171875,2557.47412109375,-23.233882904052734,45.459503173828125,2583.939697265625,-50.45682144165039,456.7487182617187,2569.907470703125,-69.66675567626953,835.8849487304688,2691.857177734375,-113.92108154296876,944.7154541015624,2558.455810546875,70.73690032958984,-586.1146850585938,2491.287353515625,114.6349639892578,-480.08099365234375,2371.732666015625,137.4169921875,-533.0762939453125,2369.57373046875,165.37454223632812,-625.7947387695312,2457.40966796875,86.39447021484375,-522.4385375976562,2355.75244140625,1.209925889968872,-611.3853149414062,2411.345703125
58.65049743652344,46.645713806152344,2581.96435546875,59.42861557006836,-137.29376220703125,2560.54638671875,60.0323600769043,-284.26885986328125,2542.7861328125,66.14644622802734,-508.865966796875,2525.377197265625,100.05429077148438,-470.9401245117187,2525.9892578125,239.8064117431641,-428.4599609375,2499.864990234375,409.0821228027344,-206.59417724609375,2566.192138671875,281.2432556152344,-51.981746673583984,2433.10546875,221.97311401367188,26.54874610900879,2450.72021484375,154.8419952392578,112.70362091064452,2476.22607421875,158.08070373535156,18.797199249267575,2468.751953125,30.54408073425293,-472.7285461425781,2532.669921875,-104.45027923583984,-452.5027465820313,2533.928466796875,-313.6263427734375,-279.2967529296875,2641.93603515625,-233.38233947753903,-291.19384765625,2412.0322265625,-158.55313110351562,-366.836669921875,2395.884521484375,-78.76599884033203,-342.90362548828125,2323.66748046875,-107.07313537597656,-286.218017578125,2484.54541015625,153.25730895996094,47.352760314941406,2579.329345703125,192.140625,460.7196044921875,2562.1953125,193.4518280029297,836.1207275390625,2691.758544921875,270.4605712890625,954.5386352539062,2558.116455078125,-26.660625457763672,46.00813674926758,2584.34033203125,-51.15009689331055,459.8545227050781,2563.420166015625,-69.90171813964844,838.9266357421875,2693.81494140625,-112.98853302001952,944.5836791992188,2556.014404296875,67.06180572509766,-591.191650390625,2505.1025390625,133.2890625,-482.2991943359375,2397.5078125,154.2555389404297,-536.4759521484375,2396.64208984375,164.86557006835938,-634.0093383789062,2484.335693359375,106.1083526611328,-523.0538330078125,2375.501220703125,9.449712753295898,-610.680908203125,2413.8974609375
58.75952911376953,43.85585021972656,2582.886474609375,59.44416046142578,-141.55023193359375,2559.164794921875,59.81097412109375,-288.9773254394531,2534.7685546875,65.79331970214844,-516.3402709960938,2531.51318359375,100.12731170654295,-478.1524353027344,2531.796630859375,243.94342041015625,-437.52294921875,2521.88037109375,447.98529052734375,-232.11331176757812,2522.690185546875,301.73028564453125,-56.27754211425781,2440.579833984375,232.6403045654297,6.608128547668457,2478.662841796875,169.38803100585938,98.26900482177734,2499.010498046875,176.7695770263672,10.705039024353027,2480.92529296875,29.68267059326172,-479.4190673828125,2534.4990234375,-105.05460357666016,-450.599853515625,2534.994384765625,-299.72991943359375,-247.94314575195312,2624.774169921875,-257.4088439941406,-198.40663146972656,2387.476318359375,-196.2606201171875,-285.5301818847656,2365.78759765625,-115.17214965820312,-338.34619140625,2310.851318359375,-142.4700469970703,-253.64735412597656,2449.581787109375,154.24029541015625,44.600440979003906,2579.822509765625,192.6151428222656,461.744140625,2558.68798828125,205.55516052246097,838.7184448242188,2694.357177734375,269.5597839355469,959.3506469726562,2553.373046875,-27.339677810668945,43.184417724609375,2585.6494140625,-50.53512191772461,461.107666015625,2566.89208984375,-69.21400451660156,846.1525268554688,2691.283935546875,-114.4653091430664,948.1699829101562,2549.3115234375,67.47218322753906,-600.5396118164062,2516.268310546875,134.44622802734375,-492.1135864257813,2406.258056640625,153.32138061523438,-547.5894165039062,2403.985595703125,163.46466064453125,-647.4354858398438,2490.9873046875,104.51897430419922,-531.84716796875,2384.71923828125,5.0279459953308105,-616.7611083984375,2426.372802734375
59.7840690612793,41.05201721191406,2579.9375,64.06796264648438,-146.086181640625,2557.326171875,67.23249053955078,-294.8939208984375,2533.5087890625,74.91402435302734,-523.6261596679688,2549.902099609375,109.27071380615234,-484.9538879394531,2547.171142578125,252.96499633789065,-443.8040161132813,2525.181396484375,492.5040588378906,-276.92120361328125,2533.285888671875,349.5408020019531,-77.81075286865234,2534.4306640625,288.87762451171875,-36.04153060913086,2604.657958984375,228.4940948486328,23.854740142822266,2680.86328125,229.34925842285156,-33.71790313720703,2493.478759765625,38.20185852050781,-486.54632568359375,2549.423828125,-97.96975708007812,-462.57904052734375,2535.275146484375,-314.7754211425781,-293.4962463378906,2649.111572265625,-258.7301330566406,-394.126220703125,2429.2294921875,-242.90769958496097,-497.9804382324219,2460.38330078125,-189.9366455078125,-490.5963439941406,2361.696044921875,-178.30624389648438,-466.0047302246094,2514.26953125,156.02955627441406,43.737178802490234,2575.94873046875,188.16525268554688,465.3924865722656,2562.439208984375,194.2712249755859,845.8388061523438,2699.260009765625,269.506591796875,955.8026123046876,2552.810791015625,-27.004718780517575,38.63069152832031,2583.5341796875,-52.745819091796875,460.1420593261719,2566.534423828125,-70.0462646484375,846.2951049804688,2698.9775390625,-112.90277862548828,948.9842529296876,2554.753173828125,77.34048461914062,-609.5472412109375,2541.859375,139.78289794921875,-499.5020751953125,2428.584228515625,163.6197967529297,-553.6320190429688,2429.567626953125,178.82672119140625,-649.256103515625,2522.16943359375,114.05198669433594,-542.9501953125,2407.609619140625,19.75449562072754,-635.1796264648438,2449.74658203125
59.254032135009766,40.79693984985352,2578.79736328125,63.46233367919922,-146.42239379882812,2556.535888671875,66.5887222290039,-295.42425537109375,2533.761962890625,76.64012145996094,-523.724609375,2554.854248046875,110.5964584350586,-484.81597900390625,2550.6669921875,253.9686584472656,-442.1598510742187,2529.24755859375,481.6378479003906,-260.48004150390625,2551.32470703125,332.85528564453125,-81.19554901123047,2474.974609375,279.43194580078125,-27.873605728149418,2543.263427734375,221.4178466796875,23.6346378326416,2627.093017578125,214.88543701171875,-30.527170181274418,2435.01708984375,39.58421325683594,-486.9752502441406,2554.271728515625,-97.60930633544922,-466.9387817382813,2544.20068359375,-316.0030517578125,-299.37939453125,2657.405517578125,-263.9144287109375,-417.5408630371094,2445.357177734375,-248.8908233642578,-518.8546752929688,2484.359130859375,-197.57763671875,-544.39990234375,2387.82373046875,-183.9840545654297,-485.5513610839844,2532.508056640625,155.50820922851562,43.46493911743164,2574.555419921875,187.54458618164065,465.14349365234375,2559.064208984375,195.22378540039065,845.9129028320312,2695.14111328125,271.2845764160156,955.624267578125,2548.876220703125,-27.54259490966797,38.391082763671875,2582.62255859375,-53.42026138305664,459.9316711425781,2564.5185546875,-70.3116226196289,846.447998046875,2696.201171875,-113.63417053222656,947.8048706054688,2551.130615234375,79.69612884521484,-609.7905883789062,2548.587890625,136.13369750976562,-500.4999694824219,2431.447021484375,160.62025451660156,-554.35693359375,2432.107666015625,180.75355529785156,-648.63232421875,2525.189453125,110.056396484375,-544.5034790039062,2412.092041015625,18.637680053710938,-637.240234375,2459.25
60.2376823425293,38.069454193115234,2574.727294921875,61.74497604370117,-148.6738739013672,2550.58203125,62.595314025878906,-297.088134765625,2525.388427734375,69.70410919189453,-525.0459594726562,2547.6298828125,104.0585708618164,-486.7844543457031,2541.94873046875,248.53030395507812,-447.3080749511719,2523.63525390625,474.492431640625,-281.2113342285156,2603.802734375,393.24761962890625,-188.8428649902344,2392.150634765625,301.2346496582031,-145.79519653320312,2395.354736328125,197.5092315673828,-99.58112335205078,2405.964111328125,292.1552734375,-139.849609375,2456.15673828125,33.30582809448242,-487.75286865234375,2548.147216796875,-104.04125213623048,-467.8719787597656,2550.952392578125,-311.7003479003906,-302.3634033203125,2684.3984375,-276.7832336425781,-455.2207336425781,2492.378662109375,-250.14776611328125,-552.7066040039062,2534.362060546875,-221.3619384765625,-582.3115844726562,2430.14111328125,-195.0205841064453,-577.02880859375,2468.572509765625,156.30599975585938,39.56396484375,2569.165771484375,188.0687713623047,460.4332275390625,2549.02880859375,201.9036102294922,836.3468017578125,2695.900146484375,269.6990051269531,956.403076171875,2554.165771484375,-26.391342163085938,36.72178649902344,2579.742431640625,-56.42019271850586,457.5786437988281,2567.953125,-67.88426208496094,845.6307373046875,2693.677978515625,-116.4371337890625,945.8693237304688,2549.8330078125,71.13301086425781,-611.0594482421875,2541.8544921875,141.84503173828125,-499.02593994140625,2435.95849609375,161.2030487060547,-554.7660522460938,2433.04931640625,168.88926696777344,-657.3026123046875,2518.670654296875,112.65983581542967,-538.6675415039062,2412.3193359375,11.467337608337402,-625.5692749023438,2448.82080078125
62.03279876708984,33.92399978637695,2573.0458984375,61.743839263916016,-153.94447326660156,2544.9111328125,61.61623764038086,-304.3042907714844,2523.5703125,66.6656494140625,-534.5739135742188,2543.3232421875,101.61651611328124,-496.3104553222656,2537.14453125,246.91197204589844,-456.3853454589844,2515.599365234375,480.7866516113281,-290.530517578125,2581.743408203125,387.7867736816406,-261.30902099609375,2354.83447265625,325.75018310546875,-180.6507110595703,2342.2509765625,237.04122924804688,-123.69752502441406,2388.344970703125,302.1521301269531,-174.02647399902344,2424.291748046875,30.411731719970703,-496.5450744628906,2545.173583984375,-106.650146484375,-472.0339965820313,2560.065185546875,-289.8550109863281,-281.3985290527344,2701.420654296875,-279.1966552734375,-464.6188659667969,2531.534912109375,-250.6759796142578,-563.08349609375,2572.50927734375,-220.94894409179688,-597.5322875976562,2468.975830078125,-194.4968109130859,-586.2083129882812,2508.316162109375,158.74085998535156,35.05109405517578,2564.52685546875,188.34127807617188,460.0606689453125,2550.4716796875,195.65185546875,840.420654296875,2696.19091796875,268.4228820800781,956.8543090820312,2551.489990234375,-25.17310905456543,32.90764617919922,2580.72802734375,-56.5633430480957,457.2239074707031,2563.8076171875,-68.12251281738281,847.2110595703125,2695.13818359375,-116.02285766601562,946.7962646484376,2548.6083984375,66.95043182373047,-621.2860717773438,2536.52099609375,143.131591796875,-510.98431396484375,2430.1962890625,162.2158660888672,-567.4324951171875,2429.0322265625,165.89212036132812,-669.250244140625,2517.5791015625,114.18035888671876,-551.1664428710938,2406.0703125,10.014348030090332,-637.2005004882812,2440.861083984375
61.16974258422851,35.11560821533203,2572.02392578125,60.00860595703125,-151.5544891357422,2542.18505859375,59.241310119628906,-300.9703674316406,2519.49365234375,65.32727813720703,-530.9295654296875,2517.26025390625,99.91669464111328,-492.27783203125,2514.591552734375,247.4430389404297,-457.9128112792969,2514.86376953125,463.5158996582031,-395.8091735839844,2702.47802734375,539.460693359375,-344.65814208984375,2474.405517578125,609.7791137695312,-272.3305358886719,2459.07275390625,538.0796508789062,-240.3701171875,2542.423828125,517.2335205078125,-242.5286102294922,2562.671630859375,29.101076126098633,-493.5996398925781,2522.86279296875,-104.68956756591795,-471.54888916015625,2555.000244140625,-264.9231872558594,-281.9942932128906,2720.56787109375,-285.1722717285156,-474.8924560546875,2564.618896484375,-245.6041259765625,-575.1708374023438,2585.794677734375,-213.35952758789065,-628.5885620117188,2492.131591796875,-190.86895751953125,-585.4004516601562,2538.5908203125,156.8964385986328,36.60053634643555,2559.00927734375,184.61257934570312,459.6841735839844,2545.494384765625,196.4386749267578,836.6094360351562,2694.30517578125,269.0928039550781,959.4189453125,2556.300537109375,-25.15123748779297,33.776580810546875,2583.759765625,-50.84608459472656,456.48724365234375,2568.9638671875,-68.48463439941406,846.78076171875,2692.22412109375,-117.16944122314452,947.6150512695312,2547.93505859375,65.93637084960938,-616.1859130859375,2502.31982421875,125.79950714111328,-509.36090087890625,2384.011474609375,149.65440368652344,-563.6253662109375,2385.998291015625,167.11656188964844,-656.7540893554688,2481.21826171875,99.43185424804688,-553.4750366210938,2364.927490234375,5.8709235191345215,-644.4851684570312,2412.2373046875
68.01036834716797,26.077714920043945,2566.120361328125,62.698036193847656,-157.8048095703125,2537.96240234375,58.755802154541016,-305.2660827636719,2518.599853515625,63.98148727416992,-530.1327514648438,2492.204833984375,98.14398956298828,-492.1120910644531,2493.455810546875,244.361572265625,-465.1457824707031,2504.846923828125,441.7978515625,-359.292724609375,2686.257080078125,575.9050903320312,-255.36572265625,2513.7744140625,645.7177124023438,-284.22308349609375,2447.570068359375,709.4898681640625,-244.250732421875,2531.4755859375,692.10595703125,-280.1537170410156,2560.535888671875,28.472633361816406,-494.0862731933594,2501.822265625,-100.04876708984376,-464.4217834472656,2539.5263671875,-210.41525268554688,-205.5642242431641,2623.6787109375,-158.07615661621094,25.972620010375977,2563.02783203125,-139.7352294921875,121.0575714111328,2611.189697265625,-119.87468719482422,191.48501586914065,2528.000732421875,-99.21654510498048,132.39283752441406,2543.696533203125,162.65609741210938,24.77511215209961,2556.770751953125,193.9524078369141,440.3416137695313,2529.960693359375,199.60708618164065,811.6888427734375,2676.080810546875,258.52655029296875,971.4284057617188,2580.15869140625,-17.335847854614258,27.252330780029297,2574.551025390625,-47.92707443237305,443.1545104980469,2564.151123046875,-64.60728454589844,825.6817626953125,2690.821044921875,-112.59683227539062,945.970458984375,2566.10302734375,64.2201919555664,-612.0128784179688,2468.615234375,116.42446899414062,-498.6810302734375,2356.689453125,142.9727783203125,-550.6813354492188,2356.281005859375,165.87635803222656,-645.1636352539062,2445.92529296875,92.94119262695312,-542.6927490234375,2336.093505859375,6.396874904632568,-639.4100952148438,2378.934326171875
71.11307525634766,30.11549186706543,2566.88330078125,64.84933471679688,-155.95599365234375,2538.64208984375,60.47319030761719,-305.4927673339844,2521.83447265625,63.89136505126953,-533.8425903320312,2502.96142578125,98.5373992919922,-495.4753112792969,2500.929931640625,245.86167907714844,-463.4793090820313,2494.737548828125,448.3379821777344,-393.26806640625,2692.601318359375,596.29638671875,-250.5381774902344,2559.681884765625,650.2459716796875,-271.542236328125,2476.145751953125,717.3817138671875,-241.6869659423828,2563.3759765625,715.8445434570312,-292.9057312011719,2574.663330078125,28.621227264404297,-496.91900634765625,2513.383544921875,-99.3310089111328,-467.0760192871094,2558.166748046875,-208.78753662109375,-206.3075256347656,2649.51708984375,-159.58914184570312,22.96327018737793,2569.066162109375,-155.16651916503906,117.76722717285156,2623.55029296875,-150.71853637695312,121.72938537597656,2511.604248046875,-106.48674011230467,123.89151000976562,2527.822998046875,166.74720764160156,28.51750946044922,2556.20068359375,190.12074279785156,450.2276916503906,2543.364990234375,194.70423889160156,827.4205932617188,2687.52783203125,263.587646484375,967.86376953125,2566.572265625,-15.124432563781738,31.55646514892578,2576.516357421875,-46.47943878173828,452.31976318359375,2564.61962890625,-67.0078353881836,840.9288940429688,2687.456787109375,-120.9727020263672,945.6661987304688,2548.837158203125,62.66385269165039,-617.4845581054688,2482.0703125,113.64118957519533,-505.6750793457031,2365.1669921875,141.73114013671875,-557.6224365234375,2366.806884765625,166.45223999023438,-649.3760375976562,2461.011962890625,91.08722686767578,-551.4683837890625,2345.765625,5.5081658363342285,-649.7801513671875,2391.979736328125
68.65359497070312,34.74247360229492,2565.048095703125,63.11102294921875,-150.40200805664062,2538.51220703125,59.4089469909668,-299.1907043457031,2523.4775390625,63.36852264404297,-525.1118774414062,2495.283447265625,97.71663665771484,-486.86322021484375,2494.963134765625,244.62359619140625,-457.2763366699219,2490.1552734375,459.5930480957031,-403.9261779785156,2677.09912109375,607.0157470703125,-234.13247680664065,2584.288330078125,675.7470703125,-226.3197479248047,2510.701171875,726.7479858398438,-232.34017944335935,2611.7294921875,746.23291015625,-202.44874572753903,2618.14501953125,28.20813751220703,-488.9592590332031,2507.05322265625,-100.2171630859375,-465.7116088867187,2551.685302734375,-205.0555419921875,-222.59754943847656,2682.52587890625,-161.45736694335938,0.4923939704895019,2587.578857421875,-177.70616149902344,79.57032775878906,2660.434326171875,-137.56356811523438,125.6827392578125,2567.31298828125,-114.3913803100586,114.20310974121094,2542.237548828125,163.60452270507812,33.52714920043945,2553.695068359375,186.73434448242188,452.4120788574219,2536.2294921875,197.225830078125,826.1323852539062,2682.003662109375,262.1311950683594,970.3458251953124,2565.3955078125,-16.967832565307617,35.838382720947266,2575.285400390625,-49.20721054077149,453.9703063964844,2568.10009765625,-64.20878601074219,841.6776123046875,2685.959228515625,-121.89832305908205,949.7796020507812,2553.0419921875,62.396671295166016,-607.2898559570312,2471.070556640625,102.52587127685548,-504.70269775390625,2343.51611328125,126.39214324951172,-558.3374633789062,2343.24951171875,158.32962036132812,-647.9649658203125,2436.126220703125,74.02691650390625,-548.8623657226562,2330.0126953125,-9.910563468933104,-637.6849975585938,2392.855712890625
68.49927520751953,35.792667388916016,2566.826171875,64.2669677734375,-148.0015106201172,2538.209716796875,61.45676040649414,-295.73980712890625,2521.17822265625,69.22309875488281,-520.4978637695312,2494.954345703125,102.31233978271484,-481.643310546875,2492.060546875,246.53713989257812,-446.6628723144531,2477.87158203125,457.82415771484375,-404.8730773925781,2669.357421875,624.3056030273438,-234.2928009033203,2628.201171875,650.304443359375,-163.10804748535156,2562.3115234375,744.7152709960938,-127.16973114013672,2612.24853515625,733.5582275390625,-137.45626831054688,2624.41357421875,34.204383850097656,-485.2994689941406,2508.60009765625,-91.93411254882812,-466.8869934082031,2559.19921875,-223.48968505859375,-375.2011413574219,2805.196533203125,-236.6078338623047,-140.40542602539062,2736.66162109375,-165.82266235351562,-59.53229904174805,2748.511962890625,-79.0862045288086,-24.483957290649418,2689.204833984375,-212.90103149414065,-18.133699417114254,2644.867431640625,163.12518310546875,35.07395935058594,2557.447265625,187.5644989013672,451.71881103515625,2546.53271484375,196.3357391357422,826.702880859375,2682.6015625,264.8910827636719,965.1600952148438,2563.0166015625,-16.829065322875977,36.44076156616211,2575.283447265625,-49.24250793457031,452.1741943359375,2568.2490234375,-67.75475311279297,838.2020263671875,2683.19189453125,-120.987548828125,949.8701782226562,2552.77783203125,68.7501220703125,-602.4583740234375,2471.724853515625,98.71686553955078,-496.45751953125,2345.435302734375,123.25296020507812,-549.3237915039062,2342.19580078125,162.35195922851562,-640.242431640625,2429.855224609375,70.29741668701172,-540.5059814453125,2332.654541015625,-7.503535747528076,-631.9303588867188,2397.916015625
67.63042449951172,35.707054138183594,2567.44140625,63.23345184326172,-147.76255798339844,2538.118408203125,60.2002067565918,-295.135986328125,2519.4814453125,68.25812530517578,-519.1620483398438,2489.51904296875,100.94454193115234,-480.0974731445313,2485.955810546875,242.46109008789065,-438.5891418457031,2465.302978515625,446.9375915527344,-381.6405944824219,2659.769775390625,537.7401733398438,-174.2342071533203,2575.418701171875,626.6920166015625,-145.6325225830078,2538.9248046875,715.2047119140625,-137.10379028320312,2607.94091796875,675.4910888671875,-145.73045349121094,2616.95068359375,33.62679672241211,-484.4431457519531,2505.03759765625,-90.52005767822266,-467.0948486328125,2560.31005859375,-227.2126007080078,-409.7786865234375,2813.423583984375,-183.7875518798828,-214.9664001464844,2671.905517578125,-172.82395935058594,-122.4021453857422,2726.468505859375,-86.25080871582031,-55.42067337036133,2710.336181640625,-204.43121337890625,-70.68123626708984,2643.3291015625,162.12954711914062,34.974021911621094,2557.857666015625,186.98458862304688,451.1663818359375,2548.441162109375,198.75286865234375,825.9002685546875,2683.67236328125,264.72802734375,963.2105712890624,2561.692138671875,-17.583600997924805,36.36805725097656,2576.08349609375,-48.9219856262207,451.7610168457031,2572.227294921875,-66.39490509033203,836.410400390625,2690.339599609375,-119.09957122802734,945.3865356445312,2557.727294921875,67.36825561523438,-600.6681518554688,2465.0810546875,81.16795349121094,-503.8525390625,2329.223876953125,110.136474609375,-554.4537963867188,2328.8583984375,161.62957763671875,-633.7352905273438,2421.0712890625,56.244327545166016,-551.0517578125,2321.7490234375,-9.501314163208008,-642.7395629882812,2398.559814453125
67.54936218261719,31.615964889526367,2569.145263671875,64.24903869628906,-152.03707885742188,2539.578369140625,61.73017883300781,-299.0558166503906,2517.18603515625,72.6971206665039,-523.4273681640625,2488.972412109375,104.59886169433594,-483.8049926757813,2483.97021484375,244.23403930664065,-438.6407165527344,2457.785400390625,430.0734252929687,-374.5519104003906,2668.506103515625,530.917724609375,-160.28799438476562,2619.28369140625,627.672119140625,-135.65084838867188,2630.018310546875,666.314453125,-150.0999755859375,2734.876953125,601.0224609375,-220.57595825195312,2701.50390625,37.96147537231445,-489.12017822265625,2505.33154296875,-83.28358459472656,-468.1076354980469,2565.88232421875,-209.9630889892578,-372.0281982421875,2812.7421875,-198.59780883789065,-153.0877685546875,2703.52734375,-175.2487030029297,-61.655975341796875,2650.751708984375,-165.68128967285156,42.29970932006836,2613.747314453125,-169.7476043701172,-59.8619499206543,2609.882568359375,162.19705200195312,31.38506317138672,2560.0146484375,188.35415649414065,447.8621520996094,2547.60693359375,201.8518524169922,823.4661865234375,2681.501220703125,270.5628967285156,962.5300903320312,2562.72900390625,-17.79861831665039,31.82417869567871,2577.378662109375,-48.46318054199219,447.669677734375,2570.411865234375,-68.04638671875,834.2196044921875,2683.33154296875,-118.5584487915039,947.9669799804688,2553.64697265625,72.41771697998047,-605.2546997070312,2465.291015625,63.06370162963867,-511.4626770019531,2326.7421875,92.69859313964844,-561.6085815429688,2322.978271484375,159.50857543945312,-637.8053588867188,2407.876708984375,38.23872756958008,-559.2997436523438,2324.22900390625,-13.005739212036133,-650.2918090820312,2412.3369140625
69.4290542602539,31.362958908081055,2567.858642578125,64.22771453857422,-149.73214721679688,2537.892333984375,59.99515914916992,-294.38671875,2513.221435546875,60.113155364990234,-516.0423583984375,2484.846923828125,93.37086486816406,-478.4534912109375,2479.721435546875,230.97547912597656,-443.34661865234375,2441.218017578125,420.2975158691406,-344.9529724121094,2629.313720703125,540.3079223632812,-140.5594024658203,2657.82373046875,601.8280639648438,-137.59486389160156,2735.4765625,671.0324096679688,-139.670654296875,2822.517822265625,633.19091796875,-153.03326416015625,2747.51025390625,27.60215759277344,-480.6376647949219,2501.3486328125,-90.728271484375,-454.6612854003906,2561.73193359375,-199.91409301757812,-348.6593933105469,2808.382568359375,-239.1967315673828,-132.87843322753906,2706.69921875,-186.7118225097656,-54.80618667602539,2656.31396484375,-159.5810546875,40.38566970825195,2609.907470703125,-171.65274047851562,-63.803375244140625,2612.25,162.75303649902344,30.319541931152344,2557.966064453125,186.5962829589844,441.4586791992187,2544.16259765625,201.0510711669922,813.8106079101562,2671.54443359375,269.1561279296875,958.7547607421876,2564.1435546875,-14.725275039672852,32.303855895996094,2576.779296875,-47.34462356567383,442.6139526367187,2580.059326171875,-67.79167938232422,827.243896484375,2680.072998046875,-116.92147827148438,945.54638671875,2557.332763671875,55.82756805419922,-596.6484375,2461.316650390625,70.77322387695312,-509.8608093261719,2321.3154296875,96.5095672607422,-561.3713989257812,2323.1591796875,145.62001037597656,-637.1279907226562,2417.368896484375,43.34710311889648,-555.3380737304688,2317.3779296875,-24.294586181640625,-637.4710693359375,2400.237060546875
70.21354675292969,32.21683120727539,2568.330322265625,65.36710357666016,-148.7215576171875,2538.701904296875,61.4641227722168,-293.32745361328125,2514.74365234375,64.27001190185547,-514.8847045898438,2487.878173828125,97.07022857666016,-476.9911193847656,2482.642333984375,234.30870056152344,-439.135009765625,2446.160400390625,416.84521484375,-333.9036560058594,2636.7333984375,536.7176513671875,-132.2210693359375,2679.28759765625,593.7199096679688,-75.04261779785156,2736.5712890625,665.5794677734375,1.0803117752075195,2773.7431640625,600.915283203125,-29.24559211730957,2735.980712890625,31.322057723999023,-479.7947082519531,2503.994140625,-86.66765594482422,-452.651611328125,2564.1689453125,-183.504638671875,-321.29547119140625,2803.255126953125,-240.6112823486328,-101.30889892578124,2721.7109375,-189.6367645263672,-31.745664596557617,2659.069091796875,-158.90513610839844,55.846065521240234,2601.572265625,-172.99740600585938,-54.57237243652344,2609.581787109375,163.42494201660156,31.342737197875977,2558.42138671875,186.6740570068359,441.9573974609375,2542.783935546875,200.44729614257812,813.5700073242188,2670.946044921875,266.6921081542969,959.5420532226562,2564.188720703125,-13.83926010131836,33.005043029785156,2577.265380859375,-47.07339859008789,442.77642822265625,2580.0751953125,-67.85028839111328,826.6774291992188,2680.929443359375,-118.228515625,945.0706787109376,2559.091796875,61.02130889892578,-595.5925903320312,2464.8955078125,65.62947845458984,-504.4951477050781,2327.161865234375,92.1578369140625,-555.5386962890625,2325.752685546875,148.28099060058594,-633.1748657226562,2414.11865234375,38.71390151977539,-550.2313232421875,2323.574951171875,-22.15694236755371,-635.8435668945312,2407.888671875
68.54853057861328,38.30100631713867,2573.729736328125,65.69384002685547,-145.84121704101562,2543.45703125,63.70039367675781,-293.3437805175781,2521.06201171875,68.30018615722656,-518.6432495117188,2492.727783203125,101.50650024414062,-479.8567810058594,2488.017822265625,240.17442321777344,-426.41412353515625,2471.302001953125,411.4898986816406,-256.037841796875,2630.03515625,528.822998046875,-48.744022369384766,2676.23583984375,592.090087890625,29.550552368164062,2680.082275390625,669.9423217773438,107.02536010742188,2706.812744140625,614.821044921875,52.578861236572266,2662.39501953125,34.34159469604492,-483.21826171875,2508.847900390625,-86.75279235839844,-457.6232299804687,2568.919189453125,-167.09292602539062,-313.67303466796875,2813.028076171875,-245.23622131347656,-83.3882827758789,2777.88818359375,-203.1538543701172,-27.307674407958984,2695.133544921875,-163.5622100830078,36.790504455566406,2613.467529296875,-191.7696228027344,-79.16459655761719,2642.604736328125,162.76058959960938,39.29011917114258,2558.8291015625,182.7430725097656,457.5519104003906,2551.48046875,201.0876007080078,832.4352416992188,2690.489013671875,268.45135498046875,959.350830078125,2557.210205078125,-16.406625747680664,37.40907669067383,2587.166259765625,-48.54669952392578,454.23577880859375,2571.631591796875,-66.60286712646484,841.6036376953125,2686.547607421875,-119.83787536621094,950.4453125,2553.010009765625,65.80693817138672,-600.677978515625,2468.92236328125,65.29020690917969,-509.3399963378906,2327.800537109375,87.38768768310547,-563.4631958007812,2324.48681640625,145.6310272216797,-646.8130493164062,2409.62548828125,33.71927261352539,-553.2999877929688,2327.31982421875,-27.195528030395508,-634.2596435546875,2419.633544921875
71.61278533935547,38.08702087402344,2574.535888671875,69.36970520019531,-146.81387329101562,2544.194091796875,67.52838897705078,-294.5836181640625,2519.640625,75.64496612548828,-520.7186279296875,2491.407470703125,108.04273223876952,-481.14251708984375,2485.52783203125,243.99517822265625,-420.5509948730469,2465.769775390625,407.9350891113281,-250.59222412109375,2634.5458984375,518.3912963867188,-45.682518005371094,2706.370361328125,576.61181640625,35.36148452758789,2722.85302734375,652.6279907226562,119.62064361572266,2724.550537109375,590.6681518554688,71.10645294189453,2696.528076171875,41.40732192993164,-485.7883911132813,2508.64599609375,-79.37337493896484,-466.04449462890625,2572.6962890625,-162.53355407714844,-332.7242736816406,2823.246826171875,-260.58514404296875,-137.78076171875,2708.171875,-202.8952484130859,-70.30853271484375,2645.095458984375,-160.09796142578125,10.324746131896973,2580.972900390625,-180.22007751464844,-99.45751953125,2597.9013671875,166.17506408691406,39.420597076416016,2559.41845703125,189.20394897460935,458.9964904785156,2544.020263671875,203.85498046875,832.3154296875,2692.034423828125,268.7905578613281,958.6508178710938,2555.86767578125,-13.658195495605469,36.88447952270508,2588.167724609375,-48.47312545776367,455.1147155761719,2570.77783203125,-69.56970977783203,843.1248779296875,2688.7119140625,-126.42546081542967,946.5973510742188,2551.4677734375,73.9751205444336,-603.1690063476562,2467.728759765625,49.79068374633789,-510.452880859375,2328.7861328125,73.65642547607422,-563.7052612304688,2321.6533203125,147.03338623046875,-645.3362426757812,2397.03369140625,20.29357528686523,-555.9747924804688,2332.06494140625,-23.79992294311523,-640.6837768554688,2431.15380859375
79.74716186523438,40.720802307128906,2571.450927734375,74.92516326904297,-143.38824462890625,2545.872802734375,71.39673614501953,-290.8866271972656,2527.746337890625,65.59329986572266,-514.2799682617188,2492.228271484375,99.38204193115234,-476.5465393066406,2485.582275390625,236.75717163085935,-426.1734619140625,2457.5029296875,392.1302490234375,-247.9612579345703,2621.973876953125,478.17431640625,-35.86162567138672,2699.718505859375,553.7269287109375,29.21916961669922,2711.0458984375,640.7297973632812,100.31287384033205,2718.72119140625,575.6641235351562,58.09552383422851,2702.14111328125,34.6690559387207,-478.5243835449219,2512.55908203125,-78.56470489501953,-450.9559631347656,2584.70263671875,-111.97164916992188,-229.37693786621097,2774.192138671875,-194.3888397216797,-1.9853264093399048,2736.4658203125,-190.0018310546875,38.388301849365234,2636.328369140625,-120.30905151367188,47.46778106689453,2550.806640625,-174.94776916503906,-72.193115234375,2600.277099609375,173.8406524658203,40.10589218139648,2558.138427734375,194.25775146484375,456.7931213378906,2551.4033203125,202.72607421875,831.2964477539062,2688.07958984375,271.3138732910156,959.9290161132812,2558.186767578125,-5.1010847091674805,41.275291442871094,2583.455322265625,-45.63666915893555,456.0109558105469,2575.25634765625,-73.3272705078125,842.428466796875,2686.083251953125,-121.48908996582033,947.7765502929688,2548.777099609375,58.070987701416016,-595.0308227539062,2466.325439453125,66.88410186767578,-528.9492797851562,2312.691162109375,79.48200988769531,-585.6596069335938,2318.011474609375,126.35506439208984,-662.7333374023438,2414.550048828125,28.60067367553711,-566.2418823242188,2319.851318359375,-40.79859161376953,-619.6044921875,2424.652099609375
79.30440521240234,40.751068115234375,2573.68603515625,74.60966491699219,-143.7177276611328,2548.50439453125,71.63091278076172,-291.8047790527344,2533.363525390625,59.890235900878906,-513.2098388671875,2486.3896484375,94.33259582519533,-475.8070068359375,2480.6611328125,231.4390563964844,-424.1981506347656,2452.24267578125,388.31597900390625,-221.89871215820312,2585.21875,441.6470642089844,12.21299171447754,2616.3564453125,523.2738647460938,42.64495468139648,2666.510009765625,616.9296875,88.92875671386719,2709.053466796875,553.6064453125,50.16251373291016,2694.326904296875,30.326433181762695,-477.9024353027344,2509.54150390625,-78.6893081665039,-447.4641418457031,2587.234130859375,-98.3744888305664,-222.0502166748047,2774.844482421875,-169.4917449951172,9.8646879196167,2739.159423828125,-166.53240966796875,51.00321960449219,2639.093505859375,-105.50984954833984,63.18805313110352,2547.328857421875,-177.05101013183594,-71.66059875488281,2609.80615234375,173.3558807373047,40.356353759765625,2559.04345703125,193.15203857421875,457.7216491699219,2550.98046875,203.6975860595703,833.5626220703125,2685.6982421875,271.6936950683594,966.5999145507812,2559.51171875,-5.505949020385742,41.10700607299805,2586.89013671875,-46.42694854736328,456.4172668457031,2576.036865234375,-71.24297332763672,844.125732421875,2685.3828125,-124.3073959350586,948.1188354492188,2548.473388671875,49.82474899291992,-592.4431762695312,2456.517578125,65.88378143310547,-522.0955810546875,2305.08642578125,80.84693145751953,-578.3590087890625,2310.04248046875,124.79264068603516,-655.6613159179688,2408.054931640625,28.994304656982425,-561.3705444335938,2308.778076171875,-44.825809478759766,-620.61865234375,2407.50634765625
,,,,,,,,,,,,,,,,,,,,,,,,,,,,,,,,,,,,,,,,,,,,,,,,,,,,,,,,,,,,,,,,,,,,,,,,,,,,,,,,,,,,,,,,,,,,,,,
86.54241180419922,20.226537704467773,2552.349609375,82.00391387939453,-156.04098510742188,2542.092041015625,74.7874755859375,-295.5712585449219,2521.66357421875,76.51337432861328,-510.42877197265625,2527.25244140625,44.00872039794922,-475.2547912597656,2535.059814453125,-73.84014129638672,-462.1980285644531,2612.32861328125,-218.8242950439453,-246.89385986328125,2698.7646484375,-151.61798095703125,-64.5145034790039,2821.0205078125,-120.13211822509766,9.927876472473145,2770.473388671875,-67.88693237304688,97.6277847290039,2738.490966796875,-83.58985137939453,14.251712799072266,2730.1484375,107.73814392089844,-474.6568298339844,2515.642333984375,233.57012939453125,-441.2439575195313,2516.731689453125,358.6637878417969,-207.24513244628903,2602.18603515625,428.0276794433594,-7.655173301696777,2699.249267578125,419.9136657714844,84.70650482177734,2743.289306640625,425.86474609375,188.64700317382812,2758.033447265625,416.9298095703125,115.83146667480467,2722.96240234375,-0.0509396195411682,20.972576141357425,2577.843505859375,-31.772539138793945,414.3124694824219,2614.72998046875,-65.43889617919922,791.4183349609375,2626.0888671875,-71.25479125976562,970.3101806640624,2674.692626953125,164.62744140625,19.553802490234375,2529.360595703125,192.3767852783203,411.26373291015625,2579.74462890625,204.05030822753903,792.3494873046875,2613.553955078125,247.99459838867188,939.8614501953124,2687.22412109375,81.01811981201172,-589.8121948242188,2542.021484375,98.70482635498048,-669.24560546875,2678.716064453125,64.14625549316406,-690.9034423828125,2641.2021484375,-6.562839984893799,-645.0691528320312,2548.1904296875,115.6641616821289,-693.293701171875,2636.791748046875,154.03347778320312,-660.455078125,2517.314697265625
91.03563690185548,40.17829513549805,2555.97998046875,88.40374755859375,-141.36387634277344,2548.450439453125,79.46273040771484,-284.1197509765625,2523.0458984375,77.6782455444336,-505.23345947265625,2525.5634765625,45.6845817565918,-468.6085510253906,2536.85546875,-67.58598327636719,-455.2021484375,2627.3603515625,-268.8665466308594,-386.2947082519531,2811.654541015625,-107.27180480957033,-216.9846343994141,2843.770263671875,-95.13895416259766,-154.41139221191406,2769.223876953125,-51.07111358642578,-84.43330383300781,2696.599365234375,-106.3501434326172,-117.9115753173828,2753.330322265625,109.36607360839844,-468.80328369140625,2511.494873046875,240.5375518798828,-445.4054565429687,2497.724609375,388.9018859863281,-224.96319580078125,2605.639892578125,405.5714111328125,-1.5939176082611084,2689.666015625,394.1294860839844,93.31002807617188,2734.55224609375,370.9310607910156,197.5360107421875,2751.932373046875,366.6580810546875,122.49807739257812,2687.738037109375,3.4485161304473877,40.16694259643555,2586.869384765625,-39.059181213378906,442.7742919921875,2635.58984375,-83.20883178710938,829.4635009765625,2655.2705078125,-89.42679595947266,1009.2684936523438,2718.85107421875,170.0167999267578,40.188533782958984,2528.12548828125,199.0282440185547,441.275390625,2592.957763671875,211.78819274902344,832.1536865234375,2639.091552734375,264.7615051269531,973.4139404296876,2728.875244140625,82.06878662109375,-587.1964721679688,2539.18603515625,112.78651428222656,-659.265869140625,2682.89013671875,78.13286590576172,-686.7457885742188,2646.91455078125,-2.0412299633026123,-651.6428833007812,2551.9765625,130.9405517578125,-684.5770874023438,2640.38330078125,162.71783447265625,-653.94287109375,2514.44091796875
95.61443328857422,42.583248138427734,2555.1767578125,92.64686584472656,-141.00721740722656,2551.14892578125,81.16416931152344,-285.7205810546875,2529.146728515625,87.58220672607422,-508.7146301269531,2515.59375,55.459022521972656,-474.0035400390625,2533.1796875,-58.43928527832031,-464.8797912597656,2625.91845703125,-259.94580078125,-382.509521484375,2809.0537109375,-81.97157287597656,-292.1244201660156,2940.06787109375,-42.96330261230469,-207.04327392578125,2907.419189453125,-49.81243515014648,-103.20329284667967,2868.12841796875,-91.15586853027344,-187.8392333984375,2829.2998046875,116.4632797241211,-469.6541442871094,2500.63720703125,237.6833038330078,-434.1408081054687,2451.924072265625,434.4163513183594,-223.16851806640625,2423.531494140625,420.517822265625,-101.30294036865234,2631.899169921875,408.6736755371094,0.4080012440681457,2662.0087890625,417.4761657714844,92.58660888671876,2720.14892578125,389.5206909179687,16.0145320892334,2668.052001953125,11.17962646484375,43.04840087890625,2596.182861328125,97.13327026367188,445.9528198242187,2607.35791015625,95.51515197753906,826.3529663085938,2505.278076171875,160.681640625,995.8873901367188,2570.120361328125,171.75302124023438,42.16380310058594,2518.199951171875,195.14968872070312,446.1568603515625,2593.842529296875,204.69969177246097,839.955810546875,2650.757568359375,276.9633483886719,970.1504516601562,2747.251708984375,96.4861831665039,-592.0300903320312,2522.716552734375,128.51036071777344,-654.982421875,2672.30029296875,90.57601165771484,-683.3046875,2639.453369140625,8.296649932861328,-650.53271484375,2543.601806640625,143.7025909423828,-684.9619140625,2630.982666015625,172.86407470703125,-666.1871337890625,2500.63916015625
95.54820251464844,37.93443298339844,2577.21630859375,95.25221252441406,-147.64852905273438,2551.633056640625,95.46630859375,-296.4827575683594,2534.937744140625,102.3498992919922,-518.02587890625,2481.60791015625,134.76422119140625,-478.096435546875,2479.6044921875,271.5767517089844,-418.6823425292969,2462.71435546875,376.7305603027344,-219.02911376953125,2645.15576171875,351.68841552734375,22.92250061035156,2657.34375,324.78076171875,104.40157318115234,2603.853759765625,298.7297058105469,199.73341369628903,2548.10986328125,292.95355224609375,129.8073272705078,2581.210693359375,68.53678894042969,-485.1918640136719,2503.211181640625,-49.89388656616211,-466.56536865234375,2571.74951171875,-105.16910552978516,-281.9996337890625,2796.025634765625,-176.93453979492188,-49.89157485961914,2753.563232421875,-170.12796020507812,16.279951095581055,2667.376953125,-114.8461685180664,61.65602493286133,2581.7998046875,-178.4036407470703,-72.25072479248047,2603.15966796875,190.62435913085935,39.33089065551758,2565.986328125,194.2119903564453,459.4903564453125,2552.87158203125,203.83270263671875,835.9066162109375,2692.9560546875,270.4504699707031,963.773193359375,2559.12548828125,9.813852310180664,36.67518615722656,2587.343017578125,-41.33399963378906,453.0061340332031,2567.565673828125,-72.76423645019531,839.502685546875,2687.78076171875,-122.3645477294922,946.4650268554688,2550.46044921875,100.00330352783205,-597.3069458007812,2448.947998046875,18.55575942993164,-518.0921630859375,2324.197509765625,51.32851791381836,-564.6152954101562,2309.50048828125,159.11404418945312,-624.1329345703125,2360.103271484375,2.454483985900879,-569.0218505859375,2334.119384765625,7.5357255935668945,-657.7418823242188,2439.150146484375
102.92141723632812,41.150997161865234,2578.689453125,101.94810485839844,-144.9774169921875,2553.275390625,101.2795639038086,-293.8916931152344,2533.80419921875,108.95492553710938,-515.3599853515625,2477.639404296875,141.71331787109375,-475.4780578613281,2477.323974609375,280.02197265625,-417.3970031738281,2464.8544921875,374.3460083007813,-221.82679748535156,2658.572509765625,336.5389709472656,19.440532684326172,2661.130859375,321.593017578125,103.5754852294922,2606.552490234375,293.81390380859375,199.1083221435547,2551.34814453125,280.1786193847656,117.86736297607422,2561.70703125,74.46501922607422,-482.5354309082031,2498.520751953125,-46.92573165893555,-464.21826171875,2562.5908203125,-87.92794036865234,-253.4773406982422,2767.072021484375,-152.6926727294922,-17.860740661621094,2728.917236328125,-185.07080078125,42.80714797973633,2644.12353515625,-108.29087829589844,54.18207550048828,2563.60595703125,-183.77911376953125,-78.04052734375,2590.7548828125,198.15245056152344,42.315059661865234,2566.51708984375,196.23971557617188,463.8541564941406,2565.142822265625,201.824462890625,843.7416381835938,2699.14501953125,270.92559814453125,959.2625122070312,2554.9462890625,17.04739761352539,40.10131072998047,2589.665771484375,-30.633434295654297,458.0928649902344,2571.552978515625,-68.81027221679688,845.2799072265625,2691.4013671875,-123.92615509033205,945.6062622070312,2550.55810546875,107.36683654785156,-594.4080200195312,2443.765380859375,32.10614013671875,-508.4548034667969,2318.955810546875,61.769874572753906,-557.1294555664062,2303.972900390625,165.18460083007812,-624.5514526367188,2354.75537109375,12.424845695495604,-558.3772583007812,2328.35400390625,10.75329303741455,-648.394287109375,2432.89013671875
102.71475219726562,40.60298538208008,2577.333251953125,102.41907501220705,-145.5774383544922,2552.704833984375,102.1653823852539,-294.3979797363281,2532.8525390625,111.51451873779295,-516.3583374023438,2479.21533203125,144.10260009765625,-476.3565368652344,2478.921630859375,280.8436279296875,-417.0266418457031,2458.265869140625,373.3633117675781,-232.99070739746097,2663.67333984375,339.70709228515625,8.384153366088867,2678.371826171875,322.2645263671875,87.47113800048828,2617.41455078125,301.0633239746094,178.95254516601562,2553.22900390625,292.9080505371094,104.99577331542967,2577.8076171875,76.61558532714844,-483.4657897949219,2499.2548828125,-45.73739242553711,-464.7494201660156,2561.257568359375,-89.0933609008789,-266.78009033203125,2777.549072265625,-150.3088836669922,-33.28342819213867,2724.057373046875,-182.87893676757812,37.78644561767578,2647.89892578125,-107.7855224609375,56.6442756652832,2567.241455078125,-187.34201049804688,-81.63511657714844,2583.359130859375,198.1708068847656,41.77295684814453,2567.3427734375,200.2572479248047,463.11865234375,2559.635986328125,200.76348876953125,841.593505859375,2697.342041015625,272.01141357421875,959.865966796875,2556.537841796875,16.637832641601562,39.547969818115234,2586.342041015625,-29.9661865234375,457.7595520019531,2574.46875,-70.40448760986328,846.2877807617188,2688.6953125,-123.09500885009766,945.5904541015624,2546.276123046875,110.71747589111328,-595.7489624023438,2446.18994140625,43.88626480102539,-493.3537292480469,2329.3076171875,72.89041137695312,-540.8592529296875,2309.97900390625,171.86294555664062,-617.0930786132812,2356.89892578125,22.43632698059082,-543.35107421875,2331.826416015625,13.33194065093994,-644.889892578125,2424.721435546875
102.46675872802734,39.38458251953125,2579.83642578125,101.53614807128906,-146.5170440673828,2555.684814453125,100.81031799316406,-295.1578063964844,2536.542236328125,108.65291595458984,-516.432373046875,2481.588623046875,141.4615478515625,-476.73004150390625,2481.58740234375,277.5618591308594,-417.0108947753906,2459.813720703125,373.8645324707031,-236.740234375,2666.082763671875,343.086181640625,3.823623180389404,2690.14599609375,322.72259521484375,80.61097717285156,2627.4794921875,307.1904296875,173.6886749267578,2564.336181640625,304.9660949707031,95.87454986572266,2582.31982421875,74.02442169189453,-483.484619140625,2501.764892578125,-48.5791130065918,-461.4165954589844,2561.57861328125,-89.54940795898438,-279.30767822265625,2791.13671875,-140.00137329101562,-39.0257682800293,2766.04052734375,-191.95123291015625,56.41412353515625,2758.186767578125,-118.46036529541016,68.94915771484375,2675.1357421875,-122.26923370361328,52.71598815917969,2652.885009765625,197.7154541015625,40.251609802246094,2569.49267578125,199.61282348632812,460.6452026367187,2554.4619140625,199.7816619873047,838.4240112304688,2691.97216796875,270.3136901855469,963.078369140625,2556.9248046875,16.576818466186523,38.602745056152344,2589.163818359375,-32.608985900878906,455.6238098144531,2573.231689453125,-68.30638885498047,844.1170654296875,2686.55908203125,-124.03426361083984,946.1046142578124,2547.64990234375,107.34021759033205,-595.4600830078125,2448.113037109375,67.80632781982422,-491.3869934082031,2321.16357421875,94.0348129272461,-542.1094970703125,2307.07568359375,177.2598419189453,-625.9071655273438,2368.691162109375,41.214210510253906,-538.7999267578125,2321.8173828125,9.345834732055664,-635.3580322265625,2414.636474609375
99.44554138183594,35.5461311340332,2573.34765625,106.7878875732422,-146.04637145996094,2556.215576171875,112.26507568359376,-290.9180603027344,2539.48681640625,115.24771881103516,-507.9687805175781,2492.28271484375,145.84129333496094,-468.8147277832031,2485.47998046875,271.27069091796875,-398.0812683105469,2459.803466796875,336.5777282714844,-258.71832275390625,2697.00439453125,267.6241455078125,-33.63060760498047,2727.031982421875,295.1043701171875,47.00284194946289,2677.52587890625,316.0834655761719,127.19418334960938,2604.35986328125,307.23919677734375,54.92995071411133,2619.50537109375,84.7602310180664,-475.7749938964844,2516.498779296875,-12.293078422546388,-437.3058776855469,2601.3984375,155.9711151123047,-255.38897705078125,2748.3623046875,123.61492156982422,-47.5853385925293,2632.059326171875,30.74742889404297,-21.58363914489746,2676.263427734375,-64.14281463623047,29.02383804321289,2660.608642578125,-6.735645294189453,-76.06932830810547,2661.144775390625,191.9076690673828,40.368839263916016,2561.855712890625,188.29603576660156,449.97607421875,2560.07275390625,168.38388061523438,794.8150634765625,2744.311279296875,178.80526733398438,956.9369506835938,2642.566650390625,16.068376541137695,31.197280883789062,2583.710205078125,-25.49977684020996,438.1953125,2576.09521484375,-58.683372497558594,816.9963989257812,2685.201171875,-111.8250961303711,939.5796508789062,2570.07958984375,110.02140808105467,-586.0242919921875,2462.8525390625,89.4886474609375,-494.2673950195313,2327.972412109375,114.72908782958984,-545.239501953125,2321.281494140625,185.49026489257812,-623.6165771484375,2396.618896484375,62.126094818115234,-539.5692138671875,2329.20166015625,17.704444885253906,-625.0401000976562,2422.44384765625
99.5513687133789,40.78437805175781,2580.5048828125,103.20466613769533,-144.8769989013672,2562.85888671875,105.98072814941406,-293.1657409667969,2547.3369140625,100.90771484375,-513.4103393554688,2492.619384765625,136.49005126953125,-476.65631103515625,2495.684814453125,275.4481506347656,-421.6661376953125,2493.1142578125,342.5611267089844,-229.0928192138672,2697.792724609375,321.9016418457031,10.370150566101074,2665.56494140625,320.9255065917969,97.19197845458984,2614.599365234375,318.1363220214844,208.42477416992188,2595.019775390625,308.4282531738281,120.45596313476562,2579.14208984375,67.5484619140625,-477.90679931640625,2509.69921875,-51.6268310546875,-437.2208862304687,2564.91455078125,-106.80471801757812,-201.8569793701172,2732.931640625,-120.77054595947266,16.40017318725586,2621.240234375,-119.30667114257812,105.67613220214844,2682.71484375,-117.37152862548828,195.56239318847656,2617.533447265625,-93.20616149902344,124.90055084228516,2661.94091796875,194.3808135986328,43.545623779296875,2571.085205078125,200.874267578125,461.2098388671875,2544.271484375,199.52577209472656,830.2338256835938,2698.679443359375,256.9105529785156,969.0748901367188,2572.99365234375,14.039494514465332,38.29444122314453,2588.9990234375,-28.604780197143555,453.8797912597656,2571.7412109375,-64.13644409179688,838.2283325195312,2691.826171875,-112.95337677001952,944.0853881835938,2554.390625,96.25577545166016,-591.78076171875,2458.988037109375,60.543243408203125,-484.3013916015625,2334.890625,88.98967742919922,-533.3360595703125,2320.35595703125,170.9859619140625,-616.6566772460938,2382.8310546875,35.629852294921875,-532.2412109375,2332.1826171875,2.051629066467285,-632.9844360351562,2418.7255859375
99.55004119873048,40.787349700927734,2580.5068359375,103.20350646972656,-144.87396240234375,2562.861083984375,105.97999572753906,-293.1629638671875,2547.342529296875,100.91365051269533,-513.4094848632812,2492.63232421875,136.49496459960938,-476.6543884277344,2495.697265625,275.4508972167969,-421.6588745117187,2493.126953125,342.5506591796875,-229.07090759277344,2697.7958984375,321.8811340332031,10.3892240524292,2665.554443359375,320.8931884765625,97.208984375,2614.5859375,318.09197998046875,208.43899536132812,2594.99267578125,308.3885192871094,120.47370147705078,2579.135986328125,67.55319213867188,-477.9062194824219,2509.710205078125,-51.62612533569336,-437.2247009277344,2564.919921875,-106.83871459960938,-201.8549346923828,2732.917236328125,-120.82964324951172,16.411468505859375,2621.247314453125,-119.42259979248048,105.70462036132812,2682.6982421875,-117.52214050292967,195.60617065429688,2617.536865234375,-93.36978149414062,124.98486328125,2661.907470703125,194.3794403076172,43.54866790771485,2571.087158203125,200.8724670410156,461.21240234375,2544.271484375,199.5246429443359,830.237548828125,2698.67578125,256.9117736816406,969.073974609375,2572.986328125,14.03820514678955,38.29734802246094,2589.0009765625,-28.607004165649418,453.8824157714844,2571.743408203125,-64.13805389404297,838.2301025390625,2691.830810546875,-112.95706176757812,944.0899658203124,2554.398681640625,96.26434326171876,-591.7811279296875,2459.003662109375,60.54836654663086,-484.2920837402344,2334.915771484375,88.99595642089844,-533.32470703125,2320.376708984375,170.99472045898438,-616.6485595703125,2382.843994140625,35.63620376586914,-532.2322998046875,2332.2041015625,2.06108021736145,-632.9837646484375,2418.73828125
99.89318084716795,42.10903549194336,2585.0810546875,100.85092163085938,-145.124755859375,2566.2109375,101.2991714477539,-294.43487548828125,2547.776123046875,102.96885681152344,-519.12109375,2503.5400390625,138.2068328857422,-481.6715087890625,2508.912841796875,276.2180480957031,-426.7849426269531,2534.93994140625,327.6031799316406,-215.27114868164065,2728.8154296875,330.1756896972656,26.45435905456543,2691.1904296875,313.6773376464844,103.3102569580078,2626.865966796875,288.8421325683594,188.0032958984375,2554.747314453125,300.0159606933594,128.81195068359375,2598.525146484375,67.48600006103516,-482.7421875,2514.940673828125,-56.39904022216797,-434.8869934082031,2555.007568359375,-88.92887878417969,-166.90916442871094,2678.866943359375,-114.91788482666016,69.84308624267578,2610.666015625,-122.99608612060548,161.2810516357422,2670.11572265625,-126.5014877319336,249.0353851318359,2739.671630859375,-93.10803985595705,175.5787811279297,2535.470458984375,195.64840698242188,43.49786758422851,2576.16064453125,195.14007568359375,464.3998107910156,2542.091552734375,201.24337768554688,837.2973022460938,2696.291259765625,266.8923645019531,964.4962768554688,2560.05810546875,13.54648208618164,40.85666275024414,2593.125,-29.725187301635746,459.8081970214844,2569.823974609375,-62.527626037597656,847.2260131835938,2692.882080078125,-113.69042205810548,948.2987060546876,2550.680419921875,102.36917877197266,-599.800537109375,2473.29443359375,61.22410583496094,-470.2967834472656,2371.977783203125,86.6839599609375,-517.196044921875,2346.71923828125,170.54519653320312,-613.1129150390625,2387.320556640625,34.01908493041992,-516.7616577148438,2363.08056640625,2.883072853088379,-631.121826171875,2434.159912109375
99.57891082763672,41.45296478271485,2584.998779296875,100.43254089355467,-145.6837921142578,2565.97900390625,100.68790435791016,-294.7564392089844,2546.201904296875,102.28363800048828,-518.6847534179688,2498.7529296875,137.54075622558594,-481.4387512207031,2505.10888671875,275.2237243652344,-427.0751647949219,2533.48583984375,323.95965576171875,-219.18841552734375,2731.728271484375,326.9315490722656,23.15679168701172,2699.150634765625,312.7101745605469,101.88131713867188,2636.637451171875,291.7768859863281,190.6466827392578,2568.358642578125,302.860595703125,127.09051513671876,2604.5283203125,66.77754211425781,-482.3844909667969,2510.228515625,-57.51017379760742,-434.9305419921875,2549.303955078125,-89.95942687988281,-170.13327026367188,2679.55029296875,-113.4615478515625,68.0424575805664,2615.95068359375,-118.93711853027344,157.56439208984375,2678.447265625,-121.29170989990234,234.00730895996097,2760.246826171875,-94.25629425048828,175.99810791015625,2540.251220703125,195.3052215576172,42.78270721435547,2576.211669921875,194.44541931152344,463.4942321777344,2542.076904296875,200.241455078125,836.6004028320312,2695.320556640625,265.6745910644531,964.3553466796876,2559.62939453125,13.258271217346191,40.253875732421875,2592.922607421875,-29.56889915466309,459.0792846679687,2569.858154296875,-62.1019172668457,846.1624755859375,2693.451416015625,-113.28781127929688,948.5840454101562,2552.328369140625,101.83924102783205,-598.8804931640625,2467.347412109375,61.78660202026367,-469.4195251464844,2365.662353515625,85.93978118896484,-516.9817504882812,2340.420166015625,168.45054626464844,-614.18115234375,2380.543701171875,33.5606575012207,-515.384765625,2357.52880859375,1.241337537765503,-628.5160522460938,2429.917236328125
102.6320571899414,39.29093170166016,2585.411865234375,101.4290542602539,-147.658935546875,2568.02587890625,100.00672912597656,-295.77337646484375,2543.700927734375,102.52574920654295,-520.5327758789062,2502.662109375,137.5917205810547,-483.4330749511719,2510.07861328125,277.37896728515625,-434.7279052734375,2536.947998046875,300.8006591796875,-221.8434906005859,2733.70947265625,308.47760009765625,21.408796310424805,2714.9140625,291.93951416015625,104.41053009033205,2659.169921875,262.7584228515625,208.52761840820312,2623.950927734375,313.68157958984375,124.2201919555664,2605.9951171875,66.7728500366211,-483.7526550292969,2510.979248046875,-62.86531829833984,-443.5304870605469,2538.042236328125,-89.59272003173828,-196.52781677246097,2699.564697265625,-97.9233627319336,47.74884796142578,2662.6669921875,-96.10651397705078,109.47572326660156,2752.62841796875,-93.83011627197266,187.25994873046875,2832.8720703125,-122.10334014892578,182.9770050048828,2662.5439453125,198.50006103515625,39.07052993774414,2581.148193359375,196.93734741210935,459.0792541503906,2547.886474609375,197.46484375,835.2462158203125,2691.524169921875,267.16912841796875,965.4349365234376,2560.890380859375,16.183673858642578,39.48967361450195,2589.25634765625,-32.15951156616211,457.2590026855469,2572.947021484375,-63.13716506958008,846.2116088867188,2688.35498046875,-119.69827270507812,948.2366333007812,2549.439453125,103.27301788330078,-601.4201049804688,2473.549072265625,57.89091491699219,-464.0788269042969,2385.927001953125,84.67591857910156,-507.2844543457031,2356.163330078125,171.4282684326172,-603.8805541992188,2386.885986328125,32.18989181518555,-510.1471557617187,2372.435791015625,4.9275102615356445,-631.7097778320312,2431.53955078125
102.07078552246094,38.059356689453125,2587.308349609375,96.66838073730467,-150.39874267578125,2571.44873046875,91.39275360107422,-300.196044921875,2551.157958984375,94.88470458984376,-525.6375732421875,2504.513916015625,130.0367889404297,-487.8675842285156,2510.821044921875,271.54559326171875,-436.58734130859375,2528.959228515625,293.4013671875,-216.42051696777344,2721.1455078125,293.1461181640625,25.466129302978516,2676.50537109375,314.3358459472656,125.26288604736328,2680.983642578125,308.9928283691406,238.71107482910156,2696.23193359375,324.66156005859375,160.24095153808594,2714.23095703125,58.85643005371094,-489.3514404296875,2515.7880859375,-71.14595031738281,-443.3440246582031,2536.62451171875,-71.17872619628906,-239.82501220703125,2755.1357421875,-37.6744499206543,-72.16459655761719,2573.998046875,-29.465286254882812,33.40312194824219,2544.3662109375,6.020599842071533,139.47671508789062,2531.088623046875,-39.95963287353515,53.182743072509766,2598.260009765625,197.9759521484375,36.3409309387207,2575.059326171875,198.4100799560547,460.2381896972656,2551.345703125,266.09869384765625,825.4188232421875,2714.726318359375,269.0980529785156,981.1344604492188,2591.374755859375,15.588879585266112,39.60894012451172,2598.353759765625,6.791003227233887,463.2316284179687,2580.187255859375,201.7837829589844,802.7700805664062,2701.8642578125,243.22462463378903,945.780029296875,2595.828125,95.15206909179688,-606.4522094726562,2473.310302734375,54.70357131958008,-465.1515502929687,2387.0634765625,75.447509765625,-511.03460693359375,2355.632080078125,156.3532257080078,-615.3726806640625,2380.985595703125,23.94464874267578,-509.2431945800781,2376.093505859375,-9.19360637664795,-628.5524291992188,2439.134033203125
97.13138580322266,33.13824462890625,2584.29150390625,100.0569305419922,-153.1253662109375,2567.521240234375,102.38772583007812,-302.455078125,2560.157958984375,100.75833892822266,-514.61865234375,2477.748291015625,136.36895751953125,-479.8580932617187,2490.563232421875,274.0072021484375,-420.5577697753906,2491.23193359375,313.51531982421875,-250.6694793701172,2722.559814453125,295.4186096191406,-9.314224243164062,2699.15869140625,321.458251953125,88.074462890625,2704.5361328125,340.0386962890625,198.6414031982422,2720.751708984375,324.0036926269531,123.9894790649414,2668.5029296875,65.91004180908203,-480.0622863769531,2494.2099609375,-60.5435676574707,-442.9464416503906,2534.724609375,-77.27225494384766,-252.49758911132812,2759.648681640625,-30.054256439208984,-95.89608001708984,2575.582763671875,-19.6562442779541,9.952984809875488,2553.151123046875,3.427764415740967,116.86505889892578,2532.27392578125,-44.31053161621094,36.78858947753906,2595.591064453125,192.71441650390625,34.6187858581543,2584.521728515625,90.2354507446289,440.9541015625,2607.890625,-36.71399688720703,803.7178344726562,2722.686279296875,-9.83394718170166,988.19140625,2660.862548828125,10.939963340759276,31.80317497253418,2584.083740234375,5.4706130027771,451.0242919921875,2585.16943359375,2.767986536026001,811.1214599609375,2771.2265625,-10.992136001586914,979.522705078125,2707.15283203125,99.4618148803711,-588.2752075195312,2434.075927734375,56.40522003173828,-456.0760803222656,2338.943115234375,68.40296936035156,-506.3083190917969,2311.081787109375,143.8175811767578,-612.7327270507812,2336.593017578125,21.63216781616211,-497.7006530761719,2338.339599609375,-9.054990768432615,-604.4407958984375,2419.16748046875
98.77259826660156,27.024572372436523,2584.6279296875,101.51075744628906,-155.95779418945312,2568.908935546875,104.4388427734375,-302.731201171875,2565.570556640625,98.0302505493164,-504.6853942871094,2469.996337890625,133.37176513671875,-470.2095642089844,2480.432861328125,260.3105773925781,-399.4567565917969,2457.166259765625,385.8395385742187,-200.1988067626953,2616.7998046875,333.7704772949219,32.375694274902344,2602.031494140625,302.3686218261719,86.8160400390625,2678.70263671875,332.00445556640625,188.77749633789065,2711.890380859375,311.7842102050781,147.88824462890625,2677.43017578125,65.315185546875,-473.33587646484375,2493.039306640625,-60.04983139038086,-440.6944580078125,2532.412109375,-78.0675048828125,-252.413330078125,2752.096923828125,-19.918813705444336,-117.73249816894533,2559.865966796875,13.12880802154541,-27.645751953125,2513.1064453125,53.92148971557617,60.93227005004883,2463.639892578125,-44.54315185546875,21.8792781829834,2593.378662109375,192.3353576660156,29.059104919433594,2577.2421875,158.79840087890625,439.3781127929687,2597.0390625,103.2043228149414,790.361328125,2766.97314453125,75.27534484863281,973.6762084960938,2713.906982421875,14.402948379516602,25.189945220947266,2591.287841796875,2.887165069580078,436.14251708984375,2568.966552734375,3.3280951976776123,803.8460693359375,2721.390625,-18.75045585632324,977.9983520507812,2695.439208984375,93.11608123779295,-573.7706298828125,2422.28955078125,56.12324905395508,-456.4322204589844,2311.68896484375,68.87306213378906,-508.7625427246094,2291.201904296875,140.99981689453125,-609.42333984375,2332.431884765625,21.783231735229492,-497.0538940429687,2314.503173828125,-12.736300468444824,-591.2793579101562,2404.646728515625
99.98006439208984,23.472835540771484,2585.406005859375,102.1726531982422,-159.30738830566406,2567.30908203125,104.17118072509766,-305.6576843261719,2555.38525390625,103.0239028930664,-519.6111450195312,2490.6611328125,137.7974090576172,-483.8518981933594,2498.3349609375,272.6706237792969,-426.1595764160156,2486.33447265625,330.51434326171875,-262.9086608886719,2712.070068359375,291.9759826660156,-28.48091697692871,2736.25732421875,316.73004150390625,67.52090454101562,2736.811279296875,338.79248046875,176.56353759765625,2736.36376953125,296.9812316894531,80.45943450927734,2674.690673828125,68.99661254882812,-485.28607177734375,2506.41748046875,-59.677757263183594,-451.05267333984375,2531.016357421875,-90.92220306396484,-264.73907470703125,2750.9169921875,-22.1270694732666,-106.76909637451172,2581.23388671875,31.233558654785156,-41.6710090637207,2515.580322265625,73.8355941772461,46.5746955871582,2467.040283203125,43.91761016845703,-56.60597229003906,2475.59765625,193.42218017578125,25.469579696655273,2576.560302734375,175.78480529785156,437.1676025390625,2567.01806640625,149.93704223632812,778.1934814453125,2762.487548828125,119.06159210205078,962.1256103515624,2713.29150390625,15.719197273254396,21.672285079956055,2593.3828125,-15.812914848327637,430.9579162597656,2561.399658203125,-11.297504425048828,806.0576171875,2694.57958984375,-52.91300201416016,973.0743408203124,2651.36962890625,100.9741668701172,-595.0426025390625,2453.5185546875,55.35454177856445,-457.3597412109375,2373.92822265625,75.11483764648438,-500.94390869140625,2341.818115234375,156.7275848388672,-600.91845703125,2361.3408203125,25.969633102416992,-500.6171569824219,2363.783447265625,-1.1691656112670898,-618.12353515625,2424.228759765625
103.37590026855467,27.201032638549805,2587.9443359375,102.52279663085938,-157.3860321044922,2570.16748046875,102.12789916992188,-305.43829345703125,2562.470947265625,95.68285369873048,-512.8915405273438,2473.881103515625,131.60983276367188,-478.487548828125,2484.897216796875,269.6168518066406,-424.099609375,2476.21484375,325.9757995605469,-265.60986328125,2709.052001953125,295.39056396484375,-35.03996276855469,2772.489013671875,288.4197082519531,40.778568267822266,2707.51806640625,285.6686096191406,101.3621063232422,2612.981689453125,307.3689880371094,83.31480407714844,2698.151611328125,62.27727127075195,-479.5943603515625,2494.11328125,-64.13819122314453,-444.5921630859375,2532.588134765625,-101.71647644042967,-269.2018127441406,2763.858642578125,-26.558809280395508,-83.65343475341797,2624.12255859375,9.18392848968506,-14.017112731933594,2550.043701171875,49.29878616333008,59.62675094604492,2478.2421875,23.15312957763672,-47.5551643371582,2495.963623046875,198.0625,27.16554069519043,2583.768798828125,194.6400909423828,440.77001953125,2538.151123046875,197.5023956298828,812.2264404296875,2680.165771484375,259.76361083984375,967.2734985351562,2580.1494140625,17.99283218383789,27.23303604125977,2591.70947265625,-30.22572326660156,439.4841613769531,2569.06298828125,-42.535888671875,825.1277465820312,2681.440673828125,-108.31200408935548,951.8873901367188,2573.255615234375,91.51636505126952,-584.4124755859375,2428.307373046875,54.26543045043945,-450.97454833984375,2335.007080078125,76.1169662475586,-497.3309631347656,2307.466064453125,155.09263610839844,-597.4002075195312,2340.827392578125,24.87264633178711,-494.9752502441406,2325.40966796875,-9.19651222229004,-608.759765625,2392.042236328125
102.35833740234376,32.51457595825195,2593.274169921875,102.0949478149414,-156.0117950439453,2576.429931640625,101.74807739257812,-306.35247802734375,2559.261474609375,96.79996490478516,-524.525634765625,2485.570556640625,133.3019561767578,-488.7680358886719,2495.22412109375,273.14105224609375,-430.9424133300781,2485.069091796875,324.1190490722656,-253.2087554931641,2712.594482421875,297.49505615234375,-15.261858940124512,2769.366455078125,293.78033447265625,69.60086822509766,2712.609375,285.1832275390625,110.76614379882812,2605.962158203125,311.4858703613281,109.13661193847656,2702.692138671875,62.26169204711914,-488.8976745605469,2502.35693359375,-67.02225494384766,-445.787109375,2532.260986328125,-100.28145599365234,-269.8775634765625,2771.40234375,-33.81583023071289,-52.98574447631836,2668.282958984375,-15.086602210998535,-4.195250511169434,2571.492431640625,31.480405807495117,44.56646728515625,2481.20849609375,31.902055740356445,-10.636821746826172,2555.1689453125,199.03175354003903,32.695884704589844,2589.7333984375,202.66799926757812,453.5328979492187,2532.466064453125,200.13421630859375,828.7163696289062,2687.37060546875,272.1468811035156,960.81982421875,2557.499267578125,15.1836576461792,32.35108184814453,2596.467041015625,-35.79277038574219,452.4919128417969,2566.60888671875,-67.81281280517578,841.9903564453125,2691.167236328125,-117.71204376220705,950.39208984375,2552.607421875,93.60926055908205,-600.9417724609375,2444.81298828125,65.19132995605469,-450.0052185058594,2370.82373046875,93.5986785888672,-491.02044677734375,2338.619140625,172.15579223632812,-596.634765625,2366.257568359375,39.021427154541016,-492.71966552734375,2348.383544921875,-0.9936019778251648,-619.8617553710938,2387.83154296875
102.7158660888672,34.336605072021484,2593.436279296875,102.07077026367188,-153.2395782470703,2577.02783203125,101.36590576171876,-302.7088623046875,2559.190185546875,95.77650451660156,-518.5960083007812,2482.602294921875,132.18551635742188,-483.22265625,2492.565185546875,272.10052490234375,-427.4529418945313,2483.79638671875,323.8167724609375,-254.19857788085935,2712.6474609375,279.4791259765625,-13.556048393249512,2719.58251953125,286.22540283203125,81.4970474243164,2684.25537109375,301.7139892578125,129.58326721191406,2582.01220703125,309.9480895996094,120.4204559326172,2707.47802734375,61.55082702636719,-483.3675537109375,2500.01318359375,-67.14019012451172,-441.5798034667969,2530.958984375,-101.45577239990234,-265.5465087890625,2767.915283203125,-36.33444595336914,-51.92008590698242,2660.340087890625,-15.991134643554688,-2.956654787063598,2564.61669921875,33.51115417480469,46.16011047363281,2476.851318359375,40.58958053588867,-2.4601073265075684,2560.699462890625,198.87420654296875,34.34293746948242,2589.58349609375,202.56515502929688,452.3622131347656,2528.166748046875,199.4892120361328,825.0338134765625,2683.608642578125,271.3265075683594,963.3739013671876,2561.971923828125,16.00564956665039,34.330894470214844,2596.910400390625,-34.69546890258789,452.3896179199219,2568.662109375,-65.1351547241211,840.8782958984375,2689.717041015625,-118.78728485107422,947.0448608398438,2552.083251953125,92.29443359375,-593.982421875,2440.9169921875,59.46016311645508,-455.9717712402344,2347.97900390625,86.54237365722656,-500.9066467285156,2320.82763671875,166.71592712402344,-600.8388061523438,2359.398193359375,32.768829345703125,-501.2608642578125,2333.208251953125,-4.171648979187012,-620.86376953125,2391.967529296875
102.4195785522461,34.4308967590332,2591.2275390625,100.69035339355467,-152.9468231201172,2575.221435546875,98.98660278320312,-302.12591552734375,2556.561279296875,96.4379425048828,-522.4013671875,2494.507080078125,132.30908203125,-486.00628662109375,2502.149169921875,270.6830749511719,-428.622314453125,2485.760498046875,323.2784423828125,-253.0881195068359,2712.21630859375,268.1831970214844,-15.988871574401855,2689.24365234375,280.9638366699219,84.68070220947266,2686.758056640625,307.59283447265625,128.45191955566406,2585.024658203125,309.7573547363281,118.71841430664062,2706.921142578125,61.74983215332031,-486.6008911132813,2509.478271484375,-67.43936157226562,-442.6348876953125,2533.896728515625,-100.1346206665039,-263.83465576171875,2768.552978515625,-34.798458099365234,-49.68790817260742,2662.8427734375,-20.148773193359375,-15.119466781616213,2560.19775390625,27.430076599121097,41.40312957763672,2476.072509765625,45.61736297607422,4.354696750640869,2558.427734375,198.39239501953125,33.99828338623047,2585.92333984375,203.18511962890625,453.12652587890625,2536.86328125,200.2175140380859,827.9243774414062,2685.803466796875,271.3433532714844,961.4486694335938,2558.866943359375,15.876672744750977,34.82099914550781,2596.010498046875,-31.67184829711914,453.1383666992187,2574.447998046875,-66.7970962524414,843.2174682617188,2687.187744140625,-117.75789642333984,948.334228515625,2548.021484375,94.05463409423828,-600.3286743164062,2457.945068359375,63.797943115234375,-453.5421142578125,2379.0029296875,88.7431640625,-496.5375671386719,2347.2138671875,166.30519104003906,-601.9121704101562,2374.40478515625,35.33763122558594,-496.373046875,2360.834716796875,-4.186682224273682,-619.5504150390625,2409.223876953125
102.27220916748048,34.50947189331055,2591.13330078125,100.54906463623048,-152.8154296875,2575.005859375,98.83438110351562,-301.9065856933594,2555.921142578125,96.36300659179688,-521.8471069335938,2492.873291015625,132.21885681152344,-485.5046081542969,2500.755126953125,270.60992431640625,-428.07470703125,2484.994873046875,322.4716796875,-253.46749877929688,2712.2509765625,267.109619140625,-16.493871688842773,2689.20849609375,279.855224609375,84.1595687866211,2686.823486328125,306.8471374511719,128.0229034423828,2585.25439453125,308.7348937988281,118.19176483154295,2707.046630859375,61.65996551513672,-486.1142578125,2507.930419921875,-67.58406829833984,-442.23675537109375,2532.038818359375,-101.84992980957033,-264.4949035644531,2767.1904296875,-36.128944396972656,-49.650028228759766,2663.281005859375,-20.634824752807617,-13.94192886352539,2561.177734375,28.38042259216309,43.974796295166016,2478.878662109375,44.2176399230957,5.930770397186279,2559.9912109375,198.22523498535156,34.080596923828125,2585.862548828125,202.8484039306641,453.1463317871094,2537.0693359375,199.6246032714844,827.7053833007812,2686.35888671875,270.6951599121094,961.6956787109376,2559.95263671875,15.747152328491213,34.896209716796875,2595.885986328125,-31.944263458251953,453.1264953613281,2574.8076171875,-67.0190658569336,842.9683227539062,2688.0517578125,-118.3807373046875,948.1865234375,2549.163330078125,94.0382843017578,-599.5889892578125,2455.9599609375,62.01111602783203,-452.8876037597656,2377.64208984375,87.67382049560547,-495.3590087890625,2345.744384765625,166.59793090820312,-599.7384033203125,2372.7060546875,34.23301315307617,-496.01568603515625,2359.160400390625,-3.717642307281494,-619.9491577148438,2406.783935546875
100.56114196777344,32.5815544128418,2593.495361328125,98.09295654296876,-154.3026885986328,2575.422607421875,95.8450698852539,-303.1426086425781,2556.02978515625,95.8858871459961,-522.4125366210938,2491.728759765625,131.32557678222656,-485.9894714355469,2500.6025390625,269.3641662597656,-426.4681091308594,2494.273681640625,322.6481018066406,-247.4773101806641,2717.247314453125,270.78240966796875,-12.497678756713867,2676.187255859375,280.06787109375,87.7322006225586,2687.98779296875,308.3314208984375,127.97866821289062,2585.443603515625,309.041259765625,121.60138702392578,2708.535888671875,60.72509002685547,-486.9919738769531,2506.208740234375,-67.05854797363281,-439.8834228515625,2530.923828125,-97.5947494506836,-258.1280517578125,2762.99658203125,-35.01395797729492,-45.0765495300293,2654.35791015625,-10.705212593078612,-11.204216957092283,2553.5126953125,43.87000274658203,56.19184112548828,2482.97509765625,54.58186721801758,15.836383819580078,2559.15283203125,196.37486267089844,31.839113235473633,2588.087646484375,203.6649475097656,450.141357421875,2538.0,198.55679321289065,824.8324584960938,2685.42724609375,271.4844970703125,961.2605590820312,2563.169921875,14.161690711975098,33.25104522705078,2598.371826171875,-34.58536148071289,450.4251403808594,2571.05517578125,-66.7141342163086,839.2913208007812,2686.5302734375,-116.1917724609375,949.451416015625,2551.154296875,94.77323150634766,-599.8365478515625,2454.3642578125,68.13407897949219,-453.29730224609375,2374.239013671875,96.37657928466795,-495.4928588867187,2344.3662109375,173.4423828125,-599.3878173828125,2377.0712890625,42.136478424072266,-496.4632873535156,2353.59814453125,1.3472819328308103,-620.551025390625,2397.81201171875
95.29456329345705,33.83490753173828,2596.144287109375,95.2978057861328,-154.09388732910156,2575.953125,95.11943817138672,-303.5318603515625,2553.5732421875,97.19482421875,-525.5921020507812,2493.659423828125,132.57241821289062,-488.7619018554687,2503.068115234375,271.69329833984375,-428.9172973632813,2504.070068359375,314.27874755859375,-239.1769866943359,2722.927001953125,276.9909362792969,1.2553036212921145,2688.550537109375,271.33648681640625,43.30659103393555,2595.77587890625,239.93601989746097,95.27779388427734,2498.729248046875,274.6134948730469,92.73633575439452,2576.943359375,61.3491096496582,-489.6149597167969,2506.1904296875,-68.5,-444.8867492675781,2529.6591796875,-98.1222915649414,-252.60972595214844,2755.799072265625,-36.99003982543945,-53.46529006958008,2619.70166015625,-17.86737060546875,8.310273170471191,2530.91162109375,32.497657775878906,94.17271423339844,2478.447021484375,39.26999282836914,16.866512298583984,2520.48388671875,191.85643005371097,34.13339614868164,2593.38134765625,202.39695739746097,454.15728759765625,2535.447265625,196.4196624755859,829.9887084960938,2687.152587890625,272.19879150390625,958.7421875,2556.491455078125,8.220486640930176,33.56575012207031,2598.635498046875,-31.68731117248535,454.3595581054687,2569.64453125,-67.66836547851562,843.5321655273438,2692.218994140625,-117.30697631835938,948.9270629882812,2551.6015625,97.32052612304688,-604.3190307617188,2457.7197265625,69.60456085205078,-452.4075622558594,2386.0498046875,90.79850006103516,-495.34124755859375,2351.0654296875,165.03314208984375,-605.6963500976562,2369.75830078125,38.03059768676758,-493.3232727050781,2367.78955078125,-4.768405914306641,-617.112548828125,2413.75048828125
95.3110809326172,33.898109436035156,2596.09619140625,95.35630798339844,-154.035888671875,2575.91357421875,95.2125473022461,-303.4818115234375,2553.5634765625,97.4407958984375,-525.57275390625,2493.7490234375,132.79400634765625,-488.716064453125,2503.152099609375,271.86834716796875,-428.7539978027344,2504.113525390625,314.35479736328125,-238.5905609130859,2722.630859375,276.9934387207031,1.81405246257782,2688.10107421875,271.39569091796875,43.92042541503906,2595.345458984375,240.0929718017578,95.9238739013672,2498.281494140625,274.5895080566406,95.35325622558594,2578.255859375,61.56867218017578,-489.6110229492187,2506.253662109375,-68.31866455078125,-444.9505920410156,2529.658447265625,-98.1420440673828,-252.6206970214844,2755.73583984375,-37.080902099609375,-53.4686279296875,2619.607421875,-17.908641815185547,8.307523727416992,2530.825439453125,32.51918411254883,94.22686004638672,2478.509033203125,39.0995979309082,16.713891983032227,2520.271240234375,191.87530517578125,34.217132568359375,2593.342041015625,202.28704833984375,454.2521362304687,2535.39501953125,196.2036590576172,830.072021484375,2687.14892578125,271.9248962402344,958.9400024414062,2556.560302734375,8.23487377166748,33.61042785644531,2598.579833984375,-31.706314086914062,454.4031677246094,2569.479736328125,-67.81060791015625,843.639404296875,2691.846435546875,-117.27076721191406,948.841796875,2551.016845703125,97.62509155273438,-604.317626953125,2457.84423828125,70.53849792480469,-452.822509765625,2385.0517578125,91.72748565673828,-496.0509338378906,2350.4267578125,165.6100616455078,-606.474609375,2370.105224609375,38.91193008422851,-493.779052734375,2366.970947265625,-4.361962795257568,-617.1408081054688,2413.640869140625
88.59574127197266,35.592140197753906,2594.283203125,89.1723861694336,-152.77610778808594,2573.751953125,90.11516571044922,-303.914306640625,2563.568603515625,94.39764404296876,-518.0354614257812,2478.10302734375,129.5020751953125,-482.3620910644531,2492.427734375,265.6639099121094,-421.3947448730469,2520.627197265625,315.4869689941406,-227.6094207763672,2735.357177734375,319.018310546875,18.550352096557617,2726.629638671875,280.9262390136719,85.05787658691406,2658.913818359375,276.1198425292969,124.5546646118164,2551.26708984375,295.00140380859375,143.10372924804688,2653.02783203125,58.059539794921875,-483.7714538574219,2494.089599609375,-69.53894805908203,-439.2463989257813,2529.38671875,-94.59781646728516,-247.6302795410156,2757.618408203125,-63.427032470703125,-25.94657325744629,2647.5546875,-47.98919677734375,26.581371307373047,2552.01025390625,14.69467544555664,95.54119873046876,2488.44580078125,-13.438605308532717,35.1064567565918,2537.37158203125,185.1529235839844,36.69100570678711,2586.9130859375,202.5922393798828,458.91058349609375,2539.81640625,198.26889038085935,835.1463012695312,2693.287109375,272.1406555175781,958.7783203125,2555.997802734375,1.52587890625,34.60124206542969,2600.928955078125,-37.06491470336914,456.3341979980469,2568.45263671875,-64.46875762939453,847.2886352539062,2691.01416015625,-122.4837875366211,948.0618286132812,2549.62109375,95.57589721679688,-592.23681640625,2433.158447265625,75.50243377685547,-453.10009765625,2336.382568359375,103.4336929321289,-499.4412841796875,2311.75732421875,176.96707153320312,-602.3493041992188,2357.93017578125,48.46855926513672,-497.8636779785156,2319.50244140625,2.2249269485473633,-616.39990234375,2375.853759765625
85.97953033447266,36.01185607910156,2594.011962890625,86.83641052246094,-153.0928192138672,2576.02294921875,87.4367446899414,-304.04931640625,2559.455810546875,96.130859375,-526.0991821289062,2495.768310546875,130.58224487304688,-488.4884948730469,2506.826171875,265.743896484375,-424.5498046875,2535.309814453125,315.6893005371094,-219.502197265625,2740.341552734375,321.3345031738281,27.37154006958008,2743.468994140625,311.22369384765625,103.1891632080078,2675.192138671875,278.048095703125,127.7546844482422,2567.80029296875,297.0218811035156,133.79449462890625,2659.04248046875,58.97712707519531,-490.9397277832031,2507.904052734375,-69.08243560791016,-444.62750244140625,2540.51904296875,-94.77490234375,-237.6144256591797,2755.8544921875,-84.58946990966797,-4.550457000732422,2665.745849609375,-81.67467498779297,54.96260452270508,2572.81103515625,-28.11404609680176,122.84934997558594,2499.92919921875,-40.94211959838867,77.60736846923828,2572.052734375,182.9939422607422,36.80147933959961,2590.33251953125,201.05276489257812,459.0039367675781,2534.4814453125,197.26869201660156,834.5742797851562,2692.240478515625,273.07537841796875,959.87841796875,2556.809814453125,-1.5026330947875977,35.29981994628906,2597.330078125,-36.20166778564453,458.7482604980469,2569.10107421875,-64.81635284423828,849.97509765625,2693.952880859375,-120.54154205322266,946.509033203125,2548.15380859375,99.0171356201172,-604.590576171875,2458.4072265625,74.37154388427734,-455.25146484375,2378.63037109375,103.4494171142578,-497.6689758300781,2348.512939453125,180.300048828125,-603.4696044921875,2381.986083984375,48.382530212402344,-498.5590515136719,2356.635986328125,5.707333087921143,-624.4799194335938,2398.884033203125
85.97905731201172,36.02253341674805,2594.014892578125,86.83665466308594,-153.08155822753906,2576.0244140625,87.43738555908203,-304.0369873046875,2559.45166015625,96.13943481445312,-526.0810546875,2495.746826171875,130.58937072753906,-488.4703674316406,2506.808837890625,265.74798583984375,-424.5308532714844,2535.302978515625,315.6875915527344,-219.50244140625,2740.354248046875,321.3396911621094,27.369693756103516,2743.54345703125,311.2692565917969,103.25447082519533,2675.335693359375,278.14251708984375,128.01864624023438,2567.974609375,297.12457275390625,134.03700256347656,2659.561279296875,58.98447036743164,-490.923583984375,2507.88427734375,-69.07847595214844,-444.6232299804687,2540.501220703125,-94.80951690673828,-237.64663696289065,2755.8662109375,-84.64927673339844,-4.551187038421631,2665.837890625,-81.81199645996094,55.030120849609375,2572.94482421875,-28.41507339477539,122.99517822265624,2500.01611328125,-41.111202239990234,77.75968170166016,2572.29052734375,182.9932556152344,36.81245040893555,2590.33642578125,201.06639099121097,459.01422119140625,2534.49365234375,197.27772521972656,834.5814208984375,2692.257080078125,273.1072692871094,959.88720703125,2556.841552734375,-1.502908706665039,35.31022644042969,2597.33203125,-36.20340347290039,458.7572021484375,2569.10009765625,-64.82715606689453,849.9839477539062,2693.9462890625,-120.54641723632812,946.5090942382812,2548.14013671875,99.02899932861328,-604.5692749023438,2458.379638671875,74.49136352539062,-455.193115234375,2378.639892578125,103.54450225830078,-497.6217956542969,2348.5146484375,180.32107543945312,-603.4818115234375,2381.968505859375,48.47625350952149,-498.4775390625,2356.63134765625,5.713034629821777,-624.3809204101562,2398.841064453125
85.97374725341797,36.03390121459961,2594.011962890625,86.83773803710938,-153.0720977783203,2576.02099609375,87.44355773925781,-304.02880859375,2559.445068359375,96.1792221069336,-526.072509765625,2495.73486328125,130.62379455566406,-488.45843505859375,2506.804443359375,265.77099609375,-424.5076904296875,2535.3359375,315.6525573730469,-219.5178070068359,2740.4443359375,321.3046875,27.35494041442871,2743.7841796875,311.2301330566406,103.34593200683594,2675.69384765625,278.1374206542969,128.38327026367188,2568.38427734375,296.9308776855469,134.32057189941406,2660.529052734375,59.01816940307617,-490.9186401367187,2507.86669921875,-69.061767578125,-444.6349792480469,2540.447021484375,-94.91539001464844,-237.6297149658203,2755.774169921875,-84.77857971191406,-4.542305946350098,2665.715087890625,-82.00096893310547,55.037105560302734,2572.817626953125,-28.75040054321289,123.0264129638672,2499.802490234375,-41.3485221862793,77.77445220947266,2572.134521484375,182.9890899658203,36.826778411865234,2590.337158203125,201.0533905029297,459.0343627929687,2534.500732421875,197.24644470214844,834.6028442382812,2692.27197265625,273.0780944824219,959.9158935546876,2556.861083984375,-1.5092566013336182,35.318931579589844,2597.325927734375,-36.22896957397461,458.7684020996094,2569.0859375,-64.87560272216797,850.0025024414062,2693.91845703125,-120.60381317138672,946.5180053710938,2548.106689453125,99.08344268798828,-604.5601196289062,2458.36572265625,74.62383270263672,-455.16986083984375,2378.62451171875,103.67276763916016,-497.6074523925781,2348.506103515625,180.4024353027344,-603.4967651367188,2381.980712890625,48.600921630859375,-498.4446716308594,2356.6044921875,5.779693126678467,-624.3368530273438,2398.7939453125
82.827392578125,42.66669845581055,2591.615966796875,84.2326889038086,-147.69891357421875,2574.0400390625,85.46299743652344,-300.15045166015625,2563.227294921875,102.75069427490234,-521.8487548828125,2494.834716796875,135.92881774902344,-483.3313903808594,2508.04296875,268.5816955566406,-414.7767639160156,2542.25146484375,327.0936584472656,-207.52145385742188,2745.5107421875,326.9770812988281,40.01949691772461,2767.82080078125,316.98468017578125,140.27911376953125,2790.090087890625,290.65618896484375,250.18582153320312,2764.890380859375,280.14697265625,176.01998901367188,2755.337890625,63.968658447265625,-487.7584228515625,2506.379638671875,-67.69005584716797,-444.4168395996094,2531.8349609375,-111.3390655517578,-243.320556640625,2752.509765625,-111.07691955566406,-1.1099278926849363,2684.083984375,-106.3802261352539,57.16286849975586,2589.60400390625,-79.50791931152344,130.3953857421875,2506.7255859375,-66.14850616455078,85.87364959716797,2590.45703125,180.4826507568359,43.6774787902832,2588.476318359375,202.2124938964844,468.8659057617187,2535.70751953125,199.86471557617188,847.0311279296875,2694.07275390625,276.1383972167969,962.4239501953124,2548.57763671875,-5.232669353485107,41.75523376464844,2594.447021484375,-39.35686111450195,467.7333068847656,2562.444091796875,-70.24019622802734,858.8094482421875,2695.691162109375,-117.68901824951172,952.0526733398438,2543.47509765625,109.2238998413086,-599.8927001953125,2455.721923828125,85.57426452636719,-449.6097106933594,2375.05615234375,113.61019134521484,-492.9361267089844,2344.488037109375,189.72930908203125,-600.5222778320312,2377.445068359375,58.327938079833984,-492.8638000488281,2353.595703125,13.999188423156738,-618.6404418945312,2397.506591796875
80.68207550048828,44.57239532470703,2593.812744140625,82.81266021728516,-145.53125,2575.947021484375,84.64564514160156,-297.85650634765625,2566.044677734375,105.98084259033205,-519.326904296875,2499.01025390625,138.40533447265625,-480.1899719238281,2512.019287109375,269.5433349609375,-408.3522644042969,2544.47119140625,328.1935729980469,-195.255126953125,2741.02734375,330.3101806640625,50.96006393432617,2772.667724609375,327.2908020019531,147.9801483154297,2807.315185546875,306.2559814453125,258.19952392578125,2779.2958984375,308.49383544921875,196.80320739746097,2779.5615234375,66.62406921386719,-485.91656494140625,2510.3076171875,-65.69137573242188,-444.90533447265625,2535.287841796875,-118.16576385498048,-241.5222625732422,2751.40771484375,-126.52680206298828,0.7621347904205322,2684.879638671875,-122.97663879394533,63.260101318359375,2593.248046875,-92.3683624267578,145.66522216796875,2521.166748046875,-75.7569580078125,110.34577941894533,2626.244384765625,178.2278594970703,45.926979064941406,2591.03173828125,203.17005920410156,471.0144653320313,2543.248779296875,200.2705841064453,849.0361938476562,2700.683837890625,275.22479248046875,960.7420043945312,2551.98974609375,-7.279247283935547,43.35090637207031,2596.3203125,-41.33210372924805,468.7620544433594,2563.52685546875,-70.33042907714844,859.7026977539062,2696.0625,-118.71680450439452,952.359619140625,2544.050048828125,113.89566040039062,-597.3687133789062,2460.39404296875,90.47624206542967,-449.6879577636719,2375.407958984375,117.59791564941406,-494.194091796875,2345.866943359375,193.094970703125,-601.299072265625,2381.079345703125,62.529579162597656,-493.2798156738281,2355.77978515625,17.73545265197754,-616.9926147460938,2404.305419921875
76.44031524658203,46.73199844360352,2593.47021484375,81.1351318359375,-143.7688446044922,2573.859375,84.71944427490234,-296.863525390625,2572.076416015625,103.85088348388672,-518.148193359375,2501.283447265625,136.79403686523438,-479.2526245117187,2514.39208984375,269.5738525390625,-411.7081909179687,2551.3857421875,339.8355712890625,-193.48936462402344,2739.773193359375,346.9866943359375,53.73600006103515,2768.95556640625,351.3023681640625,151.94248962402344,2801.01025390625,312.94964599609375,257.52880859375,2771.98779296875,320.014404296875,200.28079223632812,2773.674560546875,64.73419189453125,-484.5919189453125,2513.718017578125,-67.13243103027344,-443.0797119140625,2542.500732421875,-118.43157958984376,-234.69985961914065,2755.468505859375,-133.71839904785156,8.022278785705566,2688.71826171875,-118.6963882446289,82.43599700927734,2607.2880859375,-103.1154556274414,171.14242553710938,2537.327392578125,-84.19795227050781,140.2582244873047,2660.25732421875,174.31253051757812,49.00802230834961,2594.79150390625,200.78271484375,474.6983337402344,2541.21484375,200.3599090576172,852.8410034179688,2701.7734375,274.13427734375,960.5404052734376,2548.72900390625,-11.81536865234375,44.67960357666016,2592.279296875,-40.84358215332031,471.9118957519531,2560.408935546875,-71.18816375732422,862.0263061523438,2699.082763671875,-117.4749984741211,951.4996948242188,2543.8251953125,110.7562484741211,-595.906982421875,2461.291748046875,90.60189056396484,-448.2820129394531,2374.278564453125,116.93045043945312,-493.8338317871094,2345.22802734375,190.29656982421875,-602.4432983398438,2381.981201171875,61.6939697265625,-491.6357421875,2355.016845703125,14.026793479919434,-614.19921875,2405.000732421875
75.96903228759766,46.42122650146485,2592.66943359375,82.2693099975586,-144.03317260742188,2575.8681640625,87.46205139160156,-296.7154846191406,2568.814208984375,101.95873260498048,-522.981689453125,2516.02685546875,135.66342163085938,-483.8488159179687,2525.765625,270.0452575683594,-418.0292053222656,2559.005126953125,349.29425048828125,-203.44137573242188,2747.345947265625,362.7855224609375,44.32497787475586,2764.078857421875,367.347900390625,142.2532196044922,2796.483642578125,325.5758056640625,247.8852996826172,2773.65576171875,332.5552062988281,191.22036743164065,2765.9501953125,63.61457824707031,-487.84368896484375,2525.925048828125,-67.0072021484375,-442.2125244140625,2553.14013671875,-113.19754791259766,-229.7058868408203,2762.571533203125,-137.7475128173828,13.843029975891112,2703.35009765625,-117.3317642211914,91.19246673583984,2626.1513671875,-102.30109405517578,172.1015625,2547.426025390625,-92.10782623291016,142.2480010986328,2653.779296875,173.65615844726562,49.84345626831055,2590.507568359375,196.87225341796875,475.3763427734375,2539.020751953125,200.8675537109375,852.3943481445312,2700.70556640625,274.3296813964844,960.2776489257812,2548.009765625,-12.119754791259766,43.33525085449219,2594.619140625,-41.54881286621094,469.6682434082031,2559.324462890625,-68.35091400146484,860.6652221679688,2694.465087890625,-123.5859832763672,946.9823608398438,2540.660888671875,107.12812042236328,-603.7073974609375,2482.431884765625,93.43668365478516,-444.5569152832031,2417.84619140625,127.65061950683594,-483.50628662109375,2387.607666015625,200.06314086914065,-593.8748168945312,2420.056884765625,71.61486053466797,-484.9971008300781,2386.765380859375,24.027252197265625,-615.7080688476562,2406.443603515625
76.67277526855469,45.18478012084961,2592.35498046875,82.839599609375,-144.74365234375,2574.83544921875,87.78062438964844,-296.61407470703125,2561.18359375,103.44588470458984,-523.7379760742188,2515.35693359375,136.79344177246094,-484.5896301269531,2525.565185546875,268.51702880859375,-422.7475280761719,2572.536376953125,348.1947021484375,-204.2244110107422,2754.9501953125,364.9147033691406,43.13690948486328,2764.09765625,368.3138427734375,143.35519409179688,2787.634521484375,324.7835998535156,247.67453002929688,2763.51416015625,334.9651184082031,190.61865234375,2750.723876953125,64.96827697753906,-488.271728515625,2522.4970703125,-66.1497802734375,-443.5432434082031,2546.912109375,-111.32374572753906,-217.72409057617188,2741.0205078125,-130.52967834472656,32.7244987487793,2735.956787109375,-113.72522735595705,91.92626190185548,2643.694580078125,-104.55883026123048,169.7523651123047,2561.437744140625,-93.94987487792967,177.41268920898438,2709.51611328125,174.10968017578125,48.59779739379883,2589.652099609375,197.4515838623047,473.7811584472656,2544.368408203125,200.8541259765625,851.3383178710938,2702.2451171875,276.09710693359375,960.0103149414062,2551.62939453125,-11.190369606018066,42.10711288452149,2594.79248046875,-41.73914337158203,467.4129638671875,2560.6826171875,-70.60311126708984,858.7927856445312,2691.131591796875,-123.04181671142578,951.1402587890624,2540.41943359375,109.71351623535156,-605.169921875,2484.302001953125,91.43852996826172,-462.5975036621094,2390.052001953125,118.06139373779295,-509.3984680175781,2363.870361328125,190.27810668945312,-615.7225341796875,2407.093505859375,62.881446838378906,-506.6537170410156,2372.5517578125,14.28897476196289,-626.0482177734375,2427.55517578125
76.6656265258789,45.18728256225586,2592.353759765625,82.83029174804688,-144.7396697998047,2574.836669921875,87.76962280273438,-296.6090087890625,2561.187744140625,103.41886901855467,-523.732177734375,2515.363037109375,136.7688751220703,-484.58636474609375,2525.570068359375,268.499755859375,-422.7534484863281,2572.528564453125,348.1940002441406,-204.27981567382812,2754.989990234375,364.9053955078125,43.07879638671875,2764.163818359375,368.30267333984375,143.29367065429688,2787.71142578125,324.7669982910156,247.613037109375,2763.60595703125,334.9496765136719,190.5595703125,2750.80859375,64.94410705566406,-488.2637023925781,2522.50341796875,-66.16978454589844,-443.5281066894531,2546.920166015625,-111.33930206298828,-217.6962432861328,2741.010498046875,-130.540283203125,32.74995040893555,2735.925048828125,-113.77784729003906,91.96221923828124,2643.662841796875,-104.65824127197266,169.7889862060547,2561.403076171875,-94.30109405517578,177.525146484375,2709.76416015625,174.1016387939453,48.59922790527344,2589.650146484375,197.432861328125,473.77838134765625,2544.3583984375,200.84083557128903,851.3326416015625,2702.232177734375,276.05023193359375,960.0040893554688,2551.601318359375,-11.196717262268066,42.1105842590332,2594.791748046875,-41.7345085144043,467.4122619628906,2560.66845703125,-70.59785461425781,858.7964477539062,2691.0927734375,-123.01432800292967,951.1307983398438,2540.36669921875,109.68048095703124,-605.1640625,2484.308837890625,91.42772674560548,-462.5633239746094,2390.10009765625,118.0381851196289,-509.3623962402344,2363.9033203125,190.23545837402344,-615.7125244140625,2407.0908203125,62.86009216308594,-506.6083679199219,2372.59033203125,14.24755573272705,-626.0064697265625,2427.56494140625
77.5029067993164,42.26646423339844,2589.60693359375,83.5472183227539,-145.52804565429688,2571.512451171875,88.27498626708984,-295.40557861328125,2554.577880859375,94.0845184326172,-516.5444946289062,2492.698486328125,128.79086303710938,-479.61614990234375,2503.70849609375,265.7489318847656,-424.6641540527344,2536.8642578125,331.1274719238281,-234.1114196777344,2748.766845703125,335.48931884765625,9.871095657348633,2774.7314453125,348.65985107421875,109.74494171142578,2789.95361328125,331.9028625488281,220.63267517089844,2767.736328125,337.9357604980469,157.83544921875,2751.133056640625,57.60358428955078,-480.9890747070313,2504.275634765625,-68.94441223144531,-433.6925354003906,2537.5869140625,-110.5865478515625,-223.66275024414065,2744.724609375,-134.41114807128906,17.315820693969727,2800.55126953125,-133.64088439941406,126.67688751220705,2791.987548828125,-134.24322509765625,231.69195556640625,2751.9921875,-119.83809661865234,138.11532592773438,2781.4384765625,173.8437042236328,45.72522735595703,2585.891845703125,193.26898193359375,466.63519287109375,2542.6396484375,200.60525512695312,840.7114868164062,2697.169677734375,274.652587890625,958.5702514648438,2556.05029296875,-9.371824264526367,39.14754867553711,2592.95703125,-43.706031799316406,459.7498779296875,2562.261962890625,-70.69155883789062,850.0313720703125,2681.77880859375,-122.41341400146484,953.4155883789062,2540.73291015625,96.05859375,-594.8023681640625,2456.06982421875,88.61770629882812,-446.9352722167969,2372.490966796875,114.81348419189452,-492.2850646972656,2344.8447265625,179.78514099121094,-602.955078125,2383.854248046875,59.94478225708008,-488.0290222167969,2350.452392578125,4.55332088470459,-607.685791015625,2393.244873046875
77.50259399414062,42.2665901184082,2589.60693359375,83.54670715332031,-145.52810668945312,2571.5126953125,88.2743148803711,-295.4057922363281,2554.57861328125,94.0807113647461,-516.5452880859375,2492.7001953125,128.78762817382812,-479.6173095703125,2503.709716796875,265.74639892578125,-424.6667785644531,2536.86572265625,331.1227111816406,-234.12127685546875,2748.775634765625,335.4847412109375,9.860381126403809,2774.750244140625,348.6552734375,109.73368072509766,2789.9765625,331.8987121582031,220.6224365234375,2767.763671875,337.9316711425781,157.82582092285156,2751.15771484375,57.60026931762695,-480.9894104003906,2504.277587890625,-68.94654083251953,-433.6906433105469,2537.591064453125,-110.57969665527344,-223.6588134765625,2744.728759765625,-134.39764404296875,17.32100486755371,2800.553955078125,-133.61935424804688,126.68193817138672,2791.98828125,-134.2148895263672,231.69635009765625,2751.99072265625,-119.79691314697266,138.1194305419922,2781.43310546875,173.84347534179688,45.72525787353515,2585.8916015625,193.26666259765625,466.6353454589844,2542.63623046875,200.604736328125,840.7137451171875,2697.161865234375,274.6480712890625,958.5722045898438,2556.039794921875,-9.372212409973145,39.14775848388672,2592.957275390625,-43.707618713378906,459.7503662109375,2562.26220703125,-70.69225311279297,850.0316162109375,2681.78125,-122.41673278808594,953.4173583984376,2540.737060546875,96.05349731445312,-594.803466796875,2456.071533203125,88.6012191772461,-446.93890380859375,2372.489013671875,114.79884338378906,-492.2879943847656,2344.843505859375,179.77833557128906,-602.9531860351562,2383.85400390625,59.930023193359375,-488.0350341796875,2350.452392578125,4.546959400177002,-607.6940307617188,2393.25
81.43718719482422,42.41999053955078,2586.27880859375,86.39982604980469,-145.07542419433594,2570.75634765625,90.22637939453124,-294.63397216796875,2554.775634765625,92.22767639160156,-515.8382568359375,2495.463134765625,127.46788787841795,-479.3431701660156,2505.45263671875,264.17333984375,-421.8798522949219,2532.854736328125,325.8560485839844,-244.2812957763672,2755.646240234375,324.0817565917969,-3.84870171546936,2800.96337890625,337.4351806640625,96.50226593017578,2792.5986328125,330.7669677734375,207.43411254882812,2767.24365234375,334.5047607421875,136.70559692382812,2751.979736328125,56.49912643432617,-479.8045654296875,2507.210205078125,-68.98049926757812,-427.0677795410156,2534.0478515625,-111.0486297607422,-223.9873962402344,2746.689697265625,-122.54421997070312,10.8458251953125,2824.86328125,-122.37930297851562,113.85223388671876,2788.08984375,-117.93614196777344,204.52197265625,2722.41796875,-91.8647689819336,122.336669921875,2776.711669921875,177.5196990966797,45.254783630371094,2582.755859375,190.4387359619141,465.6710510253906,2544.861083984375,200.5332946777344,839.5787353515625,2696.48193359375,274.1894226074219,957.154541015625,2555.744873046875,-5.2046403884887695,39.863731384277344,2589.455810546875,-45.00453567504883,459.0108337402344,2562.984619140625,-71.72660827636719,848.0180053710938,2682.5771484375,-118.73761749267578,953.0963134765624,2541.83154296875,92.60874938964844,-594.2794799804688,2459.79052734375,88.07960510253906,-446.51214599609375,2376.851318359375,109.1063232421875,-493.2263793945313,2347.490478515625,169.62367248535156,-607.4996948242188,2381.605224609375,55.36751556396485,-485.56243896484375,2357.26025390625,-3.8011634349823,-601.2398071289062,2404.391845703125
83.59646606445312,38.44737243652344,2584.54833984375,85.8023452758789,-148.73036193847656,2569.446533203125,87.37018585205078,-297.8094787597656,2551.732177734375,92.1172332763672,-517.3910522460938,2488.564453125,126.80825805664062,-481.0090026855469,2500.182861328125,264.4744567871094,-425.098388671875,2523.972412109375,309.6669006347656,-247.00015258789065,2749.48681640625,297.236083984375,-7.325425624847412,2794.31787109375,323.85498046875,90.430419921875,2797.42431640625,335.70843505859375,199.3609619140625,2766.908447265625,333.7733459472656,131.34893798828125,2752.602294921875,55.97343444824219,-481.8180236816406,2499.94482421875,-70.82381439208984,-430.0663757324219,2520.153076171875,-108.52296447753906,-239.95364379882812,2744.398681640625,-102.07395935058594,-5.53053617477417,2822.700927734375,-92.87184143066406,95.82184600830078,2783.274658203125,-79.96622467041016,184.4171142578125,2716.3115234375,-65.24266052246094,133.1760711669922,2822.610107421875,179.51614379882812,39.83505630493164,2581.359375,190.0908203125,459.4324645996094,2543.740234375,202.09634399414065,834.3607788085938,2690.317138671875,273.83001708984375,960.1463012695312,2556.447021484375,-2.8985142707824707,37.19603729248047,2587.423828125,-47.64798355102539,455.2083740234375,2565.740234375,-71.8932876586914,844.2720336914062,2682.669189453125,-119.86419677734376,953.2029418945312,2545.730712890625,93.88043975830078,-594.9869384765625,2451.55517578125,85.50334930419922,-451.2507934570313,2362.7783203125,111.83836364746094,-497.234130859375,2337.020751953125,177.19546508789062,-605.3447875976562,2380.014892578125,57.22623062133789,-493.1325378417969,2342.47119140625,2.8947243690490723,-610.7892456054688,2389.659423828125
83.4156723022461,38.399810791015625,2582.720458984375,85.84912109375,-148.20628356933594,2569.680908203125,87.56410217285156,-296.8986511230469,2553.696044921875,92.38042449951172,-514.256591796875,2486.16650390625,126.90812683105467,-478.3773498535156,2498.902099609375,264.4029541015625,-424.3313293457031,2524.286376953125,308.47528076171875,-243.74346923828125,2746.579833984375,294.1645812988281,-3.2410025596618652,2779.816650390625,319.0604553222656,93.0889663696289,2797.0302734375,334.02764892578125,200.66737365722656,2764.762939453125,331.79742431640625,137.65740966796875,2750.5966796875,56.350826263427734,-478.9586791992187,2497.850830078125,-71.04259490966797,-429.0221862792969,2515.007568359375,-106.4416732788086,-240.32025146484375,2739.31640625,-90.67967987060548,-1.867339015007019,2798.895751953125,-71.56832885742188,80.23262023925781,2730.234619140625,-55.90796661376953,160.93093872070312,2655.09228515625,-26.962142944335938,129.37847900390625,2772.202880859375,178.94082641601562,39.912841796875,2578.894775390625,190.6257476806641,458.3936767578125,2547.8544921875,200.667724609375,833.9132080078125,2688.7080078125,273.2734069824219,958.632568359375,2555.42626953125,-2.723567247390747,37.03544616699219,2586.170166015625,-46.029884338378906,453.7402648925781,2568.040283203125,-73.2052230834961,841.9278564453125,2681.757568359375,-120.70651245117188,952.2057495117188,2546.668212890625,94.33393096923828,-590.754638671875,2447.677490234375,85.57535552978516,-441.7542724609375,2369.484130859375,108.06090545654295,-486.6441345214844,2339.084716796875,171.61375427246094,-599.2267456054688,2370.0283203125,54.38663482666016,-480.9909362792969,2348.722412109375,-0.984837532043457,-599.076416015625,2391.9150390625
84.24089050292969,36.896881103515625,2585.593017578125,87.9551773071289,-149.66404724121094,2571.2158203125,90.89957427978516,-298.454833984375,2555.781982421875,95.75244903564452,-514.7802734375,2484.72802734375,130.28472900390625,-479.1153869628906,2498.118896484375,267.6738586425781,-425.9324340820313,2526.114013671875,310.7113037109375,-232.9414978027344,2738.0986328125,292.9474792480469,5.030840873718262,2690.650634765625,294.7693176269531,74.4619369506836,2763.996826171875,337.92926025390625,179.157470703125,2768.9501953125,331.60052490234375,135.2505340576172,2749.684814453125,59.701568603515625,-479.6434020996094,2496.912353515625,-67.5074234008789,-429.6571960449219,2515.657470703125,-103.77068328857422,-235.20130920410156,2735.012939453125,-93.32749938964844,9.625882148742676,2760.635009765625,-88.6868667602539,73.46249389648438,2672.69921875,-83.60858917236328,125.58567810058594,2574.357666015625,-48.961570739746094,126.2891616821289,2687.210205078125,179.871826171875,38.83409881591797,2585.1611328125,189.6066436767578,456.3755187988281,2541.22900390625,195.98995971679688,830.306640625,2686.8916015625,275.8992614746094,957.295166015625,2559.968505859375,-1.9937231540679932,35.15000534057617,2585.982421875,-42.79642868041992,452.3477478027344,2569.628662109375,-74.05110168457031,839.1840209960938,2687.40185546875,-117.97621154785156,946.41552734375,2548.605224609375,97.74940490722656,-590.6768798828125,2444.995361328125,88.690185546875,-449.2835998535156,2353.670166015625,113.42201232910156,-496.0556640625,2328.209228515625,178.29449462890625,-603.8284912109375,2371.3583984375,59.26593017578125,-491.0111083984375,2335.267578125,4.930039882659912,-606.3609008789062,2386.578125
83.70001220703125,37.96663284301758,2586.14697265625,86.460693359375,-148.09576416015625,2569.61767578125,88.51671600341797,-296.5404357910156,2553.328125,91.04878997802734,-514.9073486328125,2490.140380859375,125.9157485961914,-479.1098937988281,2501.85107421875,263.681640625,-427.8197326660156,2530.08740234375,314.90447998046875,-237.2013702392578,2741.68896484375,321.38641357421875,4.767373085021973,2721.818603515625,310.2828063964844,98.40611267089844,2757.5341796875,353.7945251464844,199.7248687744141,2732.1630859375,339.4402160644531,149.02383422851562,2731.073486328125,55.44813919067383,-479.1526184082031,2501.423583984375,-70.4649658203125,-429.1170043945313,2526.046875,-103.31028747558594,-223.84014892578125,2735.12841796875,-98.86280059814452,17.512157440185547,2688.03466796875,-96.34756469726562,94.12498474121094,2611.15087890625,-98.0855484008789,167.0079345703125,2527.161376953125,-63.26581573486328,121.59052276611328,2609.1826171875,179.05657958984375,39.781551361083984,2581.6435546875,189.53172302246097,456.833984375,2540.5146484375,202.61334228515625,828.765380859375,2688.844970703125,270.8728942871094,958.7554931640624,2558.7451171875,-2.2872090339660645,36.33003616333008,2590.2080078125,-43.41627883911133,452.5703430175781,2569.9990234375,-73.33283996582031,838.333251953125,2689.132080078125,-119.71582794189452,950.5475463867188,2555.595458984375,92.06835174560548,-592.051025390625,2453.201171875,88.67277526855469,-445.277099609375,2370.99072265625,115.0369110107422,-490.2773132324219,2344.2490234375,177.07398986816406,-600.5748291015625,2384.3466796875,60.62639236450195,-485.5822143554687,2348.10009765625,3.405198812484741,-603.6759033203125,2388.134033203125
82.6845474243164,41.30152893066406,2589.65234375,84.8332748413086,-146.90296936035156,2572.8076171875,86.41012573242188,-297.08551025390625,2556.5185546875,96.89837646484376,-515.7674560546875,2486.16357421875,130.7620086669922,-479.1885070800781,2500.676513671875,263.8766784667969,-419.2557678222656,2540.869873046875,316.79217529296875,-201.14500427246097,2728.762451171875,349.48089599609375,42.30105972290039,2733.110595703125,371.8250122070313,134.00836181640625,2771.754638671875,361.1949157714844,245.21990966796875,2746.88916015625,349.6583251953125,189.20668029785156,2739.08984375,59.59194564819336,-480.760986328125,2497.020751953125,-69.92718505859375,-434.7590637207031,2519.655029296875,-100.7209243774414,-229.21365356445312,2733.55029296875,-94.82474517822266,16.23770523071289,2693.425537109375,-94.19889068603516,91.07292938232422,2613.053955078125,-97.24154663085938,159.90333557128906,2524.120849609375,-67.73297119140625,121.38075256347656,2611.0419921875,179.14047241210938,42.82050323486328,2584.985107421875,182.69590759277344,465.3685607910156,2549.637451171875,196.12049865722656,843.01611328125,2696.027099609375,274.73272705078125,955.1163940429688,2552.400146484375,-4.294015407562256,39.93180465698242,2593.86083984375,-42.75165557861328,460.3877258300781,2559.803466796875,-73.69518280029297,846.5873413085938,2692.444091796875,-119.3665542602539,950.159423828125,2549.2041015625,101.38825988769533,-592.559814453125,2446.551513671875,90.91416931152344,-441.3901672363281,2369.045166015625,115.8048095703125,-485.7275390625,2338.55712890625,182.0692138671875,-598.0543212890625,2370.53076171875,61.17412567138672,-481.5973815917969,2346.638916015625,7.179493427276611,-602.8634643554688,2387.119140625
78.95635223388672,38.53724670410156,2589.4150390625,80.56342315673828,-150.44390869140625,2572.755859375,81.97259521484375,-301.8951416015625,2564.68701171875,97.67191314697266,-518.7966918945312,2487.159912109375,130.66465759277344,-482.2754211425781,2504.322265625,261.2633056640625,-422.91461181640625,2554.621826171875,315.590576171875,-197.4445343017578,2735.095703125,347.3419189453125,47.09257125854492,2729.794921875,369.2845458984375,139.7036895751953,2767.5771484375,356.37701416015625,252.58311462402344,2750.390625,349.01904296875,193.62765502929688,2744.6767578125,59.43653869628906,-484.3956909179687,2497.720458984375,-71.2478256225586,-437.8904724121094,2515.5322265625,-98.58799743652344,-227.0216522216797,2726.3505859375,-80.22740173339844,13.264775276184082,2660.70068359375,-77.18229675292969,54.70345687866211,2558.5732421875,-95.9046401977539,162.379638671875,2530.07373046875,-45.384090423583984,89.48283386230469,2548.510986328125,175.89041137695312,39.55772018432617,2587.18994140625,192.04205322265625,462.89202880859375,2545.123046875,196.9507751464844,841.6934204101562,2693.522705078125,277.0370178222656,956.8713989257812,2552.068603515625,-8.453361511230469,37.617034912109375,2591.421630859375,-46.12445068359375,460.3544921875,2564.468505859375,-72.02021789550781,851.511474609375,2688.419189453125,-127.03243255615234,950.79931640625,2544.501953125,104.59300231933594,-594.4447631835938,2445.0234375,96.84163665771484,-440.3023681640625,2371.673583984375,120.40899658203124,-484.5003967285156,2339.517822265625,184.57167053222656,-599.6886596679688,2367.609619140625,65.77139282226562,-479.2916870117187,2348.402099609375,9.120279312133787,-600.8373413085938,2386.22265625
78.95474243164062,38.56208038330078,2589.40380859375,80.57254028320312,-150.41700744628906,2572.75,81.99101257324219,-301.8680725097656,2564.716796875,97.7352066040039,-518.7975463867188,2487.285888671875,130.71969604492188,-482.2630920410156,2504.43408203125,261.2980041503906,-422.8319396972656,2554.697509765625,315.5252380371094,-197.2028961181641,2734.996337890625,347.17578125,47.33890151977539,2729.466796875,368.978515625,140.01739501953125,2767.1611328125,356.01812744140625,252.86355590820312,2749.806640625,348.6663513183594,193.8916778564453,2744.133544921875,59.49327850341797,-484.3995056152344,2497.829345703125,-71.195068359375,-437.88671875,2515.578125,-98.54640197753906,-226.7843017578125,2726.1552734375,-80.14502716064453,13.390838623046877,2660.12353515625,-77.02252197265625,54.60084915161133,2557.907470703125,-95.68712615966795,162.1786651611328,2529.00732421875,-45.18457794189453,89.2842025756836,2547.77001953125,175.8874969482422,39.58794403076172,2587.17919921875,191.99769592285156,462.9168090820313,2545.09716796875,196.8972625732422,841.7144775390625,2693.4921875,276.9552001953125,956.8890380859376,2552.023193359375,-8.4537935256958,37.63701629638672,2591.409912109375,-46.14151763916016,460.3668823242187,2564.447998046875,-72.06421661376953,851.524169921875,2688.374267578125,-127.0396728515625,950.7969970703124,2544.43603515625,104.67279052734376,-594.4616088867188,2445.18310546875,96.9371109008789,-440.3227233886719,2371.82958984375,120.50944519042967,-484.5212097167969,2339.67919921875,184.6645050048828,-599.708251953125,2367.784912109375,65.8709945678711,-479.3115539550781,2348.553466796875,9.211997032165527,-600.8540649414062,2386.36572265625
75.02906799316406,34.327880859375,2588.990478515625,75.21923065185547,-156.73611450195312,2573.683349609375,75.54170227050781,-309.9020690917969,2578.300048828125,106.6008758544922,-521.5182495117188,2485.232421875,136.7763214111328,-485.2463684082031,2508.61962890625,261.8538513183594,-421.20806884765625,2570.614013671875,310.30560302734375,-182.70494079589844,2740.664306640625,332.5205078125,65.49163055419922,2740.388427734375,346.2996826171875,165.6895294189453,2762.150390625,322.6474914550781,278.8270263671875,2751.2958984375,310.805908203125,211.63165283203125,2743.33837890625,65.92609405517578,-488.7918701171875,2494.64404296875,-70.42459106445312,-451.7507629394531,2494.966552734375,-89.56671142578125,-222.70574951171875,2691.65673828125,-47.533573150634766,21.34337997436523,2643.17626953125,-124.9426727294922,61.99844741821289,2574.159423828125,-95.67686462402344,161.8560333251953,2527.327880859375,-30.75185203552246,60.82236862182617,2488.7177734375,172.98834228515625,34.50438690185547,2588.004150390625,183.1703186035156,463.2021484375,2554.651611328125,199.85791015625,846.6641845703125,2701.775390625,274.85882568359375,955.2279663085938,2549.7880859375,-13.305112838745115,34.1687126159668,2589.879638671875,-46.372615814208984,461.7120056152344,2563.175537109375,-73.62928771972656,856.9678955078125,2687.95703125,-122.62660217285156,955.9248657226562,2539.29833984375,120.37332916259766,-594.056396484375,2437.78857421875,102.95779418945312,-440.526123046875,2360.77978515625,125.7739486694336,-485.3196411132813,2327.77587890625,195.74642944335935,-599.1192016601562,2354.31689453125,71.18846130371094,-481.3454895019531,2340.425537109375,20.30091667175293,-604.657958984375,2385.367919921875
67.2863998413086,34.046451568603516,2594.064697265625,70.65923309326172,-156.6793212890625,2576.169189453125,74.4594497680664,-309.59130859375,2584.19140625,117.25482940673828,-520.4550170898438,2494.383056640625,145.1078643798828,-482.7734375,2518.36376953125,264.1737976074219,-415.5268249511719,2588.144287109375,309.64453125,-168.59959411621094,2746.35693359375,323.0824279785156,80.08783721923828,2742.450439453125,336.59356689453125,179.97811889648438,2765.54052734375,316.2467041015625,293.3509216308594,2751.4599609375,299.1990966796875,226.482666015625,2735.09326171875,74.99540710449219,-489.37750244140625,2502.12353515625,-63.71165084838867,-463.1975708007813,2497.507568359375,-97.19546508789062,-215.2012634277344,2667.25,-81.21349334716797,32.13404083251953,2620.433349609375,-141.3923797607422,70.7524642944336,2535.082763671875,-89.66983795166016,171.94688415527344,2525.365966796875,-26.63113784790039,61.94744110107422,2474.827392578125,165.06674194335938,36.22518157958984,2589.2734375,183.00799560546875,464.1302795410156,2551.686767578125,199.0612640380859,846.19677734375,2701.97998046875,275.68475341796875,956.2254028320312,2551.984130859375,-20.886444091796875,32.0817985534668,2598.385009765625,-45.61915969848633,459.2589111328125,2561.672607421875,-70.90292358398438,855.0093383789062,2684.6904296875,-126.4679718017578,953.528076171875,2538.166015625,135.5583953857422,-592.7421875,2448.174560546875,104.8604965209961,-442.0274963378906,2369.9306640625,124.66194915771484,-487.2044982910156,2335.577880859375,200.2981414794922,-598.4886474609375,2356.31005859375,71.95734405517578,-484.1266174316406,2354.693359375,30.21455192565918,-607.167236328125,2408.699951171875
68.70978546142578,33.62796401977539,2591.343017578125,71.84425354003906,-156.5747833251953,2573.752685546875,74.78868103027344,-309.2481384277344,2576.5439453125,111.56198120117188,-522.5031127929688,2491.59033203125,140.53306579589844,-484.9015502929687,2513.986572265625,261.8551330566406,-419.0787963867187,2580.1728515625,305.1663513183594,-183.81033325195312,2754.348388671875,319.7165222167969,64.08675384521484,2749.9951171875,329.4259033203125,166.70333862304688,2752.768310546875,306.001220703125,279.4886474609375,2741.86962890625,296.892578125,210.9484710693359,2716.5625,70.19825744628906,-490.4957275390625,2499.3330078125,-67.35128784179688,-460.4031677246094,2501.76611328125,-100.99390411376952,-270.9054870605469,2733.860107421875,-73.93370819091797,-27.306825637817383,2677.4453125,-116.49632263183594,44.07027816772461,2603.825927734375,-100.24368286132812,142.83444213867188,2549.82177734375,-41.65259552001953,29.54798889160156,2536.076416015625,166.30044555664062,35.46487045288086,2588.87060546875,184.8623046875,462.1058654785156,2551.389404296875,196.3472900390625,844.2677001953125,2698.589111328125,275.1873779296875,955.1458129882812,2551.167236328125,-19.292003631591797,31.97154426574707,2593.572265625,-42.033260345458984,458.76806640625,2567.037353515625,-72.90081787109375,854.0296020507812,2686.254638671875,-125.34362030029295,957.0167236328124,2542.34912109375,127.48172760009766,-596.0699462890625,2447.027587890625,104.97563934326172,-450.0014343261719,2358.907470703125,125.76295471191406,-497.3075866699219,2328.537109375,197.32652282714844,-608.2709350585938,2360.061279296875,72.23210144042969,-492.1707458496094,2344.111083984375,24.729774475097656,-610.7520751953125,2402.128173828125
75.12664794921875,33.4908332824707,2589.0859375,79.24655151367188,-156.5182647705078,2572.986572265625,82.60639190673828,-308.8906555175781,2568.254638671875,100.52562713623048,-524.343994140625,2483.797607421875,133.29786682128906,-487.96044921875,2502.45751953125,265.4497985839844,-424.86572265625,2546.187255859375,312.878173828125,-227.96548461914065,2761.280029296875,318.10064697265625,19.177093505859375,2741.79638671875,324.6895751953125,118.47196197509766,2715.428955078125,293.8457336425781,222.6442718505859,2676.160888671875,293.0270080566406,152.65924072265625,2674.409912109375,61.76410675048828,-490.3528137207031,2495.136962890625,-72.72000885009766,-450.86383056640625,2506.208984375,-122.98023223876952,-286.3785095214844,2753.2646484375,-73.66874694824219,-91.16184997558594,2603.2255859375,-90.7116928100586,17.166391372680664,2587.063232421875,-115.97821807861328,123.40412902832033,2555.93896484375,-41.609527587890625,25.72136688232422,2553.040771484375,172.58322143554688,35.660499572753906,2588.41845703125,188.33135986328125,460.7899169921875,2541.501953125,195.15147399902344,839.3966064453125,2696.166259765625,277.143798828125,953.794921875,2553.672607421875,-12.754231452941896,31.534351348876953,2589.6875,-42.31807327270508,457.2071228027344,2562.87744140625,-73.87783813476562,850.730224609375,2685.322021484375,-121.99559020996094,954.6890258789062,2540.983154296875,108.35726928710938,-599.0107421875,2439.18359375,104.45199584960938,-443.5194091796875,2366.244140625,129.6494903564453,-487.76995849609375,2334.814453125,192.5068817138672,-603.8861083984375,2365.392822265625,74.35321807861328,-482.4952697753906,2341.0556640625,15.406908988952637,-604.8484497070312,2375.35009765625
77.24555206298828,36.1110725402832,2587.69482421875,80.30281066894531,-151.86817932128906,2573.017333984375,82.91786193847656,-302.429931640625,2565.797119140625,91.6648406982422,-516.208984375,2482.82763671875,125.61133575439452,-481.40081787109375,2500.72216796875,265.7801208496094,-432.31744384765625,2528.56591796875,318.2197265625,-254.81564331054688,2754.53759765625,297.5831604003906,-26.908605575561523,2666.58740234375,296.169921875,73.6788101196289,2682.072998046875,291.4803771972656,187.60252380371097,2688.728759765625,293.88983154296875,114.48199462890624,2678.228515625,54.758270263671875,-481.1771545410156,2494.421142578125,-76.93341064453125,-437.5798950195313,2503.347900390625,-133.75111389160156,-289.98223876953125,2755.4697265625,-40.635162353515625,-140.43438720703125,2580.54443359375,-14.615713119506836,-72.93431854248047,2498.222412109375,26.49157333374023,25.221406936645508,2462.458251953125,21.011363983154297,-89.72309112548828,2476.20361328125,173.54315185546875,37.95296859741211,2584.163330078125,187.08514404296875,459.2767028808594,2547.218017578125,200.04014587402344,836.8904418945312,2691.390380859375,271.2489929199219,959.5831298828124,2553.2333984375,-9.590238571166992,34.45015335083008,2590.87939453125,-43.5716552734375,455.1065673828125,2566.998291015625,-72.0003433227539,846.5452880859375,2680.893310546875,-122.05816650390624,954.8328247070312,2543.197021484375,96.0973129272461,-590.4013061523438,2438.883544921875,105.45296478271484,-440.2903137207031,2359.965576171875,131.08868408203125,-486.4434814453125,2333.264404296875,185.17816162109375,-602.0392456054688,2374.100830078125,76.3682861328125,-478.7646484375,2334.188232421875,10.03048324584961,-595.5429077148438,2367.9765625
73.88714599609375,33.936805725097656,2587.34326171875,79.11077117919922,-154.44276428222656,2574.31298828125,83.4501953125,-305.3726806640625,2571.53173828125,91.43494415283205,-517.7318115234375,2483.8740234375,125.45124816894533,-483.7200317382813,2503.3564453125,266.2784729003906,-434.9356384277344,2529.78515625,326.6420593261719,-259.8586120605469,2756.32275390625,318.2151184082031,-19.863710403442383,2704.92236328125,378.6927490234375,50.32576370239258,2747.482421875,372.1098937988281,164.52989196777344,2745.460205078125,372.3089904785156,111.05425262451172,2745.82666015625,54.65156173706055,-482.4186401367187,2495.411865234375,-76.53549194335938,-436.6871643066406,2504.820068359375,-155.4547576904297,-296.2780456542969,2755.702880859375,-29.878585815429688,-122.26569366455078,2630.014892578125,13.20590114593506,-75.74261474609375,2540.39892578125,62.010719299316406,-13.73808479309082,2460.270751953125,67.87933349609375,-57.84428787231445,2548.372802734375,170.37310791015625,36.7467155456543,2585.39990234375,190.1641540527344,459.008544921875,2554.023681640625,196.9753875732422,839.0929565429688,2694.025634765625,271.8702087402344,959.4868774414062,2555.305908203125,-13.118490219116213,31.402990341186523,2589.095703125,-42.55665969848633,452.7706604003906,2559.47607421875,-73.55950164794922,836.996337890625,2697.28564453125,-118.2379379272461,944.5253295898438,2556.75634765625,95.96003723144533,-591.1148071289062,2438.31689453125,113.56217956542967,-442.1990661621094,2357.9248046875,137.4356231689453,-489.8663635253906,2332.035400390625,185.5027313232422,-607.6304321289062,2374.918212890625,83.03507995605469,-479.605712890625,2332.04345703125,10.662760734558104,-592.9774169921875,2366.02783203125
77.04366302490234,34.09791564941406,2588.05859375,79.51673126220703,-152.64076232910156,2573.88818359375,81.54287719726562,-302.1393737792969,2565.80322265625,88.82085418701172,-517.792724609375,2492.40185546875,122.60511779785156,-483.1153869628906,2509.83349609375,265.1530456542969,-443.8038330078125,2535.456298828125,342.5726318359375,-270.9748229980469,2755.224609375,375.9166870117187,-34.7209587097168,2706.653076171875,471.8403015136719,-2.835391044616699,2705.655029296875,454.35211181640625,100.72459411621094,2748.519287109375,485.6611022949219,60.2636833190918,2730.86181640625,52.482791900634766,-481.9184875488281,2501.309814453125,-78.1974105834961,-438.3552551269531,2510.5693359375,-173.26095581054688,-307.08233642578125,2757.76708984375,-45.432655334472656,-111.58943176269533,2678.7744140625,-6.0675554275512695,-86.7025146484375,2580.396484375,29.40803337097168,-50.32265853881836,2481.1474609375,52.012237548828125,-59.020870208740234,2586.567626953125,172.74777221679688,35.46842575073242,2586.700439453125,189.36056518554688,453.8148193359375,2550.07080078125,201.71658325195312,831.4336547851562,2686.367919921875,269.4949035644531,963.251708984375,2557.103515625,-9.256951332092283,32.86206817626953,2589.283447265625,-41.35530090332031,450.471923828125,2560.5927734375,-66.68867492675781,835.3023681640625,2687.08935546875,-124.79755401611328,946.8668212890624,2557.018310546875,93.20618438720705,-593.2787475585938,2451.9462890625,110.64702606201172,-444.1007995605469,2375.14111328125,138.14224243164062,-490.0573425292969,2350.95947265625,187.1512451171875,-605.3051147460938,2395.992919921875,83.99174499511719,-482.06695556640625,2346.889892578125,14.54101848602295,-597.6702270507812,2373.939453125
78.71417999267578,31.19822120666504,2587.152099609375,80.80023956298828,-154.58871459960938,2573.378662109375,82.51692962646484,-303.33099365234375,2565.81103515625,89.22418975830078,-522.2041625976562,2507.052734375,122.89611053466795,-486.7620544433594,2522.220947265625,265.7153015136719,-446.9426574707031,2539.6279296875,356.5146484375,-271.232421875,2749.77490234375,406.5476989746094,-44.38597106933594,2681.1943359375,502.9064331054687,-31.250207901000977,2655.612548828125,485.6780395507813,70.28463745117188,2701.730712890625,534.2901000976562,24.93608283996582,2676.01171875,53.17778396606445,-485.8889465332031,2513.415283203125,-77.43599700927734,-443.5286254882813,2510.807861328125,-200.5099945068359,-322.0842590332031,2748.642333984375,-86.7066879272461,-124.17122650146484,2658.977294921875,-42.62465286254883,-123.42180633544922,2560.0869140625,20.43574333190918,-106.227783203125,2470.477294921875,-4.514388561248779,-93.10569763183594,2564.36572265625,173.9193572998047,32.36222839355469,2585.870361328125,191.8166961669922,448.95318603515625,2555.65380859375,197.66712951660156,829.0968017578125,2678.5048828125,270.02520751953125,962.3895263671876,2554.92724609375,-7.136531352996826,30.148582458496097,2588.307861328125,-44.21224594116211,445.6010437011719,2567.572265625,-68.31260681152344,831.2220458984375,2684.73779296875,-123.70741271972656,946.9083251953124,2558.45654296875,93.45279693603516,-599.787109375,2471.8388671875,114.38195037841795,-442.10003662109375,2418.397705078125,142.56021118164062,-484.11859130859375,2389.123046875,189.0786590576172,-604.4474487304688,2418.845703125,88.93061065673828,-475.18890380859375,2384.09716796875,18.4466495513916,-592.2386474609375,2391.3349609375
79.10469818115234,30.165163040161133,2591.63134765625,79.92571258544922,-155.22039794921875,2573.5732421875,80.3809585571289,-304.1266784667969,2572.681640625,93.07933044433594,-515.6834106445312,2492.298828125,125.5531768798828,-481.4949645996094,2512.18310546875,264.46990966796875,-448.607666015625,2555.726806640625,369.1558837890625,-255.6579742431641,2742.9501953125,445.1016845703125,-67.73753356933594,2610.448974609375,528.1019287109375,-16.249645233154297,2634.264892578125,599.4729614257812,70.30229187011719,2646.182373046875,550.54638671875,7.803067684173584,2653.254150390625,56.1893310546875,-480.7473449707031,2501.014892578125,-77.11407470703125,-447.8875122070313,2502.67626953125,-230.6859588623047,-330.30889892578125,2724.062255859375,-120.39806365966795,-125.88782501220705,2645.442626953125,-68.75163269042969,-132.77774047851562,2550.559814453125,6.633974552154541,-107.36360168457033,2473.31005859375,-53.89170837402344,-126.0730209350586,2540.334716796875,174.2921905517578,30.4476375579834,2593.059326171875,193.7453460693359,445.229248046875,2545.339599609375,197.18878173828125,824.4190673828125,2670.895263671875,272.0958557128906,965.7685546875,2558.354736328125,-6.730050086975098,29.910446166992188,2590.34375,-39.945796966552734,445.3815002441406,2565.763427734375,-69.82001495361328,829.8556518554688,2685.023193359375,-123.21341705322266,948.1622924804688,2560.37841796875,99.92243957519533,-589.1770629882812,2449.573486328125,130.27877807617188,-456.08648681640625,2352.047119140625,157.12294006347656,-506.0647277832031,2338.02783203125,196.64389038085935,-613.4346923828125,2404.571044921875,104.18907928466795,-496.97601318359375,2328.273681640625,27.738422393798828,-603.4317016601562,2367.449462890625
79.09204864501953,30.19273376464844,2591.62158203125,79.91677856445312,-155.19403076171875,2573.566162109375,80.3744888305664,-304.1012268066406,2572.696044921875,93.11293029785156,-515.689208984375,2492.398193359375,125.579833984375,-481.4877014160156,2512.272216796875,264.4962158203125,-448.5357666015625,2555.770751953125,369.2061462402344,-255.2673187255859,2742.65380859375,445.0751037597656,-67.5776596069336,2609.779541015625,527.9970092773438,-15.84945583343506,2633.3486328125,597.9095458984375,72.07532501220703,2643.773681640625,550.3638916015625,8.487955093383789,2652.1552734375,56.21656799316406,-480.7550354003906,2501.096923828125,-77.09728240966797,-447.9302673339844,2502.671630859375,-231.12643432617188,-330.1740417480469,2723.6474609375,-120.75576782226562,-125.79619598388672,2645.02734375,-68.95621490478516,-132.75601196289062,2550.232421875,6.544425964355469,-107.38044738769533,2473.08154296875,-54.278961181640625,-126.00537872314452,2540.000732421875,174.27999877929688,30.47696304321289,2593.05126953125,193.7237091064453,445.2619323730469,2545.337890625,197.15428161621097,824.4528198242188,2670.89697265625,272.0771179199219,965.7800903320312,2558.337158203125,-6.7431182861328125,29.936431884765625,2590.33251953125,-39.93175506591797,445.41009521484375,2565.724609375,-69.82645416259766,829.9014892578125,2684.9306640625,-123.06771087646484,948.1976318359376,2560.20947265625,99.9713897705078,-589.1991577148438,2449.702392578125,130.4312286376953,-456.0700378417969,2352.25927734375,157.26194763183594,-506.05230712890625,2338.22705078125,196.7057647705078,-613.4734497070312,2404.73486328125,104.3364486694336,-496.936767578125,2328.45166015625,27.822111129760746,-603.3817749023438,2367.53466796875
74.24613952636719,32.46806716918945,2594.78271484375,77.39044189453125,-152.6357421875,2578.000732421875,79.77649688720703,-301.19415283203125,2574.911865234375,94.20889282226562,-518.3877563476562,2513.342529296875,126.26571655273438,-482.50384521484375,2530.458984375,265.4359436035156,-456.4114074707031,2576.68310546875,368.4208984375,-232.04244995117188,2724.86865234375,434.8077087402344,-71.73658752441406,2556.650634765625,514.4923095703125,-20.041563034057617,2588.97021484375,587.4168090820312,37.88980865478515,2652.230224609375,536.6593627929688,4.450075149536133,2604.738037109375,57.14778137207031,-483.10546875,2518.6640625,-77.03025817871094,-457.41204833984375,2508.05517578125,-262.03948974609375,-316.0115051269531,2686.52197265625,-161.59266662597656,-97.7970199584961,2639.796630859375,-84.83213806152344,-124.86354064941406,2568.763671875,-20.57415199279785,-93.15474700927734,2484.42919921875,-78.18321228027344,-107.78170776367188,2546.667236328125,169.23284912109375,33.967529296875,2596.040771484375,194.65313720703125,448.26263427734375,2554.69140625,201.205078125,827.6997680664062,2676.770751953125,271.2955017089844,966.8721313476562,2559.209716796875,-11.407554626464844,31.11593437194824,2593.6484375,-39.909515380859375,445.6917114257813,2563.04443359375,-73.90907287597656,829.0291748046875,2682.109375,-117.02423095703124,951.769287109375,2558.2978515625,101.78963470458984,-595.1011352539062,2477.260498046875,135.00025939941406,-463.569091796875,2379.132568359375,161.2598419189453,-513.9285888671875,2365.88134765625,198.4757843017578,-621.0181884765625,2433.664306640625,108.67521667480467,-504.22607421875,2355.466796875,30.49213409423828,-609.0687255859375,2394.6123046875
74.6924057006836,37.57539749145508,2590.541259765625,75.91606903076172,-145.22645568847656,2576.651611328125,76.82362365722656,-291.75048828125,2573.277587890625,94.61075592041016,-510.0940551757813,2531.04150390625,125.62608337402344,-472.8833312988281,2544.840576171875,261.238525390625,-435.165283203125,2586.868408203125,378.3585205078125,-232.80923461914065,2748.040283203125,442.163818359375,-62.6207160949707,2593.859375,525.7898559570312,-9.734373092651367,2592.728271484375,609.9352416992188,57.77336883544922,2619.03125,561.9163818359375,7.124349594116211,2567.786376953125,57.492794036865234,-475.5758361816406,2533.305908203125,-74.43116760253906,-453.0263977050781,2514.568359375,-285.7176513671875,-340.1729736328125,2676.87548828125,-197.3208770751953,-119.49622344970705,2635.137939453125,-150.97042846679688,-141.24671936035156,2541.702392578125,-57.70818710327149,-91.00324249267578,2515.433349609375,-108.78654479980467,-131.46533203125,2537.111572265625,168.38668823242188,38.13534927368164,2591.42578125,196.6995391845703,447.38128662109375,2560.45703125,200.90431213378903,823.2515869140625,2675.70068359375,270.9743957519531,960.8206787109376,2560.6953125,-9.79584503173828,37.07046127319336,2589.74365234375,-45.0494270324707,446.0105285644531,2569.64453125,-73.3150405883789,824.9024047851562,2685.78466796875,-118.67115020751952,946.37158203125,2565.118896484375,103.3605499267578,-588.3792724609375,2502.03662109375,142.61119079589844,-462.9142150878906,2402.112548828125,171.79603576660156,-512.0035400390625,2395.271240234375,204.1447601318359,-611.9365844726562,2472.329833984375,121.23645782470705,-505.39459228515625,2378.33837890625,44.04534530639648,-609.8775634765625,2413.73095703125
71.68185424804688,41.176307678222656,2601.066650390625,74.7768783569336,-143.2323455810547,2581.43359375,76.70000457763672,-291.4314270019531,2576.94384765625,97.14808654785156,-510.12457275390625,2524.980224609375,128.14382934570312,-472.70166015625,2540.3251953125,262.82977294921875,-432.21533203125,2588.36572265625,385.8315734863281,-210.61138916015625,2723.645751953125,476.6809997558594,-31.56457901000977,2590.10986328125,537.0843505859375,47.898895263671875,2582.43603515625,610.31689453125,130.49134826660156,2603.294921875,535.4963989257812,87.53755950927734,2530.27880859375,59.1854362487793,-475.7988586425781,2528.91943359375,-76.49507141113281,-460.5006408691406,2521.856689453125,-272.9090576171875,-290.4156494140625,2656.703369140625,-162.90472412109375,-191.3996429443359,2462.488525390625,-148.3794708251953,-212.3449859619141,2357.755615234375,-134.16883850097656,-202.31723022460935,2466.797119140625,-100.86244201660156,-223.96099853515625,2349.890869140625,166.35328674316406,42.261478424072266,2605.79833984375,198.6819000244141,453.8406372070313,2553.057861328125,198.47425842285156,829.676513671875,2683.2919921875,272.3917236328125,959.3761596679688,2558.20263671875,-13.687528610229492,40.19776153564453,2596.7998046875,-42.208621978759766,453.5624084472656,2562.629150390625,-73.32556915283203,833.0094604492188,2691.51416015625,-118.83130645751952,944.037353515625,2558.427001953125,106.7976303100586,-587.9236450195312,2492.324951171875,147.6860809326172,-468.6318664550781,2382.753662109375,172.416259765625,-520.8193969726562,2375.610595703125,203.5327606201172,-621.3263549804688,2454.98583984375,120.67886352539062,-510.5130004882813,2362.511474609375,37.73397064208984,-607.8873901367188,2409.336669921875
72.55289459228516,38.408329010009766,2599.589111328125,75.53319549560547,-146.5491485595703,2583.356689453125,77.45706939697266,-294.9235534667969,2578.959716796875,95.76139068603516,-515.7652587890625,2534.71630859375,127.11223602294922,-478.1442565917969,2549.016845703125,260.37701416015625,-432.76666259765625,2597.184814453125,383.7803649902344,-193.9309539794922,2699.45703125,471.7645568847656,-32.83634948730469,2542.658203125,524.3718872070312,52.4636344909668,2541.39501953125,594.7825927734375,138.80255126953125,2556.786376953125,559.4509887695312,78.12606048583984,2507.90087890625,58.1298713684082,-480.8520202636719,2537.166259765625,-76.82022094726562,-459.2225646972656,2529.598876953125,-265.02008056640625,-263.7999572753906,2640.419677734375,-161.22254943847656,-191.27908325195312,2431.302001953125,-157.64210510253906,-213.736083984375,2325.81005859375,-141.83306884765625,-214.8772125244141,2435.216064453125,-93.55426025390624,-217.66964721679688,2337.2119140625,167.31405639648438,39.484989166259766,2604.719482421875,199.7054748535156,452.8126831054687,2563.02734375,204.0754547119141,832.9173583984375,2681.699462890625,277.32763671875,959.5130615234376,2552.745849609375,-12.897401809692385,37.43745422363281,2594.962890625,-38.4925537109375,451.9056701660156,2566.42041015625,-70.69925689697266,835.1387939453125,2684.87158203125,-112.0168685913086,950.25146484375,2553.62060546875,104.75740051269533,-594.8485107421875,2504.81884765625,145.53179931640625,-472.8650817871094,2397.904052734375,170.431396484375,-524.8762817382812,2389.605712890625,201.73646545410156,-627.1942749023438,2466.81787109375,118.62471771240234,-514.392822265625,2376.6591796875,35.76972579956055,-613.1226806640625,2421.211181640625
75.50226593017578,41.245216369628906,2598.742919921875,76.87052917480469,-143.91842651367188,2586.31884765625,77.60000610351562,-292.27008056640625,2584.375,86.59766387939453,-511.8757629394531,2532.442626953125,119.44198608398438,-476.1978454589844,2548.192138671875,255.34457397460935,-436.8626403808594,2593.978759765625,392.86578369140625,-202.97840881347656,2688.95703125,499.58831787109375,-41.539817810058594,2544.876708984375,556.5433349609375,31.722646713256836,2507.162841796875,622.6517944335938,121.73663330078124,2494.4541015625,574.8069458007812,55.9148063659668,2473.404541015625,50.51694107055664,-475.4918212890625,2535.96484375,-83.10153198242188,-446.1548767089844,2535.322021484375,-233.9473419189453,-207.92677307128903,2614.59375,-129.27880859375,-190.84376525878903,2394.487060546875,-100.94426727294922,-218.36143493652344,2294.126953125,-99.94671630859376,-220.8447723388672,2404.578857421875,-40.94694519042969,-227.1027679443359,2316.889892578125,170.2532958984375,41.65427780151367,2603.08154296875,201.7095947265625,454.990966796875,2563.2080078125,207.4344940185547,834.3370971679688,2683.467041015625,274.7615966796875,960.7095336914062,2551.27587890625,-9.93889617919922,40.876346588134766,2594.830810546875,-35.66727828979492,455.186767578125,2567.656494140625,-70.30549621582031,834.9067993164062,2695.568359375,-111.7739028930664,946.4918212890624,2561.490478515625,92.33885192871094,-590.1275634765625,2499.819091796875,150.14173889160156,-478.8650817871094,2389.27294921875,170.53013610839844,-533.2600708007812,2385.322265625,187.82815551757812,-633.1691284179688,2469.640380859375,120.75494384765624,-518.98193359375,2368.69140625,26.794414520263672,-607.0615234375,2413.29345703125
76.38832092285156,43.413177490234375,2597.07861328125,76.04193878173828,-141.22747802734375,2585.5048828125,75.17034149169922,-289.04681396484375,2590.346435546875,81.66880798339844,-509.6502380371094,2545.880126953125,114.79740142822266,-473.9654541015625,2560.45849609375,252.66879272460935,-434.004638671875,2597.4638671875,386.5117492675781,-183.8394470214844,2637.726806640625,457.8528747558594,-42.85657501220703,2456.395263671875,523.3381958007812,30.548322677612305,2439.242919921875,588.1224365234375,121.86333465576172,2443.698974609375,543.1646118164062,56.670654296875,2406.455078125,46.12118911743164,-472.8688049316406,2548.11474609375,-86.00423431396484,-440.2271423339844,2539.44091796875,-220.7444610595703,-183.4275665283203,2573.400146484375,-97.42687225341795,-198.7556915283203,2363.92822265625,-12.889310836791992,-181.5628662109375,2299.762451171875,-1.268397092819214,-160.8004608154297,2407.2998046875,12.49582290649414,-182.37110900878903,2301.228759765625,170.85748291015625,42.98649215698242,2601.058349609375,200.73683166503903,455.8009948730469,2568.923583984375,200.59434509277344,834.9135131835938,2685.888671875,274.1920471191406,959.3187866210938,2556.094970703125,-8.798673629760742,43.79793548583984,2593.489990234375,-32.434539794921875,457.07379150390625,2568.693603515625,-70.7869644165039,836.6732788085938,2691.858642578125,-112.32176208496094,947.2438354492188,2557.711181640625,86.53424072265625,-588.7538452148438,2515.97412109375,155.4319305419922,-485.8929138183594,2404.444580078125,170.36610412597656,-541.9058227539062,2401.54443359375,177.2428741455078,-641.2777709960938,2487.332763671875,122.48474884033205,-523.1638793945312,2384.3505859375,20.38875961303711,-600.609375,2429.497802734375
73.19937896728516,46.86769485473633,2598.385986328125,71.89810943603516,-136.67019653320312,2589.54541015625,70.55022430419922,-283.52801513671875,2592.947998046875,79.55457305908203,-502.7255859375,2549.645263671875,111.8840789794922,-466.9920654296875,2564.698974609375,249.2186737060547,-427.0083923339844,2599.62451171875,369.05572509765625,-176.40223693847656,2661.66552734375,400.3778991699219,-43.3475227355957,2465.74609375,474.4631042480469,4.84787654876709,2420.74267578125,551.8060913085938,79.4423599243164,2391.7568359375,510.2697143554687,24.155855178833008,2420.029541015625,43.93864440917969,-466.4499816894531,2551.0009765625,-86.93536376953125,-433.9523010253906,2538.20849609375,-198.4681854248047,-166.79486083984375,2521.029541015625,-37.265987396240234,-196.895751953125,2343.178955078125,34.15251159667969,-183.49163818359375,2264.9248046875,84.26858520507812,-170.70556640625,2361.32080078125,60.651954650878906,-191.12684631347656,2260.7880859375,167.07179260253906,46.06977844238281,2601.134033203125,200.60313415527344,455.82366943359375,2569.4931640625,200.349853515625,833.9535522460938,2680.435302734375,274.3406982421875,959.0020141601562,2553.46875,-11.449508666992188,47.58720779418945,2595.907958984375,-33.28807067871094,457.8925476074219,2567.08740234375,-68.4423599243164,836.0661010742188,2686.76953125,-112.17908477783205,948.7305908203124,2556.72802734375,85.59319305419922,-581.3494873046875,2520.306884765625,154.50518798828125,-489.9383850097656,2400.77490234375,168.65171813964844,-545.79638671875,2402.60400390625,174.8670654296875,-636.8923950195312,2495.943603515625,121.20701599121094,-528.1231689453125,2384.256591796875,19.186790466308594,-599.63623046875,2436.114013671875
75.69100952148438,44.439903259277344,2599.414794921875,70.90044403076172,-137.1975860595703,2592.781494140625,66.91024780273438,-282.4930725097656,2591.32275390625,71.6965103149414,-501.3396606445313,2559.069580078125,104.21524810791016,-465.9981994628906,2572.812255859375,242.8618621826172,-429.1440734863281,2598.1962890625,361.630126953125,-180.4099884033203,2656.01416015625,387.8197326660156,-17.613649368286133,2486.6455078125,433.64593505859375,23.121000289916992,2410.02001953125,484.2702026367187,53.9034309387207,2317.193603515625,393.8978271484375,11.767010688781738,2369.151611328125,37.245121002197266,-464.6759948730469,2558.0751953125,-91.44387817382812,-433.5061950683594,2537.308837890625,-176.29373168945312,-165.23336791992188,2480.942138671875,5.054593086242676,-193.1322326660156,2327.21435546875,86.54244232177734,-182.9938201904297,2260.71484375,146.0748291015625,-176.72647094726562,2350.89990234375,94.90929412841795,-201.56312561035156,2245.171630859375,168.50439453125,41.85271072387695,2603.229736328125,200.07546997070312,447.28167724609375,2570.138427734375,191.64773559570312,824.3304443359375,2669.1474609375,274.3356018066406,956.185546875,2558.55908203125,-8.002906799316406,46.77288818359375,2595.974609375,-32.59550476074219,452.9010314941406,2572.28125,-69.13216400146484,828.5444946289062,2685.472412109375,-106.17357635498048,947.2672729492188,2561.41650390625,76.41600036621094,-580.5562744140625,2533.90625,147.00936889648438,-491.5803527832031,2415.927001953125,161.95880126953125,-546.51171875,2419.5419921875,166.5450897216797,-634.3381958007812,2514.188232421875,115.36090850830078,-530.3652954101562,2399.363037109375,14.01138687133789,-601.8558959960938,2448.8359375
78.02295684814453,44.124637603759766,2603.016845703125,73.3920669555664,-136.93490600585938,2594.93212890625,69.38117980957031,-281.81402587890625,2593.705810546875,73.85008239746094,-499.9883728027344,2561.210693359375,106.18254852294922,-464.897216796875,2575.501953125,246.7779083251953,-432.58154296875,2592.597412109375,366.6177673339844,-186.2832489013672,2654.54638671875,388.1604919433594,-13.719707489013672,2495.451171875,402.854248046875,16.013402938842773,2403.388427734375,431.9303588867187,25.37564468383789,2297.916015625,393.2164306640625,11.103209495544434,2366.947021484375,39.65609359741211,-463.2981567382813,2559.73486328125,-87.31179809570312,-430.4690856933594,2534.00634765625,-129.5250701904297,-157.51451110839844,2459.252685546875,55.048675537109375,-188.6130523681641,2311.150146484375,151.2604217529297,-188.0606384277344,2268.206298828125,222.5080108642578,-205.1086273193359,2347.46923828125,153.46376037597656,-210.44334411621097,2244.67919921875,170.49032592773438,41.5191535949707,2608.40234375,199.75067138671875,445.2339782714844,2567.5732421875,189.2480926513672,823.364501953125,2657.427734375,274.75433349609375,957.1008911132812,2552.32373046875,-5.35893440246582,46.47411346435547,2598.160400390625,-32.14447021484375,451.1194763183594,2571.750732421875,-64.91263580322266,826.8457641601562,2681.841796875,-108.8117218017578,947.3136596679688,2562.5087890625,78.6626968383789,-578.9480590820312,2536.048095703125,141.36517333984375,-495.4685363769531,2410.489990234375,157.4559783935547,-549.7280883789062,2416.173828125,168.41510009765625,-632.0946044921875,2514.623291015625,109.74430847167967,-535.4634399414062,2397.6513671875,12.650650024414062,-605.6451416015625,2455.747802734375
80.54608917236328,43.366180419921875,2599.814453125,75.7713623046875,-138.46221923828125,2594.1484375,71.715087890625,-283.8797607421875,2592.486572265625,73.3677749633789,-503.5955200195313,2564.84375,106.05081176757812,-468.5784606933594,2579.171875,248.07345581054688,-440.3053283691406,2596.2734375,364.3670959472656,-185.35679626464844,2626.802734375,382.6960754394531,-24.169086456298828,2454.599853515625,402.7058715820313,42.84123992919922,2385.630615234375,454.8939514160156,28.087934494018555,2289.677978515625,380.7495422363281,22.160051345825195,2335.214599609375,39.69858169555664,-466.2698059082031,2561.732177734375,-86.8938980102539,-435.3749084472656,2529.878662109375,-107.11396026611328,-157.8500518798828,2458.738525390625,83.44001770019531,-193.9638214111328,2318.08935546875,181.62046813964844,-201.96046447753903,2279.60205078125,274.7614440917969,-227.3924560546875,2328.7451171875,187.78257751464844,-222.8698883056641,2260.089599609375,173.19876098632812,40.69401931762695,2607.488525390625,201.76803588867188,446.6528625488281,2573.809814453125,192.64402770996097,824.0606689453125,2672.72021484375,274.3818664550781,955.1588134765624,2560.255859375,-3.002896785736084,45.77578353881836,2592.894287109375,-29.848712921142575,452.0763244628906,2568.5322265625,-68.21934509277344,826.7169189453125,2685.564453125,-107.08648681640624,947.6659545898438,2564.02734375,77.48651123046875,-583.4671020507812,2541.47021484375,147.80294799804688,-503.3356018066406,2416.97021484375,160.38156127929688,-558.73193359375,2422.68603515625,164.39523315429688,-642.3158569335938,2521.271240234375,113.8258056640625,-541.3450927734375,2403.33544921875,11.10171890258789,-605.714599609375,2459.59765625
76.9986572265625,46.020660400390625,2598.5009765625,75.63626861572266,-134.9330596923828,2592.553466796875,74.18013763427734,-279.671142578125,2592.15673828125,77.75204467773438,-498.018798828125,2562.876220703125,110.0897216796875,-462.9499816894531,2576.977294921875,249.3092041015625,-428.1420593261719,2598.2734375,332.7109375,-168.3983154296875,2533.245849609375,359.1502380371094,40.874629974365234,2428.790771484375,372.4507751464844,120.48880767822266,2373.70361328125,403.4002075195313,125.58189392089844,2268.625244140625,375.2571716308594,94.09944915771484,2302.263916015625,43.82682037353515,-461.2166137695313,2560.52587890625,-83.3143310546875,-436.2015075683594,2528.5546875,-108.0901336669922,-158.04197692871094,2467.983642578125,91.19519805908205,-197.4507751464844,2343.288330078125,190.78118896484375,-204.7481231689453,2310.109375,288.0872802734375,-234.52626037597656,2345.64990234375,190.5219268798828,-231.05581665039065,2278.97119140625,169.20558166503906,45.07179641723633,2606.248779296875,202.0035400390625,448.5837707519531,2572.062744140625,190.3569793701172,824.2447509765625,2669.560791015625,270.1213684082031,958.7342529296876,2561.408447265625,-6.148375511169434,46.87629318237305,2591.514404296875,-27.14767265319824,451.5448303222656,2568.8525390625,-71.01187133789062,823.2348022460938,2686.638916015625,-102.645263671875,948.0548095703124,2568.244384765625,82.3724365234375,-577.2510986328125,2538.93017578125,145.0467529296875,-511.9007263183594,2403.301025390625,158.36297607421875,-565.9656982421875,2414.540771484375,168.2328643798828,-637.4030151367188,2521.084228515625,110.9439926147461,-551.1353149414062,2395.914794921875,12.39769172668457,-608.7493896484375,2464.103515625
74.63072967529297,46.700321197509766,2597.73876953125,73.07799530029297,-134.71189880371094,2590.90478515625,71.2908706665039,-279.83843994140625,2591.3984375,75.6454086303711,-499.240234375,2565.838623046875,107.92130279541016,-463.73297119140625,2579.4521484375,246.1194610595703,-422.7908325195313,2599.111572265625,318.5300598144531,-159.78309631347656,2530.83251953125,331.4378662109375,45.868934631347656,2415.739013671875,355.68377685546875,127.42755126953124,2367.1376953125,361.6353759765625,132.89157104492188,2257.477783203125,362.7975769042969,162.74301147460938,2363.2568359375,41.517608642578125,-462.4942321777344,2562.755859375,-85.25740051269531,-436.34515380859375,2528.78759765625,-102.19991302490234,-156.651611328125,2468.92724609375,99.57527923583984,-212.10073852539065,2353.439453125,200.8051300048828,-226.22775268554688,2327.275634765625,306.9642639160156,-246.4053955078125,2325.147705078125,201.5832366943359,-247.5029296875,2296.85205078125,167.02639770507812,45.59128189086914,2606.18603515625,202.6942901611328,450.4662170410156,2578.4951171875,193.2631072998047,827.89501953125,2673.573486328125,272.23248291015625,958.9324340820312,2559.837158203125,-8.686505317687988,47.70038986206055,2590.121337890625,-26.41475296020508,453.7416076660156,2569.580810546875,-71.03965759277344,824.8496704101562,2692.35986328125,-103.7166519165039,948.4047241210938,2572.233154296875,80.5942611694336,-579.0751953125,2543.21728515625,141.47769165039062,-517.4190673828125,2404.54443359375,156.15382385253906,-570.8173217773438,2417.8642578125,168.05569458007812,-637.9761962890625,2527.364013671875,108.21283721923828,-557.8211059570312,2398.79931640625,10.998383522033691,-615.2183227539062,2469.731689453125
65.68362426757812,57.17189407348633,2601.12353515625,66.58964538574219,-124.99034118652344,2591.48486328125,67.71192169189453,-270.1225280761719,2577.22509765625,78.86479949951172,-491.6541442871094,2568.354248046875,110.8135757446289,-453.9251403808594,2576.574462890625,245.28579711914065,-396.658447265625,2578.293212890625,290.0944519042969,-138.69491577148438,2472.054443359375,328.408935546875,78.10828399658203,2383.90380859375,352.4637145996094,164.55233764648438,2424.437744140625,357.5798645019531,142.31114196777344,2316.335205078125,346.80133056640625,208.8562164306641,2415.951171875,42.99034118652344,-456.2726135253906,2565.199462890625,-87.13956451416016,-438.5010986328125,2536.349609375,-94.05486297607422,-157.0248260498047,2476.245361328125,115.728515625,-225.3015289306641,2381.35400390625,204.668701171875,-253.60595703125,2331.08203125,279.2570495605469,-272.7548828125,2254.5068359375,205.88040161132812,-277.8453063964844,2316.59326171875,158.74453735351562,57.33510208129883,2606.786376953125,202.9122314453125,463.8861389160156,2588.73193359375,194.4263458251953,842.0679931640625,2688.467529296875,269.5079650878906,958.5614013671876,2556.237060546875,-18.23350715637207,57.02471923828125,2596.01708984375,-26.71976852416992,464.9609680175781,2569.259033203125,-71.97339630126953,837.5457763671875,2693.396240234375,-101.67662811279295,952.2553100585938,2562.9365234375,85.24772644042969,-573.2220458984375,2551.55224609375,139.87734985351562,-519.7172241210938,2406.126220703125,154.1002960205078,-573.0265502929688,2421.333251953125,170.68209838867188,-635.382568359375,2533.75732421875,105.24110412597656,-559.6591186523438,2404.24365234375,10.425854682922363,-611.2385864257812,2483.5986328125
58.97382736206055,55.83309173583984,2605.7958984375,59.24396896362305,-127.13069915771484,2592.05615234375,59.4571647644043,-273.4036560058594,2581.102294921875,73.81111145019531,-495.7613830566406,2566.7978515625,105.36602020263672,-457.5918273925781,2576.200927734375,240.76429748535156,-400.3256530761719,2577.644775390625,282.8886413574219,-143.13670349121094,2464.2890625,313.95770263671875,70.87971496582031,2363.644287109375,317.891845703125,154.68606567382812,2416.258056640625,355.5263977050781,144.06546020507812,2312.238525390625,335.25067138671875,207.02183532714844,2402.151123046875,37.259498596191406,-460.60400390625,2564.26318359375,-93.47891235351562,-444.25531005859375,2533.720458984375,-88.38963317871094,-158.91641235351562,2484.618408203125,123.5905303955078,-238.6524353027344,2400.631103515625,210.13262939453125,-271.7748107910156,2347.8759765625,281.8200378417969,-295.571533203125,2268.97119140625,207.8567047119141,-290.6116943359375,2331.447021484375,152.36898803710938,55.338966369628906,2614.2119140625,202.55528259277344,463.1491088867187,2588.031494140625,193.67271423339844,843.53955078125,2688.2734375,271.8745422363281,958.1411743164062,2554.589599609375,-25.24469757080078,56.278663635253906,2598.20654296875,-28.594886779785156,466.0938720703125,2563.7275390625,-68.92920684814453,841.3716430664062,2688.78125,-107.44117736816406,955.2269897460938,2558.489013671875,81.46926879882812,-577.2674560546875,2547.935546875,142.39024353027344,-523.0990600585938,2404.1826171875,155.35202026367188,-577.0482177734375,2419.51513671875,167.05796813964844,-640.9218139648438,2532.569580078125,107.05693817138672,-562.7302856445312,2400.703857421875,8.14943790435791,-613.8198852539062,2476.624267578125
59.73126983642578,51.995731353759766,2604.2958984375,59.76009750366211,-130.41207885742188,2590.721435546875,59.63616180419922,-276.3478088378906,2581.45947265625,66.78945922851562,-498.5865478515625,2571.223388671875,99.32833099365234,-461.4372253417969,2580.525146484375,239.15328979492188,-417.6637268066406,2584.224609375,305.9463806152344,-180.38816833496097,2444.5439453125,326.1435546875,-1.2178868055343628,2289.506103515625,331.82305908203125,78.71158599853516,2347.175048828125,345.5592956542969,2.8317718505859375,2267.635009765625,341.4671936035156,121.57620239257812,2353.277587890625,31.59142303466797,-462.4017639160156,2567.43701171875,-98.48604583740234,-446.09765625,2535.912353515625,-93.937744140625,-162.52032470703125,2482.0517578125,116.45852661132812,-252.21658325195312,2406.7177734375,205.5648498535156,-291.29058837890625,2363.90576171875,282.1562805175781,-323.0963439941406,2293.337646484375,204.2704620361328,-307.2406311035156,2348.432861328125,152.82159423828125,51.3734016418457,2612.856201171875,206.2930145263672,457.5120544433594,2587.177734375,201.25851440429688,836.7373046875,2687.3359375,270.4571533203125,958.7437744140624,2556.12060546875,-24.212371826171875,52.55691146850586,2596.576904296875,-27.26189422607422,461.16497802734375,2562.88818359375,-69.61869049072266,836.2080688476562,2684.01513671875,-105.11135864257812,954.0198974609376,2557.172607421875,72.03966522216797,-580.3662719726562,2553.942626953125,131.55136108398438,-528.8837280273438,2409.2021484375,146.4875030517578,-581.5604858398438,2426.38427734375,159.9086456298828,-640.863525390625,2541.25927734375,97.94194793701172,-569.8568725585938,2406.89599609375,0.9251720905303956,-622.0734252929688,2483.745849609375
59.60934829711914,51.7110481262207,2604.2919921875,59.62728118896485,-130.69651794433594,2590.906982421875,59.44205856323242,-276.665283203125,2582.374267578125,66.09911346435547,-498.9909362792969,2574.294677734375,98.71768188476562,-461.8288269042969,2583.23779296875,238.97073364257812,-419.3345947265625,2584.13623046875,306.37115478515625,-193.33628845214844,2427.160888671875,309.7719421386719,-36.439090728759766,2248.52880859375,323.92529296875,46.1829719543457,2300.667236328125,329.87005615234375,-36.05382537841797,2226.688232421875,328.5799865722656,73.9618911743164,2326.06640625,30.98500061035156,-462.7689208984375,2570.154296875,-98.98747253417967,-446.5750732421875,2538.1875,-94.06539916992188,-163.53878784179688,2481.698486328125,116.71541595458984,-255.06626892089844,2409.779052734375,206.60487365722656,-295.814453125,2370.31640625,284.64801025390625,-330.50689697265625,2302.777099609375,206.26609802246097,-312.1533203125,2356.033935546875,152.69532775878906,51.09442138671875,2612.820068359375,206.1695098876953,457.1778564453125,2586.786865234375,201.00778198242188,836.440673828125,2686.676513671875,270.5894775390625,958.6778564453124,2555.9013671875,-24.33037376403809,52.267093658447266,2596.601806640625,-27.39386749267578,460.811767578125,2562.53515625,-69.68545532226562,835.8588256835938,2683.571533203125,-104.98976135253906,953.90283203125,2556.91162109375,71.16747283935547,-580.9395141601562,2557.80908203125,133.10537719726562,-529.0672607421875,2414.244873046875,146.70999145507812,-582.2633056640625,2430.910400390625,157.77322387695312,-643.2235717773438,2545.15625,98.61790466308594,-569.245361328125,2411.14501953125,-0.2164505422115326,-620.1971435546875,2486.494873046875
58.12614822387695,51.99026870727539,2596.340576171875,61.33753967285156,-127.9356918334961,2583.3251953125,63.38777542114258,-272.1569519042969,2582.13671875,68.83767700195312,-490.82037353515625,2563.0537109375,101.27808380126952,-454.7872924804687,2573.367919921875,243.47280883789065,-428.8138732910156,2575.93359375,354.863525390625,-194.17645263671875,2472.780029296875,296.6087951660156,-55.7980842590332,2292.56689453125,318.433349609375,38.82948684692383,2299.825439453125,325.4349365234375,-37.918548583984375,2222.351318359375,328.6954345703125,68.45072174072266,2323.660400390625,34.3262825012207,-454.78326416015625,2561.14599609375,-95.28604125976562,-440.578857421875,2534.9248046875,-115.1475830078125,-160.90542602539062,2485.177978515625,80.99878692626953,-264.7436828613281,2400.53173828125,147.58175659179688,-333.0655822753906,2444.042236328125,190.94500732421875,-420.8949890136719,2488.121826171875,163.97482299804688,-327.498779296875,2391.95458984375,150.1835174560547,53.25595474243164,2601.5576171875,206.0879364013672,453.7121887207031,2580.926025390625,191.9533233642578,829.0443115234375,2673.8671875,269.5391845703125,961.416015625,2562.72314453125,-24.88603782653809,50.84893798828125,2591.63623046875,-27.802024841308594,454.1385498046875,2561.42822265625,-70.86270904541016,823.23291015625,2683.0576171875,-100.928466796875,951.9083251953124,2569.3759765625,73.28610229492188,-570.7577514648438,2542.685302734375,145.6012725830078,-531.6477661132812,2402.508056640625,154.8496856689453,-583.7281494140625,2422.664794921875,155.4600830078125,-637.5703735351562,2539.015869140625,109.49890899658205,-569.405029296875,2399.55712890625,4.940487384796143,-609.5553588867188,2470.35791015625
67.38232421875,51.93789291381836,2588.24169921875,64.6871566772461,-128.39117431640625,2571.375244140625,61.88218307495117,-273.0804138183594,2566.181884765625,74.6783218383789,-493.1296691894531,2564.422607421875,106.4582748413086,-455.139404296875,2569.25341796875,239.2032470703125,-402.0038757324219,2544.331787109375,354.0924377441406,-179.35711669921875,2418.041015625,421.7115173339844,-3.248229503631592,2277.09033203125,457.8775329589844,70.64937591552734,2224.274658203125,375.5963439941406,17.060659408569336,2175.346923828125,442.0090942382813,87.76087951660156,2169.1513671875,38.56538009643555,-458.42486572265625,2562.3046875,-92.86730194091795,-449.27142333984375,2540.62255859375,-118.56089782714844,-171.20346069335938,2479.423828125,85.60832214355469,-279.65765380859375,2420.94921875,155.1023712158203,-339.44635009765625,2472.690185546875,202.99676513671875,-420.7230224609375,2524.927734375,174.42306518554688,-334.9443664550781,2420.14697265625,159.6637420654297,49.893741607666016,2595.350830078125,208.6887969970703,453.307373046875,2587.2578125,195.90785217285156,829.894775390625,2681.6708984375,265.7065734863281,958.6447143554688,2560.303466796875,-15.83188819885254,53.781192779541016,2581.8310546875,-28.78972053527832,459.1331481933594,2562.389892578125,-70.71931457519531,829.4945068359375,2685.52001953125,-102.674560546875,950.5059204101562,2563.208984375,80.80487823486328,-574.6129150390625,2550.226806640625,141.99063110351562,-524.2694702148438,2407.611083984375,153.8795623779297,-577.5037841796875,2423.557373046875,164.2573699951172,-639.0731201171875,2536.111083984375,106.4645004272461,-562.854736328125,2404.71240234375,7.908247470855713,-610.53369140625,2480.27294921875
72.56755828857422,55.10465621948242,2584.220947265625,69.15630340576172,-126.73007202148438,2572.98291015625,66.92262268066406,-271.7574768066406,2559.4892578125,81.23896026611328,-492.65228271484375,2572.481201171875,112.78157043457033,-453.9323120117187,2575.93701171875,244.953857421875,-393.759521484375,2560.878173828125,355.6892395019531,-176.68966674804688,2418.47705078125,430.8332824707031,-1.7199963331222534,2277.5712890625,465.4732971191406,86.9568862915039,2252.896484375,391.8591918945313,51.751220703125,2178.59326171875,448.3292846679687,106.8276596069336,2179.6337890625,44.78700637817383,-458.2605285644531,2566.868896484375,-86.29664611816406,-448.3328552246094,2539.306396484375,-115.1469497680664,-175.114990234375,2454.323486328125,96.28858947753906,-282.11529541015625,2417.026611328125,166.3008575439453,-334.0662841796875,2477.13330078125,235.1232452392578,-394.32464599609375,2535.440185546875,187.94435119628903,-333.6575012207031,2427.13232421875,165.13250732421875,52.75306701660156,2594.172607421875,211.9737548828125,458.39788818359375,2573.1748046875,196.53125,834.661376953125,2677.496337890625,272.4438781738281,959.8552856445312,2554.31396484375,-10.90232276916504,57.225189208984375,2575.2470703125,-22.32293128967285,465.0694274902344,2556.386962890625,-67.75310516357422,836.8399047851562,2681.478759765625,-106.2322006225586,954.7284545898438,2556.531005859375,88.40331268310547,-575.3148803710938,2563.7509765625,125.27892303466795,-522.570068359375,2412.77685546875,145.42266845703125,-573.8225708007812,2428.12158203125,177.0763397216797,-630.4135131835938,2540.19287109375,94.3354721069336,-565.3414306640625,2415.094970703125,11.77047348022461,-621.97900390625,2503.877685546875
77.43170928955078,54.601287841796875,2590.9482421875,73.22681427001953,-128.42225646972656,2579.21337890625,70.00994873046875,-274.51318359375,2566.744140625,84.30097961425781,-497.15191650390625,2574.75732421875,116.22977447509766,-458.30224609375,2578.137939453125,247.03256225585935,-393.8048400878906,2559.767822265625,351.919921875,-168.1659393310547,2422.55224609375,432.31494140625,18.458471298217773,2297.708251953125,483.4673767089844,102.90340423583984,2290.205322265625,430.4361572265625,101.39984130859376,2192.5810546875,451.2309265136719,123.7593002319336,2200.38525390625,47.53192138671875,-462.3575439453125,2570.885986328125,-84.81524658203125,-447.7018737792969,2547.310546875,-115.67180633544922,-173.14898681640625,2460.737548828125,100.14656829833984,-272.3169250488281,2416.972900390625,176.04283142089844,-320.0968322753906,2474.615234375,262.4689636230469,-362.9088745117187,2525.848876953125,194.86453247070312,-321.95843505859375,2432.3701171875,171.06459045410156,52.18014907836914,2595.158935546875,211.5021820068359,461.39508056640625,2576.11328125,198.05235290527344,839.086181640625,2685.380859375,271.5768737792969,958.3759155273438,2553.199951171875,-7.001169204711914,56.78453826904297,2587.151611328125,-23.288293838500977,466.6173400878906,2557.79052734375,-66.10958099365234,839.9889526367188,2687.421630859375,-108.79896545410156,954.9629516601562,2559.47607421875,91.07550811767578,-580.1834716796875,2564.0283203125,110.89500427246094,-516.9700317382812,2412.66015625,132.90626525878906,-569.2590942382812,2422.346435546875,177.29698181152344,-633.1117553710938,2526.962646484375,80.30976867675781,-560.398681640625,2415.609619140625,7.8124775886535645,-623.9185180664062,2509.736572265625
76.93407440185547,55.545501708984375,2590.40234375,72.58366394042969,-127.15631866455078,2578.43994140625,69.25879669189453,-272.9732360839844,2565.64111328125,79.20538330078125,-495.5247497558594,2572.269775390625,111.78712463378906,-457.38043212890625,2576.1728515625,247.42111206054688,-402.1042785644531,2567.03857421875,352.2560729980469,-199.3942413330078,2398.53271484375,379.3979797363281,-71.61029815673828,2199.472412109375,434.45013427734375,3.815598726272583,2231.901611328125,410.1481323242187,88.76898193359375,2164.844970703125,433.3921203613281,62.64921951293945,2199.929443359375,43.20221328735352,-460.0657958984375,2568.328857421875,-88.39701843261719,-440.7829284667969,2545.1806640625,-108.3963623046875,-163.7667694091797,2465.1064453125,101.76776885986328,-267.37481689453125,2408.262939453125,180.02154541015625,-317.9166564941406,2459.742919921875,272.0736389160156,-358.1433410644531,2502.12353515625,196.30908203125,-318.133056640625,2414.43798828125,170.4087371826172,53.04254150390625,2594.635986328125,210.3586578369141,461.62548828125,2575.670654296875,199.40359497070312,838.5169677734375,2685.638916015625,270.9056701660156,958.0107421875,2552.996826171875,-7.356137275695801,57.80253219604492,2586.584716796875,-24.02292251586914,467.026123046875,2558.46630859375,-66.78948211669922,839.6685791015625,2688.2021484375,-107.91921997070312,954.4556274414062,2559.983154296875,84.4740219116211,-578.4617919921875,2561.06005859375,103.70894622802734,-524.3726806640625,2406.4140625,126.2993392944336,-575.624267578125,2419.239013671875,171.237060546875,-632.3948974609375,2527.37744140625,73.6961441040039,-567.8397827148438,2411.955810546875,1.9581671953201296,-626.3292846679688,2509.543212890625
75.8802490234375,53.107173919677734,2583.870361328125,72.65292358398438,-128.09494018554688,2571.945068359375,69.92822265625,-273.12335205078125,2565.466796875,77.40794372558594,-494.0103759765625,2567.1689453125,110.0251235961914,-456.627197265625,2572.5078125,248.279052734375,-411.1923522949219,2571.76025390625,345.9727478027344,-198.33355712890625,2415.904296875,396.4962158203125,-37.0770378112793,2250.99267578125,451.9772033691406,23.79107093811035,2304.1591796875,455.933837890625,48.51023864746094,2197.042724609375,432.74566650390625,72.78797149658203,2195.2509765625,42.14586639404297,-458.3879089355469,2563.400390625,-88.99588775634766,-440.15869140625,2543.553466796875,-114.19622802734376,-160.8002166748047,2484.47119140625,91.67486572265624,-254.48507690429688,2406.9287109375,175.55641174316406,-303.06402587890625,2448.69970703125,267.4845886230469,-347.7418518066406,2483.97314453125,187.60366821289065,-295.0627136230469,2394.3623046875,168.58738708496094,51.17414093017578,2588.152587890625,208.7799072265625,456.50628662109375,2574.340576171875,201.7149200439453,830.5821533203125,2682.61962890625,269.0495910644531,959.0590209960938,2558.793701171875,-7.71784782409668,54.85026931762695,2580.009033203125,-26.64575958251953,461.1904602050781,2563.50244140625,-66.48031616210938,834.5829467773438,2681.43017578125,-106.15841674804688,956.5753784179688,2561.709228515625,82.00066375732422,-576.0357055664062,2554.271728515625,120.62014770507812,-524.3004150390625,2403.96337890625,138.45635986328125,-576.3118286132812,2418.91552734375,167.79490661621094,-634.6886596679688,2530.2138671875,87.9228744506836,-565.5355834960938,2406.13671875,3.4568533897399902,-618.7799072265625,2494.577392578125
69.27886962890625,51.28677749633789,2581.566650390625,69.14862823486328,-130.03805541992188,2576.08935546875,69.08269500732422,-274.9208068847656,2569.6337890625,77.18037414550781,-495.5240173339844,2571.33544921875,109.82333374023438,-458.09521484375,2575.52099609375,245.15005493164065,-405.6962890625,2567.16015625,325.21624755859375,-183.1614227294922,2415.4228515625,378.6130981445313,-1.1760592460632324,2275.24365234375,408.1392822265625,92.15153503417967,2277.51171875,377.642333984375,146.74708557128906,2187.17236328125,336.7906799316406,95.1472625732422,2193.554443359375,41.760589599609375,-460.0387268066406,2568.72314453125,-88.72422790527344,-438.0262756347656,2549.459716796875,-118.65998840332033,-158.44911193847656,2495.489501953125,93.05645751953124,-227.3060302734375,2409.048583984375,156.468505859375,-299.1968688964844,2452.924072265625,253.9793243408203,-334.3719787597656,2483.21923828125,177.2163848876953,-289.3353576660156,2401.73046875,161.97935485839844,51.16886901855469,2583.266357421875,210.2058258056641,455.10748291015625,2568.610595703125,208.43148803710935,828.1165161132812,2679.1044921875,271.4156494140625,959.10400390625,2555.969482421875,-14.313228607177734,51.393104553222656,2580.033935546875,-25.43402862548828,457.3995056152344,2560.39892578125,-68.2119140625,828.55859375,2682.708740234375,-106.5717315673828,951.7960815429688,2564.143310546875,81.54265594482422,-577.4561157226562,2558.40087890625,120.54097747802734,-522.899658203125,2409.404296875,138.85789489746094,-574.8767700195312,2423.61962890625,168.07582092285156,-634.6463012695312,2534.02978515625,88.35099029541016,-564.490478515625,2410.67626953125,4.006564617156982,-620.0756225585938,2497.54052734375
67.1626205444336,52.67573547363281,2582.3935546875,67.3071060180664,-128.59228515625,2577.3447265625,67.45931243896484,-273.4391174316406,2571.343017578125,75.88116455078125,-493.9406433105469,2569.067138671875,108.46773529052734,-456.5579833984375,2573.836669921875,245.8210296630859,-409.20416259765625,2571.7265625,325.2070007324219,-197.3088531494141,2405.3095703125,295.9098205566406,-82.28750610351562,2201.6201171875,343.31854248046875,1.107916235923767,2221.0439453125,360.5877685546875,106.70205688476562,2196.256591796875,328.1341247558594,54.357757568359375,2187.182861328125,40.4162712097168,-458.4813232421875,2567.1845703125,-90.40641784667967,-436.7927856445313,2550.3525390625,-119.04253387451172,-154.65771484375,2511.758056640625,84.33109283447266,-208.12254333496097,2398.734619140625,151.8157196044922,-282.7850646972656,2429.99658203125,259.3197937011719,-286.7738952636719,2439.024658203125,167.42298889160156,-268.53851318359375,2378.080078125,159.82720947265625,52.70138168334961,2584.124755859375,209.26760864257812,456.4479064941406,2572.947265625,201.17857360839844,831.2495727539062,2676.3427734375,271.9202575683594,962.0314331054688,2557.384765625,-16.397111892700195,52.65260696411133,2580.83251953125,-27.87615966796875,458.3921813964844,2559.199462890625,-69.69376373291016,829.8853759765625,2680.33984375,-106.9885025024414,953.6472778320312,2562.079833984375,80.32774353027344,-575.5897216796875,2554.6591796875,114.79940032958984,-524.482421875,2403.408935546875,134.54026794433594,-575.62109375,2418.635986328125,167.4805450439453,-631.5956420898438,2529.926513671875,83.56454467773438,-566.671142578125,2406.570556640625,2.4263224601745605,-621.5144653320312,2496.816650390625
67.06520080566406,53.07210159301758,2580.922119140625,68.88056182861328,-128.23202514648438,2577.47412109375,70.35360717773438,-273.1745300292969,2580.28955078125,78.36663055419922,-493.5693664550781,2572.349609375,111.03893280029295,-456.3757019042969,2577.9580078125,248.20480346679688,-408.4849548339844,2575.39892578125,318.02197265625,-182.5045928955078,2423.86865234375,249.5204162597656,-112.54373931884766,2209.4033203125,298.428955078125,-28.09980583190918,2201.81005859375,354.64752197265625,66.01725769042969,2208.535400390625,316.2597961425781,3.9032697677612305,2202.79931640625,42.958473205566406,-458.0107421875,2571.49853515625,-87.74899291992188,-437.6282958984375,2552.265869140625,-113.62583923339844,-154.72593688964844,2517.432861328125,77.22368621826172,-194.32188415527344,2379.566650390625,133.5431365966797,-280.3510437011719,2402.67529296875,235.82339477539065,-247.5055999755859,2391.9306640625,168.2148895263672,-257.1999206542969,2354.44580078125,159.74444580078125,54.00697326660156,2580.560302734375,209.4686279296875,457.66796875,2567.15185546875,201.5243682861328,831.40673828125,2674.395751953125,270.34039306640625,964.953857421875,2557.3837890625,-16.50774383544922,52.22909164428711,2581.24853515625,-29.456178665161133,458.07122802734375,2562.20361328125,-68.33341979980469,829.860595703125,2683.46826171875,-108.02474975585938,952.788330078125,2565.10791015625,82.6146469116211,-574.83447265625,2555.843017578125,110.1438217163086,-518.5266723632812,2405.009765625,131.88783264160156,-569.458984375,2418.052001953125,170.4073028564453,-627.5036010742188,2526.4599609375,80.27242279052734,-561.7031860351562,2408.04541015625,4.041325092315674,-621.4400024414062,2499.464111328125
64.11923217773438,53.08001327514648,2582.7490234375,69.4037857055664,-129.13739013671875,2578.994384765625,73.65863800048828,-274.7869567871094,2582.978759765625,79.66230773925781,-496.2952270507813,2571.55029296875,112.89523315429688,-459.280029296875,2577.453125,251.4284210205078,-413.3333129882813,2570.943115234375,314.1903381347656,-170.29664611816406,2441.490478515625,260.6190185546875,-64.2655258178711,2236.365234375,263.6589050292969,33.52560806274414,2225.7509765625,287.2459716796875,140.92147827148438,2236.007080078125,335.22039794921875,39.11964797973633,2193.65478515625,44.375953674316406,-460.2225036621094,2571.56884765625,-86.93772888183594,-438.9219970703125,2552.391357421875,-113.4801254272461,-154.2654266357422,2519.578369140625,87.21836853027344,-187.28802490234375,2392.10302734375,139.5642852783203,-275.9153747558594,2417.2666015625,217.94119262695312,-201.8729553222656,2404.717529296875,178.51332092285156,-268.6266784667969,2399.547119140625,157.2678680419922,55.78990936279297,2582.338134765625,205.50811767578125,462.0692443847656,2578.9677734375,194.99566650390625,839.008544921875,2682.41650390625,268.3036193847656,963.9490966796876,2557.221435546875,-19.87698745727539,50.636383056640625,2583.119873046875,-29.03182029724121,458.533935546875,2559.099609375,-69.23796081542969,830.0136108398438,2687.61181640625,-107.67949676513672,949.5050048828124,2564.020263671875,83.05168151855469,-577.7733764648438,2553.674072265625,113.47920989990234,-523.2567749023438,2401.7783203125,131.50762939453125,-575.9962768554688,2414.656494140625,166.7436065673828,-637.2589111328125,2523.24609375,80.2597427368164,-564.2603149414062,2405.107666015625,0.1648999750614166,-618.4201049804688,2497.747314453125
66.93632507324219,49.10890197753906,2582.989501953125,71.69010162353516,-133.28939819335938,2579.669921875,75.64505767822266,-279.0008850097656,2585.758056640625,80.37567138671875,-500.7525634765625,2574.73193359375,113.97774505615234,-463.81927490234375,2579.26708984375,249.6980743408203,-412.5875244140625,2560.904541015625,295.88873291015625,-176.42330932617188,2412.597900390625,245.45606994628903,-47.2412109375,2220.10205078125,262.60003662109375,49.41293716430664,2211.988037109375,270.1174011230469,159.14801025390625,2201.114990234375,279.1047668457031,82.18163299560547,2215.369384765625,45.2219352722168,-464.5116271972656,2575.988037109375,-85.97434997558594,-440.9559020996094,2557.85791015625,-114.12032318115234,-157.27064514160156,2516.817138671875,93.79216766357422,-184.4464111328125,2399.53955078125,140.998779296875,-278.9075927734375,2409.345458984375,242.7295837402344,-267.0022888183594,2373.12109375,169.3173828125,-258.05145263671875,2352.555419921875,160.15834045410156,51.56906509399414,2581.3115234375,206.4859619140625,458.4285278320313,2578.10791015625,205.5715179443359,837.427978515625,2675.67138671875,268.8899230957031,971.7276000976562,2554.52734375,-17.126068115234375,46.89046859741211,2584.502685546875,-32.61098861694336,454.9525146484375,2560.503173828125,-68.08724212646484,828.5577392578125,2685.242919921875,-109.20438385009766,952.8724365234376,2567.176025390625,82.77729797363281,-582.3619384765625,2556.956787109375,105.0036849975586,-519.090576171875,2406.891357421875,125.36416625976562,-571.7709350585938,2416.284423828125,167.19346618652344,-637.1959228515625,2520.136474609375,73.34717559814453,-561.426513671875,2409.39794921875,-0.9932648539543152,-623.1406860351562,2502.2763671875
67.0095443725586,48.21598815917969,2583.34765625,71.60613250732422,-133.92849731445312,2579.998046875,75.43413543701172,-279.4460754394531,2585.878662109375,80.25227355957031,-500.8446044921875,2574.115478515625,113.79186248779295,-463.96429443359375,2578.76220703125,249.29412841796875,-412.5577697753906,2560.92529296875,295.1136474609375,-175.08229064941406,2415.381591796875,246.24815368652344,-43.05462646484375,2224.833984375,251.593505859375,54.501731872558594,2213.491943359375,231.35470581054688,160.05206298828125,2188.359619140625,229.75424194335935,92.58429718017578,2182.715576171875,45.132568359375,-464.6744079589844,2575.499755859375,-86.08726501464844,-441.572021484375,2558.39111328125,-112.9785614013672,-157.9213409423828,2519.15576171875,89.12013244628906,-185.11734008789065,2392.76708984375,138.27908325195312,-278.8860168457031,2390.181884765625,214.47900390625,-224.0007781982422,2335.8583984375,158.89517211914062,-246.5051116943359,2323.130615234375,160.10183715820312,50.59640121459961,2581.653076171875,206.65182495117188,456.8460083007813,2578.01708984375,206.56158447265625,835.28515625,2675.548583984375,269.02459716796875,969.7421264648438,2554.56201171875,-16.935869216918945,46.06946563720703,2584.875244140625,-32.4416618347168,453.5561828613281,2560.9326171875,-67.38420104980469,827.255615234375,2683.760009765625,-108.1351547241211,952.1869506835938,2566.591064453125,82.68234252929688,-582.2771606445312,2556.08837890625,105.66571044921876,-519.7550659179688,2406.076416015625,125.68451690673828,-572.4360961914062,2415.705322265625,166.79132080078125,-637.6202392578125,2519.769775390625,73.81820678710938,-561.8507690429688,2408.6357421875,-1.0260827541351318,-622.7422485351562,2501.38037109375
74.85224914550781,45.29792404174805,2584.59130859375,76.03443145751953,-136.7411651611328,2579.41015625,76.70520782470703,-281.8237609863281,2591.57666015625,81.83008575439453,-502.3407897949219,2570.084716796875,115.3325653076172,-465.6274108886719,2575.8427734375,249.1289978027344,-409.8480224609375,2559.0634765625,275.339599609375,-181.195068359375,2395.950439453125,220.8936462402344,-38.86894989013672,2214.7470703125,222.53721618652344,59.20547103881836,2208.361328125,206.9807891845703,161.81802368164062,2171.00927734375,219.6160888671875,97.96983337402344,2175.371337890625,46.67814254760742,-466.3885498046875,2573.564453125,-84.76024627685547,-444.7684326171875,2556.876220703125,-112.51681518554688,-160.67535400390625,2523.18505859375,91.37770080566406,-187.401611328125,2399.91015625,127.99919891357422,-226.42269897460935,2308.598876953125,161.05714416503906,-227.9219207763672,2205.353271484375,150.31201171875,-234.15231323242188,2302.100341796875,167.9161834716797,45.85816955566406,2586.141357421875,248.9254913330078,446.4093933105469,2587.162841796875,236.5313720703125,822.16259765625,2692.941650390625,262.31439208984375,963.113037109375,2566.294921875,-9.067587852478027,44.792728424072266,2583.19384765625,-31.980358123779297,451.91943359375,2563.999755859375,-68.77753448486328,826.7771606445312,2681.84228515625,-109.18657684326172,953.3300170898438,2566.478515625,84.16950225830078,-582.848876953125,2548.4931640625,104.37507629394533,-522.1076049804688,2397.468017578125,123.53468322753906,-575.082275390625,2407.015869140625,166.0455780029297,-640.2101440429688,2510.446044921875,71.76083374023438,-563.4752807617188,2401.250732421875,-1.7541329860687256,-621.9720458984375,2496.4443359375
75.2981948852539,47.51309585571289,2580.36279296875,74.66456604003906,-136.78440856933594,2578.9921875,74.75851440429688,-283.42474365234375,2593.352783203125,80.03202056884766,-506.8403015136719,2574.36865234375,113.99131774902344,-469.4067077636719,2577.439697265625,238.1497039794922,-397.6878662109375,2542.08447265625,235.8381500244141,-135.70826721191406,2428.6865234375,203.39486694335935,72.38258361816406,2314.4248046875,193.40744018554688,160.04342651367188,2268.475341796875,191.1374053955078,257.8158264160156,2214.661865234375,160.80780029296875,205.8742218017578,2280.59228515625,44.518192291259766,-470.6219482421875,2579.727294921875,-87.75450134277344,-442.5797729492187,2566.498291015625,-103.2002182006836,-155.33665466308594,2523.33154296875,95.16590118408205,-181.8494415283203,2386.142578125,131.89556884765625,-239.21046447753903,2303.48193359375,165.0789031982422,-222.72618103027344,2200.205810546875,158.77542114257812,-217.27081298828125,2272.69140625,169.42355346679688,47.21658706665039,2576.71923828125,243.1823272705078,454.11029052734375,2582.821533203125,227.05702209472656,831.2963256835938,2699.82373046875,267.0835876464844,960.132568359375,2561.065185546875,-9.578771591186523,47.78047180175781,2583.6484375,-31.406394958496097,459.68121337890625,2560.551513671875,-62.48541641235352,838.9315795898438,2681.902099609375,-113.27371215820312,956.233642578125,2557.94189453125,81.5150146484375,-588.600341796875,2553.52783203125,106.99478912353516,-513.8414916992188,2407.51953125,126.8088836669922,-567.8558349609375,2413.290771484375,166.6982421875,-642.0989379882812,2513.53076171875,74.50861358642578,-556.268310546875,2406.38232421875,-2.6932506561279297,-624.4929809570312,2494.163818359375
77.46951293945312,46.09226989746094,2579.439208984375,76.19406127929688,-137.5282745361328,2578.464111328125,75.78340148925781,-283.63226318359375,2592.749755859375,79.59579467773438,-506.1524963378906,2572.637451171875,113.67082214355467,-469.0820007324219,2575.772705078125,238.37030029296875,-399.08642578125,2541.134033203125,238.70046997070312,-136.07228088378906,2432.855224609375,207.0306701660156,72.85041809082031,2321.7783203125,199.86195373535156,160.7928924560547,2276.636474609375,198.30734252929688,262.4952087402344,2231.653564453125,162.6456298828125,214.8581390380859,2304.9033203125,44.4549674987793,-469.87890625,2578.295166015625,-87.40853118896484,-441.60345458984375,2566.68603515625,-100.80237579345705,-155.42575073242188,2522.938232421875,93.62516021728516,-174.61355590820312,2380.560302734375,133.96522521972656,-221.55726623535156,2293.62890625,169.30484008789062,-212.17111206054688,2190.6064453125,166.90904235839844,-217.7935791015625,2281.09375,171.24270629882812,45.460899353027344,2575.677490234375,249.86392211914065,449.9424743652344,2574.73828125,243.44140625,824.31982421875,2696.70166015625,259.68939208984375,957.744873046875,2558.447265625,-7.089905261993408,46.66160583496094,2582.8310546875,-27.07369613647461,457.048095703125,2558.2177734375,-62.264671325683594,834.8702392578125,2678.078125,-112.1268310546875,955.7714233398438,2558.2041015625,80.49634552001953,-587.5084838867188,2551.436767578125,105.9615478515625,-517.7822875976562,2403.637939453125,125.20757293701172,-571.5868530273438,2410.960693359375,164.6728057861328,-642.8383178710938,2512.89892578125,73.18331146240234,-559.7496337890625,2403.9384765625,-4.003206253051758,-624.2479858398438,2493.762451171875
77.28750610351562,47.15129470825195,2580.6953125,75.15829467773438,-136.76316833496094,2580.24365234375,74.02243041992188,-283.1874694824219,2593.648193359375,79.83600616455078,-505.4457702636719,2567.86181640625,113.62667846679688,-468.0495910644531,2571.494140625,237.3513641357422,-395.520263671875,2537.55859375,230.99559020996097,-133.19728088378906,2426.601318359375,194.00128173828125,74.11426544189453,2313.3349609375,190.49945068359375,156.5190887451172,2258.0869140625,164.0242462158203,256.8665466308594,2217.60107421875,155.2567901611328,205.47882080078125,2280.72607421875,44.348690032958984,-469.6363525390625,2574.892822265625,-88.31024169921875,-442.77252197265625,2567.013916015625,-100.42975616455078,-155.83103942871094,2524.787353515625,90.6279067993164,-170.80941772460938,2376.783203125,132.63470458984375,-223.04180908203125,2293.52099609375,169.28579711914062,-207.75653076171875,2191.47802734375,165.01870727539062,-206.01901245117188,2270.431640625,171.20777893066406,46.073341369628906,2576.87890625,250.185546875,451.077392578125,2568.1298828125,249.42420959472656,825.3765258789062,2692.552490234375,254.1418914794922,963.6483154296876,2557.791259765625,-7.404543399810791,48.123329162597656,2584.13671875,-25.34508514404297,459.1188354492187,2556.994873046875,-64.29261016845703,835.3262939453125,2682.78466796875,-111.91926574707033,952.1029663085938,2557.601318359375,81.28514099121094,-586.364501953125,2544.57568359375,100.38467407226562,-521.4008178710938,2393.3837890625,121.38400268554688,-574.4421997070312,2402.070068359375,165.93862915039062,-640.87548828125,2505.427490234375,68.77465057373047,-564.2701416015625,2396.22216796875,-3.967121124267578,-627.5604248046875,2490.81884765625
71.46450805664062,47.73521423339844,2580.423095703125,69.97949981689453,-137.11399841308594,2580.779052734375,69.38957214355469,-284.253662109375,2594.541259765625,81.37307739257812,-507.0400390625,2565.78369140625,114.25521087646484,-468.4714050292969,2569.030517578125,234.9306640625,-391.0167236328125,2531.910400390625,222.53765869140625,-121.8741226196289,2434.982177734375,184.3781890869141,93.82349395751952,2336.12451171875,164.75108337402344,178.47494506835938,2287.095947265625,153.7201385498047,279.1270751953125,2239.318603515625,168.0077667236328,239.3366241455078,2313.540771484375,44.81889343261719,-472.2471008300781,2574.183349609375,-89.30448913574219,-448.6638488769531,2569.400634765625,-107.93936157226562,-161.2885284423828,2522.64501953125,84.22200012207031,-169.1036376953125,2373.51806640625,131.66476440429688,-222.48777770996097,2293.266845703125,169.67825317382812,-195.3946228027344,2193.607666015625,171.2984619140625,-193.66412353515625,2267.62646484375,165.8487091064453,46.968990325927734,2576.27685546875,237.7774353027344,455.2236633300781,2561.432861328125,227.2210693359375,833.8241577148438,2678.5048828125,254.9466857910156,974.611083984375,2547.777099609375,-13.645879745483398,48.426151275634766,2584.162109375,-25.65318298339844,461.4917297363281,2553.6923828125,-66.86544799804688,838.3929443359375,2683.0234375,-111.84020233154295,956.8158569335938,2557.1318359375,84.7080307006836,-588.0135498046875,2541.367919921875,87.68962860107422,-517.72705078125,2390.4619140625,112.26219177246094,-569.9903564453125,2395.7763671875,169.02381896972656,-636.9033203125,2493.525146484375,58.61178970336914,-562.5774536132812,2394.552978515625,-2.8388514518737793,-632.6748046875,2493.246337890625
69.09358978271484,47.32106399536133,2580.5361328125,66.25594329833984,-134.7681121826172,2578.403076171875,64.25056457519531,-279.8760681152344,2590.1826171875,76.78387451171875,-499.6477966308594,2564.431640625,109.07421112060548,-461.8482666015625,2570.103759765625,237.0102996826172,-396.1986083984375,2545.233642578125,308.0887145996094,-125.6048355102539,2509.06591796875,255.0209197998047,33.96543884277344,2342.388916015625,218.198974609375,115.44300842285156,2301.54296875,182.5615234375,210.0635223388672,2257.447509765625,186.35121154785156,163.78854370117188,2332.306884765625,40.45403289794922,-465.06451416015625,2569.39892578125,-91.8400421142578,-442.2742004394531,2567.890380859375,-104.75267791748048,-159.12168884277344,2520.15380859375,87.89789581298828,-163.0034637451172,2377.46826171875,129.67257690429688,-181.92120361328125,2282.077880859375,164.18551635742188,-165.37039184570312,2180.635009765625,176.20321655273438,-165.48350524902344,2275.45849609375,162.1479949951172,45.8916130065918,2578.76904296875,216.48898315429688,450.0050659179687,2551.248291015625,195.13406372070312,826.9969482421875,2651.07958984375,254.64874267578125,970.4828491210938,2539.527587890625,-14.817669868469238,48.61005783081055,2582.12939453125,-24.191688537597656,456.328125,2563.776611328125,-69.07250213623047,829.6351318359375,2683.773193359375,-104.05200958251952,954.2938842773438,2564.62451171875,81.5007095336914,-579.6197509765625,2541.27978515625,115.7603988647461,-536.736083984375,2386.697265625,130.41378784179688,-589.5202026367188,2402.943359375,161.3510284423828,-645.87255859375,2515.260986328125,80.08638763427734,-575.2757568359375,2392.31494140625,-3.453861951828003,-618.4376220703125,2487.43359375
60.2346305847168,45.3580322265625,2567.2294921875,62.03660583496094,-134.35865783691406,2575.65673828125,64.82447052001953,-277.67828369140625,2587.556640625,78.67725372314453,-494.4576110839844,2560.083740234375,110.33261108398438,-456.6897583007813,2563.9609375,238.57579040527344,-397.2108154296875,2535.6689453125,335.2353515625,-137.56898498535156,2505.45751953125,271.15338134765625,6.559684753417969,2332.732177734375,229.26670837402344,87.87541198730469,2300.113525390625,191.48585510253903,184.68751525878903,2267.322509765625,202.37210083007812,135.01039123535156,2336.56591796875,42.67665100097656,-460.838134765625,2567.37744140625,-88.21510314941406,-440.0320739746094,2572.37060546875,-110.51858520507812,-161.1269989013672,2523.88525390625,76.49877166748047,-159.18536376953125,2378.529541015625,132.85321044921875,-182.7646484375,2293.667724609375,179.50942993164062,-162.85501098632812,2199.3271484375,172.28367614746094,-166.72296142578125,2288.96240234375,149.21559143066406,45.162071228027344,2544.023193359375,80.68535614013672,400.4003601074219,2364.815185546875,17.971328735351562,762.0364990234375,2483.841552734375,-28.893007278442383,911.7037963867188,2378.489990234375,-20.003419876098633,45.53474044799805,2588.155517578125,-31.95654296875,446.89794921875,2550.4697265625,-62.682769775390625,812.7906494140625,2681.650146484375,-102.2558822631836,943.6361694335938,2574.274658203125,83.04144287109375,-573.26708984375,2536.487548828125,121.41797637939452,-540.818603515625,2382.421142578125,108.95211791992188,-594.3932495117188,2395.100830078125,116.05570220947266,-666.8622436523438,2500.188720703125,72.38275146484375,-556.6768188476562,2390.580078125,-12.686901092529297,-560.3232421875,2491.623046875
64.50582122802734,31.92834854125977,2553.90966796875,66.29833984375,-143.0874481201172,2569.300048828125,67.79854583740234,-282.98760986328125,2581.781494140625,81.67324829101562,-496.0277404785156,2570.06005859375,112.4972915649414,-458.8813171386719,2570.476806640625,234.89654541015625,-399.50921630859375,2534.23193359375,335.4085693359375,-148.69248962402344,2501.752685546875,284.0836181640625,-8.818984031677246,2328.615234375,238.9777069091797,67.66184997558594,2295.307861328125,203.14602661132812,166.61856079101562,2279.560302734375,215.55789184570312,116.1353530883789,2342.257080078125,46.53722381591797,-462.8671875,2575.566650390625,-80.9970932006836,-440.3474426269531,2577.08740234375,-110.2258758544922,-170.8444366455078,2518.697265625,76.4789047241211,-153.1541290283203,2383.29736328125,130.56983947753906,-181.2198486328125,2301.366943359375,171.89166259765625,-163.0361328125,2207.01171875,166.4029998779297,-175.67347717285156,2300.107421875,148.55111694335938,30.013113021850582,2522.340576171875,80.01378631591797,398.644775390625,2400.448486328125,19.29497718811035,769.785400390625,2423.735107421875,-48.276947021484375,882.898681640625,2294.587890625,-11.281519889831545,33.65540313720703,2582.377197265625,-37.85298156738281,424.38531494140625,2540.735595703125,-56.91877746582031,782.7675170898438,2667.920166015625,-103.0862808227539,922.805419921875,2583.822998046875,85.76910400390625,-574.4432373046875,2552.562744140625,120.46393585205078,-539.8054809570312,2402.095703125,110.14472198486328,-592.6328735351562,2413.985595703125,120.56075286865234,-664.32080078125,2515.669921875,73.20419311523438,-556.9411010742188,2410.407958984375,-8.571173667907715,-564.361328125,2509.944580078125
64.70401763916016,31.01819229125977,2554.549072265625,66.19444274902344,-143.81884765625,2568.2841796875,67.7285385131836,-283.5144958496094,2580.177978515625,82.3919448852539,-496.11669921875,2568.5224609375,113.01097106933594,-458.9129028320313,2568.79296875,232.65057373046875,-396.62310791015625,2529.360595703125,294.8275451660156,-145.95443725585938,2445.112060546875,235.7061309814453,-34.94480895996094,2254.932861328125,205.91949462890625,54.90189743041992,2253.92431640625,211.00778198242188,158.1627960205078,2278.3095703125,223.58119201660156,87.15392303466797,2331.589111328125,47.20867156982422,-463.1559753417969,2574.148681640625,-80.12646484375,-440.9021606445313,2576.21630859375,-109.962158203125,-172.00038146972656,2517.744140625,75.7641830444336,-153.37242126464844,2381.84033203125,130.29159545898438,-182.4350128173828,2300.78173828125,171.2992401123047,-162.66542053222656,2206.81884765625,163.7315216064453,-174.0029754638672,2295.797607421875,148.65940856933594,29.27059555053711,2523.19384765625,75.90907287597656,401.0008850097656,2416.396240234375,20.61258316040039,770.171630859375,2462.394775390625,-53.02837371826172,890.7450561523438,2344.261474609375,-11.002249717712402,32.594078063964844,2582.8232421875,-35.33839416503906,423.0712585449219,2544.301513671875,-23.02712631225586,776.383056640625,2683.8427734375,-76.77995300292969,918.2250366210938,2608.333740234375,86.72542572021484,-574.381591796875,2551.07763671875,120.3957977294922,-539.8150634765625,2400.66259765625,110.38118743896484,-592.577392578125,2412.63916015625,121.62957763671876,-663.9877319335938,2514.15283203125,73.33956146240234,-557.108642578125,2409.233154296875,-7.715057373046875,-564.7560424804688,2509.038818359375
58.93523025512695,34.06053161621094,2556.91357421875,55.73082733154297,-145.63401794433594,2573.87548828125,59.12388610839844,-287.25958251953125,2601.415771484375,86.87628173828125,-501.68646240234375,2562.55224609375,115.6680145263672,-461.32525634765625,2563.89453125,222.8125762939453,-373.8690185546875,2521.532958984375,192.8922882080078,-107.35425567626952,2442.39990234375,148.32215881347656,107.48800659179688,2359.1259765625,125.91311645507812,192.2623291015625,2316.64404296875,92.99890899658205,277.86309814453125,2257.1162109375,118.82966613769533,213.5166931152344,2270.10888671875,49.449256896972656,-471.4872131347656,2576.089599609375,-81.02111053466797,-445.9023742675781,2581.622802734375,-103.67736053466795,-168.9065399169922,2518.903076171875,71.23429870605469,-128.6484375,2363.125244140625,133.9058380126953,-193.11935424804688,2309.070068359375,183.18194580078125,-163.87950134277344,2218.148681640625,155.1698760986328,-163.3804473876953,2268.483642578125,143.95388793945312,29.19292449951172,2521.40771484375,78.93473815917969,419.9639892578125,2436.772705078125,53.57734680175781,795.5156860351562,2527.278076171875,156.0092315673828,912.1595458984376,2418.487548828125,-17.72983741760254,38.44986343383789,2588.930908203125,-22.323610305786133,438.8810424804687,2530.849609375,133.49269104003906,784.9813842773438,2625.60693359375,151.36497497558594,955.0020141601562,2591.094970703125,94.4469223022461,-579.2440185546875,2534.9931640625,69.92620086669922,-521.9202270507812,2384.826904296875,100.0547103881836,-569.6346435546875,2389.6494140625,174.74952697753906,-621.48046875,2480.13330078125,47.48698425292969,-568.0256958007812,2395.3818359375,8.997841835021973,-634.9619750976562,2503.1513671875
65.13050842285156,34.4739990234375,2548.4970703125,59.960445404052734,-143.14442443847656,2566.763671875,63.77425003051758,-282.9422912597656,2595.669921875,79.172607421875,-496.96282958984375,2560.8642578125,109.84500122070312,-458.6549377441406,2561.336181640625,231.9718780517578,-397.4898986816406,2518.549560546875,291.4486083984375,-130.39305114746094,2477.5732421875,196.37066650390625,40.20823669433594,2351.93359375,159.7258758544922,118.21721649169922,2308.719970703125,103.32290649414062,207.7498016357422,2286.1865234375,147.3841552734375,150.83055114746094,2295.093017578125,43.93672180175781,-464.8350524902344,2573.911865234375,-85.42276000976562,-441.85064697265625,2582.6513671875,-111.95111083984376,-168.75245666503906,2517.882080078125,49.28468322753906,-128.91482543945312,2351.388916015625,116.01634979248048,-199.97250366210935,2315.690185546875,194.5352783203125,-161.7228546142578,2255.02099609375,141.0233612060547,-180.4981384277344,2286.079345703125,145.15432739257812,27.67954444885254,2505.079345703125,85.75688171386719,412.3446350097656,2409.286376953125,107.25980377197266,791.8631591796875,2456.742431640625,60.62030029296875,958.9900512695312,2385.48486328125,-7.030494689941406,40.600860595703125,2587.6484375,59.60770034790039,424.70892333984375,2496.29052734375,181.03021240234375,773.931640625,2610.97509765625,223.50848388671875,940.81103515625,2599.56396484375,82.22388458251953,-574.4716186523438,2534.928955078125,60.42365646362305,-552.7919921875,2377.002685546875,110.97506713867188,-570.3550415039062,2393.641845703125,179.8701629638672,-559.3056030273438,2499.674560546875,69.04486846923828,-601.649169921875,2391.907958984375,57.8154182434082,-671.9754028320312,2502.080078125
67.82308197021484,36.80179214477539,2550.373291015625,63.45085906982422,-142.90231323242188,2564.953857421875,69.57371520996094,-284.0168151855469,2593.882080078125,79.90997314453125,-501.3903503417969,2565.451416015625,111.64153289794922,-463.36810302734375,2563.88134765625,235.85791015625,-407.0587158203125,2516.108642578125,319.71051025390625,-143.3521270751953,2477.844482421875,216.72560119628903,6.160304069519043,2329.4794921875,176.0467529296875,91.24091339111328,2305.35888671875,114.1420440673828,181.1895446777344,2302.467041015625,167.5290985107422,130.0672149658203,2298.791259765625,45.33938980102539,-467.81689453125,2578.448486328125,-84.83045959472656,-443.4083251953125,2590.00732421875,-118.67633819580078,-171.57456970214844,2512.689208984375,38.100868225097656,-130.03179931640625,2339.288818359375,110.30661010742188,-202.87384033203125,2317.717529296875,189.76937866210935,-160.0306396484375,2259.599853515625,133.80117797851562,-180.31069946289065,2279.71728515625,148.5526580810547,31.256500244140625,2506.236083984375,101.76355743408205,429.3935852050781,2450.793701171875,149.3893585205078,788.019775390625,2587.55419921875,123.7839126586914,974.9740600585938,2603.573974609375,-4.974335670471191,41.80222702026367,2590.174072265625,63.35782241821289,432.1339721679687,2510.20068359375,185.11569213867188,776.401611328125,2649.49462890625,223.7980194091797,945.9937744140624,2639.44189453125,80.75690460205078,-580.494140625,2541.772705078125,59.72317886352539,-551.0194091796875,2383.421875,109.9019775390625,-571.7451171875,2399.35888671875,179.9282684326172,-568.23291015625,2506.62890625,66.16850280761719,-601.2747802734375,2396.391845703125,51.63113021850586,-676.2451171875,2504.606201171875
70.3969955444336,45.32552337646485,2559.077880859375,67.08148193359375,-137.24295043945312,2571.3291015625,72.36722564697266,-280.9331970214844,2598.363525390625,86.17546844482422,-500.4641418457031,2563.521240234375,117.98287963867188,-461.5276489257813,2564.05224609375,242.6441650390625,-389.3550720214844,2536.588623046875,232.10052490234375,-121.70997619628906,2443.789306640625,181.69032287597656,88.16876983642578,2343.708251953125,148.2095947265625,171.14083862304688,2301.85498046875,99.33946228027344,268.71484375,2282.4365234375,127.49210357666016,196.01109313964844,2283.3359375,50.32832717895508,-467.14947509765625,2576.5751953125,-82.4610595703125,-447.2410583496094,2589.601318359375,-128.166015625,-173.47360229492188,2509.67333984375,-1.4273077249526978,-122.96498107910156,2311.091064453125,52.4859504699707,-213.7603759765625,2298.398193359375,145.375244140625,-170.3289337158203,2261.580322265625,72.4193115234375,-181.41766357421875,2245.782470703125,155.48362731933594,41.188438415527344,2520.453125,144.2814483642578,447.1825866699219,2459.71630859375,213.3346405029297,781.337646484375,2653.6337890625,206.34063720703125,972.8726196289062,2667.631591796875,-6.329372406005859,49.056121826171875,2593.90771484375,27.8348445892334,442.23779296875,2481.998046875,140.17355346679688,773.8068237304688,2668.36181640625,167.12030029296875,943.8001098632812,2708.82958984375,88.66582489013672,-579.9890747070312,2537.231689453125,60.65959548950195,-540.7147216796875,2379.612548828125,95.2851104736328,-585.3905639648438,2389.701416015625,174.2109375,-621.0279541015625,2486.716064453125,41.98917770385742,-587.9017333984375,2395.152587890625,7.759258270263672,-647.046875,2510.885009765625
75.61082458496094,45.088287353515625,2564.18408203125,68.06598663330078,-136.38038635253906,2568.960205078125,71.66354370117188,-279.3008728027344,2594.623779296875,85.07096099853516,-496.69635009765625,2556.615966796875,116.7215805053711,-458.11712646484375,2557.8681640625,237.41737365722656,-379.90826416015625,2535.28076171875,216.867431640625,-117.49813079833984,2435.683349609375,167.95314025878906,87.90345764160156,2329.806640625,147.20330810546875,183.5909881591797,2324.32861328125,113.7814483642578,283.2767333984375,2291.8466796875,153.4333953857422,221.34033203125,2270.708740234375,49.50151824951172,-463.7616271972656,2569.977294921875,-82.65065002441406,-448.7679748535156,2585.734619140625,-138.924072265625,-179.94537353515625,2503.309814453125,-24.90444564819336,-106.07058715820312,2306.444580078125,28.74785804748535,-195.04034423828125,2287.612060546875,115.93855285644533,-142.6603546142578,2250.819580078125,66.84396362304688,-142.24940490722656,2235.662841796875,160.6448516845703,40.57807922363281,2527.146728515625,138.45361328125,443.6531066894531,2470.06640625,210.9265594482422,776.7002563476562,2658.86181640625,185.96881103515625,963.9010009765624,2685.92333984375,-1.0681003332138062,49.15534210205078,2597.58251953125,33.012840270996094,440.5455932617187,2490.276123046875,37.13633728027344,810.465576171875,2625.070556640625,-12.23568630218506,978.75,2617.680908203125,87.48176574707031,-575.2268676757812,2529.271728515625,80.47218322753906,-538.6561889648438,2369.9189453125,106.20841979980467,-587.4493408203125,2384.275390625,168.87928771972656,-630.8745727539062,2488.46044921875,53.31818389892578,-581.3217163085938,2384.700439453125,0.1492665559053421,-629.2548828125,2497.3037109375
81.21116638183594,33.156925201416016,2570.384521484375,74.38129425048828,-145.81649780273438,2570.99267578125,73.37764739990234,-287.5137023925781,2591.559326171875,79.5793228149414,-501.7029113769531,2551.693359375,112.18172454833984,-464.9631958007813,2554.62646484375,237.95962524414065,-397.0851440429687,2541.652099609375,222.03759765625,-154.53005981445312,2407.94287109375,179.87026977539062,37.634639739990234,2283.3974609375,163.59986877441406,131.9695587158203,2296.863037109375,128.58201599121094,234.59422302246097,2299.92138671875,156.64036560058594,177.10494995117188,2266.701171875,45.34101104736328,-468.028076171875,2563.970947265625,-85.03089904785156,-454.5707702636719,2579.872802734375,-142.29873657226562,-187.56443786621097,2506.849853515625,-18.18174171447754,-82.53068542480469,2336.08349609375,-4.2012128829956055,-153.88314819335938,2261.602294921875,76.7091293334961,-99.19002532958984,2218.807861328125,32.52865219116211,-120.73546600341795,2227.423828125,170.5618896484375,29.680599212646484,2550.794189453125,157.80596923828125,428.370849609375,2501.703125,180.02578735351562,773.2545166015625,2669.30712890625,165.1192626953125,956.8937377929688,2707.06884765625,0.6396770477294922,36.29167938232422,2588.0498046875,44.30936813354492,425.7097473144531,2500.72509765625,4.269369125366211,792.9215087890625,2619.898193359375,-13.848958015441896,964.694580078125,2630.269775390625,79.93993377685547,-578.8164672851562,2523.79150390625,95.28922271728516,-525.5737915039062,2372.2880859375,117.28900909423828,-575.91162109375,2384.102783203125,163.48492431640625,-632.1298828125,2488.51904296875,65.74366760253906,-567.86279296875,2378.328369140625,-2.39957857131958,-624.8123168945312,2475.35693359375
72.85846710205078,39.63877487182617,2599.858642578125,71.05122375488281,-142.0947723388672,2601.412109375,69.33973693847656,-287.1866149902344,2593.83544921875,77.86636352539062,-504.114501953125,2551.55615234375,110.77578735351562,-467.0556945800781,2557.636474609375,248.5547332763672,-420.0030517578125,2554.23974609375,258.7928466796875,-154.0048065185547,2462.619140625,161.7752227783203,14.79506492614746,2328.73876953125,168.46620178222656,112.56392669677734,2324.31103515625,198.6361083984375,218.05140686035156,2333.2353515625,198.17758178710935,140.8760223388672,2277.431884765625,42.38747787475586,-469.8840637207031,2561.537109375,-89.89179992675781,-455.8464050292969,2577.4892578125,-141.4542236328125,-180.69627380371097,2514.91845703125,-8.782729148864746,-78.88446807861328,2343.79052734375,-10.385465621948242,-155.3302764892578,2270.922119140625,66.61360931396484,-94.9786148071289,2224.702880859375,41.2153205871582,-119.26896667480467,2227.09326171875,165.70126342773438,38.69133377075195,2597.030029296875,87.85176849365234,426.33447265625,2497.0107421875,189.8687438964844,757.7123413085938,2675.05419921875,234.26223754882812,936.1464233398438,2623.924560546875,-10.861970901489258,40.493125915527344,2602.4091796875,86.8080825805664,416.229736328125,2478.892578125,-19.76897621154785,769.4180297851562,2616.84423828125,-55.09380340576172,937.4873657226562,2580.27392578125,80.16133880615234,-582.052734375,2522.477294921875,100.43671417236328,-525.33056640625,2370.262451171875,119.50401306152344,-577.9551391601562,2381.1484375,161.83106994628906,-640.3282470703125,2486.015625,67.84769439697266,-566.4739379882812,2375.08056640625,-5.60779333114624,-622.3328857421875,2471.517333984375
72.72168731689453,20.59461212158203,2579.06201171875,69.51992797851562,-152.3553466796875,2567.52685546875,68.63275146484375,-290.13165283203125,2582.551025390625,72.043701171875,-497.3216247558594,2542.942138671875,104.2247314453125,-462.6300048828125,2548.369873046875,239.18858337402344,-430.1796569824219,2543.041015625,266.65826416015625,-165.62240600585938,2506.099853515625,152.7558135986328,-13.85207462310791,2384.490234375,169.1721954345703,74.99810791015625,2360.16357421875,190.46827697753903,175.8984375,2340.396484375,186.2406768798828,93.17279052734376,2301.5615234375,38.979469299316406,-463.9215087890625,2552.59619140625,-87.45132446289062,-448.89837646484375,2563.58837890625,-149.9414825439453,-186.98513793945312,2515.00390625,-20.741254806518555,-84.05696868896484,2357.51025390625,-23.62700080871582,-149.86399841308594,2281.275390625,41.94068145751953,-82.91539764404297,2238.0224609375,33.711395263671875,-111.41927337646484,2240.6611328125,161.10980224609375,19.36331367492676,2572.989990234375,93.64019775390624,377.0135192871094,2435.61572265625,45.94911575317383,703.1004638671875,2607.7099609375,-3.086350917816162,878.25830078125,2600.258056640625,-6.981752872467041,21.704927444458008,2584.53759765625,64.13139343261719,386.0030822753906,2469.46484375,67.32646179199219,742.7998657226562,2587.077880859375,65.63765716552734,901.0387573242188,2532.2080078125,72.43465423583984,-571.7933349609375,2515.469482421875,90.52362060546876,-532.398681640625,2365.459716796875,113.56739807128906,-578.8611450195312,2381.846923828125,156.8205108642578,-622.1345825195312,2488.76806640625,63.621036529541016,-574.0244750976562,2373.89501953125,-3.297595262527466,-624.019287109375,2469.97998046875
72.66795349121094,27.0906982421875,2583.476318359375,68.29536437988281,-147.05599975585938,2570.0859375,66.51258850097656,-286.4193420410156,2579.2626953125,67.78568267822266,-496.86383056640625,2548.990478515625,100.5969696044922,-462.15826416015625,2553.791015625,238.1003265380859,-436.3314514160156,2558.744384765625,280.0110168457031,-182.7689971923828,2473.961669921875,179.29824829101562,-66.29751586914062,2306.978271484375,167.1000213623047,26.93576431274414,2314.151611328125,181.22378540039065,130.22547912597656,2332.302978515625,184.67074584960935,59.54726791381836,2316.814697265625,34.73745346069336,-462.3161010742187,2556.2236328125,-92.63409423828124,-446.4041442871094,2566.722412109375,-150.89199829101562,-181.463623046875,2517.240234375,-18.599807739257812,-82.73371124267578,2357.06005859375,-22.913389205932617,-148.97714233398438,2280.23046875,39.42867660522461,-82.83293914794922,2229.661865234375,29.712312698364254,-113.79747009277344,2237.6005859375,161.61814880371094,25.44743537902832,2575.801025390625,86.51431274414062,384.4570617675781,2437.31640625,39.15386962890625,716.8192138671875,2603.6884765625,-1.5716328620910645,895.1049194335938,2618.342041015625,-7.542342185974121,28.572500228881836,2590.3974609375,32.75171661376953,391.5279846191406,2448.920654296875,19.593994140625,735.240234375,2607.177490234375,7.809358596801758,903.2874145507812,2617.832763671875,67.77425384521484,-573.1051025390625,2524.765869140625,108.99783325195312,-527.3202514648438,2379.9619140625,126.34687042236328,-576.6275024414062,2396.467529296875,151.77944946289062,-629.0128173828125,2506.11279296875,78.03144836425781,-567.3565063476562,2382.278076171875,-5.284313201904297,-617.0835571289062,2466.23876953125
74.71846008300781,27.770845413208008,2577.66845703125,70.97264099121094,-150.10728454589844,2570.805908203125,68.12574005126953,-291.64825439453125,2585.616455078125,71.16297912597656,-505.5528869628906,2551.229736328125,104.30281066894533,-470.1705017089844,2557.76611328125,244.4785614013672,-444.0484313964844,2562.493408203125,289.1721496582031,-185.98622131347656,2476.080810546875,172.6266326904297,-104.6639633178711,2293.3681640625,178.7246551513672,-13.807445526123049,2262.6552734375,173.7764892578125,90.0262222290039,2233.962158203125,176.7213897705078,15.424355506896973,2303.68896484375,37.14260482788086,-470.578369140625,2558.124755859375,-92.7201690673828,-452.6705017089844,2564.5322265625,-150.80145263671875,-180.45762634277344,2525.897216796875,-12.290820121765137,-85.39583587646484,2362.424560546875,-24.430633544921875,-150.083740234375,2282.58154296875,35.90623474121094,-82.39134216308594,2227.69189453125,26.009239196777344,-118.42742919921876,2236.814453125,165.69680786132812,25.878124237060547,2577.068359375,102.49514770507812,387.701904296875,2419.8466796875,26.988595962524418,719.6880493164062,2592.707763671875,-13.872912406921388,897.4028930664062,2633.986328125,-7.320724487304688,29.477596282958984,2578.209716796875,38.34624481201172,393.7063903808594,2421.5634765625,62.915794372558594,736.8175048828125,2596.353759765625,79.88603973388672,904.374267578125,2631.381591796875,72.2070541381836,-582.8211059570312,2525.2548828125,108.87782287597656,-525.61279296875,2379.99462890625,128.65542602539062,-576.1598510742188,2393.194580078125,159.17169189453125,-635.4606323242188,2500.70849609375,78.77814483642578,-567.5633544921875,2380.504150390625,-2.184908866882324,-626.4210815429688,2464.639892578125
75.07771301269531,32.182899475097656,2569.862060546875,70.23773956298828,-147.97625732421875,2567.124267578125,67.87315368652344,-290.8028869628906,2586.06982421875,69.95133972167969,-508.1486206054687,2556.606201171875,103.6691665649414,-472.3027038574219,2562.123291015625,246.16651916503903,-450.7951049804687,2571.655029296875,298.5819091796875,-189.02084350585935,2489.95654296875,174.7144012451172,-148.78770446777344,2295.1552734375,177.39776611328125,-51.63739776611328,2299.52685546875,151.47940063476562,45.36305236816406,2256.66796875,178.2435302734375,-22.21432304382324,2319.567626953125,35.683658599853516,-472.453125,2562.926513671875,-96.05915832519533,-456.7342224121094,2570.011474609375,-153.24903869628906,-181.47328186035156,2526.586669921875,-25.285139083862305,-85.0891342163086,2351.533203125,-40.92125701904297,-154.99212646484375,2275.103271484375,22.398910522460938,-87.14541625976562,2221.235107421875,30.656497955322266,-115.44281005859376,2225.333251953125,166.946044921875,29.812217712402344,2563.4560546875,108.6333999633789,395.4379577636719,2400.645751953125,84.12440490722656,725.8480834960938,2599.75,79.10845947265625,909.5528564453124,2645.03515625,-7.764004230499268,34.32064437866211,2575.638671875,38.773719787597656,402.0368347167969,2414.838134765625,16.676610946655273,741.5178833007812,2606.771728515625,3.952312231063843,908.9353637695312,2652.96435546875,70.56034851074219,-586.9987182617188,2532.24755859375,116.50487518310548,-528.8914184570312,2387.787353515625,135.3626708984375,-580.2467041015625,2402.099365234375,159.5067138671875,-640.8426513671875,2512.32373046875,85.75746154785156,-571.1395874023438,2386.39501953125,-1.3942196369171145,-630.3978881835938,2466.49072265625
74.66524505615234,31.914186477661133,2544.893798828125,71.73526763916016,-145.41282653808594,2549.594482421875,66.66425323486328,-285.3609313964844,2572.078857421875,71.14561462402344,-499.5721130371094,2545.520263671875,103.86153411865234,-464.0560302734375,2552.160400390625,243.9900665283203,-440.1318664550781,2551.55615234375,315.3641357421875,-176.3082733154297,2522.905029296875,182.19580078125,-191.8767547607422,2335.23046875,169.4691619873047,-97.8118133544922,2322.609375,151.4913787841797,-0.7612258195877075,2280.13330078125,119.50035858154295,-110.1934585571289,2265.014404296875,36.985130310058594,-464.55572509765625,2549.731201171875,-91.58084106445312,-440.80364990234375,2552.86328125,-159.89303588867188,-169.34034729003906,2546.260498046875,-20.80339241027832,-117.7108917236328,2365.867431640625,-78.80925750732422,-116.59038543701172,2280.63525390625,0.1276805996894836,-108.2571258544922,2210.957275390625,11.63210678100586,-120.75458526611328,2233.537841796875,164.3697967529297,30.781394958496097,2558.074462890625,199.5064392089844,426.51165771484375,2532.51123046875,209.7717437744141,790.5390014648438,2642.671630859375,246.5889129638672,971.487548828125,2617.9970703125,-6.225273132324219,32.935672760009766,2533.008056640625,3.520855665206909,415.2214660644531,2423.865478515625,-59.01741409301758,761.444580078125,2578.9033203125,-72.84600830078125,929.349609375,2610.45849609375,73.27715301513672,-577.4276733398438,2522.439697265625,108.29408264160156,-526.66748046875,2375.022705078125,130.4217071533203,-575.1474609375,2391.091064453125,162.7429656982422,-626.5978393554688,2501.54931640625,80.47808074951172,-569.8707885742188,2377.63525390625,2.079770088195801,-627.9039306640625,2464.017822265625
80.17581176757812,29.44049644470215,2507.526123046875,76.05033111572266,-146.3004608154297,2529.73388671875,70.18212127685547,-282.6349182128906,2567.731201171875,72.47354125976562,-497.1023864746094,2545.568603515625,105.50482177734376,-461.8442077636719,2551.52978515625,244.37234497070312,-434.1225280761719,2541.31298828125,332.4593811035156,-176.5891876220703,2576.55859375,218.32728576660156,-232.96725463867188,2384.576171875,189.42225646972656,-144.65988159179688,2361.941162109375,159.1208953857422,-62.52388000488281,2299.874755859375,146.68118286132812,-172.6438751220703,2302.7998046875,38.71580123901367,-461.7012023925781,2549.0078125,-88.47687530517578,-432.0675354003906,2547.185302734375,-151.00250244140625,-159.63613891601562,2555.771728515625,-63.67559051513672,-110.64611053466795,2345.087646484375,-82.28543090820312,-136.51129150390625,2247.169921875,13.867959022521973,-117.09368896484376,2208.382568359375,-5.514919757843018,-123.73694610595705,2226.255615234375,169.99432373046875,28.789955139160156,2519.0634765625,203.8078155517578,424.7422790527344,2531.858154296875,209.54217529296875,789.1049194335938,2639.531494140625,243.43963623046875,970.6318969726562,2616.796630859375,-0.8175000548362732,30.027116775512695,2497.12255859375,-1.487276554107666,417.8945007324219,2411.660888671875,-59.56163024902344,760.2991943359375,2575.44970703125,-70.87767028808594,927.0621337890624,2612.40966796875,73.82707977294922,-575.3290405273438,2524.106689453125,112.57122802734376,-530.5597534179688,2375.904541015625,133.42832946777344,-578.7758178710938,2394.08154296875,162.60385131835938,-626.789306640625,2506.7568359375,83.92461395263672,-573.0673217773438,2379.481689453125,2.896282911300659,-626.463623046875,2466.17626953125
78.84246063232422,30.94615364074707,2491.3056640625,75.56745910644531,-145.4988250732422,2520.261474609375,69.29702758789062,-281.55572509765625,2563.731201171875,69.67774963378906,-498.2515563964844,2543.61572265625,103.30791473388672,-462.9341735839844,2549.59375,242.8765869140625,-432.1615295410156,2539.224609375,337.67266845703125,-174.50222778320312,2576.08251953125,214.0495452880859,-204.5724334716797,2381.48828125,130.3983917236328,-171.6925048828125,2416.67919921875,155.69699096679688,-148.4265594482422,2313.96240234375,120.0058135986328,-198.5950164794922,2310.27490234375,35.930259704589844,-462.1536865234375,2546.383544921875,-92.75202178955078,-433.6157531738281,2544.1884765625,-136.55035400390625,-157.60768127441406,2583.75146484375,-88.02566528320312,-83.42572784423828,2365.63818359375,-87.50432586669922,-84.61116790771484,2261.71630859375,17.754793167114258,-100.55503845214844,2262.856689453125,11.276647567749023,-96.44253540039062,2278.498291015625,168.83782958984375,31.891939163208008,2507.24755859375,198.36964416503903,430.5858154296875,2542.056396484375,205.16131591796875,799.8550415039062,2645.39990234375,248.80032348632812,979.632568359375,2613.13818359375,-2.310328245162964,30.093297958374023,2476.93017578125,0.228333294391632,423.7079162597656,2401.06689453125,-59.57452774047851,766.5701904296875,2571.553466796875,-70.9478530883789,934.25244140625,2611.6171875,70.47062683105469,-577.4365844726562,2522.782470703125,113.9549789428711,-531.3532104492188,2374.691650390625,135.4345245361328,-579.5230712890625,2393.830078125,161.82041931152344,-627.3031005859375,2508.588134765625,85.92160034179688,-574.9091186523438,2377.27880859375,2.2622010707855225,-630.6725463867188,2461.781982421875
79.63982391357422,39.35116958618164,2506.40576171875,76.99348449707031,-140.21885681152344,2527.1943359375,69.07416534423828,-279.8885803222656,2563.513427734375,68.98190307617188,-499.0429992675781,2544.184326171875,102.94437408447266,-463.4884643554687,2551.219970703125,244.99131774902344,-435.0699768066406,2551.349365234375,350.1452331542969,-176.81068420410156,2577.1083984375,188.4048309326172,-211.9919891357422,2410.244384765625,94.11663055419922,-187.9156188964844,2417.4384765625,80.51934814453125,-199.2603302001953,2309.382080078125,81.91661071777344,-202.27392578125,2318.941650390625,34.98539733886719,-462.362060546875,2545.65771484375,-95.5329360961914,-437.1223449707031,2536.27490234375,-138.37254333496094,-161.9683837890625,2598.4765625,-86.75846099853516,-61.39107131958008,2389.02783203125,-10.830595970153809,10.543152809143066,2379.069580078125,32.57857894897461,58.59468078613281,2293.1005859375,-7.978290557861328,34.07080841064453,2355.980224609375,168.34803771972656,41.03092956542969,2532.208251953125,209.73793029785156,444.5216064453125,2524.43798828125,206.69122314453125,808.908935546875,2656.836669921875,260.3594055175781,987.2283325195312,2619.935546875,-0.3522709012031555,37.83646011352539,2483.138916015625,12.684524536132812,430.7304382324219,2384.708251953125,-59.21307373046875,769.6372680664062,2567.653076171875,-72.47795104980469,937.3450927734376,2614.61767578125,70.07167053222656,-579.1932373046875,2523.521728515625,113.82853698730467,-525.8311157226562,2376.0322265625,134.3344268798828,-576.0918579101562,2392.479248046875,160.78814697265625,-631.324951171875,2505.407470703125,84.26781463623047,-569.1276245117188,2376.606689453125,-1.015376329421997,-627.642822265625,2459.85888671875
79.22367095947266,36.85438537597656,2508.178955078125,76.63920593261719,-142.3306884765625,2529.5283203125,68.83685302734375,-281.68475341796875,2566.074951171875,69.90047454833984,-500.4615783691406,2546.89453125,103.62981414794922,-464.77581787109375,2553.76953125,245.36265563964844,-436.09124755859375,2553.26123046875,354.0528564453125,-179.69581604003906,2577.575439453125,186.98480224609375,-214.11485290527344,2416.48291015625,94.42453002929688,-190.61947631835935,2435.687255859375,63.28385925292969,-201.9164581298828,2331.522705078125,63.08555603027344,-210.3923492431641,2352.5146484375,35.76436233520508,-464.0355224609375,2548.4755859375,-95.50702667236328,-443.4851379394531,2541.898681640625,-159.1654815673828,-169.0476531982422,2583.847900390625,-105.66218566894533,-106.87765502929688,2360.86376953125,-41.45376205444336,-76.54148864746094,2283.68212890625,39.074031829833984,-38.493553161621094,2223.591064453125,-72.70161437988281,-117.66156005859376,2235.771728515625,167.7838897705078,38.64179611206055,2533.901123046875,207.40982055664065,441.56097412109375,2524.616455078125,201.8692626953125,805.6885375976562,2655.6484375,251.46644592285156,985.4375,2621.830322265625,-0.6349682807922363,35.24259948730469,2484.98388671875,16.439926147460938,426.16845703125,2382.353759765625,-56.01426696777344,768.2742919921875,2557.485107421875,-69.10614776611328,936.742919921875,2600.4658203125,71.35929870605469,-580.474853515625,2526.305908203125,113.7903060913086,-526.293701171875,2379.043212890625,134.37049865722656,-576.5816040039062,2394.96240234375,161.7227020263672,-632.45068359375,2507.1044921875,84.26031494140625,-569.4999389648438,2379.597900390625,-0.1836307346820831,-628.3920288085938,2463.06787109375
72.69892120361328,31.50713157653809,2537.2958984375,68.81607055664062,-147.60549926757812,2557.532958984375,66.33467102050781,-291.031005859375,2571.613037109375,65.04792785644531,-508.7831115722656,2544.77734375,99.24858856201172,-473.5949401855469,2551.53759765625,241.05381774902344,-446.0332946777344,2552.926513671875,358.905029296875,-193.7142333984375,2573.817138671875,181.65582275390625,-223.98562622070312,2423.465087890625,105.18072509765624,-201.2859039306641,2479.196044921875,12.588858604431152,-223.6898651123047,2425.819580078125,41.458621978759766,-231.8025360107422,2420.370849609375,31.300086975097656,-472.2721557617187,2548.993896484375,-94.8145980834961,-430.855224609375,2542.451416015625,-211.7424468994141,-191.0340881347656,2641.359619140625,-154.871337890625,-174.29013061523438,2411.52392578125,-135.8388671875,-138.3189239501953,2314.97216796875,-107.41046905517578,-162.2311248779297,2214.27099609375,-93.29652404785156,-215.07147216796875,2319.9208984375,161.06402587890625,32.54132080078125,2563.403564453125,160.03945922851562,435.29974365234375,2525.147216796875,164.95254516601562,798.3043212890625,2658.18505859375,215.8485107421875,954.8993530273438,2564.748046875,-6.983779430389404,30.57455825805664,2513.753173828125,68.86564636230469,402.6085510253906,2375.31787109375,116.42374420166016,746.638427734375,2554.31201171875,213.24278259277344,888.2586669921875,2524.135498046875,65.10589599609375,-587.9490966796875,2521.378662109375,119.35680389404295,-522.0772094726562,2383.218505859375,137.46823120117188,-574.1647338867188,2395.80517578125,155.22706604003906,-640.7117919921875,2503.829345703125,88.83941650390625,-564.1741943359375,2377.716796875,-2.761334180831909,-627.656494140625,2449.209228515625
75.13710021972656,42.389801025390625,2532.114013671875,65.65037536621094,-137.7621612548828,2560.068603515625,64.18160247802734,-283.4559326171875,2568.47607421875,62.64446640014648,-504.7343444824219,2548.82958984375,97.2110824584961,-469.0301513671875,2555.6015625,240.56268310546875,-439.9512023925781,2554.313232421875,358.4148864746094,-183.5025177001953,2571.723876953125,179.27017211914062,-232.4138946533203,2423.9384765625,102.18640899658205,-208.02764892578125,2480.25927734375,16.154319763183594,-231.56076049804688,2414.91552734375,39.42101287841797,-239.1322021484375,2402.324951171875,28.54162979125977,-467.5040588378906,2550.6923828125,-101.4786605834961,-432.92724609375,2547.875244140625,-223.7996063232422,-193.46307373046875,2651.3486328125,-122.25265502929688,-182.0514984130859,2433.820068359375,-98.5848617553711,-153.78041076660156,2334.34130859375,-63.85468673706055,-161.07901000976562,2231.61865234375,-53.15303039550781,-200.3443145751953,2343.860595703125,160.62879943847656,43.68312454223633,2569.46142578125,192.8108062744141,446.8933410644531,2504.69287109375,166.48756408691406,796.6617431640625,2678.58056640625,257.634521484375,949.4990234375,2607.304443359375,-1.9545257091522217,41.22356033325195,2498.436279296875,111.93667602539062,371.7456359863281,2285.7578125,-30.451431274414062,710.8574829101562,2431.490966796875,-48.26426315307617,883.60498046875,2400.710693359375,63.07552719116211,-585.658935546875,2527.906982421875,120.00926208496094,-518.0576782226562,2389.25439453125,138.6285858154297,-570.644775390625,2402.22412109375,155.1829833984375,-638.1226196289062,2511.7685546875,89.651611328125,-560.9749755859375,2382.98974609375,-3.819815874099731,-626.3621826171875,2453.4296875
74.3641128540039,36.72723388671875,2529.771728515625,66.01252746582031,-142.34934997558594,2558.535400390625,62.030704498291016,-286.2384948730469,2577.218505859375,65.23652648925781,-504.0150146484375,2540.051025390625,98.65039825439452,-468.69384765625,2551.195556640625,241.33267211914065,-440.45654296875,2554.32275390625,360.2606506347656,-186.3326416015625,2573.55859375,189.1204833984375,-249.77674865722656,2423.885498046875,110.1319808959961,-223.97897338867188,2475.835693359375,24.312339782714844,-246.45135498046875,2410.852783203125,53.86676025390625,-258.1993713378906,2388.431640625,30.62669563293457,-467.730224609375,2543.29296875,-98.89888763427734,-434.2182312011719,2539.70703125,-230.9272918701172,-229.14942932128903,2690.13671875,-105.23739624023438,-176.0574493408203,2493.874267578125,-63.59190368652344,-152.29696655273438,2399.881103515625,-14.507390975952148,-157.2542266845703,2303.705810546875,-24.176128387451172,-181.59503173828125,2427.640869140625,153.28860473632812,40.85763931274414,2578.403076171875,209.9043426513672,434.73541259765625,2490.950927734375,177.4830322265625,785.638671875,2656.554931640625,242.10874938964844,964.1990966796876,2639.546630859375,3.1944215297698975,33.00266647338867,2485.9189453125,99.57318878173828,378.3228759765625,2293.302734375,-34.03782272338867,731.1936645507812,2404.863525390625,-60.69294738769531,903.321533203125,2425.630859375,68.01103210449219,-582.540283203125,2512.899658203125,108.7221221923828,-521.7786254882812,2366.633056640625,130.12841796875,-572.722900390625,2380.4619140625,159.3067626953125,-632.9994506835938,2490.73681640625,79.49833679199219,-565.5686645507812,2365.742919921875,-4.019260406494141,-629.0258178710938,2448.069580078125
81.14812469482422,37.99322509765625,2541.905517578125,74.31074523925781,-141.862060546875,2556.8837890625,64.89736938476562,-284.4731750488281,2577.40234375,66.09041595458984,-500.6575622558594,2537.802978515625,99.74498748779295,-465.84521484375,2548.647216796875,241.81005859375,-440.1940612792969,2558.767578125,353.8458251953125,-183.8600616455078,2560.304931640625,195.383056640625,-251.2824554443359,2400.6982421875,111.80215454101562,-222.5909423828125,2441.851806640625,52.32847595214844,-255.58152770996097,2356.1767578125,69.59132385253906,-260.0980224609375,2341.639892578125,31.944868087768555,-464.4124450683594,2542.13623046875,-97.45052337646484,-433.1741943359375,2544.48486328125,-221.1539764404297,-231.1987762451172,2703.08544921875,-93.76022338867188,-153.82435607910156,2517.831298828125,-47.62762451171875,-172.17369079589844,2425.356201171875,7.327661037445068,-176.58816528320312,2333.0458984375,-20.33195686340332,-203.12869262695312,2462.17724609375,164.94676208496094,38.031246185302734,2580.614501953125,208.6710968017578,432.48138427734375,2498.48291015625,189.7326202392578,787.809326171875,2651.449951171875,238.22459411621097,970.4173583984376,2635.00732421875,5.58320426940918,37.95894241333008,2506.999755859375,90.76522064208984,372.3391723632813,2295.271484375,-38.677974700927734,730.5562744140625,2385.34521484375,-67.51934814453125,902.3250122070312,2395.833984375,67.86106872558594,-578.4536743164062,2509.819091796875,108.49523162841795,-522.6052856445312,2362.536865234375,130.22227478027344,-572.5637817382812,2378.117919921875,159.2828369140625,-628.4471435546875,2489.933837890625,79.86595153808594,-566.4617919921875,2363.00244140625,-2.995148181915283,-627.5919189453125,2446.608642578125
82.25890350341797,29.69166374206543,2549.075439453125,74.21731567382812,-149.46234130859375,2563.369873046875,63.15074157714844,-290.4857482910156,2589.35546875,65.71455383300781,-503.5069580078125,2538.91064453125,98.87561798095705,-469.4440612792969,2552.439697265625,239.50863647460935,-438.3288269042969,2558.27734375,354.232177734375,-184.41549682617188,2562.628662109375,200.7763214111328,-255.80828857421875,2401.210693359375,118.17899322509766,-224.2422332763672,2441.33447265625,94.02550506591795,-259.5765380859375,2341.131103515625,91.58673095703124,-260.0458984375,2321.15087890625,31.550931930541992,-467.6630554199219,2544.10888671875,-96.57240295410156,-434.2425537109375,2536.757080078125,-221.91653442382812,-204.70909118652344,2647.308349609375,-53.28850555419922,-139.7737579345703,2494.197021484375,-5.025156021118164,-199.82127380371097,2423.51611328125,51.25307083129883,-233.9675445556641,2339.031982421875,12.281767845153809,-231.1783142089844,2456.2734375,169.7791290283203,28.008207321166992,2577.212158203125,205.92713928222656,424.5341491699219,2510.650390625,203.180419921875,788.7484741210938,2637.8837890625,239.86700439453125,972.974365234375,2617.81982421875,3.3380613327026367,31.2097110748291,2523.703369140625,67.47405242919922,371.5852966308594,2317.18359375,-41.66465377807617,741.5133056640625,2374.087646484375,-62.93436813354492,913.8477783203124,2366.484130859375,68.3633041381836,-579.4596557617188,2507.139404296875,118.5419692993164,-525.7247924804688,2362.740966796875,137.8441619873047,-576.009521484375,2379.610107421875,158.92091369628906,-631.9336547851562,2492.61572265625,88.79764556884766,-568.5756225585938,2361.753662109375,0.0256076455116271,-626.6787719726562,2440.490234375
80.98329162597656,30.53067398071289,2541.223388671875,73.54851531982422,-146.21168518066406,2554.944091796875,64.0400619506836,-285.6572570800781,2579.130615234375,64.28441619873047,-498.1609802246094,2540.88623046875,97.5337905883789,-464.0198364257813,2551.138916015625,236.05697631835935,-432.5160217285156,2556.73486328125,349.3916320800781,-182.3052215576172,2547.685546875,207.29103088378903,-244.07455444335935,2376.80615234375,119.4908218383789,-213.96212768554688,2400.376220703125,84.89842224121094,-252.73635864257812,2306.310791015625,86.23145294189453,-257.02557373046875,2314.55908203125,30.876468658447266,-462.4475708007813,2545.328125,-96.06206512451172,-431.8372497558594,2537.846923828125,-232.53057861328125,-198.0517120361328,2609.52490234375,-35.934940338134766,-146.816650390625,2494.2490234375,-7.064729690551758,-200.6070251464844,2411.149658203125,44.68161392211914,-232.25401306152344,2324.672119140625,-3.8256869316101074,-209.4045562744141,2402.5888671875,168.45578002929688,28.70231819152832,2565.06982421875,205.1409454345703,423.4241638183594,2528.072509765625,209.90109252929688,788.4127807617188,2635.51611328125,218.72442626953125,974.4950561523438,2638.456787109375,2.105504274368286,32.179386138916016,2519.719482421875,49.35800552368164,378.712890625,2330.350341796875,-15.14087200164795,756.2235717773438,2364.57421875,-21.620285034179688,926.4220581054688,2345.209228515625,65.57038116455078,-574.67822265625,2513.620361328125,125.24801635742188,-525.02978515625,2373.931640625,142.27947998046875,-574.6244506835938,2392.613525390625,154.71572875976562,-628.1270141601562,2506.097412109375,95.30736541748048,-566.8179321289062,2371.721923828125,1.8450543880462649,-621.3004760742188,2444.35595703125
78.58606719970703,36.52012634277344,2541.925048828125,70.08291625976562,-141.0460662841797,2551.4375,61.74742126464844,-282.46099853515625,2565.139892578125,63.50526809692383,-498.3726501464844,2547.46875,96.67677307128906,-463.0113830566406,2553.90478515625,235.322509765625,-430.3224182128906,2561.443603515625,355.1885681152344,-182.83580017089844,2540.92138671875,199.5910797119141,-243.17056274414065,2380.56640625,111.50617980957033,-207.60043334960935,2395.006103515625,66.14373779296875,-225.6691131591797,2298.873046875,78.07942962646484,-217.6730804443359,2312.626708984375,29.707809448242188,-462.5544738769531,2548.96240234375,-97.75523376464844,-433.2810363769531,2538.130859375,-238.94985961914065,-198.9547882080078,2602.1484375,-33.84648132324219,-159.83241271972656,2495.699462890625,-7.63494348526001,-201.0008087158203,2404.475341796875,46.15997695922851,-231.51284790039065,2318.408447265625,-8.493419647216797,-198.68829345703125,2385.40380859375,166.69863891601562,33.50535583496094,2564.412353515625,208.91705322265625,429.8907470703125,2538.34716796875,220.23829650878903,799.162841796875,2634.599609375,236.69448852539065,985.16064453125,2625.6572265625,-0.8689239621162415,39.23868179321289,2521.64697265625,7.954282760620117,426.4880981445313,2425.73095703125,-26.73969268798828,810.4478759765625,2440.171875,-21.73883819580078,979.401611328125,2408.37158203125,65.14688110351562,-577.412109375,2527.61181640625,138.4229736328125,-521.8419799804688,2396.260498046875,151.86370849609375,-573.3936767578125,2413.03125,152.6590118408203,-634.5093383789062,2523.786376953125,106.99358367919922,-562.1347045898438,2388.91064453125,5.352482318878174,-616.840576171875,2450.306640625
75.89165496826172,34.74449920654297,2538.08056640625,69.91441345214844,-141.69273376464844,2548.302734375,63.01719665527344,-281.8605041503906,2565.36083984375,66.4898681640625,-496.0517272949219,2544.916015625,99.13078308105467,-460.77447509765625,2552.01611328125,235.9631195068359,-425.8424682617187,2563.575439453125,354.5361633300781,-180.3822479248047,2536.830078125,200.70472717285156,-235.6826171875,2375.186279296875,115.1797866821289,-199.8024139404297,2397.72021484375,66.75642395019531,-225.02719116210935,2305.579833984375,79.04598236083984,-211.16925048828125,2307.527587890625,32.64350509643555,-460.7454528808594,2546.645751953125,-94.69256591796876,-433.8768310546875,2539.2119140625,-234.2241668701172,-198.1392822265625,2592.59716796875,-26.246980667114254,-171.05426025390625,2491.555419921875,-2.199273586273194,-210.0451202392578,2399.5634765625,48.00609588623047,-234.29129028320312,2310.2646484375,0.7766373157501221,-200.76974487304688,2382.30712890625,163.7499237060547,32.99184036254883,2559.202880859375,207.49769592285156,426.7079162597656,2536.161865234375,215.2483367919922,792.47265625,2636.006103515625,238.92718505859375,975.7935180664062,2618.309814453125,-3.3339931964874268,36.324951171875,2519.033447265625,-1.7439093589782717,425.0599670410156,2441.56787109375,-51.1273193359375,804.0646362304688,2469.338623046875,-49.90558242797851,971.9178466796876,2437.537353515625,68.8447036743164,-574.2732543945312,2524.141845703125,130.05479431152344,-523.7362670898438,2386.05712890625,145.63055419921875,-573.9572143554688,2403.754150390625,156.23995971679688,-629.7749633789062,2515.830322265625,99.10623168945312,-564.5099487304688,2382.972412109375,4.307247638702393,-617.6566162109375,2454.06396484375
74.76834869384766,30.212995529174805,2534.822998046875,73.26002502441406,-146.02276611328125,2548.692138671875,65.99871063232422,-283.6906433105469,2579.833251953125,67.24478912353516,-495.7147216796875,2543.398193359375,100.1514892578125,-461.5421142578125,2553.81201171875,236.3069610595703,-423.3464660644531,2562.12158203125,354.6304626464844,-178.10487365722656,2533.10791015625,201.19911193847656,-227.4202117919922,2369.249267578125,122.83759307861328,-188.55029296875,2407.37353515625,72.50794219970703,-222.12210083007812,2319.029052734375,71.79054260253906,-213.2526397705078,2320.4462890625,33.82069396972656,-460.174072265625,2547.074951171875,-91.84679412841795,-426.4375,2539.8544921875,-231.6763153076172,-193.06297302246097,2601.7724609375,-26.051803588867188,-174.7743682861328,2494.28857421875,-4.088915824890137,-218.75811767578125,2404.074951171875,46.81337356567383,-256.5,2320.04296875,-1.3238526582717896,-209.58370971679688,2382.96044921875,161.31396484375,31.512550354003903,2560.748291015625,211.60801696777344,423.7806091308594,2529.611572265625,213.548828125,789.3685302734375,2630.000244140625,241.1658935546875,972.3021850585938,2614.683837890625,-3.2736361026763916,29.041128158569336,2511.44482421875,2.7189807891845703,420.8932495117187,2452.7021484375,-85.25220489501953,788.9859619140625,2512.242431640625,-91.97544860839844,959.1705932617188,2499.437744140625,69.07669067382812,-572.16162109375,2516.85107421875,129.02963256835938,-524.2967529296875,2377.319091796875,145.54019165039062,-573.7227172851562,2396.313232421875,157.4092254638672,-626.2838745117188,2509.791015625,98.81761932373048,-565.6737670898438,2375.42236328125,5.1790924072265625,-618.552734375,2448.1689453125
70.11795043945312,29.847640991210938,2531.831298828125,69.53182220458984,-145.36825561523438,2544.402099609375,64.61774444580078,-283.5306091308594,2569.09375,66.87419128417969,-496.11614990234375,2546.708984375,99.42061614990234,-461.389892578125,2554.714599609375,233.4636077880859,-418.9716491699219,2561.498291015625,359.99493408203125,-179.72584533691406,2533.392333984375,203.5924530029297,-226.5771026611328,2373.70849609375,126.89563751220705,-186.46234130859375,2412.415771484375,72.8065185546875,-222.89523315429688,2328.349853515625,73.22706604003906,-214.3864288330078,2329.513671875,33.48482894897461,-460.8082885742187,2548.156982421875,-90.9236831665039,-425.6433715820313,2540.802490234375,-236.25848388671875,-198.72718811035156,2606.021240234375,-33.83955383300781,-188.2176055908203,2494.662841796875,-17.778297424316406,-236.15921020507812,2405.97314453125,20.779279708862305,-274.7505187988281,2316.748779296875,-15.434317588806152,-231.10198974609375,2389.05859375,156.07150268554688,31.41769027709961,2557.722900390625,213.3790740966797,420.4474487304687,2530.2001953125,208.40084838867188,783.295166015625,2631.3818359375,244.5841827392578,961.9178466796876,2602.89453125,-7.390149116516113,28.431856155395508,2508.483642578125,18.891910552978516,413.7921447753906,2431.9443359375,-55.57462692260742,786.3463134765625,2456.04248046875,-43.0753288269043,947.643310546875,2404.753173828125,69.02350616455078,-573.6281127929688,2525.337158203125,128.6887969970703,-523.7938232421875,2387.529296875,143.9372100830078,-573.8314208984375,2404.883544921875,155.2718963623047,-629.4877319335938,2516.03857421875,97.5692901611328,-564.0333251953125,2384.77587890625,3.761101484298706,-616.10595703125,2456.4140625
75.75062561035156,28.52910804748535,2527.970703125,76.09297180175781,-147.47186279296875,2542.82568359375,70.06929779052734,-285.12042236328125,2573.73486328125,69.004150390625,-498.4886779785156,2547.8037109375,102.11236572265624,-464.3465270996094,2557.4453125,237.4800262451172,-423.9165954589844,2565.870361328125,364.2489318847656,-184.48846435546875,2527.740966796875,194.7105407714844,-192.60171508789065,2373.085693359375,122.97228240966795,-158.0662841796875,2425.51953125,74.43267822265625,-228.47088623046875,2361.244873046875,73.04703521728516,-233.84353637695312,2399.473388671875,36.08072280883789,-462.369873046875,2548.791015625,-87.56001281738281,-422.9464721679687,2538.272216796875,-227.466552734375,-189.66355895996097,2599.21630859375,-25.472625732421875,-205.248291015625,2485.083740234375,-21.76285171508789,-255.5392913818359,2395.677734375,7.5578837394714355,-291.3597106933594,2301.263916015625,-20.873241424560547,-250.78860473632812,2379.331787109375,161.54095458984375,31.057477951049805,2555.94970703125,213.14170837402344,423.0443115234375,2528.162109375,208.9097442626953,786.4453735351562,2634.923095703125,248.8235626220703,965.292236328125,2606.28125,-1.6102790832519531,26.249164581298828,2502.7412109375,19.92835998535156,416.8890686035156,2442.01953125,-55.060455322265625,789.6442260742188,2486.0751953125,-56.781734466552734,959.995361328125,2476.241943359375,70.36844635009766,-576.1018676757812,2525.116455078125,128.98451232910156,-523.397705078125,2386.931396484375,144.79257202148438,-573.8683471679688,2403.470703125,157.40289306640625,-631.501220703125,2514.24853515625,97.95590209960938,-564.0274658203125,2383.751708984375,4.535254001617432,-618.175048828125,2455.63037109375
82.35118865966797,25.906173706054688,2528.65673828125,79.76261138916016,-149.20616149902344,2544.0322265625,72.5925521850586,-287.14404296875,2570.0205078125,70.51317596435547,-500.20111083984375,2550.708740234375,103.54022216796876,-466.1446838378906,2559.78125,237.27804565429688,-423.2535095214844,2570.66796875,367.9103393554687,-188.3854522705078,2526.768310546875,187.6824188232422,-184.778076171875,2386.260009765625,122.36459350585938,-150.79466247558594,2446.115478515625,67.49081420898438,-226.4281768798828,2395.06396484375,95.91512298583984,-233.88099670410156,2451.5361328125,37.97318649291992,-464.0340881347656,2550.07177734375,-84.77935791015625,-423.77447509765625,2539.802734375,-229.79132080078125,-192.48422241210935,2589.43896484375,-26.07530403137207,-217.42921447753903,2482.452392578125,-20.25958824157715,-273.06842041015625,2396.95947265625,11.466726303100586,-315.3445129394531,2306.625244140625,-21.95980453491211,-271.53753662109375,2379.6669921875,166.61557006835938,27.39633560180664,2559.814453125,212.39891052246097,418.0089111328125,2528.902099609375,207.28314208984375,782.1210327148438,2626.57568359375,245.93699645996097,960.1698608398438,2596.830322265625,6.366290092468262,24.562429428100582,2500.560302734375,19.786558151245117,415.1877746582031,2450.293212890625,-53.83745574951172,788.0690307617188,2476.5478515625,-42.04885482788086,955.8357543945312,2452.79638671875,71.70636749267578,-578.1170654296875,2530.526611328125,136.46551513671875,-519.9523315429688,2398.2509765625,151.2582550048828,-570.9509887695312,2413.168701171875,158.55177307128906,-633.1969604492188,2521.234619140625,105.62090301513672,-560.0453491210938,2391.89013671875,9.27304458618164,-616.5420532226562,2456.658203125
90.58971405029295,23.083770751953125,2528.169921875,86.56834411621094,-150.90679931640625,2542.18408203125,76.62918090820312,-286.9252624511719,2571.91650390625,73.2197265625,-497.734375,2545.5859375,106.2601547241211,-464.4276428222656,2555.5888671875,239.41978454589844,-422.1706237792969,2563.05810546875,375.4230041503906,-190.81915283203125,2529.5654296875,197.2999267578125,-172.35629272460938,2390.082275390625,133.9688262939453,-139.43699645996094,2451.61669921875,74.18618774414062,-211.55844116210935,2402.55029296875,97.50035858154295,-221.04493713378903,2447.737060546875,41.11500549316406,-461.6272583007813,2546.3173828125,-80.79808807373047,-421.7290954589844,2535.809326171875,-223.82504272460935,-191.6661376953125,2586.30859375,-26.25083923339844,-240.71755981445312,2479.5595703125,-21.23648452758789,-293.0282897949219,2392.758544921875,12.988591194152832,-343.5391845703125,2308.60498046875,-18.14457321166992,-296.66357421875,2381.234130859375,174.499267578125,23.590375900268555,2558.537353515625,213.64865112304688,411.7590637207031,2522.5283203125,211.0555419921875,773.0623168945312,2620.791748046875,237.9623107910156,953.4425048828124,2601.982666015625,14.924779891967772,22.626941680908203,2500.786376953125,18.38506507873535,411.01702880859375,2452.67041015625,-43.79335021972656,783.8215942382812,2470.51025390625,-39.66083526611328,951.21240234375,2450.065673828125,73.8567123413086,-574.3975830078125,2522.925537109375,129.08460998535156,-522.2449340820312,2385.225830078125,145.6656494140625,-571.8116455078125,2401.623046875,160.51687622070312,-627.9732055664062,2511.25048828125,98.95687103271484,-562.8645629882812,2382.742919921875,8.417356491088867,-617.313720703125,2455.406005859375
91.04231262207033,23.12932014465332,2527.95361328125,87.20999908447266,-150.57839965820312,2542.8115234375,76.91747283935547,-286.2260437011719,2573.29736328125,72.40213775634766,-496.568115234375,2545.55810546875,105.6448974609375,-463.4960632324219,2555.38330078125,239.4701690673828,-423.5370788574219,2559.68994140625,374.2939758300781,-190.66839599609375,2536.115234375,195.06683349609375,-170.7324676513672,2398.72216796875,132.86412048339844,-136.0281524658203,2460.248291015625,65.51411437988281,-204.20806884765625,2415.85498046875,92.31958770751952,-220.1083526611328,2450.15576171875,40.4843635559082,-460.3940124511719,2546.930908203125,-81.71095275878906,-421.6617431640625,2537.329345703125,-224.88856506347656,-190.10220336914065,2577.680419921875,-26.72637939453125,-248.2022399902344,2477.369873046875,-20.550737380981445,-302.6294860839844,2392.105224609375,14.718825340270996,-358.2099609375,2311.82666015625,-19.153400421142575,-301.38970947265625,2373.684814453125,174.16885375976562,24.04404640197754,2560.0888671875,213.9694671630859,411.84759521484375,2526.199951171875,213.78936767578125,772.32861328125,2625.74267578125,238.9413146972656,952.8659057617188,2608.27197265625,16.08344841003418,22.304471969604492,2498.97607421875,16.2664794921875,410.88031005859375,2456.5078125,-51.312408447265625,782.2687377929688,2474.308349609375,-49.16933059692383,949.5958862304688,2454.7802734375,72.47669219970703,-572.9755859375,2522.380615234375,124.40782928466795,-522.2242431640625,2383.10595703125,138.8162384033203,-572.8067626953125,2398.174072265625,155.2297821044922,-631.1365966796875,2506.26171875,91.96678161621094,-560.98681640625,2381.52587890625,1.8651113510131836,-611.1448974609375,2457.4677734375
91.43548583984376,22.87404441833496,2527.68017578125,87.59357452392578,-151.4363555908203,2542.14599609375,77.397216796875,-287.6766052246094,2572.095458984375,74.3932876586914,-498.2469177246094,2540.8154296875,107.51263427734376,-464.9846496582031,2551.162841796875,241.5090484619141,-424.1678771972656,2556.70849609375,374.1658325195313,-188.4836578369141,2539.62060546875,191.4986572265625,-169.88714599609375,2405.386962890625,128.67018127441406,-134.48660278320312,2466.34716796875,64.53385162353516,-174.32591247558594,2392.000732421875,88.76143646240234,-212.08322143554688,2446.4091796875,42.10434341430664,-462.2231140136719,2542.837890625,-80.628173828125,-423.3670043945313,2535.172119140625,-222.3196258544922,-189.5951690673828,2574.109375,-25.51321601867676,-251.14968872070312,2471.502685546875,-20.21984481811523,-312.2521057128906,2390.41064453125,14.43596363067627,-374.9974060058594,2314.845703125,-16.573257446289062,-308.3833923339844,2368.556884765625,174.8538055419922,23.706621170043945,2559.867431640625,214.1374359130859,412.9423522949219,2527.07958984375,214.5387725830078,774.2079467773438,2628.34326171875,237.84071350097656,955.6824340820312,2611.782958984375,16.21351432800293,22.123273849487305,2498.655517578125,13.34140396118164,412.2005615234375,2458.374267578125,-50.86884689331055,784.4815063476562,2490.44287109375,-50.04460144042969,952.7658081054688,2474.659912109375,75.00016021728516,-574.509033203125,2516.307861328125,124.37471771240234,-524.498291015625,2375.26904296875,140.5594024658203,-574.4780883789062,2391.16943359375,159.71815490722656,-630.4722900390625,2500.496826171875,93.07595825195312,-564.4248657226562,2374.646240234375,4.921365737915039,-616.2088012695312,2452.462890625
94.6333999633789,24.779653549194336,2532.279541015625,89.43721771240234,-149.1735382080078,2544.423828125,78.68862915039062,-285.20001220703125,2573.27587890625,77.88957214355469,-494.8396911621094,2539.80517578125,110.65089416503906,-461.3557434082031,2549.940673828125,244.7469940185547,-422.4359436035156,2556.54443359375,360.7689514160156,-178.82762145996094,2541.935546875,175.2028350830078,-162.89585876464844,2412.516357421875,112.89617919921876,-131.54415893554688,2475.770263671875,69.4101333618164,-149.96893310546875,2381.251708984375,59.7982177734375,-183.26934814453125,2448.220703125,45.268409729003906,-459.3684692382813,2542.756591796875,-77.76798248291016,-422.6626892089844,2535.54150390625,-216.58216857910156,-185.2269287109375,2548.326904296875,-25.0733642578125,-264.55328369140625,2449.4326171875,-34.08021545410156,-341.29461669921875,2383.79443359375,-25.29153633117676,-433.3576049804687,2336.53369140625,-4.3644328117370605,-327.3792724609375,2337.34521484375,178.90892028808594,24.294418334960938,2561.387939453125,213.96011352539065,412.4124450683594,2524.203125,219.76852416992188,769.1964111328125,2636.625732421875,237.24847412109375,951.1226196289062,2624.147705078125,18.63845443725586,25.217208862304688,2506.031005859375,11.27151584625244,412.7639770507813,2454.35498046875,-56.233680725097656,779.7966918945312,2514.834228515625,-63.952266693115234,947.920654296875,2505.789306640625,79.06926727294922,-570.5991821289062,2514.516357421875,123.55183410644533,-519.8626708984375,2372.61181640625,140.16824340820312,-569.814697265625,2387.5888671875,162.9049530029297,-626.368408203125,2495.5322265625,92.29817199707033,-559.6455078125,2372.794677734375,7.026269912719727,-611.71142578125,2452.99609375
90.08240509033205,22.774518966674805,2530.48828125,85.14305877685547,-151.9709014892578,2543.042236328125,75.35047149658203,-288.5963439941406,2572.540283203125,73.23670959472656,-499.9099426269531,2543.695068359375,106.35401916503906,-466.25830078125,2553.15234375,240.47935485839844,-424.8779296875,2557.666748046875,360.1774597167969,-181.6828460693359,2542.538330078125,172.17164611816406,-162.36878967285156,2415.26611328125,110.7970962524414,-131.828857421875,2480.452392578125,68.11056518554688,-158.1923065185547,2386.90478515625,57.08251190185547,-190.3490753173828,2448.749267578125,40.68922805786133,-464.0076904296875,2545.81201171875,-82.54410552978516,-426.0603332519531,2537.746337890625,-208.67323303222656,-180.37319946289065,2553.388671875,-19.712865829467773,-262.387451171875,2449.427734375,-24.309356689453125,-326.5573425292969,2370.461669921875,-8.442536354064941,-407.1052551269531,2306.0625,-4.717674255371094,-319.81683349609375,2342.07568359375,175.8486785888672,22.20682144165039,2556.330810546875,216.6265563964844,412.1196594238281,2525.011474609375,218.9966278076172,770.1070556640625,2639.518798828125,239.51614379882812,952.395751953125,2624.6494140625,12.743189811706545,23.28643798828125,2507.184814453125,14.301889419555664,412.03961181640625,2450.513671875,-60.9581184387207,777.2034301757812,2522.982421875,-70.85794067382812,946.2196655273438,2520.258056640625,73.9621353149414,-576.584228515625,2520.021484375,131.95187377929688,-527.8406372070312,2381.525146484375,143.2913818359375,-579.46875,2396.675048828125,154.14862060546875,-639.4328002929688,2505.287841796875,97.30731201171876,-564.9445190429688,2378.9912109375,2.4616458415985107,-610.6822509765625,2453.01708984375
93.7460479736328,24.590511322021484,2532.29833984375,88.26618194580078,-150.6479034423828,2544.97900390625,77.86385345458984,-287.6244812011719,2574.6044921875,76.65137481689453,-498.6556701660156,2539.63427734375,109.7189483642578,-465.0503845214844,2550.1005859375,244.77340698242188,-425.7670593261719,2557.575927734375,357.29541015625,-178.08631896972656,2546.237060546875,175.03538513183594,-164.2374267578125,2409.07470703125,109.46934509277344,-135.24571228027344,2471.22119140625,68.05535888671875,-162.64947509765625,2377.047119140625,59.54951858520508,-194.31216430664065,2441.323974609375,43.85550308227539,-462.8601379394531,2542.76416015625,-80.8526382446289,-427.7765502929687,2540.102294921875,-202.28758239746097,-178.36175537109375,2543.70654296875,-20.426124572753903,-278.7023620605469,2441.6640625,-28.26030540466309,-335.7210998535156,2357.26416015625,-12.118695259094238,-407.23345947265625,2282.587158203125,-4.782410144805908,-324.7569274902344,2331.670654296875,179.54566955566406,23.83462142944336,2558.93017578125,216.21896362304688,414.70452880859375,2520.657470703125,220.19924926757812,775.9826049804688,2628.21630859375,241.5426788330078,959.074951171875,2618.57373046875,16.37676429748535,25.27212905883789,2508.283447265625,14.932866096496582,415.2672729492187,2452.104736328125,-69.31181335449219,777.041748046875,2536.56884765625,-83.0675048828125,946.2667846679688,2540.426025390625,77.71509552001953,-574.8430786132812,2513.705810546875,125.7243881225586,-525.781005859375,2371.0341796875,139.86109924316406,-576.91162109375,2386.1083984375,159.37091064453125,-635.151123046875,2494.87158203125,92.27091979980467,-564.2451171875,2370.99169921875,3.447972297668457,-612.4889526367188,2451.293212890625
94.8072738647461,25.38022804260254,2527.4130859375,89.80476379394531,-149.97882080078125,2542.784423828125,78.32234954833984,-286.732666015625,2574.2021484375,77.65641784667969,-498.8663330078125,2543.7978515625,110.65057373046876,-464.9359436035156,2553.844970703125,245.15380859375,-422.8880615234375,2561.0576171875,347.53997802734375,-170.96612548828125,2539.644775390625,164.75894165039062,-171.58383178710938,2401.78515625,97.77839660644533,-142.4228515625,2462.593994140625,51.481689453125,-171.30178833007812,2370.94873046875,54.67420196533203,-216.9904022216797,2410.40966796875,44.73477554321289,-462.9875183105469,2545.846923828125,-79.8726577758789,-427.7547607421875,2536.738037109375,-201.84994506835935,-178.163818359375,2528.1376953125,-21.491870880126953,-282.84930419921875,2426.836669921875,-28.01129722595215,-336.5536193847656,2339.961669921875,-7.991526126861572,-401.5059509277344,2260.13916015625,-11.309674263000488,-326.8952331542969,2317.099609375,178.6544952392578,25.855993270874023,2560.128173828125,216.75140380859375,416.87493896484375,2517.588134765625,220.56256103515625,775.2173461914062,2636.758056640625,244.5089111328125,957.9814453125,2621.941650390625,19.198543548583984,24.951208114624023,2497.91259765625,14.600567817687988,417.2247314453125,2454.0810546875,-72.96946716308594,776.8313598632812,2547.119873046875,-87.87804412841797,946.139404296875,2554.80126953125,79.04216003417969,-575.7415771484375,2519.510986328125,139.45928955078125,-544.2569580078125,2376.273193359375,121.5792465209961,-595.7473754882812,2385.304443359375,108.65816497802734,-668.9855346679688,2485.942626953125,89.75274658203125,-555.9426879882812,2377.17236328125,-6.398748397827148,-554.5858154296875,2463.65478515625
100.34659576416016,24.34583282470703,2524.46826171875,92.88352966308594,-150.050537109375,2540.24609375,79.42135620117188,-285.9881896972656,2571.43505859375,83.8210678100586,-497.5264587402344,2544.540771484375,115.7915267944336,-462.8639831542969,2554.292236328125,248.95535278320312,-418.8340148925781,2561.4736328125,337.6879577636719,-163.8992156982422,2532.54296875,157.3829345703125,-181.43618774414065,2394.33544921875,88.8829345703125,-152.26219177246094,2452.693115234375,48.60821914672851,-175.5769500732422,2357.28369140625,41.613868713378906,-217.14749145507812,2395.4853515625,50.23759841918945,-462.5462341308594,2545.719482421875,-74.745849609375,-431.6080322265625,2535.047119140625,-207.1383819580078,-188.76007080078125,2531.255126953125,-22.26850318908691,-278.9258728027344,2426.685791015625,-26.71671485900879,-344.5524597167969,2348.915771484375,-4.920974254608154,-420.30078125,2280.546142578125,-10.025196075439451,-328.7613220214844,2314.60205078125,183.38128662109375,23.83260726928711,2558.07177734375,217.17787170410156,413.8319396972656,2520.151123046875,221.92808532714844,771.1026000976562,2636.81787109375,239.57916259765625,954.0614624023438,2627.508544921875,25.47055435180664,24.80862808227539,2494.166259765625,19.585540771484375,415.2922973632813,2451.332763671875,-70.4476547241211,770.61572265625,2550.847900390625,-86.72213745117188,938.8126220703124,2561.691162109375,87.1565170288086,-574.3569946289062,2521.60546875,155.6342315673828,-547.11376953125,2382.001708984375,137.57496643066406,-598.1704711914062,2391.526123046875,119.0409164428711,-667.962890625,2492.996337890625,106.25599670410156,-559.0418701171875,2380.2861328125,5.532421112060547,-555.6296997070312,2460.355224609375
100.15277862548828,25.67082977294922,2520.196533203125,90.22933197021484,-148.3076171875,2534.327392578125,74.62071990966797,-284.0096435546875,2563.944580078125,73.32720947265625,-496.17816162109375,2548.172119140625,106.23961639404295,-461.9627685546875,2555.47216796875,239.98049926757812,-420.7829895019531,2562.01220703125,353.0935363769531,-176.324951171875,2534.028564453125,168.1750030517578,-182.12844848632812,2401.99365234375,103.00711059570312,-153.11404418945312,2463.767578125,47.46694564819336,-205.05532836914065,2390.077392578125,58.40362548828125,-229.9058380126953,2434.701171875,40.717872619628906,-460.4313354492187,2548.13525390625,-83.53910064697266,-426.4801635742187,2544.03369140625,-207.8682556152344,-180.7745819091797,2561.628662109375,-61.59962844848633,-249.41448974609375,2397.70166015625,-31.240209579467773,-332.44403076171875,2347.623291015625,24.25289535522461,-413.3160705566406,2312.78662109375,-11.087081909179688,-324.6914367675781,2318.03515625,182.42677307128903,23.805740356445312,2555.01025390625,217.92791748046875,413.46868896484375,2526.438232421875,220.2523193359375,771.0963134765625,2639.015869140625,240.9201507568359,953.1143798828124,2626.90283203125,25.96268081665039,27.352663040161133,2488.80322265625,24.34400749206543,417.45355224609375,2451.366455078125,-72.15623474121094,770.07568359375,2550.8408203125,-87.29803466796875,937.7410278320312,2564.61669921875,74.32793426513672,-573.9658203125,2529.297119140625,145.7538604736328,-531.2208862304688,2395.624267578125,150.6475372314453,-583.6669311523438,2410.92578125,148.15188598632812,-644.6183471679688,2519.150634765625,107.77236938476562,-564.4173583984375,2390.5205078125,4.341583728790283,-600.14697265625,2457.687255859375
102.70278930664062,23.939868927001953,2518.8857421875,93.96904754638672,-150.04348754882812,2533.289306640625,79.72296142578125,-286.0682067871094,2561.960205078125,84.02368927001953,-498.0119934082031,2544.3984375,115.97380828857422,-463.0351867675781,2552.276611328125,248.77720642089844,-418.6974792480469,2556.075927734375,368.8535461425781,-179.372314453125,2515.92578125,206.48974609375,-159.45455932617188,2358.187255859375,136.48521423339844,-126.74723815917967,2412.322021484375,65.02765655517578,-189.74673461914065,2366.136962890625,99.6551742553711,-203.5964202880859,2406.397216796875,50.51414108276367,-463.12158203125,2544.37158203125,-73.65986633300781,-429.357421875,2537.800048828125,-198.421630859375,-183.4047393798828,2544.774658203125,-53.5989990234375,-223.4236602783203,2370.473876953125,-21.262996673583984,-308.8984375,2326.115966796875,36.11425018310547,-390.56585693359375,2296.668701171875,-8.529815673828125,-312.2597961425781,2309.230712890625,184.8835906982422,22.713178634643555,2553.89990234375,205.5099334716797,413.528076171875,2527.667724609375,163.52825927734375,773.390625,2623.86865234375,175.22671508789062,954.4851684570312,2596.329833984375,28.596744537353516,25.04602813720703,2487.31201171875,25.41854476928711,414.9221496582031,2448.51220703125,-72.74748229980469,767.141357421875,2547.48291015625,-88.11101531982422,934.6371459960938,2562.581787109375,87.18824005126953,-575.5665283203125,2524.88427734375,152.1853485107422,-546.8594360351562,2384.3916015625,147.36830139160156,-599.3712158203125,2399.44921875,142.93649291992188,-660.0548095703125,2507.732666015625,107.72246551513672,-571.1829223632812,2383.394775390625,6.4025559425354,-585.2474975585938,2460.954345703125
101.98600006103516,22.74555397033691,2516.972412109375,95.65731811523438,-151.25244140625,2535.001708984375,81.01978302001953,-286.7508239746094,2566.765380859375,82.7943344116211,-497.6509704589844,2536.88037109375,115.14217376708984,-463.5816650390625,2547.160400390625,248.4349670410156,-421.0486450195313,2556.984375,364.4089660644531,-176.78921508789062,2536.94140625,194.8858337402344,-185.6652374267578,2385.384521484375,123.03165435791016,-154.13330078125,2438.004638671875,94.51364135742188,-201.73486328125,2347.668212890625,82.74675750732422,-219.89013671875,2422.30615234375,49.69468688964844,-462.31536865234375,2538.511474609375,-74.22761535644531,-426.4451293945313,2536.06787109375,-204.5312042236328,-184.54425048828125,2564.828857421875,-44.099971771240234,-207.5095672607422,2400.9990234375,-18.733755111694336,-296.98046875,2359.769287109375,33.360721588134766,-374.3941650390625,2313.37109375,-21.73769187927246,-308.54925537109375,2343.485595703125,180.43505859375,24.34535217285156,2559.948486328125,189.7375946044922,416.0540161132813,2532.323486328125,103.65898895263672,775.7086181640625,2596.782470703125,106.23231506347656,957.4324951171876,2569.2939453125,31.245023727416992,21.30294418334961,2478.21875,30.18861198425293,412.1260070800781,2443.439208984375,-73.57483673095703,760.662109375,2551.38330078125,-91.66539764404295,927.7477416992188,2570.215576171875,85.19479370117188,-574.0829467773438,2512.87939453125,160.7603302001953,-556.8999633789062,2375.577880859375,139.05235290527344,-606.2123413085938,2386.20751953125,111.9606704711914,-670.4823608398438,2489.19580078125,110.87860107421876,-565.6928100585938,2372.20947265625,7.596492767333984,-552.663330078125,2447.633056640625
103.42341613769533,21.14605140686035,2507.47412109375,98.93472290039062,-151.65679931640625,2528.64453125,85.0511245727539,-285.7489013671875,2563.438232421875,78.45313262939453,-496.41412353515625,2541.283935546875,112.12943267822266,-463.3713989257813,2549.244140625,244.8297119140625,-420.8544006347656,2556.70263671875,350.51495361328125,-176.477783203125,2513.36376953125,166.091796875,-200.8748321533203,2384.31640625,99.86133575439452,-168.1628875732422,2442.4453125,58.383934020996094,-216.09768676757812,2358.138916015625,47.50234603881836,-240.72837829589844,2383.667724609375,46.849979400634766,-460.05072021484375,2542.68310546875,-75.43440246582031,-421.2023315429687,2538.490966796875,-219.611328125,-190.869384765625,2579.802978515625,-36.98423385620117,-233.6502685546875,2447.956787109375,-11.414788246154783,-273.63970947265625,2358.568359375,41.53728866577149,-315.23974609375,2279.735107421875,-8.048243522644043,-268.6852722167969,2339.398193359375,180.81976318359375,24.50519561767578,2551.30322265625,168.3142547607422,414.96734619140625,2541.257568359375,88.46142578125,774.031494140625,2605.9169921875,89.44833374023438,954.1388549804688,2574.246826171875,33.6317253112793,18.116962432861328,2467.951416015625,35.79723358154297,407.6861572265625,2443.038818359375,-70.84130096435547,752.7047729492188,2552.6962890625,-90.83999633789062,918.6033325195312,2572.36181640625,77.37327575683594,-573.2838745117188,2520.111083984375,144.21287536621094,-549.8478393554688,2380.15478515625,123.97630310058594,-599.6215209960938,2390.072021484375,103.96141052246094,-667.7892456054688,2491.396240234375,94.60517120361328,-559.2860717773438,2379.339111328125,-3.77972412109375,-550.8436279296875,2460.622314453125
98.90935516357422,23.92329216003418,2503.153564453125,93.67805480957033,-147.99131774902344,2521.33447265625,79.19734191894531,-281.76824951171875,2553.1435546875,77.72724151611328,-492.0917663574219,2545.456787109375,110.20795440673828,-458.0505981445313,2552.093017578125,243.37115478515625,-420.1160888671875,2557.900634765625,346.60980224609375,-177.44447326660156,2510.781494140625,166.1691436767578,-211.35159301757812,2380.983154296875,101.53548431396484,-174.94573974609375,2437.65087890625,75.90177917480469,-215.7772216796875,2344.653076171875,58.26591110229492,-255.05113220214844,2375.5791015625,45.565486907958984,-456.70172119140625,2543.390625,-77.4670181274414,-423.6476745605469,2538.461669921875,-220.6962127685547,-194.564208984375,2577.38916015625,-42.20862579345703,-237.855224609375,2442.80712890625,-13.566697120666504,-272.90673828125,2353.0654296875,42.523189544677734,-302.8291015625,2272.07080078125,-7.586974620819092,-266.595947265625,2337.43310546875,175.0317840576172,26.351884841918945,2548.021240234375,170.40682983398438,414.4217834472656,2548.76904296875,106.52202606201172,774.8759765625,2608.43359375,116.6344757080078,955.8235473632812,2596.6455078125,30.26641845703125,21.73332405090332,2462.6943359375,33.03838348388672,409.2856750488281,2453.119140625,-71.1517562866211,753.9131469726562,2557.302490234375,-88.97740936279297,918.7005004882812,2578.45703125,78.92454528808594,-569.6953735351562,2529.730712890625,131.47116088867188,-552.5421752929688,2384.090087890625,115.14075469970705,-602.1487426757812,2398.81396484375,108.0009994506836,-663.8036499023438,2504.886474609375,82.93265533447266,-564.4354248046875,2388.355712890625,-7.657885551452637,-555.5750732421875,2476.9443359375
76.43583679199219,29.436323165893555,2496.17333984375,82.85465240478516,-144.7394256591797,2518.817138671875,79.01436614990234,-280.3140869140625,2555.5322265625,81.0643539428711,-494.0047302246094,2546.670654296875,113.60082244873048,-458.8728637695313,2552.90234375,248.8488922119141,-422.2779541015625,2567.124267578125,340.4700012207031,-175.84780883789062,2496.458740234375,168.7147979736328,-228.98057556152344,2355.436767578125,94.89938354492188,-194.4199981689453,2403.976318359375,57.11713409423828,-258.5976867675781,2327.913330078125,58.27815246582031,-285.7397766113281,2340.069580078125,47.72528076171875,-458.6065368652344,2545.433349609375,-78.47846221923828,-429.6476745605469,2541.00537109375,-227.08248901367188,-198.42433166503903,2578.413330078125,-40.23149490356445,-239.49246215820312,2448.2578125,-8.290741920471191,-266.9534606933594,2355.20556640625,51.14398956298828,-295.4297790527344,2273.9345703125,-8.402388572692871,-271.0874938964844,2341.520751953125,157.6404571533203,37.315765380859375,2533.762939453125,146.92344665527344,418.04486083984375,2431.39990234375,35.86654281616211,765.3839111328125,2526.745849609375,19.19789695739746,945.742919921875,2491.319091796875,3.210060358047486,22.331085205078125,2462.277099609375,38.002220153808594,414.75091552734375,2459.223876953125,-76.57191467285156,757.0006713867188,2580.926513671875,-86.01332092285156,926.2609252929688,2590.693115234375,83.31462097167969,-572.7582397460938,2530.268310546875,123.29534912109376,-528.1985473632812,2383.7197265625,137.75746154785156,-579.0612182617188,2399.3544921875,163.05836486816406,-634.540771484375,2508.34814453125,89.498046875,-566.2333984375,2386.723388671875,5.096182346343994,-611.1771850585938,2473.42529296875
72.79275512695312,36.286643981933594,2460.126953125,71.16463470458984,-141.75155639648438,2494.161376953125,68.37877655029297,-278.2718505859375,2542.69091796875,78.47579956054688,-498.1837158203125,2556.720947265625,111.01237487792967,-460.49066162109375,2555.818359375,252.23451232910156,-426.67132568359375,2558.861328125,352.4581604003906,-169.7623748779297,2506.046875,179.5141143798828,-247.71481323242188,2366.228271484375,100.89520263671876,-215.8301544189453,2414.96044921875,64.70050048828125,-285.412353515625,2338.136962890625,54.656253814697266,-294.37017822265625,2335.83544921875,42.68757247924805,-463.0641479492187,2555.1171875,-88.28326416015625,-437.58734130859375,2547.8876953125,-222.02459716796875,-185.68185424804688,2570.3466796875,-34.34871292114258,-238.3993225097656,2432.69140625,-0.9211301803588868,-268.0174560546875,2337.2822265625,53.9340705871582,-276.135498046875,2244.704345703125,10.737001419067385,-281.2852478027344,2338.6689453125,165.220703125,36.65239715576172,2466.461669921875,127.23092651367188,437.14459228515625,2406.316650390625,31.353004455566406,766.7628173828125,2588.7353515625,-17.55632781982422,949.2998046875,2611.53466796875,-10.553606033325195,35.95682907104492,2454.41455078125,67.783935546875,433.3787536621094,2486.317138671875,189.3339385986328,774.4375610351562,2638.69140625,242.57469177246097,940.0553588867188,2618.537841796875,82.3955307006836,-580.663818359375,2548.332763671875,122.06804656982422,-530.8364868164062,2398.000244140625,140.2340545654297,-582.334228515625,2413.882568359375,168.87876892089844,-638.6542358398438,2526.12646484375,89.83568572998047,-572.2926025390625,2400.420654296875,5.11035680770874,-625.007568359375,2488.538818359375
73.7257080078125,42.62184524536133,2463.973388671875,71.82986450195312,-135.5532989501953,2494.266357421875,71.67191314697266,-272.6917724609375,2539.781494140625,77.8067626953125,-492.2143249511719,2552.007080078125,110.9468231201172,-455.2752380371094,2550.263916015625,252.19920349121097,-423.8985595703125,2556.376220703125,352.11187744140625,-168.24862670898438,2501.25146484375,183.4657745361328,-251.03744506835935,2360.123046875,103.77137756347656,-218.9097900390625,2406.311767578125,63.83884811401367,-290.3998107910156,2333.6611328125,55.346160888671875,-292.20556640625,2326.01123046875,42.797725677490234,-456.4866943359375,2551.83056640625,-88.0364761352539,-431.3234558105469,2551.443603515625,-218.99505615234375,-178.26795959472656,2565.03125,-35.73788833618164,-242.3556976318359,2427.448974609375,9.713593482971191,-271.12347412109375,2337.229248046875,46.95311737060547,-272.55023193359375,2236.287841796875,23.40767478942871,-285.42620849609375,2331.00341796875,165.92381286621094,40.72198486328125,2458.569091796875,157.1033477783203,446.1225280761719,2450.464111328125,215.47946166992188,764.786376953125,2663.265869140625,241.8951873779297,947.8145751953124,2620.55712890625,-9.41338348388672,44.33502578735352,2468.8466796875,-6.893316268920898,449.2820739746094,2481.12646484375,-36.00725173950195,803.7387084960938,2645.228515625,-96.99927520751952,954.32275390625,2581.227783203125,79.78590393066406,-574.4539184570312,2542.98486328125,113.57342529296876,-520.1473999023438,2393.2822265625,134.71701049804688,-570.7144165039062,2407.82177734375,168.5074920654297,-627.175537109375,2518.117431640625,83.73980712890625,-563.1831665039062,2395.56396484375,3.992231607437134,-621.7066650390625,2484.075927734375
72.57585144042969,48.00661849975586,2467.30810546875,74.35107421875,-131.8536834716797,2496.552734375,77.69465637207031,-270.53717041015625,2541.04736328125,83.80298614501953,-491.7141418457031,2555.916015625,117.23020935058594,-454.5167541503906,2553.555908203125,259.6051940917969,-422.7137145996094,2559.804931640625,356.6125183105469,-162.9915771484375,2506.805419921875,194.30372619628903,-255.85818481445312,2361.34814453125,111.5107650756836,-228.06396484375,2406.592041015625,70.87435150146484,-313.7603454589844,2350.14208984375,59.97635269165039,-298.15118408203125,2325.464111328125,48.52779006958008,-455.67236328125,2555.497802734375,-83.71646881103516,-432.09808349609375,2554.918212890625,-215.0819549560547,-176.48162841796875,2565.941650390625,-35.056026458740234,-248.3616180419922,2424.590576171875,15.541605949401855,-274.6482238769531,2335.3466796875,53.7103385925293,-275.6575927734375,2233.80029296875,31.844959259033203,-289.3094787597656,2329.85986328125,165.33694458007812,47.56493377685547,2458.960693359375,143.04444885253906,455.4556884765625,2440.44482421875,207.2630157470703,778.1956176757812,2651.251953125,232.2964630126953,966.6660766601562,2629.588623046875,-11.070914268493652,48.4049072265625,2474.835205078125,-25.96225929260254,452.0372924804687,2535.7783203125,-41.593990325927734,825.5521850585938,2663.046630859375,-112.63514709472656,958.262451171875,2571.73779296875,85.69994354248047,-574.7327880859375,2547.775146484375,107.2072525024414,-518.5726318359375,2395.054443359375,130.95376586914062,-568.974853515625,2407.87548828125,174.56298828125,-625.2503662109375,2516.037353515625,78.6042251586914,-562.8064575195312,2399.2998046875,6.55499267578125,-624.343994140625,2493.812255859375
67.41358947753906,44.859519958496094,2489.841552734375,72.62950897216797,-135.3057861328125,2511.56591796875,83.34841918945312,-275.2784118652344,2548.408935546875,88.00623321533203,-496.12945556640625,2551.783935546875,121.52875518798828,-459.2357177734375,2550.093017578125,262.283203125,-422.91705322265625,2555.5810546875,358.6316223144531,-166.35916137695312,2492.56103515625,195.58404541015625,-262.88818359375,2351.8408203125,113.80953216552734,-234.09671020507812,2397.50830078125,74.67465209960938,-325.2231140136719,2350.024169921875,57.469844818115234,-303.4005432128906,2324.85546875,53.19308090209961,-460.0022583007813,2554.484375,-77.56985473632812,-431.5566711425781,2555.482177734375,-215.90228271484375,-181.1417694091797,2571.4013671875,-39.410980224609375,-244.5241546630859,2423.221435546875,13.889965057373049,-272.1249694824219,2336.4541015625,46.64239501953125,-283.43658447265625,2234.080078125,28.461565017700195,-293.372314453125,2328.611572265625,155.4182586669922,43.86394882202149,2460.45556640625,130.47378540039062,449.5377502441406,2432.79248046875,223.8500061035156,766.596435546875,2638.540771484375,220.2544403076172,956.7328491210938,2651.856689453125,-11.944092750549316,45.75727081298828,2516.340087890625,-36.83964538574219,449.8949890136719,2557.016357421875,-39.649356842041016,829.8460083007812,2659.06005859375,-121.89088439941406,958.828857421875,2573.251220703125,88.86287689208984,-578.3250732421875,2539.422119140625,101.6472396850586,-514.9085083007812,2389.24658203125,129.0870819091797,-563.8173217773438,2399.20166015625,179.615966796875,-621.0131225585938,2503.20751953125,76.39488983154297,-560.9972534179688,2392.40234375,11.966533660888672,-630.933349609375,2485.85791015625
66.02242279052734,46.532073974609375,2507.89697265625,72.48992156982422,-134.5666046142578,2524.475341796875,85.40740203857422,-275.7576599121094,2557.059814453125,88.75627899169922,-497.1561279296875,2554.083984375,122.56210327148438,-460.33837890625,2553.053955078125,264.6632995605469,-427.9090576171875,2557.03857421875,359.83966064453125,-169.2357635498047,2498.0703125,198.7063751220703,-260.2890625,2350.722412109375,116.0271453857422,-232.9838409423828,2396.166748046875,76.30177307128906,-324.11566162109375,2348.5859375,60.568885803222656,-301.2936096191406,2321.60302734375,54.11743927001953,-460.8342590332031,2558.22412109375,-76.7623519897461,-431.4770812988281,2556.890869140625,-216.63832092285156,-180.79534912109375,2565.584228515625,-33.39421844482422,-245.87159729003903,2425.66064453125,13.240583419799805,-271.55718994140625,2334.28759765625,45.211517333984375,-277.8493347167969,2230.971435546875,27.938541412353516,-292.312744140625,2325.73876953125,152.35707092285156,46.449363708496094,2473.3125,130.35252380371094,450.9646911621094,2422.11865234375,226.7759704589844,760.1433715820312,2639.834716796875,229.494384765625,951.096923828125,2646.318359375,-11.829323768615724,46.606658935546875,2539.0830078125,-46.09546661376953,452.6685485839844,2556.93017578125,-44.10898971557617,832.6763916015625,2662.287353515625,-123.38996887207033,964.7024536132812,2577.484619140625,88.96823120117188,-579.1608276367188,2539.343017578125,105.9109344482422,-519.0784912109375,2387.796630859375,132.01043701171875,-568.5452880859375,2399.251220703125,179.4395294189453,-624.9201049804688,2505.515869140625,79.40465545654297,-564.5628051757812,2391.459716796875,11.519775390625,-631.0870971679688,2485.404541015625
66.04850006103516,43.71275329589844,2523.411376953125,71.32418823242188,-136.17852783203125,2533.755859375,83.70545959472656,-277.1593322753906,2560.956298828125,87.28793334960938,-496.2472534179687,2550.45458984375,120.70442962646484,-459.6950378417969,2550.150146484375,260.84906005859375,-424.8666076660156,2553.33984375,369.9053955078125,-175.4403533935547,2491.2197265625,195.92710876464844,-270.93682861328125,2366.583984375,118.76725006103516,-238.52359008789065,2416.206787109375,85.56503295898438,-326.6810607910156,2361.01318359375,60.22124099731445,-301.9507751464844,2326.985107421875,52.992286682128906,-460.49456787109375,2556.32958984375,-76.63707733154297,-431.6054992675781,2560.706298828125,-216.5778656005859,-183.8955993652344,2560.592041015625,-32.33434295654297,-247.14862060546875,2425.03857421875,12.38991355895996,-270.2929992675781,2333.17431640625,46.08286666870117,-278.45526123046875,2231.6103515625,27.58440399169922,-291.90087890625,2324.101806640625,150.62820434570312,44.09251022338867,2486.880126953125,119.65906524658205,445.6831970214844,2449.5546875,226.06149291992188,766.4090576171875,2637.3359375,231.43600463867188,955.5590209960938,2642.3330078125,-10.220736503601074,43.37031173706055,2556.35302734375,-49.9957275390625,445.42474365234375,2563.103271484375,-44.348243713378906,825.9628295898438,2651.239990234375,-120.29110717773438,964.4899291992188,2577.930908203125,87.38053894042969,-576.936279296875,2533.07958984375,104.26000213623048,-517.65966796875,2382.867919921875,127.93962860107422,-567.8909301757812,2393.574951171875,174.1038818359375,-626.3622436523438,2497.7763671875,75.94375610351562,-561.4246215820312,2386.82958984375,7.32077169418335,-624.421875,2480.896240234375
64.77545166015625,41.07059860229492,2527.572509765625,71.7502212524414,-138.2182159423828,2537.1962890625,84.49302673339844,-278.70166015625,2564.336181640625,89.32774353027344,-497.0070190429687,2552.88671875,122.4386978149414,-460.39251708984375,2552.99365234375,261.9295654296875,-424.7409057617187,2553.386962890625,374.26470947265625,-179.27459716796875,2485.644775390625,190.7339324951172,-280.2947998046875,2382.3076171875,118.54022216796876,-244.3428955078125,2436.168701171875,91.08534240722656,-325.4255676269531,2368.97265625,63.11971664428711,-303.158447265625,2327.14892578125,54.90815353393555,-461.58306884765625,2558.658447265625,-73.88349151611328,-430.811279296875,2561.695068359375,-216.0139617919922,-185.4634704589844,2556.80078125,-28.596445083618164,-246.8475341796875,2426.171142578125,12.288067817687988,-270.70526123046875,2333.09423828125,46.70647048950195,-278.9237365722656,2232.146240234375,27.944923400878903,-292.0855712890625,2325.0205078125,150.85238647460938,42.70344543457031,2495.609375,117.81341552734376,442.8031311035156,2458.208740234375,224.96726989746097,760.5904541015625,2647.977294921875,227.77101135253903,949.0413818359376,2639.12109375,-12.843899726867676,39.59819030761719,2556.39501953125,-51.011661529541016,440.208984375,2572.96728515625,-48.76892852783203,818.156494140625,2666.635986328125,-114.61143493652344,953.39697265625,2579.975341796875,89.98313903808594,-577.3517456054688,2535.197998046875,104.9260711669922,-519.975830078125,2384.610595703125,129.86880493164062,-569.24609375,2395.9326171875,177.6267852783203,-624.8091430664062,2500.49755859375,77.87483978271484,-564.2699584960938,2389.245849609375,11.355880737304688,-627.5120849609375,2484.0546875
60.826210021972656,37.38390350341797,2532.525390625,70.61402130126953,-142.4624786376953,2542.6015625,85.81629943847656,-283.2242736816406,2570.049072265625,91.78128051757812,-502.2374267578125,2556.30517578125,124.8578109741211,-465.3405456542969,2557.241943359375,263.85223388671875,-425.674560546875,2558.031982421875,378.70166015625,-181.6212615966797,2485.06298828125,189.8239288330078,-283.7842712402344,2390.78515625,119.90690612792967,-246.05650329589844,2447.07373046875,90.90769958496094,-329.0053405761719,2382.14306640625,66.41077423095703,-301.13409423828125,2326.50439453125,56.996368408203125,-466.8835144042969,2562.016357421875,-71.85869598388672,-434.0953369140625,2560.02001953125,-216.49948120117188,-188.86761474609375,2558.83349609375,-27.45537376403809,-248.19204711914065,2427.896240234375,13.529281616210938,-269.89300537109375,2333.87548828125,51.62404251098633,-280.8402099609375,2234.0634765625,27.788768768310547,-291.7840576171875,2324.014404296875,146.81198120117188,40.20619201660156,2499.37451171875,128.32969665527344,441.52154541015625,2449.724853515625,225.8975067138672,760.8466186523438,2645.10546875,226.78152465820312,950.1748657226562,2639.047119140625,-16.710941314697266,34.83892059326172,2562.4189453125,-52.79811477661133,437.5445861816406,2568.248779296875,-48.905609130859375,816.5587158203125,2663.9560546875,-112.8076629638672,954.5570068359376,2578.823974609375,93.02715301513672,-582.7037963867188,2537.70556640625,99.30722045898438,-518.732421875,2388.48095703125,126.84534454345705,-567.4649658203125,2396.841552734375,181.4071044921875,-625.1105346679688,2497.49609375,74.2481918334961,-564.4847412109375,2392.423583984375,14.19472885131836,-634.4292602539062,2487.569091796875
58.65303421020508,40.98446273803711,2535.07080078125,71.3592758178711,-138.209716796875,2542.78662109375,88.78234100341797,-278.628662109375,2568.1396484375,94.44998931884766,-497.0677490234375,2556.66162109375,127.45297241210938,-460.30963134765625,2556.926025390625,266.8059387207031,-423.72125244140625,2557.505126953125,373.624755859375,-175.5536651611328,2489.87109375,197.4369659423828,-271.3172302246094,2369.738525390625,122.3788070678711,-239.97552490234375,2422.68017578125,101.2380599975586,-337.5228271484375,2379.115966796875,62.18450546264648,-304.2718811035156,2327.94921875,59.85418701171875,-461.7427062988281,2562.287841796875,-69.5118408203125,-432.9047546386719,2561.2392578125,-214.0048370361328,-188.7015686035156,2556.62939453125,-25.851055145263672,-245.86203002929688,2424.843017578125,15.46347713470459,-272.75042724609375,2332.703857421875,61.778076171875,-296.26605224609375,2239.1044921875,34.673492431640625,-293.476318359375,2325.84326171875,144.2570037841797,45.629051208496094,2501.966552734375,128.59365844726562,444.8750305175781,2445.770263671875,223.4917449951172,770.1886596679688,2629.777587890625,228.16795349121097,958.7608642578124,2638.097900390625,-18.539838790893555,36.796234130859375,2564.922607421875,-55.08205795288086,438.18109130859375,2567.226318359375,-50.44950485229492,816.0065307617188,2662.434814453125,-112.85508728027344,955.659912109375,2580.091064453125,95.47232818603516,-577.4628295898438,2538.94775390625,100.98931121826172,-509.5505676269531,2392.024169921875,128.5607452392578,-558.2865600585938,2398.880615234375,183.4722137451172,-618.425048828125,2497.33447265625,76.11060333251953,-555.294677734375,2394.780517578125,16.778287887573242,-627.75341796875,2487.878173828125
58.61759185791016,40.9227294921875,2534.998046875,71.32473754882812,-138.2767791748047,2542.7236328125,88.74410247802734,-278.7022705078125,2568.0693359375,94.36344146728516,-497.1509704589844,2556.615966796875,127.3750991821289,-460.39837646484375,2556.865234375,266.7497863769531,-423.8736572265625,2557.39111328125,373.589111328125,-175.74124145507812,2489.62353515625,197.42898559570312,-271.52630615234375,2369.452880859375,122.33112335205078,-240.1578369140625,2422.328125,101.33287048339844,-337.6710205078125,2378.610107421875,62.24038314819336,-304.34246826171875,2327.367919921875,59.77560043334961,-461.8169860839844,2562.24951171875,-69.59921264648438,-432.9960021972656,2561.28271484375,-214.1514434814453,-188.81204223632812,2556.959228515625,-26.131019592285156,-245.79464721679688,2424.891845703125,15.009621620178224,-272.4183349609375,2332.594482421875,60.90349578857422,-295.5211486816406,2238.681640625,34.194950103759766,-292.945068359375,2325.633056640625,144.22225952148438,45.565521240234375,2501.886962890625,128.52096557617188,444.8077087402344,2445.581787109375,223.35952758789065,770.2152099609375,2629.47998046875,227.8760986328125,958.798828125,2637.765625,-18.57591438293457,36.736122131347656,2564.85546875,-55.14094924926758,438.1321716308594,2567.127685546875,-50.50523376464844,815.9878540039062,2662.267578125,-113.18319702148438,955.4929809570312,2579.867919921875,95.3635482788086,-577.5510864257812,2538.911376953125,100.47310638427734,-510.0644836425781,2391.771484375,128.2509307861328,-558.66748046875,2398.752685546875,183.49673461914065,-618.281005859375,2497.34375,75.78367614746094,-555.9028930664062,2394.689697265625,16.828784942626953,-628.321044921875,2488.064453125
54.34331512451172,42.41489791870117,2533.051025390625,70.00260925292969,-137.81825256347656,2540.138671875,90.12076568603516,-278.9775085449219,2565.026611328125,94.9727783203125,-499.15924072265625,2558.76123046875,128.34902954101562,-462.2821350097656,2558.179443359375,268.6950988769531,-425.56005859375,2557.579833984375,378.0748291015625,-176.70382690429688,2488.637451171875,192.20361328125,-278.0555725097656,2385.771728515625,120.52436065673828,-245.5350341796875,2443.68408203125,99.51318359375,-339.05029296875,2390.411376953125,66.2970199584961,-302.340576171875,2323.942626953125,60.27235412597656,-463.3283996582031,2563.527587890625,-69.756103515625,-433.3804016113281,2560.807373046875,-216.31021118164065,-188.080322265625,2560.4765625,-28.646305084228516,-251.88999938964844,2428.099365234375,11.251514434814451,-268.70306396484375,2332.2021484375,48.383487701416016,-278.8620300292969,2231.5263671875,25.41476821899414,-286.0122375488281,2320.447998046875,139.89105224609375,48.48116683959961,2498.304931640625,144.6242218017578,450.3201599121094,2438.6474609375,223.6519470214844,772.1907958984375,2640.90283203125,230.90476989746097,962.16357421875,2639.430908203125,-22.798839569091797,36.94467544555664,2564.38330078125,-55.42820358276367,441.3595886230469,2573.59423828125,-50.43193817138672,822.3160400390625,2667.34326171875,-114.88829040527344,957.9033203125,2577.579345703125,95.70306396484376,-580.5177612304688,2542.875244140625,99.90106964111328,-518.694091796875,2392.03564453125,129.06565856933594,-566.5638427734375,2401.22216796875,185.6734161376953,-620.9531860351562,2503.146728515625,76.20658111572266,-565.3057250976562,2396.796875,18.22263526916504,-635.7330932617188,2493.529541015625
52.905609130859375,40.523250579833984,2528.7568359375,66.91902160644531,-138.29324340820312,2535.776123046875,86.00199127197266,-278.432861328125,2560.0634765625,92.86714935302734,-496.60943603515625,2568.286865234375,125.59529876708984,-459.8692626953125,2564.953857421875,265.09326171875,-425.0256652832031,2561.269287109375,376.8601379394531,-182.08302307128903,2485.153564453125,192.7171173095703,-272.12896728515625,2373.615234375,122.5153350830078,-239.62391662597656,2431.93994140625,105.52754974365234,-343.8102111816406,2405.93359375,64.6933822631836,-301.4618835449219,2320.060791015625,58.16754531860352,-461.16204833984375,2570.994873046875,-71.4986801147461,-435.3528747558594,2565.63037109375,-217.8200225830078,-192.90188598632812,2557.453857421875,-29.970184326171875,-251.82554626464844,2426.741943359375,8.806705474853516,-269.6361389160156,2331.55078125,43.16119766235352,-275.2897033691406,2230.518798828125,23.57549285888672,-286.96337890625,2321.419189453125,137.0160369873047,45.69114685058594,2492.48876953125,141.17042541503906,443.1055908203125,2427.002197265625,226.28643798828125,772.29296875,2607.489990234375,236.76223754882812,956.8538818359376,2644.31640625,-22.940475463867188,35.863128662109375,2561.461181640625,-57.00394821166992,436.5013122558594,2576.415771484375,-55.3422966003418,816.145751953125,2661.18798828125,-112.06385803222656,959.0764770507812,2581.01123046875,94.222900390625,-578.129638671875,2557.911865234375,98.92530059814452,-519.0239868164062,2407.5,127.8123550415039,-566.3413696289062,2417.405517578125,183.57179260253903,-618.7748413085938,2519.439208984375,75.42173767089844,-565.1669311523438,2412.80859375,17.59125328063965,-633.593994140625,2509.511962890625
53.54933547973633,41.51005935668945,2528.208984375,67.61251831054688,-137.75430297851562,2535.56103515625,86.77587890625,-278.2400817871094,2559.9765625,93.32331848144533,-497.1001892089844,2564.427490234375,126.18724822998048,-460.2651062011719,2561.63623046875,265.8876037597656,-424.5826110839844,2559.437744140625,375.1678466796875,-178.21075439453125,2488.269775390625,191.2424468994141,-274.5227355957031,2380.405517578125,121.0097885131836,-244.4438018798828,2440.386962890625,110.48301696777344,-349.43890380859375,2413.073974609375,65.69076538085938,-306.857421875,2324.645263671875,58.5992431640625,-461.5583190917969,2567.845703125,-71.1919937133789,-434.3649291992187,2564.174560546875,-214.83511352539065,-189.49957275390625,2555.132568359375,-26.60475730895996,-251.8293304443359,2425.447509765625,14.588109970092772,-274.54290771484375,2332.036376953125,59.44822692871094,-292.8044128417969,2236.470458984375,29.197097778320312,-293.06536865234375,2322.90087890625,137.71823120117188,46.60631561279297,2491.469970703125,139.65426635742188,444.1837768554687,2420.680908203125,226.8734893798828,773.8284912109375,2601.451904296875,236.07369995117188,958.781494140625,2639.13525390625,-22.349454879760746,36.91454315185547,2561.33837890625,-55.798973083496094,438.6412048339844,2576.461669921875,-55.11061096191406,818.1336059570312,2666.38525390625,-111.61517333984376,958.6773071289062,2581.032958984375,94.52252197265624,-578.64111328125,2552.61328125,103.44261169433594,-524.3084106445312,2400.1572265625,130.0260772705078,-572.7354125976562,2411.82080078125,182.42007446289065,-624.7314453125,2516.24609375,77.66033172607422,-569.2230224609375,2406.61669921875,15.592802047729492,-632.0196533203125,2504.9638671875
53.89447784423828,41.6855354309082,2528.4599609375,68.08486938476562,-137.76710510253906,2536.1748046875,87.51820373535156,-278.2825927734375,2561.200927734375,94.6064453125,-497.3486328125,2567.174072265625,127.42186737060548,-460.4090881347656,2564.165283203125,267.26080322265625,-424.5606384277344,2562.3193359375,375.8227844238281,-177.13584899902344,2492.42529296875,194.277587890625,-273.87799072265625,2380.393798828125,122.58167266845705,-244.0373687744141,2438.931640625,113.67261505126952,-348.90911865234375,2410.09716796875,69.63980865478516,-306.916259765625,2322.298095703125,59.74982452392578,-461.827880859375,2570.30908203125,-70.1423110961914,-434.4479064941406,2565.982421875,-212.7462921142578,-188.7072296142578,2554.125,-23.956954956054688,-252.9078063964844,2425.658935546875,19.04235076904297,-277.28033447265625,2333.347900390625,69.30840301513672,-300.705078125,2241.5302734375,34.62604522705078,-298.2049255371094,2325.129150390625,138.107421875,46.75782012939453,2491.546630859375,138.84605407714844,444.136962890625,2416.997314453125,224.6737823486328,775.845458984375,2595.6201171875,236.84957885742188,960.0489501953124,2637.0634765625,-22.044029235839844,37.11163711547851,2561.74658203125,-55.58031463623047,439.3144226074219,2576.745361328125,-55.028846740722656,819.35986328125,2666.333740234375,-113.726318359375,958.7688598632812,2580.185302734375,96.02212524414062,-579.0621948242188,2555.909912109375,104.21981811523438,-524.7481689453125,2403.203369140625,130.81764221191406,-573.2708740234375,2414.75927734375,183.7503967285156,-625.3677368164062,2519.0478515625,78.3685302734375,-569.6705322265625,2409.829833984375,16.655776977539062,-632.395263671875,2508.655029296875
54.07615661621094,40.88957595825195,2524.01220703125,68.86756134033203,-137.86244201660156,2533.418212890625,89.17625427246094,-277.6167297363281,2559.381591796875,97.2138214111328,-495.78082275390625,2569.998291015625,129.7518768310547,-458.89312744140625,2566.052978515625,268.3556213378906,-420.3815307617187,2561.81787109375,379.723876953125,-176.63299560546875,2487.099853515625,196.226806640625,-280.7648010253906,2387.05859375,126.60995483398438,-249.024658203125,2446.589111328125,114.66407775878906,-355.1737060546875,2426.01025390625,69.66688537597656,-307.3922119140625,2331.50732421875,62.32932662963867,-460.4600524902344,2572.525634765625,-67.57479858398438,-435.0868835449219,2569.3173828125,-209.3441162109375,-190.03341674804688,2554.978515625,-21.29417610168457,-250.7915496826172,2425.141357421875,19.958765029907227,-280.3826904296875,2333.939453125,75.45906066894531,-306.81683349609375,2246.45068359375,42.29441452026367,-297.68341064453125,2327.476318359375,137.04409790039062,45.70362854003906,2485.027099609375,142.80767822265625,440.1897888183594,2402.652099609375,223.45553588867188,775.8531494140625,2573.49755859375,240.3529357910156,957.1185913085938,2622.777099609375,-20.739681243896484,36.54853439331055,2559.167236328125,-54.40833282470703,437.129638671875,2581.300537109375,-56.85434341430664,818.8024291992188,2657.58935546875,-119.16336822509766,962.523193359375,2582.938720703125,98.92510986328124,-577.4526977539062,2560.51806640625,104.61111450195312,-524.656494140625,2407.70849609375,130.88499450683594,-573.1834106445312,2419.115478515625,185.19189453125,-624.7604370117188,2522.4560546875,78.55130004882812,-569.1289672851562,2415.197998046875,18.39373779296875,-630.2374267578125,2515.4267578125
58.250579833984375,45.182472229003906,2521.85107421875,70.70173645019531,-132.90399169921875,2531.67236328125,88.99142456054688,-272.2735290527344,2557.594970703125,94.4679718017578,-489.52496337890625,2568.102783203125,127.30166625976562,-453.1668395996094,2564.511962890625,266.02130126953125,-417.5868835449219,2560.675537109375,382.03509521484375,-177.27755737304688,2486.59716796875,195.4426727294922,-281.7487487792969,2395.512939453125,128.49026489257812,-249.67990112304688,2457.16845703125,115.55502319335938,-355.47344970703125,2438.020263671875,74.15634155273438,-304.0316467285156,2334.939208984375,60.11384582519531,-453.9813537597656,2570.305419921875,-69.38108825683594,-429.9166564941406,2565.63916015625,-206.86045837402344,-183.71066284179688,2555.302490234375,-21.023496627807617,-245.54115295410156,2424.744384765625,16.73152732849121,-280.6832275390625,2334.5458984375,83.41948699951172,-303.8418884277344,2254.88525390625,43.847896575927734,-300.1744079589844,2329.5185546875,140.9294891357422,48.82639694213867,2483.108154296875,142.87313842773438,438.0546569824219,2385.85009765625,222.5611572265625,775.4913940429688,2549.556640625,238.25259399414065,956.7025146484376,2596.07666015625,-16.304637908935547,41.89658737182617,2556.787353515625,-51.62564849853515,440.53216552734375,2578.173095703125,-58.35673904418945,819.2051391601562,2659.93115234375,-118.54606628417967,960.544677734375,2580.95361328125,95.35614013671876,-570.833740234375,2558.631103515625,104.1314697265625,-525.3607788085938,2404.39794921875,130.4068603515625,-572.8425903320312,2418.593505859375,182.47080993652344,-618.8426513671875,2524.96044921875,78.38545227050781,-569.4735107421875,2413.317626953125,16.690673828125,-626.1467895507812,2514.4248046875
57.441707611083984,44.05585861206055,2517.303466796875,67.96444702148438,-133.99111938476562,2530.211669921875,85.8363037109375,-272.9272766113281,2558.76416015625,94.27558135986328,-490.0044250488281,2571.506103515625,126.5790786743164,-453.2707824707031,2566.937744140625,265.2007141113281,-417.5951843261719,2560.40625,376.9261169433594,-174.258544921875,2489.49462890625,194.1540069580078,-282.28192138671875,2394.771240234375,125.70980072021484,-251.4477081298828,2455.438720703125,113.83696746826172,-357.6429443359375,2437.76953125,79.49789428710938,-299.754638671875,2325.4287109375,59.50815963745117,-454.8674621582031,2573.94091796875,-70.24510192871094,-432.1276245117187,2569.1220703125,-203.41697692871097,-183.63775634765625,2555.996826171875,-17.67919921875,-243.6906585693359,2424.393798828125,16.127140045166016,-281.7440490722656,2333.789306640625,85.10846710205078,-305.4364929199219,2256.240478515625,45.874244689941406,-301.86749267578125,2329.058837890625,138.4235076904297,45.77277755737305,2474.969482421875,141.9396209716797,436.4744567871094,2383.531982421875,221.91563415527344,773.7127685546875,2547.672119140625,237.17047119140625,954.7001953125,2595.333740234375,-15.58314609527588,42.50763320922851,2555.47802734375,-52.73450469970703,441.11328125,2575.67333984375,-56.49913024902344,820.8115234375,2653.090087890625,-121.36592864990234,964.1787109375,2581.77197265625,96.03473663330078,-571.4095458984375,2562.8916015625,104.13996887207033,-524.7322387695312,2408.95068359375,130.41455078125,-572.37255859375,2422.64892578125,182.9279022216797,-619.2932739257812,2528.419189453125,78.36404418945312,-568.8827514648438,2417.6494140625,17.057294845581055,-626.2650146484375,2518.6240234375
57.450077056884766,45.2304573059082,2515.058837890625,67.56346893310547,-132.52926635742188,2527.38037109375,83.39663696289062,-272.26312255859375,2551.494384765625,92.02296447753906,-488.4949340820313,2569.924072265625,124.23063659667967,-451.93365478515625,2564.427490234375,262.72802734375,-416.744873046875,2558.85546875,383.853515625,-177.3754119873047,2492.120361328125,196.9896545410156,-282.061767578125,2402.91357421875,130.82290649414062,-250.67367553710935,2465.491943359375,118.63321685791016,-356.2664489746094,2445.841552734375,78.55973815917969,-303.3877258300781,2339.906005859375,57.286956787109375,-453.4102783203125,2571.400146484375,-72.57229614257812,-432.3743286132813,2569.94140625,-202.3468017578125,-183.1290283203125,2550.5234375,-6.507828712463379,-242.6853179931641,2435.167724609375,-1.9253911972045896,-270.5838623046875,2335.375732421875,87.58623504638672,-303.6132507324219,2288.62255859375,42.922576904296875,-297.626708984375,2326.072265625,137.48631286621094,46.7528190612793,2471.328857421875,137.6232452392578,435.2395629882813,2374.029052734375,220.3070373535156,768.3321533203125,2543.450439453125,236.5074462890625,947.95849609375,2594.3857421875,-14.722108840942385,43.85767364501953,2554.49169921875,-51.95978927612305,441.3545227050781,2580.059814453125,-57.13603591918945,819.6617431640625,2660.345947265625,-119.20591735839844,963.433837890625,2588.18017578125,93.86669921875,-569.936767578125,2563.472412109375,103.70358276367188,-524.926513671875,2409.466796875,130.03347778320312,-572.161376953125,2423.987548828125,181.3274383544922,-617.5441284179688,2530.7236328125,78.13542938232422,-569.0562133789062,2418.277587890625,15.971981048583984,-625.6397705078125,2518.84326171875
58.10962677001953,42.26877212524414,2505.892578125,67.18115234375,-135.784912109375,2520.111083984375,83.41048431396484,-275.1526794433594,2547.62841796875,93.40679168701172,-491.3514404296875,2570.613037109375,125.4269027709961,-454.673583984375,2563.986572265625,263.5024108886719,-416.9374694824219,2557.01513671875,384.6746826171875,-177.03775024414062,2489.84423828125,196.13636779785156,-281.7552490234375,2402.948974609375,130.70513916015625,-250.7078399658203,2466.772705078125,116.16549682617188,-356.4761657714844,2448.449951171875,79.73570251464844,-299.1181945800781,2337.26953125,58.4268913269043,-456.3479919433594,2571.710205078125,-71.1985092163086,-432.3255615234375,2572.962890625,-200.59991455078125,-182.57745361328125,2549.319091796875,-4.5780839920043945,-244.6393280029297,2434.582763671875,-15.901751518249512,-259.3567199707031,2332.315673828125,76.34940338134766,-308.1620178222656,2311.226806640625,44.0230827331543,-300.5888366699219,2322.212158203125,137.9641571044922,42.78507614135742,2461.41064453125,136.29544067382812,432.6925354003906,2366.34130859375,227.33262634277344,767.8675537109375,2529.072509765625,245.7705993652344,948.4470825195312,2577.26318359375,-13.898715019226074,41.803199768066406,2546.00390625,-50.9226188659668,439.9680480957031,2574.572998046875,-55.58139419555664,817.2869262695312,2663.06982421875,-121.13259887695312,959.2058715820312,2589.455810546875,95.62378692626952,-573.074462890625,2565.867431640625,103.81259155273438,-524.3607177734375,2412.538330078125,130.17068481445312,-572.1312866210938,2425.64404296875,182.6648101806641,-620.3367919921875,2530.867431640625,78.111328125,-568.6791381835938,2420.629150390625,16.795162200927734,-627.5099487304688,2520.786865234375
58.1409912109375,42.47738265991211,2505.513427734375,67.19172668457031,-135.665771484375,2519.76513671875,83.27287292480469,-275.1666564941406,2547.071044921875,93.07353973388672,-491.6334838867187,2568.616943359375,125.14251708984376,-454.9249267578125,2562.21533203125,263.3047180175781,-417.1377868652344,2555.762939453125,384.4830322265625,-176.4782257080078,2490.77734375,195.99708557128903,-281.38616943359375,2403.6826171875,130.6323699951172,-250.95343017578125,2467.943115234375,114.66949462890624,-356.7760925292969,2450.834228515625,80.83846282958984,-300.6603088378906,2337.199462890625,58.11089324951172,-456.5861511230469,2569.96630859375,-71.56656646728516,-432.5252075195313,2571.929443359375,-200.490234375,-182.0511779785156,2551.926025390625,-5.680739879608154,-244.195556640625,2434.946533203125,-18.715791702270508,-258.7966003417969,2332.8134765625,72.98871612548828,-308.649169921875,2311.5185546875,40.9471549987793,-300.1817626953125,2321.888916015625,138.0361328125,42.976104736328125,2461.0087890625,136.56271362304688,433.0821838378906,2365.892578125,227.50662231445312,768.0955200195312,2529.46484375,245.95977783203125,948.5848999023438,2578.353759765625,-13.90396785736084,42.02766799926758,2545.645263671875,-51.02301406860352,440.4334411621094,2573.577392578125,-56.28409576416016,818.211669921875,2660.933349609375,-119.94727325439452,959.6930541992188,2584.662353515625,95.20889282226562,-573.366455078125,2563.321533203125,104.69693756103516,-527.9671020507812,2408.9677734375,132.64175415039062,-574.3550415039062,2423.765380859375,184.79588317871097,-617.9693603515625,2531.21533203125,80.57717895507812,-573.0910034179688,2417.624267578125,19.498998641967773,-631.9650268554688,2517.989013671875
62.8065185546875,41.445579528808594,2477.17333984375,71.62934112548828,-136.99261474609375,2498.53369140625,88.04536437988281,-275.3387451171875,2534.3388671875,95.20272064208984,-492.5842590332031,2560.720458984375,127.99164581298828,-456.0460510253906,2554.932373046875,267.0195617675781,-417.95562744140625,2557.406494140625,387.3669738769531,-175.4994659423828,2491.029541015625,198.0020751953125,-282.56982421875,2405.042724609375,132.4810791015625,-251.98602294921875,2469.872802734375,116.42823028564452,-358.5569763183594,2453.721435546875,79.72606658935547,-300.1709289550781,2340.63134765625,60.3087158203125,-457.0686950683594,2559.8779296875,-70.0064697265625,-433.48785400390625,2567.187744140625,-201.27130126953125,-181.81597900390625,2558.703125,-10.621129989624023,-260.79351806640625,2442.401611328125,-23.434091567993164,-252.7473297119141,2338.936279296875,64.75819396972656,-307.8057861328125,2313.154296875,39.236541748046875,-299.84466552734375,2322.584228515625,145.13424682617188,40.61240005493164,2436.208251953125,135.22183227539062,435.421630859375,2352.28271484375,226.83644104003903,768.5365600585938,2524.12939453125,245.26739501953125,948.9307861328124,2577.1943359375,-11.4320068359375,42.19689178466797,2514.113525390625,-47.66746520996094,441.3191223144531,2559.4326171875,-59.23161315917969,817.8958740234375,2659.907470703125,-119.14356231689452,964.1531982421876,2587.53857421875,96.90630340576172,-574.8723754882812,2557.12451171875,105.16558837890624,-520.007568359375,2404.857421875,132.75302124023438,-567.861083984375,2416.500732421875,185.8957977294922,-618.9393920898438,2520.96875,80.35215759277344,-565.4796752929688,2411.12158203125,19.34137535095215,-629.8350830078125,2509.08544921875
65.55875396728516,40.757930755615234,2452.34228515625,74.45284271240234,-138.8414764404297,2480.460693359375,89.1752700805664,-277.40423583984375,2522.353271484375,100.7620620727539,-494.4003601074219,2565.178466796875,133.20358276367188,-457.2513122558594,2556.9404296875,273.3478088378906,-416.9158935546875,2557.859619140625,389.1797790527344,-169.2155303955078,2489.269287109375,197.5121307373047,-279.2041320800781,2404.694580078125,132.01400756835938,-250.13739013671875,2471.890625,115.63553619384766,-357.94635009765625,2455.749267578125,79.1905288696289,-300.46600341796875,2339.697021484375,64.7255630493164,-459.4153442382813,2561.353515625,-66.72260284423828,-433.1036071777344,2566.729248046875,-206.86607360839844,-182.4904632568359,2558.62353515625,-14.60598373413086,-261.1092224121094,2439.17333984375,-10.145624160766602,-263.8807678222656,2333.53173828125,80.32310485839844,-320.4771423339844,2352.309326171875,35.57763671875,-299.7024230957031,2321.045166015625,152.24234008789062,39.76930618286133,2418.60888671875,130.97982788085938,440.9814453125,2345.285888671875,226.0471954345703,773.8552856445312,2525.571533203125,245.2642059326172,955.7158203125,2581.102294921875,-12.607641220092772,41.649417877197266,2482.76123046875,-43.01836395263672,441.4439697265625,2558.12841796875,-62.71761703491211,822.931640625,2656.3466796875,-126.04531860351562,966.2286987304688,2576.50390625,104.28468322753906,-577.6229858398438,2567.6826171875,91.25088500976562,-528.4882202148438,2411.832763671875,123.79820251464844,-574.2782592773438,2422.055908203125,192.69642639160156,-617.4076538085938,2522.649169921875,70.48450469970703,-575.793212890625,2422.64306640625,25.21022605895996,-640.6065063476562,2530.41845703125
63.95059967041016,40.582252502441406,2446.34814453125,72.75859832763672,-138.77639770507812,2475.08056640625,86.5436782836914,-277.0099182128906,2517.963623046875,96.83209228515624,-493.3459777832031,2563.45947265625,129.47984313964844,-456.3681335449219,2555.51416015625,269.5808410644531,-416.4659423828125,2559.21044921875,389.6408081054687,-170.28724670410156,2493.395751953125,198.08255004882812,-280.7359619140625,2409.707763671875,132.69723510742188,-251.31591796875,2476.744873046875,116.02417755126952,-359.1582336425781,2461.7734375,82.17618560791016,-305.32049560546875,2343.384033203125,60.97348403930664,-458.384765625,2558.45703125,-70.08699798583984,-430.6970825195313,2563.705810546875,-211.93292236328125,-181.18394470214844,2565.611328125,-17.66455078125,-249.1200408935547,2443.276611328125,-15.550373077392578,-261.00628662109375,2338.28125,78.77983856201172,-313.460205078125,2346.762939453125,29.774253845214844,-295.1966552734375,2327.15869140625,152.01943969726562,40.14746856689453,2416.63623046875,125.26632690429688,439.3941650390625,2336.5185546875,221.80661010742188,771.4085693359375,2516.9296875,244.8748016357422,952.3709716796876,2573.393798828125,-15.464946746826172,40.97431564331055,2473.140625,-44.743350982666016,437.9701232910156,2560.954833984375,-64.77317810058594,816.3138427734375,2669.46044921875,-119.12706756591795,955.22900390625,2576.627197265625,100.16024780273438,-576.472900390625,2566.98291015625,99.42253875732422,-524.321533203125,2411.709228515625,128.4346160888672,-572.1478271484375,2422.947021484375,188.43475341796875,-620.9304809570312,2526.482177734375,75.22964477539062,-570.3721313476562,2420.39501953125,19.817081451416016,-633.8287963867188,2524.030029296875
62.68429183959961,41.38960647583008,2447.78857421875,70.20706176757812,-139.17701721191406,2476.072998046875,84.1648178100586,-278.47894287109375,2518.33154296875,93.14542388916016,-496.98193359375,2559.898193359375,126.21642303466795,-459.745849609375,2553.15576171875,267.26507568359375,-420.4801330566406,2560.003173828125,387.5688781738281,-174.2846221923828,2487.918701171875,193.63523864746097,-281.6202697753906,2401.7666015625,127.62004089355467,-250.02828979492188,2468.037109375,110.74002075195312,-358.2185974121094,2451.17138671875,74.2364273071289,-303.78411865234375,2336.615234375,57.26578140258789,-461.6026916503906,2555.0146484375,-74.27503967285156,-433.4286193847656,2564.2451171875,-213.18585205078125,-180.43658447265625,2571.07421875,-20.587726593017575,-251.54969787597656,2445.204833984375,-22.408981323242188,-256.42138671875,2339.026123046875,75.22234344482422,-304.62652587890625,2340.905517578125,23.30089569091797,-295.3329162597656,2323.089599609375,149.50271606445312,39.58080291748047,2413.150146484375,124.25818634033205,441.398681640625,2333.196533203125,217.3013610839844,771.344482421875,2523.8955078125,237.09375,952.4514770507812,2584.759033203125,-15.60369110107422,43.02068328857422,2479.0234375,-44.38894271850586,442.2056884765625,2568.173828125,-65.30255889892578,822.1065063476562,2679.439697265625,-118.89411163330078,959.4849853515624,2582.037109375,96.18437957763672,-580.6599731445312,2561.824951171875,112.48506927490234,-519.82861328125,2409.57861328125,135.18898010253906,-571.5648803710938,2419.650634765625,182.05780029296875,-633.0772094726562,2524.12451171875,82.53336334228516,-563.4113159179688,2413.761474609375,12.68063735961914,-626.031494140625,2509.91845703125
54.77433776855469,38.005638122558594,2453.660888671875,65.95648956298828,-142.0120086669922,2482.8916015625,83.98505401611328,-280.66033935546875,2525.191162109375,93.5910186767578,-499.0125122070313,2566.06689453125,126.51768493652344,-461.8043518066406,2558.89794921875,267.2611999511719,-421.742919921875,2563.54052734375,387.4368591308594,-176.1712188720703,2490.371826171875,191.7349395751953,-282.25457763671875,2407.46484375,127.18846130371094,-250.76821899414065,2475.05419921875,112.30227661132812,-358.6808166503906,2455.553955078125,78.85535430908203,-308.7147216796875,2338.490478515625,57.68205261230469,-463.6604919433594,2561.834228515625,-73.61026000976562,-434.85699462890625,2570.4287109375,-208.27227783203125,-180.0961151123047,2559.301025390625,-17.277122497558594,-257.0880126953125,2434.97412109375,-2.3724026679992676,-264.99847412109375,2330.13671875,87.15371704101562,-317.2455139160156,2363.119384765625,33.225990295410156,-297.10235595703125,2318.19775390625,139.09059143066406,36.72771072387695,2413.53564453125,116.27498626708984,437.8780212402344,2331.882080078125,214.1604461669922,766.1629638671875,2522.117431640625,235.85543823242188,946.6046752929688,2583.625,-21.257349014282227,39.15800094604492,2489.84375,-46.46992111206055,439.5794372558594,2572.15283203125,-62.939971923828125,821.2691040039062,2676.2255859375,-114.93963623046876,961.8567504882812,2582.988037109375,96.65005493164062,-582.6008911132812,2567.753173828125,105.98526763916016,-524.6123657226562,2414.017822265625,133.92800903320312,-573.3788452148438,2425.2958984375,187.2433929443359,-626.8115234375,2530.93603515625,80.74932861328125,-570.8762817382812,2419.54296875,18.184410095214844,-637.684326171875,2517.6689453125
53.80733871459961,36.91621398925781,2459.680419921875,66.98360443115234,-143.38699340820312,2487.44873046875,86.95167541503906,-282.2862548828125,2528.55126953125,93.82231903076172,-502.1326599121094,2562.63916015625,127.24569702148438,-465.1252136230469,2556.4365234375,267.42315673828125,-422.6372985839844,2561.3349609375,385.8135986328125,-174.73638916015625,2492.099609375,191.20555114746097,-282.60626220703125,2408.234130859375,126.38088989257812,-252.40081787109375,2476.287109375,113.83048248291016,-360.3875122070313,2454.995361328125,77.79557037353516,-309.2220764160156,2339.572265625,58.33689498901367,-466.1539306640625,2559.69580078125,-72.43405151367188,-433.9944152832031,2566.246337890625,-211.47361755371097,-181.06472778320312,2571.243896484375,-24.869918823242188,-250.3912811279297,2435.763427734375,-7.682247161865234,-263.7923583984375,2331.72705078125,85.45909881591797,-315.7597351074219,2353.65283203125,28.766016006469727,-295.5030212402344,2322.45458984375,137.48321533203125,36.61250305175781,2418.003662109375,112.3626480102539,437.2267456054687,2332.390869140625,212.4615020751953,764.3904418945312,2524.222412109375,235.0979766845703,944.5281372070312,2586.88134765625,-21.646875381469727,37.19008255004883,2497.26220703125,-47.48139953613281,438.9627075195313,2574.730224609375,-63.54527282714844,821.7149047851562,2676.474853515625,-114.14291381835938,960.640869140625,2579.701416015625,95.76265716552734,-585.851806640625,2561.722900390625,109.48731994628906,-517.444091796875,2412.486328125,137.63893127441406,-566.6468505859375,2421.3994140625,188.1209716796875,-626.658935546875,2525.04248046875,84.59867858886719,-564.2587280273438,2414.03662109375,19.55636978149414,-638.2107543945312,2505.38037109375
57.37898635864258,37.5242919921875,2461.240966796875,68.13772583007812,-143.77822875976562,2482.406982421875,86.13802337646484,-284.7262268066406,2516.7333984375,92.3036651611328,-499.40277099609375,2574.945556640625,125.83454132080078,-463.4425354003906,2564.639404296875,266.2955322265625,-421.764892578125,2564.87548828125,386.40533447265625,-175.7005615234375,2492.4619140625,191.11375427246097,-284.2550964355469,2411.31005859375,126.6919403076172,-252.88888549804688,2479.178466796875,114.38883972167967,-361.0874938964844,2459.016845703125,78.40554809570312,-312.36328125,2342.886474609375,56.948429107666016,-463.8534240722656,2568.08203125,-74.21991729736328,-433.088134765625,2572.070556640625,-208.9413146972656,-178.1569366455078,2560.15771484375,-20.790084838867188,-255.2779083251953,2431.31787109375,-3.1538922786712646,-264.5349426269531,2326.9375,84.68260192871094,-325.11944580078125,2348.47802734375,32.33123016357422,-296.77783203125,2317.20361328125,139.63650512695312,37.2275505065918,2416.8876953125,109.94342041015624,436.8529357910156,2328.73046875,216.1498107910156,763.3991088867188,2518.079833984375,239.4721221923828,943.2984008789062,2580.99951171875,-16.79623794555664,37.791873931884766,2501.236083984375,-45.270240783691406,439.7771606445313,2575.993896484375,-63.767940521240234,823.1843872070312,2674.350830078125,-115.06238555908205,962.4920043945312,2578.59228515625,93.95198059082033,-582.6901245117188,2583.306396484375,107.30057525634766,-517.757080078125,2432.544189453125,135.22796630859375,-566.8826293945312,2442.427734375,185.8862762451172,-624.7969360351562,2547.125,82.18107604980469,-564.3768310546875,2435.268798828125,17.2181453704834,-635.8798828125,2528.541015625
54.02140045166016,41.09725570678711,2451.5625,62.8338623046875,-140.25160217285156,2475.55810546875,79.30107116699219,-280.6851806640625,2513.557373046875,88.0176010131836,-496.6978759765625,2567.713623046875,121.17606353759766,-460.0279235839844,2558.357666015625,261.9101867675781,-418.5214538574219,2560.77783203125,385.18408203125,-173.5321044921875,2488.272705078125,189.06863403320312,-284.91357421875,2411.974365234375,125.4290771484375,-253.4520568847656,2480.7587890625,112.66757202148438,-362.1408386230469,2462.65478515625,82.46768951416016,-319.6606750488281,2341.298095703125,52.168582916259766,-461.45355224609375,2561.256591796875,-78.96967315673828,-431.0301208496094,2571.38525390625,-208.92771911621097,-173.40093994140625,2554.50146484375,-16.72431755065918,-259.76568603515625,2437.31884765625,-2.9843318462371826,-264.0044860839844,2331.86181640625,83.83172607421875,-329.1856994628906,2341.954345703125,32.94868087768555,-301.3985900878906,2319.81103515625,137.845458984375,39.66252517700195,2409.9345703125,110.2855987548828,444.03564453125,2342.01611328125,208.9703063964844,766.5988159179688,2543.186279296875,225.87738037109375,947.5650024414062,2606.030517578125,-21.56644630432129,42.391021728515625,2489.10009765625,-46.341007232666016,442.8537292480469,2575.947998046875,-63.6767578125,824.6419677734375,2682.974853515625,-114.5490493774414,960.111572265625,2581.157470703125,90.76219940185548,-580.235107421875,2574.475830078125,117.79622650146484,-532.1701049804688,2419.011962890625,139.7432861328125,-582.8192749023438,2434.962158203125,179.16505432128906,-635.20263671875,2547.379150390625,87.5736312866211,-575.4691772460938,2424.718017578125,11.010624885559082,-630.301513671875,2520.746826171875
51.04741668701172,40.11537551879883,2460.861328125,63.3531494140625,-143.2787628173828,2486.4091796875,82.67333984375,-284.9358825683594,2526.02978515625,88.993408203125,-507.003662109375,2566.57861328125,123.01681518554688,-469.68359375,2559.578125,263.8772277832031,-422.3362426757813,2564.777099609375,382.22015380859375,-169.70309448242188,2495.5234375,193.87110900878903,-294.4045104980469,2410.799072265625,124.30127716064452,-263.9175720214844,2476.09033203125,107.05809020996094,-374.8663024902344,2471.007080078125,79.0538101196289,-328.1778259277344,2341.39453125,53.075408935546875,-470.5419616699219,2562.321044921875,-78.2306137084961,-433.5267333984375,2572.3837890625,-203.40785217285156,-169.1781005859375,2557.185546875,-10.406494140625,-268.5062561035156,2445.063720703125,0.5128858685493469,-264.769287109375,2337.8369140625,89.2140884399414,-328.47613525390625,2354.53466796875,45.30553436279297,-302.6636962890625,2325.119384765625,136.09817504882812,39.974735260009766,2418.88525390625,107.16770935058594,453.3249206542969,2377.534912109375,204.67852783203125,763.4142456054688,2607.132568359375,206.71324157714844,954.3674926757812,2645.9326171875,-25.64659309387207,40.2421989440918,2498.712890625,-46.51991271972656,448.3958740234375,2576.2177734375,-59.08970260620117,837.83935546875,2675.73876953125,-114.9628677368164,966.7261962890624,2564.337890625,90.8327407836914,-591.9420776367188,2567.91943359375,110.837890625,-524.8557739257812,2416.14111328125,134.99298095703125,-576.9946899414062,2425.50830078125,180.67306518554688,-641.4586791992188,2531.083740234375,81.59435272216797,-569.9973754882812,2417.93994140625,9.295735359191896,-638.5476684570312,2510.93115234375
52.598350524902344,40.99062728881836,2456.78466796875,62.519317626953125,-141.616943359375,2480.490966796875,79.79041290283203,-282.9496154785156,2518.710693359375,88.43040466308594,-502.4827270507813,2564.423583984375,121.84046173095705,-465.140625,2556.9306640625,262.4810485839844,-420.1935729980469,2562.703125,384.642578125,-172.1177978515625,2491.120849609375,198.32569885253903,-297.3324279785156,2406.967041015625,128.2344970703125,-265.1940612792969,2469.9033203125,107.25035858154295,-374.88922119140625,2470.951904296875,78.56603240966797,-327.993408203125,2341.921875,52.32935333251953,-466.8292846679687,2558.93017578125,-78.97996520996094,-434.0301513671875,2571.587646484375,-198.8320770263672,-169.19776916503906,2557.28076171875,-7.5927228927612305,-264.6673278808594,2442.163818359375,5.330077171325684,-264.6037902832031,2335.777587890625,90.89815521240234,-330.3542175292969,2355.959228515625,50.717586517333984,-307.3632507324219,2326.123779296875,137.47325134277344,40.28291702270508,2415.8134765625,100.96556091308594,451.5617065429687,2388.448974609375,199.9784393310547,761.84521484375,2612.7578125,201.8630218505859,947.10205078125,2669.0888671875,-23.937084197998047,41.62880325317383,2493.730224609375,-43.21854782104492,447.2176208496094,2571.121826171875,-53.15187072753906,834.4133911132812,2669.52099609375,-116.44615173339844,968.76416015625,2571.11083984375,91.31619262695312,-586.7994384765625,2567.827392578125,115.35904693603516,-525.3922729492188,2415.385986328125,138.8541259765625,-576.9574584960938,2427.05712890625,181.2410888671875,-637.598876953125,2535.207275390625,86.0353775024414,-570.0401000976562,2417.951171875,11.52159309387207,-634.6702880859375,2510.7490234375
57.30008316040039,38.87241744995117,2450.91015625,64.50111389160156,-140.8585662841797,2484.001708984375,78.20178985595703,-278.8888244628906,2530.24755859375,86.26358795166016,-498.4773864746094,2565.62939453125,119.4824676513672,-461.3459777832031,2559.100830078125,260.00543212890625,-419.9526062011719,2563.147216796875,380.6705322265625,-173.87179565429688,2491.455322265625,201.6952362060547,-301.3459167480469,2400.607421875,128.69935607910156,-268.7744140625,2458.533203125,101.91992950439452,-375.9609375,2466.563720703125,78.07735443115234,-327.0018310546875,2337.310302734375,50.59392929077149,-462.6941223144531,2562.58154296875,-80.533447265625,-432.3390808105469,2570.34716796875,-200.46234130859375,-169.99986267089844,2559.568359375,-15.714227676391602,-265.4797668457031,2438.21240234375,10.486833572387695,-264.30828857421875,2335.210205078125,95.06373596191406,-329.8301086425781,2355.43310546875,50.454795837402344,-306.1305236816406,2326.96044921875,144.28311157226562,36.076271057128906,2416.794921875,102.45326232910156,440.8690490722656,2363.6328125,195.4525451660156,741.216796875,2598.111328125,201.27430725097656,922.2743530273438,2661.893798828125,-21.136335372924805,41.393829345703125,2481.67333984375,-33.628292083740234,442.3003234863281,2566.459716796875,-36.95148468017578,824.5070190429688,2671.3330078125,-90.53787994384766,972.305419921875,2590.671875,88.6145248413086,-582.1852416992188,2565.209228515625,116.94437408447266,-520.674072265625,2415.041748046875,139.99948120117188,-571.8065795898438,2427.141845703125,178.8686981201172,-632.2511596679688,2535.42626953125,87.9000015258789,-565.02880859375,2416.532470703125,11.358790397644045,-629.6299438476562,2506.026611328125
58.31240463256836,30.517488479614254,2426.1142578125,65.9889144897461,-145.7275390625,2475.211181640625,75.45443725585938,-279.0137939453125,2535.011474609375,85.3407211303711,-498.0090942382813,2575.01416015625,118.28759002685548,-460.4814147949219,2568.914794921875,258.2661437988281,-416.7276916503906,2564.386474609375,378.1711120605469,-171.6666717529297,2486.802490234375,198.0540008544922,-302.0877380371094,2401.824462890625,125.78374481201172,-268.48858642578125,2460.276123046875,101.57023620605467,-376.3508911132813,2469.217529296875,70.72809600830078,-329.22149658203125,2344.209716796875,49.260684967041016,-462.7739562988281,2570.01123046875,-82.28602600097656,-432.82720947265625,2565.638671875,-202.4700469970703,-170.08331298828125,2558.88037109375,-19.323841094970703,-269.46917724609375,2437.6494140625,14.387072563171388,-263.88812255859375,2336.8662109375,94.6633758544922,-331.97393798828125,2365.22607421875,49.48284530639648,-307.2191162109375,2325.918212890625,150.70558166503906,30.386369705200195,2411.19775390625,78.54276275634766,432.30902099609375,2365.42822265625,-3.381878137588501,764.566650390625,2558.058349609375,-54.09625244140625,942.3606567382812,2610.890869140625,-25.002580642700195,30.635725021362305,2439.5654296875,39.575706481933594,428.6061706542969,2516.572265625,120.79920196533205,803.0271606445312,2619.947021484375,132.79730224609375,978.6300048828124,2602.115234375,88.8776626586914,-581.7681884765625,2576.32421875,133.14894104003906,-534.1887817382812,2424.736328125,137.03683471679688,-590.22802734375,2436.778564453125,154.98646545410156,-660.52685546875,2544.792236328125,90.34425354003906,-565.507080078125,2427.369140625,-1.7738938331604004,-599.005859375,2519.440673828125
77.48152160644531,28.87142562866211,2428.5166015625,69.1276626586914,-146.27488708496094,2465.5478515625,68.0531997680664,-280.6306457519531,2515.2900390625,82.78033447265625,-492.3093872070313,2565.66357421875,114.15338134765624,-455.2337036132813,2557.578125,250.87847900390625,-411.4005737304687,2559.961181640625,372.24609375,-172.46250915527344,2487.5986328125,206.4744110107422,-306.88677978515625,2394.151123046875,130.26596069335938,-273.48681640625,2443.478271484375,96.09458923339844,-374.63470458984375,2463.05078125,71.36170959472656,-327.5219421386719,2348.033447265625,46.67202377319336,-458.93646240234375,2559.151123046875,-83.05636596679688,-434.86090087890625,2565.694091796875,-201.0630340576172,-177.91482543945312,2558.3291015625,-25.614246368408203,-262.61328125,2425.252197265625,15.329103469848633,-268.5864562988281,2329.67431640625,94.26612854003906,-331.5596618652344,2364.11669921875,46.27043914794922,-307.1084289550781,2323.7529296875,165.92147827148438,19.978437423706055,2406.40673828125,83.1939926147461,409.7374877929687,2351.9443359375,10.509185791015623,786.5474853515625,2330.9833984375,-54.16256332397461,910.3875122070312,2204.906005859375,-2.268671989440918,36.890625,2448.4541015625,-22.269275665283203,426.3717041015625,2544.77978515625,-33.69782638549805,795.305908203125,2665.565185546875,-93.87632751464844,940.632568359375,2593.19970703125,88.11279296875,-574.0011596679688,2571.25927734375,115.50873565673828,-527.38916015625,2419.167236328125,136.22525024414062,-577.2608032226562,2434.818359375,173.85935974121094,-629.0653686523438,2544.89501953125,85.30300903320312,-569.3172607421875,2424.7080078125,9.44382667541504,-621.8452758789062,2518.561279296875
81.96542358398438,29.343812942504883,2433.326904296875,70.004150390625,-144.5380401611328,2475.194580078125,65.11030578613281,-277.1676330566406,2529.240966796875,82.28563690185547,-490.9284057617187,2569.161865234375,113.2386474609375,-453.1658325195313,2562.744873046875,250.65997314453125,-411.6913146972656,2557.773681640625,370.96429443359375,-170.90283203125,2489.669921875,204.34046936035156,-304.198486328125,2395.9990234375,128.74102783203125,-272.0434265136719,2447.098388671875,96.57960510253906,-374.3191833496094,2464.18505859375,70.77631378173828,-327.5306701660156,2348.36083984375,45.79400634765625,-457.6532897949219,2564.45654296875,-84.0120620727539,-432.9651489257813,2564.833984375,-203.4414978027344,-176.5289306640625,2561.38427734375,-31.962663650512695,-256.9882507324219,2420.635009765625,26.25742530822754,-269.165771484375,2335.11376953125,99.80721282958984,-337.4806213378906,2371.324951171875,47.300235748291016,-307.53533935546875,2328.91259765625,171.3806610107422,19.07458114624023,2416.222900390625,79.19026947021484,406.4806213378906,2359.585693359375,3.5335347652435303,782.5965576171875,2335.43408203125,-52.92539596557617,892.9688110351562,2193.8017578125,1.3357772827148438,38.60403060913086,2448.75048828125,47.90361022949219,436.8453979492187,2422.72314453125,179.61460876464844,756.255859375,2600.275634765625,238.84292602539065,918.432861328125,2586.808349609375,88.48999786376953,-572.7523193359375,2570.739013671875,119.75695037841795,-529.0398559570312,2418.496337890625,136.08892822265625,-580.4910888671875,2434.265625,169.15322875976562,-635.1083374023438,2544.48095703125,86.0304183959961,-568.190673828125,2424.14697265625,5.933785915374756,-613.7406616210938,2518.164306640625
91.68132019042967,30.54146385192871,2423.809326171875,72.37348175048828,-144.06997680664062,2472.682373046875,58.615753173828125,-276.11334228515625,2532.902587890625,75.0430679321289,-492.7660217285156,2577.98193359375,106.69149017333984,-454.4832458496094,2571.455322265625,245.900390625,-411.6036682128906,2560.02880859375,373.2919616699219,-172.28883361816406,2480.8046875,198.1134490966797,-310.07891845703125,2400.031982421875,124.0287628173828,-273.783935546875,2453.7041015625,91.39918518066406,-376.6683044433594,2477.102294921875,68.3246841430664,-317.1543273925781,2342.45361328125,38.057594299316406,-459.0091247558594,2571.711669921875,-93.7563018798828,-433.1144409179687,2566.998046875,-206.03773498535156,-168.1858673095703,2561.566650390625,-38.58002853393555,-266.39117431640625,2420.345947265625,32.427886962890625,-268.8312683105469,2341.721435546875,97.47767639160156,-344.08306884765625,2385.19873046875,45.69856262207031,-306.1631164550781,2324.580322265625,184.14610290527344,19.379030227661133,2420.457763671875,86.09158325195312,413.17626953125,2368.139892578125,-3.4450292587280273,792.82568359375,2340.403076171875,-32.20418930053711,913.862060546875,2194.845703125,8.301756858825684,40.607120513916016,2426.831298828125,74.20862579345703,443.7076721191406,2411.52734375,171.05177307128906,759.890869140625,2627.868896484375,230.90628051757812,925.5488891601562,2631.132080078125,81.27371978759766,-575.958984375,2581.29443359375,152.0118865966797,-550.3880004882812,2435.291748046875,141.05670166015625,-604.625244140625,2449.822998046875,129.52088928222656,-669.484130859375,2561.3994140625,103.14697265625,-570.5452270507812,2433.787841796875,-3.562808036804199,-575.3978881835938,2514.552001953125
92.13465881347656,34.446109771728516,2428.81640625,73.11908721923828,-141.66770935058594,2476.2060546875,58.8754768371582,-274.9346618652344,2535.5908203125,74.72441864013672,-493.4554138183594,2577.901611328125,106.65979766845705,-454.9332885742187,2572.060302734375,246.5798187255859,-411.5423889160156,2560.7734375,373.0993041992187,-169.22898864746094,2483.647216796875,197.93722534179688,-308.1788330078125,2400.947021484375,123.18038177490234,-272.77978515625,2455.29345703125,91.49774932861328,-376.8776550292969,2477.51953125,69.60181427001953,-316.82666015625,2340.22021484375,37.632999420166016,-459.3482666015625,2571.87939453125,-94.54825592041016,-431.76373291015625,2565.7548828125,-208.8573303222656,-165.95249938964844,2560.228271484375,-37.96303176879883,-266.51251220703125,2422.537353515625,32.63458251953125,-264.1351623535156,2342.7490234375,90.00678253173828,-345.3182067871094,2387.8544921875,46.56915664672851,-305.9259033203125,2323.356689453125,185.2922210693359,24.23238754272461,2428.239501953125,83.7231216430664,419.46142578125,2375.478271484375,-10.3853120803833,800.173828125,2346.5537109375,-32.295616149902344,924.9334106445312,2201.536376953125,8.130393981933594,43.65626907348633,2429.33642578125,91.11578369140624,445.8746643066406,2412.73681640625,180.2791290283203,763.849365234375,2633.75146484375,241.40472412109375,930.0712280273438,2629.524169921875,80.80915832519531,-577.1649780273438,2580.07373046875,140.11001586914062,-538.1338500976562,2430.952880859375,138.40231323242188,-593.96826171875,2444.706298828125,142.3599853515625,-662.1135864257812,2555.6923828125,94.70309448242188,-565.8089599609375,2431.098388671875,-6.608497142791748,-588.797607421875,2516.7841796875
90.348388671875,35.00397491455078,2432.946044921875,73.61749267578125,-141.36032104492188,2476.557861328125,60.980079650878906,-275.3484802246094,2532.78515625,75.70191955566406,-492.8895263671875,2574.648681640625,107.66096496582033,-454.7080383300781,2568.87939453125,247.14382934570312,-411.5886840820313,2561.35888671875,368.60498046875,-168.49452209472656,2483.802978515625,194.03379821777344,-307.65679931640625,2403.69677734375,120.46784973144533,-273.4252014160156,2459.4931640625,90.7440948486328,-377.6507263183594,2481.033935546875,68.25653839111328,-316.2193603515625,2341.9560546875,38.96079635620117,-458.7703247070313,2568.692138671875,-92.94107818603516,-432.6148376464844,2566.482421875,-209.8550720214844,-169.57398986816406,2559.16796875,-36.574764251708984,-265.1481018066406,2423.038818359375,33.06618881225586,-264.1622009277344,2343.093994140625,93.02672576904295,-345.20770263671875,2383.51220703125,47.59941864013672,-306.0194396972656,2325.211669921875,183.17076110839844,26.125329971313477,2432.65087890625,82.46122741699219,419.4526672363281,2380.12060546875,-11.13143539428711,798.3450927734375,2352.457275390625,-43.307151794433594,929.1889038085938,2216.2666015625,6.646357536315918,43.01023864746094,2433.212158203125,93.06975555419922,441.87249755859375,2406.990478515625,181.7483062744141,762.3851318359375,2620.835693359375,240.42654418945312,928.282958984375,2631.031982421875,81.35546112060547,-576.2088012695312,2576.719970703125,151.66244506835938,-549.1262817382812,2430.682373046875,147.02610778808594,-603.5758056640625,2447.71533203125,140.9989013671875,-664.047607421875,2562.2314453125,105.60993194580078,-575.143798828125,2429.409423828125,-1.5097558498382568,-589.1373901367188,2508.67041015625
89.940673828125,35.052371978759766,2431.460205078125,77.22218322753906,-139.13233947753906,2471.365234375,67.09217834472656,-272.303466796875,2523.0869140625,76.18719482421875,-484.4264831542969,2572.580078125,108.50812530517578,-448.0403747558594,2565.235595703125,247.1309509277344,-410.8009948730469,2563.48681640625,363.3255920410156,-171.98643493652344,2483.05419921875,193.65948486328125,-311.250732421875,2405.18994140625,120.78939819335938,-277.865966796875,2459.275146484375,95.16571807861328,-381.3420104980469,2479.50927734375,69.08171844482422,-317.164794921875,2345.8857421875,40.96757125854492,-450.2303161621094,2565.62109375,-89.28722381591797,-428.4780578613281,2565.773681640625,-204.92518615722656,-170.76495361328125,2553.28369140625,-36.08070373535156,-263.3969421386719,2417.133544921875,37.886924743652344,-264.50311279296875,2343.87353515625,92.15733337402344,-334.78375244140625,2402.951416015625,47.36016082763672,-306.0050354003906,2322.926513671875,181.27110290527344,28.784334182739254,2433.208984375,73.11715698242188,412.5688171386719,2382.030029296875,-28.184906005859375,782.5565185546875,2360.8134765625,-70.94461822509766,826.072509765625,2182.86083984375,7.584005355834961,40.704532623291016,2429.883056640625,89.6408462524414,432.7939758300781,2401.7412109375,59.276329040527344,765.6917114257812,2599.179931640625,-16.43146514892578,895.0885009765625,2512.684326171875,79.58745574951172,-566.214599609375,2577.8369140625,154.3934326171875,-555.698486328125,2435.253173828125,140.25372314453125,-607.1061401367188,2453.0400390625,122.2771224975586,-661.7307739257812,2566.611328125,105.40835571289062,-572.9360961914062,2433.684814453125,-1.721695065498352,-566.077880859375,2509.750732421875
81.52845001220703,36.20113754272461,2434.42724609375,74.9795150756836,-137.19949340820312,2466.553955078125,69.54804229736328,-270.88238525390625,2511.313720703125,77.64041137695312,-479.2846374511719,2562.52001953125,109.62623596191406,-443.6568603515625,2554.88671875,246.3750915527344,-408.03369140625,2559.96826171875,364.6246643066406,-172.6198272705078,2487.050537109375,201.8724670410156,-305.2086181640625,2394.490478515625,126.46603393554688,-272.05535888671875,2442.31591796875,98.322265625,-374.1837158203125,2456.52490234375,69.450927734375,-314.68121337890625,2345.66162109375,43.08628845214844,-445.5436706542969,2555.24755859375,-85.2339859008789,-425.5995788574219,2562.8955078125,-199.1434326171875,-171.8104248046875,2549.1376953125,-35.10654067993164,-261.9317321777344,2411.4912109375,41.69739532470703,-264.99285888671875,2343.595458984375,97.67316436767578,-340.98443603515625,2389.742431640625,51.429500579833984,-306.93621826171875,2323.472412109375,171.6533966064453,33.11689376831055,2436.152099609375,66.28498840332031,411.7565307617187,2387.732666015625,-31.801454544067383,776.9546508789062,2372.381103515625,-69.3978042602539,812.3509521484375,2194.411376953125,0.2588257193565368,38.98233413696289,2432.8720703125,97.33222198486328,420.6989135742187,2396.174072265625,145.0113983154297,786.72802734375,2496.1982421875,218.0643615722656,870.7525024414062,2367.079833984375,80.66413116455078,-559.7975463867188,2568.64501953125,166.4735565185547,-579.7039794921875,2436.338134765625,146.19000244140625,-625.2759399414062,2460.362548828125,113.97488403320312,-657.578857421875,2577.16796875,117.07471466064452,-592.602294921875,2432.8046875,6.850861072540283,-564.3839721679688,2494.861328125
70.35569763183594,50.5848503112793,2452.091796875,70.78202056884766,-125.03011322021484,2450.436279296875,65.99381256103516,-263.81024169921875,2429.701171875,75.27581024169922,-477.2217102050781,2422.968505859375,43.57865524291992,-443.9978637695313,2437.786376953125,-54.342864990234375,-417.21441650390625,2535.23876953125,-151.46505737304688,-164.0896759033203,2557.528076171875,-93.5785903930664,40.90167617797851,2639.731201171875,-93.3182373046875,121.1891098022461,2690.12158203125,-44.89762878417969,215.620361328125,2682.869873046875,-21.962854385375977,161.75123596191406,2663.630126953125,102.8941650390625,-439.9078979492187,2408.56982421875,221.07562255859375,-403.07806396484375,2370.66943359375,335.1562805175781,-189.0491180419922,2504.853759765625,344.2872314453125,-121.1508560180664,2725.68017578125,377.9134521484375,-95.06631469726562,2818.44775390625,338.66064453125,-46.238616943359375,2902.153076171875,311.2479553222656,-134.46693420410156,2864.499267578125,-16.43379783630371,50.158348083496094,2474.98779296875,29.074777603149418,432.1408996582031,2389.393310546875,77.18736267089844,788.5943603515625,2277.697021484375,110.46556854248048,963.494140625,2325.78466796875,148.6175994873047,50.96944046020508,2431.4453125,193.2758331298828,424.4263916015625,2547.67578125,217.4206085205078,797.0341796875,2621.368408203125,258.3983459472656,940.7109985351562,2701.78564453125,84.55941009521484,-556.5491943359375,2432.306884765625,124.64891815185548,-603.9683227539062,2577.79296875,102.96165466308594,-641.81005859375,2544.123779296875,24.996644973754883,-639.5258178710938,2446.707275390625,151.33226013183594,-624.7816162109375,2539.73046875,179.60787963867188,-595.8899536132812,2417.251953125
66.5687026977539,50.71910858154297,2450.821044921875,66.1251220703125,-124.64900207519533,2451.06396484375,62.02629470825195,-263.40936279296875,2431.45556640625,72.97061157226562,-476.5279541015625,2429.36669921875,40.84384536743164,-443.2945861816406,2442.9599609375,-56.93280792236328,-415.0692443847656,2539.85498046875,-143.1390380859375,-158.51339721679688,2562.984375,-84.9079360961914,47.66891860961914,2640.937744140625,-94.68585205078124,125.39498138427734,2694.06396484375,-42.3759651184082,217.2316436767578,2683.511962890625,-18.111351013183594,169.8974151611328,2664.123779296875,100.49951171875,-439.3660278320313,2414.64501953125,218.9885101318359,-403.885009765625,2377.0595703125,335.9347229003906,-188.5813751220703,2505.798095703125,347.94036865234375,-122.11331939697266,2726.571533203125,378.0821533203125,-95.72380828857422,2820.283203125,338.211181640625,-45.3911247253418,2902.604248046875,311.0821838378906,-134.49424743652344,2864.00244140625,-21.497011184692383,50.96492385864258,2467.490478515625,26.261438369750977,435.1098327636719,2396.70751953125,79.4076156616211,794.4049682617188,2299.128173828125,106.03182983398438,969.802001953125,2348.507568359375,145.98143005371094,50.49744415283203,2435.789794921875,189.33126831054688,425.1903381347656,2546.475341796875,219.0382537841797,795.9572143554688,2624.45068359375,255.31214904785156,940.2169799804688,2705.562255859375,82.67417907714844,-555.4542236328125,2440.501953125,114.47541046142578,-612.5526123046875,2584.2998046875,94.32876586914062,-647.8307495117188,2547.19580078125,21.81282615661621,-638.3499755859375,2446.299072265625,142.9373321533203,-631.156982421875,2546.481689453125,177.91635131835938,-594.8162841796875,2427.97900390625
66.85626220703125,49.38157653808594,2447.327392578125,68.30979919433594,-125.90750885009766,2448.216796875,66.79769897460938,-264.69903564453125,2428.869384765625,76.04553985595703,-477.7270812988281,2435.201171875,43.55644989013672,-443.8172607421875,2445.881103515625,-58.15465545654297,-408.7524108886719,2536.185302734375,-143.40707397460938,-155.68411254882812,2585.335205078125,-83.73945617675781,43.420074462890625,2678.789306640625,-87.51463317871094,133.9722137451172,2705.95751953125,-45.14361953735352,226.1922912597656,2674.770751953125,-18.655038833618164,168.4237060546875,2664.09130859375,104.59210205078124,-441.3327941894531,2420.565673828125,224.88970947265625,-407.8832092285156,2387.290771484375,340.90386962890625,-186.71258544921875,2506.318359375,338.01031494140625,-110.9369125366211,2724.28466796875,377.6168212890625,-89.98714447021484,2815.7763671875,337.7606506347656,-48.69129180908203,2902.937744140625,310.9768371582031,-134.15438842773438,2863.550048828125,-21.954662322998047,48.704978942871094,2459.121826171875,27.796945571899418,435.00836181640625,2404.1064453125,84.52467346191406,794.7953491210938,2311.05078125,113.06449127197266,968.0953369140624,2366.1533203125,146.94097900390625,49.991695404052734,2436.691650390625,189.76480102539065,423.4937744140625,2550.9794921875,218.0424041748047,796.0375366210938,2619.714599609375,252.2993927001953,940.1881713867188,2701.74755859375,84.50019073486328,-556.213134765625,2449.717529296875,147.37660217285156,-601.6131591796875,2587.247314453125,124.61708068847656,-640.7037353515625,2555.96484375,34.55362319946289,-643.938232421875,2469.975830078125,170.30538940429688,-619.623291015625,2545.603515625,179.42034912109375,-587.11767578125,2421.37060546875
61.74273681640625,41.93678283691406,2447.885498046875,43.04075241088867,-130.06045532226562,2447.47412109375,24.987817764282227,-266.98333740234375,2439.92041015625,58.47004699707031,-472.3827819824219,2408.022216796875,32.485992431640625,-445.8659362792969,2437.705078125,-32.31789016723633,-417.5046691894531,2556.929443359375,-77.71576690673828,-176.5033721923828,2664.9775390625,29.000707626342773,10.961353302001951,2728.68994140625,-7.063742637634277,96.86968231201172,2722.428466796875,-75.46770477294922,172.17051696777344,2697.3076171875,-12.438304901123049,129.65553283691406,2667.275146484375,71.73316955566406,-431.10845947265625,2387.695068359375,113.24469757080078,-351.5075988769531,2297.111083984375,-25.92998695373535,-167.42111206054688,2443.0654296875,1.5927553176879885,-274.6888427734375,2642.1025390625,53.887569427490234,-304.1456604003906,2722.768310546875,89.48588562011719,-302.45037841796875,2819.405029296875,18.11223030090332,-333.8597412109375,2757.705322265625,-18.864288330078125,50.61712646484375,2483.18603515625,37.37285232543945,428.7860107421875,2415.7412109375,74.32392120361328,767.7498779296875,2269.452392578125,107.66404724121094,934.630615234375,2333.052978515625,134.42962646484375,34.10933303833008,2416.05322265625,75.75346374511719,416.3951110839844,2444.575439453125,17.694293975830078,786.7965087890625,2442.172119140625,-46.062313079833984,909.640869140625,2535.89306640625,81.06369018554688,-548.21728515625,2404.2802734375,150.26133728027344,-588.6954345703125,2537.907958984375,123.2899932861328,-627.5333251953125,2511.253662109375,28.295434951782227,-630.0828247070312,2433.256591796875,168.6610107421875,-610.3297729492188,2496.54638671875,170.4054718017578,-586.3197631835938,2371.788330078125
60.59290313720703,39.49665451049805,2457.811279296875,44.87098693847656,-132.9822540283203,2455.9296875,16.85201072692871,-267.8385925292969,2441.71044921875,59.67691421508789,-471.3498229980469,2407.4248046875,45.69424057006836,-444.7367248535156,2444.311767578125,51.37944412231445,-406.7206726074219,2577.6669921875,14.88909912109375,-183.7720947265625,2722.371826171875,107.24493408203124,19.344911575317383,2752.659423828125,57.13313293457031,92.07550811767578,2722.022705078125,-34.34772491455078,142.86912536621094,2714.532470703125,9.899381637573242,93.27674865722656,2685.713623046875,57.52745819091797,-431.0693664550781,2381.528076171875,45.96025848388672,-358.4264221191406,2277.1708984375,-65.23807525634766,-158.77459716796875,2427.172119140625,18.746845245361328,-266.6860656738281,2609.646728515625,59.4265022277832,-324.70086669921875,2681.140869140625,97.1218032836914,-365.7420654296875,2767.899658203125,41.09064483642578,-358.8035888671875,2677.713134765625,4.9155802726745605,43.82248306274414,2526.4970703125,17.438291549682617,416.620361328125,2417.300537109375,13.759801864624023,763.6891479492188,2285.017333984375,88.54882049560547,923.3670043945312,2329.614501953125,110.79959869384766,35.595863342285156,2395.87451171875,121.64958953857422,419.64837646484375,2451.7314453125,117.70146942138672,792.9915771484375,2490.285400390625,237.92135620117188,898.0540161132812,2540.390625,88.0931167602539,-544.7251586914062,2397.530029296875,158.39942932128906,-596.1634521484375,2526.94580078125,129.34153747558594,-632.2352905273438,2498.5322265625,32.65335464477539,-626.2496337890625,2422.616455078125,175.1033935546875,-615.8799438476562,2483.873779296875,175.273193359375,-584.1629028320312,2360.690673828125
74.90374755859375,50.91788101196289,2488.0244140625,73.8072509765625,-125.1123275756836,2460.940185546875,62.83940505981445,-262.96026611328125,2427.00634765625,71.93099212646484,-477.754150390625,2399.4951171875,44.271827697753906,-446.3345947265625,2424.8359375,-38.36956787109375,-411.5789184570313,2535.8720703125,-63.83832550048828,-138.5819854736328,2566.39892578125,83.59732818603516,10.901912689208984,2664.02392578125,66.35457611083984,80.40983581542969,2728.152099609375,-2.443499803543091,158.88494873046875,2700.859130859375,-8.566401481628418,99.5894546508789,2693.202880859375,95.1369400024414,-438.0597534179687,2381.73291015625,195.13267517089844,-395.0831604003906,2308.312255859375,272.82147216796875,-188.4624938964844,2482.344482421875,220.36073303222656,-242.28504943847656,2704.44873046875,164.53225708007812,-327.17376708984375,2684.686767578125,81.86444091796875,-348.86846923828125,2747.440185546875,105.39291381835938,-314.16766357421875,2684.462890625,3.923170328140259,42.68339538574219,2544.416748046875,13.852724075317385,423.3339538574219,2423.029052734375,17.41542625427246,776.80859375,2278.35595703125,95.5819091796875,939.9448852539062,2325.835693359375,138.91004943847656,58.34328079223633,2437.173095703125,168.4600830078125,437.67828369140625,2558.072021484375,169.91017150878906,811.6427612304688,2653.577392578125,286.24176025390625,935.2196655273438,2681.935546875,84.02571868896484,-558.4014892578125,2399.39794921875,132.55563354492188,-590.1290283203125,2548.97119140625,105.94120025634766,-630.9493408203125,2521.626953125,20.105812072753903,-635.8322143554688,2428.75390625,155.44992065429688,-617.6832275390625,2511.76416015625,176.5774383544922,-606.2312622070312,2383.1904296875
74.03099060058594,50.14649963378906,2487.878173828125,72.61324310302734,-125.464599609375,2460.450439453125,60.56684875488281,-262.60577392578125,2425.246337890625,66.82902526855469,-476.38177490234375,2392.885009765625,39.73251724243164,-445.2687072753906,2419.009521484375,-36.69801330566406,-410.9150085449219,2534.17333984375,-12.42303466796875,-141.616943359375,2586.042724609375,179.21694946289062,-70.02505493164062,2693.4951171875,207.9416961669922,-54.13936996459961,2783.6416015625,162.02435302734375,26.67061996459961,2729.319580078125,114.48780059814452,-5.878076076507568,2764.61181640625,90.4054183959961,-436.6652221679687,2375.95556640625,190.09255981445312,-388.7542114257813,2305.7109375,255.5987243652344,-187.9078826904297,2490.281005859375,190.14190673828125,-261.5457763671875,2702.5322265625,135.84934997558594,-345.42254638671875,2676.316162109375,53.400917053222656,-376.7764587402344,2734.76708984375,84.49034118652344,-340.4807434082031,2680.416748046875,3.162145614624023,41.93483352661133,2544.117919921875,13.719162940979004,422.13128662109375,2424.018310546875,17.883895874023438,775.2850952148438,2280.615234375,96.29438018798828,937.7760620117188,2328.419921875,137.93653869628906,57.55132293701172,2437.1640625,168.26394653320312,435.7252807617187,2558.848876953125,170.46339416503906,808.679443359375,2655.14404296875,286.95166015625,931.7561645507812,2682.9248046875,77.887939453125,-556.9873046875,2390.90283203125,130.7628936767578,-589.2232055664062,2538.535400390625,103.8735809326172,-630.0375366210938,2511.685791015625,15.727901458740234,-635.1331787109375,2421.37109375,152.85240173339844,-616.2124633789062,2500.57958984375,170.2522430419922,-603.6360473632812,2371.821044921875
73.18128204345703,50.55523681640625,2493.031982421875,70.66079711914062,-123.99061584472656,2459.670166015625,61.22126007080078,-260.6973876953125,2422.13037109375,68.6522216796875,-475.3990783691406,2397.17333984375,40.65153884887695,-443.4714660644531,2421.271240234375,-36.271385192871094,-404.035888671875,2534.439697265625,-21.984525680541992,-129.14010620117188,2531.2265625,152.7657470703125,-22.517189025878903,2638.361083984375,181.99913024902344,-60.345306396484375,2721.5234375,165.69480895996094,45.736061096191406,2729.7412109375,126.03187561035156,-2.637453317642212,2757.97900390625,92.80035400390624,-436.2432556152344,2379.76806640625,201.23985290527344,-393.8623046875,2319.703857421875,289.5671691894531,-185.76951599121097,2485.753173828125,254.3018493652344,-246.3292694091797,2708.98583984375,192.90101623535156,-328.9264221191406,2700.3115234375,113.7042007446289,-381.4578247070313,2746.817626953125,128.7497100830078,-303.4070129394531,2691.980224609375,-2.5049521923065186,42.183258056640625,2542.551513671875,12.389541625976562,424.9414367675781,2431.56005859375,24.310455322265625,780.8760375976562,2295.7978515625,102.2978286743164,939.2144775390624,2356.419189453125,141.43087768554688,58.1046142578125,2448.378173828125,179.96681213378906,436.3403015136719,2567.3544921875,168.50425720214844,810.7876586914062,2656.7578125,290.18267822265625,931.9205322265624,2658.473876953125,79.78572845458984,-556.0009155273438,2398.275634765625,143.4478759765625,-584.438232421875,2542.366943359375,118.5785140991211,-627.2201538085938,2516.6728515625,26.19417381286621,-639.2245483398438,2431.41162109375,165.5187530517578,-609.2850952148438,2502.9736328125,174.47412109375,-594.6427001953125,2373.587158203125
78.37541198730469,13.725994110107422,2446.905517578125,69.66425323486328,-152.5434112548828,2472.28271484375,68.73303985595703,-281.5064697265625,2510.968994140625,71.0225830078125,-482.8795776367187,2549.0439453125,102.47666931152344,-449.52581787109375,2542.78076171875,231.11801147460935,-409.1490478515625,2548.524658203125,351.9164733886719,-179.56671142578125,2521.03564453125,214.05531311035156,-261.35540771484375,2371.884033203125,124.1618881225586,-273.9075622558594,2366.87939453125,30.048355102539062,-299.3920593261719,2336.904052734375,129.2427520751953,-303.3919982910156,2473.19384765625,38.97500228881836,-449.317626953125,2544.66748046875,-81.2583999633789,-421.2242431640625,2557.623779296875,-187.44552612304688,-177.75167846679688,2547.582763671875,-25.642946243286133,-243.79666137695312,2411.125244140625,17.292306900024414,-296.32867431640625,2340.57763671875,90.9955062866211,-336.8867492675781,2395.131103515625,40.48234558105469,-298.251708984375,2341.8330078125,160.30618286132812,5.600104331970215,2421.78955078125,65.6569595336914,371.4483642578125,2426.92529296875,25.043460845947266,721.9288940429688,2504.17138671875,-61.445465087890625,838.8744506835938,2403.56982421875,4.494831085205078,21.053466796875,2469.553955078125,5.241599082946777,397.9640197753906,2448.0966796875,22.14972686767578,759.3919067382812,2496.014404296875,-88.36550903320312,866.2984008789062,2442.78466796875,71.49562072753906,-559.9743041992188,2550.744140625,143.91690063476562,-545.4741821289062,2418.243408203125,128.85171508789062,-594.141845703125,2432.261474609375,108.86150360107422,-650.3713989257812,2535.996826171875,97.39269256591795,-560.06201171875,2415.3779296875,-4.024069786071777,-554.0248413085938,2485.924560546875
89.64773559570312,20.806671142578125,2451.895263671875,67.36988830566406,-149.22206115722656,2481.253173828125,58.58683395385742,-281.4552917480469,2523.468994140625,72.41942596435547,-490.2231140136719,2555.844970703125,102.95954895019533,-453.9758911132813,2549.67236328125,235.52635192871097,-411.0093994140625,2553.322265625,360.5631103515625,-173.5120391845703,2529.207275390625,216.95040893554688,-273.40576171875,2385.84228515625,128.2878875732422,-278.86663818359375,2355.39892578125,36.42979431152344,-312.3072814941406,2316.06591796875,125.86605834960938,-322.4898681640625,2453.8046875,37.51280212402344,-457.1543884277344,2553.332275390625,-86.43092346191406,-428.78948974609375,2570.076904296875,-193.15951538085935,-177.0986328125,2544.4794921875,-22.225454330444336,-248.42367553710935,2409.740966796875,39.33079528808594,-274.3118591308594,2333.8251953125,91.5244140625,-336.1646728515625,2398.459228515625,48.03974151611328,-307.36236572265625,2324.528076171875,169.5914306640625,4.248758792877197,2416.662841796875,60.5661506652832,378.3800048828125,2440.09619140625,23.740482330322266,743.8228149414062,2505.657470703125,-68.60595703125,883.3836059570312,2432.377197265625,17.558977127075195,35.7376708984375,2483.665771484375,90.8994369506836,417.0767822265625,2447.838623046875,184.55905151367188,748.8828735351562,2600.4150390625,239.24908447265625,904.1089477539062,2566.271484375,76.9314193725586,-569.7493896484375,2554.9609375,170.57147216796875,-552.5635375976562,2430.49755859375,154.8546600341797,-603.3190307617188,2442.992919921875,120.68639373779295,-661.7006225585938,2546.468505859375,124.05078125,-569.4075317382812,2420.6171875,9.508512496948242,-566.7523193359375,2477.16650390625
87.11045837402344,25.260183334350582,2457.557861328125,68.03109741210938,-145.45167541503906,2482.467529296875,62.55996322631836,-279.027099609375,2519.64990234375,72.09119415283203,-486.5837707519531,2557.653564453125,103.25564575195312,-451.4302673339844,2549.466064453125,235.7971038818359,-409.3523864746094,2547.20068359375,364.3186645507813,-173.56268310546875,2534.23779296875,221.0658721923828,-272.9575500488281,2390.99658203125,132.16482543945312,-286.4193420410156,2364.6904296875,42.32001495361328,-327.7309265136719,2329.013916015625,132.33485412597656,-328.85052490234375,2460.23974609375,38.05437088012695,-452.7701110839844,2555.273193359375,-86.40814208984375,-427.7794494628906,2571.2412109375,-193.7997283935547,-177.09475708007812,2545.400146484375,-29.253110885620117,-254.8329162597656,2407.20751953125,42.91965103149414,-272.1682434082031,2338.90283203125,93.21426391601562,-340.3125915527344,2398.100341796875,51.59832382202149,-312.4285583496094,2326.613525390625,164.27130126953125,10.617545127868652,2416.30908203125,52.12751770019531,383.0942687988281,2435.933837890625,24.37027931213379,744.5017700195312,2520.60400390625,-85.87786865234375,844.0210571289062,2414.958251953125,17.5311336517334,38.46409606933594,2494.75390625,50.14794158935547,422.9370422363281,2444.847412109375,46.803497314453125,778.9080200195312,2566.332763671875,-53.89014434814453,881.596923828125,2480.099853515625,74.54000854492188,-566.0084228515625,2558.98046875,146.92185974121094,-539.5230712890625,2422.9658203125,134.19967651367188,-591.1607666015625,2434.67431640625,117.74090576171876,-656.00146484375,2538.29248046875,99.8045654296875,-556.8916625976562,2419.507080078125,-4.166413307189941,-560.2944946289062,2493.177001953125
85.71912384033203,27.273250579833984,2460.755859375,70.36421966552734,-142.94168090820312,2485.105224609375,68.20954895019531,-276.17657470703125,2521.033203125,73.35050964355469,-482.9564208984375,2557.760498046875,105.08876037597656,-448.55999755859375,2550.076171875,237.90603637695312,-409.919677734375,2549.302490234375,358.73114013671875,-171.89064025878906,2533.62646484375,219.5285186767578,-273.49835205078125,2389.86474609375,130.33843994140625,-287.76104736328125,2366.982666015625,39.49011993408203,-330.60394287109375,2337.942626953125,124.5833511352539,-319.9638977050781,2459.247802734375,40.17937469482422,-448.6605529785156,2555.292724609375,-84.09121704101562,-427.291015625,2572.4345703125,-192.6035614013672,-178.64817810058594,2547.232666015625,-27.93024444580078,-254.8796234130859,2410.397705078125,42.43613815307617,-265.7220153808594,2339.71435546875,94.17645263671876,-340.12567138671875,2388.18408203125,55.57958221435547,-312.7492370605469,2329.75830078125,161.0396728515625,14.17784023284912,2416.710205078125,47.83456802368164,384.2099304199219,2434.693603515625,21.19915008544922,744.5204467773438,2515.47705078125,-95.57691192626952,845.4901733398438,2420.453125,17.799264907836914,39.08195877075195,2500.4736328125,41.89085006713867,418.8044128417969,2429.97412109375,36.33299255371094,780.9518432617188,2523.65478515625,-62.525184631347656,886.0883178710938,2440.0478515625,74.23934173583984,-561.9896240234375,2558.660888671875,149.20582580566406,-560.3538208007812,2422.44775390625,131.93890380859375,-608.3897705078125,2440.552734375,109.18075561523438,-656.85791015625,2550.91845703125,101.01258850097656,-573.7611694335938,2420.454345703125,-2.777211427688598,-558.2610473632812,2491.593505859375
80.1562271118164,22.54291534423828,2451.32470703125,68.18550109863281,-148.1734161376953,2473.115234375,64.33592224121094,-280.92108154296875,2510.329833984375,73.84016418457031,-485.2352600097656,2557.65771484375,104.8528060913086,-450.4039916992187,2549.20263671875,237.7946624755859,-412.5551452636719,2550.81298828125,362.44244384765625,-176.9310760498047,2532.065673828125,219.81979370117188,-274.0144348144531,2388.762939453125,130.53807067871094,-289.8060607910156,2367.555908203125,39.94902038574219,-334.23931884765625,2340.407470703125,127.91083526611328,-323.2769775390625,2459.068115234375,39.879730224609375,-452.0829772949219,2552.442138671875,-83.88613891601562,-426.6149291992187,2566.779296875,-194.3328094482422,-178.63320922851562,2545.772705078125,-29.391855239868164,-251.83480834960935,2407.861083984375,44.08745193481445,-266.9700622558594,2341.351806640625,88.99395751953125,-347.62255859375,2386.3720703125,57.32672500610352,-323.31597900390625,2339.292724609375,164.86534118652344,13.691347122192385,2428.512939453125,48.321014404296875,382.6595764160156,2440.470458984375,-9.572025299072266,741.9660034179688,2506.985107421875,-79.45562744140625,864.34765625,2393.15869140625,3.770291805267334,30.52476692199707,2471.89501953125,60.42415618896485,412.231201171875,2446.771240234375,128.75112915039062,765.76611328125,2547.350830078125,195.4289703369141,894.1338500976562,2464.552490234375,76.81526184082031,-564.0145263671875,2562.609130859375,146.97935485839844,-557.1981811523438,2424.135009765625,132.8250732421875,-606.2022705078125,2442.23876953125,116.28263854980467,-656.8076171875,2552.661376953125,99.53076934814452,-573.050537109375,2423.568603515625,-2.4267098903656006,-563.6314697265625,2498.187255859375
83.0378189086914,32.845054626464844,2445.71484375,70.00883483886719,-142.84945678710938,2474.36962890625,63.373817443847656,-278.43463134765625,2518.354736328125,77.48809051513672,-489.5004577636719,2567.6728515625,108.83584594726562,-452.6785583496094,2559.533203125,246.74237060546875,-414.771728515625,2559.346923828125,370.1219482421875,-168.6594696044922,2533.946533203125,225.20294189453125,-271.1119079589844,2384.451904296875,131.96212768554688,-293.9934387207031,2392.444580078125,36.64597702026367,-344.8847961425781,2388.98681640625,119.65702056884766,-323.91015625,2458.860595703125,41.62336349487305,-456.0860900878906,2561.5556640625,-86.82302856445312,-428.294189453125,2567.949462890625,-200.61830139160156,-170.85475158691406,2556.367919921875,-32.46706771850586,-254.96942138671875,2415.412353515625,42.41397476196289,-266.6390380859375,2344.583740234375,84.22727966308594,-356.3218078613281,2383.31591796875,56.61239242553711,-322.6397705078125,2339.755126953125,172.7351837158203,23.906219482421875,2431.69140625,46.71482849121094,403.9871520996094,2440.672119140625,-38.06032943725586,772.04833984375,2502.850341796875,-96.0006332397461,915.4172973632812,2396.934326171875,2.1537468433380127,40.90559387207031,2458.360595703125,89.15452575683594,431.39752197265625,2463.37158203125,188.0567626953125,765.9156494140625,2630.514892578125,248.3463592529297,924.6965942382812,2600.663330078125,82.48954010009766,-570.90478515625,2572.919921875,156.83905029296875,-562.5796508789062,2430.621337890625,143.29556274414062,-613.5667724609375,2449.404541015625,126.00889587402344,-665.8317260742188,2563.668212890625,108.21501922607422,-580.290771484375,2429.44677734375,1.4490559101104736,-573.0115966796875,2505.151123046875
80.41663360595703,31.23423957824707,2445.39794921875,77.3768539428711,-147.64694213867188,2472.06201171875,74.86258697509766,-286.0776672363281,2513.7978515625,74.85922241210938,-498.2703247070313,2572.33935546875,109.02274322509766,-463.1627197265625,2563.975341796875,247.0710296630859,-419.55181884765625,2557.072998046875,364.8640747070313,-166.3575439453125,2534.310546875,222.00645446777344,-258.9499206542969,2372.08447265625,128.72415161132812,-287.4919738769531,2376.008056640625,34.978546142578125,-343.2939758300781,2365.99951171875,134.08657836914062,-327.85614013671875,2457.010986328125,40.795597076416016,-462.6898193359375,2563.410400390625,-88.38259887695312,-429.8424987792969,2566.976318359375,-201.23594665527344,-167.70750427246094,2560.01953125,-34.44084548950195,-255.57464599609375,2414.5322265625,42.97532653808594,-265.93853759765625,2344.178955078125,86.0891342163086,-358.2447814941406,2379.062255859375,61.8353157043457,-324.32666015625,2347.641845703125,172.85037231445312,29.76918601989746,2446.10693359375,38.5636100769043,412.8059997558594,2446.05908203125,-69.93994140625,726.8634033203125,2646.23095703125,27.68843650817871,878.5132446289062,2586.662109375,-2.9349327087402344,32.55534362792969,2444.75830078125,80.35787200927734,428.9969482421875,2461.8486328125,139.72195434570312,777.0668334960938,2632.082763671875,15.4983549118042,840.234130859375,2526.64208984375,74.94178009033203,-580.6414184570312,2580.962158203125,150.06558227539062,-554.3802490234375,2438.80078125,136.36920166015625,-608.013916015625,2451.30419921875,119.0282745361328,-674.9280395507812,2559.66650390625,100.78816223144533,-572.0513305664062,2435.47021484375,-7.289841651916504,-574.2609252929688,2512.6767578125
71.90283203125,37.4819450378418,2458.56591796875,66.27242279052734,-141.14402770996094,2481.264404296875,65.49618530273438,-279.8182067871094,2520.136474609375,78.52764892578125,-492.9826965332031,2569.656005859375,110.37747955322266,-456.18353271484375,2560.651123046875,250.9359436035156,-423.3257141113281,2561.496826171875,362.8349304199219,-172.11404418945312,2514.19677734375,199.73594665527344,-256.47076416015625,2368.81982421875,146.46849060058594,-330.2847595214844,2403.005126953125,97.4505844116211,-350.66192626953125,2498.33203125,125.51620483398438,-328.5898742675781,2466.1533203125,42.57597732543945,-458.8488464355469,2564.35205078125,-87.35155487060547,-431.5134582519531,2566.908203125,-200.01724243164065,-170.47357177734375,2564.739990234375,-37.799434661865234,-255.7506561279297,2414.19921875,40.66275787353515,-266.590087890625,2345.736572265625,84.14974975585938,-356.8377990722656,2384.0322265625,62.08304977416992,-325.089599609375,2355.701416015625,162.56280517578125,32.67543411254883,2443.2294921875,57.732940673828125,422.99700927734375,2434.40576171875,-34.26866149902344,736.8949584960938,2639.980712890625,-77.56288146972656,918.4423217773438,2609.12744140625,-9.8492431640625,41.816184997558594,2472.395751953125,64.45346069335938,438.0372314453125,2448.846923828125,152.63307189941406,764.3932495117188,2644.1162109375,218.9898376464844,925.2141723632812,2639.02685546875,82.76753997802734,-575.1943969726562,2574.867431640625,130.77410888671875,-534.6279907226562,2425.274169921875,145.80096435546875,-585.72509765625,2444.188232421875,166.89175415039062,-637.4714965820312,2559.359619140625,96.8370361328125,-574.245361328125,2428.123779296875,6.668768882751465,-618.702392578125,2514.13037109375
76.68929290771484,43.79826354980469,2452.963623046875,72.5324478149414,-136.59605407714844,2480.033447265625,69.07427215576172,-275.9794006347656,2522.906494140625,74.47390747070312,-493.7752685546875,2565.77734375,108.06028747558594,-457.1676940917969,2559.085693359375,250.09649658203125,-423.29486083984375,2566.394775390625,368.5084533691406,-171.52407836914062,2516.7294921875,199.355712890625,-240.1341552734375,2365.242919921875,137.31068420410156,-313.26318359375,2387.631591796875,115.15840911865234,-342.2073059082031,2491.958740234375,131.65048217773438,-326.205322265625,2459.268310546875,39.25136947631836,-457.9915466308594,2560.405517578125,-92.1962432861328,-432.43121337890625,2572.994384765625,-205.4665069580078,-167.9973907470703,2559.87548828125,-33.458961486816406,-255.36334228515625,2416.7587890625,42.294822692871094,-265.2318420410156,2343.22021484375,86.310791015625,-357.8942565917969,2378.93603515625,62.090091705322266,-323.94659423828125,2346.322998046875,169.9169158935547,41.80694961547851,2454.009521484375,76.23892211914062,439.8083801269531,2432.628662109375,166.8603973388672,756.2508544921875,2644.20166015625,233.69935607910156,930.1176147460938,2599.338623046875,-7.378146171569824,45.59392166137695,2452.0205078125,41.80012893676758,451.14691162109375,2432.387451171875,-34.799930572509766,771.7650146484375,2650.7587890625,-86.20281219482422,933.5615844726562,2603.27978515625,76.25204467773438,-577.2640991210938,2568.236572265625,142.96575927734375,-542.5471801757812,2422.1123046875,130.5145263671875,-597.400146484375,2432.74560546875,120.36320495605467,-670.5508422851562,2539.310302734375,93.33979034423828,-560.8621826171875,2420.81640625,-10.760743141174316,-568.5081787109375,2504.843017578125
71.07672119140625,39.64438247680664,2470.46435546875,69.73045349121094,-139.78952026367188,2490.994873046875,72.70491790771484,-279.3392333984375,2527.942138671875,80.64789581298828,-496.5370178222656,2560.62939453125,113.45637512207033,-459.66351318359375,2555.517333984375,253.29083251953125,-423.369384765625,2564.030517578125,364.2715759277344,-169.5892791748047,2524.757080078125,193.65542602539065,-240.3402862548828,2379.787109375,135.50311279296875,-318.47625732421875,2383.775146484375,125.33456420898438,-352.4784240722656,2487.247314453125,127.27090454101562,-330.16290283203125,2464.98974609375,45.36536407470703,-461.3133544921875,2557.03759765625,-84.3826675415039,-434.8271789550781,2570.781005859375,-204.8304443359375,-176.7853546142578,2558.15087890625,-28.066530227661133,-250.9799041748047,2417.4873046875,45.43112564086914,-266.52630615234375,2344.1845703125,85.66065216064453,-358.0386657714844,2383.7841796875,61.912689208984375,-318.83367919921875,2344.129150390625,161.69676208496094,36.97703170776367,2453.094482421875,83.72926330566406,434.23590087890625,2434.150634765625,186.56570434570312,746.6256713867188,2638.7392578125,211.20867919921875,934.633544921875,2642.50732421875,-10.639354705810549,42.04964828491211,2486.127685546875,32.033355712890625,441.8968505859375,2439.220458984375,-33.65709686279297,765.5087890625,2649.3447265625,-67.99952697753906,933.6382446289062,2617.718994140625,83.34574890136719,-579.1790771484375,2559.341552734375,126.88455200195312,-535.09716796875,2408.9287109375,143.90380859375,-586.0870971679688,2426.848876953125,169.16122436523438,-638.810302734375,2541.098388671875,94.14498138427734,-575.866455078125,2411.978271484375,7.068239212036133,-624.2955322265625,2499.53125
74.73278045654297,35.4194450378418,2476.79345703125,70.25727081298828,-142.01638793945312,2492.378662109375,68.58624267578125,-280.3801574707031,2526.1796875,76.92863464355469,-494.4578857421875,2559.557861328125,109.20604705810548,-458.00494384765625,2554.497314453125,247.89962768554688,-425.4171447753906,2563.70361328125,363.9585266113281,-180.65174865722656,2510.90087890625,191.37351989746097,-241.57553100585935,2368.9208984375,129.0979461669922,-314.5498352050781,2375.62060546875,127.69995880126952,-338.4974060058594,2480.83544921875,125.26470184326172,-322.49859619140625,2459.771728515625,42.031394958496094,-459.8380432128906,2555.657470703125,-85.8615951538086,-432.7512512207031,2568.30810546875,-202.5347595214844,-177.29290771484375,2553.97119140625,-29.055028915405273,-252.35194396972656,2415.06982421875,45.51185607910156,-265.8357238769531,2344.501708984375,85.80290985107422,-357.3753662109375,2379.83740234375,60.56930160522461,-318.1532287597656,2341.922119140625,165.42922973632812,32.4624137878418,2469.172607421875,88.31163024902344,422.65234375,2428.441650390625,190.1088409423828,737.5838623046875,2619.380859375,204.25775146484375,920.6497802734376,2655.326171875,-7.052205562591553,38.08592987060547,2483.66552734375,30.91441535949707,434.8857116699219,2458.78759765625,108.15198516845705,784.2359619140625,2603.973876953125,154.6304473876953,949.2680053710938,2588.609375,79.85318756103516,-575.9824829101562,2558.717041015625,121.26544189453124,-534.939697265625,2409.201904296875,132.69143676757812,-587.2164916992188,2425.369140625,156.0559539794922,-644.040771484375,2536.070068359375,84.56829071044922,-571.1088256835938,2413.0712890625,-2.6228466033935547,-610.0965576171875,2502.51318359375
79.63265991210938,37.22223663330078,2462.096923828125,71.17742156982422,-141.34153747558594,2484.959228515625,68.66276550292969,-279.9292297363281,2524.26953125,74.98709106445312,-496.2039184570313,2560.09423828125,107.9971160888672,-459.7566833496094,2554.3056640625,247.38092041015625,-422.76165771484375,2561.830322265625,353.6324768066406,-170.45533752441406,2507.258056640625,185.32205200195312,-254.38087463378903,2367.5361328125,140.50074768066406,-338.65338134765625,2386.2724609375,116.47686004638672,-348.6376647949219,2492.27978515625,126.49479675292967,-332.97412109375,2469.8115234375,40.049198150634766,-460.82965087890625,2556.132080078125,-89.64015197753906,-435.6484375,2570.099853515625,-201.53060913085935,-174.5184326171875,2556.169677734375,-26.115625381469727,-249.8347320556641,2415.280517578125,46.22772216796875,-266.56884765625,2341.417236328125,86.70433044433594,-357.8026428222656,2380.777587890625,61.97081756591797,-318.5242919921875,2340.96923828125,169.93917846679688,30.77608299255371,2445.148193359375,91.60807037353516,427.15380859375,2428.0283203125,199.1799774169922,743.617431640625,2622.068115234375,207.96051025390625,930.4087524414062,2651.14111328125,-1.8006861209869385,43.03501510620117,2477.380615234375,12.193193435668944,446.42376708984375,2493.933349609375,-23.956655502319336,790.9973754882812,2674.19384765625,-74.59403991699219,948.08349609375,2618.73583984375,77.01070404052734,-578.6966552734375,2560.032958984375,121.29521942138672,-529.7811889648438,2411.72607421875,133.81137084960938,-583.0079345703125,2426.1201171875,156.31558227539062,-644.6002807617188,2536.117919921875,85.03695678710938,-567.3926391601562,2413.209228515625,-4.1812286376953125,-612.777099609375,2499.798828125
79.4667739868164,37.46163558959961,2462.070068359375,71.09868621826172,-141.08383178710938,2484.921142578125,68.6465835571289,-279.66571044921875,2524.18701171875,75.47648620605469,-495.9713134765625,2559.55419921875,108.39696502685548,-459.4440002441406,2553.81591796875,247.6901397705078,-422.1698303222656,2561.27880859375,353.55218505859375,-169.62939453125,2507.22119140625,185.16891479492188,-253.0826873779297,2367.35546875,140.5026092529297,-337.5110168457031,2385.690185546875,116.8801498413086,-347.68896484375,2491.7548828125,126.39456939697266,-332.2093811035156,2469.148681640625,40.46193313598633,-460.6708984375,2555.693603515625,-89.26410675048828,-435.9070129394531,2569.900146484375,-201.97640991210935,-175.12396240234375,2556.88232421875,-26.60505485534668,-249.5498962402344,2415.518798828125,45.6550178527832,-266.01214599609375,2341.532470703125,86.18944549560547,-357.1408386230469,2381.0380859375,61.68236541748047,-317.9775695800781,2341.262451171875,169.76268005371094,31.059429168701172,2445.113525390625,91.65119934082033,427.4174499511719,2427.784912109375,199.41439819335935,744.0283203125,2621.377197265625,208.48779296875,930.796875,2650.345458984375,-1.957021713256836,43.23478317260742,2477.360595703125,11.404754638671877,446.5820617675781,2494.15771484375,-25.58139991760254,790.8920288085938,2674.6416015625,-76.46074676513672,947.81982421875,2619.028076171875,77.68208312988281,-578.4483032226562,2559.320556640625,120.57460021972656,-527.0733642578125,2411.4599609375,135.00291442871094,-579.8778076171875,2425.588134765625,159.4293212890625,-641.2296752929688,2535.29052734375,85.73084259033203,-566.0009765625,2412.60986328125,-2.0012781620025635,-615.1469116210938,2498.636474609375
75.05656433105469,35.913387298583984,2457.4638671875,72.6743392944336,-141.6400604248047,2482.051513671875,72.12031555175781,-278.8557434082031,2523.404296875,79.71272277832031,-493.71917724609375,2560.3525390625,112.31729125976562,-457.2010498046875,2554.9677734375,251.15200805664065,-421.7653503417969,2565.0498046875,358.5843505859375,-171.86944580078125,2509.267822265625,182.6008148193359,-244.5531768798828,2374.880126953125,140.2296905517578,-330.4938049316406,2388.319580078125,118.18887329101562,-343.7227783203125,2493.806640625,124.45962524414062,-330.05224609375,2470.315673828125,44.72066116333008,-458.8712768554687,2555.6044921875,-84.92518615722656,-436.2803955078125,2567.577880859375,-201.55191040039065,-178.75006103515625,2556.507080078125,-28.46732711791992,-253.08721923828125,2414.335693359375,46.85850143432617,-266.4315490722656,2343.615966796875,86.31536102294922,-357.71185302734375,2382.351318359375,52.646278381347656,-314.9776611328125,2326.274658203125,166.5045928955078,33.95724868774414,2452.1982421875,105.72406005859376,430.3581237792969,2420.8056640625,202.4976806640625,747.6512451171875,2615.103271484375,215.05067443847656,932.8360595703124,2646.461669921875,-7.406145095825195,37.67732620239258,2462.21240234375,-0.8004019260406494,434.6365661621094,2524.220458984375,-34.1490592956543,793.5260620117188,2669.146484375,-77.73737335205078,948.043212890625,2604.189208984375,82.46239471435547,-575.751708984375,2560.788330078125,118.49237823486328,-525.6272583007812,2411.5927734375,140.6780548095703,-574.5454711914062,2428.262939453125,172.81857299804688,-625.79638671875,2540.363037109375,90.27473449707033,-569.1953735351562,2414.448974609375,10.61264991760254,-627.0144653320312,2501.872802734375
66.84548950195312,36.01362991333008,2456.371337890625,68.64376068115234,-143.55467224121094,2481.663818359375,73.0827865600586,-282.3240051269531,2523.40869140625,81.77147674560547,-500.442626953125,2555.842041015625,114.5794448852539,-463.2109680175781,2551.386474609375,253.4297332763672,-421.8950500488281,2562.744140625,364.7160339355469,-167.42041015625,2520.741455078125,196.7438507080078,-238.7537078857422,2371.471435546875,152.1719970703125,-322.63726806640625,2395.088623046875,115.67791748046876,-357.1378173828125,2492.7724609375,137.56747436523438,-333.2887268066406,2461.56298828125,46.20414352416992,-465.27581787109375,2551.689453125,-83.95206451416016,-437.10504150390625,2563.363525390625,-200.31898498535156,-175.6164093017578,2561.78662109375,-33.700077056884766,-254.07125854492188,2409.853271484375,46.127723693847656,-271.4606018066406,2343.2763671875,91.2042236328125,-357.814208984375,2389.828857421875,66.49520874023438,-320.1504821777344,2350.459716796875,158.66587829589844,35.156646728515625,2443.758544921875,107.9581298828125,438.6168823242187,2427.95263671875,213.30386352539065,754.9656372070312,2628.144775390625,223.5853576660156,943.8712768554688,2649.888671875,-15.95298957824707,36.78640365600586,2467.744873046875,-29.38902282714844,432.0176086425781,2561.855224609375,-34.07860565185547,806.9251708984375,2679.63671875,-89.30986785888672,956.4856567382812,2606.984619140625,84.99742889404297,-583.4022827148438,2554.397705078125,122.39994049072266,-523.3902587890625,2407.156982421875,140.60067749023438,-575.9493408203125,2419.13232421875,170.8698272705078,-640.0347900390625,2526.75537109375,90.00877380371094,-564.8226928710938,2407.249267578125,6.488382816314697,-623.2515258789062,2492.970458984375
68.11441040039062,36.959739685058594,2450.958251953125,69.47113800048828,-141.53126525878906,2476.807373046875,73.21066284179688,-279.37908935546875,2518.9267578125,83.33523559570312,-493.53277587890625,2565.9130859375,115.7056121826172,-456.6455383300781,2559.070068359375,255.8864288330078,-422.8453979492187,2568.661865234375,353.5934143066406,-170.98086547851562,2497.505126953125,183.6428375244141,-255.3775329589844,2359.7646484375,127.28331756591795,-331.3863220214844,2382.6259765625,120.69734191894533,-346.9322509765625,2490.55029296875,125.76809692382812,-330.0082702636719,2464.701171875,47.72051239013672,-459.1905517578125,2559.30126953125,-82.72587585449219,-434.7737121582031,2567.250244140625,-199.52552795410156,-175.2747344970703,2560.55908203125,-35.894142150878906,-253.6302795410156,2407.37841796875,46.95241928100586,-270.8672180175781,2345.52734375,90.18952941894533,-359.090576171875,2388.8408203125,65.52666473388672,-319.6055908203125,2351.878662109375,159.61683654785156,36.04535675048828,2439.841796875,107.98583984375,437.05218505859375,2421.86865234375,212.2837829589844,749.9385986328125,2623.92236328125,223.7627410888672,937.7078247070312,2645.815185546875,-14.397360801696776,37.78428268432617,2460.982666015625,-32.04765319824219,430.52777099609375,2555.23681640625,-41.689239501953125,803.1780395507812,2672.729736328125,-92.56658172607422,950.2714233398438,2594.38818359375,87.15689086914062,-575.9183349609375,2570.111328125,115.4963836669922,-525.5372924804688,2418.296142578125,139.88014221191406,-574.00390625,2434.3662109375,178.46287536621094,-623.8824462890625,2545.93798828125,88.48784637451172,-570.1168823242188,2422.6416015625,13.848969459533691,-629.87255859375,2514.307373046875
64.03003692626953,35.56155014038086,2450.177001953125,67.23129272460938,-144.53915405273438,2476.938720703125,72.52618408203125,-283.5856628417969,2519.7529296875,82.15751647949219,-500.78564453125,2562.668701171875,114.949462890625,-463.5302429199219,2556.35302734375,255.29586791992188,-424.6185607910156,2565.337158203125,361.6931457519531,-168.50692749023438,2513.835693359375,188.222412109375,-242.2997283935547,2370.615966796875,146.49395751953125,-328.345947265625,2393.326171875,123.33849334716795,-352.5420837402344,2498.414306640625,128.46261596679688,-330.0436706542969,2464.623046875,46.29812240600586,-465.8440856933594,2556.903564453125,-84.17687225341797,-435.497314453125,2565.579833984375,-201.39166259765625,-173.10926818847656,2561.312744140625,-34.44993591308594,-253.19161987304688,2409.0146484375,45.92041778564453,-270.62677001953125,2342.405029296875,89.09210205078125,-360.3520812988281,2385.2890625,64.58451843261719,-318.95703125,2346.874267578125,156.35638427734375,35.45414352416992,2438.41015625,111.11868286132812,440.7188720703125,2411.953857421875,210.70376586914065,755.658447265625,2620.30859375,224.4856719970703,944.8010864257812,2644.84716796875,-19.224687576293945,35.65840530395508,2460.787841796875,-35.937599182128906,431.6695251464844,2558.37109375,-45.25907897949219,807.96435546875,2676.932861328125,-97.80115509033205,949.245361328125,2586.19775390625,85.71429443359375,-584.0535278320312,2565.170166015625,118.2963638305664,-525.228759765625,2415.566162109375,139.86489868164062,-576.4871826171875,2428.6650390625,175.0292510986328,-636.2203979492188,2537.935791015625,88.3770523071289,-568.72412109375,2416.964111328125,8.966110229492188,-630.2870483398438,2505.224609375
67.675048828125,38.01180267333984,2450.30517578125,69.9438705444336,-141.78378295898438,2475.062744140625,75.10265350341797,-280.9034729003906,2515.98583984375,80.7807388305664,-495.9598083496094,2566.043701171875,114.11361694335938,-459.53851318359375,2559.0361328125,254.8255615234375,-424.1917724609375,2569.1669921875,357.1987609863281,-168.9632568359375,2510.680908203125,184.9569091796875,-245.117431640625,2368.505126953125,133.3805694580078,-325.9223327636719,2388.70068359375,127.42572784423828,-356.2176513671875,2494.208251953125,126.3775405883789,-329.79302978515625,2464.05517578125,45.660980224609375,-460.8262023925781,2558.58935546875,-84.9328842163086,-432.74420166015625,2566.207275390625,-202.4782562255859,-171.580322265625,2560.038330078125,-32.705543518066406,-250.542724609375,2411.574951171875,45.27760314941406,-270.7611083984375,2343.483642578125,86.66372680664062,-358.971435546875,2390.1982421875,62.758750915527344,-318.77093505859375,2347.121337890625,159.32455444335938,37.19513320922851,2435.9755859375,110.47571563720705,440.8316345214844,2411.918212890625,212.9290771484375,747.2685546875,2628.971923828125,221.62730407714844,937.13427734375,2643.1787109375,-14.969341278076172,38.74822998046875,2463.22705078125,-34.44913101196289,433.9930725097656,2557.7392578125,-46.52313995361328,809.5444946289062,2674.067626953125,-98.54583740234376,953.8949584960938,2589.17529296875,83.03329467773438,-578.8671264648438,2571.3359375,131.85130310058594,-537.0418701171875,2421.02392578125,135.07273864746094,-592.1591186523438,2434.968017578125,149.15773010253906,-658.18701171875,2544.861083984375,89.2205810546875,-567.8290405273438,2423.346435546875,-5.073405742645264,-597.5647583007812,2512.7490234375
57.39577865600586,40.79829788208008,2457.73876953125,64.94092559814453,-139.05709838867188,2481.2451171875,75.79020690917969,-278.2060546875,2521.040771484375,81.88426208496094,-495.3346252441406,2561.34521484375,115.16818237304688,-458.6369934082031,2555.58837890625,256.1640625,-424.33978271484375,2565.787841796875,362.6319580078125,-168.32467651367188,2518.944091796875,188.34262084960935,-240.4157867431641,2377.069091796875,148.0947723388672,-328.1546325683594,2393.89697265625,128.9472198486328,-355.4111633300781,2498.683837890625,126.91419982910156,-330.8466796875,2464.571044921875,46.70059585571289,-459.8861999511719,2555.88232421875,-83.61740112304688,-430.607177734375,2564.14990234375,-201.1994171142578,-169.34475708007812,2560.966796875,-33.805145263671875,-251.1847686767578,2411.29052734375,44.80305480957031,-265.0398254394531,2342.300048828125,86.0833969116211,-356.16058349609375,2383.2099609375,63.43719482421875,-317.7983093261719,2345.37646484375,147.7756805419922,41.850318908691406,2436.777587890625,126.88702392578124,448.1478271484375,2415.840087890625,217.91444396972656,765.74072265625,2621.802734375,229.84471130371097,954.845703125,2642.7236328125,-24.1037540435791,39.849647521972656,2476.640625,-44.00654602050781,437.44866943359375,2560.986328125,-54.12810134887695,815.9705200195312,2667.73974609375,-110.85741424560548,956.3746337890624,2579.248779296875,84.13426971435547,-578.4127197265625,2562.88916015625,113.3914031982422,-513.52490234375,2415.6806640625,135.9679412841797,-564.6934814453125,2426.454345703125,173.65335083007812,-627.734130859375,2532.50537109375,84.34671783447266,-557.4349975585938,2415.8193359375,7.564855575561523,-623.5437622070312,2502.47705078125
57.39577865600586,40.79829788208008,2457.73876953125,64.94092559814453,-139.05709838867188,2481.2451171875,75.79020690917969,-278.2060546875,2521.040771484375,81.88426208496094,-495.3346252441406,2561.34521484375,115.16818237304688,-458.6369934082031,2555.58837890625,256.1640625,-424.33978271484375,2565.787841796875,362.6319580078125,-168.32467651367188,2518.944091796875,188.34262084960935,-240.4157867431641,2377.069091796875,148.0947723388672,-328.1546325683594,2393.89697265625,128.9472198486328,-355.4111633300781,2498.683837890625,126.91419982910156,-330.8466796875,2464.571044921875,46.70059585571289,-459.8861999511719,2555.88232421875,-83.61740112304688,-430.607177734375,2564.14990234375,-201.1994171142578,-169.34475708007812,2560.966796875,-33.805145263671875,-251.1847686767578,2411.29052734375,44.80305480957031,-265.0398254394531,2342.300048828125,86.0833969116211,-356.16058349609375,2383.2099609375,63.43719482421875,-317.7983093261719,2345.37646484375,147.7756805419922,41.850318908691406,2436.777587890625,126.88702392578124,448.1478271484375,2415.840087890625,217.91444396972656,765.74072265625,2621.802734375,229.84471130371097,954.845703125,2642.7236328125,-24.1037540435791,39.849647521972656,2476.640625,-44.00654602050781,437.44866943359375,2560.986328125,-54.12810134887695,815.9705200195312,2667.73974609375,-110.85741424560548,956.3746337890624,2579.248779296875,84.13426971435547,-578.4127197265625,2562.88916015625,113.3914031982422,-513.52490234375,2415.6806640625,135.9679412841797,-564.6934814453125,2426.454345703125,173.65335083007812,-627.734130859375,2532.50537109375,84.34671783447266,-557.4349975585938,2415.8193359375,7.564855575561523,-623.5437622070312,2502.47705078125
57.741676330566406,40.023658752441406,2455.386474609375,66.6391372680664,-142.37013244628906,2478.095947265625,78.48042297363281,-283.5740051269531,2517.636474609375,86.2161636352539,-502.6231994628906,2563.50732421875,119.66859436035156,-465.2209777832031,2557.34375,260.5253601074219,-423.1257629394531,2568.681396484375,362.7056579589844,-161.060546875,2522.57666015625,190.33946228027344,-246.49757385253903,2380.371337890625,151.74502563476562,-333.83160400390625,2407.7216796875,126.93093872070312,-356.37994384765625,2514.01220703125,127.35346221923828,-336.1958923339844,2470.421630859375,50.28678131103515,-467.1907958984375,2556.6328125,-81.63538360595703,-436.7250061035156,2564.90966796875,-205.2408142089844,-173.91773986816406,2563.53955078125,-36.78621292114258,-254.47117614746097,2409.188232421875,44.96517181396485,-264.9364929199219,2341.04345703125,85.03048706054688,-358.7017517089844,2381.096923828125,65.77471923828125,-319.23394775390625,2346.415771484375,149.4680938720703,41.92219924926758,2434.697021484375,123.51304626464844,453.3005676269531,2410.135498046875,217.1004638671875,768.4086303710938,2628.49755859375,230.0879669189453,960.7213745117188,2642.125,-24.972070693969727,38.3116569519043,2474.043212890625,-46.73533630371094,439.52337646484375,2567.304931640625,-58.595890045166016,820.7162475585938,2683.832763671875,-110.55958557128906,956.4614868164062,2581.46142578125,89.30661010742188,-586.7505493164062,2566.995849609375,106.7624969482422,-522.0185546875,2415.417724609375,131.24697875976562,-573.4031372070312,2425.072265625,178.33795166015625,-635.6061401367188,2530.006591796875,78.15370178222656,-566.9849853515625,2418.131591796875,8.14855670928955,-634.3350830078125,2512.081787109375
55.39363861083984,41.830299377441406,2458.73193359375,63.77898025512695,-139.86474609375,2481.04833984375,76.03901672363281,-280.5802001953125,2519.92626953125,83.3958740234375,-499.4542541503906,2562.00341796875,116.7920379638672,-462.2825012207031,2555.861083984375,258.5166015625,-425.1757507324219,2565.76171875,363.0132751464844,-165.66867065429688,2517.7294921875,189.1837615966797,-243.8487243652344,2374.802001953125,150.0012969970703,-331.66119384765625,2397.96826171875,127.57132720947266,-354.6689758300781,2504.205322265625,127.35965728759766,-330.5918884277344,2467.874755859375,47.68756103515625,-463.88525390625,2556.357421875,-84.04053497314453,-436.0194396972656,2567.25048828125,-204.31951904296875,-173.11167907714844,2559.4736328125,-34.885765075683594,-255.997802734375,2409.056640625,46.52863693237305,-265.64404296875,2341.083740234375,89.38947296142578,-357.8760986328125,2380.555908203125,66.34384155273438,-317.4815673828125,2341.8994140625,145.87506103515625,43.038787841796875,2434.572998046875,121.56503295898438,452.03314208984375,2399.544677734375,215.13194274902344,768.8953857421875,2612.34765625,233.86610412597656,958.5545043945312,2638.940673828125,-26.197444915771484,40.74055099487305,2480.51708984375,-46.254417419433594,441.0620422363281,2570.35595703125,-59.374900817871094,822.6309814453125,2679.630859375,-109.71980285644533,957.0089721679688,2575.935791015625,86.08991241455078,-583.291015625,2564.095458984375,122.33328247070312,-524.5696411132812,2414.158447265625,142.42982482910156,-576.777099609375,2427.422119140625,174.79315185546875,-638.1904296875,2537.591064453125,91.00210571289062,-567.4851684570312,2415.0537109375,8.326681137084961,-627.4542236328125,2502.691162109375
53.32778549194336,45.08340072631836,2450.775390625,64.07050323486328,-137.89654541015625,2475.537109375,76.9975357055664,-279.35992431640625,2516.592041015625,85.68168640136719,-498.3435974121094,2567.8984375,119.1597900390625,-460.8182067871094,2560.598388671875,262.45587158203125,-424.4147644042969,2570.87060546875,363.0505065917969,-164.74252319335938,2503.5634765625,183.1236114501953,-248.04055786132812,2367.520751953125,140.09129333496094,-334.9293518066406,2391.283935546875,126.62834167480467,-349.49615478515625,2501.5380859375,124.01422882080078,-331.50665283203125,2467.910888671875,49.42539978027344,-463.0027465820313,2560.36328125,-83.86647033691406,-435.4934692382813,2568.46533203125,-206.30482482910156,-170.59347534179688,2561.31787109375,-35.63956832885742,-254.2213134765625,2409.09228515625,45.53647232055664,-264.178466796875,2339.34033203125,85.13607025146484,-358.8373107910156,2379.293701171875,65.96035766601562,-318.0252380371094,2342.35986328125,145.78407287597656,47.872459411621094,2431.273681640625,115.35406494140624,460.1622619628906,2394.509521484375,216.2350616455078,769.6476440429688,2621.17041015625,234.42198181152344,962.4047241210938,2636.533935546875,-30.044116973876953,42.56838607788086,2468.36083984375,-48.115013122558594,445.3837585449219,2564.813720703125,-60.21312713623047,828.7568359375,2681.174072265625,-109.55615234375,955.984130859375,2565.804931640625,89.04993438720703,-582.78515625,2573.40576171875,111.83636474609376,-533.1207275390625,2416.029541015625,133.9672088623047,-584.6380615234375,2430.979248046875,176.82601928710938,-638.9580688476562,2542.720458984375,81.05693054199219,-576.5863037109375,2422.388671875,6.291482448577881,-632.0379638671875,2521.314208984375
53.719486236572266,46.1744384765625,2447.76708984375,62.59278869628906,-137.27964782714844,2473.753173828125,74.31922912597656,-279.0049133300781,2515.803955078125,82.84568786621094,-498.96722412109375,2565.808837890625,116.46190643310548,-461.3682556152344,2558.491943359375,260.2034912109375,-424.6888732910156,2567.731689453125,356.0018615722656,-160.91236877441406,2506.0732421875,184.29478454589844,-254.04441833496097,2364.6533203125,131.66427612304688,-337.7463073730469,2380.406982421875,126.62415313720705,-343.1514587402344,2492.513427734375,122.66756439208984,-330.5528259277344,2469.801025390625,46.519657135009766,-463.3887939453125,2558.728759765625,-86.0474853515625,-431.0190124511719,2567.418701171875,-205.2945556640625,-163.6654510498047,2563.8642578125,-38.748592376708984,-255.91668701171875,2410.92529296875,45.66463470458984,-265.3850402832031,2344.54736328125,82.92276000976562,-360.596435546875,2386.28369140625,61.97967529296875,-316.53955078125,2338.12890625,146.2664337158203,47.74474334716797,2427.25146484375,111.6052017211914,459.7898254394531,2379.4912109375,207.82093811035156,767.394287109375,2612.66845703125,229.2517242431641,959.376220703125,2637.676513671875,-29.734161376953125,44.758419036865234,2466.2666015625,-48.30568313598633,447.9625244140625,2566.12841796875,-61.68758392333984,831.8748779296875,2684.57177734375,-112.49480438232422,955.8463134765624,2565.545654296875,86.05386352539062,-583.695556640625,2570.773193359375,128.6092071533203,-530.4814453125,2418.221435546875,148.64212036132812,-582.580078125,2434.693603515625,177.12918090820312,-639.763427734375,2549.98779296875,97.09303283691406,-574.0521240234375,2419.686767578125,10.15222454071045,-631.49951171875,2507.433837890625
57.03740310668945,43.339202880859375,2460.557861328125,65.76183319091797,-139.03555297851562,2485.32421875,79.90681457519531,-280.07781982421875,2525.389404296875,84.70044708251953,-501.8538818359375,2558.080322265625,118.7203140258789,-464.6517028808594,2553.47216796875,261.0247802734375,-426.94390869140625,2564.6533203125,362.3524475097656,-163.1054229736328,2524.94287109375,191.48927307128903,-234.827880859375,2373.14794921875,151.0911865234375,-324.1024475097656,2390.1298828125,127.79280853271484,-344.3854064941406,2497.36669921875,129.20033264160156,-328.667236328125,2461.821044921875,49.22394561767578,-465.4484558105469,2554.029296875,-82.33657836914062,-433.3984680175781,2564.6298828125,-206.05728149414065,-170.23696899414062,2562.306640625,-36.984012603759766,-254.395751953125,2410.078125,44.96765899658203,-266.89569091796875,2342.30029296875,94.61859130859376,-353.0426940917969,2388.625244140625,62.42317962646485,-318.20538330078125,2338.7626953125,145.81748962402344,43.321285247802734,2429.1513671875,110.48404693603516,450.45367431640625,2366.341064453125,206.45578002929688,761.2936401367188,2590.62841796875,223.3330841064453,949.4893188476562,2632.25439453125,-23.019512176513672,43.35536193847656,2488.878662109375,-47.10432434082031,447.13287353515625,2572.342529296875,-64.17485046386719,832.5025634765625,2675.482421875,-114.48242950439452,964.492431640625,2567.147216796875,86.39327239990234,-586.187744140625,2556.513916015625,117.95535278320312,-520.6732788085938,2407.337158203125,139.15264892578125,-573.388671875,2417.988525390625,175.47305297851562,-639.0969848632812,2525.25244140625,87.01175689697266,-564.2356567382812,2407.3427734375,7.074691295623779,-629.1058349609375,2495.1640625
55.32805633544922,42.66886901855469,2462.379638671875,63.966922760009766,-140.1065673828125,2487.7763671875,78.3799819946289,-281.295166015625,2528.63037109375,85.6594467163086,-503.88128662109375,2559.290771484375,119.34862518310548,-466.1536865234375,2555.09814453125,262.0000915527344,-428.5003967285156,2567.07861328125,352.68792724609375,-162.7584686279297,2511.9853515625,184.4999084472656,-252.6064453125,2365.97705078125,140.46058654785156,-339.9378662109375,2385.35498046875,125.08529663085938,-349.1172180175781,2495.799560546875,126.49561309814452,-332.5768737792969,2470.60107421875,49.6845817565918,-467.7518615722656,2555.504150390625,-82.19393920898438,-435.5513000488281,2566.218994140625,-206.2071533203125,-171.71493530273438,2562.119384765625,-35.549251556396484,-256.56787109375,2411.04443359375,47.54362106323242,-268.1987609863281,2344.06640625,94.0342254638672,-350.50518798828125,2400.27392578125,60.290016174316406,-316.3174743652344,2331.40869140625,144.03536987304688,42.36920928955078,2430.048583984375,111.2856903076172,450.6589965820313,2366.284423828125,211.9246368408203,765.7236938476562,2584.354248046875,228.72808837890625,952.236328125,2634.955078125,-24.663225173950195,42.9390869140625,2491.5341796875,-48.072853088378906,448.0026245117187,2574.266845703125,-62.73524475097656,834.1865234375,2678.74072265625,-122.93543243408205,963.0858764648438,2570.970947265625,88.3248519897461,-588.3902587890625,2556.91650390625,117.1326141357422,-524.283203125,2406.10009765625,140.5824432373047,-575.9884643554688,2417.7509765625,179.7650909423828,-638.238037109375,2526.475830078125,87.96371459960938,-569.2103271484375,2406.968017578125,10.646368980407717,-635.8658447265625,2496.326416015625
