96.94446563720705,44.53693008422851,2928.549560546875,102.53572082519533,-120.64783477783205,2927.315673828125,105.83826446533205,-251.536376953125,2945.1298828125,127.03529357910156,-451.5439147949219,2947.08642578125,154.47994995117188,-415.4652404785156,2949.764404296875,274.7709045410156,-360.0724792480469,2951.040283203125,337.6889953613281,-111.91098022460938,2952.48046875,168.3709716796875,-70.03585815429688,2826.98046875,132.03689575195312,-147.78053283691406,2802.605712890625,80.77166748046875,-146.81973266601562,2716.626953125,99.77181243896484,-174.20364379882812,2825.948486328125,92.55953216552734,-421.51123046875,2945.708740234375,-24.6569881439209,-395.9311218261719,2924.485595703125,-147.78524780273438,-176.16677856445312,2992.24609375,-2.8629302978515625,-78.56819915771484,2862.55126953125,10.669922828674316,-146.41458129882812,2795.915771484375,35.502357482910156,-133.4298553466797,2701.592041015625,33.12592315673828,-134.39598083496094,2761.97216796875,181.2213592529297,47.351802825927734,2933.60791015625,221.07139587402344,415.7469482421875,2949.630859375,235.9038848876953,753.7617797851562,3055.29833984375,257.1268615722656,904.3402709960938,2971.638916015625,20.94827651977539,41.99863052368164,2923.98828125,-9.704941749572754,408.6477966308594,2967.4921875,-31.131736755371097,750.5198364257812,3072.1884765625,-54.74443817138672,884.4256591796875,2988.457763671875,135.7182159423828,-525.8118286132812,2935.4169921875,144.29498291015625,-453.42388916015625,2805.614013671875,178.7901153564453,-491.2411804199219,2813.916015625,228.0045623779297,-539.9165649414062,2908.79833984375,132.44012451171875,-499.7774963378906,2802.732421875,84.52213287353516,-584.0667724609375,2875.762451171875
98.28512573242188,44.0670280456543,2928.53515625,104.8160629272461,-120.43765258789062,2926.996826171875,108.68839263916016,-250.8464202880859,2944.407470703125,128.6900634765625,-450.2005920410156,2944.09521484375,156.224365234375,-414.4483947753906,2947.209716796875,275.8247375488281,-358.7772521972656,2947.7392578125,339.258056640625,-111.79569244384766,2951.2919921875,166.97079467773438,-69.0843734741211,2831.68017578125,133.8875732421875,-143.9545135498047,2797.08642578125,78.61739349365234,-147.2564239501953,2714.153076171875,99.19851684570312,-173.4349365234375,2822.85595703125,94.51736450195312,-420.0794067382813,2943.02392578125,-21.920934677124023,-394.0419921875,2920.81005859375,-151.14527893066406,-182.2039031982422,2997.920654296875,-8.807629585266113,-84.05133056640625,2867.201904296875,21.035179138183594,-159.09686279296875,2815.8935546875,29.652360916137695,-134.8223876953125,2721.322998046875,26.562719345092773,-134.43350219726562,2762.841552734375,182.1629180908203,47.342079162597656,2934.41064453125,221.3400421142578,414.3847351074219,2949.81298828125,235.08441162109375,751.5867309570312,3053.594482421875,255.05662536621097,903.1515502929688,2972.856201171875,22.64881896972656,41.11376953125,2923.237060546875,-8.44992733001709,406.5447082519531,2964.36865234375,-29.455713272094727,746.6331787109375,3070.1982421875,-56.13780975341797,878.9800415039062,2986.09326171875,136.94204711914062,-524.0887451171875,2931.63330078125,145.0075225830078,-457.1805114746094,2799.539794921875,177.29258728027344,-496.6094055175781,2807.97509765625,226.78062438964844,-544.75048828125,2902.42236328125,130.3043212890625,-502.6000061035156,2798.794921875,80.30445861816406,-580.8516235351562,2876.232421875
98.08704376220705,43.81635284423828,2928.338623046875,104.61791229248048,-120.78843688964844,2926.8447265625,108.46885681152344,-251.24037170410156,2944.536865234375,128.35995483398438,-450.7266845703125,2945.15966796875,155.92396545410156,-414.9561767578125,2948.19775390625,275.6183776855469,-359.3009033203125,2948.974853515625,338.6890869140625,-112.06136322021484,2952.08740234375,166.89373779296875,-70.15988159179688,2831.256103515625,133.5213623046875,-144.7646026611328,2796.231201171875,77.99039459228516,-146.94729614257812,2713.362548828125,98.15716552734376,-174.1189727783203,2821.8544921875,94.1884765625,-420.5715942382813,2943.8564453125,-22.189945220947266,-394.6282653808594,2920.832275390625,-152.2466278076172,-181.80567932128903,2994.275390625,-8.621274948120117,-84.73444366455078,2863.9404296875,21.081518173217773,-159.93980407714844,2812.67724609375,29.922801971435547,-134.82760620117188,2718.28466796875,25.899320602416992,-133.24183654785156,2758.197998046875,182.01478576660156,47.09282684326172,2934.2294921875,221.18609619140625,414.38037109375,2949.1640625,235.1958923339844,751.9727783203125,3052.3662109375,255.0933074951172,903.7525634765624,2971.789306640625,22.40571403503418,40.86181640625,2923.026611328125,-8.806181907653809,406.4928588867187,2964.2978515625,-29.82678985595703,746.4967041015625,3071.1201171875,-56.601566314697266,880.5408325195312,2989.589599609375,136.60708618164062,-524.7186279296875,2933.039306640625,143.39096069335938,-456.5001220703125,2801.444580078125,176.70050048828125,-495.1495056152344,2809.69384765625,227.12643432617188,-542.7603149414062,2904.00146484375,129.8944091796875,-502.31390380859375,2800.27392578125,81.67230987548828,-582.5443115234375,2876.92431640625
97.91411590576172,44.128997802734375,2928.29638671875,103.8127212524414,-121.12101745605467,2928.079345703125,107.1858367919922,-251.94827270507812,2946.734130859375,126.89112091064452,-452.2001647949219,2948.15234375,154.5789794921875,-416.3212585449219,2951.30224609375,274.6910400390625,-360.4166564941406,2952.984619140625,337.81243896484375,-112.19206237792967,2954.32568359375,167.07400512695312,-75.65117645263672,2828.92431640625,128.8023223876953,-144.79705810546875,2787.45703125,63.038536071777344,-145.20895385742188,2711.92529296875,87.287353515625,-174.1630096435547,2812.939208984375,92.64193725585938,-421.894287109375,2946.481201171875,-23.863479614257812,-395.3654479980469,2922.39794921875,-148.49322509765625,-178.47543334960938,2996.784423828125,-7.522612571716309,-84.80632019042969,2859.87890625,21.8227596282959,-161.71121215820312,2810.290771484375,29.778339385986328,-133.02804565429688,2716.457763671875,25.593469619750977,-130.67709350585938,2751.35888671875,182.1731719970703,47.1290168762207,2934.10009765625,221.63246154785156,415.7070617675781,2950.5888671875,236.05584716796875,754.8428955078125,3053.19091796875,256.9356689453125,906.9198608398438,2972.037353515625,21.934009552001953,41.42375183105469,2923.062744140625,-8.773078918457031,408.2070007324219,2966.76171875,-31.017118453979492,750.5322875976562,3070.330078125,-55.47623443603515,885.7001953125,2988.7666015625,135.1688995361328,-526.516845703125,2936.288330078125,149.88790893554688,-455.0285949707031,2806.464111328125,181.7117919921875,-495.06585693359375,2815.156982421875,226.61666870117188,-546.7914428710938,2910.6240234375,134.99253845214844,-500.5128479003906,2803.497802734375,80.79265594482422,-581.3439331054688,2876.13134765625
98.01827239990234,44.415042877197266,2929.967529296875,103.63704681396484,-120.61833190917967,2929.4912109375,106.81427001953124,-251.30828857421875,2947.862548828125,126.68755340576172,-451.2701110839844,2948.853759765625,154.3400421142578,-415.4180908203125,2951.7138671875,274.9364929199219,-360.9852294921875,2952.56689453125,338.845458984375,-113.3198471069336,2952.8515625,166.52952575683594,-74.86099243164062,2830.72705078125,128.43084716796875,-140.88133239746094,2784.537353515625,68.9704818725586,-144.81051635742188,2704.214599609375,89.28325653076172,-172.01991271972656,2811.981689453125,92.44084930419922,-421.0351257324219,2947.611572265625,-24.495206832885746,-395.6069030761719,2925.337646484375,-152.47882080078125,-179.97509765625,2996.362548828125,-8.050188064575195,-82.83897399902344,2866.111328125,16.164600372314453,-156.49913024902344,2809.56787109375,29.54747772216797,-134.90835571289062,2714.599853515625,26.606374740600582,-124.98917388916016,2756.128662109375,182.1732482910156,47.263729095458984,2935.678466796875,221.6114959716797,415.3927612304687,2950.800537109375,235.2018890380859,753.8214721679688,3054.176025390625,255.1216735839844,905.7506103515624,2973.01123046875,22.13203811645508,41.84625244140625,2924.818115234375,-8.96462631225586,408.65728759765625,2963.423095703125,-29.89142608642578,749.45458984375,3070.552490234375,-55.77760314941406,886.9542236328125,2993.90185546875,134.88272094726562,-525.4661865234375,2936.837890625,144.69647216796875,-457.0967102050781,2805.1171875,178.4176483154297,-495.2987976074219,2814.468505859375,226.74888610839844,-542.140625,2910.584228515625,131.9357452392578,-503.2272338867187,2803.584716796875,82.5103988647461,-584.336181640625,2878.98486328125
97.20994567871094,44.54068756103515,2926.9052734375,102.62461853027344,-120.46498107910156,2927.3037109375,105.54817199707033,-251.03250122070312,2946.375244140625,127.18893432617188,-450.7620849609375,2948.233154296875,154.50582885742188,-414.6619873046875,2951.046142578125,274.31610107421875,-358.58697509765625,2950.098876953125,339.3689880371094,-111.2961883544922,2953.333251953125,166.82244873046875,-74.72149658203125,2831.03515625,128.70982360839844,-141.3977813720703,2785.84619140625,70.15399169921875,-144.97772216796875,2704.87158203125,89.49604034423828,-171.8453826904297,2813.9384765625,92.68682098388672,-420.8444213867187,2946.75146484375,-23.976743698120117,-395.6059875488281,2923.02001953125,-151.01893615722656,-180.91148376464844,2998.249267578125,-8.005231857299805,-78.27902221679688,2870.75732421875,6.423835277557373,-144.62655639648438,2802.968994140625,31.885400772094727,-133.6582794189453,2708.674072265625,27.203529357910156,-119.93444061279295,2762.39453125,181.3220062255859,47.315574645996094,2933.0087890625,221.09304809570312,415.1282653808594,2952.436279296875,236.27381896972656,754.079833984375,3053.5986328125,256.884765625,906.6220703125,2973.846435546875,21.362394332885746,42.038448333740234,2921.4013671875,-8.988042831420898,407.8014221191406,2968.796875,-29.941837310791016,749.8311767578125,3071.6572265625,-55.37946701049805,886.1337890625,2992.8193359375,136.08334350585938,-524.9137573242188,2936.544677734375,144.26576232910156,-459.4989013671875,2803.2568359375,178.6038055419922,-496.94580078125,2813.329833984375,228.059814453125,-540.7861328125,2910.25537109375,132.21182250976562,-505.8323669433594,2802.855224609375,84.3803482055664,-585.8937377929688,2880.333251953125
97.65481567382812,44.1401481628418,2928.3427734375,102.9668426513672,-121.18448638916016,2928.3681640625,105.8938980102539,-252.0481414794922,2947.151611328125,126.68573760986328,-452.2174072265625,2951.374755859375,154.21400451660156,-416.13958740234375,2953.781005859375,274.2394104003906,-359.9560546875,2951.793212890625,339.2597961425781,-112.13420104980467,2950.55810546875,165.44459533691406,-75.286376953125,2829.424560546875,131.72055053710938,-143.8614501953125,2783.263916015625,64.55496215820312,-145.60647583007812,2708.95068359375,86.02766418457031,-175.66436767578125,2814.1728515625,92.25196075439452,-422.1090698242187,2949.521240234375,-23.873767852783203,-394.33636474609375,2924.810791015625,-151.17239379882812,-180.0634307861328,3002.491943359375,-11.380166053771973,-76.29948425292969,2871.6787109375,8.371200561523438,-145.43190002441406,2807.872802734375,30.84774398803711,-134.45896911621094,2712.62890625,25.63237571716309,-119.06394958496094,2763.7685546875,181.9560089111328,46.84969711303711,2934.08349609375,221.03591918945312,415.60833740234375,2950.188232421875,234.76950073242188,754.877197265625,3052.84912109375,256.50897216796875,902.8917236328124,2964.597900390625,21.63673210144043,41.69682693481445,2923.166259765625,-9.217934608459473,408.6382141113281,2966.46875,-29.902881622314453,750.366455078125,3072.70654296875,-55.47209548950195,886.660400390625,2993.2822265625,135.27186584472656,-526.6818237304688,2940.5419921875,142.60647583007812,-455.6523742675781,2809.785888671875,177.92921447753906,-492.6256408691406,2818.638427734375,227.987060546875,-539.0839233398438,2914.298583984375,131.77281188964844,-502.3229064941406,2807.4404296875,85.48966217041016,-586.8165283203125,2881.43603515625
97.2794189453125,43.93008041381836,2929.240966796875,102.96932983398438,-121.330810546875,2929.143310546875,106.00431823730467,-252.17616271972656,2947.748779296875,127.03601837158205,-452.2879638671875,2950.147705078125,154.48167419433594,-416.2106628417969,2953.162353515625,274.0040283203125,-359.0259094238281,2952.8505859375,339.2704772949219,-111.35873413085938,2950.49609375,166.7293243408203,-76.86653900146484,2826.989013671875,128.46571350097656,-140.84115600585938,2777.908447265625,62.42671585083008,-145.3320770263672,2702.74755859375,83.34319305419922,-172.24806213378906,2807.064453125,92.58806610107422,-422.2177734375,2948.2880859375,-23.122787475585938,-394.7897644042969,2921.51806640625,-151.6132049560547,-181.4017791748047,2999.401611328125,-11.387899398803713,-75.70455932617188,2870.72900390625,17.78933334350586,-148.04673767089844,2814.602294921875,30.781307220458984,-136.26341247558594,2717.734375,26.675052642822266,-120.3521957397461,2763.08984375,181.48329162597656,46.82530212402344,2935.866455078125,221.2812042236328,415.4576110839844,2950.383544921875,234.9317626953125,754.0308227539062,3054.955810546875,256.6766357421875,903.7815551757812,2969.794677734375,21.34907913208008,41.31932830810547,2923.2666015625,-8.926835060119629,408.1106872558594,2967.262939453125,-29.85839080810547,750.4140625,3071.20263671875,-56.52069854736328,885.5576171875,2990.28515625,135.82241821289062,-526.605224609375,2938.648681640625,143.61184692382812,-455.50775146484375,2808.00830078125,175.98497009277344,-495.40576171875,2815.188232421875,225.9100799560547,-546.6513061523438,2908.396728515625,128.7488555908203,-501.0539855957031,2805.95556640625,78.63372039794922,-581.8257446289062,2881.532958984375
97.48516845703124,44.790523529052734,2929.11767578125,103.40144348144533,-120.00232696533205,2928.6298828125,106.85079956054688,-250.34266662597656,2948.084228515625,129.47894287109375,-449.7164611816406,2950.6044921875,156.58770751953125,-413.5118713378906,2953.216552734375,276.6650695800781,-358.3797912597656,2953.784912109375,337.7624206542969,-110.37468719482422,2952.7353515625,166.31832885742188,-81.67103576660156,2827.2724609375,125.13516998291016,-140.93557739257812,2775.18359375,56.985816955566406,-145.18980407714844,2702.297119140625,82.40644073486328,-175.34759521484375,2809.62841796875,94.8634262084961,-420.0140686035156,2949.10205078125,-21.96721649169922,-396.6492004394531,2925.014404296875,-152.65272521972656,-182.73049926757812,2994.960693359375,-10.382369041442873,-80.10294342041016,2867.07177734375,20.750469207763672,-153.642333984375,2814.0966796875,29.697998046875,-135.54623413085938,2718.02490234375,24.945737838745117,-119.74893188476562,2756.134765625,181.5493621826172,47.79310607910156,2934.32958984375,220.75730895996097,415.2897644042969,2952.49169921875,235.08140563964844,753.8724365234375,3053.5498046875,256.9048767089844,904.7072143554688,2971.355224609375,21.68079376220703,42.08296585083008,2924.41796875,-9.249914169311523,407.9673156738281,2966.82421875,-30.808631896972656,749.3746948242188,3070.1552734375,-56.23602294921875,887.0648803710938,2994.157958984375,138.70846557617188,-523.7763061523438,2939.17431640625,143.58299255371094,-458.3594970703125,2805.921630859375,176.78607177734375,-497.11810302734375,2814.396728515625,228.6321563720703,-543.147216796875,2908.859375,129.7185821533203,-504.1263732910156,2805.975830078125,82.27761840820312,-582.4114990234375,2885.263427734375
97.96977996826172,44.463409423828125,2928.0634765625,102.98558044433594,-120.81354522705078,2929.044677734375,105.6803207397461,-251.52503967285156,2948.602783203125,127.55070495605467,-451.55670166015625,2949.255615234375,154.91140747070312,-415.3877868652344,2951.91162109375,274.7281494140625,-358.9099426269531,2948.849853515625,341.487060546875,-111.74334716796876,2956.192138671875,169.286376953125,-75.44444274902344,2832.734130859375,133.4371337890625,-143.0227508544922,2786.76171875,69.81881713867188,-145.07278442382812,2709.43994140625,89.89005279541016,-173.42454528808594,2809.0224609375,92.95246887207033,-421.61724853515625,2948.33251953125,-24.11200904846191,-396.8715515136719,2925.073974609375,-150.9244384765625,-176.27059936523438,2983.052490234375,0.1847445964813232,-81.31341552734375,2858.396240234375,29.71156120300293,-157.4813995361328,2807.7880859375,35.47994613647461,-135.37730407714844,2712.033935546875,33.699737548828125,-121.36048126220705,2745.758544921875,182.2491912841797,47.05501174926758,2933.771728515625,221.9110412597656,415.6565246582031,2949.2451171875,236.0668487548828,754.043212890625,3054.331787109375,256.5697021484375,907.3035888671876,2975.3359375,21.971315383911133,42.12644577026367,2922.916259765625,-9.153757095336914,408.7412414550781,2967.729736328125,-30.94106674194336,751.0725708007812,3071.37939453125,-56.21205139160156,888.2627563476562,2993.523193359375,136.38121032714844,-525.7612915039062,2937.0908203125,145.15884399414062,-457.58642578125,2804.966552734375,178.54261779785156,-496.2835388183594,2813.876220703125,227.73585510253903,-543.7310791015625,2909.451904296875,131.73623657226562,-503.6048278808594,2803.684814453125,82.2850570678711,-584.0625610351562,2880.027099609375
97.8548583984375,44.17823028564453,2929.443603515625,103.10137939453124,-121.06585693359376,2930.220458984375,105.97531127929688,-251.7705841064453,2949.65283203125,127.2866439819336,-451.8262634277344,2951.013916015625,154.70631408691406,-415.7314453125,2953.930908203125,274.549072265625,-359.3104553222656,2951.961669921875,341.0765380859375,-112.01548767089844,2951.761962890625,165.62112426757812,-74.52054595947266,2833.409912109375,128.44532775878906,-140.93597412109375,2786.82861328125,68.06756591796875,-145.50860595703125,2707.07568359375,88.39532470703125,-172.552734375,2817.25341796875,92.78997039794922,-421.8004455566406,2949.594482421875,-23.79546356201172,-396.02398681640625,2925.18115234375,-149.32363891601562,-175.52877807617188,2986.09228515625,-0.3625154495239258,-81.06177520751953,2858.57275390625,29.97722625732422,-157.7618408203125,2809.296142578125,34.164772033691406,-135.23324584960938,2713.5751953125,30.59031867980957,-119.5390396118164,2744.859619140625,182.1167449951172,46.880409240722656,2935.156982421875,222.29005432128903,415.3651123046875,2950.65478515625,234.94056701660156,754.2169189453125,3054.229736328125,255.3679962158203,906.2391967773438,2972.917724609375,21.872215270996097,41.741554260253906,2924.29150390625,-8.830781936645508,408.5460815429687,2967.311279296875,-31.1259765625,750.8826293945312,3070.634521484375,-56.53243637084961,885.522705078125,2988.539306640625,136.0640106201172,-526.069091796875,2939.123291015625,144.12828063964844,-454.5472106933594,2808.76171875,178.79425048828125,-492.18157958984375,2817.26953125,228.38153076171875,-540.0082397460938,2912.428955078125,132.44496154785156,-500.9781799316406,2806.228271484375,84.97295379638672,-584.9573364257812,2879.95849609375
97.86750030517578,44.170955657958984,2929.502197265625,103.10880279541016,-121.07601928710938,2930.259765625,105.97472381591795,-251.78048706054688,2949.70947265625,127.2769546508789,-451.8397216796875,2951.158203125,154.6966552734375,-415.744384765625,2954.08056640625,274.54833984375,-359.3330078125,2952.2431640625,341.1007080078125,-112.04045867919922,2952.224609375,165.75686645507812,-74.5796890258789,2833.690185546875,128.5489501953125,-141.15867614746094,2787.36572265625,68.10118103027344,-146.06710815429688,2707.683837890625,88.70268249511719,-172.75613403320312,2817.69091796875,92.78197479248048,-421.8124694824219,2949.705078125,-23.77212142944336,-396.0338745117187,2925.13525390625,-149.25552368164062,-175.3385772705078,2985.428466796875,-0.0191479921340942,-81.25607299804688,2857.940673828125,30.149574279785156,-158.0170440673828,2808.65087890625,34.40888214111328,-135.45774841308594,2712.938720703125,30.989349365234375,-119.96428680419922,2744.312255859375,182.13035583496097,46.86982727050781,2935.222900390625,222.3089599609375,415.354248046875,2950.851806640625,234.8751983642578,754.1631469726562,3054.5966796875,255.35923767089844,906.2433471679688,2973.4013671875,21.883987426757812,41.73727035522461,2924.34375,-8.739523887634277,408.5373840332031,2967.50830078125,-30.857797622680664,750.7979736328125,3071.140625,-56.30439376831055,885.6566162109375,2989.411865234375,136.05921936035156,-526.0885009765625,2939.301025390625,144.26675415039062,-454.59332275390625,2808.93115234375,178.9052734375,-492.2463989257813,2817.472900390625,228.3913116455078,-540.0848388671875,2912.68115234375,132.5590057373047,-501.0188903808594,2806.396484375,84.98069763183594,-584.9594116210938,2880.10546875
97.78902435302734,43.85797882080078,2930.993408203125,103.3928451538086,-121.34034729003906,2929.99267578125,106.46044158935548,-252.22906494140625,2947.920654296875,127.33623504638672,-452.26263427734375,2951.52490234375,154.81065368652344,-416.2024841308594,2954.206298828125,274.8957214355469,-360.3291320800781,2954.72314453125,339.3381652832031,-112.53655242919922,2953.881103515625,166.68341064453125,-75.04436492919922,2831.5537109375,129.10964965820312,-140.07281494140625,2783.395263671875,68.1594467163086,-145.0891571044922,2704.131103515625,89.14790344238281,-172.4892120361328,2812.971435546875,92.91824340820312,-422.1886291503906,2949.599365234375,-24.125329971313477,-397.2264404296875,2926.699951171875,-148.620361328125,-174.871337890625,2982.537109375,1.004159450531006,-81.61775970458984,2854.974853515625,29.701623916625977,-158.0806121826172,2804.400146484375,34.696475982666016,-133.14407348632812,2709.33740234375,31.277935028076172,-120.46511840820312,2741.609619140625,181.997802734375,46.67709732055664,2937.16650390625,221.4886474609375,415.2618103027344,2950.056396484375,235.00799560546875,754.4119262695312,3052.295654296875,255.01219177246097,905.3240356445312,2968.910400390625,21.854267120361328,41.31585693359375,2925.4267578125,-8.690580368041992,408.15179443359375,2967.649658203125,-30.101449966430664,750.3716430664062,3071.299560546875,-55.44268798828125,884.7670288085938,2988.845458984375,136.01878356933594,-526.631103515625,2940.475341796875,139.49252319335938,-459.7836608886719,2807.489990234375,174.9368438720703,-496.5793762207031,2816.38720703125,227.7708282470703,-540.2066040039062,2911.787841796875,128.45689392089844,-506.42864990234375,2806.941650390625,84.27362823486328,-588.3345336914062,2884.88818359375
97.78902435302734,43.858062744140625,2930.99365234375,103.39305114746094,-121.34014129638672,2929.992919921875,106.4607925415039,-252.22872924804688,2947.9208984375,127.33873748779295,-452.2619934082031,2951.526123046875,154.81275939941406,-416.2015380859375,2954.207275390625,274.896728515625,-360.3259887695313,2954.72265625,339.3343200683594,-112.53230285644533,2953.875732421875,166.6765899658203,-75.04582214355469,2831.551025390625,129.10147094726562,-140.07583618164062,2783.39599609375,68.1478042602539,-145.0948944091797,2704.134765625,89.14007568359375,-172.49142456054688,2812.9765625,92.9204330444336,-422.1883544921875,2949.6005859375,-24.123497009277344,-397.2279052734375,2926.701416015625,-148.62071228027344,-174.87379455566406,2982.536865234375,1.0019391775131226,-81.61992645263672,2854.972900390625,29.698291778564453,-158.0823974609375,2804.397216796875,34.690792083740234,-133.1468048095703,2709.334228515625,31.271453857421875,-120.46546936035156,2741.606201171875,181.99774169921875,46.677284240722656,2937.166748046875,221.48822021484375,415.26171875,2950.05810546875,235.00601196289065,754.4110717773438,3052.299072265625,255.01087951660156,905.3231201171876,2968.9140625,21.854318618774418,41.31584548950195,2925.427001953125,-8.690906524658203,408.1514587402344,2967.650634765625,-30.101736068725582,750.3705444335938,3071.302001953125,-55.44383239746094,884.7672729492188,2988.850341796875,136.02206420898438,-526.63037109375,2940.476806640625,139.503173828125,-459.7787170410156,2807.494140625,174.9445343017578,-496.577392578125,2816.39111328125,227.77354431152344,-540.2117919921875,2911.791015625,128.46401977539062,-506.4228820800781,2806.944091796875,84.2732162475586,-588.3280639648438,2884.886962890625
97.47999572753906,42.63193130493164,2931.353759765625,102.90773010253906,-122.7756805419922,2930.956787109375,105.77667999267578,-253.7420959472656,2949.5224609375,127.8555679321289,-453.9127502441406,2951.714599609375,155.14947509765625,-417.6675720214844,2954.665283203125,275.06024169921875,-361.0418701171875,2954.3447265625,338.9086608886719,-112.7730484008789,2954.483154296875,165.68714904785156,-79.85989379882812,2831.1845703125,132.21925354003906,-143.247314453125,2777.8837890625,61.1049690246582,-145.5218963623047,2707.2802734375,83.52381134033203,-179.3292999267578,2822.539306640625,93.21967315673828,-423.99261474609375,2949.98876953125,-23.71002769470215,-399.1714172363281,2925.61376953125,-149.1380157470703,-178.4185333251953,2986.932861328125,-0.8023083209991455,-83.21893310546875,2858.8525390625,26.80179214477539,-158.8057861328125,2806.174560546875,34.58082580566406,-135.07708740234375,2710.8662109375,30.376190185546875,-119.2677001953125,2744.5498046875,181.77867126464844,45.3828239440918,2937.732666015625,222.73382568359375,414.2364501953125,2951.31396484375,234.4254913330078,753.6732177734375,3054.318603515625,257.19427490234375,905.48095703125,2972.851318359375,21.464183807373047,40.15133285522461,2925.601806640625,-8.673779487609863,407.44195556640625,2968.11474609375,-31.075843811035156,750.4844970703125,3070.330078125,-56.04421615600586,885.7444458007812,2988.80517578125,136.99029541015625,-528.238525390625,2940.125244140625,145.0263214111328,-458.8836364746094,2808.42529296875,178.4954071044922,-497.6798400878906,2816.827880859375,228.2712860107422,-545.9658203125,2911.8037109375,131.5945281982422,-504.9320983886719,2806.826171875,82.5428695678711,-586.1162109375,2882.8212890625
98.28937530517578,42.764617919921875,2930.69970703125,102.77982330322266,-122.46097564697266,2930.71630859375,105.23882293701172,-253.21763610839844,2949.617431640625,126.91646575927734,-453.1849670410156,2950.389892578125,154.265625,-417.0570068359375,2953.3759765625,273.9303894042969,-360.3115539550781,2952.510009765625,340.2801818847656,-113.07608795166016,2956.90283203125,166.87200927734375,-78.31684875488281,2834.8564453125,128.66427612304688,-144.19471740722656,2788.390869140625,63.70355224609375,-145.57095336914062,2712.233642578125,89.71825408935547,-177.04449462890625,2819.011474609375,92.37152862548828,-423.2270202636719,2949.095947265625,-24.319917678833008,-396.9488220214844,2925.91162109375,-147.37916564941406,-175.1028594970703,2986.66845703125,-0.8515715599060059,-84.66101837158203,2853.626220703125,33.95284652709961,-163.71664428710938,2811.606201171875,33.62639617919922,-134.65797424316406,2717.59521484375,31.902402877807617,-120.53128814697266,2738.41845703125,182.59364318847656,45.05629348754883,2935.58544921875,222.1455535888672,413.4724731445313,2951.99609375,234.7673492431641,753.320556640625,3051.93408203125,257.1229553222656,906.988037109375,2974.4052734375,22.268510818481445,40.698116302490234,2926.294189453125,-9.044516563415527,407.31488037109375,2969.651123046875,-30.993654251098633,750.4641723632812,3069.989501953125,-56.43439102172851,886.8155517578125,2990.862548828125,135.81500244140625,-527.3585815429688,2938.283447265625,143.572509765625,-458.3255615234375,2806.612060546875,177.17108154296875,-496.9034729003906,2815.09423828125,227.0687713623047,-544.7083740234375,2910.064453125,130.36654663085938,-504.3787841796875,2805.104736328125,81.71855926513672,-585.5250244140625,2881.15283203125
98.0171890258789,44.43991470336914,2930.87060546875,103.23747253417967,-120.8479232788086,2931.390869140625,106.3997573852539,-251.61170959472656,2950.607666015625,127.17076873779295,-451.7709655761719,2952.52197265625,154.68911743164062,-415.7340087890625,2955.4052734375,274.581298828125,-359.3177185058594,2954.19873046875,339.5582275390625,-111.55203247070312,2956.23779296875,165.4892120361328,-79.03689575195312,2834.320556640625,130.38229370117188,-138.67471313476562,2777.948974609375,57.55964660644531,-151.2508544921875,2710.34228515625,83.41349029541016,-179.46031188964844,2825.9384765625,92.74996948242188,-421.6479187011719,2950.95458984375,-23.66538429260254,-396.0920104980469,2925.371826171875,-149.8544921875,-175.54232788085938,2984.989990234375,-3.020987033843994,-85.34336853027344,2851.938232421875,33.65159606933594,-164.70628356933594,2812.02685546875,32.738067626953125,-134.10617065429688,2718.45751953125,30.52446174621582,-125.45755767822266,2739.079833984375,182.38311767578125,47.11811447143555,2935.211669921875,221.8189392089844,415.6523742675781,2953.435546875,235.5487060546875,754.2992553710938,3057.847412109375,254.83187866210935,902.3154296875,2969.110107421875,21.94071578979492,42.02486038208008,2926.9560546875,-9.091988563537598,409.1329040527344,2967.909423828125,-29.81358337402344,751.2724609375,3072.51953125,-55.58125305175781,886.1832275390625,2990.90380859375,135.77349853515625,-526.086181640625,2940.835693359375,151.29449462890625,-454.81585693359375,2810.968994140625,184.09912109375,-493.8402404785156,2820.600830078125,228.35496520996097,-543.7322387695312,2917.351806640625,137.8362579345703,-500.74517822265625,2807.919677734375,84.43730163574219,-582.8197631835938,2879.766845703125
97.9085693359375,44.31023025512695,2930.980712890625,103.08380889892578,-121.03374481201172,2931.517333984375,106.2125244140625,-251.829833984375,2950.82080078125,126.68562316894533,-452.0848388671875,2952.918701171875,154.2768096923828,-416.0753479003906,2955.682861328125,274.2778015136719,-359.8031921386719,2953.89013671875,339.6261901855469,-112.04022216796876,2954.602783203125,164.86862182617188,-79.85810852050781,2833.459228515625,129.22686767578125,-139.59339904785156,2777.48095703125,55.71346664428711,-151.79771423339844,2710.507568359375,82.4949722290039,-180.1864318847656,2824.412841796875,92.2958755493164,-421.900390625,2951.41064453125,-24.228654861450195,-396.1822814941406,2926.29931640625,-149.62796020507812,-175.39785766601562,2987.081787109375,-3.4269392490386963,-85.3360366821289,2853.125732421875,32.98810958862305,-164.7884521484375,2813.080322265625,31.62172508239746,-134.29905700683594,2719.446044921875,29.98602294921875,-125.2978286743164,2739.929931640625,182.3045959472656,46.965816497802734,2935.29541015625,221.87716674804688,415.6149597167969,2953.399658203125,235.79632568359375,754.4214477539062,3057.66748046875,255.49278259277344,902.81787109375,2969.545654296875,21.80496597290039,41.91557312011719,2927.08984375,-9.130681037902832,409.1419372558594,2968.166748046875,-29.646745681762695,751.3204345703125,3073.09619140625,-55.7101936340332,886.5435180664062,2991.9892578125,135.1434326171875,-526.451904296875,2941.294189453125,148.421875,-456.5545349121094,2810.380126953125,181.92869567871097,-494.95166015625,2820.206298828125,227.8143768310547,-542.9493408203125,2917.203125,135.65655517578125,-502.7380065917969,2808.01806640625,84.16067504882812,-584.7577514648438,2881.369140625
97.78450775146484,44.24195098876953,2933.7900390625,102.801513671875,-120.96997833251952,2932.4970703125,105.48860931396484,-251.99652099609375,2949.432861328125,126.80818176269533,-451.97418212890625,2953.314697265625,154.2342529296875,-415.8528442382813,2955.627197265625,274.48260498046875,-360.3626098632813,2953.8896484375,338.43023681640625,-112.47142028808594,2957.471923828125,167.04476928710938,-81.44348907470703,2831.607666015625,129.09837341308594,-139.40426635742188,2775.3935546875,51.16339111328125,-150.8388214111328,2713.604248046875,82.4655532836914,-181.23439025878903,2827.036865234375,92.3116683959961,-421.9750671386719,2951.66650390625,-24.64634895324707,-397.3255615234375,2928.01611328125,-150.75564575195312,-178.9626007080078,2994.87451171875,-7.041290283203125,-86.49748992919922,2860.151123046875,33.46582794189453,-165.2740936279297,2822.989501953125,30.937828063964844,-134.990478515625,2729.3955078125,29.905763626098633,-125.33470916748048,2747.2509765625,182.00978088378903,46.75223159790039,2939.84765625,222.2602081298828,415.2658996582031,2952.20068359375,234.60108947753903,754.6364135742188,3053.831787109375,257.38616943359375,907.7120971679688,2975.2490234375,21.834857940673828,41.97831726074219,2928.32763671875,-8.846755981445312,409.10205078125,2967.797119140625,-31.1428165435791,751.265869140625,3071.421142578125,-55.18841171264648,888.0560302734375,2992.603271484375,135.52935791015625,-526.3506469726562,2942.359619140625,146.11412048339844,-455.7828063964844,2811.696044921875,178.56427001953125,-495.4001159667969,2819.865234375,226.45745849609375,-545.8683471679688,2914.49462890625,131.63677978515625,-501.4250183105469,2809.471435546875,80.21922302246094,-582.2013549804688,2884.085205078125
98.07072448730467,43.82159805297851,2935.49658203125,103.24327087402344,-121.1769561767578,2933.86328125,106.17642974853516,-251.883056640625,2951.91650390625,127.38077545166016,-451.6590881347656,2952.158203125,154.76885986328125,-415.6447143554687,2955.32373046875,274.9104919433594,-360.2953796386719,2956.165283203125,338.675537109375,-112.6598892211914,2956.200439453125,166.6056671142578,-81.42288208007812,2831.78564453125,129.5526885986328,-138.4916229248047,2774.25439453125,50.32683181762695,-150.92724609375,2714.5361328125,81.87716674804688,-182.06686401367188,2825.381103515625,92.9478988647461,-421.6564025878906,2950.857666015625,-23.88747787475586,-397.4979248046875,2926.876220703125,-150.669189453125,-179.43983459472656,2992.175048828125,-5.896761894226074,-86.21710205078125,2859.559814453125,32.75471115112305,-164.6093292236328,2819.9951171875,31.701919555664062,-135.0105743408203,2726.282470703125,28.585866928100582,-126.09494018554688,2747.314453125,182.25384521484375,46.41050338745117,2940.562744140625,222.5102996826172,414.4423828125,2953.4150390625,235.0745086669922,754.1012573242188,3052.4873046875,254.65798950195312,905.5875244140624,2970.51123046875,22.159099578857425,41.4870719909668,2930.927978515625,-9.20213794708252,408.42095947265625,2967.177001953125,-29.71161460876465,749.8999633789062,3071.885009765625,-55.57163619995117,886.5983276367188,2993.888671875,136.13742065429688,-525.7271728515625,2939.872314453125,149.73570251464844,-455.12548828125,2809.717529296875,183.2295837402344,-493.4225769042969,2819.41796875,228.75440979003903,-541.8135986328125,2916.09814453125,137.12017822265625,-501.2300109863281,2807.021728515625,85.6415786743164,-583.6636352539062,2879.5048828125
97.58441925048828,43.043067932128906,2934.73095703125,103.29244232177734,-122.24346923828124,2933.66259765625,106.4735870361328,-253.21176147460935,2951.53271484375,127.27159118652344,-453.3812255859375,2954.17626953125,154.7797088623047,-417.32666015625,2957.01123046875,274.57391357421875,-360.6731872558594,2955.661865234375,340.3283996582031,-113.11559295654295,2960.069091796875,168.7910919189453,-72.13908386230469,2837.07861328125,134.6639404296875,-145.81227111816406,2799.9814453125,60.00971221923828,-156.90406799316406,2734.119384765625,95.34893035888672,-178.23690795898438,2829.93896484375,92.84693145751952,-423.2659606933594,2952.415771484375,-23.5181827545166,-396.9546203613281,2927.313232421875,-149.81210327148438,-178.1255340576172,2992.8740234375,-4.278853416442871,-84.96249389648438,2860.399658203125,31.28127098083496,-163.2382354736328,2817.427734375,31.393468856811523,-135.36920166015625,2722.993408203125,27.914796829223633,-127.13280487060548,2748.66796875,181.84829711914065,45.91400146484375,2940.771484375,222.1177215576172,414.6681823730469,2952.286376953125,234.7698516845703,754.6361083984375,3052.587890625,255.23654174804688,905.880615234375,2969.71728515625,21.5999698638916,40.4542236328125,2929.283935546875,-9.0372896194458,407.5919494628906,2970.62109375,-31.07120704650879,751.0034790039062,3070.832275390625,-56.417823791503906,885.3615112304688,2988.146484375,135.91729736328125,-527.7418823242188,2942.761962890625,144.0923614501953,-460.43707275390625,2810.120849609375,177.09640502929688,-499.5020446777344,2818.8984375,226.75201416015625,-547.0115966796875,2914.232421875,130.08486938476562,-506.3004455566406,2809.2587890625,80.47049713134766,-585.7070922851562,2886.626708984375
97.74900817871094,43.40056228637695,2935.187255859375,103.24838256835938,-121.8127670288086,2933.920654296875,106.28897094726562,-252.74124145507812,2951.639892578125,127.1944351196289,-452.7972717285156,2954.688232421875,154.65904235839844,-416.73773193359375,2957.53466796875,274.6712341308594,-360.6890563964844,2956.546875,340.01690673828125,-113.14989471435548,2960.971923828125,167.56581115722656,-74.67703247070312,2838.63134765625,136.85748291015625,-143.77590942382812,2791.267333984375,56.22845077514648,-156.75747680664062,2733.34521484375,92.0599365234375,-182.5187225341797,2831.99365234375,92.77239227294922,-422.7210998535156,2952.781494140625,-23.620262145996097,-397.3679809570313,2927.109130859375,-151.25314331054688,-178.61634826660156,2989.776123046875,-4.195734977722168,-86.19705200195312,2858.6416015625,32.38365936279297,-164.7749481201172,2817.20654296875,32.52260208129883,-134.687255859375,2723.505126953125,27.877948760986328,-127.88091278076172,2747.105712890625,181.98426818847656,46.15902328491211,2941.115234375,222.4471435546875,414.5582885742187,2956.8408203125,234.6780242919922,755.2957763671875,3053.93408203125,257.2635192871094,906.4124755859376,2971.555419921875,21.790386199951172,40.913143157958984,2929.842041015625,-9.02012538909912,407.9189758300781,2970.6337890625,-31.09688949584961,750.5972900390625,3072.717041015625,-56.20955276489258,887.1223754882812,2993.739990234375,135.9137725830078,-527.13671875,2943.432861328125,140.1622772216797,-454.6746215820313,2813.4306640625,175.43304443359375,-491.9615478515625,2820.87939453125,227.73147583007812,-539.8416137695312,2914.53125,128.9490203857422,-501.2127685546875,2810.846923828125,84.14488983154297,-586.205078125,2885.060791015625
97.80487060546876,43.01570510864258,2935.5927734375,102.95096588134766,-122.00045776367188,2934.91455078125,105.72805786132812,-252.68331909179688,2953.218017578125,127.17568969726562,-452.44537353515625,2953.639892578125,154.48046875,-416.396484375,2957.152587890625,274.5200500488281,-360.82525634765625,2958.808349609375,338.4479064941406,-113.22079467773438,2957.207275390625,167.4508514404297,-77.366455078125,2832.535888671875,136.0177764892578,-144.60723876953125,2783.228271484375,50.658145904541016,-157.1128387451172,2732.66943359375,89.456787109375,-184.96109008789065,2832.6328125,92.72207641601562,-422.4827270507813,2951.932373046875,-23.37886428833008,-396.8645935058594,2925.9453125,-150.15365600585938,-179.47409057617188,2993.5078125,-6.387144088745117,-85.681396484375,2860.18017578125,33.030948638916016,-163.95068359375,2821.11767578125,31.688169479370117,-134.94488525390625,2727.217041015625,26.594043731689453,-127.33712768554688,2748.977294921875,181.9455718994141,45.6158332824707,2941.39111328125,222.2491149902344,413.5381164550781,2957.47802734375,234.5959930419922,754.6553344726562,3051.51708984375,257.2210998535156,906.4672241210938,2970.915283203125,21.931507110595703,40.67105484008789,2930.3642578125,-8.786216735839844,407.1746215820313,2971.429443359375,-30.065776824951172,750.51171875,3069.7900390625,-55.502079010009766,885.1724243164062,2988.173828125,136.1730194091797,-526.502197265625,2941.431884765625,144.99961853027344,-460.41900634765625,2808.512451171875,178.35610961914062,-498.8884887695313,2818.018798828125,227.4255828857422,-544.7780151367188,2914.19189453125,131.638427734375,-506.39117431640625,2807.912109375,82.2633285522461,-585.6100463867188,2885.290771484375
98.36136627197266,44.33688735961914,2936.7529296875,103.3582534790039,-120.79320526123048,2934.551513671875,105.96512603759766,-251.75506591796875,2951.546142578125,126.41614532470705,-451.7613525390625,2953.6083984375,153.93516540527344,-415.7967529296875,2956.72607421875,274.677978515625,-361.5333557128906,2958.47314453125,339.3893737792969,-113.96737670898438,2962.70947265625,168.91632080078125,-72.21935272216797,2838.88330078125,134.84085083007812,-144.36378479003906,2799.05322265625,69.6588134765625,-150.78128051757812,2723.397216796875,100.11871337890624,-177.31027221679688,2831.200439453125,92.08399200439452,-421.6167907714844,2951.75537109375,-24.59141540527344,-396.3099670410156,2927.68310546875,-147.56106567382812,-173.3688507080078,2984.00146484375,4.6684889793396,-84.987548828125,2856.223388671875,32.08439254760742,-162.83091735839844,2807.14990234375,35.499202728271484,-133.8553924560547,2713.216064453125,33.857940673828125,-124.896728515625,2742.750244140625,182.54820251464844,46.80318069458008,2942.844970703125,223.50819396972656,415.0464172363281,2956.0,234.18492126464844,755.4283447265625,3053.82177734375,257.42327880859375,905.46728515625,2969.867431640625,22.446409225463867,42.1129264831543,2931.259765625,-8.637275695800781,408.9070739746094,2971.929443359375,-31.301536560058594,751.23974609375,3074.364013671875,-55.66709518432617,885.565185546875,2991.644287109375,135.00405883789062,-526.0196533203125,2941.996337890625,145.31666564941406,-459.0841674804687,2809.4873046875,178.42782592773438,-497.80426025390625,2819.043701171875,226.4698028564453,-544.579345703125,2915.4150390625,131.7299346923828,-505.02001953125,2808.474853515625,81.26275634765625,-584.54833984375,2884.967529296875
98.55017852783205,43.77802276611328,2936.916015625,103.67181396484376,-121.30348205566406,2934.762939453125,106.36392211914062,-252.1990509033203,2951.971435546875,128.07040405273438,-452.0122985839844,2954.4873046875,155.3553924560547,-415.877685546875,2957.513916015625,275.6673889160156,-360.7427978515625,2958.905517578125,337.38128662109375,-112.45928955078124,2961.17529296875,166.6350860595703,-74.6762466430664,2836.556884765625,132.8486785888672,-146.5082244873047,2795.9775390625,67.6456527709961,-150.18479919433594,2720.193359375,98.57830047607422,-179.75640869140625,2831.927001953125,93.55782318115234,-422.0972900390625,2952.57470703125,-23.38637351989746,-397.7936401367187,2928.94677734375,-149.1383819580078,-176.8492889404297,2986.6416015625,1.927018165588379,-86.3271713256836,2859.08251953125,32.52806091308594,-164.51614379882812,2812.55908203125,35.8071403503418,-135.9135284423828,2718.534423828125,31.39393424987793,-125.40383911132812,2745.8134765625,182.7118682861328,46.309688568115234,2943.0068359375,223.8041076660156,414.4203186035156,2956.585693359375,234.4629364013672,754.398681640625,3055.454833984375,257.4558410644531,905.7083129882812,2973.84423828125,22.657878875732425,41.4951057434082,2931.423828125,-8.456377029418945,408.2044677734375,2971.908203125,-30.695653915405273,750.3065185546875,3074.861083984375,-55.66611099243164,885.6239013671875,2994.044921875,137.12086486816406,-526.2210693359375,2943.046875,145.11538696289062,-455.988037109375,2812.139892578125,179.4945068359375,-493.7812194824219,2820.8115234375,229.11279296875,-541.1064453125,2916.06982421875,133.0692901611328,-502.3033142089844,2810.076171875,85.33908081054688,-585.1734008789062,2884.702880859375
98.38883209228516,41.820770263671875,2937.162109375,104.01519012451172,-123.80716705322266,2935.68017578125,107.29638671875,-255.0933380126953,2953.21923828125,129.50006103515625,-455.5453796386719,2954.1328125,156.82424926757812,-419.2554016113281,2957.236328125,276.3915100097656,-361.4931335449219,2958.616455078125,337.3951110839844,-112.14473724365234,2960.384765625,166.5880889892578,-75.95413970947266,2834.14208984375,131.72561645507812,-143.00143432617188,2786.280029296875,66.79964447021484,-145.48252868652344,2709.76806640625,98.43665313720705,-179.1553192138672,2833.48681640625,94.79777526855467,-425.5888977050781,2952.6796875,-21.96895408630371,-398.8907470703125,2928.649169921875,-148.37551879882812,-177.89056396484375,2988.62060546875,0.5162805318832397,-85.79137420654297,2858.4140625,35.52741622924805,-164.47496032714844,2815.292236328125,36.370094299316406,-133.65138244628906,2721.5703125,31.740232467651367,-123.23638916015624,2744.27880859375,182.87789916992188,44.64323425292969,2942.483154296875,223.0037078857422,414.0157470703125,2958.52099609375,234.80709838867188,754.9616088867188,3058.197265625,257.6189880371094,904.0360717773438,2971.349853515625,22.201337814331055,39.275634765625,2932.364013671875,-9.127761840820312,407.369384765625,2971.49609375,-29.823680877685547,751.089111328125,3073.569091796875,-55.74827575683594,887.004150390625,2992.995849609375,138.64935302734375,-529.8994140625,2942.04931640625,143.6226043701172,-454.7189025878906,2813.187255859375,177.3907470703125,-493.8052062988281,2819.14501953125,229.4364318847656,-546.1332397460938,2910.9140625,130.22576904296875,-500.7559509277344,2809.8662109375,82.96710968017578,-585.4464721679688,2883.405029296875
98.37310791015624,41.806732177734375,2937.15478515625,104.0025405883789,-123.82465362548828,2935.694580078125,107.2868881225586,-255.11097717285156,2953.252197265625,129.4833984375,-455.5676574707031,2954.21826171875,156.80882263183594,-419.2772521972656,2957.31884765625,276.3860778808594,-361.5305480957031,2958.73974609375,337.4517517089844,-112.1925277709961,2960.58203125,166.68130493164062,-75.96534729003906,2834.29296875,131.80230712890625,-143.02430725097656,2786.455322265625,66.85974884033203,-145.52801513671875,2709.955810546875,98.46521759033205,-179.158447265625,2833.575927734375,94.78184509277344,-425.6096496582031,2952.750732421875,-21.977596282958984,-398.9306945800781,2928.651123046875,-148.41958618164062,-177.8520965576172,2988.28076171875,0.5658268928527832,-85.89283752441406,2858.075439453125,35.41108703613281,-164.5819091796875,2814.82470703125,36.29954147338867,-133.7964324951172,2721.088623046875,31.701963424682617,-123.32229614257812,2743.90283203125,182.86404418945312,44.63150405883789,2942.471923828125,222.9703063964844,414.0248718261719,2958.2509765625,234.97384643554688,755.08154296875,3057.54931640625,257.5796813964844,903.9010620117188,2970.205078125,22.18392562866211,39.25951385498047,2932.35986328125,-9.179883003234863,407.3636169433594,2971.437744140625,-29.962587356567383,751.1275634765625,3073.369384765625,-55.80134582519531,886.839111328125,2992.420166015625,138.63270568847656,-529.9263916015625,2942.15380859375,143.77915954589844,-455.0517578125,2813.117431640625,177.54298400878906,-494.12152099609375,2819.215576171875,229.46627807617188,-546.2268676757812,2911.18359375,130.3905792236328,-501.0987548828125,2809.887451171875,83.03578186035156,-585.619384765625,2883.563720703125
98.37310791015624,41.806732177734375,2937.15478515625,104.0025405883789,-123.82465362548828,2935.694580078125,107.2868881225586,-255.11097717285156,2953.252197265625,129.4833984375,-455.5676574707031,2954.21826171875,156.80882263183594,-419.2772521972656,2957.31884765625,276.3860778808594,-361.5305480957031,2958.73974609375,337.4517517089844,-112.1925277709961,2960.58203125,166.68130493164062,-75.96534729003906,2834.29296875,131.80230712890625,-143.02430725097656,2786.455322265625,66.85974884033203,-145.52801513671875,2709.955810546875,98.46521759033205,-179.158447265625,2833.575927734375,94.78184509277344,-425.6096496582031,2952.750732421875,-21.977596282958984,-398.9306945800781,2928.651123046875,-148.41958618164062,-177.8520965576172,2988.28076171875,0.5658268928527832,-85.89283752441406,2858.075439453125,35.41108703613281,-164.5819091796875,2814.82470703125,36.29954147338867,-133.7964324951172,2721.088623046875,31.701963424682617,-123.32229614257812,2743.90283203125,182.86404418945312,44.63150405883789,2942.471923828125,222.9703063964844,414.0248718261719,2958.2509765625,234.97384643554688,755.08154296875,3057.54931640625,257.5796813964844,903.9010620117188,2970.205078125,22.18392562866211,39.25951385498047,2932.35986328125,-9.179883003234863,407.3636169433594,2971.437744140625,-29.962587356567383,751.1275634765625,3073.369384765625,-55.80134582519531,886.839111328125,2992.420166015625,138.63270568847656,-529.9263916015625,2942.15380859375,143.77915954589844,-455.0517578125,2813.117431640625,177.54298400878906,-494.12152099609375,2819.215576171875,229.46627807617188,-546.2268676757812,2911.18359375,130.3905792236328,-501.0987548828125,2809.887451171875,83.03578186035156,-585.619384765625,2883.563720703125
98.37310791015624,41.806732177734375,2937.15478515625,104.0025405883789,-123.82465362548828,2935.694580078125,107.2868881225586,-255.11097717285156,2953.252197265625,129.4833984375,-455.5676574707031,2954.21826171875,156.80882263183594,-419.2772521972656,2957.31884765625,276.3860778808594,-361.5305480957031,2958.73974609375,337.4517517089844,-112.1925277709961,2960.58203125,166.68130493164062,-75.96534729003906,2834.29296875,131.80230712890625,-143.02430725097656,2786.455322265625,66.85974884033203,-145.52801513671875,2709.955810546875,98.46521759033205,-179.158447265625,2833.575927734375,94.78184509277344,-425.6096496582031,2952.750732421875,-21.977596282958984,-398.9306945800781,2928.651123046875,-148.41958618164062,-177.8520965576172,2988.28076171875,0.5658268928527832,-85.89283752441406,2858.075439453125,35.41108703613281,-164.5819091796875,2814.82470703125,36.29954147338867,-133.7964324951172,2721.088623046875,31.701963424682617,-123.32229614257812,2743.90283203125,182.86404418945312,44.63150405883789,2942.471923828125,222.9703063964844,414.0248718261719,2958.2509765625,234.97384643554688,755.08154296875,3057.54931640625,257.5796813964844,903.9010620117188,2970.205078125,22.18392562866211,39.25951385498047,2932.35986328125,-9.179883003234863,407.3636169433594,2971.437744140625,-29.962587356567383,751.1275634765625,3073.369384765625,-55.80134582519531,886.839111328125,2992.420166015625,138.63270568847656,-529.9263916015625,2942.15380859375,143.77915954589844,-455.0517578125,2813.117431640625,177.54298400878906,-494.12152099609375,2819.215576171875,229.46627807617188,-546.2268676757812,2911.18359375,130.3905792236328,-501.0987548828125,2809.887451171875,83.03578186035156,-585.619384765625,2883.563720703125
98.37278747558594,41.80633163452149,2937.15576171875,104.00202941894533,-123.8251724243164,2935.6953125,107.28620910644533,-255.11154174804688,2953.2529296875,129.48130798339844,-455.5685424804687,2954.218994140625,156.8070068359375,-419.27825927734375,2957.31982421875,276.3848876953125,-361.5326843261719,2958.740234375,337.4530944824219,-112.19510650634766,2960.582275390625,166.68209838867188,-75.96752166748047,2834.2939453125,131.80258178710938,-143.02700805664062,2786.457275390625,66.85923767089844,-145.5315704345703,2709.958251953125,98.4670639038086,-179.1609344482422,2833.580078125,94.7799301147461,-425.6102294921875,2952.751953125,-21.979719161987305,-398.9305419921875,2928.65380859375,-148.41793823242188,-177.85104370117188,2988.288818359375,0.5645453929901123,-85.89141082763672,2858.079833984375,35.40664291381836,-164.57998657226562,2814.825439453125,36.29216384887695,-133.79173278808594,2721.09033203125,31.69639778137207,-123.31855010986328,2743.905029296875,182.86376953125,44.631011962890625,2942.472900390625,222.97007751464844,414.0245361328125,2958.25390625,234.9722442626953,755.0806884765625,3057.554931640625,257.5770263671875,903.9036254882812,2970.21630859375,22.183544158935547,39.25919342041016,2932.36083984375,-9.179547309875488,407.3634338378906,2971.4404296875,-29.960960388183594,751.127197265625,3073.373779296875,-55.79973602294922,886.8372192382812,2992.421875,138.6300048828125,-529.927490234375,2942.15478515625,143.76576232910156,-455.0596618652344,2813.114013671875,177.5337371826172,-494.1256713867187,2819.21337890625,229.46453857421875,-546.2203369140625,2911.183349609375,130.38180541992188,-501.1082153320313,2809.88671875,83.03734588623047,-585.6294555664062,2883.5693359375
98.37278747558594,41.80633163452149,2937.15576171875,104.00202941894533,-123.8251724243164,2935.6953125,107.28620910644533,-255.11154174804688,2953.2529296875,129.48130798339844,-455.5685424804687,2954.218994140625,156.8070068359375,-419.27825927734375,2957.31982421875,276.3848876953125,-361.5326843261719,2958.740234375,337.4530944824219,-112.19510650634766,2960.582275390625,166.68209838867188,-75.96752166748047,2834.2939453125,131.80258178710938,-143.02700805664062,2786.457275390625,66.85923767089844,-145.5315704345703,2709.958251953125,98.4670639038086,-179.1609344482422,2833.580078125,94.7799301147461,-425.6102294921875,2952.751953125,-21.979719161987305,-398.9305419921875,2928.65380859375,-148.41793823242188,-177.85104370117188,2988.288818359375,0.5645453929901123,-85.89141082763672,2858.079833984375,35.40664291381836,-164.57998657226562,2814.825439453125,36.29216384887695,-133.79173278808594,2721.09033203125,31.69639778137207,-123.31855010986328,2743.905029296875,182.86376953125,44.631011962890625,2942.472900390625,222.97007751464844,414.0245361328125,2958.25390625,234.9722442626953,755.0806884765625,3057.554931640625,257.5770263671875,903.9036254882812,2970.21630859375,22.183544158935547,39.25919342041016,2932.36083984375,-9.179547309875488,407.3634338378906,2971.4404296875,-29.960960388183594,751.127197265625,3073.373779296875,-55.79973602294922,886.8372192382812,2992.421875,138.6300048828125,-529.927490234375,2942.15478515625,143.76576232910156,-455.0596618652344,2813.114013671875,177.5337371826172,-494.1256713867187,2819.21337890625,229.46453857421875,-546.2203369140625,2911.183349609375,130.38180541992188,-501.1082153320313,2809.88671875,83.03734588623047,-585.6294555664062,2883.5693359375
97.62418365478516,42.724853515625,2939.79736328125,102.9479751586914,-122.7708511352539,2937.952880859375,105.90885925292967,-253.98019409179688,2955.28662109375,127.45874786376952,-454.3328857421875,2954.14697265625,154.87265014648438,-418.1940612792969,2957.639892578125,274.6170349121094,-361.0426025390625,2958.122314453125,340.22314453125,-113.14037322998048,2963.546630859375,167.6885986328125,-74.0333023071289,2840.880859375,134.7049102783203,-143.0841827392578,2794.70458984375,71.52886962890625,-145.9502410888672,2716.863037109375,100.58082580566406,-178.5329132080078,2836.740234375,92.8814926147461,-424.2781066894531,2952.98095703125,-23.880048751831055,-398.1284484863281,2928.84130859375,-148.61172485351562,-178.23287963867188,2995.09765625,-0.4412680864334106,-84.96083068847656,2865.209228515625,35.536277770996094,-163.6560821533203,2823.09521484375,33.51662063598633,-133.05987548828125,2729.40380859375,33.31175231933594,-124.73120880126952,2751.675537109375,182.02587890625,45.37688827514648,2945.455322265625,223.0655517578125,414.4140930175781,2959.58251953125,234.82464599609375,755.9453125,3056.1533203125,257.2345275878906,906.1625366210938,2971.489013671875,21.515459060668945,40.333396911621094,2934.695556640625,-8.864373207092285,407.9675903320313,2975.89501953125,-30.9912052154541,753.0501098632812,3071.8291015625,-58.844669342041016,886.298095703125,2987.78564453125,136.3734130859375,-528.5249633789062,2941.313232421875,145.61380004882812,-455.64459228515625,2811.51318359375,178.72906494140625,-494.96685791015625,2819.005859375,227.6803436279297,-546.2783203125,2912.901123046875,131.7873992919922,-501.5401916503906,2808.600341796875,81.66449737548828,-584.3789672851562,2882.183837890625
97.6418914794922,42.69541931152344,2939.773193359375,102.96369934082033,-122.79965209960938,2937.922119140625,105.92266845703124,-254.0085296630859,2955.255859375,127.52239227294922,-454.3553771972656,2954.1728515625,154.9270782470703,-418.2088928222656,2957.65673828125,274.6470031738281,-361.0070495605469,2958.10009765625,340.0639343261719,-113.05211639404295,2963.349853515625,167.5125274658203,-74.18926239013672,2840.6318359375,134.5623016357422,-143.2206573486328,2794.4033203125,71.41641998291016,-146.033203125,2716.535888671875,100.33595275878906,-178.6783905029297,2836.31103515625,92.93782806396484,-424.3096618652344,2952.99755859375,-23.831546783447266,-398.22174072265625,2928.831298828125,-148.69186401367188,-178.33389282226562,2994.866455078125,-0.491797924041748,-85.13760375976562,2864.958740234375,35.49181365966797,-163.84591674804688,2822.87548828125,33.5574951171875,-133.26719665527344,2729.1767578125,33.22627258300781,-124.92251586914062,2751.45361328125,182.04331970214844,45.34623336791992,2945.430908203125,223.0904541015625,414.38092041015625,2959.564453125,234.8677673339844,755.9137573242188,3056.1220703125,257.27923583984375,906.105712890625,2971.414794921875,21.533422470092773,40.30506134033203,2934.671142578125,-8.793905258178711,407.9371032714844,2975.915771484375,-30.82781219482422,752.99560546875,3071.9521484375,-58.594749450683594,886.291015625,2987.95654296875,136.4559783935547,-528.5484619140625,2941.3603515625,145.677978515625,-455.7041015625,2811.53955078125,178.81297302246094,-495.0061340332031,2819.050048828125,227.7765655517578,-546.26171875,2912.96875,131.87667846679688,-501.60784912109375,2808.638916015625,81.78661346435547,-584.4501342773438,2882.23974609375
98.08908081054688,42.24213409423828,2937.711669921875,103.25684356689452,-123.2625961303711,2936.677001953125,106.13422393798828,-254.3774871826172,2954.70703125,127.27362060546876,-454.772705078125,2954.14501953125,154.75555419921875,-418.6814880371094,2957.585205078125,274.3798522949219,-361.3028564453125,2956.0595703125,340.1831359863281,-113.5122299194336,2963.572998046875,167.20297241210938,-77.69400024414062,2840.53759765625,132.06895446777344,-144.21043395996094,2792.277099609375,68.46711730957031,-146.408935546875,2714.763427734375,98.2387237548828,-180.46334838867188,2834.62109375,92.7607879638672,-424.6509094238281,2952.84130859375,-23.380353927612305,-397.4520263671875,2926.943359375,-150.48202514648438,-178.1930694580078,2990.740966796875,-1.0104328393936155,-88.55968475341797,2859.792236328125,34.63297653198242,-168.03565979003906,2818.88134765625,33.0280647277832,-131.41915893554688,2727.3681640625,31.277973175048828,-125.13999938964844,2745.232421875,182.5046234130859,44.84388732910156,2943.16015625,223.1826934814453,413.8976745605469,2957.718017578125,234.9197998046875,755.0388793945312,3055.637451171875,255.6653594970703,907.552490234375,2974.744873046875,21.96788024902344,39.896026611328125,2932.798828125,-8.722439765930176,407.2613220214844,2976.055908203125,-29.89931297302246,751.424072265625,3075.4228515625,-54.760520935058594,883.8228149414062,2989.1337890625,136.05650329589844,-529.0159912109375,2941.527099609375,145.68026733398438,-459.4987182617187,2809.92578125,179.3258819580078,-498.0620422363281,2818.856201171875,227.96536254882812,-546.0370483398438,2914.655517578125,132.6231689453125,-505.6737060546875,2808.093017578125,82.95452880859375,-587.314453125,2883.3017578125
100.58097839355467,41.49307632446289,2938.92822265625,107.56539154052734,-123.2078094482422,2936.284423828125,111.64437103271484,-253.91632080078125,2952.75732421875,131.0382537841797,-453.6103210449219,2952.7666015625,158.6966552734375,-417.8941345214844,2956.10009765625,278.1354675292969,-361.4521789550781,2957.018798828125,341.0746765136719,-113.99559783935548,2961.59326171875,169.11973571777344,-76.53952026367188,2839.2412109375,135.11276245117188,-144.75515747070312,2793.319091796875,74.119873046875,-145.70608520507812,2714.260498046875,101.48446655273438,-179.11619567871094,2835.74609375,96.92526245117188,-423.33929443359375,2951.37255859375,-19.474185943603516,-397.5862731933594,2927.746826171875,-149.15451049804688,-181.2790679931641,2991.795654296875,1.1123418807983398,-89.83870697021484,2864.63232421875,20.589763641357425,-162.57839965820312,2805.3876953125,36.444828033447266,-133.10658264160156,2713.1171875,33.85911178588867,-126.295166015625,2751.891357421875,184.51377868652344,44.94618606567383,2945.544189453125,223.25076293945312,412.5882873535156,2960.051025390625,234.4633026123047,753.346923828125,3053.6943359375,257.11798095703125,904.1824340820312,2971.792236328125,24.895078659057617,38.37925720214844,2932.9619140625,-7.96720027923584,404.1733703613281,2974.095703125,-31.948835372924805,747.5725708007812,3069.78857421875,-55.17227554321289,884.449951171875,2991.7060546875,139.1741180419922,-527.6365356445312,2940.41455078125,145.44004821777344,-454.1548767089844,2811.524169921875,178.67979431152344,-493.25054931640625,2818.01904296875,229.52362060546875,-544.82568359375,2910.10546875,131.75592041015625,-499.873291015625,2808.594970703125,83.6512680053711,-583.0140380859375,2882.310791015625
99.9457550048828,41.1994514465332,2937.634521484375,106.8274383544922,-123.66082763671876,2936.639892578125,110.81151580810548,-254.28953552246097,2954.579345703125,131.28692626953125,-454.0411682128906,2953.765625,158.7872314453125,-418.160888671875,2957.155029296875,278.13323974609375,-361.2605895996094,2957.06640625,339.9466247558594,-113.2605209350586,2957.64990234375,167.64218139648438,-79.52098083496094,2834.400146484375,131.50241088867188,-147.59158325195312,2789.7666015625,65.80618286132812,-145.97314453125,2714.472412109375,93.68096923828124,-180.10598754882812,2833.420166015625,96.9804916381836,-423.9228210449219,2952.58935546875,-18.627925872802734,-396.1748962402344,2926.908935546875,-151.43798828125,-185.5237579345703,3003.118896484375,-9.38880443572998,-87.95601654052734,2870.859130859375,7.470217227935791,-158.0500030517578,2807.627685546875,34.179752349853516,-134.15489196777344,2716.164794921875,24.289981842041016,-125.95228576660156,2761.009521484375,183.9503631591797,44.666259765625,2944.222412109375,222.8362579345703,412.49310302734375,2961.256103515625,235.6259307861328,753.503662109375,3054.8876953125,257.1408996582031,904.7935180664062,2973.212646484375,24.195104598999023,38.073280334472656,2931.69384765625,-8.431442260742188,404.10247802734375,2973.67041015625,-30.744205474853516,747.73779296875,3070.023681640625,-55.28479766845703,886.5130004882812,2995.505859375,139.78700256347656,-528.03662109375,2941.095703125,145.05799865722656,-459.15972900390625,2809.504150390625,178.53457641601562,-497.8843688964844,2817.23046875,230.1296539306641,-545.9302978515625,2910.917724609375,131.5538787841797,-505.0506591796875,2808.293701171875,84.16786193847656,-585.7572021484375,2885.273193359375
100.15657806396484,40.95454406738281,2939.124755859375,106.20299530029295,-124.23433685302734,2937.07177734375,109.3095474243164,-255.2483062744141,2954.1513671875,126.36151885986328,-455.6944885253906,2953.392822265625,154.4889373779297,-420.2331848144531,2957.14892578125,275.4366149902344,-366.22418212890625,2957.91357421875,341.2779541015625,-118.8668441772461,2964.740234375,170.69085693359375,-75.80656433105469,2841.31396484375,139.16868591308594,-146.84292602539062,2797.47998046875,76.03959655761719,-145.5885772705078,2719.775390625,97.19312286376952,-178.8521270751953,2833.867919921875,92.53588104248048,-424.9283752441406,2951.834228515625,-23.265295028686523,-397.06781005859375,2926.0771484375,-152.29315185546875,-184.60177612304688,3005.33447265625,-5.138158798217773,-78.27849578857422,2885.310302734375,2.333183526992798,-136.60714721679688,2809.339111328125,37.35966110229492,-135.214111328125,2717.37841796875,28.527816772460938,-125.07079315185548,2780.813720703125,184.2517852783203,43.93832778930664,2946.717041015625,222.80267333984375,412.5988464355469,2961.2119140625,234.7056884765625,754.2003173828125,3055.282958984375,255.5818328857422,903.59375,2969.380126953125,24.324237823486328,38.263938903808594,2932.278564453125,-8.147329330444336,404.9788513183594,2974.428466796875,-30.835147857666016,748.32470703125,3074.12646484375,-55.97887420654297,883.6206665039062,2993.067138671875,133.74234008789062,-529.9541015625,2940.73193359375,148.8324432373047,-455.1628112792969,2812.87060546875,181.111083984375,-494.9478759765625,2820.94189453125,225.7081298828125,-548.3375854492188,2915.595703125,134.6111602783203,-500.7501220703125,2808.647216796875,80.79411315917969,-584.0338134765625,2878.695556640625
98.70492553710938,41.07801818847656,2939.60009765625,106.81968688964844,-123.72903442382812,2936.511474609375,112.271240234375,-254.6185607910156,2952.19091796875,130.54769897460938,-454.6161804199219,2953.456787109375,158.47203063964844,-419.0008544921875,2956.221923828125,279.27728271484375,-365.2135620117187,2955.734619140625,340.208251953125,-117.06800842285156,2963.4326171875,170.210693359375,-73.24726867675781,2840.086181640625,133.72128295898438,-144.68759155273438,2801.36376953125,76.39295196533203,-145.76719665527344,2719.488037109375,95.0602035522461,-173.22117614746094,2823.9365234375,96.5596923828125,-424.1295166015625,2952.2177734375,-19.764392852783203,-396.9148559570313,2929.240234375,-147.66842651367188,-178.62460327148438,2991.159423828125,-0.0482648611068725,-76.52591705322266,2868.722900390625,29.70893287658691,-149.99435424804688,2814.725341796875,35.83671188354492,-134.72999572753906,2717.861328125,32.88381576538086,-119.61524200439452,2758.567626953125,182.82980346679688,45.13379669189453,2944.2080078125,222.88954162597656,412.977783203125,2959.462158203125,234.76031494140625,753.4955444335938,3055.217529296875,255.6477508544922,903.8196411132812,2971.556396484375,22.845834732055664,37.42074966430664,2935.44482421875,-7.279174327850342,404.3327941894531,2971.772216796875,-29.99109268188477,746.6437377929688,3072.861083984375,-55.49580383300781,880.2626342773438,2989.68603515625,138.13223266601562,-528.8507080078125,2941.548828125,145.28663635253906,-454.5805969238281,2812.985107421875,179.21144104003906,-493.0752258300781,2819.9267578125,229.43722534179688,-544.1101684570312,2912.7998046875,132.56243896484375,-500.5943908691406,2809.604248046875,84.74427795410156,-585.106201171875,2882.1376953125
98.95027923583984,41.79033660888672,2937.83935546875,107.11013793945312,-122.89701080322266,2935.281982421875,112.2379150390625,-253.5267791748047,2952.3271484375,127.46101379394533,-453.623046875,2953.958984375,155.86436462402344,-418.4580383300781,2957.02294921875,277.18359375,-366.1337890625,2959.087646484375,339.68109130859375,-118.47960662841795,2956.004638671875,169.38563537597656,-79.23904418945312,2831.815673828125,127.76190185546876,-143.494140625,2786.4150390625,71.5841064453125,-145.7728729248047,2703.86279296875,89.84984588623047,-172.2861785888672,2823.932373046875,93.98035430908205,-422.65130615234375,2952.298095703125,-21.9873046875,-395.2792663574219,2928.225341796875,-150.8807373046875,-178.0374755859375,2990.936279296875,-0.7167011499404907,-79.28472900390625,2869.145751953125,29.09391212463379,-153.72683715820312,2816.662841796875,36.26091766357422,-134.8638916015625,2720.58349609375,32.14286422729492,-119.47706604003906,2757.602294921875,182.9275360107422,45.859275817871094,2943.75927734375,222.78713989257812,413.4137878417969,2959.6201171875,235.02162170410156,753.3904418945312,3056.2470703125,255.35108947753903,902.2616577148438,2970.16064453125,23.224302291870117,38.121192932128906,2932.500732421875,-7.9067888259887695,404.2802734375,2972.50634765625,-31.59420585632324,746.9127807617188,3071.287109375,-55.610076904296875,879.801513671875,2986.744384765625,134.05685424804688,-527.9179077148438,2942.20654296875,145.9176025390625,-455.9256591796875,2812.82958984375,179.19192504882812,-494.5972595214844,2821.439453125,225.97300720214844,-544.5264282226562,2916.571533203125,132.84423828125,-501.8284301757813,2809.810302734375,81.99244689941406,-584.5899658203125,2882.1435546875
98.82064819335938,40.56576919555664,2938.71923828125,107.40839385986328,-124.80093383789062,2937.22509765625,112.91851806640624,-255.8954315185547,2954.8310546875,131.40122985839844,-456.5618286132813,2955.602294921875,159.36947631835938,-420.8137512207031,2958.718505859375,280.454345703125,-366.5502014160156,2959.129638671875,339.8363952636719,-117.01866912841795,2958.3466796875,168.83755493164062,-79.4695816040039,2833.060791015625,130.54161071777344,-145.647705078125,2786.7734375,66.62776947021484,-145.3512420654297,2709.480224609375,87.119384765625,-175.60733032226562,2811.75244140625,97.2853012084961,-425.9931945800781,2954.182373046875,-19.14214324951172,-398.1213989257813,2930.340576171875,-147.2670440673828,-177.4727325439453,2986.9443359375,5.481257915496826,-81.7628173828125,2864.3251953125,31.79524803161621,-156.53379821777344,2809.751220703125,36.904518127441406,-129.42173767089844,2715.10595703125,34.31217956542969,-121.58348846435548,2751.411865234375,183.14419555664065,44.8922004699707,2944.54345703125,223.06793212890625,413.9474182128906,2961.408935546875,234.9415740966797,755.7775268554688,3056.939697265625,257.3915100097656,905.6907958984376,2971.73876953125,22.782392501831055,36.66443634033203,2933.46728515625,-8.92269229888916,404.5474548339844,2971.413818359375,-30.491683959960938,749.1490478515625,3069.2236328125,-56.06118392944336,885.0146484375,2988.710693359375,139.16539001464844,-531.00390625,2943.475830078125,145.44659423828125,-459.3686828613281,2812.8037109375,179.11473083496094,-498.2502746582031,2820.14111328125,230.18162536621097,-548.0562133789062,2913.7236328125,132.08106994628906,-505.4408264160156,2810.58740234375,84.10191345214844,-588.0582885742188,2885.83544921875
99.09618377685548,41.512725830078125,2938.019287109375,106.43934631347656,-123.33129119873048,2936.135498046875,111.19479370117188,-254.0269470214844,2953.455810546875,129.27723693847656,-454.0115356445313,2955.77734375,157.20252990722656,-418.4118957519531,2958.65478515625,278.8565368652344,-366.6072387695313,2959.007080078125,340.0000915527344,-118.42587280273438,2960.34765625,168.8212127685547,-67.82377624511719,2841.346435546875,140.43446350097656,-146.56576538085938,2810.902099609375,88.13059997558594,-146.04847717285156,2725.736083984375,95.82720184326172,-172.73924255371094,2823.91552734375,95.3336410522461,-423.50482177734375,2954.07666015625,-21.415992736816406,-398.5011291503906,2930.814697265625,-144.14247131347656,-172.9370574951172,2974.275634765625,10.449588775634766,-86.42581176757812,2848.52294921875,34.824588775634766,-163.38519287109375,2796.754150390625,41.12434768676758,-126.91740417480467,2705.7509765625,39.336673736572266,-121.65847778320312,2733.67041015625,183.21990966796875,45.20561599731445,2942.7880859375,222.43800354003903,412.9617004394531,2961.097900390625,235.0302734375,753.7151489257812,3055.779296875,257.3110656738281,904.3139038085938,2973.01416015625,23.238130569458008,38.18268203735352,2933.718994140625,-8.948471069335938,404.5472106933594,2973.26513671875,-31.442607879638672,748.1446533203125,3069.802978515625,-56.173221588134766,887.2111206054688,2995.86962890625,136.90902709960938,-528.2964477539062,2944.27099609375,143.08334350585938,-460.6000061035156,2812.095947265625,175.9906768798828,-499.7545166015625,2820.11962890625,226.95504760742188,-547.7821655273438,2914.1708984375,128.8974609375,-506.2969970703125,2811.279052734375,80.38488006591797,-585.6519165039062,2888.971923828125
97.87571716308594,41.53860092163086,2937.880859375,105.04041290283205,-123.25173950195312,2935.88037109375,109.6894989013672,-253.91375732421875,2953.1171875,127.30318450927734,-453.87200927734375,2951.307373046875,155.30227661132812,-418.4166870117187,2954.89990234375,276.832275390625,-366.46343994140625,2956.357421875,339.80841064453125,-118.86734008789062,2960.46533203125,170.75341796875,-67.53821563720703,2838.90771484375,140.88221740722656,-145.0460662841797,2806.8544921875,85.97627258300781,-146.06072998046875,2723.390625,101.68294525146484,-173.57078552246094,2824.84814453125,93.44181060791016,-423.2696838378906,2950.256103515625,-23.09483337402344,-396.605712890625,2928.0244140625,-144.2327880859375,-175.2747802734375,2992.200927734375,4.571899890899658,-74.3521957397461,2870.40576171875,11.052850723266602,-134.2023162841797,2795.799072265625,44.055904388427734,-129.00875854492188,2703.4521484375,39.19334030151367,-125.64476013183594,2767.397216796875,181.9814453125,45.13935470581055,2942.4912109375,222.5477294921875,412.7106323242187,2958.728515625,234.8190155029297,753.3074340820312,3053.533203125,257.3780212402344,904.095947265625,2971.323486328125,22.033878326416016,38.29164123535156,2933.72314453125,-8.532002449035645,404.7362365722656,2972.546142578125,-30.17842674255371,748.4938354492188,3068.22119140625,-55.334285736083984,885.7341918945312,2991.208251953125,134.75379943847656,-527.8944091796875,2938.272705078125,149.31410217285156,-458.6080932617187,2807.649169921875,180.77569580078125,-498.68310546875,2816.7353515625,225.66761779785156,-549.2584228515625,2912.47705078125,134.06153869628906,-503.8951721191406,2805.437255859375,79.724365234375,-583.00537109375,2879.3642578125
98.7669677734375,41.95570755004883,2934.874755859375,105.24205017089844,-123.62818145751952,2934.24072265625,109.12469482421876,-254.7567443847656,2952.70068359375,127.7541961669922,-455.5435791015625,2954.541259765625,155.7112579345703,-419.73590087890625,2957.53369140625,277.3891906738281,-366.5853271484375,2958.0654296875,339.3305969238281,-117.49203491210938,2957.490234375,166.6004638671875,-77.7836685180664,2835.018798828125,134.54942321777344,-143.80384826660156,2783.893310546875,68.37300872802734,-145.57220458984375,2708.455322265625,92.90386962890624,-180.26995849609375,2831.15869140625,93.59687042236328,-424.9847717285156,2952.892822265625,-23.054994583129883,-397.6312255859375,2929.112060546875,-146.2570343017578,-175.621826171875,2991.834228515625,4.879012584686279,-77.68585205078125,2868.7060546875,23.55838203430176,-147.51441955566406,2805.071044921875,40.67665481567383,-129.7005157470703,2709.5615234375,36.341800689697266,-120.82600402832033,2759.392822265625,183.2155914306641,45.236793518066406,2940.419921875,222.8423767089844,414.5297546386719,2958.447509765625,234.95721435546875,755.86572265625,3056.5986328125,257.4960021972656,907.0054931640624,2973.363525390625,22.61592483520508,38.99700546264648,2929.87451171875,-8.576849937438965,406.0926208496094,2977.234130859375,-31.138540267944336,751.7722778320312,3071.88232421875,-56.26778793334961,884.1895751953125,2985.479248046875,135.59913635253906,-530.0934448242188,2942.8046875,149.01087951660156,-456.474365234375,2813.662841796875,181.087158203125,-496.6329650878906,2821.49365234375,227.06874084472656,-549.7652587890625,2915.982421875,134.1811981201172,-502.0491943359375,2810.13916015625,80.7262954711914,-584.2863159179688,2882.18212890625
98.75313568115234,41.94121551513672,2934.873291015625,105.22625732421876,-123.64181518554688,2934.2490234375,109.10674285888672,-254.76693725585935,2952.727783203125,127.72610473632812,-455.5531005859375,2954.616943359375,155.68484497070312,-419.7462768554687,2957.60009765625,277.36639404296875,-366.6058044433594,2958.119873046875,339.33843994140625,-117.5218505859375,2957.480712890625,166.5956268310547,-77.83734893798828,2835.021728515625,134.5013885498047,-143.8677215576172,2783.937255859375,68.28005981445312,-145.63052368164062,2708.539306640625,92.85888671875,-180.30667114257812,2831.18798828125,93.57048797607422,-424.9931640625,2952.96142578125,-23.080490112304688,-397.6487426757813,2929.16943359375,-146.3017578125,-175.6175994873047,2991.770751953125,4.851266860961914,-77.73065185546875,2868.626708984375,23.52517890930176,-147.57212829589844,2805.005126953125,40.6340217590332,-129.74093627929688,2709.497802734375,36.26906967163086,-120.80490112304688,2759.2724609375,183.2013702392578,45.22161865234375,2940.417236328125,222.8426055908203,414.5127258300781,2958.40576171875,234.99658203125,755.8607788085938,3056.502685546875,257.52752685546875,906.9620361328124,2973.197509765625,22.602460861206055,38.98312759399414,2929.874267578125,-8.618557929992676,406.0802917480469,2977.185546875,-31.226198196411133,751.7750244140625,3071.759521484375,-56.49836349487305,884.1328735351562,2985.308837890625,135.56707763671875,-530.1057739257812,2942.8984375,148.7700958251953,-456.4747924804687,2813.742919921875,180.93714904785156,-496.5615539550781,2821.567138671875,227.0694122314453,-549.5800170898438,2916.04541015625,134.0393829345703,-502.0823364257813,2810.230712890625,80.79176330566406,-584.4267578125,2882.30322265625
98.75313568115234,41.94121551513672,2934.873291015625,105.22625732421876,-123.64181518554688,2934.2490234375,109.10674285888672,-254.76693725585935,2952.727783203125,127.72610473632812,-455.5531005859375,2954.616943359375,155.68484497070312,-419.7462768554687,2957.60009765625,277.36639404296875,-366.6058044433594,2958.119873046875,339.33843994140625,-117.5218505859375,2957.480712890625,166.5956268310547,-77.83734893798828,2835.021728515625,134.5013885498047,-143.8677215576172,2783.937255859375,68.28005981445312,-145.63052368164062,2708.539306640625,92.85888671875,-180.30667114257812,2831.18798828125,93.57048797607422,-424.9931640625,2952.96142578125,-23.080490112304688,-397.6487426757813,2929.16943359375,-146.3017578125,-175.6175994873047,2991.770751953125,4.851266860961914,-77.73065185546875,2868.626708984375,23.52517890930176,-147.57212829589844,2805.005126953125,40.6340217590332,-129.74093627929688,2709.497802734375,36.26906967163086,-120.80490112304688,2759.2724609375,183.2013702392578,45.22161865234375,2940.417236328125,222.8426055908203,414.5127258300781,2958.40576171875,234.99658203125,755.8607788085938,3056.502685546875,257.52752685546875,906.9620361328124,2973.197509765625,22.602460861206055,38.98312759399414,2929.874267578125,-8.618557929992676,406.0802917480469,2977.185546875,-31.226198196411133,751.7750244140625,3071.759521484375,-56.49836349487305,884.1328735351562,2985.308837890625,135.56707763671875,-530.1057739257812,2942.8984375,148.7700958251953,-456.4747924804687,2813.742919921875,180.93714904785156,-496.5615539550781,2821.567138671875,227.0694122314453,-549.5800170898438,2916.04541015625,134.0393829345703,-502.0823364257813,2810.230712890625,80.79176330566406,-584.4267578125,2882.30322265625
98.75313568115234,41.94121551513672,2934.873291015625,105.22625732421876,-123.64181518554688,2934.2490234375,109.10674285888672,-254.76693725585935,2952.727783203125,127.72610473632812,-455.5531005859375,2954.616943359375,155.68484497070312,-419.7462768554687,2957.60009765625,277.36639404296875,-366.6058044433594,2958.119873046875,339.33843994140625,-117.5218505859375,2957.480712890625,166.5956268310547,-77.83734893798828,2835.021728515625,134.5013885498047,-143.8677215576172,2783.937255859375,68.28005981445312,-145.63052368164062,2708.539306640625,92.85888671875,-180.30667114257812,2831.18798828125,93.57048797607422,-424.9931640625,2952.96142578125,-23.080490112304688,-397.6487426757813,2929.16943359375,-146.3017578125,-175.6175994873047,2991.770751953125,4.851266860961914,-77.73065185546875,2868.626708984375,23.52517890930176,-147.57212829589844,2805.005126953125,40.6340217590332,-129.74093627929688,2709.497802734375,36.26906967163086,-120.80490112304688,2759.2724609375,183.2013702392578,45.22161865234375,2940.417236328125,222.8426055908203,414.5127258300781,2958.40576171875,234.99658203125,755.8607788085938,3056.502685546875,257.52752685546875,906.9620361328124,2973.197509765625,22.602460861206055,38.98312759399414,2929.874267578125,-8.618557929992676,406.0802917480469,2977.185546875,-31.226198196411133,751.7750244140625,3071.759521484375,-56.49836349487305,884.1328735351562,2985.308837890625,135.56707763671875,-530.1057739257812,2942.8984375,148.7700958251953,-456.4747924804687,2813.742919921875,180.93714904785156,-496.5615539550781,2821.567138671875,227.0694122314453,-549.5800170898438,2916.04541015625,134.0393829345703,-502.0823364257813,2810.230712890625,80.79176330566406,-584.4267578125,2882.30322265625
98.21224212646484,39.80537033081055,2936.898681640625,104.3345947265625,-126.24634552001952,2935.35546875,108.17921447753906,-257.85028076171875,2953.068115234375,128.62167358398438,-459.0139465332031,2955.750244140625,156.3764190673828,-422.851806640625,2958.248291015625,277.5028991699219,-367.5695495605469,2959.277587890625,339.5347595214844,-117.76958465576172,2957.5830078125,168.93858337402344,-90.89693450927734,2827.79638671875,127.23621368408205,-140.07398986816406,2765.452392578125,45.6480598449707,-145.05714416503906,2706.733642578125,80.948486328125,-188.30880737304688,2830.93017578125,94.08921813964844,-428.6749877929687,2954.323486328125,-23.880935668945312,-403.312255859375,2933.249267578125,-145.08078002929688,-179.04232788085938,2994.85205078125,-0.5153417587280273,-81.28775787353516,2862.929443359375,26.453542709350582,-156.63197326660156,2808.875244140625,29.1412410736084,-129.79885864257812,2713.695068359375,29.82183265686035,-118.42672729492188,2747.494384765625,182.96551513671875,42.88832473754883,2941.40869140625,222.196044921875,413.3410034179687,2957.752685546875,235.44558715820312,755.449462890625,3056.64208984375,255.3941650390625,906.7095947265624,2971.9658203125,21.786474227905273,37.02533721923828,2932.831787109375,-9.001653671264648,405.824951171875,2975.03564453125,-29.795494079589844,751.2280883789062,3074.75048828125,-55.74451446533203,885.8576049804688,2991.231689453125,137.00257873535156,-533.7615966796875,2944.281982421875,138.88438415527344,-460.21343994140625,2813.943115234375,174.34063720703125,-497.8674011230469,2820.499267578125,228.63734436035156,-546.7144165039062,2913.280517578125,127.38284301757812,-506.9369201660156,2811.32080078125,83.54995727539062,-592.6172485351562,2886.357177734375
100.56273651123048,41.38352966308594,2936.671875,108.31690979003906,-123.49070739746094,2934.590087890625,113.14447021484376,-254.25942993164065,2951.649658203125,131.23062133789062,-454.28955078125,2955.134033203125,159.17007446289062,-418.6634216308594,2957.756591796875,280.64825439453125,-366.3551940917969,2958.90869140625,338.4317321777344,-117.29676818847656,2956.470703125,166.81834411621094,-90.93120574951172,2830.35009765625,133.55763244628906,-135.29139709472656,2760.609130859375,45.201168060302734,-146.00338745117188,2715.06982421875,78.83361053466797,-191.1444854736328,2839.6806640625,97.27467346191406,-423.78277587890625,2953.304443359375,-19.04228401184082,-396.9010620117187,2929.773193359375,-141.8321533203125,-176.1287078857422,2993.44580078125,1.7662197351455688,-83.38450622558594,2859.266845703125,22.93180274963379,-158.16465759277344,2803.0302734375,24.77283096313477,-129.40415954589844,2709.080322265625,27.81732749938965,-120.27450561523438,2743.534423828125,184.6296844482422,45.26223373413086,2942.6142578125,222.29849243164065,413.4133605957031,2958.39453125,234.69964599609375,754.0518188476562,3053.922607421875,257.1149597167969,906.424560546875,2974.391357421875,24.75588035583496,37.88593673706055,2931.3134765625,-8.44316577911377,404.3799743652344,2969.887939453125,-30.621257781982425,746.8509521484375,3070.814208984375,-55.35795974731445,885.3863525390625,2995.786865234375,138.84463500976562,-528.6650390625,2944.054443359375,145.44776916503906,-456.66204833984375,2814.14306640625,178.70407104492188,-495.72906494140625,2821.200439453125,229.3739318847656,-546.2559204101562,2914.14013671875,131.74526977539062,-502.4656066894531,2811.730712890625,83.38591003417969,-584.7999267578125,2886.419189453125
100.7769775390625,41.87418746948242,2936.370849609375,108.48553466796876,-122.85984802246094,2934.304443359375,113.17271423339844,-253.5077362060547,2951.448974609375,129.29844665527344,-453.531005859375,2954.968017578125,157.5439453125,-418.2070617675781,2957.72021484375,279.23614501953125,-366.68060302734375,2958.267333984375,338.06207275390625,-118.1218032836914,2953.760498046875,166.6235809326172,-93.05025482177734,2827.452880859375,138.41250610351562,-139.57884216308594,2757.00146484375,42.70296478271485,-148.98863220214844,2729.9951171875,79.97770690917969,-190.92225646972656,2849.71142578125,95.67594909667967,-422.7242736816406,2952.9951171875,-20.55863380432129,-396.64739990234375,2928.70556640625,-140.7880859375,-174.40255737304688,2991.21240234375,3.5350770950317383,-86.47067260742188,2854.891357421875,12.105451583862305,-156.69239807128906,2790.22119140625,22.08293914794922,-129.2029266357422,2696.4912109375,28.060569763183594,-124.90937042236328,2739.941162109375,184.74044799804688,45.72319793701172,2942.746826171875,223.12632751464844,413.3615417480469,2961.05517578125,234.73892211914065,753.9561767578125,3055.703857421875,257.0395812988281,904.5252075195312,2973.09033203125,25.06340980529785,38.40336608886719,2930.621337890625,-7.3473005294799805,404.5047607421875,2970.51220703125,-31.034509658813477,746.952880859375,3070.07080078125,-54.160377502441406,882.3936767578125,2989.385009765625,136.2379150390625,-527.910400390625,2943.916015625,145.42449951171875,-459.6360778808594,2812.306640625,178.86622619628906,-498.0773315429687,2821.32421875,227.60836791992188,-545.3177490234375,2916.85986328125,132.2803955078125,-505.6007995605469,2810.869140625,82.91968536376953,-586.2357788085938,2886.580322265625
101.00585174560548,42.39457702636719,2936.85400390625,106.11537170410156,-122.96044921875,2935.83447265625,108.92405700683594,-253.9563140869141,2953.8515625,127.08103942871094,-454.4544982910156,2955.250244140625,155.07083129882812,-418.7742919921875,2958.312255859375,276.5742492675781,-365.8094482421875,2956.302001953125,347.3748779296875,-119.54227447509766,2958.77734375,172.40394592285156,-83.04414367675781,2839.148681640625,149.8284912109375,-144.6416015625,2778.5732421875,72.06547546386719,-151.27102661132812,2715.732666015625,105.01174926757812,-194.23841857910156,2838.395263671875,93.04744720458984,-423.8677062988281,2953.675048828125,-23.538402557373047,-397.7972717285156,2929.178955078125,-136.9637908935547,-168.96986389160156,2983.46728515625,6.759047508239746,-92.17825317382812,2838.956787109375,28.319080352783203,-173.4940643310547,2792.410888671875,20.44388771057129,-127.83502197265624,2705.500244140625,32.67171096801758,-130.35081481933594,2720.52587890625,185.33795166015625,44.96624374389648,2942.405029296875,222.4651336669922,413.9860534667969,2958.55078125,234.96682739257812,754.639404296875,3056.894775390625,255.2997131347656,903.5479125976562,2969.763427734375,24.95989227294922,40.075592041015625,2931.84814453125,-7.827982425689697,407.1543884277344,2973.035400390625,-31.37041664123535,750.95458984375,3071.938720703125,-56.38434600830078,885.3081665039062,2989.05419921875,134.7476043701172,-528.8722534179688,2943.3701171875,155.35751342773438,-455.0276184082031,2815.597900390625,186.1619873046875,-495.8235778808594,2824.58349609375,226.7330322265625,-550.2948608398438,2920.53369140625,139.77906799316406,-500.1870422363281,2811.16015625,81.58450317382812,-581.5059814453125,2880.168212890625
101.41056823730467,42.13234329223633,2937.67333984375,106.80712890625,-123.1466827392578,2936.59619140625,109.8763427734375,-254.11376953125,2954.388671875,129.8177032470703,-454.3627624511719,2955.515625,157.50880432128906,-418.4508972167969,2958.30126953125,278.47149658203125,-364.522216796875,2954.05615234375,345.58233642578125,-117.32402801513672,2955.734130859375,169.042724609375,-84.84468078613281,2837.413818359375,142.82101440429688,-139.10791015625,2771.574462890625,69.88920593261719,-148.76336669921875,2703.606689453125,99.35547637939452,-192.76400756835935,2837.169921875,95.51325988769533,-424.0910339355469,2954.30615234375,-21.53544807434082,-398.9597473144531,2931.32666015625,-138.78775024414062,-172.00123596191406,2984.819580078125,3.374546766281128,-93.65731811523438,2839.731689453125,25.42495346069336,-174.7316131591797,2793.07421875,16.393951416015625,-127.79900360107422,2707.00341796875,25.39931297302246,-131.5065460205078,2721.531494140625,185.710205078125,44.849273681640625,2943.13037109375,222.3687286376953,413.7605285644531,2959.397216796875,234.5000762939453,754.8975830078125,3055.57275390625,257.4067687988281,904.3388061523438,2970.14794921875,25.39388084411621,39.682373046875,2932.752685546875,-7.5698161125183105,406.5307312011719,2974.506591796875,-30.44081115722656,750.3235473632812,3073.070556640625,-57.90252304077149,882.2960815429688,2987.309326171875,138.01766967773438,-528.6757202148438,2943.53076171875,146.05503845214844,-454.23980712890625,2814.76611328125,181.12924194335935,-491.6394348144531,2822.695556640625,230.69151306152344,-540.9265747070312,2917.15625,134.9510498046875,-500.7538146972656,2811.15283203125,88.01704406738281,-586.89453125,2882.753173828125
101.41056823730467,42.13234329223633,2937.67333984375,106.80712890625,-123.1466827392578,2936.59619140625,109.8763427734375,-254.11376953125,2954.388671875,129.8177032470703,-454.3627624511719,2955.515625,157.50880432128906,-418.4508972167969,2958.30126953125,278.47149658203125,-364.522216796875,2954.05615234375,345.58233642578125,-117.32402801513672,2955.734130859375,169.042724609375,-84.84468078613281,2837.413818359375,142.82101440429688,-139.10791015625,2771.574462890625,69.88920593261719,-148.76336669921875,2703.606689453125,99.35547637939452,-192.76400756835935,2837.169921875,95.51325988769533,-424.0910339355469,2954.30615234375,-21.53544807434082,-398.9597473144531,2931.32666015625,-138.78775024414062,-172.00123596191406,2984.819580078125,3.374546766281128,-93.65731811523438,2839.731689453125,25.42495346069336,-174.7316131591797,2793.07421875,16.393951416015625,-127.79900360107422,2707.00341796875,25.39931297302246,-131.5065460205078,2721.531494140625,185.710205078125,44.849273681640625,2943.13037109375,222.3687286376953,413.7605285644531,2959.397216796875,234.5000762939453,754.8975830078125,3055.57275390625,257.4067687988281,904.3388061523438,2970.14794921875,25.39388084411621,39.682373046875,2932.752685546875,-7.5698161125183105,406.5307312011719,2974.506591796875,-30.44081115722656,750.3235473632812,3073.070556640625,-57.90252304077149,882.2960815429688,2987.309326171875,138.01766967773438,-528.6757202148438,2943.53076171875,146.05503845214844,-454.23980712890625,2814.76611328125,181.12924194335935,-491.6394348144531,2822.695556640625,230.69151306152344,-540.9265747070312,2917.15625,134.9510498046875,-500.7538146972656,2811.15283203125,88.01704406738281,-586.89453125,2882.753173828125
101.41046905517578,42.13184356689453,2937.674072265625,106.80715942382812,-123.14727783203124,2936.596923828125,109.8764190673828,-254.11427307128903,2954.390625,129.8178253173828,-454.36334228515625,2955.5205078125,157.5089569091797,-418.451416015625,2958.305419921875,278.4712219238281,-364.5218811035156,2954.057373046875,345.5811767578125,-117.3232650756836,2955.7255859375,169.036376953125,-84.85001373291016,2837.4111328125,142.81044006347656,-139.11851501464844,2771.577880859375,69.87422180175781,-148.78067016601562,2703.615478515625,99.35203552246094,-192.77066040039065,2837.18212890625,95.51335144042967,-424.0917053222656,2954.310791015625,-21.535396575927734,-398.9600524902344,2931.33154296875,-138.78231811523438,-171.99761962890625,2984.8203125,3.381356716156006,-93.6654815673828,2839.72705078125,25.4339656829834,-174.7445831298828,2793.078857421875,16.40427017211914,-127.82270050048828,2707.001953125,25.409303665161133,-131.53189086914062,2721.533203125,185.71014404296875,44.84883117675781,2943.130859375,222.36846923828125,413.7604370117187,2959.39697265625,234.5002593994141,754.89794921875,3055.571533203125,257.4056701660156,904.3406982421876,2970.148681640625,25.39374732971191,39.68182373046875,2932.75341796875,-7.570251941680908,406.5302429199219,2974.5087890625,-30.44016456604004,750.322265625,3073.076171875,-57.906246185302734,882.2969360351562,2987.319580078125,138.01771545410156,-528.6765747070312,2943.536865234375,146.0518798828125,-454.2431945800781,2814.770263671875,181.1261444091797,-491.6428527832031,2822.69921875,230.69081115722656,-540.9284057617188,2917.15966796875,134.9475555419922,-500.75726318359375,2811.158203125,88.01508331298828,-586.8964233398438,2882.76171875
100.59637451171876,42.57258987426758,2939.335205078125,107.12384033203124,-122.88964080810548,2937.48486328125,111.26905059814452,-254.0631866455078,2954.9052734375,132.4830322265625,-454.45208740234375,2957.3330078125,159.9779052734375,-418.3011169433594,2960.00146484375,281.6806945800781,-365.7429504394531,2954.22509765625,338.9033508300781,-116.09913635253906,2940.0712890625,157.22149658203125,-91.27926635742188,2827.263916015625,139.6220703125,-140.239990234375,2754.584716796875,62.67584228515625,-150.25958251953125,2691.033203125,106.17127990722656,-204.09141540527344,2843.9189453125,97.94712829589844,-424.3615417480469,2955.8134765625,-18.70115852355957,-398.0408630371094,2931.279541015625,-121.71849060058594,-159.80467224121094,2961.953125,33.903709411621094,-93.83082580566406,2824.258056640625,44.23727035522461,-173.40609741210938,2771.126220703125,46.15924453735352,-137.5465087890625,2679.31201171875,58.080528259277344,-127.79222106933594,2703.744873046875,185.04505920410156,45.852596282958984,2943.9384765625,222.94998168945312,415.0569152832031,2962.37255859375,234.92330932617188,756.9540405273438,3057.690673828125,257.22808837890625,904.3101196289062,2968.093505859375,24.445287704467773,39.614864349365234,2935.18408203125,-8.598894119262695,407.1019287109375,2975.83740234375,-30.05883026123047,751.6497802734375,3073.899658203125,-56.522705078125,885.49365234375,2990.337646484375,141.201171875,-528.8877563476562,2945.816650390625,143.79649353027344,-455.77734375,2815.833251953125,179.13058471679688,-493.254150390625,2822.638427734375,232.7235412597656,-541.7413330078125,2915.502685546875,132.4009246826172,-502.3565979003906,2813.217041015625,88.35140991210938,-587.682373046875,2887.84912109375
100.16741180419922,43.45716857910156,2937.348388671875,106.95198822021484,-121.88440704345705,2935.08935546875,111.26554870605467,-253.00326538085935,2952.239990234375,130.4911346435547,-453.4645385742187,2954.635986328125,158.33641052246094,-417.60980224609375,2957.1728515625,280.2183532714844,-365.5898132324219,2952.30859375,335.9326171875,-115.88750457763672,2936.2490234375,153.97947692871094,-91.96916198730467,2823.946044921875,135.02850341796875,-144.53387451171875,2754.255615234375,55.61632537841797,-150.16888427734375,2693.353271484375,98.76277923583984,-201.9102325439453,2844.98779296875,96.27057647705078,-423.0529174804687,2953.25732421875,-20.80365943908691,-397.36907958984375,2930.529296875,-129.5477294921875,-162.94407653808594,2968.513916015625,24.531959533691406,-95.08338165283205,2830.2216796875,44.95158767700195,-178.33094787597656,2786.596923828125,44.30282974243164,-139.45619201660156,2696.068359375,44.45708084106445,-131.8834686279297,2712.882568359375,184.54933166503903,46.85475158691406,2942.1005859375,222.928955078125,415.78759765625,2960.230224609375,235.8748321533203,757.022216796875,3056.94482421875,256.9580078125,905.4406127929688,2969.035400390625,24.076513290405273,40.3934211730957,2933.063232421875,-8.064180374145508,407.7215881347656,2973.72509765625,-30.17925453186035,751.2789916992188,3074.252197265625,-55.64202880859375,884.5301513671875,2989.632568359375,138.41650390625,-527.9386596679688,2943.1123046875,145.4636688232422,-458.873291015625,2811.20458984375,179.32418823242188,-497.32281494140625,2819.630126953125,229.7935028076172,-544.8665771484375,2914.61376953125,132.4711151123047,-505.0525207519531,2809.7646484375,84.38797760009766,-586.49365234375,2886.10205078125
99.23660278320312,42.30964660644531,2939.1845703125,106.85281372070312,-123.52271270751952,2935.36767578125,111.66658020019533,-255.22970581054688,2951.2607421875,132.0001220703125,-456.252685546875,2954.233642578125,159.73553466796875,-420.12542724609375,2956.8427734375,281.17877197265625,-365.83831787109375,2954.09814453125,335.65032958984375,-115.06732940673828,2936.736328125,154.05426025390625,-93.2213134765625,2822.073486328125,131.2645263671875,-142.54103088378906,2750.7939453125,56.220008850097656,-149.42431640625,2684.193603515625,94.24919128417967,-201.17759704589844,2840.319091796875,97.51274871826172,-425.9236450195313,2952.598388671875,-19.442453384399418,-398.9668273925781,2928.5693359375,-131.48370361328125,-166.0694580078125,2972.009521484375,22.93984603881836,-96.25593566894533,2833.919921875,47.89068603515625,-180.36920166015625,2793.73583984375,46.579856872558594,-141.87564086914062,2702.692626953125,41.780853271484375,-131.50196838378906,2716.7001953125,183.84083557128903,46.06818008422851,2944.70654296875,223.43295288085935,416.2607116699219,2959.855224609375,234.72601318359375,758.115478515625,3058.9326171875,255.61041259765625,905.9205322265624,2968.816162109375,22.945232391357425,38.92041015625,2934.205322265625,-7.262719631195068,407.4980163574219,2976.382080078125,-30.933021545410156,752.4357299804688,3076.12255859375,-56.19413375854492,887.5480346679688,2993.400634765625,140.40550231933594,-530.9599609375,2942.88671875,144.58901977539062,-454.7751159667969,2814.251953125,178.64529418945312,-493.7969055175781,2819.861572265625,231.35365295410156,-546.5457153320312,2911.303955078125,131.39700317382812,-500.9486083984375,2810.6669921875,84.72257995605469,-586.525146484375,2883.943359375
99.62904357910156,42.32542419433594,2939.47705078125,107.07649993896484,-123.1426010131836,2935.56298828125,112.11607360839844,-254.53341674804688,2951.5400390625,134.43136596679688,-454.9136657714844,2952.49658203125,161.7677001953125,-418.6149291992187,2955.1650390625,283.55596923828125,-365.8219909667969,2952.940673828125,333.4910888671875,-114.4966812133789,2938.698486328125,154.77163696289062,-98.09927368164062,2819.595947265625,135.67417907714844,-140.12144470214844,2743.004150390625,56.04063034057617,-149.03868103027344,2682.599853515625,83.3897476196289,-202.2541046142578,2838.537841796875,99.70658111572266,-424.9862976074219,2951.4638671875,-17.715879440307617,-401.063720703125,2927.89111328125,-132.64089965820312,-169.21456909179688,2965.50146484375,22.22302627563477,-100.4384994506836,2828.155517578125,48.99088287353515,-184.772705078125,2790.178955078125,47.8276252746582,-146.08213806152344,2699.456298828125,41.494510650634766,-142.16421508789062,2714.498291015625,184.1378173828125,46.03749084472656,2943.34765625,222.5328369140625,415.4572448730469,2960.0078125,236.2119140625,757.1189575195312,3056.575439453125,256.8912353515625,906.08642578125,2969.114501953125,23.42376136779785,38.97809219360352,2935.986572265625,-9.416214942932127,406.6506958007813,2976.775634765625,-29.73522567749023,751.7017211914062,3073.9462890625,-55.949554443359375,887.6683959960938,2993.647216796875,143.45297241210938,-529.2621459960938,2940.42138671875,148.76666259765625,-458.4516296386719,2809.170166015625,181.46578979492188,-498.286376953125,2815.945556640625,233.2590789794922,-549.1295776367188,2908.643310546875,134.00747680664062,-504.1465759277344,2807.52294921875,85.3866195678711,-584.992431640625,2884.367919921875
99.75155639648438,42.277042388916016,2938.724609375,106.80358123779295,-123.3728256225586,2934.866943359375,111.41455841064452,-254.8970642089844,2950.95556640625,132.3699493408203,-455.6101684570313,2953.462646484375,159.97674560546875,-419.4452819824219,2955.92041015625,282.04119873046875,-366.9485473632813,2954.05322265625,334.76556396484375,-116.2385025024414,2935.210693359375,159.77191162109375,-100.3411102294922,2810.267578125,143.8921356201172,-142.54566955566406,2732.942138671875,55.374786376953125,-149.19586181640625,2685.931640625,83.07622528076172,-204.3031768798828,2824.936767578125,97.820068359375,-425.4241638183594,2952.13037109375,-19.81406593322754,-401.9837646484375,2928.50537109375,-133.58006286621094,-169.16055297851562,2965.405517578125,23.254261016845703,-101.31714630126952,2829.497802734375,49.40171813964844,-185.75389099121097,2791.0791015625,48.94713592529297,-144.71188354492188,2701.282470703125,47.766902923583984,-144.97171020507812,2716.00244140625,184.328857421875,45.77601623535156,2943.0888671875,223.16798400878903,415.5574035644531,2958.838623046875,235.94308471679688,756.4859619140625,3059.32861328125,256.6121520996094,908.0263061523438,2976.0439453125,23.48447608947754,39.12186050415039,2934.7890625,-8.646119117736816,406.9636535644531,2977.881103515625,-31.12809181213379,752.3535766601562,3074.6767578125,-55.4277229309082,885.5986938476562,2989.074462890625,140.9137420654297,-530.1805419921875,2941.9521484375,148.774169921875,-456.1213073730469,2812.466796875,181.0225067138672,-496.4741516113281,2818.70849609375,231.05564880371097,-550.1644897460938,2910.91357421875,133.58782958984375,-501.6572570800781,2809.47265625,83.06008911132812,-583.9774780273438,2883.666015625
100.84969329833984,42.07720947265625,2938.341064453125,107.3902359008789,-123.54431915283205,2934.80859375,111.6618881225586,-255.0105133056641,2951.092041015625,132.06263732910156,-455.72698974609375,2951.439208984375,159.79051208496094,-419.67578125,2953.915771484375,281.3426513671875,-366.2467041015625,2949.732421875,333.1664733886719,-115.33019256591795,2932.392822265625,155.19479370117188,-101.95230102539062,2811.555419921875,142.86927795410156,-129.43716430664062,2727.294921875,50.300537109375,-156.85556030273438,2699.69189453125,69.01631164550781,-200.03858947753903,2776.179931640625,97.59796142578124,-425.44488525390625,2950.80078125,-19.945890426635746,-401.4806518554687,2927.469482421875,-135.15736389160156,-170.8126678466797,2971.9990234375,22.021575927734375,-102.40679168701172,2836.893310546875,52.35485076904297,-187.21351623535156,2802.6787109375,49.07762145996094,-139.34988403320312,2716.4248046875,48.074424743652344,-146.2382049560547,2724.413330078125,185.4222412109375,45.330101013183594,2942.417724609375,223.3117523193359,414.9757080078125,2960.499755859375,234.7825469970703,756.8358154296875,3057.492431640625,256.7945861816406,904.6573486328124,2968.208740234375,24.58690071105957,39.14393615722656,2934.665283203125,-7.795371055603027,407.2401428222656,2974.153076171875,-31.11789894104004,751.4564819335938,3074.413330078125,-56.57340621948242,886.4345092773438,2992.024169921875,140.254150390625,-530.1817016601562,2939.123046875,149.26849365234375,-459.1798400878906,2808.068603515625,181.7424468994141,-499.0877380371094,2815.698974609375,230.93572998046875,-550.1342163085938,2909.786865234375,134.49671936035156,-504.8841857910156,2805.9599609375,83.650634765625,-585.8119506835938,2881.389404296875
100.5193328857422,41.1427116394043,2939.666015625,107.41458892822266,-124.3659439086914,2934.9443359375,111.8079605102539,-255.883544921875,2950.306884765625,135.12586975097656,-456.1981506347656,2950.248779296875,162.3167724609375,-419.7659606933594,2952.756591796875,283.822998046875,-366.2195434570313,2951.5419921875,333.3745422363281,-115.00227355957033,2933.50537109375,155.3140106201172,-105.96941375732422,2812.55517578125,140.92465209960938,-124.94768524169922,2726.33837890625,54.79802322387695,-159.8088836669922,2688.375244140625,65.37109375,-198.33514404296875,2795.713134765625,100.2366714477539,-426.4334106445313,2949.712646484375,-18.01662826538086,-404.2829284667969,2928.5390625,-140.06446838378906,-177.8117218017578,2975.68359375,14.812410354614258,-107.61467742919922,2838.993896484375,54.39893341064453,-191.9221038818359,2814.490966796875,46.075439453125,-143.7543182373047,2728.79443359375,46.868873596191406,-148.61651611328125,2726.67578125,185.0135955810547,44.52590560913086,2944.465576171875,222.65414428710935,414.1504821777344,2960.16748046875,234.5510406494141,755.4569091796875,3058.5087890625,257.713623046875,904.2349243164062,2971.26904296875,24.327136993408203,38.09193801879883,2935.338134765625,-8.21505069732666,405.4838562011719,2979.523681640625,-31.19729995727539,751.8029174804688,3071.76708984375,-56.61808013916016,883.6922607421875,2984.630859375,144.38267517089844,-530.4714965820312,2937.786865234375,144.032958984375,-462.8663330078125,2804.71240234375,179.40487670898438,-500.22320556640625,2812.226806640625,235.1384429931641,-545.0509033203125,2905.77392578125,132.38722229003906,-509.4910888671875,2804.3466796875,89.84359741210938,-591.4384155273438,2883.634765625
100.61531066894533,42.579307556152344,2938.86181640625,109.22806549072266,-122.6238784790039,2932.9130859375,114.78298950195312,-254.0771942138672,2947.132080078125,135.98898315429688,-454.3811645507813,2949.86865234375,163.5143585205078,-418.2424011230469,2952.02587890625,285.39300537109375,-365.9179382324219,2952.94970703125,327.0275573730469,-114.45370483398438,2925.093505859375,150.00460815429688,-107.50161743164062,2802.917236328125,137.84523010253906,-130.03477478027344,2717.31884765625,43.356685638427734,-162.56033325195312,2725.431396484375,58.322452545166016,-194.22694396972656,2801.890869140625,101.4534912109375,-424.3004455566406,2948.757080078125,-16.407392501831055,-400.5928955078125,2927.8701171875,-144.3904571533203,-178.16680908203125,2976.8779296875,14.270827293395996,-106.3321533203125,2845.886474609375,55.09342956542969,-190.3164520263672,2822.763427734375,46.99063491821289,-134.26348876953125,2742.11572265625,46.30649185180664,-160.61647033691406,2743.27685546875,184.9175720214844,46.76639938354492,2944.63671875,223.0743408203125,415.9170837402344,2960.412109375,234.34898376464844,756.97265625,3058.262451171875,257.6388244628906,906.826416015625,2973.315185546875,24.59625816345215,38.80362701416016,2933.654296875,-7.90095329284668,406.0075073242187,2975.90869140625,-30.49430274963379,751.0999145507812,3071.233154296875,-54.92413711547851,884.806396484375,2986.958251953125,144.52392578125,-528.8236694335938,2938.46142578125,143.51780700683594,-463.9609069824219,2804.21728515625,177.8074188232422,-502.2282104492187,2811.765869140625,233.9856109619141,-546.9008178710938,2904.955078125,130.41961669921875,-510.136962890625,2805.040283203125,87.03512573242188,-589.0123901367188,2886.7431640625
100.62203216552734,43.10247039794922,2939.089599609375,109.25827026367188,-122.01239013671876,2933.178955078125,114.8329849243164,-253.39317321777344,2947.40380859375,135.68112182617188,-453.6334228515625,2949.5986328125,163.25218200683594,-417.5674743652344,2951.877197265625,285.2608337402344,-365.7306213378906,2952.95947265625,328.4457092285156,-114.66798400878906,2925.098876953125,151.3914031982422,-106.17801666259766,2803.26806640625,138.2689208984375,-128.90933227539062,2717.914306640625,43.66389846801758,-158.99098205566406,2731.555419921875,60.345211029052734,-192.66661071777344,2806.731689453125,101.21670532226562,-423.50634765625,2948.544189453125,-16.503780364990234,-399.3905334472656,2927.713134765625,-146.02687072753906,-178.0240936279297,2976.730712890625,14.082923889160156,-104.87559509277344,2848.4501953125,55.69068145751953,-188.6200714111328,2826.08251953125,48.29758071899414,-131.33255004882812,2746.302978515625,47.02554702758789,-164.4680633544922,2750.75244140625,184.87840270996097,47.30277633666992,2944.86328125,222.760498046875,416.3183288574219,2959.775634765625,234.6708526611328,757.66015625,3055.849853515625,256.1478576660156,906.7735595703124,2969.326416015625,24.644351959228516,39.31486892700195,2933.883056640625,-7.936041831970215,406.2807312011719,2976.403076171875,-30.164268493652344,750.94677734375,3072.63232421875,-56.064697265625,885.5576782226562,2990.423095703125,144.09254455566406,-528.0188598632812,2937.996826171875,143.46620178222656,-459.64202880859375,2805.595703125,178.11668395996094,-497.68218994140625,2812.4189453125,233.9917755126953,-544.1597900390625,2904.824951171875,130.90829467773438,-505.94580078125,2805.07373046875,87.78052520751953,-587.4255981445312,2884.22021484375
100.62203216552734,43.10247039794922,2939.089599609375,109.25827026367188,-122.01239013671876,2933.178955078125,114.8329849243164,-253.39317321777344,2947.40380859375,135.68112182617188,-453.6334228515625,2949.5986328125,163.25218200683594,-417.5674743652344,2951.877197265625,285.2608337402344,-365.7306213378906,2952.95947265625,328.4457092285156,-114.66798400878906,2925.098876953125,151.3914031982422,-106.17801666259766,2803.26806640625,138.2689208984375,-128.90933227539062,2717.914306640625,43.66389846801758,-158.99098205566406,2731.555419921875,60.345211029052734,-192.66661071777344,2806.731689453125,101.21670532226562,-423.50634765625,2948.544189453125,-16.503780364990234,-399.3905334472656,2927.713134765625,-146.02687072753906,-178.0240936279297,2976.730712890625,14.082923889160156,-104.87559509277344,2848.4501953125,55.69068145751953,-188.6200714111328,2826.08251953125,48.29758071899414,-131.33255004882812,2746.302978515625,47.02554702758789,-164.4680633544922,2750.75244140625,184.87840270996097,47.30277633666992,2944.86328125,222.760498046875,416.3183288574219,2959.775634765625,234.6708526611328,757.66015625,3055.849853515625,256.1478576660156,906.7735595703124,2969.326416015625,24.644351959228516,39.31486892700195,2933.883056640625,-7.936041831970215,406.2807312011719,2976.403076171875,-30.164268493652344,750.94677734375,3072.63232421875,-56.064697265625,885.5576782226562,2990.423095703125,144.09254455566406,-528.0188598632812,2937.996826171875,143.46620178222656,-459.64202880859375,2805.595703125,178.11668395996094,-497.68218994140625,2812.4189453125,233.9917755126953,-544.1597900390625,2904.824951171875,130.90829467773438,-505.94580078125,2805.07373046875,87.78052520751953,-587.4255981445312,2884.22021484375
100.735595703125,42.831298828125,2937.493896484375,108.94496154785156,-122.57691955566406,2932.264404296875,114.09809112548828,-254.1211853027344,2946.9755859375,134.78977966308594,-454.67620849609375,2949.592529296875,162.4109344482422,-418.57623291015625,2952.077880859375,284.2562255859375,-365.8690490722656,2953.745361328125,324.9212951660156,-113.9943618774414,2925.883544921875,159.09178161621094,-108.88756561279295,2788.49169921875,143.93002319335938,-122.80628967285156,2701.46044921875,52.350120544433594,-161.19027709960938,2686.933349609375,71.14901733398438,-194.9974365234375,2792.84912109375,100.30960845947266,-424.4767456054687,2948.194580078125,-16.613311767578125,-398.5466613769531,2924.216552734375,-142.27835083007812,-175.9501190185547,2979.405517578125,17.55341911315918,-94.9945831298828,2854.969970703125,60.01568984985352,-176.968994140625,2827.591796875,55.924407958984375,-118.92477416992188,2747.939453125,35.46635437011719,-176.84326171875,2792.689453125,185.102783203125,46.82408142089844,2943.643798828125,223.43312072753903,416.2637634277344,2960.637939453125,234.41346740722656,758.47265625,3055.699951171875,257.30694580078125,907.2498168945312,2968.4404296875,24.657995223999023,39.23082733154297,2931.9482421875,-7.639221668243408,407.0901184082031,2971.7314453125,-30.45258903503418,750.8099365234375,3073.07763671875,-59.93721008300781,882.390625,2986.80419921875,143.25469970703125,-529.1937255859375,2938.1357421875,144.34902954101562,-457.3580017089844,2807.32666015625,179.20863342285156,-495.3785400390625,2813.7763671875,233.9476623535156,-543.8883056640625,2906.042236328125,132.12074279785156,-503.7878723144531,2805.4130859375,88.2024917602539,-587.6806030273438,2881.837158203125
100.56311798095705,42.83412551879883,2937.7421875,108.67584228515624,-122.6214370727539,2932.518310546875,113.76824188232422,-254.21055603027344,2947.15380859375,134.1952667236328,-454.8533020019531,2948.978515625,161.88348388671875,-418.7914123535156,2951.482666015625,283.8289489746094,-366.2203369140625,2952.78759765625,325.4922180175781,-114.37833404541016,2925.507080078125,158.16293334960938,-107.53046417236328,2789.935302734375,140.62106323242188,-121.01470184326172,2703.259765625,47.45403671264648,-157.32415771484375,2694.4326171875,67.88037109375,-191.6234130859375,2795.131591796875,99.74324035644533,-424.5937194824219,2947.823486328125,-17.41957664489746,-398.5653076171875,2924.99169921875,-142.8420867919922,-176.96278381347656,2984.8515625,15.058443069458008,-93.75591278076172,2859.342529296875,57.364627838134766,-175.30087280273438,2830.3984375,51.0232048034668,-115.24877166748048,2752.366943359375,26.4671688079834,-179.1876678466797,2813.578857421875,184.9573516845703,46.77937316894531,2943.849609375,223.4847412109375,416.2976379394531,2960.768798828125,234.69754028320312,758.5783081054688,3055.884765625,257.472900390625,907.306396484375,2968.422119140625,24.46111297607422,39.27652359008789,2932.235107421875,-7.551252841949463,407.23724365234375,2972.1962890625,-29.99197578430176,750.986328125,3073.85107421875,-58.8138542175293,882.4995727539062,2987.17578125,142.51287841796875,-529.3602905273438,2937.220947265625,143.2520751953125,-457.7130432128906,2806.2626953125,178.07815551757812,-495.7936401367187,2812.646240234375,233.0851593017578,-544.266357421875,2904.810546875,130.9333953857422,-504.1363830566406,2804.466552734375,87.13932800292969,-587.8543090820312,2881.2021484375
100.51203918457033,43.567176818847656,2934.103515625,108.60763549804688,-121.82654571533205,2930.693115234375,113.77693176269533,-253.16000366210935,2946.736083984375,134.1400909423828,-453.682373046875,2946.1708984375,161.8307647705078,-417.6820983886719,2948.969482421875,282.45660400390625,-362.39398193359375,2951.287109375,326.1561584472656,-110.25955963134766,2932.96533203125,168.61117553710938,-107.97175598144533,2786.205322265625,142.12794494628906,-130.69784545898438,2703.902587890625,49.419715881347656,-160.01429748535156,2679.229248046875,73.4708251953125,-194.09548950195312,2794.49951171875,99.71502685546876,-423.4233093261719,2945.5107421875,-16.777873992919922,-394.7648315429687,2922.83447265625,-143.74395751953125,-177.08294677734375,2992.298095703125,9.03664493560791,-90.51229095458984,2863.03466796875,51.17475509643555,-171.216796875,2831.79345703125,44.8133659362793,-112.00667572021484,2753.204833984375,44.18527603149414,-181.0576629638672,2826.9208984375,184.8776092529297,47.57984161376953,2939.768798828125,222.4759521484375,416.7501220703125,2960.523193359375,236.31561279296875,757.8271484375,3058.688232421875,256.7000732421875,907.4400024414062,2972.3818359375,24.435914993286133,39.94878387451172,2928.994873046875,-8.211910247802734,407.1960754394531,2972.554931640625,-29.940185546875,751.6715698242188,3071.0146484375,-57.921295166015625,884.1090087890625,2985.677490234375,142.3805694580078,-528.0021362304688,2933.531982421875,144.4191436767578,-457.4630126953125,2802.099365234375,178.92127990722656,-495.700927734375,2809.0,232.98794555664065,-543.771240234375,2901.82958984375,131.8035125732422,-503.7839965820313,2800.598388671875,86.9938735961914,-586.5289916992188,2877.674560546875
98.79098510742188,41.87625503540039,2934.3466796875,105.32403564453124,-123.48511505126952,2932.3740234375,109.75260925292967,-254.58377075195312,2949.686279296875,131.9783935546875,-454.7000427246094,2944.940185546875,159.31614685058594,-418.5328369140625,2948.41650390625,278.52410888671875,-360.4913940429687,2945.79345703125,336.4027099609375,-110.9928970336914,2934.903564453125,169.80467224121094,-106.04680633544922,2798.833740234375,152.13401794433594,-132.71385192871094,2715.43017578125,59.10386276245117,-159.7847900390625,2689.731201171875,73.83338165283203,-195.8592987060547,2780.9599609375,97.29553985595705,-424.7824096679687,2944.981689453125,-18.735706329345703,-395.4882507324219,2921.26904296875,-140.1984100341797,-175.63697814941406,2992.965576171875,8.34319019317627,-97.60826110839844,2853.966552734375,47.97353744506836,-179.6965789794922,2823.277099609375,43.26771545410156,-113.42658233642578,2750.51708984375,50.39694595336914,-189.89349365234375,2824.03662109375,183.24691772460935,45.17283630371094,2937.7060546875,222.5826416015625,413.98101806640625,2956.58251953125,236.08920288085935,754.1687622070312,3056.888916015625,256.76544189453125,905.7125854492188,2974.367919921875,22.633373260498047,38.903587341308594,2931.3173828125,-9.443920135498049,406.2355651855469,2972.11767578125,-29.7605037689209,750.677001953125,3070.01123046875,-55.999473571777344,884.11328125,2985.9111328125,140.8784942626953,-528.606689453125,2930.761962890625,150.89881896972656,-457.0243225097656,2800.391357421875,183.56509399414065,-496.6170043945313,2808.22900390625,231.93421936035156,-547.5984497070312,2902.52490234375,136.57888793945312,-502.7652893066406,2797.886962890625,85.58699798583984,-584.3511962890625,2872.1611328125
99.47801971435548,42.92733001708984,2931.816650390625,106.5432357788086,-122.34176635742188,2929.264892578125,110.86203002929688,-253.54588317871097,2945.383056640625,133.6215057373047,-453.5565185546875,2942.187744140625,160.8183135986328,-417.312744140625,2945.746826171875,280.0225524902344,-359.3430480957031,2944.066162109375,345.1025085449219,-111.48629760742188,2944.40576171875,170.9015655517578,-97.98543548583984,2818.981689453125,161.79534912109375,-138.417724609375,2739.8876953125,83.44027709960938,-153.02154541015625,2679.162841796875,85.16441345214844,-200.08450317382812,2801.815673828125,98.88066864013672,-423.7378845214844,2941.633544921875,-17.47174644470215,-395.32958984375,2918.665283203125,-137.00607299804688,-172.34361267089844,2983.2060546875,12.012258529663086,-96.2182388305664,2843.791259765625,51.265037536621094,-178.8574981689453,2814.2294921875,42.020565032958984,-113.4700164794922,2741.1572265625,49.88933944702149,-188.99008178710935,2812.840087890625,183.7474365234375,46.43731689453125,2937.80859375,222.3781280517578,415.10736083984375,2958.036865234375,234.7831115722656,755.4656372070312,3057.42919921875,257.5483703613281,905.545654296875,2972.9443359375,23.48858070373535,39.76222229003906,2926.413330078125,-8.385539054870605,406.8007507324219,2968.71435546875,-31.17094612121582,749.9513549804688,3070.0419921875,-56.47407531738281,885.0956420898438,2988.537353515625,142.8629150390625,-527.502197265625,2928.596435546875,150.41929626464844,-456.4048156738281,2797.859130859375,183.79220581054688,-495.4073486328125,2805.547119140625,233.8993682861328,-545.1314697265625,2899.55126953125,136.83067321777344,-502.3671875,2795.705322265625,87.93517303466797,-584.3939819335938,2870.82421875
99.58171081542967,42.80860900878906,2930.4462890625,105.5980453491211,-122.48873901367188,2928.687744140625,109.37796783447266,-253.55845642089844,2945.846923828125,130.94737243652344,-453.6826477050781,2943.40380859375,158.35972595214844,-417.5917053222656,2946.77490234375,277.368408203125,-359.3368225097656,2943.41748046875,348.1426086425781,-113.27648162841795,2953.170166015625,172.34324645996094,-95.18878173828124,2830.6396484375,168.33346557617188,-138.7935791015625,2752.833251953125,90.43401336669922,-155.60826110839844,2692.11767578125,100.71405029296876,-206.878662109375,2819.95263671875,96.38729858398438,-423.6658325195313,2942.7890625,-19.948795318603516,-396.1737365722656,2918.74072265625,-133.94032287597656,-170.39060974121094,2983.433837890625,10.168194770812988,-93.08343505859376,2839.625244140625,45.86366653442383,-170.41558837890625,2795.051025390625,48.20139694213867,-122.30524444580078,2709.15771484375,48.973419189453125,-179.94912719726562,2790.97998046875,183.95050048828125,45.83147048950195,2934.951171875,221.99252319335935,414.3684692382813,2957.603759765625,236.2593688964844,755.0140991210938,3055.571533203125,256.5274353027344,903.742919921875,2968.162353515625,23.502662658691406,40.08275604248047,2926.38427734375,-9.640027046203612,407.1600036621094,2966.872802734375,-30.913070678710938,749.9395141601562,3069.59521484375,-56.410762786865234,884.8406982421875,2987.793701171875,139.72804260253906,-527.7239990234375,2930.0908203125,149.57644653320312,-457.0783386230469,2799.285400390625,182.2038116455078,-496.6259460449219,2807.33056640625,230.6689910888672,-546.981201171875,2901.83740234375,135.2181854248047,-502.7983703613281,2797.119384765625,84.31096649169922,-583.7869873046875,2871.99951171875
99.85120391845705,42.978519439697266,2929.996337890625,105.96212768554688,-122.3549346923828,2928.11962890625,109.81788635253906,-253.48382568359375,2945.06005859375,131.9591522216797,-453.5939331054687,2942.489013671875,159.27259826660156,-417.4196166992187,2945.919677734375,278.1836853027344,-358.90374755859375,2942.359130859375,348.42388916015625,-112.5611343383789,2950.347900390625,172.2489776611328,-95.68807983398438,2828.090576171875,167.22052001953125,-139.87106323242188,2750.6455078125,87.96636199951172,-156.35806274414062,2691.574462890625,100.94998931884766,-207.42059326171875,2821.53515625,97.30684661865234,-423.6666564941406,2941.85693359375,-19.156522750854492,-396.6463012695313,2917.7373046875,-135.08255004882812,-171.4279022216797,2981.209716796875,9.129032135009766,-93.00403594970705,2838.029296875,43.619415283203125,-170.0107421875,2791.918212890625,45.40641784667969,-122.09054565429688,2705.87744140625,46.17073440551758,-178.77586364746094,2784.75732421875,184.2375335693359,46.0460205078125,2934.533935546875,221.9719085693359,414.6842346191406,2957.552490234375,235.6470184326172,755.2593994140625,3056.164306640625,256.3982238769531,904.7429809570312,2970.08056640625,23.75634002685547,40.21240997314453,2925.904541015625,-9.400285720825195,407.31695556640625,2966.968505859375,-30.22383499145508,749.87890625,3070.811279296875,-56.58375549316406,885.254638671875,2989.99560546875,140.96585083007812,-527.618408203125,2929.126708984375,153.8033905029297,-457.1634216308594,2798.435791015625,186.02658081054688,-496.9158325195313,2807.155029296875,232.33851623535156,-547.48193359375,2902.659912109375,139.19891357421875,-502.8061218261719,2796.035400390625,86.32356262207031,-583.41064453125,2870.00927734375
99.84776306152344,42.97962951660156,2929.995849609375,105.9569320678711,-122.35186767578124,2928.125732421875,109.81134796142578,-253.47756958007812,2945.07763671875,131.95724487304688,-453.5848388671875,2942.52392578125,159.26974487304688,-417.4099426269531,2945.948486328125,278.1742858886719,-358.8855285644531,2942.371337890625,348.3948669433594,-112.53955841064452,2950.3251953125,172.1961212158203,-95.7054214477539,2828.101806640625,167.1198272705078,-139.93795776367188,2750.689208984375,87.82575225830078,-156.44790649414062,2691.6806640625,100.87535095214844,-207.41879272460935,2821.7333984375,97.3045425415039,-423.658935546875,2941.892333984375,-19.1643009185791,-396.65185546875,2917.792236328125,-135.11685180664062,-171.4521942138672,2981.269287109375,9.06938362121582,-93.0323486328125,2838.0654296875,43.56388092041016,-170.07574462890625,2792.021240234375,45.3365478515625,-122.29500579833984,2705.904296875,46.093360900878906,-178.83522033691406,2784.82373046875,184.2331695556641,46.04645919799805,2934.53125,221.974609375,414.6812744140625,2957.51708984375,235.6724395751953,755.2603149414062,3056.0966796875,256.4154357910156,904.7369995117188,2970.00390625,23.753725051879883,40.214134216308594,2925.906005859375,-9.394664764404297,407.3170471191406,2966.94873046875,-30.210750579833984,749.882568359375,3070.765625,-56.55946350097656,885.2550048828125,2989.94482421875,140.96441650390625,-527.6094970703125,2929.168212890625,153.7380828857422,-457.1643981933594,2798.467529296875,185.9774932861328,-496.9040222167969,2807.181640625,232.3350830078125,-547.4432373046875,2902.676513671875,139.1492156982422,-502.8119812011719,2796.076416015625,86.32501220703125,-583.426513671875,2870.0732421875
99.50660705566406,42.922882080078125,2926.935791015625,106.31050872802734,-122.58895874023438,2925.390380859375,110.61042022705078,-253.7562255859375,2943.1669921875,132.22837829589844,-454.1865539550781,2943.650390625,159.70233154296875,-417.9928894042969,2946.223388671875,279.2567138671875,-360.64404296875,2940.107177734375,344.6221008300781,-113.77361297607422,2965.104736328125,179.63528442382812,-94.04988098144533,2828.09228515625,172.78692626953125,-145.3856201171875,2755.2060546875,96.26744842529295,-155.0946044921875,2691.038818359375,128.21253967285156,-211.4743194580078,2831.79443359375,97.60767364501952,-424.1409301757813,2942.869873046875,-19.156097412109375,-396.9530029296875,2919.655029296875,-133.95399475097656,-169.19886779785156,2977.160888671875,16.73050308227539,-97.13970947265624,2836.927490234375,31.66523551940918,-176.81008911132812,2784.985107421875,40.391822814941406,-128.30885314941406,2699.55859375,44.227787017822266,-154.7519989013672,2731.94873046875,183.96490478515625,46.349491119384766,2931.7900390625,222.0419006347656,415.60357666015625,2951.436767578125,235.976318359375,754.930908203125,3055.710205078125,256.4139404296875,904.4144287109376,2969.125244140625,23.34684944152832,39.83295440673828,2922.55810546875,-9.721826553344728,407.1369323730469,2965.93310546875,-29.62001037597656,750.512451171875,3068.77685546875,-58.61351776123047,884.3779907226562,2985.98583984375,140.91957092285156,-528.5345458984375,2931.3974609375,150.46029663085938,-453.12255859375,2803.00341796875,183.6839599609375,-492.4934387207031,2809.882080078125,232.4353179931641,-545.4619750976562,2903.01806640625,136.7874755859375,-499.01556396484375,2799.15380859375,86.60974884033203,-583.4388427734375,2870.959228515625
101.29761505126952,43.38287734985352,2924.692138671875,108.5550308227539,-121.96028900146484,2922.18115234375,113.04644775390624,-253.10731506347656,2939.226318359375,134.98031616210938,-453.3303527832031,2940.685791015625,162.36370849609375,-417.1090698242187,2943.166748046875,282.2823181152344,-360.4811401367187,2941.396240234375,344.4891052246094,-112.01153564453124,2952.64453125,173.18458557128906,-94.83580780029295,2823.552001953125,165.83529663085938,-149.97471618652344,2753.64404296875,93.0729751586914,-154.571533203125,2684.83447265625,121.57562255859376,-210.21868896484375,2827.9208984375,100.34041595458984,-423.3719177246094,2939.672607421875,-16.874008178710938,-396.6349792480469,2918.862548828125,-134.0323028564453,-169.8123016357422,2974.265380859375,18.021942138671875,-100.92259979248048,2834.198974609375,30.865556716918945,-180.4890289306641,2781.689208984375,41.41199493408203,-127.83367919921876,2699.06787109375,43.817283630371094,-150.9524383544922,2724.23583984375,185.6311187744141,46.99942398071289,2930.296142578125,222.2242889404297,415.9947814941406,2951.7119140625,234.74810791015625,755.3316650390625,3055.126220703125,256.9286804199219,904.43212890625,2968.599365234375,25.250396728515625,40.121673583984375,2919.638916015625,-7.624309539794922,406.8499755859375,2965.334228515625,-30.27167701721191,748.73291015625,3071.4892578125,-55.555213928222656,884.0113525390625,2990.046142578125,143.82249450683594,-527.6571044921875,2928.80712890625,155.67086791992188,-453.547607421875,2799.9912109375,187.4315490722656,-494.0262756347656,2807.023193359375,234.4886474609375,-548.08447265625,2900.281005859375,140.3317108154297,-498.8970642089844,2796.492919921875,87.38969421386719,-580.8912353515625,2868.9541015625
101.4087371826172,45.30961990356445,2925.698486328125,106.9160385131836,-119.72251892089844,2923.212646484375,110.36141204833984,-250.62501525878903,2940.03173828125,131.61553955078125,-450.4518432617187,2942.15966796875,159.0610809326172,-414.3917846679687,2944.38427734375,279.38787841796875,-359.546142578125,2939.552978515625,343.0285949707031,-112.06526947021484,2951.213134765625,171.76382446289062,-94.45417785644533,2822.948974609375,162.78878784179688,-155.74264526367188,2758.8544921875,95.94786834716795,-154.1081085205078,2684.464111328125,121.85847473144533,-209.55320739746097,2817.0322265625,97.14622497558594,-420.4557495117187,2941.177490234375,-20.033567428588867,-394.4196472167969,2920.926025390625,-128.01234436035156,-162.6233367919922,2971.35595703125,27.560964584350582,-103.1573715209961,2831.611083984375,37.47231674194336,-184.41629028320312,2781.51611328125,47.08250427246094,-152.88873291015625,2688.89111328125,54.46763229370117,-168.2001190185547,2730.376708984375,185.66563415527344,48.059024810791016,2929.837158203125,221.85299682617188,416.22308349609375,2951.5263671875,236.1512756347656,754.474609375,3055.48046875,256.3309631347656,905.2717895507812,2972.265380859375,25.43058204650879,42.83035659790039,2921.966552734375,-8.913714408874512,408.9200439453125,2964.72265625,-29.90366554260254,750.2279663085938,3070.29736328125,-56.64881134033203,886.9364013671875,2992.50830078125,140.15243530273438,-524.680908203125,2930.5546875,150.89781188964844,-457.0377502441406,2798.518798828125,183.51502990722656,-496.2317504882813,2807.70263671875,231.2360382080078,-544.2485961914062,2903.55419921875,136.71395874023438,-502.7627868652344,2797.24951171875,85.4865951538086,-582.0941772460938,2873.349853515625
101.0531234741211,44.0993766784668,2927.74853515625,108.99817657470705,-121.24815368652344,2924.47265625,114.55325317382812,-252.47608947753903,2940.87548828125,136.6358184814453,-452.733642578125,2943.31103515625,164.0037384033203,-416.4705200195313,2945.592041015625,284.6474609375,-361.2814636230469,2945.857666015625,337.61016845703125,-110.43146514892578,2939.397216796875,160.82275390625,-106.38633728027344,2816.667236328125,155.34661865234375,-166.70484924316406,2750.95703125,88.85870361328125,-154.57666015625,2676.872802734375,110.4776611328125,-169.74388122558594,2712.263916015625,101.96373748779295,-422.7959899902344,2942.176025390625,-15.744336128234863,-396.9841918945313,2922.82177734375,-125.46009063720705,-162.87432861328125,2960.765625,34.384578704833984,-107.0489501953125,2823.483154296875,46.12627410888672,-190.3148956298828,2776.712646484375,52.07171249389648,-153.10543823242188,2685.63037109375,54.86160659790039,-164.39381408691406,2716.087646484375,185.51507568359375,48.09173583984375,2931.084228515625,221.98057556152344,417.3125305175781,2950.673583984375,235.0229034423828,756.0481567382812,3056.33349609375,256.6954650878906,904.9563598632812,2969.24462890625,24.890071868896484,40.499290466308594,2924.740234375,-8.889935493469238,408.0480041503906,2963.565185546875,-29.860368728637695,749.7518310546875,3070.9951171875,-56.640647888183594,887.9710083007812,2995.06103515625,145.52381896972656,-527.13427734375,2931.790283203125,147.61257934570312,-457.74420166015625,2799.8056640625,180.99295043945312,-496.9843444824219,2806.460693359375,235.02540588378903,-545.9968872070312,2898.765380859375,133.52830505371094,-503.6384582519531,2798.89453125,87.43073272705078,-584.2969360351562,2877.345703125
101.61243438720705,44.72689056396485,2925.0888671875,109.39716339111328,-120.81037139892578,2920.791015625,114.575927734375,-252.3620758056641,2936.00537109375,136.40643310546875,-452.8028259277344,2942.659423828125,163.8376007080078,-416.4875183105469,2944.4150390625,285.2185363769531,-362.5345764160156,2943.949951171875,337.9712219238281,-111.33319091796876,2936.83203125,162.0813446044922,-109.2905502319336,2812.307861328125,163.14291381835938,-162.0342559814453,2740.037841796875,93.8478012084961,-151.9706573486328,2668.0791015625,130.98397827148438,-164.13156127929688,2699.038818359375,101.73982238769533,-422.81732177734375,2940.657470703125,-15.73332405090332,-396.9149475097656,2919.160888671875,-127.04402160644533,-163.93344116210938,2961.393798828125,33.96052169799805,-108.52710723876952,2824.8701171875,42.0141716003418,-190.0790100097656,2774.21484375,51.9849967956543,-153.2117462158203,2683.212646484375,59.530033111572266,-155.4296417236328,2710.6455078125,186.1280212402344,48.58271026611328,2929.66064453125,222.77232360839844,418.315673828125,2947.951416015625,234.54867553710935,756.4611206054688,3057.0732421875,257.05718994140625,904.8026733398438,2968.806884765625,25.401018142700195,41.24992752075195,2920.96630859375,-8.285358428955078,408.68316650390625,2965.013916015625,-30.193164825439453,750.2276000976562,3074.23486328125,-54.99348831176758,885.6661376953125,2992.427001953125,145.29466247558594,-527.5238037109375,2932.69873046875,143.32566833496094,-453.8159484863281,2802.861328125,179.75137329101562,-490.4667053222656,2808.769287109375,236.54139709472656,-537.9989624023438,2900.3759765625,133.02328491210938,-500.7033386230469,2800.286865234375,92.64663696289062,-587.462646484375,2875.550048828125
102.77864074707033,43.26584243774414,2925.349365234375,109.69541931152344,-122.02320098876952,2918.2314453125,114.18156433105467,-253.517333984375,2932.8349609375,136.6911163330078,-453.6058349609375,2940.736083984375,164.009033203125,-417.2414855957031,2941.72802734375,284.3656921386719,-361.4801635742187,2938.69873046875,338.20489501953125,-110.71416473388672,2936.960205078125,160.80931091308594,-109.87002563476562,2815.010009765625,166.88619995117188,-167.61338806152344,2747.065185546875,100.65040588378906,-153.52102661132812,2673.08984375,138.53097534179688,-167.90318298339844,2701.8671875,101.94634246826172,-423.77001953125,2939.082275390625,-16.15498924255371,-398.6642761230469,2921.174560546875,-122.74886322021484,-163.02313232421875,2958.71044921875,38.538307189941406,-113.24356079101562,2820.758056640625,44.3079833984375,-195.38279724121097,2770.956298828125,53.0533332824707,-153.83935546875,2681.987548828125,65.59229278564453,-156.78770446777344,2703.904296875,187.23631286621097,46.61769485473633,2929.58544921875,222.332763671875,416.01019287109375,2949.12109375,234.8260498046875,754.650390625,3055.267822265625,256.8262023925781,906.5712280273438,2973.59912109375,26.619449615478516,40.24332809448242,2921.52978515625,-8.356962203979492,407.3915710449219,2963.315185546875,-30.13728904724121,749.06982421875,3070.781494140625,-56.066043853759766,886.5994873046875,2993.283447265625,145.62033081054688,-528.2949829101562,2931.244140625,143.78358459472656,-453.1448974609375,2802.43115234375,178.92361450195312,-491.1087951660156,2807.202880859375,235.67214965820312,-541.6632690429688,2897.02734375,131.75120544433594,-499.5440368652344,2799.555419921875,89.78402709960938,-585.5614013671875,2874.575439453125
103.72118377685548,42.72210693359375,2925.157958984375,112.04647827148438,-122.60362243652344,2921.548583984375,117.65557861328124,-253.85531616210935,2937.766845703125,140.98211669921875,-453.9903869628906,2938.371826171875,168.15829467773438,-417.576904296875,2940.569091796875,287.3636474609375,-359.5096740722656,2936.10791015625,344.0389099121094,-109.47376251220705,2942.854736328125,170.25430297851562,-110.66036987304688,2815.84130859375,185.676513671875,-178.97512817382812,2760.32763671875,124.53728485107422,-159.14398193359375,2683.35107421875,152.1942596435547,-169.8507843017578,2702.13330078125,106.11644744873048,-424.2584228515625,2937.925537109375,-11.748433113098145,-398.1148376464844,2920.00634765625,-116.59187316894533,-160.5508575439453,2949.31640625,48.29387283325195,-119.50160217285156,2812.777099609375,44.82952499389648,-188.13201904296875,2745.420654296875,78.73175048828125,-162.6173858642578,2656.44873046875,73.92375183105469,-157.5960235595703,2698.955078125,188.1272735595703,46.875946044921875,2929.582275390625,223.5186767578125,416.3161315917969,2947.054931640625,234.50184631347656,754.4302368164062,3054.94384765625,255.4506072998047,907.1651611328124,2974.5546875,27.60849952697754,38.97640609741211,2921.168212890625,-7.815476417541504,406.0086975097656,2963.3505859375,-30.072725296020508,748.52587890625,3067.921142578125,-56.42203140258789,884.4466552734375,2987.795654296875,150.1672821044922,-528.2469482421875,2926.163330078125,149.49110412597656,-461.0000305175781,2793.05517578125,183.8600616455078,-499.3175048828125,2800.0546875,239.82118225097656,-545.5045776367188,2892.67041015625,136.50682067871094,-507.22760009765625,2793.010498046875,93.01373291015624,-587.6686401367188,2873.157958984375
103.30638885498048,43.030181884765625,2925.858642578125,111.31135559082033,-122.12237548828124,2919.459716796875,116.91934967041016,-253.56980895996097,2933.2275390625,139.64254760742188,-453.546630859375,2939.577880859375,166.89523315429688,-417.1840515136719,2940.90478515625,286.4288635253906,-359.95794677734375,2936.8642578125,344.85174560546875,-110.40567016601562,2938.634033203125,165.146484375,-100.34869384765624,2820.814697265625,173.70130920410156,-164.00784301757812,2758.760009765625,125.0721206665039,-160.52713012695312,2671.1982421875,139.43045043945312,-182.3532562255859,2720.223876953125,104.88890075683594,-423.7613830566406,2938.10107421875,-12.572415351867676,-396.1194458007813,2920.3046875,-119.88428497314452,-160.51766967773438,2954.624267578125,50.299346923828125,-122.2853775024414,2824.119873046875,30.466596603393555,-180.6062774658203,2750.277587890625,71.69495391845703,-164.50112915039062,2662.272216796875,58.73380279541016,-188.38035583496097,2722.899658203125,187.71522521972656,46.989131927490234,2929.27490234375,223.2238922119141,415.9927978515625,2950.378662109375,235.9141082763672,754.8524169921875,3054.954345703125,256.6535339355469,906.4054565429688,2972.53662109375,27.191221237182617,39.460227966308594,2922.7783203125,-7.893707752227783,406.631591796875,2961.862548828125,-30.20486831665039,748.9594116210938,3066.26611328125,-55.91348648071289,885.798583984375,2987.711669921875,148.67274475097656,-528.0949096679688,2929.51708984375,149.04995727539062,-461.2923278808594,2796.289306640625,184.176025390625,-498.7113037109375,2804.101318359375,239.326416015625,-543.2279052734375,2897.919189453125,137.2130584716797,-507.7954406738281,2796.1318359375,94.11359405517578,-589.009033203125,2875.593994140625
105.47108459472656,42.36075973510742,2926.96142578125,113.9124526977539,-123.03360748291016,2920.6171875,119.79584503173828,-254.6570281982422,2934.592529296875,142.81239318847656,-454.9757690429687,2938.834716796875,170.0729522705078,-418.5387878417969,2940.3955078125,289.3368835449219,-360.455078125,2934.286376953125,345.84490966796875,-110.06101989746094,2937.396484375,164.90524291992188,-99.54045104980467,2820.89453125,173.1647491455078,-165.0918426513672,2760.591552734375,124.5574951171875,-160.7267608642578,2672.876220703125,135.1250457763672,-185.5915069580078,2723.657470703125,107.96337890625,-425.17138671875,2937.82421875,-9.635702133178713,-397.8147583007813,2919.197021484375,-121.4377212524414,-163.96844482421875,2954.3154296875,48.640750885009766,-125.00933074951172,2823.31640625,36.707122802734375,-194.4790496826172,2757.680419921875,68.16819763183594,-166.27842712402344,2668.519775390625,63.80791091918945,-182.0496368408203,2715.7685546875,189.9910430908203,46.53227615356445,2930.66845703125,223.35763549804688,416.2604064941406,2952.867431640625,234.91058349609375,754.2433471679688,3062.20361328125,255.2537078857422,901.8101196289062,2972.222412109375,29.255718231201172,38.59912109375,2923.618896484375,-7.372312068939209,406.0083923339844,2964.561279296875,-31.123563766479492,749.02783203125,3068.318115234375,-56.335811614990234,883.1699829101562,2984.60693359375,151.89199829101562,-529.5261840820312,2927.96630859375,147.62657165527344,-464.1385192871094,2793.84423828125,183.8338623046875,-500.7152099609375,2801.242431640625,242.2530059814453,-542.9689331054688,2894.358154296875,136.84588623046875,-510.97161865234375,2794.466552734375,97.42469024658205,-592.3705444335938,2875.9169921875
107.01266479492188,40.999977111816406,2925.296142578125,116.12390899658205,-123.6552734375,2920.45263671875,122.08650207519533,-254.5521240234375,2935.4853515625,143.16802978515625,-454.1986083984375,2937.356689453125,170.59963989257812,-418.1980590820313,2939.786865234375,289.190185546875,-359.92486572265625,2935.837646484375,346.4495849609375,-110.93875885009766,2930.36767578125,166.5113983154297,-114.03190612792967,2813.686767578125,163.83724975585938,-184.2290496826172,2758.966552734375,118.05412292480467,-166.89036560058594,2671.859375,133.48403930664062,-179.11448669433594,2705.4228515625,108.75962829589844,-424.2061462402344,2936.252197265625,-7.653474807739258,-394.37799072265625,2917.6005859375,-115.23332977294922,-159.7530975341797,2951.87353515625,55.91257095336914,-123.8929214477539,2823.04443359375,36.69176483154297,-183.59210205078125,2750.525634765625,69.4493637084961,-164.09671020507812,2660.0087890625,67.99347686767578,-193.4832763671875,2723.325927734375,191.019775390625,45.48095703125,2930.993408203125,223.29739379882812,413.5671997070313,2953.841796875,234.3351593017578,753.103271484375,3052.678466796875,255.0376892089844,905.8641967773438,2973.637939453125,31.259767532348633,36.959285736083984,2920.15869140625,-6.340660095214844,402.52093505859375,2961.4794921875,-30.715744018554688,743.53369140625,3066.068603515625,-56.95743179321289,882.9537353515625,2993.41650390625,151.70428466796875,-528.3385620117188,2925.67236328125,148.6144561767578,-460.9370422363281,2793.279052734375,184.0376892089844,-498.06683349609375,2800.033447265625,241.4334259033203,-542.6605834960938,2892.012451171875,137.10162353515625,-507.37445068359375,2793.107421875,96.46682739257812,-589.09326171875,2872.798095703125
106.07185363769533,40.76460647583008,2924.505859375,116.45703887939452,-124.0646743774414,2919.86767578125,123.66922760009766,-255.07655334472656,2935.0556640625,146.53013610839844,-454.7983093261719,2938.806396484375,173.69200134277344,-418.4851684570313,2940.82666015625,292.65411376953125,-360.5323486328125,2936.817626953125,343.8003234863281,-109.87028503417967,2929.9072265625,165.8256378173828,-123.7852020263672,2810.45556640625,158.8411102294922,-178.7542724609375,2740.58349609375,113.32382202148438,-175.31430053710938,2651.531982421875,129.04226684570312,-179.70457458496094,2698.867431640625,111.80778503417967,-425.0748596191406,2937.492919921875,-4.850402355194092,-396.9991149902344,2916.6162109375,-114.85681915283205,-162.3426971435547,2945.455810546875,57.00299835205078,-131.316650390625,2815.785400390625,36.66112518310547,-191.00045776367188,2743.372802734375,81.98880004882812,-163.44552612304688,2660.54150390625,72.57843780517578,-201.53382873535156,2714.974365234375,190.228515625,45.93618392944336,2929.1533203125,224.6178436279297,414.4163818359375,2951.403564453125,234.14295959472656,753.0078735351562,3055.37158203125,255.47471618652344,904.209228515625,2973.009765625,30.18407440185547,36.10116958618164,2920.315185546875,-6.664224147796631,402.07867431640625,2963.469482421875,-30.698755264282227,743.1502075195312,3069.733642578125,-55.69816970825195,881.1363525390625,2993.4794921875,155.6996307373047,-529.0797729492188,2927.800537109375,154.885009765625,-464.35650634765625,2793.801025390625,189.6363983154297,-502.00933837890625,2801.646484375,245.56204223632812,-545.7157592773438,2895.164306640625,142.53048706054688,-510.64495849609375,2794.509033203125,99.7377700805664,-590.0460815429688,2875.670654296875
107.7060317993164,41.07949447631836,2924.78173828125,119.33861541748048,-123.63444519042967,2919.3544921875,127.5322723388672,-254.658935546875,2933.865966796875,146.90736389160156,-454.7740173339844,2934.254638671875,174.69309997558594,-418.98089599609375,2936.9189453125,293.7228088378906,-361.0845947265625,2939.12255859375,335.71649169921875,-109.30675506591795,2920.86474609375,161.55039978027344,-138.8921661376953,2798.701416015625,150.46987915039062,-171.12347412109375,2716.299560546875,77.40350341796875,-185.8046417236328,2649.526611328125,114.685791015625,-200.9792938232422,2692.241455078125,112.71107482910156,-424.4334716796875,2933.40869140625,-3.4659132957458496,-393.1009826660156,2914.62109375,-116.91026306152344,-164.32374572753906,2967.3623046875,35.996212005615234,-128.5000762939453,2816.881103515625,36.13577651977539,-213.390625,2772.023193359375,49.885032653808594,-170.9891815185547,2684.347412109375,57.274417877197266,-177.1155242919922,2702.345458984375,191.81399536132812,46.863468170166016,2929.515380859375,223.5807342529297,415.4050903320313,2954.216552734375,235.53192138671875,754.0440063476562,3057.720947265625,256.5827331542969,901.4259643554688,2968.654052734375,31.862192153930664,35.86383056640625,2920.513427734375,-6.870802402496338,401.6001281738281,2963.91015625,-30.69515609741211,743.12890625,3068.68505859375,-56.021034240722656,881.9470825195312,2994.0830078125,154.79701232910156,-529.0034790039062,2922.001708984375,148.62786865234375,-468.8893127441406,2786.017333984375,184.5391845703125,-505.37890625,2794.115234375,244.1220245361328,-544.4950561523438,2887.39990234375,137.4951934814453,-515.417724609375,2788.606689453125,99.0145492553711,-593.0650024414062,2873.528564453125
107.00370025634766,43.02415084838867,2926.075439453125,118.2431411743164,-121.37339782714844,2919.794677734375,126.2422332763672,-252.23541259765625,2933.59228515625,145.14503479003906,-451.9852600097656,2936.9921875,172.9529266357422,-416.2840270996094,2939.149169921875,292.7251892089844,-360.4871520996094,2939.29443359375,337.7326354980469,-109.5361099243164,2923.822998046875,162.12332153320312,-133.9526824951172,2803.308349609375,154.76206970214844,-176.09947204589844,2725.262451171875,82.33760070800781,-189.17132568359375,2657.7431640625,116.56808471679688,-198.68386840820312,2698.872802734375,111.08045196533205,-421.6443786621094,2935.654541015625,-4.838257789611816,-391.4876403808594,2914.93798828125,-117.89585876464844,-161.87782287597656,2962.168212890625,38.50832748413086,-127.92618560791016,2815.48974609375,41.88028717041016,-214.43519592285156,2774.396728515625,50.86702728271485,-171.3899383544922,2686.62548828125,59.31340408325195,-177.62713623046875,2701.379638671875,190.9918212890625,48.60444641113281,2930.3095703125,224.7732696533203,416.294921875,2954.5068359375,235.55197143554688,754.9219360351562,3055.86572265625,257.09490966796875,903.0390625,2968.796630859375,31.267919540405273,37.99215316772461,2922.25732421875,-6.687100887298584,403.30126953125,2963.93505859375,-31.801193237304688,744.1024780273438,3068.46630859375,-55.61316680908203,883.4227905273438,2994.954833984375,152.8723602294922,-526.2659912109375,2925.881591796875,160.7642822265625,-469.220703125,2788.975341796875,193.89077758789065,-507.2079162597656,2800.6435546875,243.5801544189453,-547.0191650390625,2899.010986328125,147.06846618652344,-514.9668579101562,2791.539794921875,97.98796081542967,-588.4234008789062,2874.37255859375
106.90516662597656,41.90154647827149,2925.03369140625,118.47639465332033,-122.9109344482422,2920.832275390625,126.84281158447266,-253.82846069335935,2936.58154296875,147.4513397216797,-453.8616027832031,2933.09716796875,175.02406311035156,-417.9453125,2936.490478515625,294.21942138671875,-360.2542419433594,2935.277099609375,342.49591064453125,-108.9035873413086,2930.05029296875,160.85850524902344,-132.5271759033203,2817.732666015625,151.63352966308594,-172.5000762939453,2738.521484375,86.1748275756836,-189.53407287597656,2664.73193359375,122.55085754394533,-193.7570343017578,2710.139404296875,113.05843353271484,-423.709228515625,2932.802734375,-2.448402404785156,-391.90765380859375,2910.6875,-115.77973175048828,-165.06784057617188,2971.825927734375,30.521146774291992,-123.2397232055664,2816.300537109375,53.993953704833984,-212.71536254882812,2790.449462890625,50.63603973388672,-174.10740661621094,2700.01171875,57.75499725341797,-168.49375915527344,2701.443603515625,191.09506225585935,47.7196159362793,2928.673095703125,225.17605590820312,416.1078796386719,2954.513427734375,233.80177307128903,755.2283935546875,3057.19580078125,257.694091796875,904.4700317382812,2971.9033203125,30.98743438720703,36.6551399230957,2921.751708984375,-6.8300886154174805,402.8182678222656,2963.4365234375,-30.715187072753903,743.407958984375,3071.6298828125,-55.708282470703125,881.4205322265625,2995.320068359375,155.81143188476562,-527.8150024414062,2919.40625,154.58348083496094,-473.3813781738281,2780.861572265625,189.6740264892578,-510.0281982421875,2791.550048828125,245.88949584960935,-546.0534057617188,2888.162353515625,142.64285278320312,-519.6089477539062,2785.0546875,100.4521484375,-593.0676879882812,2871.978271484375
108.16838073730467,43.77654647827149,2925.736572265625,118.73918151855467,-120.48619842529295,2922.106201171875,126.34538269042967,-250.88107299804688,2938.3583984375,146.7258758544922,-450.1657409667969,2934.748779296875,174.204345703125,-414.41400146484375,2938.33056640625,294.1447448730469,-359.5122375488281,2936.29931640625,345.0448913574219,-109.75448608398438,2928.09033203125,159.2593994140625,-130.70924377441406,2823.882080078125,150.821044921875,-175.22573852539062,2747.436279296875,93.02007293701172,-189.4286193847656,2667.429443359375,122.20489501953124,-195.52520751953125,2718.54345703125,112.4915771484375,-420.0984802246094,2934.299560546875,-2.639591693878174,-389.6643371582031,2910.888916015625,-115.62654876708984,-160.4378204345703,2957.90380859375,37.00870895385742,-122.83940887451172,2808.669921875,64.17160034179688,-212.74594116210935,2790.392578125,55.861793518066406,-170.60166931152344,2702.2900390625,59.925079345703125,-175.94000244140625,2698.725341796875,192.0768280029297,49.10022735595703,2929.1796875,224.70896911621097,416.0201721191406,2957.447265625,235.8321533203125,754.693603515625,3056.6591796875,255.47837829589844,905.1807861328124,2973.849365234375,32.504432678222656,38.9759521484375,2922.632080078125,-6.5723137855529785,403.71142578125,2963.148193359375,-30.64276123046875,744.2271728515625,3066.940185546875,-56.626670837402344,882.0287475585938,2991.858642578125,155.0689697265625,-523.8273315429688,2921.063232421875,160.86557006835938,-465.5191345214844,2784.837890625,194.0486297607422,-503.6209106445313,2795.57568359375,245.15179443359375,-544.4407348632812,2892.577392578125,147.1448211669922,-511.1923828125,2787.16162109375,99.3312530517578,-585.2706298828125,2869.904296875
105.83405303955078,43.75894927978515,2926.642578125,116.39954376220705,-120.67662048339844,2924.720947265625,123.9122085571289,-251.0587615966797,2942.013427734375,148.5346221923828,-450.0408325195313,2938.469970703125,175.30929565429688,-413.6694641113281,2941.614501953125,294.8773498535156,-358.033935546875,2935.09521484375,350.2977600097656,-109.0715103149414,2925.26123046875,159.66064453125,-117.26404571533205,2827.870849609375,160.5030059814453,-176.98435974121094,2761.966552734375,105.5669937133789,-186.21144104003903,2679.1533203125,124.1906967163086,-188.9292907714844,2724.461669921875,113.6296844482422,-420.6896362304687,2938.43798828125,-2.874396800994873,-394.0621643066406,2916.691650390625,-111.60956573486328,-158.18923950195312,2930.08837890625,33.133968353271484,-127.43103790283205,2771.447265625,69.10072326660156,-215.71205139160156,2762.2900390625,69.17253112792969,-169.33094787597656,2675.8447265625,73.90178680419922,-200.64451599121097,2683.288818359375,189.79623413085935,49.10868453979492,2930.50146484375,223.24343872070312,416.4660034179687,2956.226318359375,236.02427673339844,755.1123657226562,3056.42041015625,254.90960693359375,902.100341796875,2967.090576171875,30.121662139892575,38.93485641479492,2923.162841796875,-6.975680351257324,404.22369384765625,2963.481201171875,-31.088716506958008,744.2623291015625,3069.862548828125,-54.97726821899414,880.8148193359375,2991.578125,158.27688598632812,-523.598388671875,2924.7880859375,154.12088012695312,-469.8185729980469,2786.5146484375,190.05178833007812,-505.5264892578125,2796.84521484375,248.0847320556641,-539.8605346679688,2892.57568359375,143.30943298339844,-516.1525268554688,2790.9814453125,103.97918701171876,-590.0387573242188,2878.385498046875
105.71712493896484,43.45282745361328,2926.7041015625,115.36341857910156,-121.08163452148438,2921.968505859375,122.01290130615234,-251.8659820556641,2937.038330078125,148.40731811523438,-450.76763916015625,2938.63818359375,174.82760620117188,-414.0720825195313,2941.380859375,294.8785095214844,-358.9486083984375,2939.25830078125,352.56793212890625,-110.33949279785156,2929.549072265625,167.3256378173828,-103.75018310546876,2821.884521484375,163.6118621826172,-173.21267700195312,2766.374755859375,125.8114242553711,-175.65126037597656,2673.97216796875,132.79234313964844,-170.77606201171875,2714.787841796875,113.23770141601562,-421.7214050292969,2937.309814453125,-3.273479700088501,-395.1115112304687,2915.175048828125,-113.26028442382812,-160.23724365234375,2936.558837890625,34.642189025878906,-120.58719635009766,2782.697998046875,71.64543914794922,-208.3159637451172,2771.906005859375,70.57547760009766,-161.99705505371094,2685.366943359375,73.54410552978516,-176.24658203125,2680.493408203125,189.72950744628903,48.247581481933594,2931.24560546875,224.9597625732422,415.5862121582031,2958.033935546875,234.863037109375,755.3632202148438,3055.43701171875,259.48193359375,901.8778686523438,2966.525146484375,29.959455490112305,39.129188537597656,2922.60888671875,-6.295181751251221,404.7425231933594,2962.7890625,-31.781431198120117,745.1448364257812,3068.406005859375,-56.18429946899414,881.755615234375,2990.187255859375,159.0201873779297,-524.5813598632812,2926.866455078125,160.6041259765625,-462.53265380859375,2791.947998046875,195.44520568847656,-499.6191711425781,2801.259765625,249.55465698242188,-540.9307250976562,2896.616943359375,148.68753051757812,-508.82183837890625,2793.260986328125,104.9118194580078,-586.9279174804688,2874.78564453125
104.52418518066406,44.4371337890625,2925.8203125,115.08596801757812,-119.85846710205078,2921.84765625,122.62328338623048,-250.3811492919922,2937.34814453125,147.15281677246094,-449.27783203125,2936.482666015625,173.9097442626953,-412.9033508300781,2939.319091796875,293.783203125,-357.8791809082031,2935.419677734375,348.1758728027344,-109.07576751708984,2921.027099609375,162.54443359375,-113.27477264404295,2814.44189453125,150.39410400390625,-172.3656768798828,2749.162841796875,112.9028778076172,-169.83326721191406,2656.76904296875,123.11714935302734,-164.8418731689453,2701.868408203125,112.28494262695312,-419.9333190917969,2935.873046875,-4.302963733673096,-393.5859680175781,2914.666015625,-111.61109924316406,-157.29588317871094,2929.023193359375,34.95569610595703,-111.38087463378906,2776.004150390625,74.16588592529297,-197.56304931640625,2762.050048828125,76.45063018798828,-152.47943115234375,2675.0205078125,79.06962585449219,-178.92050170898438,2685.365478515625,188.43746948242188,49.73870849609375,2929.65869140625,224.09695434570312,416.4618835449219,2957.999755859375,235.31472778320312,755.62646484375,3055.819580078125,259.525146484375,902.6417236328124,2968.042724609375,28.855897903442383,39.65646743774414,2922.359130859375,-6.872653961181641,404.7864990234375,2963.230224609375,-30.884965896606445,744.4815673828125,3069.981201171875,-55.530128479003906,881.277099609375,2992.56298828125,156.93272399902344,-522.9614868164062,2923.803466796875,168.28907775878906,-464.61138916015625,2787.907470703125,200.91465759277344,-502.8263854980469,2799.933837890625,248.031005859375,-543.8432006835938,2898.8857421875,154.34619140625,-510.2547302246094,2789.66650390625,103.06315612792967,-584.2334594726562,2870.43994140625
104.31612396240234,44.46065139770508,2925.2041015625,114.78612518310548,-119.83769989013672,2921.0869140625,122.23189544677734,-250.35885620117188,2936.6474609375,145.9620819091797,-449.3548889160156,2936.557373046875,172.85040283203125,-413.0791320800781,2939.41748046875,293.2303466796875,-359.0826110839844,2937.0419921875,350.2265319824219,-110.81680297851562,2923.451171875,167.10252380371094,-114.3303680419922,2812.58837890625,154.9414825439453,-176.10781860351562,2749.847412109375,114.1444854736328,-167.6148681640625,2659.226318359375,128.8837127685547,-170.20162963867188,2702.078125,111.21665954589844,-419.8724060058594,2935.6669921875,-5.156412601470947,-393.04840087890625,2913.8837890625,-109.28292083740234,-155.0966033935547,2923.43017578125,35.905948638916016,-109.08618927001952,2769.130615234375,76.41354370117188,-194.3533172607422,2753.375732421875,79.50904846191406,-146.2594757080078,2667.997802734375,89.3896713256836,-170.25074768066406,2675.65625,188.2307281494141,49.7108039855957,2929.0888671875,224.22048950195312,416.31549072265625,2958.53564453125,235.2578582763672,755.0737915039062,3057.776611328125,259.4267883300781,901.4803466796876,2968.975830078125,28.646648406982425,39.726356506347656,2921.700927734375,-6.8352370262146,404.8669738769531,2962.700927734375,-30.509536743164062,744.8016967773438,3068.765380859375,-55.39848709106445,882.3318481445312,2992.738525390625,155.5113067626953,-523.1184692382812,2924.1689453125,168.2201385498047,-465.0126647949219,2788.28759765625,200.93060302734375,-502.9928588867187,2800.8173828125,247.04751586914065,-543.4817504882812,2900.45556640625,154.54342651367188,-510.7391357421875,2789.979736328125,102.70802307128906,-584.8533325195312,2870.275390625
105.5150375366211,44.87575149536133,2926.554443359375,115.8298110961914,-119.37786865234376,2922.34814453125,123.0552978515625,-249.8667907714844,2937.9296875,147.78109741210938,-448.6773376464844,2937.604248046875,174.4814453125,-412.2808532714844,2940.464599609375,294.738037109375,-358.0667724609375,2941.335693359375,340.22589111328125,-108.05278778076172,2920.079345703125,160.34161376953125,-113.7433624267578,2804.2451171875,147.16786193847656,-172.5027618408203,2738.903564453125,87.16573333740234,-152.8521270751953,2661.728515625,99.5461654663086,-170.80441284179688,2701.579833984375,112.89727783203124,-419.3789367675781,2936.79150390625,-4.2372941970825195,-395.6889953613281,2915.68017578125,-120.46421813964844,-164.0325469970703,2934.073974609375,16.55162811279297,-106.7367935180664,2776.2158203125,63.53519821166992,-187.6374969482422,2756.18115234375,77.99847412109375,-146.7113037109375,2668.307861328125,78.33152770996094,-166.0835723876953,2689.41015625,189.388671875,50.03285598754883,2930.84912109375,224.225341796875,416.8380737304687,2957.59228515625,235.48855590820312,755.4501342773438,3056.908935546875,259.22100830078125,901.5719604492188,2967.62939453125,29.882497787475582,40.225364685058594,2922.681884765625,-6.911448955535889,405.0364379882813,2964.399169921875,-30.71357154846191,745.0181274414062,3069.902587890625,-59.82490158081055,880.1466064453125,2991.220703125,157.68240356445312,-522.3558349609375,2925.1318359375,172.27230834960938,-456.54595947265625,2793.056884765625,203.32861328125,-496.6110534667969,2802.9599609375,248.0874786376953,-545.1759033203125,2899.51708984375,156.60780334472656,-501.6339416503906,2792.019287109375,101.96656799316406,-578.2381591796875,2867.941162109375
106.51092529296876,45.305912017822266,2925.534423828125,117.12948608398438,-118.80834197998048,2924.20703125,124.24999237060548,-248.88568115234375,2941.98828125,147.63856506347656,-447.6208801269531,2938.459228515625,174.553466796875,-411.4884643554687,2941.87353515625,295.1946716308594,-358.4629211425781,2942.046875,340.4305725097656,-108.8222885131836,2919.05908203125,171.1216583251953,-106.79125213623048,2788.502197265625,163.98992919921875,-159.44532775878906,2717.394287109375,85.72968292236328,-152.5164794921875,2656.162109375,111.5216293334961,-176.52442932128906,2692.486083984375,112.98367309570312,-418.1142272949219,2938.148681640625,-3.516584634780884,-394.087890625,2914.74462890625,-126.0058135986328,-166.295166015625,2936.6708984375,7.752969741821289,-106.33399963378906,2777.31982421875,56.63235855102539,-187.1383514404297,2762.604736328125,78.55777740478516,-146.2064666748047,2676.406494140625,73.83873748779297,-167.5790557861328,2697.291015625,190.19725036621097,50.67403793334961,2931.292236328125,225.4176483154297,417.162109375,2956.635009765625,235.38723754882812,755.3564453125,3056.231689453125,259.539306640625,903.1014404296876,2970.134521484375,31.047285079956055,40.465240478515625,2920.342529296875,-6.775845050811768,404.4738464355469,2964.7314453125,-30.635215759277344,745.1580810546875,3066.663818359375,-60.93035888671875,879.8358154296875,2987.98388671875,157.0332489013672,-521.0786743164062,2924.81298828125,174.66082763671875,-465.09417724609375,2788.806640625,205.1172790527344,-504.5559387207031,2802.1298828125,247.58255004882812,-546.3858032226562,2902.64990234375,158.60826110839844,-509.9657897949219,2790.699462890625,101.91120147705078,-580.4058837890625,2870.773193359375
106.9901351928711,43.86558151245117,2925.4755859375,116.77135467529295,-120.35259246826172,2922.994873046875,123.65394592285156,-250.6397399902344,2939.685302734375,147.8991241455078,-449.3775329589844,2938.151123046875,174.66989135742188,-413.08404541015625,2941.207275390625,294.9206848144531,-359.064208984375,2940.02294921875,345.2674865722656,-109.60221099853516,2926.587158203125,172.0921173095703,-103.47772979736328,2801.19287109375,164.35794067382812,-151.47731018066406,2726.8818359375,82.5939712524414,-153.00726318359375,2669.94091796875,115.29900360107422,-176.29832458496094,2705.848876953125,113.10511779785156,-420.0118103027344,2937.54052734375,-3.6384389400482178,-396.6456298828125,2914.433349609375,-123.5973663330078,-167.00576782226562,2931.830322265625,12.030139923095703,-107.12088012695312,2773.920654296875,61.104103088378906,-187.93556213378903,2759.6708984375,82.7393569946289,-142.9389190673828,2675.40283203125,75.12284851074219,-174.26402282714844,2699.90869140625,190.841552734375,48.800392150878906,2929.41943359375,223.6703643798828,415.6436462402344,2954.963134765625,235.6022491455078,753.72314453125,3055.2265625,258.62237548828125,902.1971435546876,2969.93994140625,31.377620697021484,39.41564178466797,2921.919189453125,-7.0872979164123535,403.9139099121094,2962.81396484375,-29.943174362182617,744.449951171875,3065.95751953125,-59.85293197631836,880.829345703125,2989.980712890625,157.61270141601562,-522.9568481445312,2925.238037109375,168.14698791503906,-460.2152404785156,2791.39990234375,200.7340545654297,-498.8418884277344,2801.912353515625,248.39892578125,-543.1775512695312,2899.02294921875,154.12115478515625,-505.81884765625,2791.7431640625,103.27619171142578,-582.2535400390625,2870.306640625
106.96407318115234,44.10031509399414,2925.327880859375,116.31261444091795,-119.95692443847656,2922.426513671875,122.86894989013672,-250.14520263671875,2938.8916015625,147.6613006591797,-448.58544921875,2936.332763671875,174.29977416992188,-412.2701110839844,2939.554443359375,294.392822265625,-358.2396545410156,2940.17578125,356.5484924316406,-111.72561645507812,2927.025634765625,191.12303161621097,-91.95140075683594,2793.25390625,171.7784423828125,-152.06228637695312,2730.954345703125,84.27532958984375,-154.05386352539062,2683.545654296875,120.80332946777344,-178.20582580566406,2721.102783203125,112.82001495361328,-419.3497924804687,2935.892822265625,-4.435256004333496,-396.36566162109375,2915.89453125,-128.50218200683594,-169.00631713867188,2929.88818359375,6.598815441131592,-113.53919219970705,2770.245849609375,58.7059211730957,-193.19869995117188,2762.393798828125,95.33233642578124,-137.78736877441406,2690.552734375,82.88919067382812,-186.39501953125,2810.36279296875,190.74139404296875,48.806175231933594,2929.1767578125,224.3009033203125,415.00628662109375,2957.08935546875,235.5768890380859,753.6776123046875,3054.026611328125,259.09283447265625,902.7648315429688,2970.340576171875,31.41838264465332,39.85683059692383,2921.85693359375,-6.843820095062256,403.8772583007813,2963.57470703125,-29.815465927124023,743.8169555664062,3067.318359375,-57.93942642211914,880.2682495117188,2991.150634765625,157.56912231445312,-521.9896240234375,2923.053466796875,166.39089965820312,-461.6355895996094,2788.176025390625,198.88539123535156,-500.22601318359375,2798.831298828125,247.73196411132812,-543.1507568359375,2895.835693359375,152.13531494140625,-507.095458984375,2789.502197265625,102.13111877441406,-581.8208618164062,2870.023193359375
107.08114624023438,43.873497009277344,2923.593994140625,116.4521942138672,-120.38824462890624,2922.07763671875,122.95922088623048,-250.5824279785156,2939.669921875,148.13209533691406,-449.216552734375,2938.4189453125,174.7571258544922,-412.7879638671875,2941.1572265625,293.8373718261719,-356.38482666015625,2936.68017578125,361.9302062988281,-110.84911346435548,2931.34619140625,205.8420562744141,-87.59687805175781,2786.94677734375,170.46542358398438,-151.1881866455078,2736.042236328125,82.14215087890625,-154.501220703125,2690.010498046875,121.1361846923828,-182.02447509765625,2747.588623046875,113.1938705444336,-420.0153198242187,2938.032470703125,-3.769323348999023,-396.5103759765625,2916.18017578125,-133.15213012695312,-171.9007568359375,2931.8134765625,-1.2210309505462646,-113.9118423461914,2770.095947265625,52.506343841552734,-192.4567108154297,2760.754150390625,81.87158203125,-134.6974334716797,2687.294189453125,81.32250213623047,-181.4831390380859,2809.932861328125,190.93966674804688,48.619659423828125,2927.701171875,224.5178070068359,415.2532958984375,2955.44140625,235.22671508789065,753.3750610351562,3055.760009765625,258.9571838378906,902.1607666015624,2971.197509765625,31.462223052978516,39.59367370605469,2919.890380859375,-6.548259258270264,403.7815856933594,2964.008056640625,-30.76268768310547,743.8672485351562,3068.3798828125,-55.528812408447266,878.401123046875,2987.41015625,158.08399963378906,-522.7849731445312,2925.604248046875,160.71658325195312,-467.85198974609375,2787.989990234375,194.99891662597656,-504.7648010253906,2799.253662109375,248.2775726318359,-541.7388916015625,2896.53515625,148.24557495117188,-513.7650146484375,2791.625244140625,103.4232940673828,-586.89990234375,2876.733154296875
108.10761260986328,44.16007995605469,2925.629150390625,116.87908935546876,-120.4683609008789,2923.3857421875,123.04744720458984,-251.01190185546875,2940.548583984375,147.79603576660156,-450.10394287109375,2937.87451171875,174.57347106933594,-413.6813659667969,2940.752685546875,294.0096130371094,-357.292724609375,2937.7529296875,357.4164123535156,-110.49304962158205,2920.659423828125,219.2228240966797,-102.86923217773438,2756.9833984375,159.75967407226562,-168.3314666748047,2747.072265625,74.06149291992188,-149.23226928710938,2699.4990234375,126.93236541748048,-183.18211364746097,2793.839111328125,112.85340881347656,-420.75836181640625,2937.82275390625,-4.694357395172119,-397.1481628417969,2917.908447265625,-128.47628784179688,-168.26507568359375,2920.0166015625,13.53035831451416,-122.12601470947266,2762.46875,64.55634307861328,-203.14305114746097,2758.759033203125,78.34610748291016,-130.33399963378906,2694.390380859375,95.18235778808594,-185.3954162597656,2812.8037109375,192.18600463867188,48.59220886230469,2929.122802734375,224.60206604003903,416.2644348144531,2954.615478515625,234.84226989746097,755.0392456054688,3055.356689453125,255.1234130859375,906.3414306640624,2973.677734375,32.290435791015625,40.16343307495117,2922.478759765625,-6.697379112243652,405.2598876953125,2964.5927734375,-30.749481201171875,746.901123046875,3066.421142578125,-56.05164337158203,886.195068359375,2993.408935546875,157.542236328125,-523.7612915039062,2924.505126953125,172.7589111328125,-461.7533874511719,2790.42724609375,202.9549102783203,-502.3481750488281,2801.198974609375,247.30970764160156,-549.4871826171875,2898.855224609375,155.97592163085938,-506.5246276855469,2790.698486328125,99.98068237304688,-579.8468017578125,2869.121337890625
106.19770050048828,43.29181289672851,2926.071044921875,115.62608337402344,-121.39915466308594,2924.406005859375,122.58856201171876,-251.916015625,2942.025634765625,148.2604217529297,-451.0159606933594,2940.499755859375,174.8762664794922,-414.437255859375,2943.29345703125,293.97607421875,-357.11981201171875,2941.54248046875,357.562255859375,-110.76007843017578,2917.898193359375,219.8039093017578,-96.34082794189452,2754.156494140625,164.24578857421875,-165.8560333251953,2751.130615234375,74.46963500976562,-148.06451416015625,2711.043701171875,137.23583984375,-178.96762084960938,2806.43896484375,113.16661834716795,-421.81353759765625,2940.154296875,-4.761122226715088,-399.29058837890625,2920.822265625,-122.32183074951172,-167.1572723388672,2911.71484375,17.5867977142334,-118.73090362548828,2752.8154296875,71.1543197631836,-198.14959716796875,2748.994873046875,91.1476058959961,-126.4680633544922,2684.905517578125,98.77313995361328,-180.7173767089844,2805.95849609375,190.3453369140625,48.086299896240234,2928.33447265625,224.34457397460935,415.7261962890625,2955.18505859375,236.06390380859375,754.9201049804688,3055.0419921875,256.4795227050781,905.1107177734376,2971.169921875,30.31807327270508,38.96841812133789,2924.02978515625,-7.12264347076416,404.6651611328125,2964.09619140625,-30.587202072143555,746.1566772460938,3067.253173828125,-55.53139114379883,885.064453125,2993.19580078125,158.3979949951172,-524.7387084960938,2927.551025390625,161.659912109375,-467.5513000488281,2790.448974609375,194.68820190429688,-506.0451049804687,2800.749755859375,247.6944580078125,-546.7513427734375,2897.0556640625,147.4146728515625,-513.1198120117188,2793.504150390625,100.59661865234376,-586.03955078125,2878.17333984375
106.81033325195312,43.61671447753906,2925.768310546875,116.3021011352539,-120.73587036132812,2923.790771484375,123.2821273803711,-251.04689025878903,2940.943603515625,148.3806610107422,-449.8034362792969,2938.37109375,175.04232788085938,-413.3822326660156,2941.309326171875,294.1167297363281,-356.6197509765625,2939.74853515625,357.5032043457031,-111.12594604492188,2912.385009765625,221.1065368652344,-99.5059051513672,2747.845458984375,166.02886962890625,-169.218017578125,2749.618408203125,73.95040130615234,-149.36624145507812,2716.896240234375,129.97308349609375,-180.5005340576172,2794.42724609375,113.43314361572266,-420.5669860839844,2938.22314453125,-4.62286901473999,-398.6695556640625,2920.5595703125,-127.56526184082033,-169.75357055664062,2921.21875,8.826166152954102,-114.34221649169922,2762.138671875,62.22063446044922,-193.4456787109375,2755.3369140625,82.05228424072266,-126.27232360839844,2686.771728515625,92.78723907470705,-176.95545959472656,2808.887939453125,190.78195190429688,48.43683242797851,2928.21630859375,224.41172790527344,415.3552856445313,2955.1796875,236.20571899414065,754.0353393554688,3054.259033203125,256.24859619140625,904.9837646484376,2972.398193359375,31.08942413330078,39.27020263671875,2923.560791015625,-6.593264579772949,404.1072998046875,2964.395263671875,-30.330467224121097,744.7333984375,3067.86962890625,-56.95224380493164,881.2860717773438,2990.76611328125,158.28790283203125,-523.3375244140625,2925.058837890625,161.6680450439453,-467.2778015136719,2787.81640625,193.6200256347656,-506.56402587890625,2797.9990234375,246.3905487060547,-548.0734252929688,2893.80419921875,146.1797332763672,-512.3037109375,2791.332275390625,98.31697082519533,-583.1416015625,2876.83349609375
106.93310546875,44.20509338378906,2925.51123046875,116.00408935546876,-120.14588165283205,2923.534912109375,122.38225555419922,-250.4546356201172,2940.783935546875,147.3473663330078,-449.2130737304687,2940.36279296875,174.01791381835938,-412.7868347167969,2943.03857421875,292.72833251953125,-355.2928771972656,2942.8115234375,356.58819580078125,-110.60197448730467,2910.222412109375,221.1172637939453,-121.92186737060548,2744.941650390625,161.8032684326172,-187.8022918701172,2750.9130859375,77.07603454589844,-148.67921447753906,2715.8291015625,130.6949005126953,-187.2351837158203,2812.22509765625,112.42678833007812,-419.9610290527344,2939.765869140625,-4.603899955749512,-397.2371215820313,2917.146728515625,-128.42333984375,-168.95401000976562,2924.398193359375,0.982820987701416,-124.15828704833984,2756.4326171875,57.9027214050293,-200.37728881835935,2746.30517578125,78.48477935791016,-126.40196228027344,2685.4130859375,87.2076187133789,-179.03358459472656,2811.0517578125,190.8619079589844,48.79369354248047,2929.141845703125,224.5694274902344,415.9189147949219,2952.1201171875,235.5350799560547,753.7778930664062,3053.8681640625,254.6522674560547,905.35595703125,2973.011474609375,31.250797271728516,40.067352294921875,2922.237060546875,-6.98037052154541,404.7638549804687,2963.30322265625,-30.15262031555176,744.8162841796875,3068.587158203125,-56.83513641357422,880.8489990234375,2990.640380859375,157.2574462890625,-522.87548828125,2927.8515625,155.20950317382812,-466.9263000488281,2790.5625,189.3545379638672,-504.4596252441406,2800.18359375,245.9454803466797,-542.9935913085938,2895.024658203125,142.1758575439453,-512.6912231445312,2794.381103515625,99.65869140625,-585.8076171875,2880.7587890625
107.26493072509766,43.32343673706055,2925.053466796875,116.51234436035156,-121.13565826416016,2922.891845703125,122.9983901977539,-251.5484161376953,2940.047119140625,147.74855041503906,-450.4814147949219,2940.16015625,174.4729766845703,-414.0538024902344,2942.837890625,293.31011962890625,-356.60162353515625,2943.229736328125,355.3302001953125,-110.91305541992188,2913.2412109375,223.25392150878903,-116.25640106201172,2744.74072265625,162.0014190673828,-180.3463592529297,2737.94580078125,89.13558959960938,-133.47959899902344,2688.460693359375,128.68096923828125,-181.0413360595703,2801.843994140625,112.83904266357422,-421.1685791015625,2939.386474609375,-4.32641077041626,-398.5801086425781,2916.854248046875,-125.657470703125,-168.70941162109375,2922.664306640625,1.5235990285873413,-125.89090728759766,2752.29638671875,58.16031265258789,-202.6251220703125,2743.973388671875,78.06999969482422,-124.75516510009766,2687.780029296875,84.7953872680664,-180.03195190429688,2812.6142578125,191.2445068359375,47.99600982666016,2928.822998046875,224.6555328369141,415.31195068359375,2953.459716796875,235.10031127929688,753.2372436523438,3055.93359375,256.2691650390625,901.7940673828124,2969.87841796875,31.536840438842773,39.10996627807617,2921.654296875,-6.875786781311035,404.1020202636719,2962.343017578125,-30.30359268188477,744.4898071289062,3067.368408203125,-55.94430923461914,880.1381225585938,2988.17529296875,157.61817932128906,-524.2376708984375,2927.840576171875,161.59368896484375,-462.4226989746094,2793.0146484375,193.8799285888672,-501.80279541015625,2801.840576171875,246.28616333007812,-546.7796630859375,2896.354248046875,146.5328369140625,-507.73431396484375,2794.510986328125,98.64781951904295,-582.6009521484375,2876.59716796875
107.1424789428711,43.4473991394043,2925.02587890625,116.3333969116211,-121.04010009765624,2922.8212890625,122.77572631835938,-251.4825134277344,2939.925537109375,147.26718139648438,-450.4790954589844,2939.98095703125,174.04556274414062,-414.0816955566406,2942.649658203125,292.9696044921875,-356.7626953125,2943.112548828125,354.8714904785156,-110.94707489013672,2913.58544921875,223.317138671875,-115.73999786376952,2744.6181640625,161.87518310546875,-179.5169677734375,2736.530029296875,90.10926818847656,-132.0513458251953,2685.988037109375,126.7486801147461,-181.08624267578125,2798.0947265625,112.39045715332033,-421.115478515625,2939.2353515625,-4.8221869468688965,-398.47369384765625,2916.90087890625,-126.28414916992188,-168.62387084960938,2922.6201171875,0.1648664474487304,-124.91192626953124,2751.891357421875,57.03899765014648,-201.36924743652344,2742.531494140625,75.39939880371094,-122.95172882080078,2686.545654296875,84.32182312011719,-179.9146728515625,2809.971435546875,191.13687133789065,48.09013366699219,2928.796630859375,224.6970367431641,415.4387512207031,2953.610107421875,235.21368408203125,753.35009765625,3056.312744140625,256.5087890625,902.1801147460938,2970.707763671875,31.401039123535156,39.26083755493164,2921.625732421875,-6.903804779052734,404.3055419921875,2962.468017578125,-30.186443328857425,744.690673828125,3067.7236328125,-55.93674087524414,880.48779296875,2988.771484375,157.0330352783203,-524.2572631835938,2927.637451171875,159.8249053955078,-462.4942626953125,2792.732177734375,192.47360229492188,-501.6163635253906,2801.41845703125,245.7288360595703,-546.1177368164062,2895.705322265625,145.13084411621094,-507.9303283691406,2794.3349609375,98.25786590576172,-583.1317749023438,2876.726318359375
107.6482162475586,44.19738006591797,2924.989013671875,116.55341339111328,-120.0159912109375,2921.73095703125,122.52262878417967,-250.3902587890625,2937.823974609375,142.9780731201172,-449.5022888183594,2939.528076171875,170.4068603515625,-413.688720703125,2942.223876953125,290.13360595703125,-358.6410827636719,2944.755615234375,352.6457214355469,-112.78617095947266,2921.051513671875,226.9777374267578,-115.45939636230467,2748.052734375,160.89439392089844,-172.77499389648438,2732.891357421875,86.20055389404297,-132.2157440185547,2680.922607421875,118.50177001953124,-176.99607849121094,2718.9287109375,108.76427459716795,-419.5026550292969,2938.20703125,-8.006431579589844,-395.8374328613281,2915.707763671875,-131.34336853027344,-169.3116455078125,2945.165283203125,-15.327744483947754,-110.32007598876952,2772.094482421875,38.86832809448242,-188.19493103027344,2760.430419921875,62.727272033691406,-115.40492248535156,2699.426513671875,64.3708267211914,-181.31333923339844,2811.599609375,191.4532165527344,48.64408493041992,2929.927978515625,224.09066772460935,415.5400695800781,2953.557861328125,235.81434631347656,752.5966796875,3056.931884765625,256.3081970214844,902.7607421875,2974.081787109375,32.07756423950195,40.187591552734375,2920.53515625,-6.81550407409668,404.3956909179687,2962.760009765625,-30.795766830444336,744.1419677734375,3067.926025390625,-57.294925689697266,880.688720703125,2991.0712890625,151.37640380859375,-523.42578125,2927.82421875,149.58316040039062,-456.5069580078125,2795.658447265625,183.42425537109375,-494.9280395507813,2802.117431640625,239.7961578369141,-541.4583129882812,2893.32275390625,136.2122039794922,-502.2956237792969,2795.758544921875,93.27749633789062,-581.82568359375,2875.908447265625
106.91676330566406,42.96809005737305,2925.150146484375,115.98194885253906,-121.69676971435548,2921.43408203125,122.07684326171876,-252.5147247314453,2936.937744140625,143.5122833251953,-452.0938415527344,2939.060546875,170.8585968017578,-416.0460205078125,2941.632568359375,290.49725341796875,-360.01776123046875,2945.8515625,355.4524841308594,-113.44042205810548,2929.557373046875,236.24685668945312,-112.00566864013672,2751.29541015625,166.30516052246094,-164.69203186035156,2735.193115234375,83.11125946044922,-135.5891876220703,2688.1455078125,132.99302673339844,-169.99166870117188,2711.38623046875,109.06048583984376,-422.1697387695313,2937.730224609375,-8.062153816223145,-398.0779724121094,2915.65087890625,-134.6527557373047,-177.74996948242188,2972.299560546875,-35.41593933105469,-107.83102416992188,2792.2314453125,19.675235748291016,-184.13931274414065,2774.01171875,62.40767288208008,-114.90003967285156,2719.02294921875,43.60848617553711,-176.61952209472656,2841.515380859375,190.95277404785156,47.480716705322266,2930.190673828125,224.6798553466797,415.4115905761719,2952.636474609375,235.2959747314453,753.2521362304688,3057.00439453125,256.65234375,901.67822265625,2970.30126953125,31.137794494628903,38.89886093139648,2920.605224609375,-7.518395900726318,404.18890380859375,2962.897216796875,-31.457622528076172,745.135986328125,3067.636962890625,-56.82482147216797,882.1600341796875,2990.312744140625,152.2543487548828,-526.215087890625,2927.475341796875,149.7566680908203,-462.5415344238281,2793.25927734375,183.13034057617188,-501.4659118652344,2800.289306640625,240.12677001953125,-546.7027587890625,2892.1826171875,135.58331298828125,-508.206787109375,2794.739013671875,92.30667114257812,-585.1063842773438,2877.7412109375
106.93753814697266,41.72891998291016,2925.1025390625,116.01583099365234,-122.8963623046875,2921.513427734375,122.15909576416016,-253.6917266845703,2936.905029296875,141.9645233154297,-453.39605712890625,2938.0927734375,169.6039276123047,-417.5931701660156,2940.75048828125,289.64483642578125,-362.3980712890625,2943.03857421875,352.236328125,-115.3070297241211,2926.291259765625,229.3115692138672,-121.6235580444336,2750.7470703125,159.007568359375,-174.7255096435547,2738.07763671875,78.62987518310547,-135.6350860595703,2693.490478515625,127.4248046875,-178.64564514160156,2709.482666015625,107.76351165771484,-423.1940612792969,2936.985595703125,-8.177891731262207,-396.5795593261719,2911.936767578125,-128.33863830566406,-171.07113647460938,2961.45263671875,-21.895103454589844,-108.50314331054688,2782.86865234375,31.581409454345703,-186.64581298828125,2768.0595703125,71.60308837890625,-110.95848083496094,2720.010498046875,52.59999465942383,-176.7800750732422,2840.47314453125,190.9582977294922,46.2548713684082,2930.028076171875,224.7228546142578,414.1065368652344,2952.174072265625,235.56732177734375,752.0410766601562,3055.91015625,256.19464111328125,900.3292236328125,2968.88232421875,31.172327041625977,37.647674560546875,2920.660888671875,-7.303014278411865,402.8963928222656,2962.658203125,-30.20235252380371,743.6834716796875,3067.842041015625,-59.63949966430664,878.491943359375,2988.183837890625,150.06874084472656,-527.5154418945312,2926.161865234375,148.99635314941406,-459.28564453125,2794.226318359375,180.7687835693359,-499.7669372558594,2799.588623046875,236.65609741210935,-550.4130249023438,2889.277099609375,132.94435119628906,-504.3363037109375,2794.32275390625,87.27018737792969,-582.131591796875,2875.132080078125
106.90230560302734,41.70118713378906,2925.106201171875,115.99307250976562,-122.9480209350586,2921.556396484375,122.14689636230467,-253.75538635253903,2937.004150390625,141.9923553466797,-453.4844665527344,2938.230712890625,169.63211059570312,-417.670654296875,2940.84912109375,289.6464538574219,-362.3622741699219,2942.880615234375,351.8992919921875,-115.17269897460938,2925.769287109375,228.5988006591797,-121.92381286621094,2750.46728515625,158.32078552246094,-175.16270446777344,2738.143310546875,77.73104858398438,-136.16070556640625,2693.830078125,126.59033966064452,-178.89317321777344,2709.3779296875,107.77985382080078,-423.2846374511719,2937.150146484375,-8.233406066894531,-396.7087707519531,2912.309326171875,-128.42857360839844,-171.3336944580078,2962.54052734375,-22.306657791137695,-108.55581665039062,2783.80078125,31.111270904541016,-186.74806213378903,2768.952880859375,71.1917495727539,-110.7425537109375,2721.42919921875,51.84035110473633,-177.19168090820312,2841.437255859375,190.93544006347656,46.23493957519531,2930.021240234375,224.60043334960935,414.15374755859375,2952.09375,235.30804443359375,752.1470947265625,3055.825927734375,255.77896118164065,900.584228515625,2968.966064453125,31.125947952270508,37.61289978027344,2920.67431640625,-7.41447114944458,402.9285278320313,2962.49755859375,-30.46940803527832,743.84033203125,3067.417724609375,-59.90520095825195,878.623291015625,2987.670166015625,150.09848022460938,-527.6166381835938,2926.311767578125,148.9766387939453,-459.8655090332031,2794.106201171875,180.7693634033203,-500.3209838867187,2799.61279296875,236.6997833251953,-550.6221313476562,2889.490234375,132.938720703125,-504.9277648925781,2794.3720703125,87.30130004882812,-582.4515991210938,2875.488525390625
107.23561096191406,42.96975326538086,2924.0634765625,115.93504333496094,-121.90340423583984,2920.97314453125,121.379638671875,-252.75808715820312,2937.563720703125,137.97218322753906,-453.0226440429687,2936.9951171875,166.18649291992188,-417.6542053222656,2940.353759765625,287.60150146484375,-365.3147583007813,2945.50244140625,342.63897705078125,-116.6435317993164,2921.89208984375,209.1913146972656,-118.53026580810548,2753.7392578125,153.14566040039062,-187.76089477539065,2750.600830078125,79.0848159790039,-136.06036376953125,2707.647705078125,121.37391662597656,-184.58316040039065,2701.9453125,104.23400115966795,-422.2198181152344,2935.769775390625,-11.46706199645996,-394.2638854980469,2910.2978515625,-130.86106872558594,-169.41583251953125,2966.07666015625,3.8817076683044434,-108.59403228759766,2806.6826171875,53.93505859375,-190.34678649902344,2802.1376953125,83.70579528808594,-96.84505462646484,2796.177490234375,69.40839385986328,-202.5646514892578,2832.12548828125,191.27622985839844,47.2833366394043,2930.506103515625,224.60989379882812,415.81207275390625,2950.034423828125,233.2217559814453,753.2088623046875,3057.2587890625,259.89508056640625,900.3173828125,2969.42236328125,31.45249938964844,39.08000564575195,2918.25390625,-6.593074798583984,404.5794372558594,2962.67529296875,-31.276901245117188,745.65576171875,3068.11669921875,-60.55583190917969,880.7398681640625,2988.44775390625,145.03854370117188,-527.24072265625,2924.40673828125,156.68443298339844,-466.680419921875,2789.0615234375,185.12696838378903,-508.9277038574219,2798.5595703125,231.89414978027344,-558.1367797851562,2894.2666015625,137.42953491210938,-510.5021057128906,2790.533935546875,81.51185607910156,-580.3212890625,2872.421142578125
106.27587890625,43.96139907836914,2922.8583984375,114.43689727783205,-121.73384857177734,2919.95068359375,120.077880859375,-253.20330810546875,2936.653564453125,136.8637237548828,-454.37603759765625,2940.7353515625,165.1931915283203,-418.7538757324219,2943.284423828125,287.2815856933594,-366.25445556640625,2946.989501953125,338.8238220214844,-115.498779296875,2924.261474609375,208.3663024902344,-116.8228988647461,2752.4814453125,152.70370483398438,-186.75962829589844,2746.951904296875,78.89408874511719,-135.22203063964844,2702.28759765625,120.35730743408205,-185.52957153320312,2700.87109375,102.94647979736328,-423.4817504882813,2938.791748046875,-13.08131217956543,-395.2964172363281,2912.28955078125,-126.48829650878906,-165.30613708496094,2965.3720703125,16.413227081298828,-103.2576675415039,2812.258056640625,61.164573669433594,-188.0876922607422,2802.306396484375,83.63639068603516,-91.92552185058594,2804.5341796875,68.49539184570312,-203.70504760742188,2823.04296875,190.89646911621097,48.064064025878906,2926.572265625,224.83169555664065,417.81005859375,2954.13037109375,234.80718994140625,757.049560546875,3061.03173828125,255.5184326171875,903.411376953125,2968.807373046875,29.96977424621582,40.261844635009766,2919.509765625,-6.662383556365967,407.5968933105469,2964.76416015625,-30.99125862121582,750.9700317382812,3068.6474609375,-59.21134185791016,883.1929931640625,2982.525390625,144.00509643554688,-529.2178955078125,2929.814697265625,150.85235595703125,-458.4502868652344,2798.36572265625,180.7056579589844,-500.7000122070313,2804.155029296875,231.25547790527344,-555.6663818359375,2895.39111328125,132.65122985839844,-502.9736633300781,2797.08349609375,80.26419067382812,-580.3370971679688,2875.304931640625
106.7161865234375,43.4918098449707,2925.26171875,114.51051330566406,-122.4328155517578,2921.014892578125,119.49205017089844,-254.24169921875,2936.750732421875,137.17514038085938,-455.6609802246094,2938.906982421875,165.4177703857422,-419.8912048339844,2941.533447265625,287.60247802734375,-367.0143127441406,2942.8173828125,335.8827819824219,-114.6955795288086,2927.09228515625,212.5975799560547,-123.91777801513672,2749.948486328125,153.3453369140625,-191.0266876220703,2744.576171875,79.20662689208984,-136.1915283203125,2704.268798828125,121.31832885742188,-189.92202758789065,2701.06640625,103.06482696533205,-424.85015869140625,2937.525390625,-13.282686233520508,-395.758544921875,2912.635498046875,-119.0513153076172,-159.97000122070312,2957.244384765625,30.102767944335938,-103.85686492919922,2807.386474609375,74.39239501953125,-189.45672607421875,2801.3955078125,81.58250427246094,-90.84326171875,2804.40771484375,71.84275817871094,-204.10250854492188,2814.87841796875,191.3838653564453,47.33184814453125,2930.623779296875,225.05816650390625,418.0213317871094,2952.53857421875,234.72262573242188,757.59375,3060.12548828125,255.37103271484375,905.3659057617188,2969.67626953125,30.36762046813965,40.02907943725586,2920.426513671875,-6.783857822418213,408.1339721679687,2963.373046875,-29.53162002563477,751.123779296875,3070.629150390625,-59.310733795166016,881.7330322265625,2982.169189453125,144.54457092285156,-530.480712890625,2927.2451171875,147.49276733398438,-464.66204833984375,2792.866455078125,176.70358276367188,-507.39593505859375,2799.04443359375,229.85752868652344,-560.1808471679688,2890.309326171875,128.29248046875,-508.8440856933594,2793.992431640625,77.46321105957031,-582.1882934570312,2877.227783203125
106.7000503540039,42.6534309387207,2925.414306640625,114.55870056152344,-123.20596313476562,2921.12255859375,119.60077667236328,-254.97427368164065,2936.767578125,137.08953857421875,-456.3406677246094,2938.43603515625,165.36695861816406,-420.6168518066406,2941.0224609375,287.475830078125,-367.6864013671875,2942.246337890625,334.67498779296875,-115.19330596923828,2927.62158203125,211.98960876464844,-123.60523986816406,2750.1181640625,153.05149841308594,-190.88619995117188,2744.038330078125,79.29998779296875,-135.43336486816406,2703.958251953125,121.21354675292967,-189.87489318847656,2700.71240234375,103.01653289794922,-425.5054626464844,2937.255615234375,-13.460919380187988,-395.997314453125,2913.7216796875,-115.39093780517578,-159.53627014160156,2962.90673828125,31.044654846191406,-104.96575927734376,2809.947265625,71.90595245361328,-192.00306701660156,2801.41357421875,81.83301544189453,-93.7235336303711,2805.973876953125,71.56696319580078,-206.54380798339844,2813.67822265625,191.3366546630859,46.52555847167969,2930.750244140625,224.1660919189453,417.1422424316406,2952.850830078125,232.7820281982422,756.2469482421875,3061.563720703125,252.15423583984375,904.8807983398438,2972.37646484375,30.37949562072754,39.16176223754883,2920.602783203125,-6.793856620788574,407.0935974121094,2963.827880859375,-29.80837631225586,749.7061767578125,3071.787353515625,-55.59711837768555,883.2062377929688,2986.555419921875,144.3365478515625,-531.11572265625,2926.594482421875,144.62962341308594,-468.2198486328125,2790.851806640625,174.0128173828125,-510.7585144042969,2797.38818359375,228.95330810546875,-561.48388671875,2888.707275390625,125.5350112915039,-512.37548828125,2793.288818359375,76.43162536621094,-583.9518432617188,2878.996826171875
106.68373107910156,42.23981475830078,2924.1435546875,114.5742645263672,-123.97903442382812,2921.503173828125,119.94659423828124,-255.8516845703125,2938.3291015625,135.44635009765625,-457.78558349609375,2938.00732421875,164.1727752685547,-422.3013000488281,2940.524658203125,285.74603271484375,-367.617431640625,2936.9267578125,336.21527099609375,-114.91888427734376,2929.794921875,208.1708221435547,-134.59169006347656,2756.501220703125,147.9888916015625,-198.644287109375,2737.94384765625,79.62185668945312,-133.9297637939453,2701.909423828125,125.66020965576172,-183.32359313964844,2684.2763671875,101.6082534790039,-426.5404357910156,2937.557373046875,-14.3580961227417,-394.5031127929687,2913.559326171875,-114.6434555053711,-155.34503173828125,2955.26171875,39.33373260498047,-105.93722534179688,2807.4248046875,79.67021179199219,-193.66986083984375,2801.898681640625,82.72034454345703,-94.71842193603516,2805.892333984375,81.10961151123047,-206.89889526367188,2809.873779296875,191.5574951171875,46.205570220947266,2928.1259765625,224.5972595214844,417.4817199707031,2951.175537109375,234.49212646484375,757.049072265625,3060.6259765625,256.83123779296875,904.1160888671876,2968.900634765625,30.14931869506836,38.663719177246094,2920.552490234375,-7.110208511352539,407.4152526855469,2963.0126953125,-30.008447647094727,750.0221557617188,3073.34716796875,-55.96177291870117,884.1316528320312,2988.529052734375,141.78750610351562,-532.6685791015625,2925.3935546875,154.1753692626953,-457.6150512695313,2796.22900390625,181.25979614257812,-502.0368041992187,2800.63916015625,227.6323699951172,-563.5975341796875,2890.334716796875,133.06333923339844,-500.91363525390625,2793.245361328125,75.03693389892578,-577.6761474609375,2868.60546875
107.92996215820312,42.313751220703125,2924.52099609375,114.81114196777344,-123.3265380859375,2921.59912109375,119.4368133544922,-254.73435974121097,2938.383544921875,137.54893493652344,-455.6772766113281,2935.6552734375,165.69740295410156,-419.9803466796875,2938.582763671875,287.29266357421875,-366.51708984375,2935.797119140625,338.4022521972656,-114.8260498046875,2934.649658203125,211.22097778320312,-137.42869567871094,2762.080078125,151.106689453125,-195.2345428466797,2729.615966796875,89.50762176513672,-138.17283630371094,2674.52783203125,136.59796142578125,-188.5549774169922,2680.678955078125,103.42601013183594,-424.9954833984375,2935.5830078125,-13.690471649169922,-396.3977661132813,2915.462890625,-110.54264831542967,-155.18540954589844,2945.75439453125,44.64609146118164,-104.82190704345705,2800.737060546875,80.04899597167969,-193.6888427734375,2789.138671875,81.93688201904297,-95.7508316040039,2801.322265625,89.17963409423828,-206.72332763671875,2794.638916015625,192.5230255126953,45.76289367675781,2928.21142578125,223.95706176757812,415.78948974609375,2951.17138671875,234.4613037109375,755.2734985351562,3056.429443359375,255.49575805664065,906.7815551757812,2973.256591796875,31.648666381835938,39.20351028442383,2921.19287109375,-7.067941188812256,406.6227111816406,2961.70556640625,-31.062501907348633,748.9772338867188,3068.1513671875,-55.955596923828125,887.0079345703125,2990.76123046875,144.85324096679688,-530.0360717773438,2922.196533203125,139.20547485351562,-468.11962890625,2786.41064453125,168.9331512451172,-510.4469604492187,2791.956298828125,227.75299072265625,-560.3226928710938,2881.03125,120.41680908203124,-512.2418212890625,2789.9228515625,75.30438232421875,-583.298828125,2877.92138671875
107.43043518066406,42.44822692871094,2924.114501953125,112.58383178710938,-123.53648376464844,2921.878173828125,115.9236297607422,-255.13839721679688,2939.1513671875,131.18801879882812,-456.6627197265625,2940.419677734375,159.91632080078125,-421.2629699707031,2942.29150390625,281.140380859375,-367.3094177246094,2932.1455078125,343.8995666503906,-117.91154479980467,2938.433837890625,212.65167236328125,-131.66847229003906,2767.545654296875,159.2766876220703,-193.90345764160156,2731.306884765625,93.94078826904295,-139.7091522216797,2677.3408203125,142.134033203125,-184.8961639404297,2682.28369140625,97.4482879638672,-425.4512634277344,2940.085205078125,-19.363447189331055,-395.28814697265625,2919.27734375,-114.09134674072266,-152.5553436279297,2947.784423828125,42.840057373046875,-104.05528259277344,2803.471923828125,76.67566680908203,-193.68338012695312,2791.744140625,80.97523498535156,-95.68644714355467,2804.14697265625,77.28487396240234,-205.36216735839844,2792.809326171875,192.20814514160156,45.03559875488281,2927.435302734375,224.7600860595703,415.5023193359375,2951.566650390625,234.35910034179688,755.4558715820312,3057.35791015625,256.6798095703125,905.64697265625,2971.5771484375,30.982650756835938,40.11507797241211,2921.11962890625,-7.330138206481934,407.9279174804687,2963.95166015625,-29.91200065612793,750.8110961914062,3070.986572265625,-56.94502639770508,886.6932983398438,2990.05126953125,137.2972869873047,-531.503662109375,2928.416259765625,139.50665283203125,-463.564208984375,2795.165771484375,167.22994995117188,-507.42388916015625,2799.92919921875,220.5036773681641,-563.6697998046875,2888.953857421875,118.71632385253906,-507.0001525878906,2796.03564453125,67.203857421875,-579.8102416992188,2879.231201171875
106.66681671142578,43.82851028442383,2923.3154296875,111.35762786865234,-121.73097229003906,2920.695556640625,114.2906494140625,-253.0014190673828,2937.906982421875,127.76168060302734,-454.0753479003906,2942.568115234375,156.7075958251953,-418.98883056640625,2944.047119140625,277.8581237792969,-365.7420959472656,2933.83544921875,338.1990661621094,-116.38660430908205,2930.137939453125,211.33839416503903,-135.25894165039062,2757.148193359375,151.8342742919922,-196.84445190429688,2731.458251953125,94.6308822631836,-143.4077911376953,2668.706787109375,136.69114685058594,-187.7598571777344,2675.94287109375,94.38426971435548,-422.6676940917969,2941.499755859375,-21.838441848754883,-392.05706787109375,2919.936767578125,-112.5601806640625,-148.33358764648438,2946.691162109375,43.26115417480469,-102.92581939697266,2801.0390625,76.78269958496094,-192.56019592285156,2790.595947265625,81.75155639648438,-94.6507797241211,2801.266357421875,77.55201721191406,-207.6519012451172,2802.71630859375,191.22503662109375,46.16975784301758,2926.762451171875,224.65695190429688,415.3922424316406,2953.617431640625,234.7546844482422,754.9718627929688,3057.421630859375,254.97427368164065,904.6242065429688,2971.10302734375,30.41695022583008,41.71730041503906,2920.207275390625,-7.409311771392822,408.5328979492187,2963.593505859375,-30.831932067871097,750.4451293945312,3070.4013671875,-56.88747024536133,888.1441040039062,2993.127197265625,133.28500366210938,-528.9573974609375,2931.86181640625,137.5100860595703,-459.9454040527344,2799.65283203125,165.69033813476562,-503.324462890625,2804.64599609375,217.61473083496097,-559.4599609375,2894.12939453125,117.40320587158205,-503.5722961425781,2799.659423828125,65.2301254272461,-577.6981811523438,2880.79052734375
106.0912628173828,44.52656555175781,2924.59765625,111.38900756835938,-121.04120635986328,2921.861328125,114.51313018798828,-252.39920043945312,2938.537841796875,129.90757751464844,-453.4237976074219,2938.536376953125,158.53427124023438,-418.0990905761719,2940.6591796875,279.94000244140625,-364.945068359375,2933.0234375,338.6794738769531,-115.1360092163086,2932.24267578125,204.6128387451172,-132.2307891845703,2764.537353515625,164.1697998046875,-183.23724365234375,2703.22705078125,84.68074798583984,-142.26882934570312,2657.708251953125,132.8203125,-184.64920043945312,2673.23193359375,96.22431182861328,-422.31488037109375,2938.3662109375,-19.879310607910156,-390.3270568847656,2918.07958984375,-111.74029541015624,-147.99586486816406,2952.8359375,33.684471130371094,-93.6000518798828,2799.650146484375,61.928184509277344,-171.61672973632812,2750.80419921875,80.077880859375,-87.02982330322266,2798.1728515625,75.13361358642578,-207.7589569091797,2790.447265625,190.5876312255859,47.150299072265625,2929.43505859375,224.7442321777344,416.593017578125,2953.035888671875,234.61427307128903,755.9215087890625,3057.886962890625,255.2887725830078,903.9232788085938,2968.814208984375,29.89717483520508,42.16062927246094,2920.235595703125,-7.223576545715332,409.3538513183594,2961.53271484375,-29.856426239013672,751.0771484375,3069.31884765625,-56.80277633666992,886.420166015625,2988.225341796875,136.07711791992188,-527.9993896484375,2926.09228515625,140.691650390625,-469.58746337890625,2788.8544921875,162.3181610107422,-516.39404296875,2795.425048828125,211.7875061035156,-573.7501220703125,2885.54931640625,114.2991943359375,-509.4572448730469,2793.5693359375,57.800899505615234,-568.90234375,2883.4482421875
106.5470962524414,43.81485748291016,2924.303466796875,111.5060577392578,-121.9262466430664,2921.517822265625,114.10977172851562,-253.41856384277344,2938.263916015625,127.23261260986328,-454.7164611816406,2944.18896484375,156.288330078125,-419.6376953125,2945.268310546875,277.326416015625,-366.4443664550781,2931.923828125,336.434814453125,-116.54769134521484,2925.334228515625,190.6895446777344,-134.6685333251953,2767.496337890625,167.08602905273438,-155.7271270751953,2683.76171875,72.20292663574219,-157.02430725097656,2650.8330078125,118.33185577392578,-177.9337158203125,2664.677734375,93.87193298339844,-423.2141418457031,2943.1044921875,-21.97393798828125,-390.8804931640625,2921.22900390625,-112.91571807861328,-149.94834899902344,2967.99658203125,32.27566909790039,-99.74148559570312,2812.864990234375,51.08279800415039,-171.0498809814453,2750.817138671875,76.29530334472656,-99.03382873535156,2813.469970703125,61.46019744873047,-179.4219970703125,2742.3974609375,191.0633087158203,46.2438850402832,2930.23583984375,225.15753173828125,416.0408020019531,2954.1611328125,235.5022430419922,756.18408203125,3057.504638671875,256.8183898925781,905.3458251953124,2970.19970703125,30.335105895996097,41.62449264526367,2918.9541015625,-6.714727878570557,408.7195129394531,2964.288818359375,-30.41759490966797,750.6843872070312,3072.259521484375,-55.69343948364258,886.13330078125,2990.495849609375,132.55441284179688,-529.765625,2933.936767578125,131.8007354736328,-460.5320739746094,2801.5830078125,158.2290496826172,-505.2326354980469,2804.818603515625,212.98684692382812,-564.0504150390625,2891.009033203125,109.7104034423828,-503.2336730957031,2802.822509765625,59.21124267578125,-575.2071533203125,2887.10107421875
106.54289245605467,43.815330505371094,2924.30078125,111.50159454345705,-121.92560577392578,2921.515625,114.10533905029295,-253.41796875,2938.260498046875,127.23133087158205,-454.7156066894531,2944.180908203125,156.28656005859375,-419.6364135742187,2945.259765625,277.3187561035156,-366.43304443359375,2931.9033203125,336.4179992675781,-116.5350341796875,2925.294921875,190.6415100097656,-134.67042541503906,2767.488037109375,166.99034118652344,-155.7898712158203,2683.782470703125,72.08988189697266,-157.03359985351562,2650.902099609375,118.16024780273438,-177.99977111816406,2664.7705078125,93.87018585205078,-423.2137451171875,2943.098876953125,-21.975688934326172,-390.8796691894531,2921.224609375,-112.90447235107422,-149.94082641601562,2967.9814453125,32.28437805175781,-99.75181579589844,2812.841796875,51.038795471191406,-171.05064392089844,2750.76708984375,76.30428314208984,-99.0633316040039,2813.43115234375,61.40257263183594,-179.3824462890625,2742.31591796875,191.05905151367188,46.24424362182617,2930.232177734375,225.15219116210935,416.0411071777344,2954.154052734375,235.49688720703125,756.18505859375,3057.494140625,256.8114318847656,905.3448486328124,2970.18603515625,30.33094024658203,41.62507247924805,2918.95166015625,-6.7207441329956055,408.7200317382813,2964.281982421875,-30.429237365722656,750.6869506835938,3072.24365234375,-55.705039978027344,886.13330078125,2990.47607421875,132.55372619628906,-529.7643432617188,2933.927001953125,131.79605102539062,-460.5355529785156,2801.57080078125,158.2264404296875,-505.2347106933594,2804.807861328125,212.98744201660156,-564.046875,2891.0,109.7077407836914,-503.2380676269531,2802.81201171875,59.21249771118164,-575.2109375,2887.093505859375
106.54067993164062,43.81485748291016,2924.2998046875,111.4990005493164,-121.9263687133789,2921.514892578125,114.1025161743164,-253.41891479492188,2938.260009765625,127.227783203125,-454.7169189453125,2944.180908203125,156.2832489013672,-419.6377868652344,2945.2587890625,277.3138427734375,-366.431884765625,2931.89599609375,336.407470703125,-116.53243255615234,2925.275390625,190.62088012695312,-134.6761932373047,2767.478271484375,166.9593048095703,-155.80140686035156,2683.777099609375,72.05352020263672,-157.04449462890625,2650.91162109375,118.1128158569336,-178.02015686035156,2664.78173828125,93.86670684814452,-423.21484375,2943.099609375,-21.97962188720703,-390.8802795410156,2921.227294921875,-112.90731811523438,-149.94009399414062,2967.9814453125,32.28078842163086,-99.75542449951172,2812.83935546875,51.03043365478515,-171.05380249023438,2750.76220703125,76.29834747314453,-99.06748962402344,2813.427001953125,61.390281677246094,-179.37095642089844,2742.3017578125,191.05699157714844,46.243595123291016,2930.231201171875,225.15011596679688,416.041259765625,2954.150146484375,235.49620056152344,756.1865844726562,3057.487548828125,256.8063659667969,905.3443603515624,2970.17431640625,30.32858657836914,41.624755859375,2918.950927734375,-6.723493576049805,408.7205810546875,2964.279296875,-30.434162139892575,750.6892700195312,3072.23681640625,-55.709754943847656,886.1310424804688,2990.461181640625,132.5496063232422,-529.765869140625,2933.927001953125,131.77191162109375,-460.5457763671875,2801.566162109375,158.2102508544922,-505.2402648925781,2804.804443359375,212.9867401123047,-564.037353515625,2890.9970703125,109.69100189208984,-503.2521362304687,2802.8115234375,59.21324157714844,-575.228271484375,2887.100830078125
105.9032211303711,43.81362533569336,2924.76904296875,110.41095733642578,-121.78248596191406,2921.609619140625,113.00598907470705,-253.2357635498047,2937.695068359375,123.44410705566406,-454.5284118652344,2942.822509765625,152.93516540527344,-419.8744201660156,2944.05517578125,274.3304443359375,-367.32525634765625,2932.766357421875,338.3944396972656,-118.98711395263672,2923.314208984375,186.42578125,-127.94735717773438,2770.921630859375,156.6735076904297,-148.85162353515625,2689.219482421875,60.91008377075195,-160.27366638183594,2661.48291015625,78.40916442871094,-187.08718872070312,2713.27294921875,90.53496551513672,-422.6112365722656,2941.846923828125,-24.771652221679688,-388.5547180175781,2920.362060546875,-115.5653305053711,-147.7998046875,2966.99560546875,34.50861740112305,-97.8936996459961,2816.77099609375,49.70345687866211,-179.7529754638672,2768.399169921875,72.52672576904297,-96.28026580810548,2815.73876953125,57.591461181640625,-179.18997192382812,2752.95361328125,190.43785095214844,46.02946090698242,2929.23974609375,225.37757873535156,415.3992919921875,2953.271728515625,233.86795043945312,755.3645629882812,3056.254638671875,257.4183349609375,905.4579467773438,2971.473388671875,29.67463493347168,41.81550598144531,2920.738037109375,-6.602663516998291,409.0252990722656,2962.8798828125,-30.38060760498047,750.990966796875,3069.736572265625,-55.34419250488281,885.8292846679688,2987.1572265625,127.77164459228516,-529.5319213867188,2932.28466796875,124.86019897460938,-460.8177795410156,2799.843505859375,152.0125274658203,-505.0315856933594,2803.009765625,208.3405914306641,-562.6153564453125,2888.874267578125,103.49788665771484,-503.8293151855469,2801.39013671875,54.88113021850586,-576.2708129882812,2886.212646484375
105.81240844726562,43.452430725097656,2924.480224609375,110.39605712890624,-122.32923889160156,2921.201171875,113.0709991455078,-253.97872924804688,2936.9150390625,124.14517211914062,-455.48577880859375,2941.327392578125,153.56832885742188,-420.7070617675781,2942.5966796875,274.72674560546875,-367.4586486816406,2930.29541015625,336.67987060546875,-118.3874282836914,2918.3896484375,183.44876098632812,-127.9319076538086,2766.950927734375,153.0812530517578,-146.06570434570312,2684.70263671875,57.59852981567383,-158.55926513671875,2656.058837890625,77.37281036376953,-188.24087524414065,2706.15576171875,91.09915924072266,-423.6289978027344,2940.5537109375,-24.4448184967041,-389.7610168457031,2919.250732421875,-117.22840881347656,-149.63754272460938,2966.8935546875,33.015438079833984,-96.65109252929688,2817.532958984375,46.15492248535156,-178.12167358398438,2767.705322265625,70.03968811035156,-95.57320404052734,2816.359130859375,56.46787643432617,-175.75640869140625,2750.619873046875,190.4439392089844,45.70420837402344,2928.938720703125,225.12364196777344,415.5430908203125,2952.727783203125,233.8539123535156,755.904296875,3055.78857421875,255.92303466796875,905.3905029296876,2969.147216796875,29.49644660949707,41.421905517578125,2920.459716796875,-7.032375812530518,408.9537963867187,2963.322509765625,-30.83891487121582,751.0000610351562,3071.292236328125,-56.184234619140625,886.4190063476562,2989.427001953125,128.67477416992188,-530.525146484375,2930.507568359375,122.5417251586914,-465.5309143066406,2796.1201171875,151.74635314941406,-508.3887634277344,2800.435791015625,210.77120971679688,-561.034912109375,2887.82958984375,103.17204284667967,-509.47808837890625,2798.8564453125,57.93292236328125,-581.8677978515625,2885.7666015625
106.01902770996094,42.57966232299805,2924.66552734375,110.87590789794922,-123.12374877929688,2921.656005859375,113.80408477783205,-254.738037109375,2937.107666015625,125.44132995605467,-456.15960693359375,2939.115966796875,154.75596618652344,-421.331787109375,2940.75244140625,276.110595703125,-368.66168212890625,2928.5498046875,338.4706726074219,-119.9835205078125,2913.4931640625,184.09869384765625,-126.9024887084961,2763.214599609375,154.49790954589844,-141.66595458984375,2680.062255859375,56.32276916503906,-156.25067138671875,2664.789794921875,77.8338851928711,-188.5801696777344,2704.931396484375,92.32059478759766,-424.4031677246094,2938.76904296875,-23.063928604125977,-390.0701293945313,2917.6669921875,-121.2145538330078,-153.88006591796875,2972.949951171875,30.769989013671875,-87.81281280517578,2830.88720703125,50.12285614013672,-174.40188598632812,2793.3076171875,72.94963836669922,-85.1545639038086,2828.76025390625,60.097206115722656,-188.6541748046875,2792.5107421875,190.61050415039065,44.97904968261719,2929.072265625,224.74456787109375,414.8060607910156,2951.118408203125,233.73049926757812,753.8931274414062,3057.73681640625,255.85118103027344,903.3030395507812,2971.13623046875,29.739171981811523,40.4160270690918,2920.69140625,-7.1221442222595215,407.9006958007813,2962.1845703125,-31.26443862915039,749.5700073242188,3070.72705078125,-56.39083480834961,887.3380126953125,2992.959228515625,130.16140747070312,-531.0184936523438,2927.406982421875,113.96448516845705,-473.8077392578125,2790.417724609375,145.01817321777344,-515.2542114257812,2795.288330078125,210.8426513671875,-560.8112182617188,2881.73046875,96.5345230102539,-518.1927490234375,2796.589111328125,59.13832092285156,-587.2570190429688,2889.63916015625
105.4580307006836,42.27081680297851,2923.412109375,109.42745971679688,-123.61033630371094,2921.39306640625,111.2791519165039,-255.13812255859375,2938.601806640625,122.67161560058594,-456.7040100097656,2943.052734375,152.01803588867188,-421.8575439453125,2944.782470703125,275.26629638671875,-372.5395202636719,2937.21875,343.6496276855469,-125.7844696044922,2914.79931640625,177.9678192138672,-117.3720932006836,2776.89013671875,161.93421936035156,-137.8105010986328,2691.1748046875,71.77008819580078,-161.52423095703125,2653.6337890625,83.02092742919922,-189.25973510742188,2711.745361328125,89.5679702758789,-424.8967895507813,2941.806884765625,-26.37662696838379,-392.8927917480469,2919.55126953125,-123.30432891845705,-152.18922424316406,2955.009033203125,38.953861236572266,-76.6570053100586,2829.737060546875,47.06246566772461,-151.06356811523438,2768.92626953125,82.30355834960938,-73.22634887695312,2818.512939453125,66.85010528564453,-186.16714477539065,2786.955322265625,190.0463104248047,44.22404479980469,2929.239013671875,223.59768676757812,414.4114074707031,2951.399169921875,234.52984619140625,754.7018432617188,3054.952392578125,255.47447204589844,906.8258666992188,2972.5947265625,29.181062698364254,40.50950241088867,2918.15771484375,-6.642021179199219,407.9471130371094,2963.582763671875,-30.514631271362305,750.0444946289062,3071.833740234375,-55.68879699707031,887.796875,2993.77734375,127.50542449951172,-531.7562866210938,2932.25,121.28909301757812,-464.203369140625,2799.070068359375,151.13174438476562,-506.70318603515625,2802.755615234375,210.38397216796875,-560.17333984375,2889.553955078125,102.5733642578125,-508.5035095214844,2800.80712890625,57.84415435791016,-583.3016967773438,2885.989990234375
105.55590057373048,42.924537658691406,2924.938232421875,109.6814956665039,-122.7244110107422,2922.53564453125,111.9307098388672,-254.10076904296875,2939.47705078125,121.97404479980467,-455.4796752929687,2943.27880859375,151.5266571044922,-420.8837890625,2944.91064453125,275.7003479003906,-374.6672668457031,2936.13525390625,343.31494140625,-128.4662628173828,2909.626953125,163.93746948242188,-108.66415405273438,2791.955078125,171.1042938232422,-142.6909942626953,2709.54638671875,81.64805603027344,-162.4418182373047,2668.53955078125,104.71554565429688,-184.0192718505859,2695.887939453125,89.12320709228516,-423.4892883300781,2942.3427734375,-26.77692413330078,-390.6730041503906,2922.026611328125,-122.0373764038086,-150.63352966308594,2963.4091796875,39.16644287109375,-82.06387329101562,2833.3740234375,41.96161651611328,-157.79690551757812,2773.94580078125,90.60466766357422,-86.03909301757812,2821.03955078125,65.12060546875,-172.64715576171875,2765.232421875,190.1040954589844,44.963714599609375,2929.526611328125,223.9407196044922,414.68695068359375,2950.562744140625,234.39064025878903,754.5626831054688,3053.8837890625,257.13909912109375,907.5464477539062,2974.13427734375,29.3150691986084,41.085723876953125,2920.80078125,-6.75174617767334,408.1905212402344,2964.60107421875,-31.53902244567871,750.1036987304688,3071.61572265625,-56.549041748046875,890.7567138671875,2999.335693359375,126.2226104736328,-530.4306640625,2932.247314453125,113.0999755859375,-465.47509765625,2798.50341796875,144.15953063964844,-507.0453796386719,2801.718505859375,208.03317260742188,-557.348876953125,2886.90185546875,95.69396209716795,-510.15716552734375,2801.68359375,56.35506057739258,-584.5208740234375,2889.62744140625
105.65694427490234,42.96636962890625,2925.44091796875,110.02757263183594,-122.76668548583984,2920.88134765625,112.3219985961914,-254.4601593017578,2936.116943359375,124.95446014404295,-455.7915954589844,2942.55517578125,154.096923828125,-420.7774963378906,2943.566162109375,278.67938232421875,-374.68511962890625,2939.610107421875,337.0419616699219,-127.7384033203125,2899.50537109375,163.15335083007812,-107.4504852294922,2773.639404296875,164.1435546875,-147.41749572753906,2693.545166015625,66.28968048095703,-160.4163818359375,2674.93798828125,103.39948272705078,-177.4972686767578,2676.327880859375,91.66796875,-424.2086181640625,2941.36962890625,-25.550701141357425,-393.5927429199219,2924.956787109375,-125.020263671875,-153.83323669433594,2958.708740234375,37.09708023071289,-85.03467559814453,2829.63427734375,36.52369689941406,-160.0983123779297,2769.1748046875,90.81642150878906,-95.3917236328125,2820.306640625,58.428409576416016,-149.1848602294922,2747.42822265625,190.2327880859375,45.05135726928711,2930.726318359375,224.10092163085935,415.0880126953125,2951.58154296875,234.2940216064453,755.0718994140625,3055.57080078125,257.0501708984375,904.0047607421876,2968.207763671875,29.391183853149418,41.08624267578125,2920.675048828125,-6.963491439819336,408.7414855957031,2962.13671875,-31.629152297973633,750.308349609375,3071.25146484375,-55.72028350830078,888.4595947265625,2993.73388671875,130.10169982910156,-530.8854370117188,2932.493408203125,104.47471618652344,-469.24847412109375,2798.85400390625,137.71754455566406,-509.2433166503906,2800.549072265625,209.8376617431641,-554.765869140625,2881.88525390625,89.5403060913086,-514.6786499023438,2803.993896484375,60.11826705932617,-589.14404296875,2895.782470703125
105.76905822753906,42.95365905761719,2925.6767578125,110.21810150146484,-122.79754638671876,2921.1142578125,112.57479858398438,-254.5101318359375,2936.316162109375,125.22798919677734,-455.8704528808594,2942.58349609375,154.35972595214844,-420.8460388183594,2943.780029296875,278.9576416015625,-374.7039489746094,2940.38232421875,337.9752502441406,-127.9365692138672,2899.93212890625,163.78579711914062,-108.62353515625,2774.283935546875,163.8663330078125,-151.691650390625,2695.794677734375,68.83921813964844,-167.901123046875,2667.507568359375,105.2779769897461,-182.5612030029297,2678.9853515625,91.93566131591795,-424.29052734375,2941.269287109375,-24.851306915283203,-392.9512939453125,2923.12451171875,-124.17853546142578,-152.2777557373047,2950.422607421875,42.44876480102539,-85.4346923828125,2826.10595703125,43.79076385498047,-160.77548217773438,2765.986083984375,96.93511962890624,-96.01372528076172,2818.2646484375,67.0568618774414,-152.06155395507812,2745.5478515625,190.35369873046875,45.07828521728515,2930.97216796875,223.9968719482422,415.191650390625,2951.64306640625,234.14138793945312,755.0673217773438,3056.138427734375,256.9922790527344,904.989013671875,2970.46533203125,29.495372772216797,41.03779220581055,2920.90185546875,-6.746113300323486,408.7166137695313,2962.66162109375,-30.97809600830078,750.8411865234375,3070.2607421875,-56.482810974121094,886.0467529296875,2988.099853515625,130.4447784423828,-530.96044921875,2932.458984375,108.82705688476562,-466.0279846191406,2799.653564453125,140.96987915039062,-506.9292907714844,2801.112548828125,210.4164581298828,-555.9678955078125,2882.751953125,92.60636901855467,-511.1399841308594,2803.6181640625,59.5993766784668,-586.5955810546875,2893.376220703125
105.73633575439452,41.68460464477539,2926.333251953125,108.94031524658205,-124.50445556640624,2923.11328125,110.19664764404295,-256.4042663574219,2939.41796875,120.96037292480467,-458.3981628417969,2943.109619140625,150.50650024414062,-423.59466552734375,2944.525390625,274.4939880371094,-375.4817199707031,2936.9091796875,338.8484802246094,-128.52479553222656,2902.48583984375,167.04071044921875,-111.01629638671876,2772.52490234375,160.5532989501953,-151.75563049316406,2692.8369140625,59.926815032958984,-155.07862854003906,2691.318115234375,98.0202407836914,-179.89486694335938,2680.0185546875,87.89302062988281,-426.412353515625,2942.431884765625,-29.314146041870117,-395.0263671875,2925.224365234375,-122.79779052734376,-152.45753479003906,2960.837158203125,36.8277587890625,-82.85814666748047,2828.2470703125,26.952306747436523,-151.470458984375,2760.9443359375,87.67735290527344,-95.63766479492188,2815.63525390625,56.473487854003906,-147.9941864013672,2739.978515625,190.4954833984375,43.2066650390625,2932.114990234375,223.87831115722656,414.2994384765625,2950.82470703125,235.11489868164065,755.3682250976562,3054.072509765625,257.1546936035156,907.8260498046876,2971.9287109375,29.305278778076172,40.31209564208984,2921.119140625,-6.477728366851807,408.7411804199219,2964.182861328125,-31.94697952270508,751.0012817382812,3073.782470703125,-55.789695739746094,886.6575927734375,2991.15478515625,125.38231658935548,-533.5739135742188,2931.993408203125,112.5790023803711,-459.5072937011719,2802.48388671875,142.5105438232422,-502.22308349609375,2802.58837890625,206.06190490722656,-559.958984375,2883.728271484375,93.8202896118164,-503.9176940917969,2803.02490234375,53.190162658691406,-582.8916015625,2886.80712890625
105.22624969482422,40.78506088256836,2927.071533203125,108.88892364501952,-125.42745208740234,2922.865966796875,110.68090057373048,-257.4624938964844,2938.364013671875,123.03158569335938,-459.3820495605469,2944.1962890625,152.3151092529297,-424.323974609375,2945.21923828125,275.7958068847656,-374.7930603027344,2937.68896484375,341.0790710449219,-127.76717376708984,2904.912109375,166.73831176757812,-113.80081176757812,2777.807861328125,154.18467712402344,-150.50047302246094,2696.8583984375,56.11153793334961,-156.16717529296875,2674.603515625,101.51731872558594,-182.79916381835935,2682.199462890625,89.7034912109375,-427.6542663574219,2943.2041015625,-27.68162727355957,-396.4499206542969,2926.601318359375,-122.3657455444336,-153.14187622070312,2953.595947265625,42.01242446899414,-83.31906127929688,2826.94384765625,30.55760955810547,-147.22372436523438,2755.347900390625,94.2477035522461,-97.5918197631836,2812.64208984375,60.84285736083984,-148.0799102783203,2735.94921875,190.05711364746097,42.527061462402344,2932.103759765625,222.80636596679688,413.79888916015625,2950.83837890625,234.9454040527344,754.4849853515625,3055.642578125,254.468505859375,906.7907104492188,2972.463623046875,28.730525970458984,39.21421813964844,2922.53369140625,-6.597909927368164,408.020263671875,2963.773193359375,-30.258583068847656,751.0333251953125,3071.804443359375,-57.04776382446289,886.5230102539062,2989.70458984375,128.03558349609375,-534.6597900390625,2933.873291015625,112.86193084716795,-457.8424682617187,2806.177734375,146.93991088867188,-497.3523254394531,2806.26220703125,212.81332397460935,-551.213134765625,2888.267333984375,98.6740951538086,-503.9098205566406,2804.594482421875,62.98744583129883,-589.3795776367188,2884.208251953125
105.78150177001952,42.106231689453125,2926.634521484375,110.14069366455078,-123.888671875,2923.369140625,112.4498062133789,-255.64727783203125,2939.61328125,125.03533172607422,-457.1798400878906,2948.279541015625,154.22531127929688,-422.1149597167969,2948.9677734375,278.2029113769531,-374.3728942871094,2941.196044921875,341.3338623046875,-127.19622039794922,2908.040283203125,168.0929718017578,-113.79371643066406,2779.866455078125,158.4630584716797,-156.09585571289062,2701.421630859375,58.392486572265625,-157.58062744140625,2711.539306640625,116.83003997802734,-181.35243225097656,2679.3134765625,91.71302032470705,-425.5598449707031,2946.6826171875,-25.50281524658203,-395.4993591308594,2928.098388671875,-121.98876953125,-152.7682342529297,2950.030517578125,46.308876037597656,-90.99880981445312,2824.85546875,27.487287521362305,-148.46524047851562,2749.626220703125,94.87830352783205,-108.56565856933594,2809.981201171875,64.4069595336914,-168.32369995117188,2734.38818359375,190.48146057128903,44.22873306274414,2931.81005859375,223.4177093505859,414.9167175292969,2951.825927734375,234.67909240722656,754.84716796875,3057.559814453125,256.8755187988281,905.716796875,2972.935302734375,29.40383529663086,40.19227600097656,2921.967529296875,-7.185097694396973,408.2014770507813,2964.707275390625,-30.32736587524414,751.2600708007812,3071.09130859375,-56.62957000732422,886.0520629882812,2988.10986328125,130.19017028808594,-532.4846801757812,2939.033203125,114.64073944091795,-462.4336853027344,2807.775390625,144.59886169433594,-505.0599670410156,2808.549560546875,209.81930541992188,-560.21875,2889.984619140625,95.9791488647461,-506.7781677246094,2810.03662109375,57.22919464111328,-583.1484375,2896.888427734375
106.07157135009766,42.62305450439453,2925.72607421875,110.76325225830078,-123.36066436767578,2921.707763671875,112.9813003540039,-255.21194458007812,2937.293212890625,124.62372589111328,-456.8979187011719,2943.864013671875,153.97393798828125,-421.9736328125,2945.002685546875,278.085693359375,-374.3114318847656,2938.854248046875,340.8947448730469,-125.98358154296876,2914.7529296875,170.12075805664062,-121.9216766357422,2782.660400390625,153.94064331054688,-153.21473693847656,2700.2216796875,56.47617721557617,-164.02294921875,2677.76513671875,111.21833038330078,-182.1807403564453,2679.951171875,91.4477767944336,-425.1073303222656,2942.509765625,-25.864011764526367,-394.6319885253906,2925.1787109375,-123.7947998046875,-153.18820190429688,2954.08056640625,44.58177947998047,-96.0372085571289,2826.80224609375,18.598283767700195,-146.57437133789062,2748.773193359375,77.8542251586914,-109.34786987304688,2818.63623046875,52.829383850097656,-157.3155517578125,2727.925048828125,190.6615295410156,44.849510192871094,2932.5234375,224.90408325195312,415.5906372070313,2949.772705078125,233.73703002929688,755.7094116210938,3055.2353515625,258.9285888671875,903.8427124023438,2966.67578125,29.79307556152344,40.615360260009766,2919.596923828125,-6.1644392013549805,408.34954833984375,2965.41015625,-30.881088256835938,750.7431640625,3073.671142578125,-55.73357009887695,887.1029052734375,2992.803955078125,129.46109008789062,-532.1303100585938,2933.83544921875,120.9184799194336,-460.7485046386719,2802.636962890625,148.62603759765625,-504.8642883300781,2803.919677734375,208.81329345703125,-563.68896484375,2886.669189453125,99.95574951171876,-504.08984375,2804.15234375,55.10816955566406,-578.7842407226562,2889.529052734375
106.1420669555664,42.74761199951172,2925.22216796875,110.82666778564452,-123.06089782714844,2921.487548828125,113.33917999267578,-254.61441040039065,2938.260986328125,124.82779693603516,-456.1163635253906,2943.871826171875,154.17039489746094,-421.2567138671875,2945.1728515625,278.1684265136719,-373.81591796875,2938.22314453125,342.8948974609375,-125.90518951416016,2918.26220703125,174.91273498535156,-123.74272918701172,2782.970458984375,155.48260498046875,-160.57127380371094,2703.688232421875,55.474334716796875,-166.14028930664062,2695.58740234375,109.6838836669922,-183.35980224609375,2685.116455078125,91.71041107177734,-424.331298828125,2942.6708984375,-25.50649642944336,-393.9489440917969,2925.48193359375,-120.70830535888672,-151.96885681152344,2956.346923828125,46.67905044555664,-100.0900650024414,2825.955078125,19.382144927978516,-151.39295959472656,2749.01220703125,80.8765869140625,-114.58143615722656,2816.98193359375,55.57496643066406,-162.45326232910156,2727.7490234375,190.75303649902344,45.021846771240234,2930.384765625,224.6903076171875,415.062255859375,2953.479248046875,234.18992614746097,755.3031616210938,3057.158447265625,259.14422607421875,902.9073486328124,2968.026123046875,29.84461975097656,40.69683837890625,2920.566650390625,-7.2345733642578125,408.5841064453125,2960.576904296875,-30.229625701904297,749.891357421875,3071.309326171875,-55.74262237548828,884.9883422851562,2988.891845703125,129.60662841796875,-531.2215576171875,2933.498779296875,119.7897491455078,-461.6710510253906,2801.594482421875,156.28648376464844,-498.4806213378906,2806.3544921875,218.57598876953125,-543.594482421875,2895.7109375,108.99584197998048,-508.5589904785156,2801.2275390625,72.90304565429688,-592.5341186523438,2881.804931640625
107.9774932861328,43.93559646606445,2924.943603515625,111.00811004638672,-121.608154296875,2920.145751953125,111.8470687866211,-253.1818084716797,2935.086669921875,122.07821655273438,-454.28656005859375,2944.21484375,151.58717346191406,-419.6492309570313,2944.885986328125,276.58905029296875,-375.218994140625,2940.855712890625,342.77142333984375,-128.04766845703125,2922.02490234375,182.07504272460935,-124.71446990966795,2778.71533203125,151.4110565185547,-162.54539489746094,2703.73876953125,51.35853576660156,-166.20477294921875,2697.3466796875,110.52122497558594,-182.1608734130859,2686.298095703125,89.21160888671875,-422.3764953613281,2942.476806640625,-27.88113021850586,-391.1949768066406,2927.454345703125,-117.63436889648438,-148.14320373535156,2962.281005859375,41.93499755859375,-97.19768524169922,2822.654052734375,8.988738059997559,-140.7995147705078,2743.408203125,84.2193832397461,-101.2901611328125,2793.443115234375,51.45730209350586,-154.7501983642578,2713.6708984375,192.3298492431641,45.27521133422851,2932.00390625,224.2373046875,415.0540161132813,2952.0087890625,234.28057861328125,754.8519897460938,3055.059326171875,255.45945739746097,904.6167602539062,2969.178955078125,31.913257598876953,42.72760772705078,2918.576904296875,-5.7466139793396,409.2531127929687,2964.383544921875,-32.11688995361328,750.8225708007812,3071.5595703125,-55.588253021240234,886.0559692382812,2989.27685546875,126.3793716430664,-529.4653930664062,2935.175537109375,127.2783432006836,-459.5704956054687,2803.371826171875,156.4935302734375,-502.3283996582031,2807.71337890625,210.8611297607422,-557.8177490234375,2896.136962890625,108.1635971069336,-503.6393432617187,2803.36474609375,58.76737594604492,-579.4201049804688,2884.69873046875
107.96617889404295,43.87449264526367,2924.997314453125,110.9936752319336,-121.6795425415039,2920.19189453125,111.82625579833984,-253.2579345703125,2935.16552734375,122.09474182128906,-454.36810302734375,2944.412109375,151.59849548339844,-419.7223815917969,2945.073486328125,276.6098327636719,-375.2886657714844,2941.101318359375,342.85992431640625,-128.12033081054688,2922.249755859375,182.1884765625,-124.90338134765624,2778.88916015625,151.390625,-163.1185302734375,2704.156005859375,51.33414840698242,-166.73692321777344,2697.703857421875,110.3555679321289,-183.0089569091797,2687.007568359375,89.22034454345703,-422.4634704589844,2942.64453125,-27.89369201660156,-391.3712463378906,2927.540771484375,-117.92762756347656,-148.3292694091797,2961.830322265625,41.92812728881836,-97.86463928222656,2822.334716796875,9.26314640045166,-142.16969299316406,2743.35595703125,84.38521575927734,-102.50727081298828,2793.445068359375,52.17273712158203,-157.03907775878906,2714.10107421875,192.3236541748047,45.21210861206055,2932.06103515625,224.2722625732422,415.005859375,2952.15966796875,234.27391052246097,754.7876586914062,3055.3447265625,255.6579132080078,904.7341918945312,2969.810791015625,31.897321701049805,42.66830062866211,2918.627685546875,-5.730040550231934,409.2088317871094,2964.5302734375,-31.98174095153809,750.75146484375,3071.896240234375,-55.57386016845703,886.11328125,2989.840087890625,126.4140167236328,-529.555908203125,2935.416259765625,127.18120574951172,-459.8277282714844,2803.512939453125,156.53793334960938,-502.48443603515625,2807.933837890625,211.02589416503903,-557.67822265625,2896.47802734375,108.21300506591795,-503.9631042480469,2803.54931640625,59.00470352172851,-579.8065795898438,2884.9501953125
106.2109146118164,44.0303955078125,2925.1259765625,109.72761535644533,-121.35173034667967,2922.42431640625,111.86051940917967,-252.52145385742188,2939.25634765625,124.36821746826172,-453.4422302246094,2942.042236328125,153.47735595703125,-418.5562744140625,2943.3154296875,275.5902404785156,-368.44195556640625,2931.05322265625,345.5903625488281,-123.22980499267578,2956.369873046875,220.3018341064453,-139.3829345703125,2782.2939453125,149.48841857910156,-169.18939208984375,2736.78857421875,64.95988464355469,-159.9066162109375,2683.78564453125,135.00881958007812,-178.4934539794922,2708.251708984375,91.17912292480467,-421.9009094238281,2941.797119140625,-25.61504364013672,-390.8109436035156,2925.5078125,-120.82231903076172,-149.4908905029297,2955.146484375,42.15285873413086,-114.3326187133789,2814.996337890625,13.762986183166504,-169.02352905273438,2741.192138671875,77.06385040283203,-116.29082489013672,2795.164306640625,58.23515319824219,-174.14093017578125,2710.162841796875,190.6983184814453,45.77920150756836,2928.04833984375,223.12139892578125,414.61822509765625,2955.04443359375,234.8846893310547,754.4654541015625,3056.261474609375,256.3614807128906,902.1693725585938,2967.362548828125,30.024892807006836,42.45341491699219,2922.490966796875,-7.247421741485596,409.01568603515625,2964.545654296875,-30.02137756347656,750.9126586914062,3070.042236328125,-55.87837219238281,884.5693969726562,2986.285888671875,129.32188415527344,-528.167236328125,2930.64697265625,128.9966278076172,-461.6705627441406,2797.294921875,154.42417907714844,-506.752197265625,2801.19384765625,208.4650726318359,-564.9183349609375,2887.892333984375,106.06121826171876,-503.7520446777344,2799.53076171875,54.82797622680664,-572.8059692382812,2885.373779296875
106.40221405029295,44.93592834472656,2924.907958984375,109.45254516601562,-120.46121215820312,2921.749267578125,110.8494873046875,-251.72189331054688,2938.027587890625,123.13770294189452,-452.6127624511719,2943.683349609375,152.26853942871094,-417.7336730957031,2944.76904296875,275.0408020019531,-368.911376953125,2933.830078125,341.8943176269531,-121.8564682006836,2947.074462890625,219.58425903320312,-136.45144653320312,2770.7353515625,149.08502197265625,-170.0088348388672,2727.39013671875,65.65311431884766,-158.82778930664062,2673.01806640625,131.1510467529297,-179.0719451904297,2700.131591796875,89.98008728027344,-421.0478515625,2942.677001953125,-26.761293411254883,-390.2688293457031,2925.374267578125,-118.32829284667967,-147.90655517578125,2958.018798828125,39.367401123046875,-117.3193130493164,2810.9013671875,6.840851306915283,-171.75856018066406,2738.62353515625,78.53719329833984,-118.47412872314452,2780.1298828125,50.51368713378906,-173.02476501464844,2703.12646484375,190.82725524902344,46.40506362915039,2929.509521484375,223.60536193847656,415.5574951171875,2951.810546875,234.6196746826172,753.9946899414062,3057.826416015625,254.6506500244141,901.38916015625,2968.052734375,30.272445678710938,43.611141204833984,2920.758544921875,-7.909186363220215,410.048828125,2963.353271484375,-31.293197631835938,750.7184448242188,3072.7177734375,-55.90853118896485,884.4591674804688,2988.6962890625,128.13330078125,-527.4968872070312,2933.359130859375,125.97180938720705,-458.767578125,2801.14697265625,159.25439453125,-498.2029113769531,2806.7763671875,216.17933654785156,-547.17529296875,2897.2412109375,111.5324478149414,-504.5249328613281,2800.964111328125,67.72959899902344,-584.4203491210938,2881.35546875
106.20767974853516,44.80134201049805,2924.8740234375,109.2267608642578,-120.70591735839844,2921.66796875,110.59939575195312,-252.07388305664065,2937.7998046875,123.10433959960938,-453.0953369140625,2943.115966796875,152.21559143066406,-418.1636962890625,2944.30419921875,275.0946350097656,-369.2582702636719,2933.874755859375,343.006103515625,-122.39697265625,2948.576904296875,220.3825836181641,-136.04501342773438,2772.20458984375,149.07980346679688,-169.9112091064453,2730.315673828125,64.53810119628906,-159.04307556152344,2677.493408203125,131.42776489257812,-178.632568359375,2702.512939453125,89.89204406738281,-421.5432434082031,2942.120849609375,-27.11398124694824,-391.4070434570313,2924.900390625,-120.258544921875,-149.3282470703125,2956.56494140625,37.1160888671875,-118.36062622070312,2808.96875,4.308905601501465,-172.7491912841797,2736.6943359375,75.11891174316406,-119.465576171875,2779.8466796875,47.57184219360352,-174.31634521484375,2701.24755859375,190.6879425048828,46.25267791748047,2929.504638671875,223.658203125,415.6212158203125,2952.069091796875,234.66000366210935,754.3184204101562,3058.048828125,256.05413818359375,902.4927978515624,2969.659423828125,30.028104782104492,43.49261093139648,2920.698486328125,-8.07729721069336,410.1919860839844,2963.26513671875,-31.44907569885254,751.1716918945312,3072.450439453125,-55.98183822631836,885.3417358398438,2988.887451171875,128.1976776123047,-528.0054321289062,2932.657470703125,135.10427856445312,-456.3180847167969,2802.076904296875,163.29661560058594,-499.6890563964844,2806.80078125,213.39678955078125,-557.47314453125,2896.198974609375,115.15567016601562,-499.9715576171875,2800.747314453125,61.47814178466797,-575.857666015625,2879.13427734375
105.49082946777344,44.04155349731445,2924.140869140625,108.33216857910156,-121.64574432373048,2920.23193359375,109.52588653564452,-253.18939208984375,2936.204833984375,121.88218688964844,-454.3576354980469,2944.395263671875,151.02708435058594,-419.3818054199219,2945.47216796875,273.6115417480469,-368.969482421875,2936.97265625,344.4569091796875,-122.8022689819336,2954.40283203125,212.257080078125,-142.4833221435547,2785.366455078125,151.31797790527344,-162.7767333984375,2723.08642578125,60.03508758544922,-154.99510192871094,2682.027587890625,133.64987182617188,-182.14138793945312,2699.159912109375,88.6613540649414,-422.77484130859375,2942.56298828125,-27.49867820739746,-390.0359802246094,2923.4658203125,-120.10491180419922,-147.55613708496094,2956.1259765625,40.12419128417969,-121.8160400390625,2810.2333984375,18.242650985717773,-166.44650268554688,2727.7177734375,89.25569152832031,-124.23698425292967,2781.693359375,59.080352783203125,-180.73582458496097,2703.881103515625,190.06686401367188,45.380828857421875,2928.849609375,223.58367919921875,415.1654357910156,2950.883056640625,235.4538726806641,754.6818237304688,3055.51904296875,256.5200500488281,905.8976440429688,2971.93603515625,29.22489547729492,42.833866119384766,2919.894775390625,-7.886491775512695,409.74566650390625,2965.17529296875,-31.00785446166992,751.6376953125,3072.9189453125,-60.13170623779297,883.557861328125,2986.927978515625,127.07405090332033,-529.4906005859375,2935.000732421875,134.35227966308594,-456.5719299316406,2804.92578125,162.76296997070312,-499.8948669433594,2809.440185546875,212.71340942382812,-558.2658081054688,2898.720458984375,114.60203552246094,-500.3592224121094,2803.1123046875,60.806156158447266,-577.2611694335938,2880.641845703125
105.49082946777344,44.04155349731445,2924.140869140625,108.33216857910156,-121.64574432373048,2920.23193359375,109.52588653564452,-253.18939208984375,2936.204833984375,121.88218688964844,-454.3576354980469,2944.395263671875,151.02708435058594,-419.3818054199219,2945.47216796875,273.6115417480469,-368.969482421875,2936.97265625,344.4569091796875,-122.8022689819336,2954.40283203125,212.257080078125,-142.4833221435547,2785.366455078125,151.31797790527344,-162.7767333984375,2723.08642578125,60.03508758544922,-154.99510192871094,2682.027587890625,133.64987182617188,-182.14138793945312,2699.159912109375,88.6613540649414,-422.77484130859375,2942.56298828125,-27.49867820739746,-390.0359802246094,2923.4658203125,-120.10491180419922,-147.55613708496094,2956.1259765625,40.12419128417969,-121.8160400390625,2810.2333984375,18.242650985717773,-166.44650268554688,2727.7177734375,89.25569152832031,-124.23698425292967,2781.693359375,59.080352783203125,-180.73582458496097,2703.881103515625,190.06686401367188,45.380828857421875,2928.849609375,223.58367919921875,415.1654357910156,2950.883056640625,235.4538726806641,754.6818237304688,3055.51904296875,256.5200500488281,905.8976440429688,2971.93603515625,29.22489547729492,42.833866119384766,2919.894775390625,-7.886491775512695,409.74566650390625,2965.17529296875,-31.00785446166992,751.6376953125,3072.9189453125,-60.13170623779297,883.557861328125,2986.927978515625,127.07405090332033,-529.4906005859375,2935.000732421875,134.35227966308594,-456.5719299316406,2804.92578125,162.76296997070312,-499.8948669433594,2809.440185546875,212.71340942382812,-558.2658081054688,2898.720458984375,114.60203552246094,-500.3592224121094,2803.1123046875,60.806156158447266,-577.2611694335938,2880.641845703125
102.82644653320312,43.93780899047851,2924.5693359375,108.73519134521484,-121.25284576416016,2917.9912109375,112.052490234375,-252.7638397216797,2931.562255859375,124.5213851928711,-453.3773193359375,2942.74462890625,153.57774353027344,-418.43505859375,2943.376220703125,276.9088134765625,-370.0184631347656,2939.4306640625,342.6799011230469,-122.4012222290039,2943.716552734375,190.56378173828125,-127.25514221191406,2791.76416015625,150.8942108154297,-168.8241729736328,2723.422119140625,60.064083099365234,-166.1620330810547,2681.21337890625,126.46085357666016,-181.10194396972656,2698.228515625,91.34678649902344,-421.91546630859375,2940.364013671875,-25.05561637878418,-390.3283386230469,2922.393798828125,-119.38861846923828,-150.304443359375,2963.08935546875,38.58388137817383,-127.29273986816406,2814.94775390625,8.674107551574707,-187.8595428466797,2746.540283203125,84.67951965332031,-127.10113525390624,2761.72705078125,47.537742614746094,-177.0705108642578,2706.37744140625,187.1010284423828,46.7048225402832,2930.782958984375,224.57725524902344,415.3799743652344,2952.5166015625,234.3550567626953,753.5865478515625,3059.18505859375,257.66693115234375,901.9990234375,2971.974365234375,26.83235740661621,41.44267272949219,2918.966064453125,-8.363227844238281,407.8315734863281,2963.93408203125,-30.22652244567871,749.1957397460938,3071.22705078125,-55.59895324707031,885.3643188476562,2991.49169921875,129.78614807128906,-528.4868774414062,2934.495361328125,130.7161865234375,-458.6408081054687,2802.884521484375,162.123046875,-499.6237487792969,2808.14306640625,216.7721405029297,-551.9424438476562,2898.1103515625,114.1613540649414,-503.6643676757813,2802.339599609375,66.75884246826172,-582.0862426757812,2882.106201171875
103.28053283691406,42.41147232055664,2923.402587890625,108.9695281982422,-123.39038848876952,2915.61279296875,112.15609741210938,-255.5357208251953,2928.12548828125,125.60458374023438,-456.8695373535156,2939.601318359375,154.6129913330078,-421.65338134765625,2940.2001953125,277.21441650390625,-369.9520263671875,2937.83837890625,338.3024597167969,-120.05695343017578,2938.307373046875,188.2936553955078,-121.39835357666016,2783.01708984375,146.9264678955078,-173.67477416992188,2723.088134765625,59.59809494018555,-169.40818786621094,2673.3486328125,123.76232147216795,-184.5950469970703,2696.262451171875,92.15324401855467,-425.4407958984375,2937.1640625,-24.928874969482425,-393.1169128417969,2921.829345703125,-118.76593017578124,-151.50604248046875,2960.894287109375,39.34229278564453,-127.1459732055664,2811.845458984375,11.840630531311035,-191.6665954589844,2745.538818359375,85.31470489501953,-128.89566040039062,2766.452392578125,48.773780822753906,-186.86520385742188,2708.377197265625,187.9046630859375,45.028900146484375,2929.493896484375,223.9686584472656,415.4338073730469,2949.273681640625,233.8776092529297,755.0586547851562,3056.104736328125,257.6063537597656,906.4517211914062,2972.84619140625,26.971227645874023,40.05122375488281,2917.90966796875,-8.410748481750488,408.0241394042969,2961.920166015625,-31.25414276123047,749.6316528320312,3072.923095703125,-55.92048645019531,887.140869140625,2994.00048828125,131.2417755126953,-532.2612915039062,2931.412841796875,130.55557250976562,-460.6213073730469,2800.095703125,159.60299682617188,-503.7471618652344,2803.47607421875,215.1097412109375,-560.8177490234375,2890.59375,111.07307434082033,-504.6681823730469,2799.873046875,62.29555892944336,-581.2646484375,2881.301513671875
103.15680694580078,41.922088623046875,2923.861328125,108.79666900634766,-123.89006042480467,2916.1748046875,111.9367446899414,-256.0142517089844,2928.95166015625,125.4530258178711,-457.3144226074219,2941.005126953125,154.45477294921875,-422.0891723632813,2941.448486328125,277.0665283203125,-370.4490356445313,2938.257080078125,337.8081970214844,-120.48111724853516,2935.252197265625,187.30999755859375,-123.78301239013672,2780.458984375,146.42105102539062,-176.25363159179688,2720.368408203125,58.397216796875,-171.1659393310547,2671.945068359375,123.86493682861328,-188.4779357910156,2694.0498046875,91.98931121826172,-425.9001159667969,2938.532470703125,-25.224462509155273,-393.9433898925781,2923.413330078125,-121.47102355957033,-153.0736846923828,2961.21240234375,37.53947448730469,-128.64620971679688,2813.130126953125,10.147948265075684,-192.9678649902344,2746.58154296875,79.67680358886719,-130.7709197998047,2779.349609375,46.6312141418457,-189.17364501953125,2711.174072265625,187.78558349609375,44.51961517333984,2929.92333984375,224.02198791503903,414.9143371582031,2949.73828125,233.93649291992188,754.6022338867188,3056.395263671875,257.5313720703125,904.5767822265624,2970.56298828125,26.84330940246582,39.57978820800781,2918.394775390625,-8.430037498474121,407.6336059570313,2961.88427734375,-31.55954933166504,749.9833374023438,3070.54296875,-56.138206481933594,886.1585083007812,2989.30615234375,131.09385681152344,-532.730712890625,2933.03173828125,126.72760772705078,-462.8113403320313,2800.85693359375,158.02658081054688,-504.2869567871094,2804.767822265625,216.40589904785156,-557.271240234375,2892.58984375,109.61700439453124,-507.83343505859375,2801.158447265625,64.90259552001953,-585.9349975585938,2883.48876953125
103.35697174072266,42.1192626953125,2926.26025390625,108.72122955322266,-123.91510772705078,2921.56591796875,111.91130828857422,-255.85079956054688,2936.870361328125,126.08970642089844,-457.4778442382813,2943.5859375,155.0355224609375,-422.17718505859375,2944.400634765625,278.143310546875,-371.5514221191406,2940.707275390625,332.2921447753906,-119.96826171875,2934.614990234375,189.2875061035156,-125.42830657958984,2772.756103515625,144.59634399414062,-183.7667999267578,2721.32568359375,57.34852600097656,-171.03506469726562,2672.77685546875,121.84078216552734,-182.52195739746097,2686.099853515625,92.49803161621094,-426.0801696777344,2942.5087890625,-25.25800514221191,-395.6955871582031,2927.76171875,-122.2493133544922,-155.85450744628906,2970.9267578125,33.13603210449219,-126.83757019042967,2819.66162109375,0.5542970895767212,-186.27088928222656,2750.859130859375,75.24828338623047,-135.58575439453125,2791.3583984375,40.38524627685547,-190.4585418701172,2718.71875,188.11976623535156,44.722755432128906,2931.0361328125,223.6867828369141,415.3743591308594,2951.527587890625,234.678466796875,755.9121704101562,3056.073974609375,255.2067108154297,904.4039916992188,2966.730712890625,26.922636032104492,39.771583557128906,2921.953369140625,-8.638833045959473,408.11126708984375,2964.726806640625,-30.959884643554688,751.267333984375,3071.72607421875,-57.270652770996094,888.986572265625,2993.4970703125,131.75390625,-532.6993408203125,2933.6005859375,126.99186706542967,-458.36907958984375,2803.763671875,158.28001403808594,-500.0063781738281,2806.181640625,216.94891357421875,-555.9735107421875,2892.034912109375,109.82479858398438,-503.38775634765625,2802.626708984375,65.29208374023438,-584.1946411132812,2882.518798828125
102.84147644042967,41.09283828735352,2925.463134765625,108.91167449951172,-125.27473449707033,2921.62255859375,112.25140380859376,-257.40570068359375,2937.527587890625,125.33794403076172,-459.5860900878906,2941.601806640625,154.4883575439453,-424.3790588378906,2943.55029296875,277.3482666015625,-372.3435974121094,2942.321044921875,329.7818603515625,-120.1098861694336,2929.6806640625,182.6154937744141,-123.01586151123048,2770.93359375,143.6662139892578,-186.3955535888672,2720.493408203125,55.50619125366211,-171.00636291503906,2673.983642578125,120.2502212524414,-181.4185333251953,2681.513427734375,91.86114501953124,-427.94049072265625,2940.2685546875,-24.62806510925293,-394.1344909667969,2921.421630859375,-122.16226196289062,-155.82022094726562,2974.00927734375,31.72626304626465,-121.9436492919922,2821.589599609375,0.5010254383087158,-186.4763946533203,2756.583251953125,72.81564331054688,-138.2681884765625,2804.27490234375,40.15003204345703,-191.90968322753903,2729.146728515625,187.64060974121097,44.033897399902344,2932.090087890625,224.36436462402344,415.5229187011719,2948.71533203125,234.07864379882812,755.6962890625,3056.96240234375,255.89370727539065,904.7385864257812,2968.154541015625,26.37435531616211,38.44076156616211,2919.487548828125,-8.002236366271973,407.3826293945313,2964.53125,-31.2377986907959,751.3223876953125,3071.266845703125,-56.52424621582031,884.7941284179688,2985.077392578125,130.86199951171875,-534.8342895507812,2930.617919921875,129.24215698242188,-463.87603759765625,2798.488525390625,161.18698120117188,-504.9611206054687,2803.068603515625,217.96484375,-557.729248046875,2892.4736328125,112.84547424316406,-509.2957763671875,2797.982421875,66.9049301147461,-588.91845703125,2878.63916015625
102.85734558105467,41.07463073730469,2925.482421875,108.93397521972656,-125.29548645019533,2921.63525390625,112.27881622314452,-257.4292907714844,2937.53515625,125.4058609008789,-459.6107177734375,2941.60546875,154.5498809814453,-424.3973083496094,2943.5537109375,277.3946838378906,-372.3205261230469,2942.306884765625,329.66571044921875,-120.0518035888672,2929.59912109375,182.52716064453125,-123.12993621826172,2770.824462890625,143.72137451171875,-186.55636596679688,2720.32958984375,55.537960052490234,-171.29074096679688,2673.819580078125,120.33734893798828,-181.6246795654297,2681.348388671875,91.92214965820312,-427.97119140625,2940.274169921875,-24.578601837158203,-394.18310546875,2921.45263671875,-122.10968017578124,-155.89234924316406,2974.17578125,31.73987579345703,-122.05744171142578,2821.70166015625,0.5835592746734619,-186.77313232421875,2756.841552734375,72.96663665771484,-138.5709686279297,2804.43896484375,40.3046875,-192.48045349121097,2729.557861328125,187.65786743164065,44.018707275390625,2932.109375,224.3673095703125,415.5143432617187,2948.767578125,234.0494079589844,755.6842651367188,3057.049560546875,255.8721618652344,904.764404296875,2968.30078125,26.388980865478516,38.41982650756836,2919.5068359375,-7.9918317794799805,407.3615112304687,2964.603515625,-31.19672203063965,751.282958984375,3071.42626953125,-56.535614013671875,884.8447875976562,2985.38671875,130.94448852539062,-534.8590087890625,2930.6201171875,129.47882080078125,-463.8984069824219,2798.487548828125,161.35174560546875,-505.0396423339844,2803.07568359375,218.01791381835935,-557.9061279296875,2892.49658203125,113.00311279296876,-509.29046630859375,2797.97802734375,66.90461730957031,-588.833740234375,2878.62646484375
102.8713607788086,42.50227355957031,2925.9853515625,108.8745574951172,-123.32723999023438,2918.64306640625,112.60359191894533,-255.67591857910156,2928.787353515625,125.83473205566406,-456.8726501464844,2942.9892578125,154.87925720214844,-421.6751403808594,2943.1748046875,277.46075439453125,-369.8410339355469,2942.385009765625,324.31103515625,-117.48942565917967,2924.55859375,169.23023986816406,-127.28083038330078,2774.612548828125,152.30477905273438,-185.7782287597656,2708.81787109375,51.71891403198242,-187.5494384765625,2708.686767578125,117.6378936767578,-185.9083251953125,2678.28271484375,92.41524505615234,-425.4443054199219,2940.062744140625,-24.00729751586914,-393.2173767089844,2920.0947265625,-118.48097229003906,-152.86126708984375,2965.1064453125,44.88138198852539,-126.75732421875,2822.1064453125,26.9919376373291,-198.9553985595703,2760.58154296875,68.05631256103516,-156.37088012695312,2681.344970703125,60.22138214111328,-193.90907287597656,2717.96240234375,187.5312042236328,45.31827926635742,2931.603759765625,224.59815979003903,415.587646484375,2952.791015625,233.76600646972656,756.4248046875,3055.893310546875,259.5322265625,904.4688720703124,2967.34619140625,26.529855728149418,39.96295547485352,2920.9189453125,-8.111502647399902,407.7609252929687,2967.265625,-31.299978256225582,751.228759765625,3072.43115234375,-56.66568756103515,886.3901977539062,2989.728759765625,131.41575622558594,-532.3809204101562,2935.822509765625,134.00772094726562,-461.6990051269531,2803.991943359375,162.47259521484375,-505.14447021484375,2808.218017578125,215.68304443359375,-562.2313842773438,2896.763671875,114.0044174194336,-505.5174255371094,2803.723388671875,62.81535339355469,-580.9375610351562,2884.788818359375
103.23973083496094,42.46134948730469,2925.8134765625,110.3748779296875,-122.5840301513672,2923.250244140625,115.13235473632812,-253.96188354492188,2936.04248046875,129.6468048095703,-454.4376220703125,2940.8779296875,158.32627868652344,-419.2846984863281,2942.363525390625,279.40362548828125,-366.3005981445313,2934.67138671875,338.13031005859375,-117.26188659667967,2939.630615234375,182.85061645507812,-130.35411071777344,2791.802490234375,157.2732696533203,-170.2538604736328,2716.263427734375,76.52200317382812,-183.0316619873047,2658.561279296875,131.0775146484375,-187.28709411621097,2690.310302734375,96.18802642822266,-423.2924499511719,2939.740478515625,-18.730037689208984,-388.9743347167969,2918.551025390625,-115.69383239746094,-150.8961181640625,2962.278076171875,49.15277099609375,-111.58521270751952,2825.925537109375,46.90132522583008,-191.57484436035156,2772.860595703125,67.76510620117188,-154.76199340820312,2684.0673828125,72.4993667602539,-186.13946533203125,2730.647216796875,187.444580078125,46.02033233642578,2931.048583984375,223.7742919921875,414.3277587890625,2953.00537109375,234.72576904296875,753.7416381835938,3054.098388671875,255.5471954345703,907.930908203125,2977.34033203125,27.308507919311523,39.25205993652344,2921.092529296875,-8.260417938232422,405.4307556152344,2963.573486328125,-30.336875915527344,746.7686157226562,3069.39306640625,-55.672943115234375,885.9517211914062,2995.46484375,135.5745391845703,-529.1044921875,2930.26953125,132.10470581054688,-473.7817687988281,2792.166259765625,163.11595153808594,-514.4613647460938,2800.554443359375,220.59298706054688,-557.7832641601562,2893.305908203125,114.9700698852539,-518.2551879882812,2797.088134765625,69.8596420288086,-586.8021850585938,2886.469482421875
102.96368408203124,42.270503997802734,2926.185791015625,108.60606384277344,-123.43782806396484,2924.175048828125,112.12025451660156,-255.36065673828125,2936.696044921875,127.4017562866211,-456.5130920410156,2941.32958984375,156.05831909179688,-421.132568359375,2942.873779296875,276.5806884765625,-365.86724853515625,2934.317138671875,336.42529296875,-116.0944366455078,2934.68212890625,180.03709411621094,-137.43093872070312,2787.85595703125,159.31259155273438,-152.6778106689453,2702.1357421875,80.01881408691406,-185.48577880859375,2649.960693359375,122.28748321533205,-195.18844604492188,2681.8369140625,93.71141052246094,-425.3739318847656,2940.20751953125,-21.11146545410156,-390.2174377441406,2917.40380859375,-114.12321472167967,-151.26333618164062,2969.723876953125,43.75617980957031,-92.47520446777344,2830.898681640625,53.17325210571289,-173.81793212890625,2780.097412109375,68.87784576416016,-156.42901611328125,2684.202880859375,76.2516098022461,-171.2041473388672,2743.6171875,187.4625701904297,45.07667922973633,2932.036376953125,223.6790313720703,414.8458862304687,2952.204833984375,234.5377960205078,754.7527465820312,3056.108642578125,257.0203857421875,905.8681030273438,2972.584228515625,26.76732063293457,39.74005126953125,2920.91015625,-8.591104507446289,406.9287109375,2966.4306640625,-30.09062767028809,750.1033325195312,3070.80517578125,-57.40573501586914,882.543701171875,2984.91455078125,133.622802734375,-531.4161987304688,2930.601318359375,138.8647003173828,-473.9797668457031,2792.8369140625,168.07275390625,-516.012939453125,2802.134521484375,219.57809448242188,-562.7740478515625,2897.232421875,119.87486267089844,-518.0239868164062,2796.275390625,67.87515258789062,-586.3138427734375,2882.6572265625
102.9795150756836,42.49167251586914,2928.415283203125,107.23469543457033,-123.2218017578125,2924.34912109375,109.64849090576172,-254.81912231445312,2940.140625,125.59445190429688,-455.9239501953125,2935.604736328125,154.13771057128906,-420.5545043945313,2938.71728515625,274.7574768066406,-365.4902038574219,2930.219970703125,343.27899169921875,-118.14114379882812,2939.82861328125,189.58560180664065,-138.97654724121094,2790.11083984375,190.40655517578125,-150.60791015625,2701.375,107.17304229736328,-184.77626037597656,2656.754638671875,149.13323974609375,-186.2608337402344,2672.320068359375,91.8005828857422,-424.878173828125,2935.944580078125,-24.052099227905273,-391.7079162597656,2915.489013671875,-111.62088775634766,-146.18069458007812,2938.65966796875,67.07316589355469,-101.62122344970705,2821.449951171875,63.904998779296875,-172.42689514160156,2756.159912109375,96.34754180908205,-159.62315368652344,2663.810302734375,104.02582550048828,-163.0944061279297,2717.961181640625,187.59378051757812,44.55901718139648,2932.709716796875,223.4683837890625,414.2146606445313,2955.463623046875,234.7947235107422,755.095458984375,3056.085693359375,256.72235107421875,904.6505737304688,2969.65283203125,26.679113388061523,40.6274528503418,2924.54296875,-8.291412353515625,407.9672546386719,2969.160400390625,-29.88008499145508,751.2819213867188,3073.06494140625,-55.76033782958984,884.8348999023438,2988.4599609375,132.04441833496094,-530.241455078125,2921.47412109375,137.57899475097656,-476.98431396484375,2782.05078125,166.6681365966797,-518.7943725585938,2792.639892578125,217.953125,-562.8089599609375,2889.158447265625,118.47087860107422,-520.8567504882812,2786.7900390625,66.20342254638672,-586.386474609375,2875.12744140625
102.73993682861328,41.8056526184082,2929.4931640625,106.9159927368164,-123.85465240478516,2924.51318359375,109.38116455078124,-255.50070190429688,2939.67529296875,121.821044921875,-456.8110656738281,2934.92724609375,150.94949340820312,-421.9612121582031,2938.34326171875,273.4756774902344,-370.92779541015625,2932.875,342.86724853515625,-123.7233428955078,2937.324462890625,176.08653259277344,-127.692626953125,2800.859375,183.25428771972656,-158.5948028564453,2717.188720703125,92.62088775634766,-170.23739624023438,2675.563720703125,143.9209442138672,-176.12855529785156,2683.502685546875,88.58319854736328,-425.1811828613281,2935.033203125,-28.203784942626953,-394.19964599609375,2916.701904296875,-107.07166290283205,-144.94268798828125,2927.410400390625,73.82473754882812,-117.04811096191406,2808.5146484375,66.10382843017578,-147.974365234375,2717.5927734375,130.1052703857422,-158.09310913085938,2643.142578125,108.86605072021484,-169.07669067382812,2700.904541015625,187.3645477294922,43.82534408569336,2933.2705078125,223.49766540527344,413.4309997558594,2955.307373046875,236.1459045410156,754.5967407226562,3054.56787109375,255.0928955078125,907.6268310546876,2973.760009765625,26.430204391479492,39.984405517578125,2926.0869140625,-7.8145341873168945,408.1723327636719,2963.056640625,-29.933042526245117,750.0026245117188,3071.42138671875,-55.97559356689453,886.38427734375,2991.567138671875,127.0813217163086,-531.194580078125,2920.725830078125,130.63519287109375,-482.3053588867187,2779.676513671875,161.9269561767578,-522.0472412109375,2791.79296875,214.8842315673828,-559.9395751953125,2889.965576171875,113.97132110595705,-526.9913940429688,2785.759521484375,64.81578063964844,-592.407958984375,2875.91796875
103.40520477294922,42.19251251220703,2929.129150390625,107.3858413696289,-123.69608306884766,2924.7880859375,109.67340087890624,-255.4590759277344,2940.39208984375,122.69966888427734,-457.0171203613281,2937.437255859375,151.7860870361328,-422.0072021484375,2940.279541015625,274.1964416503906,-370.915283203125,2930.479248046875,344.8248291015625,-123.84211730957033,2939.139404296875,184.69265747070312,-128.5555877685547,2794.553955078125,214.83892822265625,-162.17022705078125,2717.17041015625,126.97404479980467,-163.17868041992188,2668.3203125,149.1365509033203,-175.9290771484375,2675.43359375,89.3267822265625,-425.4469299316406,2937.52734375,-27.63623046875,-394.7078552246094,2918.902587890625,-100.89069366455078,-143.2780303955078,2911.80517578125,76.98312377929688,-118.06475067138672,2787.382080078125,61.02674865722656,-141.22067260742188,2695.104736328125,149.3613739013672,-161.36322021484375,2655.6484375,119.85023498535156,-172.08770751953125,2680.048828125,188.13198852539065,44.12385940551758,2933.016845703125,223.6265869140625,414.34130859375,2953.556396484375,234.93992614746097,755.2584838867188,3055.37744140625,255.1448974609375,905.8214721679688,2969.9091796875,27.003355026245117,40.450931549072266,2925.62353515625,-8.863668441772461,408.6593017578125,2965.377197265625,-29.908700942993164,750.9481201171875,3073.984619140625,-55.848636627197266,885.596435546875,2990.82568359375,128.07180786132812,-531.6082763671875,2923.87841796875,132.35057067871094,-478.4852600097656,2784.19091796875,163.2126922607422,-518.97705078125,2795.14794921875,215.68649291992188,-560.451416015625,2892.30224609375,115.1515655517578,-523.1962280273438,2788.921630859375,65.08887481689453,-590.808837890625,2877.143798828125
102.5530014038086,41.995628356933594,2929.142578125,107.11791229248048,-123.59508514404295,2925.02099609375,109.62816619873048,-255.12257385253903,2940.619384765625,123.31658935546876,-456.28118896484375,2937.406005859375,152.22515869140625,-421.239501953125,2940.397216796875,274.8388977050781,-370.6100769042969,2934.750732421875,339.11920166015625,-122.13137817382812,2937.1005859375,174.87367248535156,-122.11495971679688,2797.704345703125,185.67689514160156,-153.20831298828125,2714.544189453125,105.46334075927734,-147.71676635742188,2654.476318359375,116.61636352539062,-177.06971740722656,2687.87744140625,89.89604187011719,-424.8777160644531,2937.4287109375,-26.71937561035156,-393.4690551757813,2919.138916015625,-110.6059112548828,-145.78172302246094,2922.217041015625,70.69400024414062,-99.73609161376952,2809.965576171875,46.26109313964844,-134.549072265625,2723.567138671875,119.71794128417967,-142.01158142089844,2658.145263671875,93.81938934326172,-152.83578491210938,2699.13720703125,187.0673370361328,44.20111083984375,2934.138427734375,223.38438415527344,413.7870788574219,2952.807861328125,235.7784881591797,753.9515380859375,3054.861083984375,256.763671875,905.9474487304688,2972.802001953125,26.34271240234375,40.00685119628906,2924.63720703125,-8.193164825439453,407.6707458496094,2964.56689453125,-30.039125442504883,749.8999633789062,3071.117919921875,-55.66817092895508,886.9378662109375,2992.42236328125,128.97586059570312,-530.7034301757812,2923.775146484375,133.8935546875,-478.7184753417969,2783.958251953125,165.10887145996094,-518.6551513671875,2795.50634765625,217.0925750732422,-558.62109375,2893.3056640625,117.24974060058594,-523.5294799804688,2788.874755859375,67.30436706542969,-590.9653930664062,2877.006591796875
102.56192016601562,42.50487518310547,2927.705810546875,108.09664916992188,-122.90082550048828,2924.39013671875,111.66908264160156,-254.1759033203125,2940.714111328125,125.94438934326172,-455.0767517089844,2937.1806640625,154.7385711669922,-419.9838562011719,2939.94189453125,276.8963317871094,-369.3604736328125,2929.5869140625,345.6192626953125,-122.376708984375,2933.77392578125,171.02706909179688,-106.77434539794922,2808.9345703125,174.08224487304688,-157.2645721435547,2735.2880859375,103.12379455566406,-147.6652069091797,2665.115478515625,116.5606460571289,-179.6553497314453,2708.87060546875,92.46206665039062,-423.8114929199219,2937.53759765625,-23.66684341430664,-393.1549682617187,2916.01513671875,-122.43505096435548,-151.7879180908203,2931.4794921875,57.977901458740234,-87.11444091796875,2827.753173828125,53.80051040649414,-141.3609161376953,2748.418212890625,109.50595092773438,-142.7916259765625,2667.139892578125,84.49357604980469,-154.70225524902344,2731.644775390625,187.04002380371097,45.25836563110352,2931.361083984375,222.4348907470703,414.1618041992187,2956.451416015625,235.3899078369141,754.9663696289062,3054.943115234375,255.15460205078125,906.43701171875,2972.00048828125,26.384294509887695,40.021934509277344,2924.409423828125,-8.372064590454102,406.8792114257813,2967.80224609375,-30.0414981842041,749.8720703125,3070.60205078125,-55.57026290893555,884.5989990234375,2988.306640625,131.7073974609375,-529.3897705078125,2923.439453125,139.54002380371094,-495.5361633300781,2778.451904296875,163.2158966064453,-539.0986938476562,2793.905029296875,211.38328552246097,-576.900146484375,2894.33544921875,115.07878875732422,-535.4326782226562,2789.14306640625,57.74150466918945,-581.5643310546875,2885.90380859375
102.80690002441406,39.64348602294922,2929.39697265625,107.16962432861328,-126.46965789794922,2925.16357421875,110.08502197265624,-258.4938049316406,2940.009765625,121.22798919677734,-460.4325256347656,2936.21435546875,150.69772338867188,-425.6573791503906,2939.009521484375,273.7022705078125,-375.424072265625,2929.706298828125,352.7909240722656,-130.53213500976562,2937.813232421875,178.7201385498047,-98.383544921875,2813.857177734375,171.2768096923828,-154.0165252685547,2743.86474609375,91.83099365234376,-143.5797576904297,2682.912353515625,105.28733825683594,-183.40757751464844,2735.72802734375,88.10608673095703,-428.5094604492187,2936.631591796875,-28.337501525878903,-395.5753784179687,2917.393798828125,-128.3477020263672,-154.01394653320312,2939.094970703125,42.49587631225586,-72.14503479003906,2829.554931640625,67.02470397949219,-148.8878173828125,2776.2568359375,92.88497924804688,-142.5395965576172,2680.948486328125,69.13314819335938,-155.0619659423828,2763.418212890625,187.69642639160156,41.80739974975586,2931.97021484375,222.3230743408203,412.3547058105469,2956.9736328125,236.9060211181641,754.2801513671875,3056.71142578125,254.83485412597656,906.7425537109376,2973.640869140625,26.258281707763672,37.69218826293945,2927.07666015625,-8.693933486938477,406.7448425292969,2964.608642578125,-29.759227752685547,750.1181640625,3071.435546875,-55.884708404541016,884.1419067382812,2986.906005859375,125.82624053955078,-535.1222534179688,2922.323974609375,143.26522827148438,-496.8880004882813,2778.625244140625,166.1736602783203,-540.9867553710938,2794.442138671875,207.86447143554688,-581.6998291015625,2897.18310546875,118.24633026123048,-537.3267822265625,2786.529296875,54.52206802368164,-586.6421508789062,2878.23291015625
102.28926849365234,40.44224548339844,2927.69091796875,107.16302490234376,-125.79749298095705,2924.372802734375,110.18365478515624,-257.7491760253906,2940.6337890625,121.62297821044922,-459.8426208496094,2938.572265625,151.0567626953125,-424.9791564941406,2941.17724609375,274.4344482421875,-375.2302856445313,2932.89208984375,351.8611145019531,-129.48426818847656,2934.479248046875,178.76148986816406,-92.58343505859376,2810.21533203125,167.18626403808594,-159.67491149902344,2751.685791015625,88.0209732055664,-149.47706604003906,2690.210205078125,106.5980987548828,-181.8857421875,2737.731201171875,88.43244934082031,-427.9403076171875,2938.608154296875,-27.983762741088867,-395.53314208984375,2917.809814453125,-137.06857299804688,-157.297119140625,2934.191162109375,35.826011657714844,-74.18342590332031,2828.560791015625,63.93034744262695,-152.49224853515625,2779.335205078125,83.48213195800781,-136.2384033203125,2683.625244140625,47.1075553894043,-150.13134765625,2756.358642578125,187.1869354248047,42.855194091796875,2931.500732421875,222.17726135253903,413.60211181640625,2957.048095703125,236.38494873046875,755.97119140625,3056.236328125,256.658203125,905.2730712890624,2967.868408203125,25.733299255371097,38.26638412475586,2924.255615234375,-8.74581527709961,407.4588012695313,2963.481689453125,-29.851057052612305,750.4581909179688,3072.358642578125,-56.55726623535156,886.4036254882812,2990.91552734375,126.37403869628906,-534.6939086914062,2925.316162109375,146.00833129882812,-497.343994140625,2781.555419921875,164.97706604003906,-543.4575805664062,2796.9609375,203.7013702392578,-588.39599609375,2899.1982421875,117.47866821289062,-535.4257202148438,2789.487060546875,50.27663040161133,-579.33056640625,2881.574462890625
103.15611267089844,41.11332321166992,2927.109130859375,106.93285369873048,-124.6234130859375,2923.516845703125,108.98078155517578,-256.19097900390625,2939.60986328125,121.00404357910156,-457.6199340820313,2939.199951171875,150.24147033691406,-422.7560119628906,2941.458984375,273.5201721191406,-373.91156005859375,2933.08349609375,351.0740966796875,-129.14163208007812,2926.547119140625,205.88099670410156,-94.60504150390624,2770.99072265625,160.5323028564453,-165.36184692382812,2740.216064453125,93.21768951416016,-143.56105041503906,2668.943115234375,108.9805679321289,-179.6415252685547,2741.44140625,87.82020568847656,-425.9212951660156,2939.02978515625,-28.98007583618164,-396.2435302734375,2918.59423828125,-137.84315490722656,-158.7168426513672,2933.40283203125,38.75872421264648,-84.37377166748047,2828.805908203125,58.57600402832031,-160.41162109375,2773.022216796875,83.81517791748047,-139.71949768066406,2679.8564453125,64.25682067871094,-159.34637451171875,2747.863037109375,187.77859497070312,42.949668884277344,2931.353515625,222.24322509765625,412.7113342285156,2954.585693359375,236.6053009033203,753.9976806640625,3053.435302734375,254.37057495117188,906.5877075195312,2971.465087890625,26.84829330444336,39.4574089050293,2923.281982421875,-8.686423301696777,407.1419982910156,2964.497314453125,-30.814838409423828,749.7123413085938,3070.724609375,-55.97763442993164,886.1316528320312,2990.59326171875,125.9486846923828,-532.3264770507812,2926.5947265625,139.05874633789062,-501.3040161132813,2781.089599609375,162.51809692382812,-544.4075317382812,2798.3564453125,207.19772338867188,-579.795166015625,2901.48193359375,114.48668670654295,-541.2587280273438,2791.682861328125,53.76647186279297,-585.996826171875,2887.29296875
104.1946258544922,39.9728889465332,2926.190673828125,107.59514617919922,-126.3139419555664,2923.229248046875,109.63135528564452,-258.246826171875,2939.81640625,121.4119644165039,-460.3332214355469,2940.822998046875,150.79844665527344,-425.3839111328125,2942.740234375,274.00091552734375,-375.2816467285156,2933.94482421875,350.990234375,-129.59263610839844,2923.894775390625,220.0843963623047,-105.66112518310548,2753.42578125,163.2302703857422,-173.05221557617188,2736.47412109375,92.45498657226562,-138.1341094970703,2673.8447265625,122.1856918334961,-189.9255218505859,2740.668701171875,88.16584777832031,-428.4886169433594,2940.533447265625,-29.032737731933594,-398.72216796875,2920.17041015625,-142.86741638183594,-162.77586364746094,2937.442626953125,36.057159423828125,-94.29415893554688,2831.345458984375,55.47936248779297,-172.9315643310547,2778.575927734375,82.36812591552734,-140.78204345703125,2688.85009765625,63.95561981201172,-164.1724090576172,2742.3662109375,189.1453399658203,41.657230377197266,2929.159423828125,222.66932678222656,412.6606750488281,2953.0146484375,236.68209838867188,754.0664672851562,3055.523681640625,253.95599365234375,905.090087890625,2969.467041015625,27.59083366394043,38.454044342041016,2923.513671875,-8.088033676147461,407.2828979492187,2965.095458984375,-29.40843391418457,751.204833984375,3071.00634765625,-59.44736862182617,883.3673095703125,2984.639404296875,126.2266616821289,-535.3743286132812,2928.7021484375,144.43699645996094,-502.406005859375,2783.6845703125,165.9859619140625,-546.7117919921875,2800.8994140625,206.7081298828125,-585.3985595703125,2904.905029296875,118.14002990722656,-541.7692260742188,2792.968017578125,53.11215591430664,-586.0238647460938,2886.442138671875
105.8128433227539,41.39552307128906,2925.44921875,108.34547424316406,-124.1432647705078,2921.821533203125,109.6587905883789,-255.55857849121097,2937.78173828125,120.9115982055664,-456.76165771484375,2938.601806640625,150.24594116210938,-422.0408325195313,2940.56591796875,272.66192626953125,-371.7964172363281,2930.7470703125,356.2705078125,-129.3260955810547,2934.1875,232.332763671875,-95.4334487915039,2761.44873046875,178.81973266601562,-164.87669372558594,2744.048095703125,106.06587982177734,-140.51416015625,2679.450439453125,139.0309600830078,-182.69607543945312,2742.65576171875,87.89038848876953,-424.9825439453125,2938.317626953125,-29.16315269470215,-395.5133972167969,2920.12548828125,-138.7391357421875,-158.46900939941406,2930.622802734375,45.45843505859375,-93.78514862060548,2833.58642578125,64.31190490722656,-172.0316162109375,2780.826171875,85.37361145019531,-146.7887725830078,2687.8837890625,72.1938705444336,-185.3405609130859,2784.486572265625,190.38197326660156,42.620792388916016,2928.578857421875,223.1045684814453,412.01263427734375,2952.279296875,236.15481567382812,752.1246948242188,3053.62451171875,255.78546142578125,905.831787109375,2974.71630859375,29.553123474121097,40.29064178466797,2922.626708984375,-7.576175212860107,407.4351806640625,2962.77685546875,-28.994321823120117,749.2904663085938,3069.832763671875,-56.3167839050293,884.8819580078125,2989.430419921875,125.53804779052734,-531.4639892578125,2926.468017578125,144.93882751464844,-501.2173767089844,2781.708251953125,168.87489318847656,-543.3155517578125,2800.5234375,209.36819458007812,-576.32080078125,2905.96240234375,121.2286376953125,-541.8336791992188,2791.4228515625,57.34397888183594,-587.759521484375,2884.157958984375
105.92212677001952,40.312843322753906,2925.034912109375,108.75593566894533,-126.04972839355467,2922.467041015625,109.94132232666016,-258.02899169921875,2939.14306640625,120.99671173095705,-460.2301940917969,2939.03955078125,150.49966430664062,-425.38720703125,2941.427734375,273.2148742675781,-373.8599853515625,2933.373779296875,351.3570556640625,-128.3818359375,2924.85791015625,230.4358367919922,-96.52108001708984,2748.32275390625,174.59091186523438,-164.88511657714844,2731.74853515625,97.35096740722656,-143.26351928710938,2670.719970703125,137.72267150878906,-184.66119384765625,2761.51318359375,87.85643005371094,-428.2532348632813,2938.646484375,-28.93669891357422,-396.8878173828125,2918.094970703125,-145.35671997070312,-163.52906799316406,2949.1748046875,31.573787689208984,-103.12096405029295,2834.9794921875,40.61468505859375,-177.766357421875,2774.163330078125,84.22216796875,-156.299560546875,2687.839599609375,89.10818481445312,-203.9904022216797,2821.830322265625,190.82345581054688,41.684608459472656,2929.8564453125,223.51214599609375,413.0751037597656,2950.71728515625,235.8147125244141,754.0143432617188,3055.41259765625,256.0505065917969,906.364990234375,2972.2646484375,29.362865447998047,39.07585906982422,2920.687255859375,-7.47367000579834,407.8098449707031,2963.265625,-28.734678268432617,750.173095703125,3074.534912109375,-56.748172760009766,887.0655517578125,2995.02099609375,125.65325164794922,-535.2408447265625,2926.506591796875,144.99884033203125,-503.2594299316406,2781.3603515625,167.7571563720703,-546.6394653320312,2799.412353515625,208.1509552001953,-582.804931640625,2904.4951171875,119.8842544555664,-543.3947143554688,2790.700439453125,54.912052154541016,-588.7996215820312,2883.716552734375
105.77667999267578,41.07847595214844,2922.817626953125,108.51546478271484,-124.75384521484376,2920.677734375,109.46869659423828,-256.2331237792969,2937.885498046875,121.28125762939452,-457.7215881347656,2940.29541015625,150.53936767578125,-422.8475646972656,2942.402587890625,273.69677734375,-373.560791015625,2934.19921875,350.5655212402344,-128.66339111328125,2922.975341796875,231.5922393798828,-110.18973541259766,2744.079345703125,169.49569702148438,-172.09617614746094,2726.00830078125,92.62662506103516,-142.5492706298828,2668.470947265625,128.37803649902344,-185.0746612548828,2723.46630859375,88.12543487548828,-425.9873046875,2939.34619140625,-28.864501953125,-397.0478820800781,2918.716552734375,-139.29019165039062,-162.09503173828125,2952.393310546875,36.1126823425293,-108.5189208984375,2833.86962890625,33.91777038574219,-176.40444946289062,2765.46875,84.66979217529297,-160.66091918945312,2682.238525390625,89.31278991699219,-214.27655029296875,2831.417236328125,190.36520385742188,42.40513610839844,2928.2685546875,223.36215209960935,412.4944152832031,2950.17724609375,235.5881195068359,752.9509887695312,3052.5009765625,255.86294555664065,906.0257568359376,2971.9169921875,29.499486923217773,39.88216400146485,2917.902587890625,-7.893137454986572,407.0982666015625,2962.522705078125,-30.08409118652344,749.6316528320312,3069.22216796875,-56.839691162109375,885.1288452148438,2987.95361328125,126.2812042236328,-532.6171264648438,2928.7392578125,144.22848510742188,-503.0550231933594,2783.400146484375,165.8626251220703,-546.7576904296875,2801.568603515625,206.6638336181641,-582.7921752929688,2906.108154296875,118.13372802734376,-542.1583862304688,2793.58740234375,53.498878479003906,-584.305419921875,2887.845458984375
105.93804168701172,43.01942825317383,2922.724609375,109.59504699707033,-121.9260711669922,2919.70263671875,111.24857330322266,-252.8236846923828,2936.0146484375,122.1024932861328,-453.2921447753906,2940.322998046875,151.38453674316406,-418.714599609375,2941.83251953125,274.2484130859375,-371.0677490234375,2931.023681640625,358.4698791503906,-129.86199951171875,2923.4580078125,225.52989196777344,-130.19590759277344,2755.08837890625,159.93565368652344,-186.89096069335935,2734.702392578125,94.10462188720705,-142.03489685058594,2674.34619140625,129.55978393554688,-179.9730682373047,2691.463623046875,89.25569152832031,-421.5791931152344,2939.333740234375,-27.53842544555664,-394.076171875,2919.366455078125,-138.92115783691406,-161.1934814453125,2953.799072265625,31.162918090820312,-107.10929107666016,2829.942626953125,28.38715171813965,-176.24781799316406,2763.545654296875,85.8607177734375,-158.61358642578125,2685.85107421875,75.38336181640625,-215.98663330078125,2828.01123046875,190.06985473632812,44.78184509277344,2928.339111328125,223.3404083251953,412.8991088867187,2950.54345703125,235.61495971679688,751.5357666015625,3052.541748046875,255.8496856689453,904.4971313476562,2973.6865234375,30.072689056396484,41.430179595947266,2917.662109375,-8.659046173095703,406.7887268066406,2960.420654296875,-30.494298934936523,746.6405639648438,3069.51513671875,-55.88592529296875,886.8340454101562,2997.982666015625,126.64051055908205,-527.9349975585938,2929.532958984375,144.11636352539062,-504.42974853515625,2783.820556640625,166.68826293945312,-546.5133666992188,2803.8125,207.9071044921875,-576.7360229492188,2909.34228515625,119.125244140625,-543.4993896484375,2795.6103515625,55.66627502441406,-582.9126586914062,2891.03369140625
105.95355987548828,43.0285530090332,2922.6650390625,109.62564086914062,-121.918212890625,2919.646484375,111.29266357421876,-252.81881713867188,2935.943115234375,122.23744201660156,-453.2845458984375,2940.235595703125,151.50448608398438,-418.6936645507813,2941.74267578125,274.3368835449219,-370.9768676757813,2930.8701171875,358.4002990722656,-129.72032165527344,2923.09033203125,225.36590576171875,-130.2389678955078,2754.79296875,159.79457092285156,-186.97637939453125,2734.447509765625,93.90996551513672,-142.2187957763672,2674.0751953125,129.3537139892578,-179.9217987060547,2691.11962890625,89.37593841552734,-421.5859375,2939.25390625,-27.44463157653809,-394.1689147949219,2919.31640625,-138.99041748046875,-161.3684539794922,2953.795166015625,30.98955726623535,-107.1514663696289,2829.8505859375,28.133806228637695,-176.2003631591797,2763.362548828125,85.30870056152344,-158.6914520263672,2685.418701171875,75.27816009521484,-215.99331665039065,2827.636474609375,190.08604431152344,44.79878616333008,2928.278564453125,223.30453491210935,412.9263916015625,2950.4453125,235.55226135253903,751.5819091796875,3052.3955078125,255.67576599121097,904.5110473632812,2973.44580078125,30.087589263916016,41.432254791259766,2917.603515625,-8.690450668334961,406.7972106933594,2960.294921875,-30.627107620239254,746.7011108398438,3069.2177734375,-56.06489562988281,886.742431640625,2997.40087890625,126.8072280883789,-527.9252319335938,2929.439208984375,144.30841064453125,-504.3448791503906,2783.74072265625,166.85903930664062,-546.4508056640625,2803.7109375,208.0539093017578,-576.7530517578125,2909.228271484375,119.29781341552734,-543.4099731445312,2795.506103515625,55.81063079833984,-582.8486328125,2890.901611328125
107.4982452392578,44.25590133666992,2921.81640625,111.09185791015624,-120.90984344482422,2918.638671875,112.72312927246094,-251.95599365234375,2935.19287109375,123.86495208740234,-452.6288757324219,2941.407958984375,153.16432189941406,-417.9626770019531,2942.2109375,275.9797668457031,-370.0943603515625,2929.778076171875,363.3605346679687,-129.53697204589844,2928.018798828125,223.80857849121097,-136.62832641601562,2764.86181640625,158.49827575683594,-193.7861785888672,2744.333984375,95.88601684570312,-147.2302703857422,2681.662109375,128.6075439453125,-183.9043731689453,2697.565673828125,90.92937469482422,-420.9172668457031,2940.49658203125,-26.38101577758789,-393.2448425292969,2922.939453125,-142.25582885742188,-163.44476318359375,2965.051025390625,24.999916076660156,-106.8384017944336,2837.9990234375,24.398378372192383,-178.3311004638672,2773.893310546875,71.18775939941406,-165.04266357421875,2688.390380859375,69.35806274414062,-213.55613708496097,2823.61474609375,191.75900268554688,45.98552703857422,2927.205322265625,223.9169921875,414.6818237304687,2949.7392578125,235.8188018798828,753.4196166992188,3053.08740234375,256.0548095703125,904.5652465820312,2970.316650390625,31.516603469848633,42.69622039794922,2916.956787109375,-6.9610066413879395,408.1106872558594,2963.59228515625,-30.46333885192871,748.8151245117188,3071.247314453125,-55.3314208984375,884.0090942382812,2990.078857421875,128.35963439941406,-527.4732666015625,2931.306640625,144.25302124023438,-505.0916137695313,2785.033447265625,167.28411865234375,-546.9384155273438,2805.178466796875,209.78924560546875,-576.0777587890625,2910.677734375,119.56087493896484,-544.243896484375,2797.4248046875,57.20170593261719,-583.229248046875,2893.94921875
107.45581817626952,44.251197814941406,2921.814453125,111.03880310058594,-120.91030883789062,2918.684814453125,112.66307830810548,-251.9434356689453,2935.307861328125,123.81402587890624,-452.6057434082031,2941.6357421875,153.1124725341797,-417.9396057128906,2942.391357421875,275.85333251953125,-369.9655456542969,2929.6787109375,362.8033752441406,-129.26730346679688,2927.2021484375,222.91026306152344,-137.1678924560547,2764.384033203125,157.78555297851562,-194.6891326904297,2744.299072265625,94.61013793945312,-148.69711303710938,2681.781494140625,127.73926544189452,-184.7279052734375,2697.303466796875,90.87808990478516,-420.8963623046875,2940.734375,-26.461057662963867,-393.2387390136719,2923.374755859375,-142.379638671875,-163.5845184326172,2966.103515625,24.578094482421875,-106.769287109375,2838.765380859375,23.96787452697754,-178.32460021972656,2774.734375,70.6313705444336,-165.0371551513672,2689.166259765625,68.65617370605469,-213.49510192871097,2823.98779296875,191.7149200439453,45.97728729248047,2927.1875,223.8685607910156,414.6712951660156,2949.566162109375,235.8146820068359,753.42431640625,3052.81982421875,255.76966857910156,904.6605834960938,2970.158447265625,31.475669860839844,42.6947021484375,2916.969482421875,-6.986789226531982,408.1261291503906,2963.388427734375,-30.55813217163086,748.9281005859375,3070.6806640625,-55.362327575683594,883.9935302734375,2989.2890625,128.30101013183594,-527.4537963867188,2931.576416015625,144.220947265625,-505.1963195800781,2785.292236328125,167.32650756835938,-546.9732666015625,2805.492431640625,209.83709716796875,-575.9124755859375,2911.040283203125,119.6032943725586,-544.3843383789062,2797.712646484375,57.27775573730469,-583.3926391601562,2894.244384765625
108.24981689453124,44.808990478515625,2921.656005859375,112.01715087890624,-120.31088256835938,2918.6474609375,113.77758026123048,-251.3088226318359,2935.281494140625,124.14344787597656,-451.9253234863281,2942.754638671875,153.538818359375,-417.362548828125,2943.777587890625,275.9405822753906,-368.3729553222656,2932.037109375,360.03118896484375,-127.19318389892578,2916.817138671875,218.831787109375,-150.36624145507812,2756.67431640625,153.51866149902344,-209.9733428955078,2745.242431640625,93.5233383178711,-154.9780731201172,2687.052001953125,123.12442016601562,-195.1385040283203,2691.18115234375,91.34125518798828,-420.1182861328125,2941.20751953125,-25.13341522216797,-391.5384826660156,2920.12451171875,-145.23985290527344,-163.84080505371094,2961.34912109375,26.059255599975582,-106.74607849121094,2840.138916015625,28.784608840942383,-179.13601684570312,2777.144287109375,78.43983459472656,-165.5629425048828,2693.350341796875,66.66541290283203,-213.38699340820312,2821.943359375,192.4822235107422,46.63169479370117,2927.095703125,224.3299560546875,415.12255859375,2951.671142578125,235.784423828125,753.1177978515625,3057.14697265625,254.02316284179688,903.3521118164062,2972.37646484375,32.29375076293945,43.165382385253906,2916.75048828125,-6.729777812957764,408.7048645019531,2961.09228515625,-30.70591926574707,749.4791259765625,3068.094482421875,-56.83613967895508,886.677001953125,2990.8662109375,128.52255249023438,-526.8187255859375,2933.132080078125,151.0434112548828,-499.9088439941406,2788.54345703125,171.97036743164062,-543.1122436523438,2808.07470703125,209.2252655029297,-577.1807250976562,2914.04541015625,124.7187271118164,-538.6670532226562,2798.5283203125,57.346946716308594,-578.9922485351562,2891.007568359375
107.41543579101562,43.63983154296875,2920.92919921875,110.67078399658205,-121.57723999023438,2916.541748046875,112.35814666748048,-252.7253265380859,2932.73828125,122.56442260742188,-453.5277099609375,2939.20703125,152.01177978515625,-418.9714050292969,2940.37158203125,273.8212585449219,-368.065185546875,2929.607666015625,362.4842224121094,-128.00186157226562,2921.126220703125,216.97084045410156,-155.9129638671875,2765.458740234375,154.3677215576172,-215.37875366210935,2742.9765625,95.0892562866211,-160.2638702392578,2684.04736328125,124.98405456542967,-194.6545257568359,2689.521240234375,89.76507568359375,-421.6623840332031,2937.851318359375,-25.677085876464844,-389.9646911621094,2915.113037109375,-145.83514404296875,-165.98020935058594,2973.940185546875,19.00428581237793,-104.81793975830078,2845.685546875,16.66936492919922,-173.40225219726562,2778.45556640625,72.03376770019531,-164.6148223876953,2697.5693359375,54.05196762084961,-215.49305725097656,2832.79443359375,191.8008728027344,45.200401306152344,2924.7744140625,223.92771911621097,413.9641723632813,2948.854736328125,235.48988342285156,752.285400390625,3054.11767578125,256.0536193847656,904.9046020507812,2974.015869140625,31.32137680053711,42.23259735107422,2917.4619140625,-7.077444553375244,408.4669799804687,2958.7001953125,-29.032058715820312,748.265625,3070.002197265625,-56.01424026489258,882.1845092773438,2987.27294921875,126.87124633789062,-528.4291381835938,2929.2001953125,139.61761474609375,-505.0255737304687,2782.713134765625,165.0397491455078,-545.6891479492188,2802.4599609375,210.42709350585935,-572.79345703125,2907.356201171875,117.11940002441406,-545.4260864257812,2795.353759765625,58.125030517578125,-587.718017578125,2892.66455078125
107.41541290283205,43.640403747558594,2920.92919921875,110.67093658447266,-121.57684326171876,2916.541748046875,112.35845947265624,-252.72506713867188,2932.738525390625,122.56759643554688,-453.5274963378906,2939.2080078125,152.0145263671875,-418.970703125,2940.372314453125,273.8228759765625,-368.06195068359375,2929.60546875,362.4795837402344,-127.99630737304688,2921.118408203125,216.9645233154297,-155.9110107421875,2765.453125,154.3583221435547,-215.3744201660156,2742.972900390625,95.08087921142578,-160.2626953125,2684.039306640625,124.97622680664062,-194.64862060546875,2689.515380859375,89.76776885986328,-421.66259765625,2937.8525390625,-25.675886154174805,-389.9678649902344,2915.11669921875,-145.83990478515625,-165.9880828857422,2973.951171875,18.99352645874023,-104.81798553466795,2845.69189453125,16.65723419189453,-173.4011688232422,2778.460693359375,72.01726531982422,-164.61245727539062,2697.571533203125,54.043235778808594,-215.49215698242188,2832.7978515625,191.8009490966797,45.2010612487793,2924.774169921875,223.9274749755859,413.9653015136719,2948.853515625,235.49008178710935,752.2872924804688,3054.115234375,256.0529479980469,904.9057006835938,2974.011474609375,31.321264266967773,42.23309326171875,2917.4619140625,-7.077682971954346,408.46783447265625,2958.70068359375,-29.03131103515625,748.266357421875,3070.00439453125,-56.01461410522461,882.1885986328125,2987.281005859375,126.87537384033205,-528.4290161132812,2929.20166015625,139.62574768066406,-505.0269470214844,2782.71435546875,165.047607421875,-545.690185546875,2802.46240234375,210.4322204589844,-572.7931518554688,2907.3603515625,117.12740325927734,-545.4274291992188,2795.3544921875,58.130496978759766,-587.7188110351562,2892.66455078125
108.0229034423828,44.00210952758789,2921.57763671875,111.77124786376952,-121.24031066894533,2916.4306640625,114.0207748413086,-252.5982208251953,2931.169189453125,126.20477294921876,-453.2211608886719,2941.061279296875,155.34889221191406,-418.3689270019531,2941.2158203125,276.4095764160156,-366.3393249511719,2927.275146484375,367.93853759765625,-127.13732147216795,2931.0244140625,208.5891876220703,-155.0615234375,2789.44140625,172.07261657714844,-200.0948486328125,2721.582275390625,93.8906707763672,-149.3827362060547,2684.879150390625,129.9486083984375,-188.8873291015625,2692.1806640625,93.08047485351562,-421.6761169433594,2939.583251953125,-22.845760345458984,-390.4484252929687,2918.48876953125,-144.9038543701172,-166.7840576171875,2974.97998046875,20.561351776123047,-102.23243713378906,2849.0849609375,22.658056259155273,-172.69471740722656,2783.76806640625,73.87271118164062,-166.65016174316406,2699.909423828125,54.39151382446289,-209.9703826904297,2825.698486328125,192.45689392089844,45.8154182434082,2924.851806640625,223.5243682861328,414.9320373535156,2946.81689453125,236.1636199951172,752.3972778320312,3055.077880859375,254.1981964111328,905.7014770507812,2975.545654296875,31.88505744934082,42.366966247558594,2918.625244140625,-7.548984050750732,408.7128601074219,2959.0498046875,-29.37209701538086,749.6396484375,3067.28759765625,-62.38008117675781,881.3252563476562,2983.064453125,131.08383178710938,-528.2728881835938,2932.3232421875,145.29087829589844,-502.6361999511719,2786.2919921875,168.99961853027344,-544.6669311523438,2805.34326171875,212.90103149414065,-575.5529174804688,2909.871826171875,121.1375503540039,-542.345703125,2798.10400390625,60.1237907409668,-584.0750732421875,2894.460693359375
108.01434326171876,44.06121826171875,2921.841064453125,113.45714569091795,-121.14642333984376,2917.3388671875,116.6435546875,-252.47227478027344,2932.14404296875,126.23078918457033,-453.2547912597656,2941.48095703125,155.829833984375,-418.7902526855469,2941.596923828125,278.97198486328125,-371.47064208984375,2929.243896484375,361.85400390625,-129.41062927246094,2917.34423828125,201.67283630371097,-140.83412170410156,2774.42626953125,176.13548278808594,-190.2317657470703,2704.6162109375,81.98908996582031,-158.71554565429688,2691.438720703125,126.23181915283205,-194.1617889404297,2682.2109375,93.51934051513672,-421.27490234375,2940.224853515625,-22.2982234954834,-389.5104370117187,2919.36376953125,-138.0670928955078,-168.69520568847656,2996.4873046875,14.072552680969238,-96.12716674804688,2858.723388671875,11.105283737182615,-164.7917022705078,2791.557861328125,68.52134704589844,-168.0239715576172,2711.658203125,49.62378692626953,-209.7196807861328,2835.720703125,192.3248748779297,46.69633865356445,2927.06982421875,224.01150512695312,415.6985778808594,2949.813720703125,235.6378936767578,754.03564453125,3055.387939453125,256.2816467285156,904.1192626953124,2970.5400390625,31.987838745117188,41.68501281738281,2917.126220703125,-7.24263858795166,407.5778198242187,2961.524169921875,-30.223127365112305,748.8842163085938,3068.27001953125,-59.76946640014648,885.6168823242188,2991.11181640625,130.0851593017578,-528.3385620117188,2932.534423828125,145.04563903808594,-505.4188232421875,2786.133544921875,168.85354614257812,-546.9513549804688,2806.124755859375,212.27639770507812,-575.6048583984375,2911.480712890625,121.02687072753906,-545.0209350585938,2798.557373046875,59.647457122802734,-585.2236938476562,2895.323974609375
108.83161926269533,44.44070053100586,2919.52490234375,113.59784698486328,-120.83421325683594,2915.786376953125,116.78187561035156,-252.4527587890625,2927.952392578125,126.77890014648438,-452.9766540527344,2941.96337890625,156.3131561279297,-418.4535217285156,2941.26708984375,278.90283203125,-370.19036865234375,2926.985107421875,368.0863952636719,-130.0533905029297,2929.48583984375,205.3383331298828,-158.14431762695312,2791.814697265625,180.6457977294922,-184.57069396972656,2710.204345703125,84.98822784423828,-167.7351531982422,2685.710205078125,134.89016723632812,-196.39263916015625,2687.87158203125,93.99715423583984,-421.0953674316406,2939.972412109375,-21.64223861694336,-388.8119201660156,2918.80419921875,-140.44187927246094,-166.27578735351562,2985.861328125,16.291751861572266,-96.81792449951172,2851.632568359375,34.59382629394531,-177.07359313964844,2802.014404296875,67.6799087524414,-173.23130798339844,2709.3603515625,50.955810546875,-187.998291015625,2794.018798828125,193.2574462890625,46.79825210571289,2922.9345703125,224.85968017578125,415.3497924804687,2952.94287109375,235.8541717529297,754.5903930664062,3055.848388671875,256.2972717285156,903.0162353515624,2968.029296875,32.70112609863281,42.314796447753906,2916.4501953125,-6.732266426086426,408.3092346191406,2960.339111328125,-30.502363204956055,748.9737548828125,3069.140869140625,-55.86227798461914,884.5625,2988.498779296875,130.78323364257812,-528.2529296875,2934.766357421875,141.4715118408203,-504.651611328125,2788.074462890625,166.27647399902344,-545.9951782226562,2807.25048828125,212.8922576904297,-574.541259765625,2911.28466796875,118.23397064208984,-544.5667114257812,2801.00244140625,59.966773986816406,-585.7916259765625,2899.276611328125
108.50995635986328,44.688682556152344,2919.61572265625,112.9977569580078,-120.3753662109375,2915.32080078125,115.8785400390625,-251.8905334472656,2926.88525390625,126.2395248413086,-452.1462097167969,2940.886474609375,155.67344665527344,-417.6119689941406,2940.169189453125,278.2072448730469,-369.5837707519531,2926.14111328125,359.72161865234375,-127.30622100830078,2937.1025390625,217.27867126464844,-135.36886596679688,2776.60400390625,198.05921936035156,-200.10006713867188,2718.38818359375,112.6803970336914,-176.8764190673828,2671.697021484375,154.8695068359375,-197.7236328125,2682.70947265625,93.43877410888672,-420.36468505859375,2938.91796875,-22.81081771850586,-390.24700927734375,2918.795166015625,-134.36964416503906,-157.93499755859375,2958.15625,33.62816619873047,-108.44583892822266,2829.248291015625,63.106163024902344,-196.8767242431641,2806.312255859375,72.50584411621094,-174.53453063964844,2711.00927734375,68.37987518310547,-207.1539764404297,2810.44091796875,192.81375122070312,46.879051208496094,2923.524658203125,224.88819885253903,415.1407775878906,2950.77880859375,235.9720458984375,754.2987060546875,3052.42529296875,254.1602325439453,906.0687866210938,2970.445556640625,32.48951721191406,42.71353530883789,2916.091064453125,-6.756983757019043,408.32763671875,2959.43505859375,-30.030250549316406,748.983154296875,3066.90185546875,-56.063533782958984,886.7047729492188,2990.59716796875,130.37191772460938,-527.322265625,2933.700927734375,147.375732421875,-504.5919494628906,2787.65673828125,169.6920623779297,-546.8284912109375,2807.74853515625,211.18765258789065,-576.9813232421875,2913.32177734375,122.07073974609376,-543.42529296875,2799.750732421875,58.65794372558594,-581.8922729492188,2895.7451171875
108.39714813232422,44.53120422363281,2920.303955078125,112.98048400878906,-120.86296844482422,2916.368408203125,115.90128326416016,-252.6732940673828,2927.51171875,125.77587127685548,-453.3800354003906,2941.05615234375,155.3292999267578,-418.8241882324219,2940.838134765625,278.0035705566406,-370.4179992675781,2926.888671875,358.39898681640625,-127.0804672241211,2933.469482421875,220.9617156982422,-132.278076171875,2768.00146484375,200.7615966796875,-206.61663818359375,2722.774169921875,117.74053955078124,-177.62240600585938,2674.65966796875,157.88397216796875,-199.18365478515625,2679.209716796875,92.99071502685548,-421.4768981933594,2938.743896484375,-22.920385360717773,-390.4382629394531,2916.713623046875,-130.8629608154297,-156.91783142089844,2961.953857421875,35.61054229736328,-107.64656829833984,2830.294921875,66.62039947509766,-196.23252868652344,2809.269287109375,74.41400909423828,-174.42422485351562,2713.499755859375,68.81714630126953,-206.4982452392578,2810.6943359375,192.84486389160156,46.768402099609375,2924.63232421875,224.77484130859375,415.7582702636719,2952.090087890625,236.03756713867188,754.961669921875,3055.96142578125,255.9214782714844,904.7513427734376,2970.10498046875,32.246925354003906,42.513824462890625,2916.401123046875,-6.93596887588501,408.4780578613281,2962.93212890625,-30.4778995513916,750.117919921875,3069.550048828125,-57.0359001159668,884.22802734375,2986.6259765625,129.89254760742188,-528.6875610351562,2933.679443359375,145.71205139160156,-503.5207214355469,2787.604248046875,171.3437957763672,-544.0305786132812,2807.557373046875,214.73968505859375,-571.5455932617188,2913.3427734375,123.54827117919922,-544.4507446289062,2799.314697265625,62.90218353271485,-588.740478515625,2894.88671875
108.63682556152344,44.71464538574219,2922.5673828125,112.47371673583984,-120.47608184814452,2917.759765625,114.71981048583984,-252.13394165039065,2928.971435546875,125.33514404296876,-452.652587890625,2941.060302734375,154.7335662841797,-418.03607177734375,2940.932373046875,277.1745910644531,-369.6714782714844,2926.322021484375,353.82373046875,-125.98478698730467,2943.740966796875,225.2063446044922,-142.874267578125,2772.403564453125,208.64376831054688,-216.4158477783203,2724.67626953125,133.41229248046875,-186.86463928222656,2665.59228515625,159.5948028564453,-203.6964569091797,2678.276611328125,92.46961975097656,-420.88568115234375,2939.137451171875,-23.66660499572754,-390.5919494628906,2918.091064453125,-127.36612701416016,-154.41627502441406,2957.2490234375,40.05719757080078,-110.45648956298828,2825.347900390625,68.7305908203125,-200.7508850097656,2809.42138671875,76.63994598388672,-179.21815490722656,2713.720947265625,67.69402313232422,-210.87371826171875,2809.944580078125,192.9806365966797,46.54121398925781,2927.119384765625,224.84918212890625,415.4138793945313,2949.75634765625,235.62527465820312,754.1466674804688,3053.755859375,256.0672607421875,906.369384765625,2972.877197265625,32.580299377441406,43.06754684448242,2918.46240234375,-7.43163013458252,408.95550537109375,2961.172119140625,-30.049100875854492,749.2772216796875,3070.7138671875,-55.92535400390625,884.1882934570312,2989.25732421875,129.6659393310547,-527.8020629882812,2933.150634765625,150.98138427734375,-503.71099853515625,2787.77734375,173.41708374023438,-545.714111328125,2808.321044921875,212.04876708984375,-575.8924560546875,2915.0654296875,125.98950958251952,-543.1070556640625,2798.7978515625,60.16702651977539,-583.419677734375,2892.500732421875
108.6075439453125,44.15491485595703,2922.829833984375,112.57785034179688,-121.58786010742188,2918.8525390625,114.97688293457033,-253.51046752929688,2931.81298828125,125.7258529663086,-454.8397521972656,2940.691162109375,155.21377563476562,-420.1077270507813,2940.923583984375,277.83660888671875,-371.6695861816406,2924.338623046875,353.5677490234375,-127.19115447998048,2946.250244140625,229.48046875,-128.58541870117188,2769.94677734375,206.2975921630859,-207.7134704589844,2735.114501953125,146.31932067871094,-185.27633666992188,2657.733154296875,164.0060272216797,-199.94046020507812,2681.521240234375,92.73922729492188,-422.950927734375,2939.476318359375,-23.613750457763672,-392.0465087890625,2918.238037109375,-125.47744750976562,-154.20050048828125,2957.715087890625,41.023807525634766,-111.32164764404295,2823.158447265625,69.93048858642578,-201.1466064453125,2803.55322265625,75.95268249511719,-176.8001708984375,2708.0634765625,72.83883666992188,-211.42340087890625,2805.97705078125,193.24993896484375,46.08660888671875,2926.82470703125,225.75917053222656,416.00537109375,2951.048828125,235.70648193359375,755.3646850585938,3056.971923828125,256.19207763671875,906.2450561523438,2972.468017578125,32.28177261352539,42.41302108764648,2919.227294921875,-7.853463172912598,409.63970947265625,2960.69189453125,-29.885421752929688,751.2081909179688,3070.2548828125,-61.053165435791016,885.1873779296875,2988.105224609375,130.02821350097656,-530.095703125,2931.53759765625,144.4702911376953,-513.7294921875,2783.771728515625,166.6854705810547,-555.5709228515625,2805.285400390625,210.03985595703125,-581.9577026367188,2911.637451171875,118.77523040771484,-551.793212890625,2798.04931640625,56.52663040161133,-585.376220703125,2897.19775390625
108.96588134765624,42.96344757080078,2922.09423828125,113.09453582763672,-122.78924560546876,2918.9375,115.97667694091795,-254.81765747070312,2930.62841796875,124.99274444580078,-456.160888671875,2940.9033203125,154.78860473632812,-421.6939697265625,2940.689697265625,276.9359436035156,-372.60296630859375,2922.607666015625,350.5906982421875,-127.84493255615234,2948.112060546875,234.5498809814453,-129.34104919433594,2766.41845703125,200.66114807128903,-210.68809509277344,2750.739990234375,153.44000244140625,-186.2406005859375,2665.5302734375,165.9147491455078,-195.48312377929688,2678.66748046875,92.28449249267578,-423.98876953125,2939.671875,-23.28144073486328,-389.0693664550781,2920.472412109375,-123.21318817138672,-149.8179931640625,2956.174072265625,47.08112716674805,-116.53348541259766,2823.67333984375,73.34005737304688,-207.9260101318359,2807.99072265625,82.42896270751953,-188.58775329589844,2711.604736328125,77.79120635986328,-217.33338928222656,2778.423095703125,193.6627655029297,45.026973724365234,2924.517822265625,225.0920562744141,414.56585693359375,2955.0185546875,235.9922637939453,755.3580932617188,3056.10888671875,255.80274963378903,904.4183959960938,2968.287109375,32.59098434448242,41.10267639160156,2919.90869140625,-7.241658687591553,408.54986572265625,2959.595947265625,-29.892549514770508,750.1383056640625,3068.943115234375,-56.15169525146485,884.8789672851562,2986.33203125,128.56503295898438,-531.5147705078125,2932.27099609375,145.38792419433594,-510.3123168945313,2785.377685546875,168.5966796875,-551.9933471679688,2806.13720703125,210.6970672607422,-580.0254516601562,2912.569091796875,120.7402114868164,-549.628662109375,2798.008544921875,57.71615982055664,-588.2135620117188,2894.815673828125
108.96588134765624,42.96346664428711,2922.09423828125,113.09456634521484,-122.78921508789062,2918.9375,115.97673034667967,-254.8176422119141,2930.62841796875,124.9919891357422,-456.1609191894531,2940.902099609375,154.78797912597656,-421.694091796875,2940.68896484375,276.935546875,-372.6033325195313,2922.60791015625,350.5900573730469,-127.8458251953125,2948.117431640625,234.55130004882812,-129.33787536621094,2766.422607421875,200.66323852539065,-210.6848602294922,2750.742431640625,153.44325256347656,-186.23849487304688,2665.53173828125,165.91781616210938,-195.4794006347656,2678.66943359375,92.28387451171876,-423.9886474609375,2939.670654296875,-23.28151512145996,-389.0679931640625,2920.47021484375,-123.2082061767578,-149.81439208984375,2956.171142578125,47.086769104003906,-116.53411865234376,2823.669921875,73.3436279296875,-207.9272003173828,2807.987548828125,82.43304443359375,-188.5901031494141,2711.601318359375,77.79610443115234,-217.3342437744141,2778.417236328125,193.66275024414065,45.02699279785156,2924.51806640625,225.09190368652344,414.5657958984375,2955.01953125,235.9916076660156,755.3577880859375,3056.11083984375,255.8024749755859,904.4185180664062,2968.289794921875,32.59098434448242,41.10269546508789,2919.90869140625,-7.241796493530273,408.5498352050781,2959.596435546875,-29.89284324645996,750.1380615234375,3068.944091796875,-56.15199279785156,884.878662109375,2986.332763671875,128.5640106201172,-531.5147705078125,2932.26904296875,145.3868408203125,-510.3132629394531,2785.37548828125,168.59405517578125,-551.9952392578125,2806.13525390625,210.69398498535156,-580.0287475585938,2912.56689453125,120.7376480102539,-549.6285400390625,2798.006591796875,57.712669372558594,-588.2107543945312,2894.81396484375
110.58710479736328,40.39415740966797,2922.447021484375,114.5432357788086,-125.92040252685548,2919.753173828125,117.15545654296876,-258.1480712890625,2933.97021484375,126.85964965820312,-460.2173767089844,2942.336669921875,156.6416473388672,-425.5388488769531,2942.449462890625,277.9232177734375,-373.7633666992187,2922.851318359375,344.9010314941406,-126.18507385253906,2948.125,216.2999725341797,-132.19268798828125,2774.302001953125,179.0902099609375,-205.76768493652344,2738.708251953125,133.781005859375,-186.77638244628903,2650.721923828125,152.52330017089844,-196.5149688720703,2680.44287109375,93.93814086914062,-428.0351257324219,2941.416259765625,-21.63945960998535,-392.1220397949219,2921.549560546875,-119.64146423339844,-151.9604034423828,2962.472900390625,44.89110565185547,-122.01150512695312,2821.006103515625,69.4323501586914,-214.19989013671875,2805.235107421875,72.41856384277344,-187.54994201660156,2709.88134765625,74.85803985595703,-215.3438262939453,2750.13134765625,195.5564117431641,42.370479583740234,2925.216064453125,225.47097778320312,413.5079956054687,2952.746337890625,235.6988525390625,754.8397827148438,3056.209716796875,255.92269897460935,904.9816284179688,2969.1826171875,33.9665412902832,38.61201858520508,2919.9501953125,-7.263254165649414,407.01129150390625,2960.914306640625,-30.07392120361328,749.5453491210938,3071.184326171875,-56.982051849365234,883.9954223632812,2987.28759765625,130.6876678466797,-535.7221069335938,2932.948974609375,154.9058380126953,-514.484619140625,2786.591064453125,175.43983459472656,-557.3704833984375,2808.13232421875,211.71353149414065,-587.8096923828125,2916.46435546875,127.9745101928711,-552.8875732421875,2797.908447265625,58.94289779663086,-589.3036499023438,2891.92626953125
110.41058349609376,41.23333740234375,2922.8310546875,114.32280731201172,-124.9885025024414,2919.999755859375,116.89673614501952,-257.1637268066406,2934.026611328125,126.68084716796876,-459.1357727050781,2941.945068359375,156.4292449951172,-424.4621276855469,2942.18603515625,277.653564453125,-372.57421875,2923.034423828125,345.6715087890625,-125.62218475341795,2950.14599609375,216.7029571533203,-129.99575805664062,2776.695068359375,179.4830322265625,-204.0539703369141,2742.25732421875,133.1378631591797,-188.5116424560547,2654.197265625,150.13192749023438,-195.57920837402344,2685.031982421875,93.76321411132812,-426.9851989746094,2941.044189453125,-21.73139190673828,-391.2117919921875,2920.861572265625,-118.76588439941406,-150.64646911621094,2960.78076171875,45.39567947387695,-121.70244598388672,2818.861083984375,69.29961395263672,-213.89614868164065,2802.480224609375,71.73918914794922,-186.5292510986328,2707.370849609375,74.0524673461914,-210.18641662597656,2739.668212890625,195.3326416015625,43.18435287475586,2925.63232421875,225.41395568847656,414.0470886230469,2953.89306640625,235.5016632080078,754.9349365234375,3058.15478515625,256.12139892578125,905.4119262695312,2971.99658203125,33.83262634277344,39.47402572631836,2920.304931640625,-7.369626522064209,407.6251525878906,2961.660888671875,-30.209407806396484,750.020263671875,3071.70849609375,-58.1187858581543,882.94921875,2985.90576171875,130.55926513671875,-534.5755615234375,2932.3974609375,156.70033264160156,-511.2451171875,2786.77490234375,177.5735321044922,-554.0249633789062,2808.130859375,212.61798095703125,-585.1377563476562,2916.60498046875,130.23353576660156,-550.1822509765625,2797.21630859375,60.37704086303711,-588.7789306640625,2889.654541015625
110.14603424072266,43.39734649658203,2924.1611328125,113.2277603149414,-121.9618682861328,2920.084228515625,114.91143035888672,-253.26719665527344,2935.85546875,122.53866577148438,-454.40673828125,2939.903564453125,152.47537231445312,-420.2279357910156,2941.132080078125,274.49017333984375,-371.8001098632813,2922.69921875,350.5412292480469,-128.9491729736328,2952.814453125,218.54953002929688,-117.84498596191406,2783.36376953125,173.30657958984375,-179.83502197265625,2737.71630859375,121.0052490234375,-183.5674285888672,2652.330078125,146.2191925048828,-211.23745727539065,2753.934814453125,90.12492370605467,-422.075439453125,2939.28564453125,-24.874500274658203,-386.7409362792969,2919.316162109375,-114.7612075805664,-145.67034912109375,2963.822021484375,47.25115585327149,-121.33244323730467,2820.306396484375,68.17253112792969,-213.94253540039065,2805.15966796875,69.1421890258789,-187.8524932861328,2710.192626953125,77.22958374023438,-204.25775146484375,2731.96240234375,194.6190643310547,44.88798904418945,2927.553955078125,226.95603942871097,413.9277648925781,2951.64794921875,235.25311279296875,753.70849609375,3053.404541015625,256.3634033203125,906.8301391601562,2974.1103515625,33.97297668457031,42.05316162109375,2921.10205078125,-6.9213433265686035,408.24859619140625,2962.91845703125,-30.503772735595703,750.168212890625,3068.138427734375,-56.146339416503906,885.7814331054688,2987.5263671875,125.7447280883789,-529.2958374023438,2928.97998046875,167.8137664794922,-511.1751708984375,2787.185546875,184.63546752929688,-553.7788696289062,2811.597900390625,206.6921539306641,-582.7554321289062,2923.37255859375,139.1287841796875,-548.6859741210938,2795.665283203125,58.903770446777344,-582.0437622070312,2880.593994140625
110.62051391601562,43.65925979614258,2924.2275390625,113.7136459350586,-121.86151885986328,2919.65869140625,115.40853881835938,-253.40733337402344,2934.57177734375,124.2466812133789,-454.7359924316406,2937.0009765625,154.01300048828125,-420.3541870117187,2938.458740234375,275.6641845703125,-370.5948791503906,2920.162841796875,351.93194580078125,-127.20528411865234,2947.559814453125,217.83465576171875,-112.97026824951172,2779.716064453125,170.84681701660156,-175.92523193359375,2737.06591796875,114.99403381347656,-178.9182891845703,2653.802490234375,139.74237060546875,-205.24378967285156,2769.526123046875,91.60603332519533,-422.56048583984375,2936.69140625,-23.81731605529785,-387.8741149902344,2917.251708984375,-112.6889877319336,-146.6702423095703,2964.60009765625,47.12462615966797,-123.18253326416016,2818.158203125,66.98906707763672,-215.84478759765625,2801.35400390625,67.0772476196289,-187.47726440429688,2706.928955078125,75.1169204711914,-185.0436553955078,2711.072998046875,195.1793670654297,45.14336013793945,2927.708251953125,227.2238616943359,414.4666137695313,2953.80322265625,235.2002410888672,754.6351928710938,3055.59521484375,256.429931640625,905.4950561523438,2971.727294921875,34.37007141113281,42.32098007202149,2921.088623046875,-6.327334880828857,408.7839660644531,2964.20458984375,-29.885358810424805,750.395263671875,3071.696533203125,-56.124305725097656,886.754638671875,2992.208740234375,127.88433074951172,-529.5938720703125,2925.461181640625,167.60501098632812,-513.5040283203125,2782.583740234375,186.024169921875,-555.0597534179688,2807.75439453125,210.40036010742188,-580.806396484375,2919.9677734375,140.13584899902344,-551.6804809570312,2792.3125,61.96133804321289,-585.458251953125,2879.1494140625
111.11668395996094,44.12521743774414,2923.63232421875,114.32250213623048,-121.57551574707033,2918.034912109375,115.91632080078124,-253.73944091796875,2928.27978515625,124.74819946289062,-455.0421752929687,2939.2919921875,154.5378875732422,-420.5732116699219,2939.564453125,276.9247741699219,-371.2941284179687,2923.810302734375,353.2732849121094,-127.8225326538086,2953.2744140625,223.4504852294922,-119.13732147216795,2781.3837890625,183.6200256347656,-193.71939086914065,2752.02587890625,132.68716430664062,-175.93667602539062,2667.309326171875,144.1978302001953,-209.010009765625,2805.933349609375,92.06883239746094,-422.8800048828125,2937.3310546875,-23.531049728393555,-388.5520935058594,2917.323486328125,-115.62206268310548,-147.59786987304688,2961.5498046875,44.47513198852539,-124.3569793701172,2814.95947265625,65.39990234375,-217.1455993652344,2799.480712890625,63.81973648071289,-181.63328552246097,2707.381591796875,74.96852111816406,-186.0725250244141,2707.6484375,195.6758270263672,45.57413864135742,2929.169189453125,226.9962158203125,415.4334411621094,2955.37939453125,235.07098388671875,755.8274536132812,3058.005615234375,256.6430969238281,904.9244995117188,2970.67919921875,34.86598205566406,42.818660736083984,2918.6396484375,-5.218386650085449,409.3611755371094,2965.60546875,-30.946081161499023,751.55615234375,3072.2861328125,-57.06327438354492,883.6219482421875,2985.434326171875,128.49546813964844,-530.415771484375,2930.9423828125,166.3863525390625,-505.3143615722656,2788.6669921875,185.1999664306641,-548.3836669921875,2810.97705078125,211.09417724609375,-581.0942993164062,2921.177490234375,139.05169677734375,-544.126220703125,2796.3515625,61.94993209838867,-583.4666137695312,2882.017578125
108.36287689208984,44.29692840576172,2921.723388671875,113.87098693847656,-121.0812530517578,2916.85107421875,117.3710708618164,-252.58734130859375,2931.288330078125,124.78825378417967,-453.7144775390625,2939.96240234375,154.79373168945312,-419.5367736816406,2940.17041015625,278.2261962890625,-373.0450134277344,2926.11474609375,351.6742858886719,-127.86341857910156,2941.63037109375,204.1419982910156,-124.42662048339844,2784.9814453125,154.1205291748047,-158.02874755859375,2719.0107421875,91.85330200195312,-174.0535430908203,2642.077880859375,127.71964263916016,-190.9260101318359,2712.848388671875,92.3899383544922,-421.3409423828125,2938.836181640625,-22.392534255981445,-384.66644287109375,2919.5810546875,-114.0958251953125,-140.98834228515625,2941.31103515625,44.47348403930664,-126.72027587890624,2792.48681640625,66.76593780517578,-219.93861389160156,2784.197998046875,60.69944763183594,-177.19873046875,2695.603515625,67.70674133300781,-182.3147735595703,2682.393798828125,192.8296661376953,46.9906120300293,2925.781982421875,224.9647521972656,415.6387023925781,2958.260009765625,236.1509552001953,756.2743530273438,3057.627197265625,255.3195648193359,906.9180297851562,2973.03271484375,32.19544982910156,41.867916107177734,2918.0634765625,-6.65207576751709,407.3928833007813,2968.80224609375,-30.639081954956055,749.8192749023438,3073.0419921875,-55.912330627441406,886.2945556640625,2993.578125,127.82234191894533,-528.888671875,2930.75439453125,178.35910034179688,-509.2098693847656,2791.864990234375,194.1756591796875,-551.8174438476562,2817.000732421875,209.6631774902344,-581.375244140625,2929.799072265625,149.6509246826172,-547.143310546875,2798.311767578125,64.70520782470703,-582.0986938476562,2877.95166015625
108.9428253173828,45.096473693847656,2921.624755859375,114.1516571044922,-120.05307006835938,2917.40673828125,117.53768920898438,-251.2915802001953,2932.4189453125,125.2783660888672,-452.1549377441406,2939.5537109375,155.18069458007812,-417.98284912109375,2940.016845703125,278.2445983886719,-371.3342590332031,2925.204345703125,352.70684814453125,-127.25110626220705,2945.81689453125,201.9091796875,-114.29448699951172,2793.286865234375,151.0105438232422,-149.772705078125,2729.182861328125,90.31273651123048,-174.2546844482422,2653.433349609375,124.1621322631836,-199.167724609375,2753.208251953125,92.87632751464844,-419.8777160644531,2938.678466796875,-22.350839614868164,-385.8261413574219,2918.481201171875,-111.09127807617188,-141.76109313964844,2943.119140625,38.103885650634766,-121.30343627929688,2786.046142578125,63.77983093261719,-213.17263793945312,2774.7548828125,58.53416442871094,-152.7272491455078,2697.287109375,73.66651153564453,-189.5003204345703,2686.530029296875,193.30894470214844,47.669002532958984,2925.0849609375,225.3820343017578,415.7335815429687,2957.67431640625,235.67291259765625,756.0220947265625,3056.364501953125,256.8434753417969,906.0455322265624,2971.697265625,32.866180419921875,42.77670669555664,2918.504150390625,-6.411626815795898,408.1349182128906,2965.801025390625,-30.453449249267575,750.0963134765625,3069.645263671875,-56.04228973388672,887.9404296875,2993.199951171875,128.4312744140625,-527.1357421875,2929.7900390625,180.6095428466797,-511.9800109863281,2791.18798828125,196.6057586669922,-553.3319091796875,2818.079833984375,210.8426818847656,-578.4017333984375,2931.935302734375,152.3641357421875,-549.98193359375,2798.6435546875,66.88982391357422,-583.0634765625,2878.231201171875
110.50720977783205,46.49119186401367,2924.796875,115.63433074951172,-118.45867156982422,2919.62255859375,118.75520324707033,-249.5987243652344,2934.319580078125,126.40438842773438,-450.3393249511719,2938.327880859375,156.2332000732422,-416.2125549316406,2940.155517578125,279.5950622558594,-369.0743408203125,2932.22021484375,347.7886962890625,-122.67488098144533,2925.55615234375,205.3822326660156,-97.11285400390624,2766.9921875,159.66891479492188,-161.84017944335938,2726.218017578125,82.44465637207031,-174.8101348876953,2664.019775390625,136.53045654296875,-190.06382751464844,2802.828857421875,94.05393981933594,-418.0895690917969,2937.12060546875,-20.8110294342041,-384.4046936035156,2915.1044921875,-109.74018096923828,-140.8643798828125,2941.2861328125,35.180809020996094,-121.45211791992188,2780.442626953125,62.3587532043457,-212.85614013671875,2769.7724609375,59.33209609985352,-142.17701721191406,2701.5283203125,73.97177124023438,-183.18800354003903,2679.81103515625,194.7489318847656,48.975467681884766,2929.0751953125,226.19488525390625,416.9982299804687,2958.088623046875,235.3148956298828,756.2142944335938,3059.2099609375,257.0099792480469,902.9818725585938,2969.49560546875,34.542747497558594,44.25101089477539,2920.938720703125,-4.7596917152404785,409.6640930175781,2964.580810546875,-30.6771297454834,750.5158081054688,3070.298583984375,-55.97901153564453,885.35009765625,2988.903076171875,129.85525512695312,-525.068603515625,2927.42333984375,187.82568359375,-512.1914672851562,2791.079833984375,201.68455505371097,-553.69189453125,2818.810546875,210.72543334960935,-578.2801513671875,2933.1728515625,158.39735412597656,-549.3921508789062,2797.619140625,69.10991668701172,-579.7628173828125,2873.833984375
109.69033813476562,47.66508102416992,2924.733154296875,114.03020477294922,-117.02155303955078,2921.03759765625,116.63018035888672,-247.7819976806641,2936.8427734375,124.38264465332033,-448.1437072753906,2939.576171875,154.1394805908203,-414.0797424316406,2941.528564453125,277.7770690917969,-368.7684631347656,2931.789794921875,350.85760498046875,-124.22109985351562,2934.192138671875,212.23809814453125,-104.60211944580078,2772.038330078125,161.88702392578125,-164.72695922851562,2730.081787109375,83.56387329101562,-174.0923309326172,2668.93603515625,137.99571228027344,-190.99810791015625,2811.390869140625,92.0754852294922,-415.968505859375,2938.662109375,-22.55888938903809,-383.55462646484375,2914.927490234375,-109.79144287109376,-139.3349609375,2934.56396484375,37.1142463684082,-114.3365707397461,2776.902099609375,65.64775848388672,-204.7579803466797,2763.4580078125,67.99790954589844,-158.73580932617188,2676.853515625,78.91484069824219,-175.1611785888672,2675.30224609375,193.79830932617188,49.796329498291016,2928.52978515625,226.30648803710935,416.9896240234375,2957.56689453125,235.5269470214844,756.0742797851562,3056.65869140625,255.2318572998047,905.1029052734376,2970.96240234375,33.84648132324219,45.74324417114258,2921.309814453125,-5.860645294189453,410.3434753417969,2965.204833984375,-30.343364715576172,750.3486938476562,3071.604736328125,-55.7270622253418,886.8211669921875,2993.6533203125,127.83609008789062,-522.65478515625,2928.219970703125,179.61904907226562,-506.4239501953125,2790.0751953125,196.1597595214844,-547.4903564453125,2816.772216796875,210.72329711914065,-572.5868530273438,2930.213623046875,152.00653076171875,-544.7312622070312,2797.4072265625,67.28170776367188,-579.1478881835938,2876.669921875
107.95111846923828,45.98798370361328,2922.846435546875,111.95262145996094,-119.25609588623048,2920.30712890625,113.82169342041016,-250.3388214111328,2937.034423828125,121.57713317871094,-451.3322143554687,2940.40966796875,151.4080810546875,-417.152587890625,2942.559814453125,274.8090515136719,-369.60931396484375,2934.965087890625,340.0615539550781,-122.11641693115234,2927.448974609375,210.50254821777344,-94.42312622070312,2758.228271484375,166.44398498535156,-166.33377075195312,2729.091796875,76.58309936523438,-180.4114227294922,2687.2392578125,140.9981689453125,-191.2595672607422,2804.7109375,89.17620849609375,-419.0585021972656,2939.092041015625,-25.909095764160156,-385.78662109375,2916.779052734375,-106.95808410644533,-138.44406127929688,2934.784912109375,34.9345588684082,-109.63943481445312,2772.29931640625,66.45509338378906,-199.0245056152344,2756.601318359375,79.04657745361328,-152.36154174804688,2670.871826171875,84.11080169677734,-178.5355224609375,2682.018310546875,192.2143096923828,47.938289642333984,2928.714599609375,225.16307067871097,416.2181091308594,2958.561279296875,235.97080993652344,756.0570068359375,3058.935302734375,255.265625,905.0999755859376,2972.06005859375,31.967288970947266,44.22930145263672,2917.5546875,-4.921592712402344,409.4885864257813,2967.906005859375,-30.865375518798828,750.7199096679688,3073.870849609375,-55.85798645019531,884.35693359375,2990.0595703125,125.15261840820312,-526.1126098632812,2929.2587890625,183.76698303222656,-505.9489135742187,2793.879150390625,199.08169555664065,-547.8894653320312,2820.267333984375,208.1626892089844,-576.2654418945312,2933.89404296875,155.78237915039062,-544.5623168945312,2798.79248046875,67.05457305908203,-581.2894897460938,2873.07373046875
108.1991729736328,45.54168701171875,2924.402587890625,112.1957015991211,-119.55684661865234,2921.01611328125,114.03978729248048,-250.6382751464844,2936.91259765625,123.40258026123048,-451.430419921875,2937.872802734375,152.94888305664062,-417.0677185058594,2940.265869140625,276.763916015625,-370.8685607910156,2932.9404296875,345.24322509765625,-124.435302734375,2939.646240234375,222.64450073242188,-102.07707977294922,2764.760986328125,168.0037384033203,-165.18228149414062,2733.443359375,94.74551391601562,-157.815673828125,2665.708740234375,139.6185302734375,-187.4436492919922,2790.416015625,90.765380859375,-419.4291687011719,2937.10888671875,-24.880268096923828,-386.9675903320313,2917.148681640625,-97.13358306884766,-136.84686279296875,2930.68408203125,38.54835891723633,-107.61506652832033,2763.274169921875,70.75555419921875,-196.93768310546875,2749.157958984375,90.11000061035156,-146.70228576660156,2666.865234375,104.55892944335938,-168.42645263671875,2673.589111328125,192.3856506347656,47.45612335205078,2930.422607421875,225.62928771972656,415.6319885253906,2957.456298828125,235.2145538330078,755.9173583984375,3055.42578125,257.035400390625,904.1472778320312,2968.0322265625,32.2845344543457,43.81536102294922,2918.973876953125,-5.174931049346924,408.9761962890625,2967.43212890625,-31.049589157104492,750.6915283203125,3070.86865234375,-55.703826904296875,885.4827880859375,2989.069580078125,127.50847625732422,-525.9845581054688,2925.83056640625,192.9061737060547,-516.798095703125,2792.512451171875,204.27796936035156,-558.1488037109375,2821.606201171875,206.68179321289065,-580.9916381835938,2936.711669921875,162.26661682128906,-553.1982421875,2798.0712890625,68.33604431152344,-580.17431640625,2869.941162109375
108.00157165527344,44.69334411621094,2925.343505859375,111.69471740722656,-120.52645874023438,2920.906494140625,113.88933563232422,-251.76617431640625,2936.3701171875,122.2483139038086,-452.773193359375,2935.732177734375,152.01882934570312,-418.548828125,2938.0517578125,274.5170593261719,-369.5566711425781,2926.151123046875,348.1939392089844,-127.27870178222656,2964.19091796875,237.76173400878903,-114.9165496826172,2780.221435546875,181.80572509765625,-169.9265899658203,2737.737548828125,117.97908020019533,-153.07052612304688,2662.4521484375,143.6689453125,-191.7266845703125,2791.23486328125,89.74040985107422,-420.5773010253906,2935.5712890625,-25.86197853088379,-385.9283447265625,2918.64208984375,-102.38980865478516,-136.72744750976562,2929.640869140625,38.64022445678711,-101.6332015991211,2767.626220703125,72.82405853271484,-190.2155303955078,2752.95458984375,90.10588836669922,-141.2040252685547,2669.37353515625,97.91667938232422,-169.74749755859375,2681.946044921875,192.41273498535156,46.49195861816406,2928.628662109375,224.99468994140625,414.7942199707031,2958.838134765625,234.32113647460935,755.7482299804688,3055.57861328125,257.31573486328125,906.935546875,2973.419189453125,31.884326934814453,43.07145309448242,2922.381103515625,-6.788436412811279,409.0021362304687,2966.24267578125,-30.93515968322754,751.6497192382812,3068.04345703125,-60.005332946777344,884.5292358398438,2984.3271484375,125.84353637695312,-527.3173217773438,2923.080078125,197.15484619140625,-518.390869140625,2792.66845703125,207.3674774169922,-559.6246948242188,2822.42822265625,204.7073211669922,-582.04248046875,2937.712646484375,166.39727783203125,-554.910888671875,2797.00146484375,69.3641128540039,-581.9772338867188,2864.770751953125
107.890869140625,45.60560607910156,2925.212158203125,111.7193832397461,-119.45793914794922,2920.82470703125,113.57791900634766,-250.5959014892578,2936.14013671875,122.11576080322266,-451.408203125,2935.914794921875,151.77835083007812,-417.1861877441406,2938.761474609375,275.2083740234375,-369.4994812011719,2936.330322265625,343.01190185546875,-122.81592559814452,2937.51708984375,227.1422576904297,-129.52239990234375,2756.863037109375,160.76290893554688,-182.91989135742188,2730.601318359375,86.70543670654297,-152.2410430908203,2670.75634765625,124.45915222167967,-189.36038208007812,2711.551513671875,89.61917114257812,-419.2717895507813,2935.08837890625,-24.358741760253903,-384.0394592285156,2910.777099609375,-114.65604400634766,-142.77645874023438,2950.652099609375,8.320398330688477,-100.21967315673828,2776.4482421875,46.87630462646485,-186.4221649169922,2759.244873046875,83.0221176147461,-142.51181030273438,2679.03369140625,77.10826873779297,-167.3314208984375,2701.035888671875,192.12005615234375,47.41836166381836,2930.5126953125,225.0236358642578,415.58746337890625,2957.580810546875,235.53575134277344,755.563232421875,3056.406982421875,256.995849609375,905.3448486328124,2971.641357421875,31.93769645690918,43.97096633911133,2920.4326171875,-6.440840721130371,408.8074035644531,2970.330078125,-30.53061294555664,751.3816528320312,3071.2099609375,-60.06252670288086,883.6828002929688,2987.02490234375,126.01566314697266,-525.89501953125,2923.439208984375,202.66273498535156,-514.6958618164062,2796.432861328125,209.64556884765625,-557.6737670898438,2824.52734375,201.3751220703125,-585.1402587890625,2938.33203125,170.02279663085938,-549.7208251953125,2797.886962890625,69.28507232666016,-574.8277587890625,2860.614501953125
108.26324462890624,45.99747467041016,2924.05419921875,112.26363372802734,-119.13343048095705,2921.463134765625,113.99874114990234,-250.12176513671875,2938.235107421875,121.57731628417967,-451.004150390625,2936.298583984375,151.38841247558594,-416.9459533691406,2939.65966796875,274.8360595703125,-369.1693115234375,2939.379638671875,342.72357177734375,-122.6111831665039,2930.524169921875,232.54632568359375,-126.80679321289062,2746.21826171875,165.14358520507812,-183.7561492919922,2733.409912109375,81.94737243652344,-153.1070098876953,2687.039306640625,128.7351837158203,-188.0771942138672,2709.56640625,89.23527526855469,-418.6978454589844,2935.524169921875,-24.466611862182617,-382.6300354003906,2911.022705078125,-118.07989501953124,-142.84979248046875,2952.507568359375,4.883914947509766,-101.15953063964844,2778.0302734375,44.8731689453125,-187.09632873535156,2762.77099609375,84.51042938232422,-136.96435546875,2688.017578125,79.46868133544922,-180.9071350097656,2724.882080078125,192.4281768798828,47.93553924560547,2930.4833984375,226.0930938720703,416.0246276855469,2958.70703125,235.4937286376953,755.563232421875,3059.38818359375,257.14605712890625,901.7748413085938,2968.58154296875,32.36802673339844,44.24983596801758,2918.2568359375,-5.889195919036865,409.3545227050781,2966.82373046875,-30.56497383117676,751.019775390625,3070.852783203125,-56.00012969970703,884.0365600585938,2986.39697265625,125.21038818359376,-525.41162109375,2923.19189453125,204.6942443847656,-508.6323547363281,2798.530029296875,211.923095703125,-552.3214721679688,2825.460693359375,201.47000122070312,-583.5108642578125,2938.1455078125,172.79193115234375,-544.370361328125,2798.085205078125,71.10015106201172,-573.5435791015625,2857.47265625
112.65280151367188,44.88064956665039,2924.74853515625,115.25513458251952,-120.39185333251952,2922.072509765625,116.11945343017578,-251.48817443847656,2938.791748046875,122.01782989501952,-452.5446472167969,2935.2314453125,152.10572814941406,-418.7480773925781,2939.147216796875,275.59332275390625,-370.8407287597656,2940.599853515625,344.01141357421875,-124.15499877929688,2934.7421875,225.04136657714844,-133.40391540527344,2755.996337890625,161.6995391845703,-193.0691680908203,2736.26416015625,84.94941711425781,-152.69937133789062,2686.2158203125,127.3449478149414,-188.4749755859375,2699.388671875,89.93649291992188,-419.9351806640625,2934.439453125,-23.630895614624023,-383.7681579589844,2909.0546875,-116.55919647216795,-142.69239807128906,2945.392822265625,10.475717544555664,-94.26785278320312,2775.44140625,51.07271957397461,-179.5017547607422,2757.63623046875,85.72185516357422,-130.88426208496094,2679.3955078125,80.36793518066406,-180.10308837890625,2730.264892578125,196.96405029296875,46.121246337890625,2930.117431640625,226.1200256347656,414.7044982910156,2960.235595703125,234.7434234619141,756.1372680664062,3055.291259765625,259.2039794921875,903.8311157226562,2967.412841796875,36.62562942504883,43.7619514465332,2919.90673828125,-4.709217548370361,409.1467895507813,2965.73388671875,-30.933069229125977,750.6652221679688,3070.7197265625,-56.187591552734375,885.669189453125,2989.2041015625,125.140625,-526.9202880859375,2921.52294921875,205.08099365234375,-508.67242431640625,2797.236083984375,212.38877868652344,-552.6074829101562,2823.812255859375,201.6292266845703,-584.8902587890625,2936.2451171875,173.30221557617188,-544.5564575195312,2796.343017578125,71.43460083007812,-574.6971435546875,2855.115478515625
112.3499526977539,45.88545608520508,2926.298828125,115.68215942382812,-119.48713684082033,2922.032470703125,116.85188293457033,-250.84263610839844,2937.5849609375,124.09310150146484,-452.0622253417969,2936.48974609375,153.98561096191406,-417.9904479980469,2939.958251953125,277.8914489746094,-370.8229675292969,2939.640869140625,340.4439392089844,-122.4136199951172,2931.5478515625,235.2821807861328,-134.21517944335938,2744.26953125,165.40017700195312,-187.7419891357422,2729.203369140625,83.85440826416016,-153.61488342285156,2681.99609375,133.29360961914062,-187.4164581298828,2696.309326171875,91.7656478881836,-419.6504211425781,2935.33203125,-21.832748413085938,-383.03851318359375,2910.20654296875,-115.47030639648438,-142.5320587158203,2949.994140625,10.823935508728027,-88.36296081542969,2780.97998046875,52.61822509765625,-172.76039123535156,2761.57275390625,91.6847915649414,-125.80477905273438,2684.2939453125,77.8665771484375,-168.4896697998047,2724.9306640625,196.6462554931641,47.414405822753906,2932.872314453125,226.0575256347656,416.5828857421875,2959.4150390625,234.7828826904297,756.8345336914062,3059.72412109375,259.4465026855469,902.5792846679688,2968.411376953125,36.33625793457031,44.50673294067383,2920.371337890625,-5.211517333984375,410.1134033203125,2966.888427734375,-30.724225997924805,751.902587890625,3072.25146484375,-55.977901458740234,886.3756713867188,2989.5888671875,127.70038604736328,-526.6445922851562,2923.68212890625,202.51905822753903,-512.6895751953125,2795.552001953125,210.78195190429688,-555.8395385742188,2823.20263671875,204.60092163085935,-584.5416259765625,2937.051513671875,170.57691955566406,-548.462158203125,2797.11767578125,71.05519104003906,-576.2721557617188,2861.0537109375
111.63745880126952,46.18464660644531,2924.37109375,114.55975341796876,-118.8694076538086,2920.37451171875,115.0478515625,-249.9495849609375,2936.0244140625,120.36473846435548,-450.81793212890625,2934.121337890625,150.5380096435547,-417.11187744140625,2937.53466796875,274.56689453125,-371.0348815917969,2936.746337890625,342.72412109375,-125.02218627929688,2952.677734375,240.91395568847656,-131.4534149169922,2763.789306640625,181.5741424560547,-192.015869140625,2736.321044921875,115.40779876708984,-153.24795532226562,2672.121337890625,151.17364501953125,-187.4336700439453,2694.657470703125,88.40397644042969,-418.16363525390625,2933.282470703125,-25.9405517578125,-383.4113464355469,2910.171142578125,-116.40428924560548,-141.68434143066406,2946.290771484375,10.09055233001709,-102.11730194091795,2773.973876953125,49.87284469604492,-188.36224365234375,2760.250244140625,89.36659240722656,-129.18153381347656,2692.412841796875,74.95372009277344,-184.2784118652344,2721.689697265625,195.6263885498047,47.473670959472656,2932.548095703125,226.29945373535156,415.759765625,2959.478515625,234.56463623046875,755.7853393554688,3058.055419921875,259.4419250488281,901.8308715820312,2967.95361328125,35.900943756103516,45.02227783203125,2916.997314453125,-3.710545539855957,409.6729736328125,2966.657958984375,-31.102062225341797,751.0000610351562,3070.5849609375,-55.59391021728515,883.3253784179688,2984.903564453125,123.18331909179688,-525.2308959960938,2921.033935546875,207.58395385742188,-508.07177734375,2799.779052734375,213.17059326171875,-552.164794921875,2826.397216796875,197.97586059570312,-584.5586547851562,2938.14599609375,175.24917602539062,-543.330078125,2797.6611328125,71.0054702758789,-571.7659912109375,2852.716552734375
111.76707458496094,46.56859588623047,2926.604248046875,114.34196472167967,-118.28626251220705,2921.480712890625,114.9356460571289,-249.3360290527344,2936.182373046875,120.5918960571289,-449.9854431152344,2934.483642578125,150.6707000732422,-416.2602233886719,2937.90673828125,274.281005859375,-369.5822448730469,2934.484375,341.3485412597656,-123.84630584716795,2954.475830078125,245.8255615234375,-129.124755859375,2762.548583984375,189.19776916503903,-191.8817138671875,2734.58984375,118.09056854248048,-154.1742401123047,2675.39990234375,155.11346435546875,-189.52850341796875,2697.825439453125,88.61051940917969,-417.4208068847656,2933.565185546875,-25.218799591064453,-383.0596618652344,2908.117919921875,-116.66163635253906,-142.45553588867188,2947.173095703125,6.593972206115723,-109.3028793334961,2771.47705078125,46.8115348815918,-195.8756103515625,2762.673828125,91.68157958984376,-127.89305877685548,2707.821533203125,70.09754943847656,-187.6204071044922,2719.850341796875,195.81546020507812,47.679161071777344,2933.110107421875,226.17774963378903,415.5931091308594,2960.117919921875,234.9680633544922,755.3712158203125,3058.162841796875,255.2518310546875,902.6655883789062,2969.30224609375,35.97695541381836,45.5671501159668,2920.73779296875,-4.8424153327941895,410.4111022949219,2964.781982421875,-30.601951599121097,751.0223388671875,3070.1689453125,-55.85491561889648,885.47021484375,2988.4150390625,123.55427551269533,-524.3277587890625,2921.486083984375,202.94595336914065,-503.0483703613281,2797.718994140625,210.78082275390625,-547.2521362304688,2823.46630859375,200.56239318847656,-581.5238647460938,2935.091064453125,171.6538848876953,-539.2005004882812,2796.24169921875,70.43930053710938,-571.4679565429688,2854.465087890625
111.91178894042967,46.18182373046875,2926.181396484375,114.57826232910156,-118.71822357177734,2921.15673828125,115.2191925048828,-249.76853942871097,2936.160888671875,120.99488830566406,-450.4732971191406,2935.381103515625,151.0455780029297,-416.7072143554687,2938.807373046875,274.9524841308594,-370.6394653320313,2936.77587890625,344.5738525390625,-125.69347381591795,2958.517333984375,250.742431640625,-129.32818603515625,2765.656494140625,194.61863708496097,-192.26092529296875,2737.010009765625,123.95853424072266,-154.27383422851562,2677.42041015625,161.10366821289062,-189.6390686035156,2699.47705078125,88.99236297607422,-417.922607421875,2934.15625,-24.7000675201416,-383.6678161621094,2907.815673828125,-116.14356231689452,-142.37448120117188,2942.870849609375,9.222335815429688,-114.08193969726562,2767.747802734375,48.96136474609375,-201.14683532714844,2761.818359375,93.27143096923828,-130.27859497070312,2710.212890625,72.58393859863281,-190.14370727539065,2714.841064453125,195.9790802001953,47.34188461303711,2932.72265625,226.2975616455078,415.3898315429687,2959.290771484375,235.15316772460935,755.3993530273438,3056.8642578125,255.2279510498047,903.12890625,2968.591796875,36.104618072509766,45.135746002197266,2920.28271484375,-5.090396881103516,410.0415344238281,2964.28466796875,-31.097768783569336,750.5872192382812,3070.14208984375,-56.06763458251953,885.78955078125,2989.470703125,124.06427764892578,-524.8905029296875,2922.7255859375,203.7720184326172,-503.9631652832031,2799.0546875,211.76698303222656,-547.9675903320312,2825.11962890625,201.3617706298828,-581.5845947265625,2936.958740234375,172.67713928222656,-540.3067016601562,2797.70703125,71.4213638305664,-572.7680053710938,2855.8173828125
111.7826690673828,46.53464889526367,2924.73876953125,114.59394073486328,-118.1673812866211,2918.59521484375,115.42381286621094,-249.2277984619141,2932.342041015625,121.49602508544922,-449.72467041015625,2934.216552734375,151.47341918945312,-415.9036865234375,2937.1328125,275.33465576171875,-370.06353759765625,2935.40625,346.0108642578125,-128.52464294433594,2978.5048828125,256.43536376953125,-126.64666748046876,2783.83154296875,203.44677734375,-193.29002380371097,2758.01025390625,139.63070678710938,-164.85992431640625,2686.687255859375,174.28993225097656,-203.28614807128903,2725.85546875,89.47258758544922,-417.2718505859375,2932.62255859375,-24.76206398010254,-383.8040161132813,2908.224365234375,-112.53987884521484,-142.24972534179688,2948.60205078125,9.055108070373535,-125.16948699951172,2769.66650390625,47.027984619140625,-213.1147918701172,2770.5478515625,90.81053924560548,-132.14064025878906,2736.5380859375,73.45894622802734,-188.35696411132812,2713.90380859375,195.7838592529297,47.73184967041016,2931.081787109375,226.63104248046875,415.1629943847656,2960.500732421875,235.16354370117188,754.9544677734375,3057.636474609375,256.9316101074219,902.0502319335938,2969.03173828125,36.03510665893555,45.455081939697266,2919.019287109375,-5.1832275390625,409.7423706054687,2965.107421875,-31.18947410583496,749.761962890625,3071.501708984375,-56.00931930541992,886.117919921875,2993.05712890625,124.65072631835938,-524.2276000976562,2922.55615234375,201.746826171875,-502.2210998535156,2797.593994140625,210.96034240722656,-545.971923828125,2823.58544921875,203.0986785888672,-579.46142578125,2935.552978515625,171.309814453125,-539.0755004882812,2796.865234375,71.76139831542969,-573.1432495117188,2856.73779296875
111.80704498291016,46.51496124267578,2924.723388671875,114.62483978271484,-118.19164276123048,2918.57177734375,115.4584503173828,-249.2569580078125,2932.31005859375,121.51184844970705,-449.7604064941406,2934.194580078125,151.49075317382812,-415.9409484863281,2937.1337890625,275.37945556640625,-370.15625,2935.6103515625,346.10821533203125,-128.69476318359375,2979.1005859375,256.8659362792969,-126.547607421875,2784.27001953125,204.09066772460935,-193.2779998779297,2758.22802734375,140.5269317626953,-164.84503173828125,2686.67724609375,175.2455596923828,-203.217529296875,2725.6806640625,89.49156188964844,-417.3038024902344,2932.57421875,-24.67787170410156,-383.7732849121094,2907.939453125,-112.14293670654295,-141.96153259277344,2947.497314453125,9.847402572631836,-125.70712280273438,2768.74609375,47.62440872192383,-213.73635864257812,2769.9306640625,92.18944549560548,-133.42428588867188,2735.36328125,74.18191528320312,-189.14810180664065,2713.129638671875,195.81019592285156,47.71488571166992,2931.073974609375,226.63967895507812,415.1563720703125,2960.52294921875,235.1363525390625,754.948974609375,3057.69677734375,256.92474365234375,902.1136474609376,2969.20166015625,36.057716369628906,45.43293762207031,2918.996826171875,-5.17879056930542,409.7270812988281,2965.104248046875,-31.212867736816406,749.7594604492188,3071.4873046875,-56.03889465332031,885.9556884765625,2992.75830078125,124.66951751708984,-524.2661743164062,2922.538330078125,201.84423828125,-502.3492431640625,2797.603515625,211.0474090576172,-546.0792236328125,2823.636962890625,203.1189727783203,-579.480712890625,2935.6298828125,171.41172790527344,-539.2094116210938,2796.88525390625,71.82688903808594,-573.243408203125,2856.72412109375
111.86412811279295,45.31435775756836,2926.205810546875,114.94952392578124,-119.54237365722656,2920.1552734375,116.07878875732422,-250.78805541992188,2933.296142578125,122.47346496582033,-451.4708862304687,2932.23828125,152.41629028320312,-417.61761474609375,2935.7421875,276.43701171875,-371.8170471191406,2936.09130859375,346.0219421386719,-133.35919189453125,2996.19921875,261.6543273925781,-118.45654296875,2799.547119140625,218.27359008789065,-189.7896270751953,2768.553955078125,159.56808471679688,-167.44805908203125,2690.82958984375,182.8623962402344,-210.01409912109375,2756.1943359375,90.3723373413086,-419.0174865722656,2931.027587890625,-23.085847854614254,-383.2317810058594,2905.73876953125,-106.1702880859375,-138.58505249023438,2938.248779296875,22.898548126220703,-135.35423278808594,2763.5634765625,59.513065338134766,-223.79293823242188,2757.867431640625,112.44873809814452,-176.50013732910156,2689.9716796875,69.59270477294922,-207.9222869873047,2698.170166015625,195.9526824951172,46.6600456237793,2932.419921875,226.034423828125,414.6746520996094,2959.662353515625,234.9077911376953,755.0536499023438,3055.925048828125,256.8400573730469,902.8826904296876,2968.266357421875,36.03778076171875,44.100887298583984,2920.602294921875,-5.227442741394043,408.66015625,2967.299560546875,-31.070045471191406,749.7410888671875,3071.44873046875,-55.973358154296875,885.3827514648438,2991.50048828125,125.78456115722656,-525.8595581054688,2919.480712890625,203.09710693359375,-515.5023193359375,2792.986328125,210.0974578857422,-558.1364135742188,2821.4990234375,201.2486114501953,-584.5425415039062,2935.38720703125,170.64691162109375,-550.6307983398438,2794.565185546875,69.73886108398438,-575.5994262695312,2856.83154296875
111.8689193725586,45.3157958984375,2926.20263671875,114.95962524414062,-119.54142761230467,2920.14306640625,116.09294891357422,-250.7887420654297,2933.274658203125,122.53236389160156,-451.4712219238281,2932.2138671875,152.46768188476562,-417.6111755371094,2935.719482421875,276.4750061035156,-371.7720947265625,2936.046142578125,345.94573974609375,-133.24960327148438,2996.035400390625,261.5704040527344,-118.4737548828125,2799.375732421875,218.2445068359375,-189.8459625244141,2768.39453125,159.575927734375,-167.54344177246094,2690.630126953125,182.8680419921875,-209.9847412109375,2755.722900390625,90.42389678955078,-419.0247802734375,2931.00244140625,-23.038684844970703,-383.2595825195313,2905.701171875,-106.10755157470705,-138.59446716308594,2938.12451171875,22.984289169311523,-135.5337371826172,2763.451416015625,59.52353286743164,-224.01104736328125,2757.86328125,112.54671478271484,-176.9595184326172,2689.867431640625,69.64838409423828,-208.406494140625,2698.326904296875,195.9577789306641,46.6638069152832,2932.41845703125,226.02777099609375,414.6781005859375,2959.704833984375,234.86021423339844,755.0411376953125,3056.03515625,256.8198547363281,902.9055786132812,2968.440673828125,36.04228973388672,44.1002311706543,2920.59765625,-5.229648113250732,408.6542663574219,2967.345703125,-31.047670364379883,749.7122192382812,3071.5830078125,-55.98860931396485,885.411376953125,2991.742431640625,125.86055755615234,-525.859375,2919.455078125,203.25320434570312,-515.291015625,2793.025634765625,210.3025665283203,-557.9322509765625,2821.51611328125,201.4102325439453,-584.4276123046875,2935.380615234375,170.86001586914062,-550.4745483398438,2794.556884765625,69.94532012939453,-575.651611328125,2856.72998046875
109.92626190185548,43.711708068847656,2924.7802734375,112.22108459472656,-121.67774200439452,2922.298095703125,112.94149780273438,-252.81399536132812,2939.398193359375,120.62913513183594,-453.8835144042969,2933.342041015625,150.40980529785156,-419.85791015625,2937.916015625,273.0823669433594,-370.1911315917969,2930.548828125,342.0035705566406,-136.21620178222656,3009.044677734375,251.6097412109375,-114.86900329589844,2815.075927734375,220.2116241455078,-194.83499145507812,2790.7529296875,168.14598083496094,-173.40701293945312,2707.877197265625,182.80142211914065,-207.86050415039065,2753.71533203125,88.24937438964844,-421.52386474609375,2932.716552734375,-25.213680267333984,-384.3860168457031,2907.88623046875,-107.99945831298828,-138.98016357421875,2940.843994140625,29.71415138244629,-136.79025268554688,2772.1455078125,55.077022552490234,-229.30413818359375,2765.815185546875,84.17749786376953,-192.6649932861328,2679.158447265625,79.21794128417969,-213.7738800048828,2691.198486328125,194.3260498046875,44.80976867675781,2929.6455078125,225.79588317871097,413.3326110839844,2961.16455078125,234.02012634277344,754.9791259765625,3056.362060546875,257.0369873046875,901.936279296875,2966.65087890625,33.81925964355469,42.721534729003906,2920.393310546875,-5.313634872436523,408.6756896972656,2965.588623046875,-31.01918601989746,749.9824829101562,3072.187255859375,-54.86252975463867,886.4122924804688,2992.4326171875,124.50753021240234,-528.0985717773438,2918.71044921875,204.10006713867188,-507.9919128417969,2794.369384765625,211.3825225830078,-552.4141845703125,2820.198974609375,200.93209838867188,-586.5606689453125,2932.19091796875,172.19375610351562,-543.789794921875,2792.994384765625,70.38681030273438,-574.6395874023438,2851.669677734375
108.20600128173828,44.96248626708984,2926.55126953125,110.9960479736328,-120.23784637451172,2922.572021484375,112.55935668945312,-251.40911865234375,2938.356201171875,120.9802703857422,-452.3431091308594,2936.16064453125,150.61048889160156,-418.15765380859375,2940.053955078125,272.56756591796875,-367.4889831542969,2930.23193359375,346.26531982421875,-131.33583068847656,2996.0771484375,246.277099609375,-116.8497085571289,2806.450927734375,219.76272583007812,-201.04649353027344,2793.595947265625,171.37432861328125,-183.6890869140625,2707.705322265625,178.58111572265625,-218.68069458007812,2756.82275390625,88.5102767944336,-420.15087890625,2934.939208984375,-24.68532371520996,-383.79449462890625,2908.3447265625,-108.6665267944336,-138.2945098876953,2935.089599609375,31.69342803955078,-143.3313751220703,2768.910400390625,61.370643615722656,-233.41844177246097,2753.785888671875,89.68767547607422,-191.2779235839844,2669.505615234375,85.10404968261719,-214.54132080078125,2685.2802734375,192.61439514160156,46.31807327270508,2929.456787109375,225.3370056152344,414.6010437011719,2958.377685546875,234.86729431152344,755.2349243164062,3055.840087890625,256.40374755859375,901.3536987304688,2964.712158203125,32.091243743896484,43.74009704589844,2923.931640625,-7.354904174804688,409.7644653320313,2965.32958984375,-30.102678298950195,750.5669555664062,3073.098876953125,-56.06415939331055,885.5477905273438,2991.8486328125,125.1198501586914,-526.7423095703125,2922.967041015625,200.3534393310547,-504.302978515625,2796.49365234375,208.75680541992188,-549.0075073242188,2821.3828125,202.2412567138672,-584.8265380859375,2933.036376953125,168.67221069335938,-540.257568359375,2795.64208984375,69.15092468261719,-572.617431640625,2857.126708984375
106.3962631225586,44.01399612426758,2924.863525390625,109.80459594726562,-121.25398254394533,2922.9248046875,111.3198471069336,-252.24822998046875,2940.380859375,122.4092788696289,-453.1009521484375,2937.869140625,151.58229064941406,-418.5239562988281,2941.89208984375,272.92962646484375,-366.5419921875,2930.980224609375,343.1705017089844,-129.22406005859375,2996.6728515625,237.04977416992188,-119.39705657958984,2810.04150390625,214.8546905517578,-205.2707061767578,2800.317138671875,169.64755249023438,-185.1408843994141,2713.275634765625,181.72933959960935,-232.8414001464844,2822.22509765625,89.51029968261719,-421.3312377929687,2936.622802734375,-23.118831634521484,-385.8003234863281,2906.58642578125,-103.61363220214844,-140.2511444091797,2942.6376953125,28.348609924316406,-140.64804077148438,2769.571044921875,54.83237075805664,-232.38587951660156,2758.954345703125,85.46253967285156,-201.8264007568359,2670.558837890625,83.21650695800781,-213.26580810546875,2685.534423828125,190.70640563964844,45.69097137451172,2930.12939453125,225.7843017578125,413.9310607910156,2958.0458984375,233.94259643554688,754.1596069335938,3057.36376953125,257.2640380859375,902.550048828125,2970.353759765625,30.37010955810547,42.50179290771485,2920.115234375,-6.689552307128906,408.2450256347656,2966.73046875,-30.02335548400879,750.1937255859375,3070.993896484375,-56.559837341308594,883.164306640625,2986.594970703125,127.56671142578124,-527.4354248046875,2924.5576171875,201.3376007080078,-511.9979248046875,2796.143798828125,209.34844970703125,-555.6951904296875,2822.908447265625,203.85435485839844,-586.3685302734375,2936.16943359375,169.03628540039062,-547.4030151367188,2797.348876953125,69.86312866210938,-575.236328125,2861.611083984375
106.67262268066406,43.861671447753906,2925.87939453125,109.87190246582033,-121.5386962890625,2922.97509765625,111.26348114013672,-252.7418212890625,2939.719970703125,120.50740814208984,-453.75299072265625,2932.658935546875,150.04891967773438,-419.5078125,2937.234619140625,271.7353210449219,-367.18218994140625,2931.66259765625,341.9556579589844,-130.4728546142578,3000.36328125,239.2111968994141,-125.92576599121094,2811.4404296875,217.1202850341797,-212.13189697265625,2803.9794921875,169.51156616210938,-183.90414428710935,2720.439208984375,177.95233154296875,-237.86941528320312,2827.0234375,87.86369323730469,-421.6419982910156,2932.364501953125,-25.32807731628418,-384.17431640625,2906.68701171875,-106.89519500732422,-138.23562622070312,2939.117431640625,31.891122817993164,-136.9276885986328,2771.235107421875,56.01680374145508,-229.7440185546875,2764.241455078125,82.87660217285156,-200.9120635986328,2673.96533203125,83.64230346679688,-211.3206787109375,2685.66796875,191.06967163085935,45.40496063232422,2930.9580078125,225.55838012695312,413.98138427734375,2959.4111328125,233.98861694335935,755.0404663085938,3056.93115234375,257.5240478515625,902.9224243164062,2968.822021484375,30.568084716796875,42.47002410888672,2921.300048828125,-6.204023838043213,408.5673828125,2967.900390625,-30.87635612487793,750.9564208984375,3071.46826171875,-55.523529052734375,883.5614013671875,2985.672119140625,124.89247131347656,-527.8795166015625,2917.648681640625,203.26458740234375,-512.203125,2791.867919921875,210.27505493164065,-556.013916015625,2818.813720703125,200.716552734375,-586.9866333007812,2931.828125,170.87220764160156,-547.6013793945312,2791.835693359375,69.35906219482422,-575.494140625,2852.515869140625
106.68140411376952,43.8623046875,2925.869384765625,109.8829574584961,-121.5382308959961,2922.963134765625,111.27620697021484,-252.7421417236328,2939.703125,120.53081512451172,-453.75299072265625,2932.637939453125,150.07000732421875,-419.5064697265625,2937.219482421875,271.7564392089844,-367.1774597167969,2931.67529296875,341.95819091796875,-130.47848510742188,3000.432373046875,239.25421142578125,-125.89723205566406,2811.48779296875,217.1674346923828,-212.10247802734375,2804.001953125,169.58506774902344,-183.8615570068359,2720.451171875,177.99928283691406,-237.85057067871097,2827.01708984375,87.88556671142578,-421.6434326171875,2932.3388671875,-25.294639587402344,-384.1689147949219,2906.619873046875,-106.82378387451172,-138.20091247558594,2938.92626953125,32.02861404418945,-136.99752807617188,2771.097412109375,56.146827697753906,-229.8177032470703,2764.126953125,83.05896759033203,-201.00637817382812,2673.859619140625,83.8462905883789,-211.3882598876953,2685.553466796875,191.0784912109375,45.40666961669922,2930.949462890625,225.561767578125,413.9834289550781,2959.410888671875,233.98101806640625,755.0391845703125,3056.9453125,257.5189514160156,902.9330444335938,2968.856201171875,30.576854705810547,42.46968460083008,2921.288818359375,-6.198845863342285,408.5672302246094,2967.888916015625,-30.875164031982425,750.9570922851562,3071.455322265625,-55.52553939819336,883.5657348632812,2985.665283203125,124.92180633544922,-527.8790283203125,2917.62646484375,203.3328399658203,-512.1893920898438,2791.871337890625,210.3534698486328,-555.9921875,2818.82763671875,200.767822265625,-586.948974609375,2931.843994140625,170.9565887451172,-547.6024780273438,2791.833740234375,69.43386840820312,-575.5306396484375,2852.48193359375
107.01634216308594,45.12458801269531,2925.84521484375,110.36214447021484,-120.32872772216795,2923.08837890625,111.83670043945312,-251.5153656005859,2940.285888671875,121.6587371826172,-452.613525390625,2934.808837890625,151.07553100585938,-418.248291015625,2939.433349609375,272.6624755859375,-365.5168762207031,2934.541259765625,342.32354736328125,-130.5132293701172,3009.67431640625,239.3719787597656,-127.73920440673828,2820.750732421875,218.13377380371097,-214.28436279296875,2814.490478515625,165.08877563476562,-183.74810791015625,2735.1015625,172.81246948242188,-240.50518798828125,2828.89208984375,88.92890930175781,-420.5795593261719,2933.9423828125,-22.962488174438477,-382.0622253417969,2904.246337890625,-100.74755096435548,-133.52911376953125,2924.630615234375,43.77155685424805,-135.31292724609375,2761.56787109375,67.28838348388672,-228.537109375,2758.73779296875,96.41138458251952,-196.03860473632812,2670.39501953125,97.30538940429688,-213.17230224609375,2680.800537109375,191.4359893798828,46.746219635009766,2930.976806640625,225.6698303222656,415.48138427734375,2959.240234375,233.7094268798828,756.4655151367188,3057.46875,257.5116882324219,903.3739624023438,2967.70751953125,30.89141845703125,43.66228866577149,2921.2177734375,-6.217964172363281,409.8083190917969,2968.1181640625,-30.58721160888672,751.9508056640625,3072.965087890625,-55.78762435913086,885.6890869140625,2989.0126953125,126.38421630859376,-526.861328125,2920.3896484375,199.50439453125,-506.9541320800781,2792.01416015625,209.0045166015625,-550.829833984375,2818.1103515625,204.6863555908203,-583.4828491210938,2931.0126953125,168.35525512695312,-543.4652709960938,2792.692138671875,70.1332015991211,-575.6057739257812,2856.676025390625
107.18270111083984,45.694091796875,2925.22998046875,110.11466217041016,-119.41596221923828,2921.237548828125,111.41829681396484,-250.5052032470703,2937.140869140625,123.38917541503906,-451.1568908691406,2935.406982421875,152.34341430664062,-416.4683837890625,2939.6416015625,271.8727722167969,-360.1213684082031,2932.12451171875,341.5513610839844,-128.001220703125,3014.167236328125,241.204833984375,-128.18174743652344,2824.305908203125,220.8302001953125,-214.830078125,2819.219482421875,165.48077392578125,-183.79684448242188,2741.87158203125,172.40574645996094,-241.31333923339844,2821.177978515625,90.39601135253906,-419.5591125488281,2933.689697265625,-22.468082427978516,-383.5650329589844,2905.53466796875,-100.73026275634766,-135.31907653808594,2920.208740234375,51.16974639892578,-140.6058807373047,2764.677001953125,77.55750274658203,-232.2627868652344,2753.809326171875,105.48297882080078,-190.13540649414065,2669.45263671875,106.17161560058594,-205.4989318847656,2674.837646484375,191.4744110107422,47.08146667480469,2929.75634765625,225.26268005371097,414.9800720214844,2959.8046875,235.5904541015625,755.5614013671875,3056.685546875,256.801513671875,905.788330078125,2972.60888671875,31.17317008972168,44.44303512573242,2921.1484375,-7.25028657913208,409.86090087890625,2966.884765625,-30.4005184173584,751.7618408203125,3070.37451171875,-56.839351654052734,884.41015625,2985.676025390625,129.01097106933594,-525.451904296875,2922.40576171875,191.26971435546875,-502.7535705566406,2789.197998046875,204.2635040283203,-546.21826171875,2814.252197265625,209.70753479003903,-579.1339721679688,2926.787841796875,161.64491271972656,-540.2880249023438,2792.072998046875,69.9681625366211,-575.9781494140625,2863.052001953125
108.20611572265624,46.76673126220703,2922.735107421875,110.3730010986328,-118.23749542236328,2918.2470703125,110.88494110107422,-249.3365020751953,2933.401611328125,124.07655334472656,-449.7356567382813,2938.12158203125,152.78160095214844,-414.7722778320313,2941.368408203125,271.8558349609375,-357.85797119140625,2932.501953125,346.6097106933594,-126.93231964111328,3012.92578125,245.7071533203125,-128.7226104736328,2823.522216796875,223.30804443359375,-214.90719604492188,2820.46630859375,165.7332000732422,-179.78561401367188,2746.654052734375,173.2895050048828,-239.89979553222656,2819.96142578125,90.92066192626952,-418.4347229003906,2935.257568359375,-23.209735870361328,-384.8225402832031,2909.71875,-98.67546844482422,-135.57833862304688,2917.616455078125,54.26177978515625,-136.5242919921875,2763.211181640625,81.312255859375,-228.06295776367188,2753.585205078125,109.07131958007812,-189.21974182128903,2667.684326171875,112.27178955078124,-202.5702209472656,2674.862548828125,192.3960418701172,47.7243537902832,2928.175537109375,225.13705444335935,415.2383728027344,2961.054443359375,235.6614990234375,755.9979858398438,3056.453857421875,256.4418640136719,904.9732666015624,2970.29541015625,32.28835678100586,45.903202056884766,2917.82958984375,-6.478358268737793,410.88177490234375,2964.86279296875,-30.492271423339844,751.017578125,3073.078369140625,-55.94589614868164,884.6914672851562,2989.894775390625,130.2047119140625,-524.32373046875,2927.529541015625,187.23297119140625,-497.53179931640625,2792.853759765625,200.87078857421875,-541.8761596679688,2815.873779296875,210.54229736328125,-578.6043090820312,2926.857421875,157.4754180908203,-534.92822265625,2795.6494140625,68.48841857910156,-572.3965454101562,2868.965087890625
108.20358276367188,46.77498626708984,2922.740234375,110.36766052246094,-118.22833251953124,2918.250732421875,110.87751770019533,-249.32720947265625,2933.400146484375,124.04338836669922,-449.7275390625,2938.09521484375,152.7526092529297,-414.7684326171875,2941.34716796875,271.8365173339844,-357.8730773925781,2932.50048828125,346.6337585449219,-126.9854736328125,3012.98876953125,245.74217224121097,-128.7082061767578,2823.580322265625,223.32432556152344,-214.8868408203125,2820.5087890625,165.74124145507812,-179.72886657714844,2746.720947265625,173.31024169921875,-239.87332153320312,2820.075927734375,90.89175415039062,-418.4221496582031,2935.234130859375,-23.228191375732425,-384.7803649902344,2909.690673828125,-98.64704895019533,-135.524658203125,2917.62353515625,54.30997085571289,-136.4661102294922,2763.239501953125,81.35782623291016,-228.00498962402344,2753.61376953125,109.16732788085938,-189.15103149414065,2667.734619140625,112.38055419921876,-202.51397705078125,2674.92529296875,192.39300537109375,47.73113250732422,2928.18115234375,225.1392059326172,415.2410583496094,2961.078125,235.6520843505859,755.990966796875,3056.506103515625,256.45428466796875,904.987548828125,2970.39208984375,32.28627014160156,45.91279220581055,2917.833984375,-6.475988864898682,410.8909606933594,2964.858154296875,-30.49587631225586,751.031005859375,3073.052490234375,-55.93492889404297,884.705078125,2989.8662109375,130.162353515625,-524.3146362304688,2927.493896484375,187.14007568359375,-497.4564208984375,2792.810791015625,200.7949981689453,-541.8068237304688,2815.808349609375,210.51101684570312,-578.5772094726562,2926.7734375,157.39169311523438,-534.8601684570312,2795.60107421875,68.43748474121094,-572.3770141601562,2868.9306640625
108.65680694580078,46.86029052734375,2919.64599609375,111.93048858642578,-117.92906951904295,2915.398681640625,113.42575073242188,-248.8531036376953,2930.589111328125,126.45579528808594,-448.7499084472656,2941.923583984375,155.1839599609375,-413.7747192382813,2943.750244140625,274.9359130859375,-359.227294921875,2932.020263671875,348.1962585449219,-129.33543395996094,3015.715087890625,241.5634765625,-115.57176208496094,2830.282958984375,219.43649291992188,-201.0894470214844,2819.4912109375,166.8917236328125,-173.79705810546875,2739.078369140625,173.9531707763672,-227.82159423828125,2822.434814453125,93.34661865234376,-417.56146240234375,2938.2900390625,-20.382740020751953,-384.396240234375,2911.140625,-104.79576873779295,-138.4425048828125,2920.8662109375,52.37677764892578,-135.15451049804688,2771.1943359375,88.4897232055664,-219.7512969970703,2744.355224609375,117.17194366455078,-177.71099853515625,2660.423583984375,112.1906280517578,-184.6787109375,2675.640869140625,192.7609405517578,48.40199279785156,2924.655029296875,226.0631103515625,415.0208129882813,2961.58837890625,236.1497802734375,754.6182861328125,3059.53173828125,256.9571228027344,904.4866333007812,2975.38037109375,32.816410064697266,45.47006607055664,2915.129150390625,-6.278570652008057,408.9808349609375,2969.161865234375,-30.724185943603516,750.9509887695312,3069.7802734375,-56.07330703735352,886.8660888671875,2990.672119140625,132.418701171875,-523.5672607421875,2933.805908203125,174.66184997558594,-488.58587646484375,2795.802001953125,190.2749786376953,-534.2689208984375,2814.377197265625,211.58120727539065,-577.859130859375,2921.016845703125,145.06178283691406,-525.9536743164062,2799.499755859375,64.3203125,-567.643310546875,2879.527587890625
107.41145324707033,46.811954498291016,2921.477783203125,110.95067596435548,-118.19908142089844,2918.283203125,112.90231323242188,-249.59603881835935,2930.448486328125,126.55142211914062,-449.7262878417969,2941.30712890625,155.22776794433594,-414.6330871582031,2943.06884765625,274.5035400390625,-358.41375732421875,2932.61474609375,349.6433410644531,-130.8317108154297,3021.741455078125,239.28936767578125,-110.09822845458984,2838.846435546875,216.5680694580078,-195.10740661621097,2824.84423828125,163.9305419921875,-169.47451782226562,2743.795166015625,171.7586669921875,-221.47166442871097,2819.818359375,93.29865264892578,-418.5829162597656,2937.8984375,-20.78646469116211,-384.88818359375,2912.264892578125,-106.68342590332033,-139.0220489501953,2919.47607421875,53.92616271972656,-128.4449920654297,2773.446533203125,89.29463195800781,-214.6179351806641,2750.489013671875,116.22150421142578,-173.1224822998047,2665.56884765625,109.62139129638672,-183.64584350585935,2679.6728515625,191.6192626953125,48.52204513549805,2926.43896484375,224.6197509765625,415.8547058105469,2961.05078125,235.92446899414065,756.3711547851562,3057.2294921875,256.7264709472656,903.3893432617188,2967.776611328125,31.477569580078125,45.26988983154297,2917.00390625,-6.5799055099487305,410.2224731445313,2964.819091796875,-29.28762435913086,751.1159057617188,3070.9150390625,-56.12761688232422,882.412353515625,2984.44482421875,132.68649291992188,-524.6018676757812,2932.99072265625,155.1149139404297,-479.5736389160156,2793.07275390625,181.11338806152344,-521.5009155273438,2808.83740234375,219.81866455078125,-561.6203002929688,2912.047119140625,133.9866180419922,-522.2564697265625,2797.929931640625,70.30018615722656,-580.7294311523438,2882.9169921875
108.1603012084961,47.51244354248047,2920.907470703125,111.51116943359376,-117.28109741210938,2917.505859375,113.44866943359376,-248.54132080078125,2929.260009765625,129.60508728027344,-448.1355590820313,2941.56103515625,157.79736328125,-412.7169799804687,2943.07080078125,276.9739685058594,-356.6516418457031,2932.862548828125,349.97027587890625,-127.09281158447266,3017.629638671875,233.960205078125,-106.34010314941406,2838.609130859375,211.8094787597656,-191.46131896972656,2825.128662109375,154.08535766601562,-173.31346130371094,2745.699462890625,166.75204467773438,-215.18801879882812,2806.123046875,96.00607299804688,-417.4815368652344,2937.924072265625,-18.38894271850586,-385.4557800292969,2912.29150390625,-109.03614044189452,-141.6796875,2919.923828125,49.00319290161133,-132.0382080078125,2771.470703125,87.08589935302734,-216.7312164306641,2747.883544921875,114.92757415771484,-173.00778198242188,2664.54052734375,108.91455078125,-180.27114868164065,2676.140380859375,192.2972869873047,49.13541793823242,2925.162841796875,224.62237548828125,415.96630859375,2960.512451171875,235.9545135498047,755.7919311523438,3057.4150390625,256.6598205566406,903.6978759765624,2969.864990234375,32.290279388427734,46.04893112182617,2917.0703125,-6.767332553863525,410.45172119140625,2964.505859375,-30.583703994750977,751.12890625,3069.4609375,-56.559906005859375,884.2120971679688,2985.893798828125,136.68026733398438,-522.8875122070312,2933.80126953125,144.5503387451172,-483.3332824707031,2790.891845703125,175.80665588378906,-521.4476318359375,2806.564453125,225.46629333496097,-551.849853515625,2908.2177734375,128.4469757080078,-527.5718383789062,2799.224609375,77.34510040283203,-587.5697021484375,2891.1376953125
107.36735534667967,46.990447998046875,2919.474853515625,111.33126831054688,-117.8197784423828,2915.50732421875,113.89608001708984,-248.9417724609375,2928.9482421875,130.7943878173828,-448.2674560546875,2944.9130859375,158.9352569580078,-412.7613220214844,2945.10302734375,277.67486572265625,-356.4797668457031,2931.211181640625,348.7292175292969,-116.06036376953124,2980.149169921875,223.59320068359375,-109.0686492919922,2806.21435546875,199.94688415527344,-194.6664276123047,2800.21435546875,139.130859375,-177.83607482910156,2722.794921875,153.75804138183594,-211.86314392089844,2763.048095703125,97.04303741455078,-417.7507934570313,2941.384521484375,-18.14618682861328,-386.8645629882813,2917.845703125,-116.39927673339844,-145.92965698242188,2923.66943359375,38.32715606689453,-139.09420776367188,2771.53369140625,78.65404510498047,-223.9466552734375,2752.609130859375,104.96075439453124,-174.86207580566406,2671.759521484375,100.95108795166016,-185.658203125,2677.5205078125,191.5738220214844,48.94381332397461,2922.46240234375,223.8295440673828,415.41986083984375,2962.2822265625,236.65625,755.8272705078125,3057.273681640625,256.16778564453125,902.1866455078124,2966.81005859375,31.434669494628903,45.22901153564453,2916.781005859375,-6.568554878234863,409.6665344238281,2965.537353515625,-30.3974552154541,750.7991333007812,3069.320556640625,-56.0027961730957,884.836181640625,2987.095458984375,137.88148498535156,-523.1661987304688,2938.505615234375,144.36773681640625,-484.8082580566406,2795.1611328125,176.2602996826172,-522.3408203125,2810.999755859375,226.94436645507812,-551.1101684570312,2912.657958984375,128.93858337402344,-529.2034912109375,2803.992919921875,79.21113586425781,-589.0877075195312,2896.771728515625
111.7888412475586,47.767425537109375,2921.621337890625,116.05809783935548,-117.01375579833984,2920.1220703125,118.25524139404295,-247.588134765625,2937.802001953125,134.925537109375,-447.24224853515625,2947.8544921875,163.0773468017578,-411.7945556640625,2949.27294921875,283.8217468261719,-359.015625,2940.236328125,348.2310791015625,-112.01861572265624,2933.931640625,214.861572265625,-118.26233673095705,2766.30078125,185.5588531494141,-202.27053833007812,2766.641357421875,130.79986572265625,-173.11541748046875,2688.414306640625,143.75173950195312,-205.49884033203125,2704.125732421875,101.22760772705078,-416.6170349121094,2945.053955078125,-13.990290641784668,-389.054931640625,2918.024658203125,-116.41658782958984,-149.98638916015625,2924.434814453125,37.8218879699707,-134.26565551757812,2772.579833984375,73.21299743652344,-223.26805114746097,2770.72607421875,99.5349349975586,-175.80030822753906,2688.96630859375,93.84957122802734,-189.61843872070312,2682.804443359375,195.8462829589844,49.89718246459961,2926.904541015625,226.3301544189453,417.0303649902344,2960.239013671875,234.4715118408203,756.8870849609375,3057.201171875,254.9476318359375,905.6307373046876,2971.068359375,35.990535736083984,45.84693145751953,2916.857177734375,-5.973238468170166,409.8062438964844,2964.873291015625,-30.81174659729004,750.5863647460938,3069.111572265625,-60.33740234375,886.6453247070312,2991.783935546875,141.99783325195312,-521.891845703125,2939.239990234375,138.8792266845703,-484.0643615722656,2795.699951171875,174.86695861816406,-518.21435546875,2810.3056640625,232.1869354248047,-541.251708984375,2909.82568359375,128.2049560546875,-529.666748046875,2805.2783203125,88.36197662353516,-593.4332885742188,2900.15771484375
111.94055938720705,46.54256439208984,2917.947265625,115.88774871826172,-118.53036499023438,2917.270263671875,117.23725128173828,-249.24021911621097,2935.67822265625,134.07888793945312,-449.147216796875,2947.08935546875,162.22634887695312,-413.5989074707031,2948.5185546875,282.7177734375,-359.33599853515625,2941.9775390625,353.311767578125,-113.50564575195312,2941.82177734375,206.7268829345703,-112.6382293701172,2784.997802734375,178.59226989746094,-197.19200134277344,2783.586181640625,125.97046661376952,-173.6348876953125,2701.868896484375,138.74053955078125,-202.83270263671875,2721.866455078125,100.3131103515625,-418.5272216796875,2943.83154296875,-14.628253936767578,-388.7064514160156,2917.10107421875,-131.58395385742188,-156.44305419921875,2934.123779296875,24.747446060180664,-143.66476440429688,2783.614990234375,58.16845703125,-233.61659240722656,2783.941162109375,73.87117767333984,-181.9540252685547,2701.79736328125,88.13462829589844,-204.12872314453125,2694.390625,195.9415283203125,48.51887512207031,2925.822265625,225.5749969482422,416.576171875,2956.56494140625,235.5980682373047,756.1300048828125,3056.54248046875,254.84698486328125,905.2420043945312,2970.176513671875,36.193206787109375,44.76044464111328,2910.845947265625,-4.89280366897583,408.6133117675781,2964.856201171875,-31.183313369750977,749.7490844726562,3069.6416015625,-57.962425231933594,884.0824584960938,2987.87060546875,141.31484985351562,-523.9652709960938,2938.969482421875,139.69308471679688,-484.9140625,2795.47314453125,174.46713256835938,-520.511962890625,2809.86962890625,230.9217834472656,-546.3939819335938,2909.418212890625,127.34647369384766,-530.246826171875,2804.71875,85.06600952148438,-593.34228515625,2899.252197265625
113.46649169921876,46.37602233886719,2919.1591796875,117.16651916503906,-118.71774291992188,2919.142822265625,118.76043701171876,-249.36209106445312,2938.067626953125,134.380615234375,-449.5397644042969,2946.33203125,162.77947998046875,-414.19818115234375,2948.012939453125,283.108642578125,-359.5435791015625,2941.52392578125,360.8543090820313,-115.88743591308594,2937.7490234375,213.1899871826172,-119.6168441772461,2781.95849609375,185.1605529785156,-203.9506072998047,2788.76806640625,126.16099548339844,-172.5081024169922,2714.378662109375,139.10826110839844,-200.28530883789065,2718.025634765625,100.7867431640625,-418.6522216796875,2943.864013671875,-14.491334915161133,-388.5372619628906,2918.927734375,-138.1755828857422,-160.71202087402344,2945.832275390625,8.843124389648438,-144.6820526123047,2786.4833984375,46.802120208740234,-232.8205413818359,2787.2900390625,72.62864685058594,-181.99668884277344,2707.197998046875,73.3403549194336,-207.0525360107422,2705.3955078125,197.63629150390625,48.261810302734375,2925.08837890625,225.7417449951172,415.9976501464844,2961.042724609375,235.66168212890625,757.1138305664062,3055.673095703125,256.3538818359375,907.146240234375,2971.22705078125,37.56688690185547,44.6755256652832,2913.812744140625,-4.6524739265441895,409.0226440429687,2963.668212890625,-31.782634735107425,750.1883544921875,3068.2431640625,-55.82090377807617,886.03759765625,2988.115478515625,141.0382843017578,-524.2797241210938,2937.02587890625,139.257080078125,-483.1043090820313,2794.11328125,175.09796142578125,-517.7330322265625,2808.270751953125,231.59375,-543.2296752929688,2907.90673828125,128.37167358398438,-528.966796875,2802.569580078125,87.47943115234375,-594.8961181640625,2895.78369140625
113.4421615600586,45.934791564941406,2917.803466796875,117.64134979248048,-119.08385467529295,2917.10595703125,119.55384826660156,-249.73675537109375,2935.59326171875,136.62667846679688,-449.5614318847656,2947.075439453125,164.79702758789062,-414.0257873535156,2947.75390625,284.75567626953125,-359.44287109375,2936.53369140625,359.96551513671875,-115.20491790771484,2928.202880859375,212.3660430908203,-117.38848114013672,2772.43212890625,183.85438537597656,-201.57269287109375,2778.626953125,125.39783477783205,-172.4750213623047,2702.91650390625,139.1870880126953,-201.7188415527344,2710.99365234375,102.80754852294922,-418.9513244628906,2944.54443359375,-13.200655937194824,-391.7145690917969,2919.907958984375,-134.4382781982422,-161.90457153320312,2938.98876953125,17.349376678466797,-143.0826416015625,2784.604248046875,55.630088806152344,-231.04547119140625,2785.034423828125,79.74214935302734,-178.58865356445312,2705.507568359375,76.7332763671875,-211.8808135986328,2707.60009765625,197.5525665283203,48.04874420166016,2924.0419921875,226.17474365234375,415.5570068359375,2960.485595703125,235.25245666503903,756.2544555664062,3056.2080078125,256.2313232421875,906.6965942382812,2972.699951171875,37.59611511230469,44.02854537963867,2912.177978515625,-4.542734622955322,407.9533081054687,2964.11669921875,-31.344934463500977,749.4066772460938,3067.372314453125,-56.36512756347656,888.4148559570312,2993.3115234375,143.6557159423828,-524.3782958984375,2938.966796875,138.66348266601562,-484.9530029296875,2795.6953125,177.0288543701172,-516.5952758789062,2810.15234375,235.33853149414065,-536.6815185546875,2909.928955078125,131.30615234375,-531.4032592773438,2804.6337890625,95.61693572998048,-599.2586059570312,2898.541259765625
113.2610092163086,45.95082092285156,2918.220458984375,117.44448852539062,-118.88561248779295,2917.687255859375,119.34698486328124,-249.36395263671875,2936.36279296875,136.81434631347656,-448.9408264160156,2947.662109375,164.87884521484375,-413.3864440917969,2948.381103515625,284.6271667480469,-358.662109375,2937.333984375,360.72760009765625,-115.05799102783205,2927.393310546875,211.9997406005859,-118.0835418701172,2773.044189453125,183.13124084472656,-201.9541778564453,2780.323486328125,124.04073333740234,-172.8094940185547,2705.272705078125,136.7107391357422,-199.6070098876953,2711.10205078125,102.96975708007812,-418.4331970214844,2945.14892578125,-13.243824005126951,-392.0292663574219,2921.251220703125,-139.79843139648438,-165.6154022216797,2942.35546875,12.129992485046388,-142.10714721679688,2789.095458984375,52.48843002319336,-229.01687622070312,2789.82763671875,77.89655303955078,-175.19741821289062,2711.762939453125,74.27332305908203,-219.3951873779297,2724.84814453125,197.28048706054688,48.06312942504883,2924.41943359375,225.8302764892578,415.21826171875,2960.2998046875,234.9636688232422,755.7695922851562,3055.079833984375,256.0546875,904.5904541015624,2969.129638671875,37.49695587158203,44.04605865478515,2912.630859375,-4.523049831390381,407.6271667480469,2964.147216796875,-31.36224365234375,748.9647827148438,3066.396240234375,-56.116355895996094,886.5501098632812,2990.00634765625,143.99484252929688,-523.652587890625,2939.4990234375,146.1308135986328,-481.3570861816406,2797.149169921875,181.1487274169922,-516.4862670898438,2811.84228515625,234.85052490234375,-543.4478149414062,2912.42822265625,134.50901794433594,-527.0817260742188,2804.9443359375,90.66703033447266,-593.162841796875,2896.460693359375
113.58135223388672,46.8996696472168,2918.864990234375,118.73992156982422,-117.98600006103516,2918.544921875,121.70397186279295,-248.50379943847656,2937.2373046875,142.49032592773438,-447.939208984375,2946.954833984375,169.94078063964844,-411.900634765625,2948.310546875,287.8095397949219,-352.2669677734375,2943.474365234375,369.05181884765625,-111.03553771972656,2921.10107421875,212.11944580078125,-116.27053833007812,2775.0185546875,183.40687561035156,-199.91729736328125,2785.35302734375,131.37721252441406,-173.56103515625,2704.228271484375,141.15870666503906,-195.47781372070312,2706.630126953125,108.13936614990234,-417.98040771484375,2944.3291015625,-7.591910839080811,-389.2793273925781,2920.453369140625,-141.15029907226562,-166.70616149902344,2940.719970703125,17.485172271728516,-141.09153747558594,2794.6181640625,57.93865203857422,-227.9998321533203,2795.884765625,74.95421600341797,-166.17156982421875,2721.501708984375,76.74381256103516,-214.4142913818359,2723.81884765625,197.7071533203125,49.52194595336914,2923.8349609375,226.1043701171875,416.77642822265625,2960.574951171875,235.97557067871097,756.504150390625,3058.78515625,256.11505126953125,904.7110595703124,2971.396484375,37.72140884399414,44.5350456237793,2914.383056640625,-4.065435409545898,408.5533752441406,2964.20068359375,-31.728803634643555,749.60302734375,3067.76025390625,-56.5723991394043,884.235595703125,2986.162109375,151.05226135253906,-522.473876953125,2938.202392578125,144.21917724609375,-483.55853271484375,2794.967529296875,181.03228759765625,-517.3218383789062,2808.513916015625,240.9042053222656,-540.3135986328125,2906.63525390625,134.4040985107422,-529.4173583984375,2804.418212890625,97.55352783203124,-594.532958984375,2899.70556640625
113.20909118652344,47.28153991699219,2917.38671875,118.88063049316406,-117.42986297607422,2915.182861328125,121.89146423339844,-248.087646484375,2931.98876953125,140.884033203125,-447.33099365234375,2945.125,168.6289825439453,-411.550537109375,2945.87890625,287.5306701660156,-354.1730651855469,2942.3330078125,366.38726806640625,-112.31771087646484,2920.69921875,214.7113494873047,-124.58816528320312,2769.836669921875,186.45350646972656,-207.9990997314453,2782.421630859375,131.69911193847656,-170.69761657714844,2707.74755859375,139.40843200683594,-196.74867248535156,2701.87353515625,106.8313446044922,-417.1440124511719,2941.96826171875,-9.41727352142334,-389.74359130859375,2919.665771484375,-143.04879760742188,-167.1118927001953,2935.405029296875,18.040359497070312,-138.01348876953125,2792.96533203125,60.69159698486328,-223.7468109130859,2795.39306640625,83.4087905883789,-159.8502960205078,2724.473388671875,78.14704132080078,-221.80322265625,2743.187744140625,197.13330078125,50.08125686645508,2924.117919921875,225.43080139160156,417.5574035644531,2955.025634765625,235.30125427246097,756.3321533203125,3055.40087890625,256.2867126464844,905.3478393554688,2969.904541015625,37.53093719482422,44.75691604614258,2911.317138671875,-4.310429096221924,407.970703125,2964.472900390625,-31.95496940612793,748.7696533203125,3067.79443359375,-55.76695251464844,886.5525512695312,2991.595703125,148.7804412841797,-522.0130615234375,2937.66357421875,151.29405212402344,-477.7656555175781,2795.977294921875,187.1339569091797,-512.0515747070312,2810.606201171875,240.4350128173828,-538.802001953125,2911.406494140625,140.92086791992188,-523.8894653320312,2803.02783203125,98.00184631347656,-592.4153442382812,2893.10791015625
112.37042999267578,47.46527099609375,2917.254638671875,117.29535675048828,-117.23192596435548,2911.77294921875,119.63706970214844,-248.0757293701172,2927.439208984375,139.17578125,-446.9132080078125,2945.653076171875,166.80531311035156,-411.0224914550781,2945.727294921875,287.0995788574219,-356.48876953125,2943.31640625,363.5317687988281,-114.15775299072266,2917.931396484375,209.68093872070312,-118.45956420898438,2768.772705078125,179.56373596191406,-201.8474273681641,2776.345703125,131.4435272216797,-167.88954162597656,2695.71337890625,139.5850372314453,-194.3451690673828,2696.48486328125,105.04298400878906,-416.9228210449219,2941.49365234375,-11.844359397888184,-393.45367431640625,2917.928466796875,-142.74391174316406,-169.4368133544922,2937.501953125,13.45553970336914,-133.8662872314453,2791.06494140625,57.264923095703125,-219.05465698242188,2789.288818359375,83.65167999267578,-163.2283935546875,2712.99951171875,76.1495361328125,-222.60055541992188,2752.522705078125,196.34097290039065,49.756935119628906,2923.84326171875,225.12168884277344,417.1339416503906,2956.46337890625,235.802490234375,755.8815307617188,3057.1357421875,256.13970947265625,904.9450073242188,2971.48486328125,36.65049362182617,45.39877700805664,2911.3134765625,-4.562780380249023,408.6114196777344,2965.55224609375,-31.619853973388672,749.5775146484375,3068.763916015625,-55.815696716308594,886.3748779296875,2990.8525390625,147.37062072753906,-521.7471313476562,2940.1015625,148.31072998046875,-478.3803405761719,2798.088134765625,184.3054046630859,-512.6009521484375,2812.53125,238.7373809814453,-538.7533569335938,2912.914794921875,137.99374389648438,-524.4641723632812,2805.546142578125,96.04940795898438,-592.4165649414062,2896.552490234375
113.39492797851562,45.29010772705078,2918.33251953125,118.62552642822266,-120.02438354492188,2913.454345703125,121.28421020507812,-251.4420166015625,2928.338623046875,141.44808959960938,-451.1921691894531,2943.835693359375,169.07855224609375,-415.0965270996094,2944.421630859375,288.00299072265625,-356.4844665527344,2945.3291015625,362.2336120605469,-114.28962707519533,2906.299560546875,207.02943420410156,-126.6765594482422,2757.860595703125,177.01873779296875,-209.41244506835935,2773.04296875,122.71855926513672,-170.83250427246094,2698.163330078125,131.05943298339844,-200.1435546875,2692.0986328125,107.10662841796876,-421.1317138671875,2940.072265625,-9.940444946289062,-394.2794799804687,2918.701904296875,-142.64547729492188,-169.89645385742188,2934.277099609375,25.059192657470703,-139.10775756835938,2798.696533203125,65.5076904296875,-226.3494873046875,2798.8271484375,84.85108947753906,-163.17953491210938,2725.756103515625,81.64654541015625,-207.59764099121097,2723.0478515625,197.6603851318359,47.7575798034668,2925.066650390625,226.1998291015625,416.6885681152344,2955.7841796875,236.44102478027344,756.4033203125,3057.815185546875,263.4054260253906,901.55810546875,2966.197509765625,37.40906524658203,43.06508255004883,2912.260009765625,-4.307307243347168,408.4338989257813,2960.601806640625,-31.19935417175293,749.3084716796875,3068.6103515625,-55.802093505859375,886.519287109375,2990.35302734375,149.88442993164062,-526.1932373046875,2937.218017578125,160.86329650878906,-477.7853088378906,2796.689453125,194.6449432373047,-514.1503295898438,2811.901611328125,242.23046875,-546.2507934570312,2914.517822265625,148.19468688964844,-523.7808837890625,2801.84423828125,98.10791778564452,-593.252685546875,2888.05419921875
112.95030975341795,46.52995681762695,2918.146484375,118.5396728515625,-117.82640838623048,2913.827392578125,121.808349609375,-248.3907012939453,2929.280517578125,143.64231872558594,-446.7907409667969,2944.705810546875,170.8328857421875,-410.6881713867187,2944.844482421875,291.2622985839844,-357.113525390625,2946.301513671875,359.96240234375,-114.23126220703124,2911.380859375,208.5388641357422,-129.054931640625,2761.077392578125,166.74786376953125,-207.1233062744141,2754.533447265625,120.7415542602539,-161.02235412597656,2679.130126953125,132.7768096923828,-198.42529296875,2687.18310546875,109.21531677246094,-417.1814270019531,2941.40234375,-8.14316463470459,-394.4251403808594,2921.041259765625,-137.60850524902344,-169.46278381347656,2927.498291015625,20.93565368652344,-128.60362243652344,2785.725341796875,66.23027038574219,-212.78872680664065,2784.552490234375,91.25291442871094,-164.489013671875,2703.11181640625,87.92212677001953,-213.30699157714844,2739.666015625,196.8241271972656,49.24556350708008,2923.349609375,225.12786865234375,415.9361267089844,2955.102783203125,239.85890197753903,754.8042602539062,3052.12939453125,259.00286865234375,903.7793579101562,2966.80078125,37.317596435546875,44.081172943115234,2913.454345703125,-4.839308738708496,407.2182922363281,2961.749267578125,-30.209972381591797,747.6577758789062,3064.474853515625,-55.884986877441406,886.2977294921875,2991.125732421875,152.5257110595703,-521.2984008789062,2938.122314453125,156.83816528320312,-483.8055114746094,2794.83740234375,192.91346740722656,-516.6605834960938,2811.65771484375,244.7327117919922,-537.6456298828125,2914.318359375,147.13906860351562,-529.6349487304688,2803.868896484375,103.84950256347656,-594.4694213867188,2896.16552734375
113.23738098144533,44.82912826538086,2919.01904296875,118.24077606201172,-120.19062042236328,2916.7939453125,120.86614990234376,-251.04171752929688,2933.955810546875,143.42848205566406,-450.4455871582031,2943.973388671875,170.5989227294922,-414.138916015625,2945.12451171875,290.24658203125,-357.7499694824219,2942.3251953125,363.0850830078125,-113.60340118408205,2920.08984375,218.11424255371097,-129.64349365234375,2762.60400390625,170.7512664794922,-201.6685333251953,2739.999267578125,120.9876937866211,-152.85061645507812,2668.2998046875,134.2379608154297,-203.0502471923828,2697.378662109375,108.7793197631836,-420.7615356445313,2941.45458984375,-8.065216064453125,-395.6816711425781,2918.396240234375,-136.28402709960938,-169.33004760742188,2933.579345703125,18.71521759033203,-130.48886108398438,2786.2158203125,63.822513580322266,-215.13970947265625,2783.619384765625,95.05767822265624,-167.20480346679688,2703.69091796875,90.67130279541016,-221.2809906005859,2768.484130859375,197.3767852783203,47.299781799316406,2924.98486328125,229.58209228515625,415.6831970214844,2947.95703125,239.6501312255859,753.4681396484375,3053.674072265625,259.5697021484375,903.7310180664062,2969.505615234375,37.365177154541016,42.601226806640625,2913.63916015625,-4.6077446937561035,406.86480712890625,2963.901123046875,-31.507633209228516,748.5845336914062,3066.52587890625,-55.8220100402832,884.8494262695312,2987.2392578125,152.59429931640625,-524.9866333007812,2935.318603515625,162.1186981201172,-481.4777526855469,2793.430908203125,196.39328002929688,-516.7642211914062,2809.66259765625,244.87127685546875,-544.566650390625,2912.822509765625,150.12081909179688,-527.3279418945312,2800.2490234375,101.5550537109375,-594.24951171875,2888.9404296875
113.49921417236328,48.17928695678711,2917.815185546875,120.65857696533205,-115.79996490478516,2912.702392578125,124.98294067382812,-246.17721557617188,2927.468017578125,146.7485809326172,-444.2945556640625,2941.97216796875,173.88818359375,-408.256103515625,2942.355712890625,294.35968017578125,-355.3383483886719,2942.66552734375,359.98974609375,-111.16671752929688,2914.86669921875,213.8109130859375,-129.1073455810547,2760.312255859375,163.5528106689453,-198.1847381591797,2736.6826171875,108.30376434326172,-152.36898803710938,2667.830078125,129.19932556152344,-196.3909454345703,2692.778564453125,112.39004516601562,-414.72406005859375,2938.725830078125,-5.060978412628174,-393.9637451171875,2918.052978515625,-133.02731323242188,-169.03892517089844,2932.355224609375,16.475751876831055,-127.7844467163086,2781.739013671875,63.723533630371094,-210.64877319335935,2778.783203125,97.5953598022461,-161.2064971923828,2701.5458984375,85.40773010253906,-217.4165954589844,2785.020263671875,197.1365509033203,51.6414680480957,2923.890869140625,229.25759887695312,417.8740539550781,2948.95556640625,240.8722991943359,753.9093017578125,3053.6708984375,260.5820007324219,902.3881225585938,2968.228271484375,38.07974624633789,45.05728912353515,2912.336669921875,-4.389364242553711,407.5555419921875,2960.14404296875,-31.676523208618164,745.5822143554688,3068.015625,-55.612884521484375,884.2188110351562,2994.684814453125,155.63783264160156,-518.6366577148438,2935.06689453125,163.34878540039062,-481.6210632324219,2792.07373046875,196.9588165283203,-516.7694702148438,2809.081787109375,246.5152587890625,-541.1361083984375,2911.875732421875,150.54522705078125,-526.6088256835938,2801.0205078125,102.4905014038086,-588.2410888671875,2892.87060546875
113.4955825805664,47.548099517822266,2918.293701171875,120.14947509765624,-116.96770477294922,2916.753173828125,124.24913787841795,-247.3337554931641,2934.524658203125,146.51263427734375,-446.2422180175781,2944.001708984375,173.6640625,-410.0755310058594,2945.109619140625,294.26434326171875,-356.63116455078125,2942.568603515625,362.3722534179687,-112.28466033935548,2916.015625,217.9079132080078,-131.59906005859375,2759.2353515625,165.12911987304688,-196.3708038330078,2728.947998046875,116.88026428222656,-146.3031768798828,2657.45751953125,129.4348907470703,-198.37191772460935,2693.798095703125,111.98974609375,-416.5862121582031,2941.7001953125,-5.384206771850586,-395.2547607421875,2919.32861328125,-131.49896240234375,-168.0570068359375,2916.202880859375,32.422393798828125,-133.70167541503906,2778.580078125,84.5645523071289,-212.1969451904297,2761.954833984375,107.0841293334961,-156.84637451171875,2684.2490234375,107.02286529541016,-206.0275421142578,2722.512451171875,197.4243927001953,50.89409255981445,2923.477294921875,229.4023895263672,418.2877807617187,2946.2421875,240.59046936035156,755.7661743164062,3049.548583984375,262.4336242675781,906.7486572265624,2968.170166015625,37.81327438354492,44.5308723449707,2913.619384765625,-4.501994609832764,408.2461242675781,2959.943359375,-31.483888626098633,748.4354248046875,3064.199951171875,-55.97107696533203,885.447509765625,2987.16552734375,155.51174926757812,-520.5730590820312,2935.176025390625,167.88156127929688,-482.250732421875,2792.44189453125,201.5270538330078,-517.0517578125,2810.483642578125,247.7990875244141,-541.4259033203125,2915.14697265625,155.4922332763672,-527.6350708007812,2800.61962890625,105.01085662841795,-590.9268798828125,2890.4443359375
113.16088104248048,48.047122955322266,2918.156005859375,121.01162719726562,-116.64950561523438,2915.689208984375,126.0628662109375,-247.27789306640625,2932.7236328125,147.2223358154297,-446.5213928222656,2943.8466796875,174.594970703125,-410.4366760253906,2944.92822265625,295.4399108886719,-357.083740234375,2941.94580078125,361.8807373046875,-111.4659423828125,2919.58837890625,212.68014526367188,-124.65363311767578,2766.211181640625,166.95550537109375,-190.5482940673828,2727.62451171875,114.04253387451172,-147.00869750976562,2654.963134765625,128.383544921875,-197.90646362304688,2700.303955078125,112.82691955566406,-416.6583862304687,2941.02978515625,-4.496224403381348,-395.1507263183594,2917.6064453125,-133.09571838378906,-169.42037963867188,2933.17236328125,22.708192825317383,-131.35643005371094,2786.86279296875,81.36311340332031,-194.98977661132812,2745.70068359375,111.30309295654295,-147.7753143310547,2665.003662109375,104.81437683105467,-202.04025268554688,2766.62060546875,197.1887664794922,51.97464370727539,2923.357177734375,229.7785186767578,419.5598754882813,2950.63037109375,240.67401123046875,758.125,3052.19140625,260.6966552734375,907.0733032226562,2966.181640625,37.38924026489258,44.5055046081543,2913.465576171875,-4.124213218688965,408.6751098632813,2961.2919921875,-31.617067337036133,748.7426147460938,3067.607177734375,-55.73404312133789,884.4892578125,2987.778076171875,155.9159698486328,-521.0711669921875,2935.62451171875,161.60887145996094,-486.7630615234375,2791.22705078125,197.18743896484375,-519.834716796875,2809.03173828125,248.2286071777344,-539.324951171875,2912.691162109375,151.1632080078125,-532.34326171875,2801.23828125,106.29511260986328,-594.6197509765625,2894.911376953125
113.78126525878906,50.06899642944336,2917.38037109375,121.5465087890625,-113.9836654663086,2915.099853515625,126.53103637695312,-244.078369140625,2932.22509765625,147.2676544189453,-442.5223388671875,2944.16796875,174.5690155029297,-406.6102600097656,2945.32958984375,295.3031005859375,-354.31146240234375,2942.214111328125,365.3898620605469,-111.74173736572266,2910.958740234375,221.45748901367188,-123.52906036376952,2753.662109375,166.14649963378906,-188.6325225830078,2729.961669921875,114.93682861328124,-145.77130126953125,2656.224609375,144.4926300048828,-194.7598571777344,2686.67578125,113.06852722167967,-412.7444763183594,2940.99072265625,-3.28908109664917,-391.7455139160156,2914.920166015625,-132.16680908203125,-167.0374298095703,2924.83447265625,30.212223052978516,-124.3122100830078,2788.573486328125,86.95246124267578,-187.6953887939453,2745.2744140625,117.8161392211914,-150.58255004882812,2660.234130859375,99.58855438232422,-196.1976623535156,2748.412353515625,197.47866821289065,53.95859909057617,2922.5673828125,229.8013153076172,420.2543029785156,2947.673828125,240.39309692382812,757.58642578125,3048.52392578125,260.3096008300781,907.1975708007812,2965.048828125,38.30764389038086,46.56157302856445,2912.703125,-3.5267844200134277,409.2706298828125,2960.10986328125,-31.13504219055176,747.6082763671875,3067.18701171875,-56.83149337768555,885.0213012695312,2992.0927734375,155.8957061767578,-516.8175659179688,2936.3076171875,162.08729553222656,-487.36712646484375,2791.459716796875,197.1786651611328,-520.0615234375,2810.306640625,247.6919860839844,-536.6221923828125,2914.212646484375,151.2262725830078,-532.318359375,2802.8759765625,105.8090591430664,-590.8639526367188,2898.0625
113.34496307373048,48.58961868286133,2917.9599609375,121.74848175048828,-116.13872528076172,2915.407958984375,127.0532455444336,-246.8174743652344,2932.351318359375,148.67335510253906,-446.02880859375,2944.44482421875,175.9330596923828,-409.8448791503906,2945.73779296875,296.5608215332031,-355.8335876464844,2947.58544921875,362.40081787109375,-112.50675964355467,2905.78662109375,225.05210876464844,-115.6739730834961,2741.110595703125,174.01084899902344,-188.12147521972656,2732.524169921875,115.02149963378906,-147.4818572998047,2662.874267578125,139.05966186523438,-195.3323516845703,2691.7421875,114.21427154541016,-416.2688293457031,2941.095703125,-2.9769911766052246,-394.05523681640625,2917.44140625,-129.4078826904297,-166.46192932128906,2917.9873046875,30.516042709350582,-119.36736297607422,2778.807373046875,87.1362075805664,-191.99984741210935,2752.174072265625,117.99693298339844,-150.00442504882812,2668.935791015625,109.99720001220705,-196.8340301513672,2759.406005859375,197.3356170654297,52.78093719482422,2923.98974609375,229.36398315429688,420.85791015625,2946.7578125,239.96043395996097,758.2429809570312,3052.635986328125,259.1724853515625,907.5100708007812,2966.866943359375,37.606895446777344,44.81011962890625,2912.5224609375,-4.853684425354004,409.115478515625,2959.52001953125,-31.478382110595703,748.4794921875,3068.704345703125,-55.99106216430664,887.5367431640625,2994.79736328125,157.6930389404297,-520.6076049804688,2936.591796875,168.18310546875,-482.11956787109375,2793.466552734375,201.87530517578125,-517.2897338867188,2810.971435546875,249.6507110595703,-542.2403564453125,2915.064453125,155.5203857421875,-527.494384765625,2801.7939453125,105.82186889648438,-590.605224609375,2892.480224609375
113.4942855834961,48.41917037963867,2919.05078125,121.69149017333984,-116.33948516845705,2917.669921875,127.10765075683594,-246.8854827880859,2935.609375,148.1201171875,-446.309814453125,2945.104248046875,175.50071716308594,-410.2310485839844,2946.78125,296.1756896972656,-356.2927551269531,2947.856689453125,356.09320068359375,-111.01956939697266,2908.542236328125,220.16342163085935,-114.18650817871094,2742.68310546875,171.63290405273438,-188.1119384765625,2732.292724609375,114.18605041503906,-147.3514862060547,2661.429443359375,134.8058319091797,-192.5605926513672,2688.447021484375,113.74669647216795,-416.39886474609375,2942.23095703125,-3.069974422454834,-393.7560119628906,2917.1513671875,-133.6127166748047,-168.61978149414062,2924.957275390625,26.71097183227539,-134.5526580810547,2782.4658203125,85.97006225585938,-201.1447601318359,2747.178955078125,116.56558227539062,-152.85195922851562,2667.32275390625,108.78667449951172,-198.1623992919922,2730.80126953125,197.5715789794922,52.562313079833984,2923.81640625,229.62403869628903,420.5239562988281,2948.546142578125,240.915283203125,758.36181640625,3052.9404296875,260.4297790527344,907.43603515625,2966.892333984375,37.6781005859375,44.6831169128418,2914.753173828125,-5.1828436851501465,408.7066345214844,2963.637939453125,-30.91173934936523,749.50634765625,3068.522216796875,-57.21540832519531,889.7171630859375,2997.45263671875,156.8780059814453,-520.8134765625,2936.2763671875,173.79010009765625,-477.59869384765625,2795.123046875,206.90773010253903,-513.0982666015625,2813.059814453125,249.92605590820312,-541.1192016601562,2918.442626953125,161.12069702148438,-523.306396484375,2801.3701171875,107.71833038330078,-589.6787109375,2887.5146484375
114.58039093017578,49.46706008911133,2917.089599609375,123.2851333618164,-115.27249145507812,2915.702880859375,128.71900939941406,-245.8299865722656,2933.59375,151.3131561279297,-444.9133605957031,2946.261474609375,178.39491271972656,-408.5890197753906,2947.47705078125,298.449462890625,-353.25994873046875,2947.325927734375,359.16766357421875,-108.33325958251952,2907.021484375,217.6106109619141,-124.92498779296876,2746.751953125,166.2276611328125,-195.80728149414065,2730.494140625,116.32609558105467,-148.22674560546875,2658.176025390625,133.95263671875,-207.9071044921875,2698.19287109375,116.70787811279295,-415.33099365234375,2942.798828125,-0.0556558370590209,-393.8620910644531,2916.447021484375,-128.6836700439453,-167.4813690185547,2917.437744140625,32.80088424682617,-118.88591766357422,2780.568359375,89.31248474121094,-190.7186279296875,2751.60986328125,120.80831909179688,-154.04351806640625,2666.11669921875,113.06912994384766,-194.02682495117188,2750.083740234375,198.53477478027344,53.8486442565918,2923.565185546875,229.73045349121097,421.8710632324219,2948.71728515625,240.61534118652344,759.7586059570312,3053.044677734375,260.55889892578125,906.854736328125,2963.73779296875,38.87503433227539,45.515995025634766,2911.25048828125,-4.173252582550049,409.60296630859375,2959.613037109375,-31.4500675201416,749.18603515625,3068.0439453125,-56.10414505004883,887.8052978515625,2993.3388671875,160.7084503173828,-519.4739990234375,2938.623291015625,174.48866271972656,-477.8516845703125,2796.646484375,207.59478759765625,-513.6202392578125,2814.069091796875,252.9857177734375,-541.2009887695312,2918.57470703125,161.38479614257812,-523.3244018554688,2803.677978515625,109.3828582763672,-588.1417846679688,2891.846435546875
115.0491943359375,50.153472900390625,2917.510009765625,123.90615844726562,-114.30966186523438,2916.27734375,129.61441040039062,-244.6420440673828,2934.139404296875,152.85369873046875,-443.3815002441406,2945.8154296875,179.78555297851562,-407.0379638671875,2947.0361328125,299.6994934082031,-351.9322814941406,2948.245361328125,358.17205810546875,-107.65008544921876,2903.58544921875,219.42906188964844,-121.81988525390624,2741.105712890625,169.3354034423828,-194.80218505859375,2732.909423828125,115.29270935058594,-145.75473022460938,2664.90087890625,134.87423706054688,-197.4074859619141,2685.01025390625,118.19548797607422,-413.94049072265625,2942.673583984375,0.9078755974769592,-394.0539245605469,2918.404541015625,-127.56693267822266,-168.072509765625,2918.43212890625,30.249357223510746,-116.64578247070312,2778.906005859375,87.2601547241211,-189.51702880859375,2754.376953125,121.23320770263672,-153.77346801757812,2669.624755859375,113.2059555053711,-183.12322998046875,2726.1328125,198.90769958496097,54.62584686279297,2923.34423828125,230.66783142089844,422.138427734375,2946.262939453125,239.27084350585935,759.2872314453125,3051.235107421875,260.98162841796875,907.1510620117188,2964.184326171875,39.43028259277344,46.12053298950195,2912.2490234375,-4.056174278259277,409.7102966308594,2959.334228515625,-31.744606018066406,749.2416381835938,3065.884765625,-57.67413711547851,885.8313598632812,2988.476318359375,162.42123413085938,-517.7579956054688,2937.821044921875,174.0336151123047,-482.9161987304687,2794.08935546875,207.3233642578125,-517.8184204101562,2812.632568359375,254.21502685546875,-540.495361328125,2917.440185546875,161.0283203125,-527.9169921875,2803.4306640625,110.42122650146484,-588.3555297851562,2895.17724609375
114.49608612060548,49.92216110229492,2917.57470703125,123.16749572753906,-114.64832305908205,2916.11279296875,128.71731567382812,-245.0646514892578,2933.9970703125,151.08218383789062,-443.9836730957031,2946.37451171875,178.1864471435547,-407.7322082519531,2947.524169921875,298.18731689453125,-352.62109375,2948.52392578125,359.4675598144531,-108.76702117919922,2904.413818359375,219.95346069335935,-117.15718841552734,2742.023193359375,170.2595672607422,-190.44664001464844,2733.557373046875,114.91447448730467,-146.00341796875,2663.3779296875,138.11024475097656,-195.90432739257812,2686.725830078125,116.53756713867188,-414.3846740722656,2943.072265625,-0.6555467844009399,-393.93255615234375,2918.453369140625,-126.61477661132812,-166.37794494628906,2915.63134765625,30.23906135559082,-114.60247802734376,2774.950439453125,86.13088989257812,-188.725830078125,2751.39208984375,116.81517791748048,-152.637939453125,2665.471435546875,106.88966369628906,-178.41928100585938,2710.359130859375,198.4114990234375,54.29202651977539,2923.400146484375,230.853759765625,421.8432312011719,2948.25341796875,240.26248168945312,758.8828735351562,3054.21875,260.595703125,905.5498657226562,2964.640380859375,38.82587814331055,45.981658935546875,2912.321533203125,-4.333205699920654,409.7239990234375,2960.265869140625,-31.769006729125977,749.5501098632812,3066.662841796875,-56.22891616821289,885.9900512695312,2988.3203125,160.3448486328125,-518.471923828125,2938.63671875,178.0960235595703,-476.5799560546875,2797.342041015625,209.12759399414065,-514.0248413085938,2814.902099609375,251.6161193847656,-544.5445556640625,2919.675537109375,162.69212341308594,-521.3560180664062,2803.825439453125,106.4114227294922,-584.1138305664062,2890.675048828125
114.4560546875,48.65354919433594,2916.7314453125,122.70404052734376,-116.02122497558594,2915.199951171875,127.9941635131836,-246.52862548828125,2932.987548828125,150.8544464111328,-445.3869018554687,2946.9697265625,177.90130615234375,-409.0526123046875,2947.66650390625,297.63128662109375,-353.1929931640625,2946.99072265625,357.4391784667969,-108.7553939819336,2903.347412109375,220.91514587402344,-114.51590728759766,2738.18212890625,172.34518432617188,-188.8068389892578,2731.67919921875,113.5050048828125,-146.3057861328125,2663.08642578125,132.72512817382812,-189.4167633056641,2683.97509765625,116.21329498291016,-415.8740539550781,2943.590576171875,-1.0917335748672483,-395.2584228515625,2919.341552734375,-126.49143981933594,-167.2375946044922,2917.239501953125,31.887784957885746,-118.39405822753906,2777.051513671875,87.65190887451172,-192.5667266845703,2753.15185546875,117.2856903076172,-152.55648803710938,2668.552978515625,106.03451538085938,-178.2804412841797,2706.086181640625,198.4462432861328,52.809085845947266,2922.241455078125,229.7654571533203,420.5758666992187,2948.099853515625,240.86668395996097,758.3616943359375,3052.10107421875,260.0719909667969,905.2578125,2962.48046875,38.71841812133789,44.90632247924805,2911.7626953125,-3.689784526824951,408.8534851074219,2960.254638671875,-30.942506790161133,748.3126220703125,3068.458740234375,-55.8801155090332,883.0108032226562,2987.14599609375,160.2388916015625,-519.9573974609375,2939.822998046875,184.2567138671875,-473.1247253417969,2800.947998046875,214.6885223388672,-511.0287170410156,2818.64892578125,252.4943084716797,-544.9580688476562,2924.230712890625,168.837646484375,-518.1898803710938,2805.17822265625,108.9593734741211,-584.188232421875,2887.169189453125
114.4560546875,48.65354919433594,2916.7314453125,122.70404052734376,-116.02122497558594,2915.199951171875,127.9941635131836,-246.52862548828125,2932.987548828125,150.8544464111328,-445.3869018554687,2946.9697265625,177.90130615234375,-409.0526123046875,2947.66650390625,297.63128662109375,-353.1929931640625,2946.99072265625,357.4391784667969,-108.7553939819336,2903.347412109375,220.91514587402344,-114.51590728759766,2738.18212890625,172.34518432617188,-188.8068389892578,2731.67919921875,113.5050048828125,-146.3057861328125,2663.08642578125,132.72512817382812,-189.4167633056641,2683.97509765625,116.21329498291016,-415.8740539550781,2943.590576171875,-1.0917335748672483,-395.2584228515625,2919.341552734375,-126.49143981933594,-167.2375946044922,2917.239501953125,31.887784957885746,-118.39405822753906,2777.051513671875,87.65190887451172,-192.5667266845703,2753.15185546875,117.2856903076172,-152.55648803710938,2668.552978515625,106.03451538085938,-178.2804412841797,2706.086181640625,198.4462432861328,52.809085845947266,2922.241455078125,229.7654571533203,420.5758666992187,2948.099853515625,240.86668395996097,758.3616943359375,3052.10107421875,260.0719909667969,905.2578125,2962.48046875,38.71841812133789,44.90632247924805,2911.7626953125,-3.689784526824951,408.8534851074219,2960.254638671875,-30.942506790161133,748.3126220703125,3068.458740234375,-55.8801155090332,883.0108032226562,2987.14599609375,160.2388916015625,-519.9573974609375,2939.822998046875,184.2567138671875,-473.1247253417969,2800.947998046875,214.6885223388672,-511.0287170410156,2818.64892578125,252.4943084716797,-544.9580688476562,2924.230712890625,168.837646484375,-518.1898803710938,2805.17822265625,108.9593734741211,-584.188232421875,2887.169189453125
114.90673828125,49.300437927246094,2916.4033203125,123.092529296875,-115.5635757446289,2915.0615234375,128.29925537109375,-246.22508239746097,2932.83447265625,150.42108154296875,-445.43603515625,2946.189453125,177.59645080566406,-409.1472778320313,2947.37744140625,297.4420166015625,-353.249755859375,2950.1279296875,355.6974792480469,-107.37714385986328,2911.00927734375,222.9809112548828,-118.32331085205078,2742.721435546875,175.24351501464844,-193.25372314453125,2736.031494140625,117.7624053955078,-146.65692138671875,2668.79736328125,140.25604248046875,-197.33636474609375,2688.348876953125,115.87258911132812,-415.7697448730469,2942.5283203125,-1.2556538581848145,-394.6946105957031,2917.164306640625,-127.90032958984376,-167.0312957763672,2914.931396484375,30.57920837402344,-112.5781707763672,2776.559326171875,85.33116149902344,-189.11180114746097,2757.91064453125,117.26432800292967,-154.03460693359375,2671.8447265625,106.84667205810548,-177.34693908691406,2710.99755859375,198.9789581298828,53.42825698852539,2922.1201171875,230.79498291015625,421.5566711425781,2948.14501953125,240.9173126220703,758.9901733398438,3054.702880859375,260.91851806640625,908.8483276367188,2969.9169921875,39.09511184692383,45.57820510864258,2911.248291015625,-3.63037371635437,410.0973510742187,2958.293212890625,-31.136075973510746,749.5323486328125,3067.820556640625,-60.28633117675781,884.9778442382812,2988.834716796875,159.67782592773438,-520.0846557617188,2938.804443359375,180.242919921875,-476.6080017089844,2798.1181640625,213.19406127929688,-511.81591796875,2817.005615234375,253.45327758789065,-539.4895629882812,2923.6455078125,167.83555603027344,-522.4686279296875,2803.99072265625,112.58533477783205,-589.4425048828125,2888.59814453125
115.0918426513672,49.556175231933594,2916.06103515625,123.43692016601562,-115.0932159423828,2914.736572265625,128.78741455078125,-245.59259033203125,2932.4326171875,151.87184143066406,-444.4395751953125,2945.804931640625,178.84413146972656,-408.0668640136719,2946.88330078125,298.3985595703125,-351.9031677246094,2948.80419921875,356.5425720214844,-106.61000061035156,2908.007568359375,223.06410217285156,-116.87152099609376,2740.623779296875,174.86007690429688,-191.29541015625,2733.15478515625,117.42781829833984,-146.19619750976562,2665.049072265625,142.40170288085938,-195.61976623535156,2684.380615234375,117.2141571044922,-414.9769592285156,2942.24560546875,-0.0460594892501831,-394.6588745117187,2917.61376953125,-126.9400863647461,-167.50213623046875,2916.048095703125,30.21949577331543,-114.34131622314452,2776.103759765625,84.545166015625,-190.9132537841797,2756.988525390625,115.06670379638672,-155.32955932617188,2670.7587890625,105.50174713134766,-178.63380432128906,2708.99951171875,199.0579071044922,53.766361236572266,2921.721435546875,230.5366668701172,421.4990539550781,2947.15380859375,240.83998107910156,758.7321166992188,3052.85546875,260.3618469238281,907.7601928710938,2966.94482421875,39.37596130371094,45.759666442871094,2910.95654296875,-3.72774887084961,409.7687683105469,2957.967529296875,-31.773038864135746,748.9247436523438,3066.7587890625,-59.19346618652344,882.6698608398438,2984.7177734375,161.44757080078125,-518.9541015625,2938.438720703125,183.7090759277344,-473.1703186035156,2798.944091796875,215.5293731689453,-509.6603698730469,2817.14697265625,254.5611572265625,-540.7003784179688,2923.1533203125,169.98529052734375,-518.7115478515625,2803.796875,112.61399841308594,-585.7614135742188,2886.697998046875
114.63497924804688,47.91704177856445,2916.583251953125,123.20980072021484,-116.94650268554688,2916.42822265625,128.75291442871094,-247.435791015625,2935.406494140625,149.75816345214844,-446.8061828613281,2948.435791015625,177.15054321289062,-410.67486572265625,2949.582275390625,296.2130432128906,-353.07476806640625,2947.494873046875,357.6233215332031,-107.9436264038086,2908.4072265625,228.4446563720703,-119.40502166748048,2737.399658203125,172.7284393310547,-187.46807861328125,2723.164306640625,114.58116912841795,-141.5713653564453,2656.0087890625,139.52520751953125,-192.53855895996097,2684.223388671875,115.36862182617188,-416.9319763183594,2944.923828125,-1.4305188655853271,-394.3683471679687,2919.275146484375,-127.95248413085938,-166.6074676513672,2921.017578125,31.17588233947754,-130.19444274902344,2777.53271484375,88.79266357421875,-200.9728851318359,2747.948974609375,117.59268951416016,-152.5327911376953,2667.43017578125,107.73545837402344,-185.55047607421875,2705.949462890625,198.71824645996097,52.285213470458984,2922.058837890625,230.9065399169922,420.0676574707031,2952.573974609375,239.41799926757812,759.669921875,3052.260986328125,260.7747802734375,906.41845703125,2962.483154296875,38.81338119506836,43.97806930541992,2911.64599609375,-3.841251134872437,408.335205078125,2960.230224609375,-31.642257690429688,748.953369140625,3066.045166015625,-60.31867218017578,884.3108520507812,2986.708740234375,158.55661010742188,-521.5040893554688,2940.92431640625,184.0845947265625,-472.6634521484375,2802.821533203125,214.9227294921875,-510.26470947265625,2820.646484375,251.60122680664065,-544.7310791015625,2926.607666015625,169.38316345214844,-518.0916137695312,2806.3095703125,109.25472259521484,-586.118408203125,2886.658203125
114.84427642822266,49.58189392089844,2915.285888671875,123.20529174804688,-114.98812866210938,2914.56201171875,128.5042266845703,-245.3187713623047,2933.01171875,149.4840850830078,-444.1187438964844,2948.827392578125,176.823486328125,-408.0390319824219,2949.4658203125,296.38665771484375,-352.0589904785156,2947.27734375,358.38372802734375,-107.9073257446289,2906.104736328125,221.7454833984375,-122.87306213378906,2741.789794921875,167.5475311279297,-191.69610595703125,2726.414306640625,115.38580322265624,-143.04052734375,2656.60986328125,139.5858154296875,-198.50575256347656,2684.148193359375,115.1557846069336,-414.3543090820313,2944.89794921875,-1.7432942390441897,-392.8546752929687,2919.85498046875,-130.94371032714844,-167.14822387695312,2920.8935546875,28.788089752197266,-137.5050048828125,2777.124267578125,87.59237670898438,-207.8737335205078,2749.53662109375,116.8156280517578,-156.19430541992188,2671.4404296875,108.03097534179688,-190.95993041992188,2706.923583984375,198.75494384765625,53.819332122802734,2921.119384765625,231.3470001220703,421.0871276855469,2949.059814453125,239.3453063964844,758.6412353515625,3053.336669921875,260.72784423828125,906.4569702148438,2965.9609375,39.178348541259766,45.76080703735352,2910.025390625,-2.9002280235290527,409.5679626464844,2958.068603515625,-31.374834060668945,748.8181762695312,3065.865234375,-58.047576904296875,882.4872436523438,2983.608154296875,158.27268981933594,-518.7774658203125,2942.38427734375,179.92991638183594,-472.2852783203125,2803.10791015625,213.0233459472656,-507.4136962890625,2821.643310546875,252.28494262695312,-536.719482421875,2927.993408203125,168.033447265625,-518.3198852539062,2807.893798828125,112.70315551757812,-587.5347900390625,2890.3134765625
115.0068130493164,49.53981018066406,2916.631103515625,122.92987060546876,-115.114501953125,2915.48193359375,128.05148315429688,-245.558349609375,2933.548828125,149.90748596191406,-444.4061584472656,2948.558837890625,177.08941650390625,-408.1903076171875,2949.43701171875,295.99176025390625,-350.6868896484375,2947.632568359375,359.6925964355469,-106.71524810791016,2907.380126953125,224.55604553222656,-131.8028564453125,2742.94677734375,166.37408447265625,-196.79721069335935,2725.417724609375,117.2425537109375,-142.15988159179688,2657.819091796875,138.39378356933594,-206.0006103515625,2689.813232421875,115.44076538085938,-414.7707214355469,2944.656982421875,-1.0619908571243286,-393.1580505371094,2917.705078125,-129.35450744628906,-166.92425537109375,2924.7685546875,34.18540954589844,-139.49131774902344,2784.76171875,92.9156494140625,-203.70472717285156,2744.6943359375,120.61782836914062,-151.9097442626953,2666.073486328125,107.86361694335938,-190.72064208984375,2710.866455078125,199.00906372070312,53.546241760253906,2921.744873046875,230.6986389160156,420.9260559082031,2951.142822265625,241.2616729736328,758.6345825195312,3055.16357421875,259.5775451660156,904.9666748046876,2964.520263671875,39.25828552246094,45.927040100097656,2912.02001953125,-3.9239823818206783,409.87994384765625,2959.090087890625,-30.433469772338867,748.46337890625,3069.908447265625,-60.044307708740234,881.3056640625,2987.197021484375,159.061767578125,-519.0241088867188,2941.810791015625,187.0187225341797,-469.4562377929687,2804.67138671875,217.5890350341797,-506.9987182617187,2822.86083984375,252.30267333984375,-541.8511352539062,2929.170654296875,172.4216766357422,-514.8823852539062,2807.639892578125,111.08174896240234,-583.4163818359375,2886.362060546875
115.18568420410156,49.66263961791992,2916.369873046875,123.94837188720705,-114.61334228515624,2914.819580078125,129.89328002929688,-244.7967071533203,2932.576171875,152.56065368652344,-443.1388549804687,2947.677734375,179.56993103027344,-406.9007568359375,2948.186279296875,299.49603271484375,-352.1790466308594,2947.337646484375,364.2860412597656,-107.77684783935548,2915.593505859375,226.4305877685547,-138.68467712402344,2755.015380859375,167.4390869140625,-196.6700897216797,2722.727294921875,125.3659896850586,-140.68016052246094,2651.85009765625,154.99037170410156,-205.9336395263672,2682.514404296875,118.01953887939452,-413.689697265625,2944.111572265625,1.003481388092041,-392.7328796386719,2920.13134765625,-129.0873565673828,-168.0281219482422,2921.65576171875,32.77066421508789,-137.05523681640625,2781.11083984375,92.7871322631836,-199.25521850585935,2740.24169921875,121.95281219482422,-152.667724609375,2659.176513671875,108.58644104003906,-191.52560424804688,2713.954833984375,199.0361785888672,54.09367752075195,2920.783203125,230.4514617919922,420.7008361816406,2950.750732421875,239.90524291992188,758.266357421875,3052.908935546875,258.9720458984375,906.2416381835938,2965.82275390625,39.574012756347656,45.66697311401367,2912.39013671875,-3.6929585933685303,408.6388549804687,2961.093017578125,-31.29604148864746,747.3287963867188,3068.962646484375,-60.73451232910156,881.8911743164062,2989.656982421875,161.88038635253906,-517.5870361328125,2940.9794921875,185.81607055664065,-472.83538818359375,2801.761962890625,217.53907775878903,-508.89398193359375,2820.669921875,255.14849853515625,-538.7862548828125,2927.244873046875,172.3499298095703,-518.331298828125,2806.7626953125,114.34278106689452,-584.9743041992188,2889.173828125
115.09114074707033,49.7659797668457,2918.04638671875,122.75078582763672,-114.8462142944336,2916.4697265625,128.0961456298828,-245.2718963623047,2934.30419921875,151.14402770996094,-443.954833984375,2948.87890625,178.1549835205078,-407.6207580566406,2949.312744140625,298.1158752441406,-352.5559997558594,2945.55419921875,367.1257629394531,-107.2183074951172,2931.168212890625,226.83302307128903,-135.44973754882812,2771.72509765625,172.2544403076172,-191.35491943359375,2729.209716796875,127.36563110351562,-143.57098388671875,2653.948486328125,158.1269989013672,-196.236083984375,2688.6220703125,116.48617553710938,-414.492919921875,2945.5654296875,-1.0097250938415527,-394.9611206054687,2921.68017578125,-123.22279357910156,-165.4641571044922,2915.060302734375,34.81464767456055,-121.90504455566406,2772.94287109375,91.78327941894533,-193.6357879638672,2744.985595703125,122.23719024658205,-153.79371643066406,2660.661376953125,111.82563018798828,-180.06356811523438,2703.51171875,199.1682281494141,53.647674560546875,2921.234130859375,230.52191162109375,421.0027465820313,2949.85205078125,241.28387451171875,758.55419921875,3053.99072265625,260.0077209472656,906.0784301757812,2965.490234375,39.275115966796875,46.265682220458984,2915.171875,-1.7789006233215332,410.340087890625,2962.309326171875,-29.517513275146484,750.8368530273438,3066.404541015625,-59.90043258666992,882.6275634765625,2982.39599609375,160.5377960205078,-518.5034790039062,2941.95751953125,175.7764434814453,-477.5075378417969,2800.114990234375,208.2180023193359,-513.6661376953125,2817.81494140625,252.51307678222656,-541.5924682617188,2922.557373046875,161.98678588867188,-522.71826171875,2807.174560546875,108.56707763671876,-586.4723510742188,2895.09130859375
116.6014633178711,48.47719955444336,2917.371826171875,124.87834167480467,-116.48397064208984,2916.0869140625,130.24322509765625,-247.1945343017578,2934.051513671875,152.8223114013672,-446.4313049316406,2948.090087890625,179.9375762939453,-410.0581359863281,2949.11962890625,299.2468566894531,-352.7793273925781,2950.0859375,361.7429809570313,-107.72681427001952,2911.343994140625,226.3085021972656,-122.55300903320312,2745.36669921875,174.57688903808594,-193.0594482421875,2728.029296875,126.31552124023438,-144.79222106933594,2654.8916015625,150.0727996826172,-200.31674194335935,2682.550537109375,118.18476104736328,-416.8341369628906,2944.362060546875,0.6869584321975708,-395.2753601074219,2920.82177734375,-123.73011016845705,-166.1990509033203,2922.253662109375,35.56828308105469,-132.99160766601562,2778.0078125,93.43114471435548,-200.151123046875,2741.1875,121.16436767578124,-152.56846618652344,2659.72509765625,107.53114318847656,-188.0470733642578,2704.78662109375,200.7508087158203,52.65815353393555,2922.662353515625,231.1333923339844,421.09869384765625,2949.208740234375,240.17127990722656,759.917236328125,3052.1279296875,260.8105163574219,908.6674194335938,2965.349853515625,40.72028350830078,44.70705032348633,2912.60107421875,0.0885985791683197,409.8868103027344,2958.136962890625,-26.43488121032715,749.4707641601562,3068.159912109375,-60.184120178222656,882.8720092773438,2987.349853515625,162.2367401123047,-521.1312255859375,2940.95263671875,184.47425842285156,-472.74310302734375,2802.0390625,216.77845764160156,-509.1480712890625,2819.829833984375,255.8755340576172,-541.3955078125,2925.693603515625,171.3327178955078,-518.6244506835938,2806.117919921875,114.44559478759766,-587.8916015625,2887.85205078125
118.51094818115234,50.32364273071289,2917.78466796875,125.7950210571289,-114.16079711914062,2914.7548828125,130.2649383544922,-244.6970672607422,2931.23583984375,150.23231506347656,-443.4414367675781,2947.35595703125,177.74952697753906,-407.5323791503906,2947.7978515625,297.10980224609375,-351.291748046875,2946.97021484375,366.3234252929687,-109.07623291015624,2906.93603515625,221.768798828125,-133.43785095214844,2750.915283203125,165.6663055419922,-198.09368896484375,2726.9990234375,124.46623229980467,-143.4237518310547,2654.464599609375,145.968017578125,-205.48785400390625,2683.611572265625,116.0702667236328,-413.52056884765625,2943.520751953125,-0.9081661701202391,-389.7608947753906,2921.462890625,-129.56863403320312,-164.01675415039062,2927.18701171875,33.164546966552734,-142.3096466064453,2785.601806640625,92.42550659179688,-201.5277099609375,2739.34326171875,120.72457885742188,-152.5828857421875,2659.2529296875,106.72171020507812,-193.7420654296875,2714.587646484375,202.395263671875,53.931156158447266,2923.60693359375,231.02249145507812,421.16302490234375,2953.04736328125,240.63975524902344,759.0164184570312,3055.39892578125,260.1937561035156,904.6746215820312,2964.28125,42.868770599365234,47.07059097290039,2912.53466796875,0.5798488855361938,410.873046875,2958.482177734375,-26.86819648742676,749.2924194335938,3068.34521484375,-58.94206619262695,881.499267578125,2985.8603515625,158.584716796875,-518.109375,2941.031494140625,185.9815368652344,-473.1253051757813,2802.3779296875,217.30270385742188,-509.191162109375,2822.060302734375,252.29122924804688,-539.1727905273438,2929.62060546875,172.4506072998047,-518.6903686523438,2806.9931640625,112.42859649658205,-585.5753784179688,2887.9208984375
118.55916595458984,49.677879333496094,2916.6748046875,124.86146545410156,-114.93995666503906,2915.81689453125,128.66946411132812,-245.3109588623047,2934.1025390625,150.9164276123047,-443.8765563964844,2950.455322265625,178.02886962890625,-407.6377868652344,2950.88916015625,297.4342041015625,-351.4275207519531,2948.1416015625,364.6582336425781,-108.71869659423828,2907.055419921875,219.87889099121097,-138.8890380859375,2752.142333984375,162.4827423095703,-200.6485290527344,2723.898193359375,125.06533813476562,-141.64602661132812,2652.6640625,147.1537628173828,-213.62120056152344,2687.064208984375,116.40204620361328,-414.343017578125,2946.552490234375,-0.1412108540534973,-391.88958740234375,2920.851318359375,-121.09996032714844,-161.73582458496094,2920.880615234375,34.375144958496094,-123.22208404541016,2774.654052734375,91.0686264038086,-194.1057281494141,2744.2021484375,122.68693542480467,-152.36569213867188,2661.27587890625,107.03395080566406,-182.78009033203125,2705.339599609375,202.53334045410156,52.86547088623047,2921.91357421875,230.78118896484375,420.1065979003906,2953.425048828125,240.64634704589844,758.889892578125,3053.142578125,260.3658752441406,906.8174438476562,2965.65478515625,42.83595657348633,46.80348587036133,2911.950927734375,0.590197741985321,409.911865234375,2964.205078125,-26.85159492492676,750.6146240234375,3067.27490234375,-60.200172424316406,883.7247924804688,2986.643798828125,160.13851928710938,-518.4801635742188,2944.214111328125,185.14968872070312,-470.4248962402344,2806.076171875,216.81198120117188,-506.9259338378906,2824.42041015625,253.6667633056641,-539.2801513671875,2930.71435546875,171.6851043701172,-516.1014404296875,2809.9208984375,113.03516387939452,-584.792724609375,2890.4140625
118.3301773071289,50.0258674621582,2917.30078125,124.82445526123048,-114.62871551513672,2915.73583984375,128.62161254882812,-245.12252807617188,2933.42236328125,151.32176208496094,-443.8294372558594,2948.0849609375,178.40077209472656,-407.5478515625,2948.441650390625,297.9786376953125,-351.6845397949219,2944.48681640625,374.1574096679687,-109.49109649658205,2918.16455078125,224.1579742431641,-131.42535400390625,2766.784423828125,169.84994506835938,-191.523681640625,2730.0439453125,127.52268981933594,-143.35845947265625,2653.557861328125,154.8688507080078,-203.8257751464844,2694.64013671875,116.71482849121094,-414.3057556152344,2944.819091796875,-0.8012652397155762,-392.1489562988281,2923.490234375,-117.2527313232422,-159.7392578125,2915.299072265625,38.83806610107422,-137.17054748535156,2766.32763671875,94.3563995361328,-211.62733459472656,2742.974609375,121.93402862548828,-158.75732421875,2665.072509765625,119.29029846191406,-197.6676025390625,2701.54296875,202.277099609375,53.28000259399414,2923.287353515625,230.82098388671875,420.9285888671875,2950.82958984375,240.5162811279297,758.7755126953125,3054.053955078125,260.32220458984375,906.4299926757812,2966.02392578125,42.63154983520508,47.09147262573242,2911.902099609375,0.2785027027130127,410.5608825683594,2962.30908203125,-26.895843505859375,750.4795532226562,3068.365966796875,-60.018592834472656,883.1011962890625,2986.7490234375,160.56088256835938,-518.3967895507812,2941.19580078125,184.4158172607422,-473.17864990234375,2801.85302734375,216.5329742431641,-508.96685791015625,2820.84326171875,254.24591064453125,-538.5988159179688,2927.667236328125,171.4115753173828,-518.8992309570312,2806.78369140625,113.8205337524414,-586.3611450195312,2889.114501953125
118.3283233642578,49.92620086669922,2917.758056640625,124.81905364990234,-114.66666412353516,2914.820068359375,128.765380859375,-245.2690887451172,2931.379638671875,151.3191680908203,-443.7574157714844,2948.33349609375,178.38851928710938,-407.4822998046875,2948.548583984375,298.0709533691406,-351.8201599121094,2946.560791015625,372.0308532714844,-108.72554779052734,2923.01025390625,221.45864868164065,-132.0718536376953,2772.491943359375,166.91285705566406,-190.8420867919922,2734.05078125,125.13294982910156,-144.0696563720703,2656.441650390625,152.98431396484375,-203.75791931152344,2699.427734375,116.75304412841795,-414.2791748046875,2944.4501953125,-0.92402845621109,-392.80560302734375,2923.493896484375,-116.44316864013672,-159.912841796875,2918.670654296875,40.94199752807617,-137.14646911621094,2771.180908203125,95.923095703125,-209.77163696289065,2741.696044921875,121.47412872314452,-157.38796997070312,2662.81298828125,114.67755126953124,-194.28562927246097,2698.189697265625,202.2975311279297,53.14200210571289,2923.10986328125,230.56494140625,420.5506591796875,2952.76220703125,240.769775390625,758.788818359375,3054.326904296875,260.42474365234375,906.7771606445312,2966.914306640625,42.609588623046875,47.026371002197266,2912.93212890625,0.826012372970581,410.4110412597656,2963.716796875,-26.96819305419922,750.998046875,3067.121826171875,-58.83582305908203,883.7310180664062,2985.267333984375,160.6133270263672,-518.373291015625,2942.31494140625,186.24375915527344,-473.2033081054687,2803.3134765625,217.9908447265625,-509.1159362792969,2822.651123046875,254.34359741210935,-538.9323120117188,2929.861083984375,173.00767517089844,-518.8624877929688,2808.071533203125,114.22232055664062,-586.1141967773438,2889.680908203125
118.27615356445312,49.900352478027344,2917.790283203125,124.74413299560548,-114.69784545898438,2914.8564453125,128.674072265625,-245.3033905029297,2931.423095703125,151.1798095703125,-443.8052978515625,2948.344482421875,178.26173400878906,-407.5379333496094,2948.53759765625,297.9414978027344,-351.8670349121094,2946.408447265625,371.7843322753906,-108.73678588867188,2922.78515625,221.06590270996097,-132.1376190185547,2772.413330078125,166.48501586914062,-190.9203643798828,2734.03564453125,124.57122039794922,-144.1568145751953,2656.489990234375,152.2926788330078,-203.68597412109375,2699.366455078125,116.61878204345705,-414.3149108886719,2944.49365234375,-1.0958240032196045,-392.8434143066406,2923.728271484375,-116.6480484008789,-159.95001220703125,2919.382568359375,40.45552062988281,-137.1304168701172,2771.5927734375,95.30648803710938,-209.84423828125,2742.076171875,120.7594757080078,-157.53541564941406,2663.108642578125,113.62132263183594,-194.16004943847656,2698.052978515625,202.24856567382812,53.1048583984375,2923.13330078125,230.56724548339844,420.5161437988281,2952.82568359375,240.7819366455078,758.7432250976562,3054.458984375,260.4789123535156,906.7128295898438,2967.015380859375,42.55452728271485,47.01070785522461,2912.971923828125,0.8198506832122803,410.4153442382813,2963.72509765625,-26.940933227539062,751.0316162109375,3067.0751953125,-58.7759895324707,883.61962890625,2984.96533203125,160.44482421875,-518.42578125,2942.3125,185.5728759765625,-473.4575500488281,2803.14990234375,217.46197509765625,-509.2577819824219,2822.4658203125,254.19119262695312,-538.783447265625,2929.631591796875,172.46006774902344,-519.1405029296875,2808.0322265625,114.06697082519533,-586.3797607421875,2889.937744140625
118.2696762084961,49.90242767333984,2917.806396484375,124.73323822021484,-114.68878173828124,2914.8828125,128.6598358154297,-245.28665161132812,2931.464111328125,151.1459197998047,-443.7807312011719,2948.39794921875,178.2303009033203,-407.5177001953125,2948.586181640625,297.9087829589844,-351.8580627441406,2946.453857421875,371.78082275390625,-108.7476043701172,2922.8408203125,221.04747009277344,-132.1309814453125,2772.494873046875,166.4541778564453,-190.92234802246097,2734.1572265625,124.51104736328124,-144.1682891845703,2656.627685546875,152.2516632080078,-203.73194885253903,2699.5400390625,116.58908081054688,-414.2884521484375,2944.5478515625,-1.1214985847473145,-392.8097534179687,2923.798583984375,-116.67315673828124,-159.92886352539062,2919.458984375,40.42494201660156,-137.1383514404297,2771.673095703125,95.26273345947266,-209.89012145996097,2742.239501953125,120.77288055419922,-157.65609741210938,2663.24609375,113.5128402709961,-194.2545166015625,2698.17919921875,202.23861694335935,53.10505294799805,2923.146484375,230.57374572753903,420.5033264160156,2952.778564453125,240.84378051757812,758.743896484375,3054.306396484375,260.53973388671875,906.615478515625,2966.7119140625,42.55118942260742,47.01448059082031,2912.990966796875,0.8266829252243042,410.4069213867187,2963.720458984375,-26.92399024963379,751.0147705078125,3067.04638671875,-58.76764678955078,883.577392578125,2984.912353515625,160.4025421142578,-518.3992309570312,2942.370849609375,185.38267517089844,-473.3495788574219,2803.215087890625,217.29995727539065,-509.1487731933594,2822.480224609375,254.13894653320312,-538.7199096679688,2929.58984375,172.28939819335938,-519.0372314453125,2808.0849609375,113.9980697631836,-586.3363037109375,2890.005859375
118.23527526855467,49.85466003417969,2917.872802734375,124.69348907470705,-114.73362731933594,2914.969970703125,128.61721801757812,-245.32359313964844,2931.592041015625,151.12342834472656,-443.8088684082031,2948.552001953125,178.20643615722656,-407.5458068847656,2948.706787109375,297.8570861816406,-351.8395690917969,2946.4091796875,371.75189208984375,-108.7746353149414,2922.4599609375,220.66485595703125,-132.2458953857422,2772.48974609375,165.9065399169922,-191.0736846923828,2734.44921875,123.66773223876952,-144.39845275878906,2657.03515625,151.0673828125,-203.7083740234375,2699.913818359375,116.56307983398438,-414.3190002441406,2944.7265625,-1.1902302503585815,-392.89593505859375,2924.178466796875,-116.81734466552734,-160.05006408691406,2920.329345703125,39.91022109985352,-137.17266845703125,2772.170654296875,94.6485366821289,-209.93521118164065,2742.585205078125,119.95220184326172,-157.68609619140625,2663.5380859375,112.23444366455078,-193.76858520507812,2697.647216796875,202.203369140625,53.055511474609375,2923.198974609375,230.5534820556641,420.4550476074219,2952.70361328125,240.9260406494141,758.7488403320312,3054.017578125,260.5006408691406,906.421630859375,2966.068603515625,42.51755142211914,46.96831130981445,2913.0703125,0.807836651802063,410.3498229980469,2963.832763671875,-26.856945037841797,750.9174194335938,3067.287841796875,-58.93706512451172,883.48486328125,2985.260498046875,160.37635803222656,-518.4269409179688,2942.534423828125,185.2391357421875,-473.36566162109375,2803.36474609375,217.0973968505859,-509.2546997070313,2822.5576171875,254.0381622314453,-538.9757690429688,2929.587890625,172.0393524169922,-519.0219116210938,2808.231689453125,113.7156753540039,-586.21728515625,2890.2109375
117.92330932617188,49.713531494140625,2918.2705078125,124.2792739868164,-114.88534545898438,2915.426025390625,128.13502502441406,-245.47555541992188,2932.09716796875,150.38238525390625,-444.0322570800781,2948.6376953125,177.52908325195312,-407.814697265625,2948.718505859375,297.1318359375,-352.0251770019531,2945.779541015625,372.0399169921875,-109.3433074951172,2921.01513671875,218.6107635498047,-132.08062744140625,2773.31640625,162.41212463378906,-190.6512451171875,2737.011962890625,118.18938446044922,-143.8564910888672,2660.78271484375,144.132568359375,-202.545166015625,2703.52734375,115.85352325439452,-414.476318359375,2945.025390625,-2.05831241607666,-393.0214538574219,2925.41650390625,-117.74039459228516,-160.16781616210938,2923.662841796875,37.56304168701172,-136.87637329101562,2774.065185546875,91.71583557128906,-210.0513458251953,2744.409423828125,116.41097259521484,-157.7231903076172,2665.218017578125,105.7209243774414,-191.7351837158203,2695.43212890625,201.89993286132812,52.86528015136719,2923.536865234375,230.4378662109375,420.283203125,2952.78759765625,241.10499572753903,758.707763671875,3053.67529296875,260.410888671875,905.8401489257812,2964.7548828125,42.197906494140625,46.8714599609375,2913.521728515625,0.6740801334381104,410.2787170410156,2964.343505859375,-26.724761962890625,750.8063354492188,3068.04248046875,-58.69924545288086,883.555908203125,2986.25830078125,159.4780731201172,-518.6590576171875,2942.45849609375,181.53091430664065,-473.2608337402344,2802.919677734375,213.9322052001953,-509.0045776367187,2821.468017578125,252.9987945556641,-538.6793823242188,2927.75830078125,168.6701202392578,-518.996826171875,2807.958251953125,112.22853088378906,-586.6293334960938,2890.89599609375
117.9114761352539,49.70240783691406,2918.277587890625,124.26329040527344,-114.90166473388672,2915.4287109375,128.1160125732422,-245.49636840820312,2932.09765625,150.36251831054688,-444.0593872070313,2948.638671875,177.51100158691406,-407.84136962890625,2948.712646484375,297.11224365234375,-352.0413513183594,2945.728759765625,371.9535217285156,-109.3380889892578,2920.890869140625,218.4992523193359,-132.1328582763672,2773.2177734375,162.30516052246094,-190.7088623046875,2736.908203125,118.07765197753906,-143.9053192138672,2660.68310546875,143.98065185546875,-202.53518676757812,2703.368896484375,115.83258056640624,-414.501708984375,2945.033203125,-2.0944252014160156,-393.0653991699219,2925.47216796875,-117.81171417236328,-160.21954345703125,2923.8173828125,37.40609359741211,-136.9041290283203,2774.124755859375,91.53143310546876,-210.0788726806641,2744.40869140625,116.14126586914062,-157.725341796875,2665.203857421875,105.3974151611328,-191.6953887939453,2695.324462890625,201.8908538818359,52.851932525634766,2923.542236328125,230.4371337890625,420.2790222167969,2952.814208984375,241.10256958007812,758.7078857421875,3053.72607421875,260.41705322265625,905.84716796875,2964.808349609375,42.183570861816406,46.86234664916992,2913.530029296875,0.6732232570648193,410.2783203125,2964.38330078125,-26.695556640625,750.8019409179688,3068.141357421875,-58.694766998291016,883.5789794921875,2986.40185546875,159.45521545410156,-518.6889038085938,2942.458984375,181.4317169189453,-473.3570556640625,2802.8818359375,213.84576416015625,-509.0911254882813,2821.431396484375,252.97195434570312,-538.7123413085938,2927.718505859375,168.57559204101562,-519.0925903320312,2807.949951171875,112.18014526367188,-586.6890869140625,2890.953857421875
117.7932357788086,49.6335563659668,2918.428955078125,124.12516784667967,-115.01110076904295,2915.57080078125,127.96446990966795,-245.63577270507812,2932.260498046875,150.36595153808594,-444.2351989746094,2948.744384765625,177.5019073486328,-407.99407958984375,2948.74560546875,297.03570556640625,-352.0014343261719,2945.2890625,371.5343933105469,-109.19070434570312,2919.843017578125,217.3500213623047,-132.13845825195312,2772.88037109375,160.82369995117188,-190.61134338378903,2736.86865234375,115.94009399414062,-143.8234100341797,2660.986328125,141.68212890625,-202.03512573242188,2703.4013671875,115.80241394042967,-414.6886901855469,2945.23095703125,-2.320572853088379,-393.6006774902344,2926.301025390625,-118.88309478759766,-161.10052490234375,2926.022216796875,35.21000671386719,-136.9855194091797,2775.222412109375,89.18157958984375,-209.92198181152344,2744.580322265625,112.6786880493164,-157.15965270996094,2665.279296875,100.76799774169922,-190.416015625,2693.983154296875,201.79454040527344,52.77299880981445,2923.676513671875,230.33514404296875,420.27001953125,2953.206787109375,240.79393005371097,758.6864624023438,3054.480712890625,259.9182434082031,906.0885009765624,2965.876220703125,42.045562744140625,46.802581787109375,2913.69677734375,0.5692876577377319,410.3049621582031,2964.6103515625,-26.763866424560547,750.9063720703125,3068.420654296875,-58.72183609008789,883.629150390625,2986.502197265625,159.4838104248047,-518.8779296875,2942.538330078125,180.9109649658203,-473.3125,2802.913330078125,213.33970642089844,-509.163330078125,2821.24560546875,252.907958984375,-539.0855102539062,2927.315673828125,167.97349548339844,-519.0402221679688,2807.954833984375,111.8039779663086,-586.6888427734375,2891.11181640625
117.645751953125,49.44541549682617,2918.9951171875,123.86536407470705,-115.35652160644533,2916.170166015625,127.6300277709961,-246.10842895507812,2932.842041015625,149.97250366210938,-444.9471740722656,2948.766357421875,177.16510009765625,-408.6962890625,2948.690185546875,296.81134033203125,-352.6842041015625,2944.801025390625,371.8966369628906,-109.76068878173828,2919.7919921875,216.36227416992188,-131.68772888183594,2773.810302734375,159.2131805419922,-190.0570831298828,2738.416015625,113.0245132446289,-143.30068969726562,2663.178955078125,140.40003967285156,-203.46902465820312,2707.225830078125,115.38323211669922,-415.3354797363281,2945.517822265625,-3.149576425552368,-394.5897521972656,2928.112060546875,-120.44871520996094,-162.22804260253906,2932.26318359375,31.162731170654297,-137.5820770263672,2778.76904296875,84.33759307861328,-210.92906188964844,2747.44482421875,106.63484191894533,-157.52069091796875,2668.11767578125,92.77327728271484,-189.4245452880859,2694.07177734375,201.73004150390625,52.52960205078125,2924.1962890625,230.4885101318359,420.3327331542969,2953.984375,240.92352294921875,759.083251953125,3055.283935546875,260.5312194824219,906.69873046875,2966.828369140625,41.82326126098633,46.664268493652344,2914.304931640625,0.7609948515892029,410.5867614746094,2965.031005859375,-26.27717399597168,751.668701171875,3068.475830078125,-56.55978775024414,885.6172485351562,2987.636474609375,158.9963836669922,-519.6527099609375,2942.3349609375,178.4359893798828,-476.42919921875,2801.53369140625,210.8861541748047,-512.3179931640625,2819.888427734375,252.04714965820312,-540.968994140625,2925.822998046875,165.1694793701172,-521.9944458007812,2807.5205078125,109.79164123535156,-587.881591796875,2892.759765625
117.42608642578124,49.09369659423828,2919.4853515625,123.54963684082033,-115.73493194580078,2916.650146484375,127.2668228149414,-246.52407836914065,2933.18701171875,149.40005493164062,-445.4773254394531,2948.310791015625,176.66493225097656,-409.2737731933594,2948.029541015625,296.23492431640625,-353.1629333496094,2942.812744140625,371.5800476074219,-110.3592529296875,2917.064208984375,213.47254943847656,-131.0236358642578,2773.640625,155.4513397216797,-188.85975646972656,2738.761962890625,107.7354736328125,-142.2861328125,2664.3505859375,132.29241943359375,-200.8837432861328,2709.2392578125,114.82972717285156,-415.7858276367187,2945.5322265625,-4.133671760559082,-395.64361572265625,2930.3818359375,-123.4540557861328,-164.35430908203125,2937.818603515625,25.58784866333008,-139.53823852539062,2781.812744140625,78.47343444824219,-214.0773162841797,2752.861328125,100.43788146972656,-161.10755920410156,2673.13134765625,81.4477767944336,-187.7920379638672,2692.583251953125,201.5295257568359,52.13031005859375,2924.5966796875,230.43653869628903,419.9756774902344,2954.36767578125,241.0602569580078,758.8797607421875,3055.3076171875,260.4451904296875,906.5022583007812,2966.7666015625,41.58632278442383,46.35544967651367,2914.876220703125,0.4895068705081939,410.302734375,2965.776123046875,-26.68714714050293,751.262451171875,3069.7607421875,-56.60451126098633,885.3143310546875,2988.912841796875,158.2060089111328,-520.1924438476562,2941.570556640625,169.2139434814453,-481.4427795410156,2798.550537109375,203.62255859375,-515.7254028320312,2816.4228515625,250.9217834472656,-539.425537109375,2921.027587890625,157.64791870117188,-527.1329956054688,2806.755615234375,108.64473724365234,-591.5178833007812,2896.92724609375
118.6653060913086,49.7146110534668,2920.848388671875,125.0372085571289,-114.64019012451172,2918.239501953125,128.94667053222656,-245.0411071777344,2934.820068359375,150.6435546875,-443.5280456542969,2949.136962890625,177.8805694580078,-407.46343994140625,2949.219482421875,297.7148742675781,-352.6953125,2945.495361328125,370.7384338378906,-110.67754364013672,2913.577880859375,215.67453002929688,-125.67232513427734,2767.067626953125,156.85032653808594,-184.76544189453125,2736.55810546875,105.75594329833984,-141.79591369628906,2662.602783203125,131.57447814941406,-202.6457061767578,2717.557861328125,116.2315673828125,-413.8610229492187,2946.256591796875,-1.826383113861084,-392.613525390625,2928.517822265625,-123.4709930419922,-163.71051025390625,2942.993408203125,27.90483856201172,-133.390380859375,2791.1181640625,74.02857971191406,-214.1677093505859,2769.056640625,90.10198974609376,-164.5880126953125,2686.14697265625,70.7200698852539,-182.28927612304688,2695.59326171875,202.52163696289065,52.88386154174805,2926.001220703125,230.86703491210935,419.7747192382813,2955.05029296875,240.6472015380859,758.56982421875,3052.8828125,260.6136169433594,906.772705078125,2966.425048828125,43.04836654663086,46.85675811767578,2916.201904296875,1.1914372444152832,410.05804443359375,2964.116943359375,-26.705371856689453,750.0474243164062,3067.6064453125,-58.688934326171875,881.677001953125,2984.490966796875,159.3731689453125,-518.0112915039062,2942.1328125,168.4109344482422,-483.4486999511719,2798.3408203125,201.05862426757812,-519.2971801757812,2816.01904296875,249.79742431640625,-543.4205932617188,2919.48828125,154.3267822265625,-527.9945068359375,2807.986572265625,104.31411743164062,-586.9058837890625,2900.844970703125
118.6670913696289,49.9354248046875,2919.80615234375,126.13414001464844,-114.73779296875,2916.629638671875,131.07427978515625,-245.56239318847656,2931.921875,150.50930786132812,-444.6775817871094,2947.109619140625,178.1892547607422,-408.82330322265625,2947.442626953125,298.5794372558594,-354.4630432128906,2949.430908203125,364.5455627441406,-111.38709259033205,2907.218505859375,206.66574096679688,-136.47811889648438,2764.43359375,145.7740936279297,-195.8002471923828,2738.125732421875,98.11933135986328,-141.70298767089844,2669.03076171875,126.31915283203124,-182.2788848876953,2681.209228515625,116.37842559814452,-414.5865783691406,2943.694580078125,-0.8151829242706299,-390.7702941894531,2922.03369140625,-112.80870819091795,-157.39077758789062,2948.527099609375,8.60176944732666,-122.04684448242188,2772.107421875,52.98444366455078,-206.4465484619141,2762.7490234375,83.11271667480469,-158.86959838867188,2682.35693359375,68.89607238769531,-188.06085205078125,2696.363525390625,202.7201385498047,53.656497955322266,2924.486572265625,231.00001525878903,421.1554870605469,2956.445068359375,240.5521545410156,760.5908813476562,3054.974365234375,260.84814453125,905.904052734375,2963.073486328125,42.872772216796875,46.57997131347656,2915.585693359375,0.7410757541656494,409.9026184082031,2968.535888671875,-27.30122947692871,751.7813720703125,3068.497314453125,-59.03553771972656,883.5449829101562,2984.80859375,158.55101013183594,-519.4393920898438,2940.412841796875,168.0741729736328,-482.7934265136719,2796.820556640625,201.60211181640625,-518.0218505859375,2814.440673828125,250.072509765625,-542.1152954101562,2918.342529296875,155.10572814941406,-527.9284057617188,2805.805908203125,105.71483612060548,-589.4735717773438,2897.641357421875
118.66514587402344,49.9359245300293,2919.8056640625,126.13152313232422,-114.73748016357422,2916.62890625,131.07115173339844,-245.56222534179688,2931.921142578125,150.50628662109375,-444.677490234375,2947.110107421875,178.18630981445312,-408.8232421875,2947.442138671875,298.5754699707031,-354.4600524902344,2949.421875,364.5337219238281,-111.38465881347656,2907.192138671875,206.64256286621097,-136.48211669921875,2764.420654296875,145.74717712402344,-195.80413818359375,2738.121337890625,98.08496856689452,-141.7086944580078,2669.02978515625,126.26874542236328,-182.27487182617188,2681.210205078125,116.37531280517578,-414.58642578125,2943.696044921875,-0.8194446563720703,-390.7722473144531,2922.038330078125,-112.81773376464844,-157.39353942871094,2948.521240234375,8.590191841125488,-122.0594482421875,2772.09765625,52.97154235839844,-206.4600830078125,2762.740478515625,83.0854263305664,-158.8899383544922,2682.338623046875,68.8648681640625,-188.07261657714844,2696.34033203125,202.71829223632812,53.65665435791016,2924.48583984375,230.99900817871097,421.15570068359375,2956.447265625,240.5496826171875,760.590087890625,3054.981689453125,260.84405517578125,905.9065551757812,2963.085693359375,42.870731353759766,46.58078384399414,2915.58544921875,0.7407292723655701,409.904052734375,2968.534912109375,-27.3007869720459,751.7839965820312,3068.493896484375,-59.033931732177734,883.5447387695312,2984.7998046875,158.54763793945312,-519.439453125,2940.413818359375,168.0505828857422,-482.7832946777344,2796.822509765625,201.582275390625,-518.0115966796875,2814.43603515625,250.0672607421875,-542.1101684570312,2918.330078125,155.08514404296875,-527.9194946289062,2805.806640625,105.7087173461914,-589.472900390625,2897.64453125
117.9491729736328,48.896522521972656,2921.883544921875,126.26902770996094,-116.12670135498048,2920.794189453125,131.58131408691406,-246.8578186035156,2938.991943359375,149.54542541503906,-446.8565368652344,2949.5126953125,177.55198669433594,-411.1496887207031,2950.747802734375,299.3612365722656,-359.3893127441406,2954.377197265625,362.0764770507813,-116.71389770507812,2902.583251953125,200.3760223388672,-115.0739288330078,2761.17578125,141.90036010742188,-180.4817657470703,2745.164794921875,83.23062896728516,-138.64100646972656,2675.718017578125,119.6165771484375,-188.2869873046875,2702.116943359375,115.57119750976562,-416.37164306640625,2946.7451171875,-1.709200382232666,-391.3794250488281,2925.37646484375,-114.38587188720705,-157.85476684570312,2953.29443359375,-2.206616163253784,-101.68107604980467,2775.581787109375,44.82022476196289,-183.3146209716797,2756.989990234375,72.03276062011719,-157.6036834716797,2666.022216796875,57.19549179077149,-175.16880798339844,2704.53857421875,202.10638427734375,53.10214614868164,2927.529296875,231.5301818847656,421.5884704589844,2956.384521484375,240.27439880371097,761.0665893554688,3057.604248046875,261.7388000488281,908.0481567382812,2967.929443359375,42.0609130859375,45.104122161865234,2916.792724609375,1.0753161907196045,410.2224731445313,2963.628173828125,-26.985698699951172,750.8112182617188,3070.5625,-59.00590896606445,882.0286865234375,2985.467529296875,157.06077575683594,-521.6611938476562,2941.041015625,162.0445098876953,-483.1263427734375,2797.375244140625,196.3425140380859,-518.4656982421875,2813.568359375,248.18121337890625,-543.6243286132812,2915.870849609375,149.5521240234375,-528.5364379882812,2806.209228515625,103.17941284179688,-591.6021118164062,2898.9345703125
118.3510513305664,48.8939323425293,2922.884521484375,126.61957550048828,-115.94425201416016,2921.501220703125,131.93075561523438,-246.56362915039065,2939.42578125,149.92007446289062,-446.30462646484375,2950.4814453125,177.93850708007812,-410.6549682617187,2951.050537109375,299.7174987792969,-359.08001708984375,2951.712890625,358.5409240722656,-115.18010711669922,2902.590087890625,197.09371948242188,-121.61669158935548,2761.395751953125,131.7200927734375,-176.3024139404297,2735.474853515625,68.83975219726562,-137.34205627441406,2668.23388671875,112.55314636230467,-190.0853271484375,2705.39208984375,115.9610366821289,-415.8393249511719,2948.20068359375,-1.6219615936279297,-391.1206359863281,2929.07177734375,-115.21324157714844,-158.60545349121094,2958.914306640625,-7.176808834075928,-107.02869415283205,2777.576171875,40.09941864013672,-188.7266082763672,2760.518310546875,68.0804214477539,-157.13125610351562,2671.783935546875,52.572792053222656,-180.1345672607422,2707.597412109375,202.42564392089844,53.065208435058594,2928.369384765625,230.9728546142578,421.2613525390625,2956.463134765625,240.52618408203125,760.7276000976562,3056.25,261.1711120605469,906.560791015625,2964.899658203125,42.53728866577149,45.132511138916016,2917.9384765625,0.5297772884368896,409.6099853515625,2965.572998046875,-26.615673065185547,750.7764282226562,3069.517333984375,-60.3810920715332,884.89306640625,2990.144775390625,157.21861267089844,-521.0676879882812,2942.21142578125,167.19769287109375,-473.9847106933594,2801.556884765625,200.2640380859375,-510.93310546875,2816.48486328125,248.49334716796875,-543.370361328125,2918.35205078125,153.5758056640625,-519.521240234375,2807.205078125,103.30589294433594,-587.0581665039062,2894.408447265625
117.55313110351562,48.24688720703125,2922.60400390625,125.87210845947266,-116.77943420410156,2921.515625,131.18699645996094,-247.52137756347656,2939.652587890625,147.945556640625,-447.6891784667969,2948.9462890625,176.1944580078125,-412.17041015625,2950.11328125,297.63226318359375,-359.4788818359375,2952.741455078125,355.1236877441406,-115.65250396728516,2900.2724609375,193.4228515625,-123.33456420898438,2759.05859375,128.38632202148438,-182.57296752929688,2744.38525390625,61.486183166503906,-139.46363830566406,2683.7060546875,102.0306167602539,-186.04917907714844,2703.81640625,114.14582061767578,-416.9706115722656,2946.653076171875,-3.2813026905059814,-392.0130004882813,2926.05078125,-119.61402893066406,-161.43338012695312,2962.26513671875,-12.433789253234863,-105.1263198852539,2781.52978515625,35.93275451660156,-185.89356994628903,2762.58544921875,66.31134033203125,-152.28277587890625,2675.26708984375,52.78736114501953,-179.8061065673828,2717.826416015625,201.7115478515625,52.45203399658203,2928.25537109375,231.02267456054688,420.9127807617187,2957.63525390625,240.48777770996097,761.1246337890625,3056.31787109375,261.11517333984375,905.5213012695312,2962.34375,41.663780212402344,44.45492172241211,2917.508056640625,0.3823712468147278,409.47515869140625,2964.899658203125,-26.986799240112305,751.907958984375,3065.986083984375,-60.0536994934082,884.5332641601562,2983.508544921875,154.89634704589844,-522.4956665039062,2940.008544921875,167.2234344482422,-469.5451049804687,2801.463623046875,199.70741271972656,-507.5317687988281,2815.2236328125,246.3103790283203,-544.885009765625,2916.315185546875,152.99273681640625,-515.16552734375,2805.0029296875,100.78279876708984,-585.8167114257812,2888.721435546875
117.1659698486328,48.07326889038086,2922.136474609375,125.39027404785156,-116.93773651123048,2921.27294921875,130.65232849121094,-247.6239471435547,2939.7001953125,148.18263244628906,-447.6457214355469,2950.087890625,176.30508422851562,-412.0241394042969,2950.891357421875,298.24755859375,-360.5204162597656,2952.7138671875,347.09124755859375,-114.19718170166016,2903.400390625,191.84373474121097,-124.74222564697266,2755.33740234375,127.1201400756836,-183.6684112548828,2738.286376953125,60.557960510253906,-138.09136962890625,2679.077880859375,95.02692413330078,-172.37107849121094,2691.0048828125,114.26448822021484,-417.0666809082031,2947.7958984375,-2.3935139179229736,-391.9549255371094,2923.4453125,-115.89716339111328,-160.782470703125,2964.31591796875,-12.8506498336792,-97.11424255371094,2783.65380859375,35.23105239868164,-177.00466918945312,2760.744140625,67.23229217529297,-152.04248046875,2671.1484375,49.08296585083008,-173.50894165039062,2721.1826171875,201.32470703125,52.23899459838867,2927.647705078125,230.9365692138672,420.4914245605469,2958.686767578125,240.79022216796875,760.5891723632812,3057.560302734375,261.34576416015625,907.107666015625,2966.95654296875,41.276344299316406,44.31684875488281,2917.1669921875,0.3507807850837707,408.9189758300781,2967.613037109375,-26.65546417236328,751.6664428710938,3067.560791015625,-60.243621826171875,884.9829711914062,2986.459716796875,155.35482788085938,-522.468994140625,2941.557373046875,160.8607635498047,-469.5317687988281,2802.58935546875,195.4164581298828,-505.99127197265625,2815.374267578125,246.84925842285156,-540.8795776367188,2914.975830078125,148.78707885742188,-515.717529296875,2806.685302734375,102.48340606689452,-588.29541015625,2892.188720703125
117.4253387451172,46.24937057495117,2925.34716796875,125.64152526855467,-119.0876922607422,2924.659423828125,131.03634643554688,-250.02288818359375,2943.1416015625,148.3279571533203,-450.6515197753906,2948.797607421875,176.5788116455078,-415.0340881347656,2950.1396484375,298.03704833984375,-361.7774963378906,2952.677490234375,345.85919189453125,-115.00289916992188,2902.02685546875,194.2505340576172,-119.72071075439452,2749.352294921875,132.19580078125,-183.1853790283203,2739.1103515625,61.537235260009766,-138.00120544433594,2684.1689453125,95.26117706298828,-171.93386840820312,2691.747802734375,114.37960052490234,-419.91217041015625,2947.536376953125,-2.5975332260131836,-392.6846618652344,2925.9501953125,-117.78971099853516,-162.12440490722656,2968.77783203125,-17.06749153137207,-93.11731719970705,2788.250732421875,32.80154037475586,-171.76687622070312,2764.110595703125,69.9063720703125,-146.65484619140625,2676.331298828125,41.570106506347656,-166.2201690673828,2722.312255859375,201.7861328125,50.42105484008789,2930.276611328125,231.14596557617188,419.6958923339844,2957.92724609375,240.5823516845703,760.4402465820312,3057.10986328125,260.9014587402344,904.0645141601562,2961.314697265625,41.35350036621094,42.487579345703125,2920.90185546875,0.8757486939430237,408.48590087890625,2966.731689453125,-26.607568740844727,750.95654296875,3069.965087890625,-55.90316009521485,885.2630615234375,2988.21826171875,155.28994750976562,-525.4185791015625,2938.470947265625,160.8572998046875,-469.3663024902344,2800.416748046875,194.85386657714844,-506.8371887207031,2812.145751953125,246.39895629882812,-545.0223388671875,2910.746826171875,147.8924102783203,-515.4818725585938,2803.572509765625,100.69718170166016,-589.2091064453125,2887.93603515625
117.0532684326172,47.93181991577149,2924.584228515625,124.38814544677734,-117.37445068359376,2923.930908203125,129.04568481445312,-248.26904296875,2942.4873046875,146.98451232910156,-448.7107849121094,2949.464599609375,175.13247680664062,-413.01953125,2950.1953125,296.1326904296875,-358.8196105957031,2949.323486328125,347.38201904296875,-112.1015853881836,2902.457763671875,196.9556427001953,-120.70101928710938,2748.91796875,133.06077575683594,-182.1265869140625,2737.92626953125,61.38988494873047,-138.0623779296875,2683.468505859375,95.69371795654295,-172.57579040527344,2694.26123046875,112.94831848144533,-418.0920104980469,2948.37646484375,-3.9272382259368896,-389.5117492675781,2928.34619140625,-117.1014175415039,-157.73297119140625,2969.23681640625,-11.597498893737791,-92.64583587646484,2790.105224609375,36.36375045776367,-172.74221801757812,2767.04833984375,68.7550277709961,-148.02151489257812,2677.361328125,43.22762680053711,-170.44598388671875,2727.33740234375,201.3887176513672,51.65380096435547,2929.6708984375,231.26548767089844,420.8309326171875,2955.853515625,240.1792907714844,760.910400390625,3056.796142578125,262.9392395019531,905.7191772460938,2963.50341796875,41.00429153442383,44.57554626464844,2919.997314453125,0.6334483623504639,410.0243225097656,2968.89208984375,-26.69032096862793,751.9471435546875,3073.4306640625,-55.79151916503906,885.4330444335938,2990.416748046875,154.0386199951172,-523.5021362304688,2939.630615234375,165.94110107421875,-467.68841552734375,2801.951416015625,196.7392578125,-507.7016906738281,2814.011962890625,243.70550537109375,-550.0328979492188,2913.14501953125,149.39883422851562,-512.6468505859375,2804.7392578125,95.42567443847656,-582.6920776367188,2888.093994140625
116.79000091552734,47.42848205566406,2924.497802734375,124.12645721435548,-117.83389282226562,2923.753173828125,128.64012145996094,-248.71913146972656,2942.163330078125,144.35665893554688,-449.3497009277344,2947.310791015625,172.81932067871094,-413.9714050292969,2949.280029296875,294.1795654296875,-360.9328002929687,2954.649169921875,348.06781005859375,-115.0956573486328,2906.49951171875,196.8921356201172,-110.41275024414062,2753.606689453125,137.4372100830078,-176.40805053710938,2744.55029296875,63.450103759765625,-139.3074493408203,2688.086181640625,100.63562774658205,-173.9062042236328,2702.533203125,110.68378448486328,-418.3782348632813,2945.589111328125,-6.600722789764404,-392.0625305175781,2925.047119140625,-115.91854095458984,-158.23519897460938,2964.295654296875,-10.806478500366213,-101.71526336669922,2782.120849609375,37.15487289428711,-182.7239990234375,2762.633056640625,69.69450378417969,-131.79464721679688,2684.87451171875,54.212623596191406,-181.63217163085935,2730.365966796875,201.0607757568359,51.14358901977539,2930.249267578125,231.4427795410156,419.9942321777344,2958.95068359375,240.44482421875,760.7145385742188,3057.3662109375,261.5633239746094,907.2041625976562,2966.426025390625,40.79933547973633,44.07840347290039,2919.3115234375,1.2591705322265625,409.612548828125,2967.50439453125,-26.94966697692871,751.133544921875,3072.796875,-55.86861801147461,887.5557861328125,2994.720458984375,150.9455108642578,-524.0731811523438,2936.813720703125,161.1509246826172,-467.2288818359375,2799.462890625,192.98605346679688,-506.4881591796875,2811.247314453125,241.19647216796875,-548.1248779296875,2910.039794921875,145.7849578857422,-512.6026611328125,2802.02783203125,93.80374908447266,-584.4581909179688,2885.060546875
116.7891082763672,47.40031814575195,2924.599853515625,124.12439727783205,-117.8535614013672,2923.90771484375,128.63880920410156,-248.7201690673828,2942.3994140625,144.40171813964844,-449.3338317871094,2947.645751953125,172.85801696777344,-413.950439453125,2949.5595703125,294.2091369628906,-360.89056396484375,2954.748046875,348.1798095703125,-115.12525177001952,2906.39697265625,196.6167755126953,-110.435546875,2753.904296875,137.1141357421875,-176.43650817871094,2745.25830078125,62.82115173339844,-139.37818908691406,2689.178955078125,99.82748413085938,-174.39610290527344,2704.175537109375,110.72222900390624,-418.3718566894531,2945.947021484375,-6.618119716644287,-392.1418151855469,2925.654052734375,-116.04632568359376,-158.4519500732422,2965.31982421875,-11.370197296142578,-101.87539672851562,2782.92578125,36.56315612792969,-182.88424682617188,2763.394775390625,68.90862274169922,-131.8531036376953,2685.628662109375,53.309295654296875,-181.76123046875,2730.89990234375,201.0568389892578,51.11680603027344,2930.329345703125,231.4527282714844,419.9608154296875,2958.84619140625,240.52088928222656,760.7050170898438,3057.104736328125,261.57855224609375,907.2037353515624,2966.182861328125,40.80120468139648,44.04899597167969,2919.43359375,1.2692735195159912,409.5865173339844,2967.455810546875,-26.982669830322266,751.2008056640625,3072.3681640625,-55.78396987915039,887.2906494140625,2993.68798828125,150.99269104003906,-524.0581665039062,2937.185302734375,160.33755493164062,-467.5267028808594,2799.652587890625,192.4900665283203,-506.5222473144531,2811.4384765625,241.3201446533203,-547.5364990234375,2910.1796875,145.30638122558594,-512.99951171875,2802.3935546875,94.11783599853516,-584.9906616210938,2885.79052734375
116.7721176147461,47.375640869140625,2924.66357421875,124.09442138671876,-117.86166381835938,2924.013916015625,128.60140991210938,-248.7086944580078,2942.546875,144.2976837158203,-449.3063354492187,2947.796142578125,172.76480102539062,-413.9363708496094,2949.68310546875,294.1347961425781,-360.9420166015625,2954.743896484375,348.3141174316406,-115.28105926513672,2906.238037109375,196.47618103027344,-110.48487854003906,2754.05419921875,136.90396118164062,-176.445068359375,2745.677001953125,62.43903350830078,-139.35958862304688,2689.863037109375,99.37239837646484,-174.60458374023438,2705.065673828125,110.63105010986328,-418.3361206054687,2946.12255859375,-6.718329906463623,-392.074462890625,2926.000244140625,-115.98221588134766,-158.4337158203125,2966.224365234375,-11.602200508117676,-101.70368957519533,2783.735595703125,36.282772064208984,-182.7089080810547,2764.1201171875,68.680908203125,-131.5667724609375,2686.4619140625,53.11165618896485,-181.8133850097656,2732.18798828125,201.0323181152344,51.08707046508789,2930.3759765625,231.46548461914065,419.9049072265625,2958.684814453125,240.66127014160156,760.673828125,3056.71142578125,261.6364440917969,907.1514892578124,2965.771240234375,40.79097366333008,44.02888488769531,2919.51220703125,1.2834742069244385,409.5500183105469,2967.3798828125,-26.992969512939453,751.2208862304688,3071.972900390625,-55.73754119873047,887.0587768554688,2992.87158203125,150.85354614257812,-524.0260009765625,2937.33740234375,159.7402801513672,-467.4434814453125,2799.812255859375,191.96365356445312,-506.40582275390625,2811.490234375,241.11700439453125,-547.3993530273438,2910.06494140625,144.7655487060547,-512.927978515625,2802.58056640625,93.89862060546876,-584.9929809570312,2886.09228515625
113.13229370117188,46.162254333496094,2931.27392578125,120.06000518798828,-119.35572814941406,2928.142822265625,124.72762298583984,-250.72181701660156,2944.50244140625,138.7209930419922,-451.85064697265625,2947.29052734375,167.60232543945312,-416.6975708007813,2948.837158203125,289.66705322265625,-364.5028991699219,2947.2158203125,351.3798522949219,-118.39938354492188,2908.565185546875,204.50437927246097,-120.67222595214844,2751.010986328125,135.12176513671875,-176.0893096923828,2740.384765625,55.2379264831543,-139.11351013183594,2692.19384765625,90.2654800415039,-180.6178436279297,2737.52490234375,105.25167846679688,-420.5084533691406,2946.774169921875,-11.806696891784668,-391.9022216796875,2926.850341796875,-121.55286407470705,-160.01168823242188,2977.523681640625,-19.012733459472656,-93.139404296875,2796.97802734375,29.103233337402344,-173.05014038085938,2773.07568359375,67.60926055908203,-133.28192138671875,2691.430419921875,43.30192184448242,-182.5183868408203,2781.936279296875,197.66343688964844,49.629783630371094,2935.000244140625,230.60023498535156,419.17529296875,2959.328125,241.06375122070312,760.2405395507812,3058.456787109375,260.76324462890625,903.7315063476562,2962.048583984375,36.906837463378906,43.03542709350586,2927.913818359375,-0.9994841814041138,410.324951171875,2967.97265625,-25.90813636779785,752.2688598632812,3074.677001953125,-56.63155746459961,886.2100830078125,2992.572265625,144.33544921875,-526.6431274414062,2935.8798828125,150.12557983398438,-472.3979187011719,2796.969970703125,183.71600341796875,-510.1789245605469,2809.076904296875,235.17091369628903,-547.77978515625,2908.075927734375,136.5756072998047,-518.341796875,2800.76806640625,88.70698547363281,-590.4357299804688,2886.314453125
113.5411148071289,45.027191162109375,2930.3916015625,119.4189682006836,-120.06217193603516,2927.0615234375,123.29491424560548,-251.09469604492188,2943.296875,138.8343048095703,-451.5299682617187,2946.870849609375,167.3518524169922,-416.2421875,2948.34423828125,289.1960754394531,-364.4793701171875,2946.757080078125,353.103515625,-118.67996978759766,2915.156005859375,210.39881896972656,-110.19930267333984,2754.830322265625,140.53741455078125,-164.57159423828125,2744.053955078125,53.356475830078125,-140.55543518066406,2701.190185546875,104.30673217773438,-180.1472930908203,2752.89404296875,105.21311950683594,-420.5440979003906,2946.16259765625,-11.896878242492676,-393.6291809082031,2926.28369140625,-117.2952651977539,-159.38650512695312,2971.266845703125,-12.372679710388184,-100.80900573730467,2789.948486328125,34.03452682495117,-182.09915161132812,2768.53564453125,69.19546508789062,-133.62269592285156,2690.5009765625,51.69900894165039,-190.18655395507812,2790.848388671875,197.8631591796875,47.958282470703125,2933.917236328125,230.87576293945312,416.5235900878906,2957.060546875,241.13888549804688,757.0804443359375,3054.3720703125,259.0455017089844,905.6112670898438,2966.505126953125,37.50420379638672,42.38410186767578,2927.212158203125,-0.5125813484191895,407.966064453125,2972.760498046875,-25.616680145263672,751.0282592773438,3072.196044921875,-55.2201042175293,885.417236328125,2991.294921875,145.05064392089844,-526.1082763671875,2935.78857421875,150.3556671142578,-468.9291687011719,2798.494384765625,183.70469665527344,-507.05267333984375,2809.521484375,235.3536376953125,-547.0548706054688,2907.075439453125,136.6055450439453,-514.7424926757812,2801.323974609375,88.94264221191406,-588.2793579101562,2885.256591796875
113.65482330322266,44.81254959106445,2930.74609375,119.66354370117188,-120.13719940185548,2927.405517578125,123.68605041503906,-251.05661010742188,2943.642822265625,140.69386291503906,-451.2263488769531,2945.98974609375,168.95993041992188,-415.77105712890625,2947.105712890625,290.6092529296875,-363.9314575195313,2943.43408203125,349.7562255859375,-117.56562042236328,2908.8076171875,206.1036834716797,-114.51265716552734,2749.369873046875,134.52902221679688,-166.36744689941406,2738.043212890625,46.1000862121582,-145.52084350585938,2696.281982421875,100.5743637084961,-183.8510284423828,2759.0224609375,106.874267578125,-420.5044250488281,2946.042236328125,-10.362811088562012,-393.1636657714844,2928.206298828125,-118.47853088378906,-160.6012725830078,2974.21630859375,-16.816892623901367,-103.6806640625,2790.73779296875,30.198427200317383,-184.79180908203125,2770.347900390625,64.0291748046875,-134.95677185058594,2692.682861328125,51.566429138183594,-190.5922088623047,2798.41357421875,197.91343688964844,47.814449310302734,2934.076416015625,230.7631072998047,416.16461181640625,2956.009765625,240.43637084960935,756.2378540039062,3054.020263671875,260.8949279785156,903.0875854492188,2964.185791015625,37.67511367797851,42.1056022644043,2927.742919921875,-0.800017237663269,407.3697814941406,2973.0029296875,-25.340065002441406,749.9840087890625,3073.07177734375,-55.04874801635742,883.8438720703125,2991.590576171875,147.22869873046875,-525.646240234375,2934.45556640625,150.0390625,-468.635986328125,2797.14892578125,183.43565368652344,-506.83831787109375,2807.542236328125,236.80322265625,-546.9179077148438,2904.0185546875,136.19635009765625,-514.3607177734375,2800.282470703125,89.96707916259766,-587.6048583984375,2885.125244140625
113.7741241455078,44.80940628051758,2933.252197265625,119.55025482177734,-120.03068542480467,2929.0009765625,123.3756332397461,-250.98019409179688,2944.391357421875,140.7205810546875,-451.0164184570313,2944.47314453125,168.8967742919922,-415.54876708984375,2946.213134765625,290.26348876953125,-363.1673583984375,2943.9443359375,353.15985107421875,-117.53790283203124,2911.898193359375,201.03973388671875,-96.1235122680664,2762.18994140625,148.52210998535156,-167.67755126953125,2754.927734375,69.6172103881836,-145.08062744140625,2697.919677734375,122.69692993164062,-182.62249755859375,2807.802978515625,106.8654556274414,-420.3740234375,2944.6494140625,-10.31765365600586,-392.7555541992187,2927.3828125,-120.51438903808594,-162.26739501953125,2977.81494140625,-14.475457191467283,-94.8245849609375,2800.6396484375,32.71843338012695,-174.6570281982422,2776.26904296875,64.45887756347656,-132.68235778808594,2693.327880859375,52.90336227416992,-182.37542724609375,2780.385009765625,197.98422241210935,47.671875,2936.676513671875,231.08428955078125,416.0215759277344,2954.105712890625,240.54132080078125,754.9374389648438,3055.342529296875,261.23382568359375,902.242431640625,2966.5087890625,37.83816146850586,42.22818756103515,2930.1640625,-0.6216466426849365,407.6945190429687,2971.8916015625,-25.441308975219727,749.8003540039062,3072.876220703125,-54.16089630126953,884.6454467773438,2992.861328125,147.46926879882812,-525.23828125,2932.1064453125,139.87628173828125,-474.6212158203125,2792.587646484375,175.54881286621094,-510.7506408691406,2802.67529296875,236.0456695556641,-543.8701782226562,2897.486572265625,128.41192626953125,-520.6963500976562,2798.516845703125,90.55036163330078,-591.8731689453125,2888.97802734375
113.69200897216795,43.56846237182617,2934.6044921875,119.44538116455078,-121.98814392089844,2929.905517578125,123.23265838623048,-253.66848754882812,2944.00927734375,141.56304931640625,-454.5027160644531,2945.045654296875,169.7187957763672,-418.7433471679687,2946.291259765625,290.8759765625,-364.54931640625,2942.1455078125,347.6216735839844,-115.93116760253906,2912.774658203125,197.2917022705078,-102.58395385742188,2759.0185546875,143.569091796875,-173.2838134765625,2748.23486328125,67.04327392578125,-144.0006866455078,2690.260498046875,116.04617309570312,-184.81019592285156,2808.4482421875,107.4235610961914,-423.876953125,2945.4091796875,-10.451562881469728,-396.5420227050781,2928.62451171875,-116.4597625732422,-162.0343475341797,2975.3037109375,-10.87099266052246,-96.96405029296876,2795.811279296875,35.44438552856445,-177.66258239746094,2770.9462890625,64.02410125732422,-131.4250030517578,2688.611083984375,54.91254806518555,-183.16114807128903,2758.31787109375,198.2619476318359,46.40128707885742,2938.343505859375,230.60003662109375,416.5244140625,2954.31005859375,240.58169555664065,756.5009765625,3057.385498046875,261.1195068359375,902.0380859375,2964.215576171875,37.43157577514648,41.01397705078125,2931.232666015625,-0.9987205266952516,408.2486877441406,2971.927734375,-25.11539649963379,751.2323608398438,3075.6591796875,-55.2867431640625,885.3936157226562,2993.6513671875,148.54701232910156,-529.0903930664062,2932.976318359375,143.9081573486328,-468.3792724609375,2796.693603515625,177.98963928222656,-506.8932189941406,2804.337158203125,236.72265625,-549.4302978515625,2897.119140625,130.25674438476562,-514.379150390625,2799.4091796875,88.57098388671875,-590.1578369140625,2885.0390625
112.79835510253906,42.00095748901367,2934.51220703125,119.4014663696289,-123.64884185791016,2929.0830078125,123.75154876708984,-255.36886596679688,2943.74755859375,141.27896118164062,-456.45452880859375,2942.743896484375,169.59603881835938,-420.7947998046875,2944.5439453125,290.65106201171875,-365.9370422363281,2943.618896484375,346.4083557128906,-117.1359405517578,2911.99951171875,196.9893035888672,-108.88899993896484,2756.737060546875,142.2493438720703,-179.12799072265625,2747.511962890625,66.52117919921875,-143.91336059570312,2691.674560546875,115.29007720947266,-184.99636840820312,2814.997802734375,107.2317886352539,-425.6671142578125,2943.229248046875,-10.2939453125,-397.1120300292969,2925.27734375,-118.25728607177734,-165.008056640625,2980.082763671875,-15.913658142089844,-89.59310913085938,2802.533935546875,31.507715225219727,-168.40597534179688,2773.692138671875,64.51383972167969,-131.49832153320312,2688.255126953125,46.107322692871094,-173.4421844482422,2758.298583984375,197.4162750244141,45.242401123046875,2938.526611328125,230.4243927001953,415.51177978515625,2957.191162109375,240.6709899902344,756.5797729492188,3057.690673828125,261.2712097167969,901.6495361328124,2963.522216796875,36.494651794433594,39.077999114990234,2930.89208984375,-0.8726156949996948,406.498291015625,2973.849609375,-25.019384384155273,751.3627319335938,3072.30810546875,-55.20682907104492,886.240478515625,2991.208740234375,148.04063415527344,-531.0032348632812,2929.907958984375,149.91732788085938,-468.0840148925781,2794.41796875,183.06851196289065,-507.3074035644531,2802.8212890625,237.3426818847656,-552.2744140625,2897.2900390625,135.4193115234375,-513.9271850585938,2795.844970703125,89.0396728515625,-590.3739624023438,2878.571533203125
112.00251007080078,42.765838623046875,2933.30517578125,117.76360321044922,-122.80845642089844,2929.410400390625,121.6999282836914,-254.3128662109375,2945.013427734375,138.251953125,-455.26324462890625,2941.140625,166.72598266601562,-419.79437255859375,2943.176513671875,287.7476501464844,-365.2811584472656,2939.344970703125,348.52630615234375,-117.1619873046875,2914.161376953125,198.7618865966797,-104.00843048095705,2759.84326171875,141.69676208496094,-172.06991577148438,2749.269775390625,62.34098052978515,-142.17030334472656,2695.57568359375,116.77029418945312,-183.2993927001953,2812.27197265625,104.38681030273438,-424.3565368652344,2942.33544921875,-13.243950843811035,-396.8416137695313,2924.2001953125,-118.2455825805664,-164.22055053710938,2981.38623046875,-13.750635147094728,-93.15328979492188,2803.5400390625,31.78424835205078,-173.1494598388672,2775.211669921875,63.4226188659668,-132.38633728027344,2691.123291015625,48.86638259887695,-178.2037811279297,2760.2197265625,196.60267639160156,45.641414642333984,2936.1982421875,230.44015502929688,415.4974670410156,2954.86572265625,241.122802734375,755.4093627929688,3058.062255859375,259.3558654785156,901.5396728515624,2965.347900390625,35.714813232421875,40.17280578613281,2930.696533203125,-1.2134313583374023,407.1396179199219,2974.980712890625,-24.998876571655273,751.3489990234375,3074.62646484375,-55.18856430053711,885.4473266601562,2992.528076171875,144.5451202392578,-529.5939331054688,2927.25146484375,150.51922607421875,-471.9488220214844,2789.6982421875,181.75909423828125,-512.2402954101562,2799.890380859375,233.0177459716797,-556.0111694335938,2896.44873046875,133.97035217285156,-516.9722290039062,2792.643798828125,83.46393585205078,-588.0785522460938,2877.526611328125
112.93920135498048,41.368125915527344,2935.452392578125,119.16276550292967,-124.49270629882812,2930.663330078125,123.2747573852539,-256.3874816894531,2945.100341796875,140.6132354736328,-457.6756286621094,2941.51708984375,169.0008544921875,-422.0316467285156,2943.703857421875,290.59600830078125,-368.05426025390625,2941.915771484375,348.61029052734375,-118.5135726928711,2919.223388671875,197.478271484375,-94.1577606201172,2767.021728515625,147.316650390625,-167.82330322265625,2757.569580078125,67.30164337158203,-145.34474182128906,2700.9443359375,118.85492706298828,-181.00633239746097,2815.525634765625,106.5624771118164,-426.830322265625,2942.4697265625,-11.377074241638184,-399.0241394042969,2925.182373046875,-119.2742691040039,-165.4969482421875,2975.193359375,-14.819100379943848,-98.76212310791016,2795.13134765625,32.586246490478516,-179.11334228515625,2770.468017578125,64.78236389160156,-131.0325469970703,2690.321533203125,54.963470458984375,-184.8382110595703,2763.106201171875,197.659912109375,44.43484878540039,2939.33935546875,230.28065490722656,415.2301330566406,2956.038330078125,240.90847778320312,755.8289184570312,3059.388427734375,261.27734375,902.2499389648438,2966.933837890625,36.542816162109375,38.60272979736328,2931.947509765625,-0.7675811648368835,406.5660400390625,2973.71337890625,-25.2650146484375,750.8482666015625,3075.464111328125,-55.07784652709961,885.8519287109375,2994.09912109375,147.2766876220703,-532.1422729492188,2927.7119140625,149.6876678466797,-473.3926696777344,2790.197998046875,180.8095245361328,-514.2015380859375,2799.137939453125,234.60902404785156,-559.3984375,2893.92431640625,132.67259216308594,-518.330810546875,2793.328369140625,83.8770980834961,-589.6411743164062,2879.376708984375
108.47686004638672,39.72391128540039,2936.23291015625,115.82112121582033,-125.56940460205078,2930.69140625,121.49220275878906,-257.0066223144531,2945.12158203125,138.32432556152344,-457.6637268066406,2938.83740234375,166.7217559814453,-422.2119140625,2941.168701171875,287.0395812988281,-366.4988403320313,2937.1806640625,350.4465637207031,-118.50948333740234,2921.81103515625,190.9654541015625,-85.4759750366211,2781.115478515625,151.62411499023438,-165.47894287109375,2775.126708984375,82.08914184570312,-145.8638916015625,2705.601806640625,117.84483337402344,-182.5111541748047,2818.624755859375,104.45120239257812,-426.85943603515625,2940.5302734375,-13.099141120910645,-398.5827941894531,2923.96240234375,-117.0685806274414,-165.18746948242188,2978.587646484375,-20.3339900970459,-99.72138214111328,2794.583740234375,27.70123863220215,-179.3253173828125,2769.84521484375,69.77153778076172,-126.64946746826172,2697.95166015625,50.35983657836914,-187.9521942138672,2783.7197265625,193.002197265625,43.4541130065918,2936.99072265625,229.48277282714844,412.8084716796875,2952.740234375,240.7451934814453,753.201904296875,3052.983154296875,260.8578186035156,901.9459228515624,2965.28662109375,32.256649017333984,36.3602180480957,2935.54931640625,-2.8995089530944824,403.8416748046875,2973.312744140625,-24.913738250732425,748.2639770507812,3071.280029296875,-55.56315994262695,884.4066772460938,2993.1337890625,144.66966247558594,-531.7401733398438,2924.0693359375,150.89950561523438,-472.666748046875,2787.302978515625,181.9485626220703,-513.1466674804688,2797.047607421875,232.9572906494141,-558.1305541992188,2893.031005859375,134.19334411621094,-517.609130859375,2789.7451171875,83.44076538085938,-589.3770751953125,2873.739501953125
108.8743133544922,39.2923583984375,2936.036376953125,115.7762680053711,-126.02388763427734,2929.98779296875,121.0400619506836,-257.5863037109375,2943.564453125,134.76832580566406,-458.45501708984375,2935.820068359375,163.7078857421875,-423.4664611816406,2938.56298828125,284.75701904296875,-369.1971130371094,2936.90380859375,345.236083984375,-120.2349090576172,2925.38671875,192.0988616943359,-90.53541564941406,2777.06396484375,152.20785522460938,-170.18580627441406,2769.944091796875,79.8330307006836,-145.2450714111328,2705.167236328125,117.58283996582033,-184.7645568847656,2820.12939453125,101.36817932128906,-427.13372802734375,2937.5849609375,-16.139530181884766,-397.9064331054687,2922.296630859375,-117.68829345703124,-163.9016876220703,2978.9921875,-21.154359817504883,-101.67514038085938,2793.7294921875,25.23684883117676,-182.4953765869141,2769.76025390625,67.36217498779297,-129.21949768066406,2698.32470703125,54.84065628051758,-183.83262634277344,2816.665283203125,193.41775512695312,42.78352737426758,2937.0888671875,229.7818145751953,412.2029724121094,2952.724365234375,241.18406677246097,752.1325073242188,3054.675048828125,259.4996337890625,902.7526245117188,2969.787109375,32.63777542114258,36.14421463012695,2935.087158203125,-2.6669092178344727,403.50579833984375,2974.32568359375,-25.121192932128903,747.8576049804688,3072.61181640625,-54.935691833496094,884.0682373046875,2994.218505859375,140.03005981445312,-532.5170288085938,2920.5126953125,159.62034606933594,-475.76898193359375,2784.001708984375,187.7762756347656,-517.5857543945312,2796.528564453125,229.00863647460935,-563.65087890625,2896.62744140625,140.547607421875,-519.8040161132812,2785.6220703125,80.00428009033203,-587.7996215820312,2866.22265625
108.9008560180664,37.52874374389648,2933.702392578125,113.7157974243164,-127.83738708496094,2927.798583984375,116.83321380615234,-259.3888854980469,2941.905029296875,131.7452850341797,-460.1728210449219,2935.13916015625,160.47689819335938,-425.00347900390625,2937.608642578125,281.6910400390625,-371.1829833984375,2935.353759765625,351.7452392578125,-124.54497528076172,2931.97705078125,206.63674926757812,-91.62203979492188,2776.49072265625,164.2006072998047,-170.2097625732422,2773.943603515625,78.44754791259766,-145.41815185546875,2728.287841796875,129.5452117919922,-184.47853088378903,2825.747314453125,98.16861724853516,-429.0499267578125,2936.85400390625,-19.82600212097168,-401.32025146484375,2922.743408203125,-123.91764831542967,-171.33705139160156,2990.072998046875,-31.527578353881836,-90.1115493774414,2810.17578125,13.86028003692627,-168.3509063720703,2777.40625,68.00818634033203,-124.33567810058594,2707.813720703125,43.864288330078125,-174.622314453125,2829.11572265625,193.41468811035156,39.87511444091797,2936.906982421875,229.6876220703125,409.30316162109375,2950.906005859375,240.68316650390625,749.672119140625,3051.203369140625,260.8711853027344,901.6056518554688,2969.1923828125,32.691017150878906,35.41291427612305,2930.812744140625,-2.538956642150879,402.50579833984375,2971.966796875,-24.639930725097656,745.8953247070312,3073.41748046875,-54.20111083984375,879.0607299804688,2989.920166015625,137.40304565429688,-534.2659912109375,2920.1943359375,156.66114807128906,-478.0071411132813,2783.46240234375,184.69497680664065,-519.8926391601562,2795.995849609375,226.1423187255859,-565.82177734375,2896.0439453125,137.422119140625,-521.952392578125,2785.2900390625,76.94607543945312,-589.4556274414062,2866.321533203125
109.14543914794922,37.284210205078125,2933.120361328125,115.63597106933594,-127.7362289428711,2926.2451171875,119.90819549560548,-259.1360778808594,2939.563720703125,131.43409729003906,-459.8524169921875,2933.259521484375,160.7222137451172,-425.2020568847656,2935.207275390625,281.43280029296875,-370.7369995117187,2933.23046875,351.42926025390625,-124.49395751953124,2937.151611328125,206.9066162109375,-88.78238677978516,2782.186279296875,167.99549865722656,-169.05137634277344,2780.764892578125,78.54407501220703,-146.6553192138672,2741.788818359375,128.6815643310547,-183.0263214111328,2831.523193359375,98.44618225097656,-428.2281799316406,2935.33837890625,-18.587909698486328,-397.2279968261719,2921.635986328125,-126.4248504638672,-178.205322265625,3013.58447265625,-58.2201042175293,-70.9627456665039,2836.949462890625,-31.261064529418945,-146.06890869140625,2783.47412109375,31.33794593811035,-104.48194122314452,2719.95263671875,11.21782112121582,-163.59066772460938,2856.920654296875,193.47006225585935,40.4333381652832,2937.140380859375,229.87258911132812,409.1526794433594,2954.2431640625,239.3790740966797,749.9978637695312,3051.117431640625,259.9568786621094,900.6392211914062,2967.394287109375,33.106231689453125,34.44449996948242,2929.4951171875,-2.4823508262634277,401.1087951660156,2969.07275390625,-24.96397590637207,744.1494750976562,3069.698974609375,-54.85963439941406,880.3782348632812,2991.921630859375,135.66725158691406,-533.961181640625,2918.5029296875,171.9773406982422,-473.8844909667969,2787.21435546875,195.53089904785156,-518.205810546875,2800.25537109375,223.66848754882812,-571.1529541015625,2901.25048828125,149.5546875,-516.199951171875,2785.134765625,76.93470764160156,-582.0309448242188,2856.745361328125
109.74251556396484,37.108665466308594,2933.186767578125,116.09722900390624,-128.0012664794922,2925.444580078125,120.3608627319336,-259.5596618652344,2938.157958984375,130.89295959472656,-460.4626159667969,2931.327880859375,160.38330078125,-425.92578125,2933.005859375,281.161376953125,-371.3677673339844,2931.14453125,347.8735656738281,-124.05420684814452,2936.89892578125,206.0720977783203,-100.16586303710938,2777.003662109375,169.72836303710938,-181.7023162841797,2778.3974609375,84.9454574584961,-140.9859161376953,2743.884521484375,115.03968811035156,-183.4154052734375,2832.60302734375,98.0534896850586,-428.6676025390625,2933.850830078125,-19.116260528564453,-397.20745849609375,2921.634033203125,-126.2734375,-177.79904174804688,3014.004638671875,-64.01313018798828,-68.18925476074219,2836.43115234375,-54.55462265014648,-144.17198181152344,2778.309326171875,20.279367446899418,-90.18251037597656,2743.92236328125,-3.5794880390167236,-158.05796813964844,2886.673095703125,194.15232849121097,40.18978118896485,2936.761962890625,229.75238037109375,409.25439453125,2954.063720703125,240.83694458007812,749.9759521484375,3052.158203125,261.27325439453125,902.3475341796876,2971.314453125,33.6264762878418,34.330291748046875,2929.962890625,-2.6222803592681885,401.0606384277344,2970.8759765625,-24.82299041748047,744.66357421875,3070.58642578125,-55.0255241394043,880.4686889648438,2991.948486328125,134.6156768798828,-534.615478515625,2916.368896484375,164.87759399414062,-477.8254699707031,2781.99560546875,188.745849609375,-522.0612182617188,2794.90673828125,221.46051025390625,-572.9453735351562,2895.684814453125,142.0629119873047,-520.0225219726562,2782.00390625,72.53294372558594,-583.6400146484375,2858.656982421875
108.3393783569336,40.69328689575195,2929.800537109375,113.33221435546876,-124.32013702392578,2922.00048828125,116.2680435180664,-255.81979370117188,2934.529541015625,126.62248229980467,-456.6388244628906,2930.612548828125,156.12059020996094,-422.1279602050781,2931.41845703125,278.6397399902344,-371.9289855957031,2928.827880859375,356.2074279785156,-128.80775451660156,2949.114990234375,213.45167541503903,-95.22389221191406,2792.082275390625,176.99546813964844,-176.62913513183594,2793.350830078125,84.66597747802734,-143.83265686035156,2772.863037109375,117.95391082763672,-183.76502990722656,2830.335205078125,93.85687255859376,-424.8162536621094,2933.0419921875,-23.612476348876953,-393.8018493652344,2924.009765625,-133.6615447998047,-187.4739532470703,3039.584228515625,-85.6269302368164,-108.06070709228516,2842.7880859375,-61.96731948852539,-191.80938720703125,2802.14697265625,-12.68911361694336,-109.17230987548828,2781.561279296875,-15.31054973602295,-174.6989288330078,2911.525146484375,192.6467742919922,43.02244567871094,2934.491455078125,229.7993621826172,411.54840087890625,2953.198486328125,240.4357147216797,751.67236328125,3052.32275390625,261.78326416015625,901.5433959960938,2967.45703125,32.3156852722168,38.59298324584961,2925.570556640625,-3.4244208335876465,404.87554931640625,2968.061767578125,-25.745201110839844,746.9755249023438,3071.740966796875,-60.200347900390625,878.8109741210938,2988.505859375,130.13235473632812,-530.9481201171875,2916.74365234375,166.45956420898438,-488.0839538574219,2778.89453125,186.4280548095703,-532.8668823242188,2795.758056640625,213.66949462890625,-577.7520751953125,2900.8076171875,140.26028442382812,-528.1053466796875,2781.907958984375,64.91929626464844,-579.290771484375,2862.1328125
